SlNo,Station,Agency,State LGD Code,State,District LGD Code,District,Tehsil,Block,Village,River,Basin,Tributary,Subtributary,SubSubtributary,Local River,Latitude,Longitude,Data Acquisition Time,Potential of Hydrogen (pH),Electric Conductivity (μS/cm),Total Dissolved Solids (mg/L),Carbonate (mg/L),Bicarbonate (mg/L),Total Alkalinity (mg/L as CaCO3),Chloride (mg/L),Nitrate N (mgN/L),Sulphate (mg/L),Phosphate(mg/L),Silica(mg/L),Fluoride (mg/L),Total Hardness (mgCaCO3/L),Calcium (mg/L),Magnesium (mg/L),Sodium (mg/L),Potassium (mg/L),Iron(mg/L),Arsenic (mg/L),Uranium(mg/L),Manganese (mg/L),Copper (mg/L),Lead (mg/L),Zinc (mg/L),Nickel (mg/L),Cadmium (mg/L),Chromium (mg/L)
1,Annikat,CGWB,35,Andaman And Nicobar Islands,602,South Andaman,FERRARGUNJ,FERRARGUNJ,Annikat,-,-,-,-,-,-,11.70861111,92.65000000,25-05-2004 00:00,7.9,1000,"","",274,"",113,"",162,"","","",325,56,45,97,"","","","","","","","","","",""
2,Annikat,CGWB,35,Andaman And Nicobar Islands,602,South Andaman,FERRARGUNJ,FERRARGUNJ,Annikat,-,-,-,-,-,-,11.70861111,92.65000000,25-05-2005 00:00,8.84,461,"","",128,"",50,"",24,"","","",150,32,17,26,"",0.4,"","","","","","","","",""
3,Annikat,CGWB,35,Andaman And Nicobar Islands,602,South Andaman,FERRARGUNJ,FERRARGUNJ,Annikat,-,-,-,-,-,-,11.70861111,92.65000000,25-05-2007 00:00,8.14,509,"","",183,"",64,"",24,"","","",180,44,17,31,"",2.59,"","","","","","","","",""
4,Annikat,CGWB,35,Andaman And Nicobar Islands,602,South Andaman,FERRARGUNJ,FERRARGUNJ,Annikat,-,-,-,-,-,-,11.70861111,92.65000000,25-05-2009 00:00,8.2,428,"","",183,"",64,"",24,"","","",190,30,28,26,"",0.9,"","","","","","","","",""
5,Annikat,CGWB,35,Andaman And Nicobar Islands,602,South Andaman,FERRARGUNJ,FERRARGUNJ,Annikat,-,-,-,-,-,-,11.70861111,92.65000000,25-05-2010 00:00,7.92,444,"","",177,"",71,"",22,"","","",170,26,25.56,31,"",0.03,"","","","","","","","",""
6,Annikat,CGWB,35,Andaman And Nicobar Islands,602,South Andaman,FERRARGUNJ,FERRARGUNJ,Annikat,-,-,-,-,-,-,11.70861111,92.65000000,25-05-2011 00:00,7.6,431,"","",195,"",50,"",27,"","","",170,32,21.92,34,"",0.02,"","","","","","","","",""
7,Annikat,CGWB,35,Andaman And Nicobar Islands,602,South Andaman,FERRARGUNJ,FERRARGUNJ,Annikat,-,-,-,-,-,-,11.70861111,92.65000000,25-05-2012 00:00,8.3,692,"","",366,"",50,"",43,"","","",330,36,58.4,31,"",0.06,"","","","","","","","",""
8,Annikat,CGWB,35,Andaman And Nicobar Islands,602,South Andaman,FERRARGUNJ,FERRARGUNJ,Annikat,-,-,-,-,-,-,11.70861111,92.65000000,25-05-2013 00:00,8,410,"","",171,"",35,"",36,"","","",150,30,18,35,"",0.56,"","","","","","","","",""
9,Annikat,CGWB,35,Andaman And Nicobar Islands,602,South Andaman,FERRARGUNJ,FERRARGUNJ,Annikat,-,-,-,-,-,-,11.70861111,92.65000000,25-05-2018 00:00,7.73,157,101.111,0,67.1,55,10.635,"",12.5,"",5.8,"",65,16,6.075,7.79,"",1.146,0,"","","","","","","",""
10,Annikat,CGWB,35,Andaman And Nicobar Islands,602,South Andaman,FERRARGUNJ,FERRARGUNJ,Annikat,-,-,-,-,-,-,11.70861111,92.65000000,30-05-2019 08:00,7.52,468.2,"",0,231.8,"",49.63,"","","","","",205,16,40.048542,33.07,"","","","","","","","","","",""
11,Annikat,CGWB,35,Andaman And Nicobar Islands,602,South Andaman,FERRARGUNJ,FERRARGUNJ,Annikat,-,-,-,-,-,-,11.70861111,92.65000000,30-05-2020 08:00,7.52,468.2,"","",231.8,"",49.63,"","","","","","",16,40.048542,33.07,"","","","","","","","","","",""
12,Annikat,CGWB,35,Andaman And Nicobar Islands,602,South Andaman,FERRARGUNJ,FERRARGUNJ,Annikat,-,-,-,-,-,-,11.70861111,92.65000000,30-05-2021 08:00,7.5,825,536.25,0,305,"",78.1,"",25.28,0,"","",315,20,64.395,36.71,"","","","","","","","","","",""
13,Austinabad Port Blair,CGWB,35,Andaman And Nicobar Islands,602,South Andaman,PORT BLAIR,PORT BLAIR,Austinabad Port Blair,-,-,-,-,-,-,11.62472222,92.73027778,25-05-2004 00:00,7.7,900,"","",232,"",156,"",117,"","","",315,82,27,104,"","","","","","","","","","",""
14,Austinabad Port Blair,CGWB,35,Andaman And Nicobar Islands,602,South Andaman,PORT BLAIR,PORT BLAIR,Austinabad Port Blair,-,-,-,-,-,-,11.62472222,92.73027778,25-05-2005 00:00,8.2,361,"","",122,"",32,"",8,"","","",90,18,11,27,"",0.16,"","","","","","","","",""
15,Austinabad Port Blair,CGWB,35,Andaman And Nicobar Islands,602,South Andaman,PORT BLAIR,PORT BLAIR,Austinabad Port Blair,-,-,-,-,-,-,11.62472222,92.73027778,25-05-2007 00:00,7.8,412,"","",201,"",32,"",10,"","","",80,10,10,63,"",1.16,"","","","","","","","",""
16,Austinabad Port Blair,CGWB,35,Andaman And Nicobar Islands,602,South Andaman,PORT BLAIR,PORT BLAIR,Austinabad Port Blair,-,-,-,-,-,-,11.62472222,92.73027778,25-05-2009 00:00,7.34,217,"","",92,"",25,"",1,"","","",75,20,6.1,12,"",0.334,"","","","","","","","",""
17,Austinabad Port Blair,CGWB,35,Andaman And Nicobar Islands,602,South Andaman,PORT BLAIR,PORT BLAIR,Austinabad Port Blair,-,-,-,-,-,-,11.62472222,92.73027778,25-05-2010 00:00,8.5,402,"","",146,"",11,"","","","","",125,32,10.98,13,"",0.02,"","","","","","","","",""
18,Austinabad Port Blair,CGWB,35,Andaman And Nicobar Islands,602,South Andaman,PORT BLAIR,PORT BLAIR,Austinabad Port Blair,-,-,-,-,-,-,11.62472222,92.73027778,25-05-2011 00:00,7.6,311,"","",110,"",32,"",8,"","","",95,20,10.97,21,"","","","","","","","","","",""
19,Austinabad Port Blair,CGWB,35,Andaman And Nicobar Islands,602,South Andaman,PORT BLAIR,PORT BLAIR,Austinabad Port Blair,-,-,-,-,-,-,11.62472222,92.73027778,25-05-2012 00:00,8.2,405,"","",165,"",39,"",1,"","","",115,30,9.76,45,"",0.008,"","","","","","","","",""
20,Austinabad Port Blair,CGWB,35,Andaman And Nicobar Islands,602,South Andaman,PORT BLAIR,PORT BLAIR,Austinabad Port Blair,-,-,-,-,-,-,11.62472222,92.73027778,25-05-2013 00:00,8.2,472,"","",171,"",35,"",32,"","","",170,36,19.49,24,"",0.6,"","","","","","","","",""
21,Austinabad Port Blair,CGWB,35,Andaman And Nicobar Islands,602,South Andaman,PORT BLAIR,PORT BLAIR,Austinabad Port Blair,-,-,-,-,-,-,11.62472222,92.73027778,25-05-2016 00:00,7.94,486,273,0,128,"",71,"",23,"",11,"",120,32,10,43,"",0.42,"","","","","","","","",""
22,Bakultala,CGWB,35,Andaman And Nicobar Islands,632,North Middle Andaman,MAYABUNDER,MAYABUNDER,Bakultala,-,-,-,-,-,-,12.50388889,92.85916667,25-05-2004 00:00,8.18,393,"","",122,"",32,"",6,"","","",100,20,12,24,"",0.14,"","","","","","","","",""
23,Bakultala,CGWB,35,Andaman And Nicobar Islands,632,North Middle Andaman,MAYABUNDER,MAYABUNDER,Bakultala,-,-,-,-,-,-,12.50388889,92.85916667,25-05-2005 00:00,8.5,520,"",12,214,"",32,"",9,"","","",185,42,19,29,"",0.16,"","","","","","","","",""
24,Bakultala,CGWB,35,Andaman And Nicobar Islands,632,North Middle Andaman,MAYABUNDER,MAYABUNDER,Bakultala,-,-,-,-,-,-,12.50388889,92.85916667,25-05-2007 00:00,7.28,642,"","",305,"",64,"",10,"","","",260,64,24,47,"",1.05,"","","","","","","","",""
25,Bakultala,CGWB,35,Andaman And Nicobar Islands,632,North Middle Andaman,MAYABUNDER,MAYABUNDER,Bakultala,-,-,-,-,-,-,12.50388889,92.85916667,25-05-2016 00:00,7.76,651,408,0,220,"",114,"",0,"",30,"",190,40,22,65,"",0.36,"","","","","","","","",""
26,Bakultala,CGWB,35,Andaman And Nicobar Islands,632,North Middle Andaman,MAYABUNDER,MAYABUNDER,Bakultala,-,-,-,-,-,-,12.50388889,92.85916667,25-05-2018 00:00,8.11,394,239.246,0,189.1,155,17.725,"",30.46,"",7.67,"",160,12,31.59,18.4,"",0.134,0,"","","","","","","",""
27,Bakultala,CGWB,35,Andaman And Nicobar Islands,632,North Middle Andaman,MAYABUNDER,MAYABUNDER,Bakultala,-,-,-,-,-,-,12.50388889,92.85916667,30-05-2019 08:00,7.42,437.4,"",0,225.7,"",28.36,"","","","","",240,52,26.69903,20.1,"","","","","","","","","","",""
28,Bakultala,CGWB,35,Andaman And Nicobar Islands,632,North Middle Andaman,MAYABUNDER,MAYABUNDER,Bakultala,-,-,-,-,-,-,12.50388889,92.85916667,30-05-2020 08:00,7.42,437.4,"","",225.7,"",28.36,"","","","","","",52,26.69903,20.1,"","","","","","","","","","",""
29,Bakultala,CGWB,35,Andaman And Nicobar Islands,632,North Middle Andaman,MAYABUNDER,MAYABUNDER,Bakultala,-,-,-,-,-,-,12.50388889,92.85916667,30-05-2021 08:00,7.66,582,378.3,0,286.7,"",14.2,"",35.75,0.22,"","",250,48,31.59,19.4,"","","","","","","","","","",""
30,Bambooflat,CGWB,35,Andaman And Nicobar Islands,602,South Andaman,FERRARGUNJ,FERRARGUNJ,Bambooflat,-,-,-,-,-,-,11.70555556,92.71583333,25-05-2004 00:00,7.8,400,"","",220,"",25,"",28,"","","",225,60,18,4.8,"",0.34,"","","","","","","","",""
31,Bambooflat,CGWB,35,Andaman And Nicobar Islands,602,South Andaman,FERRARGUNJ,FERRARGUNJ,Bambooflat,-,-,-,-,-,-,11.70555556,92.71583333,25-05-2005 00:00,8.78,875,"",12,134,"",160,"",7,"","","",180,30,26,89,"",0.28,"","","","","","","","",""
32,Bambooflat,CGWB,35,Andaman And Nicobar Islands,602,South Andaman,FERRARGUNJ,FERRARGUNJ,Bambooflat,-,-,-,-,-,-,11.70555556,92.71583333,25-05-2007 00:00,7.8,439,"","",232,"",35,"",1,"","","",100,20,12,72,"",0.33,"","","","","","","","",""
33,Bambooflat,CGWB,35,Andaman And Nicobar Islands,602,South Andaman,FERRARGUNJ,FERRARGUNJ,Bambooflat,-,-,-,-,-,-,11.70555556,92.71583333,25-05-2009 00:00,8.2,452,"","",201,"",32,"",1,"","","",80,16,9.74,54,"",0.219,"","","","","","","","",""
34,Bambooflat,CGWB,35,Andaman And Nicobar Islands,602,South Andaman,FERRARGUNJ,FERRARGUNJ,Bambooflat,-,-,-,-,-,-,11.70555556,92.71583333,25-05-2010 00:00,8.2,661,"","",372,"",28,"",1,"","","",250,58,25.6,79,"",0.75,"","","","","","","","",""
35,Bambooflat,CGWB,35,Andaman And Nicobar Islands,602,South Andaman,FERRARGUNJ,FERRARGUNJ,Bambooflat,-,-,-,-,-,-,11.70555556,92.71583333,25-05-2011 00:00,7.8,514,"","",342,"",28,"",2,"","","",150,46,8.57,81,"","","","","","","","","","",""
36,Bambooflat,CGWB,35,Andaman And Nicobar Islands,602,South Andaman,FERRARGUNJ,FERRARGUNJ,Bambooflat,-,-,-,-,-,-,11.70555556,92.71583333,25-05-2012 00:00,8.3,277,"","",159,"",11,"",1,"","","",130,30,13.41,10,"","","","","","","","","","",""
37,Bambooflat,CGWB,35,Andaman And Nicobar Islands,602,South Andaman,FERRARGUNJ,FERRARGUNJ,Bambooflat,-,-,-,-,-,-,11.70555556,92.71583333,25-05-2016 00:00,7.59,413,250,0,196,"",36,"",1,"",13,"",170,40,17,21,"",0.45,"","","","","","","","",""
38,Bambooflat,CGWB,35,Andaman And Nicobar Islands,602,South Andaman,FERRARGUNJ,FERRARGUNJ,Bambooflat,-,-,-,-,-,-,11.70555556,92.71583333,25-05-2018 00:00,8.29,563,342.062,0,286.7,235,28.36,"",6.23,"",14.81,"",155,16,27.945,67.89,"",0.554,0,"","","","","","","",""
39,Baratang (Nilambur),CGWB,35,Andaman And Nicobar Islands,632,North Middle Andaman,RONGET,RONGET,Baratang,-,-,-,-,-,-,12.16694444,92.76555556,25-05-2004 00:00,8.2,494,"","",134,"",53,"",28,"","","",110,10,21,46,"",1.25,"","","","","","","","",""
40,Baratang (Nilambur),CGWB,35,Andaman And Nicobar Islands,632,North Middle Andaman,RONGET,RONGET,Baratang,-,-,-,-,-,-,12.16694444,92.76555556,25-05-2007 00:00,8.25,581,"","",311,"",50,"",25,"","","",210,28,34,58,"",0.78,"","","","","","","","",""
41,Baratang (Nilambur),CGWB,35,Andaman And Nicobar Islands,632,North Middle Andaman,RONGET,RONGET,Baratang,-,-,-,-,-,-,12.16694444,92.76555556,25-05-2016 00:00,7.73,635,353,0,207,"",75,"",24,"",14,"",160,22,26,63,"",1.16,"","","","","","","","",""
42,Baratang (Nilambur),CGWB,35,Andaman And Nicobar Islands,632,North Middle Andaman,RONGET,RONGET,Baratang,-,-,-,-,-,-,12.16694444,92.76555556,25-05-2018 00:00,8.2,638,390.693,0,353.8,290,17.725,"",15.85,"",20.29,"",205,10,43.74,64.89,"",0.11,0,"","","","","","","",""
43,Baratang (Nilambur),CGWB,35,Andaman And Nicobar Islands,632,North Middle Andaman,RONGET,RONGET,Baratang,-,-,-,-,-,-,12.16694444,92.76555556,30-05-2019 08:00,7.16,527.7,"",0,292.8,"",24.815,"","","","","",225,28,37.62136,43.9,"","","","","","","","","","",""
44,Baratang (Nilambur),CGWB,35,Andaman And Nicobar Islands,632,North Middle Andaman,RONGET,RONGET,Baratang,-,-,-,-,-,-,12.16694444,92.76555556,30-05-2020 08:00,7.16,527.7,"","",292.8,"",24.815,"","","","","","",28,37.62136,43.9,"","","","","","","","","","",""
45,Baratang (Nilambur),CGWB,35,Andaman And Nicobar Islands,632,North Middle Andaman,RONGET,RONGET,Baratang,-,-,-,-,-,-,12.16694444,92.76555556,30-05-2021 08:00,7.36,1443,937.95,0,372.1,"",191.7,"",98.32,1.09,"","",470,104,51.03,98.36,"","","","","","","","","","",""
46,Basantipur,CGWB,35,Andaman And Nicobar Islands,632,North Middle Andaman,MAYABUNDER,MAYABUNDER,Basantipur,-,-,-,-,-,-,12.72916667,92.88472222,25-05-2004 00:00,8.14,769,"","",354,"",35,"",80,"","","",320,46,50,44,"",0.13,"","","","","","","","",""
47,Basantipur,CGWB,35,Andaman And Nicobar Islands,632,North Middle Andaman,MAYABUNDER,MAYABUNDER,Basantipur,-,-,-,-,-,-,12.72916667,92.88472222,25-05-2007 00:00,8.27,497,"","",134,"",71,"",73,"","","",190,38,17,40,"",0.11,"","","","","","","","",""
48,Basantipur,CGWB,35,Andaman And Nicobar Islands,632,North Middle Andaman,MAYABUNDER,MAYABUNDER,Basantipur,-,-,-,-,-,-,12.72916667,92.88472222,25-05-2016 00:00,7.59,503,323,0,262,"",18,"",30,"",21,"",165,24,26,40,"",0.25,"","","","","","","","",""
49,Basantipur,CGWB,35,Andaman And Nicobar Islands,632,North Middle Andaman,MAYABUNDER,MAYABUNDER,Basantipur,-,-,-,-,-,-,12.72916667,92.88472222,25-05-2018 00:00,8.17,507,282.307,0,256.2,210,14.18,"",19.86,"",7.05,"",220,18,42.525,22.39,"",0.134,0,"","","","","","","",""
50,Basantipur,CGWB,35,Andaman And Nicobar Islands,632,North Middle Andaman,MAYABUNDER,MAYABUNDER,Basantipur,-,-,-,-,-,-,12.72916667,92.88472222,30-05-2019 08:00,7.56,396,"",0,176.9,"",24.815,"","","","","",180,26,27.91262,31.1,"","","","","","","","","","",""
51,Basantipur,CGWB,35,Andaman And Nicobar Islands,632,North Middle Andaman,MAYABUNDER,MAYABUNDER,Basantipur,-,-,-,-,-,-,12.72916667,92.88472222,30-05-2020 08:00,7.56,396,"","",176.9,"",24.815,"","","","","","",26,27.91262,31.1,"","","","","","","","","","",""
52,Basantipur,CGWB,35,Andaman And Nicobar Islands,632,North Middle Andaman,MAYABUNDER,MAYABUNDER,Basantipur,-,-,-,-,-,-,12.72916667,92.88472222,30-05-2021 08:00,7.8,263,"",0,116,"",21,"",0,0,"","",90,28,4.8,22,"","","","","","","","","","",""
53,Beadnabad Tubewell,CGWB,35,Andaman And Nicobar Islands,602,South Andaman,PORT BLAIR,PORT BLAIR,Beadnabad Tubewell,-,-,-,-,-,-,11.53694444,92.72277778,25-05-2004 00:00,7.8,300,"","",201,"",28,"",7,"","","",165,40,16,12,"",0.7,"","","","","","","","",""
54,Beadnabad Tubewell,CGWB,35,Andaman And Nicobar Islands,602,South Andaman,PORT BLAIR,PORT BLAIR,Beadnabad Tubewell,-,-,-,-,-,-,11.53694444,92.72277778,25-05-2005 00:00,8.19,446,"","",268,"",28,"",3,"","","",185,42,24,20,"",0.43,"","","","","","","","",""
55,Beadnabad Tubewell,CGWB,35,Andaman And Nicobar Islands,602,South Andaman,PORT BLAIR,PORT BLAIR,Beadnabad Tubewell,-,-,-,-,-,-,11.53694444,92.72277778,25-05-2007 00:00,7.84,375,"","",226,"",32,"",1,"","","",170,42,16,20,"",0.88,"","","","","","","","",""
56,Beadnabad Tubewell,CGWB,35,Andaman And Nicobar Islands,602,South Andaman,PORT BLAIR,PORT BLAIR,Beadnabad Tubewell,-,-,-,-,-,-,11.53694444,92.72277778,25-05-2009 00:00,8.2,365,"","",195,"",53,"",11,"","","",190,28,29,23,"",0.95,"","","","","","","","",""
57,Beadnabad Tubewell,CGWB,35,Andaman And Nicobar Islands,602,South Andaman,PORT BLAIR,PORT BLAIR,Beadnabad Tubewell,-,-,-,-,-,-,11.53694444,92.72277778,25-05-2011 00:00,7.8,449,"","",268,"",32,"",12,"","","",200,44,21.94,26,"",0.04,"","","","","","","","",""
58,Beadnabad Tubewell,CGWB,35,Andaman And Nicobar Islands,602,South Andaman,PORT BLAIR,PORT BLAIR,Beadnabad Tubewell,-,-,-,-,-,-,11.53694444,92.72277778,25-05-2012 00:00,8.2,638,"","",256,"",18,"",12,"","","",275,40,42.6,32,"",0.1,"","","","","","","","",""
59,Betapur,CGWB,35,Andaman And Nicobar Islands,632,North Middle Andaman,MAYABUNDER,MAYABUNDER,Betapur,-,-,-,-,-,-,12.62222222,92.87277778,30-05-2019 08:00,7.46,391.7,"",0,274.5,"",53.175,"","","","","",290,58,35.194176,11.5,"","","","","","","","","","",""
60,Betapur,CGWB,35,Andaman And Nicobar Islands,632,North Middle Andaman,MAYABUNDER,MAYABUNDER,Betapur,-,-,-,-,-,-,12.62222222,92.87277778,30-05-2020 08:00,7.46,391.7,"","",274.5,"",53.175,"","","","","","",58,35.194176,11.5,"","","","","","","","","","",""
61,Betapur,CGWB,35,Andaman And Nicobar Islands,632,North Middle Andaman,MAYABUNDER,MAYABUNDER,Betapur,-,-,-,-,-,-,12.62222222,92.87277778,30-05-2021 08:00,8,480,312,0,219.6,"",35.5,"",4.3,0.36,"","",205,20,37.665,17.44,"","","","","","","","","","",""
62,Bharatpur I,CGWB,35,Andaman And Nicobar Islands,602,South Andaman,PORT BLAIR,PORT BLAIR,Bharatpur I,-,-,-,-,-,-,11.83035000,93.03838889,25-05-2011 00:00,7.7,885,"","",445,"",67,"",27,"","","",385,146,5.04,59,"","","","","","","","","","",""
63,Bharatpur I,CGWB,35,Andaman And Nicobar Islands,602,South Andaman,PORT BLAIR,PORT BLAIR,Bharatpur I,-,-,-,-,-,-,11.83035000,93.03838889,25-05-2012 00:00,8.4,379,"","",232,"",21,"",12,"","","",190,18,35.28,16,"",0.03,"","","","","","","","",""
64,Bharatpur I,CGWB,35,Andaman And Nicobar Islands,602,South Andaman,PORT BLAIR,PORT BLAIR,Bharatpur I,-,-,-,-,-,-,11.83035000,93.03838889,25-05-2013 00:00,7.4,670,"","",281,"",36,"",35,"","","",250,88,7.4,28,"",0.05,"","","","","","","","",""
65,Bharatpur I,CGWB,35,Andaman And Nicobar Islands,602,South Andaman,PORT BLAIR,PORT BLAIR,Bharatpur I,-,-,-,-,-,-,11.83035000,93.03838889,25-05-2016 00:00,8.1,656,410,0,268,"",64,"",21,"",21,"",235,74,12,49,"",0.13,"","","","","","","","",""
66,Bharatpur I,CGWB,35,Andaman And Nicobar Islands,602,South Andaman,PORT BLAIR,PORT BLAIR,Bharatpur I,-,-,-,-,-,-,11.83035000,93.03838889,25-05-2018 00:00,7.87,556,336.441,0,219.6,180,56.72,"",23.98,"",16.24,"",175,36,20.655,44.17,"",0.237,0,"","","","","","","",""
67,Bharatpur II,CGWB,35,Andaman And Nicobar Islands,602,South Andaman,PORT BLAIR,PORT BLAIR,Bharatpur Ii,-,-,-,-,-,-,11.83618889,93.04466944,25-05-2011 00:00,7.7,829,"","",366,"",57,"",63,"","","",315,96,18.35,71,"",0.02,"","","","","","","","",""
68,Bharatpur II,CGWB,35,Andaman And Nicobar Islands,602,South Andaman,PORT BLAIR,PORT BLAIR,Bharatpur Ii,-,-,-,-,-,-,11.83618889,93.04466944,25-05-2012 00:00,8.2,643,"","",159,"",21,"",54,"","","",125,38,7.34,17,"","","","","","","","","","",""
69,Bharatpur II,CGWB,35,Andaman And Nicobar Islands,602,South Andaman,PORT BLAIR,PORT BLAIR,Bharatpur Ii,-,-,-,-,-,-,11.83618889,93.04466944,25-05-2013 00:00,7.4,665,"","",281,"",46,"",20,"","","",220,80,4.96,45,"",0.03,"","","","","","","","",""
70,Bharatpur II,CGWB,35,Andaman And Nicobar Islands,602,South Andaman,PORT BLAIR,PORT BLAIR,Bharatpur Ii,-,-,-,-,-,-,11.83618889,93.04466944,25-05-2018 00:00,7.87,556,336.441,0,219.6,180,56.72,"",23.98,"",16.24,"",175,36,20.655,44.17,"",0.237,0,"","","","","","","",""
71,Bindraban,CGWB,35,Andaman And Nicobar Islands,602,South Andaman,FERRARGUNJ,FERRARGUNJ,Bindraban,-,-,-,-,-,-,11.72222222,92.66083333,25-05-2018 00:00,8.32,530,323.069,12,176.9,165,28.36,"",51.04,"",12.42,"",215,10,46.17,20.25,"",0.199,0,"","","","","","","",""
72,Bindraban,CGWB,35,Andaman And Nicobar Islands,602,South Andaman,FERRARGUNJ,FERRARGUNJ,Bindraban,-,-,-,-,-,-,11.72222222,92.66083333,30-05-2019 08:00,7.44,387.2,"",0,176.9,"",70.9,"","","","","",190,30,27.91262,28.3,"","","","","","","","","","",""
73,Bindraban,CGWB,35,Andaman And Nicobar Islands,602,South Andaman,FERRARGUNJ,FERRARGUNJ,Bindraban,-,-,-,-,-,-,11.72222222,92.66083333,30-05-2020 08:00,7.44,387.2,"","",176.9,"",70.9,"","","","","","",30,27.91262,28.3,"","","","","","","","","","",""
74,Bindraban,CGWB,35,Andaman And Nicobar Islands,602,South Andaman,FERRARGUNJ,FERRARGUNJ,Bindraban,-,-,-,-,-,-,11.72222222,92.66083333,30-05-2021 08:00,8.13,552,358.8,0,292.8,"",21.3,"",4.34,0,"","",190,8,41.31,36.61,"","","","","","","","","","",""
75,Brichganj,CGWB,35,Andaman And Nicobar Islands,602,South Andaman,PORT BLAIR,PORT BLAIR,Brichganj,-,-,-,-,-,-,11.61111111,92.74250000,25-05-2009 00:00,7.52,253,"","",122,"",18,"",1,"","","",100,24,9.75,7,"",0.01,"","","","","","","","",""
76,Brichganj,CGWB,35,Andaman And Nicobar Islands,602,South Andaman,PORT BLAIR,PORT BLAIR,Brichganj,-,-,-,-,-,-,11.61111111,92.74250000,25-05-2010 00:00,8.1,621,"","",238,"",25,"",34,"","","",245,80,11.04,22,"",0.69,"","","","","","","","",""
77,Brichganj,CGWB,35,Andaman And Nicobar Islands,602,South Andaman,PORT BLAIR,PORT BLAIR,Brichganj,-,-,-,-,-,-,11.61111111,92.74250000,25-05-2011 00:00,7.8,289,"","",189,"",14,"",5,"","","",140,36,12.2,12,"",0.02,"","","","","","","","",""
78,Brichganj,CGWB,35,Andaman And Nicobar Islands,602,South Andaman,PORT BLAIR,PORT BLAIR,Brichganj,-,-,-,-,-,-,11.61111111,92.74250000,25-05-2012 00:00,8.1,790,"","",317,"",92,"",47,"","","",315,54,43.83,57,"",0.31,"","","","","","","","",""
79,Brichganj,CGWB,35,Andaman And Nicobar Islands,602,South Andaman,PORT BLAIR,PORT BLAIR,Brichganj,-,-,-,-,-,-,11.61111111,92.74250000,25-05-2018 00:00,8.21,353,211.217,0,164.7,135,28.36,"",7.36,"",19.69,"",165,14,31.59,8.69,"",0.098,0,"","","","","","","",""
80,Brichganj,CGWB,35,Andaman And Nicobar Islands,602,South Andaman,PORT BLAIR,PORT BLAIR,Brichganj,-,-,-,-,-,-,11.61111111,92.74250000,30-05-2019 08:00,7.29,295.9,"",0,152.5,"",31.905,"","","","","",175,32,23.058252,7.1,"","","","","","","","","","",""
81,Brichganj,CGWB,35,Andaman And Nicobar Islands,602,South Andaman,PORT BLAIR,PORT BLAIR,Brichganj,-,-,-,-,-,-,11.61111111,92.74250000,30-05-2020 08:00,7.29,295.9,"","",152.5,"",31.905,"","","","","","",32,23.058252,7.1,"","","","","","","","","","",""
82,Brichganj,CGWB,35,Andaman And Nicobar Islands,602,South Andaman,PORT BLAIR,PORT BLAIR,Brichganj,-,-,-,-,-,-,11.61111111,92.74250000,30-05-2021 08:00,8.01,947,615.55,0,268.4,"",134.9,"",42.01,0,"","",270,26,49.815,85.12,"","","","","","","","","","",""
83,Brookshabad,CGWB,35,Andaman And Nicobar Islands,602,South Andaman,PORT BLAIR,PORT BLAIR,Brookshabad,-,-,-,-,-,-,11.63555556,92.73527778,25-05-2004 00:00,7.8,400,"","",268,"",35,"",15,"","","",240,36,36,25,"","","","","","","","","","",""
84,Brookshabad,CGWB,35,Andaman And Nicobar Islands,602,South Andaman,PORT BLAIR,PORT BLAIR,Brookshabad,-,-,-,-,-,-,11.63555556,92.73527778,25-05-2005 00:00,8.18,690,"","",323,"",39,"",1,"","","",240,50,28,39,"",0.08,"","","","","","","","",""
85,Brookshabad,CGWB,35,Andaman And Nicobar Islands,602,South Andaman,PORT BLAIR,PORT BLAIR,Brookshabad,-,-,-,-,-,-,11.63555556,92.73527778,25-05-2007 00:00,7.7,595,"","",195,"",82,"",3,"","","",160,24,24,60,"",1,"","","","","","","","",""
86,Brookshabad,CGWB,35,Andaman And Nicobar Islands,602,South Andaman,PORT BLAIR,PORT BLAIR,Brookshabad,-,-,-,-,-,-,11.63555556,92.73527778,25-05-2009 00:00,8.09,441,"","",226,"",21,"",1,"","","",175,26,27,18,"",0.044,"","","","","","","","",""
87,Brookshabad,CGWB,35,Andaman And Nicobar Islands,602,South Andaman,PORT BLAIR,PORT BLAIR,Brookshabad,-,-,-,-,-,-,11.63555556,92.73527778,25-05-2010 00:00,8.2,478,"","",244,"",25,"",1,"","","",185,46,17.08,21,"","","","","","","","","","",""
88,Brookshabad,CGWB,35,Andaman And Nicobar Islands,602,South Andaman,PORT BLAIR,PORT BLAIR,Brookshabad,-,-,-,-,-,-,11.63555556,92.73527778,25-05-2011 00:00,8,433,"","",92,"",18,"",4,"","","",230,60,19.52,28,"","","","","","","","","","",""
89,Brookshabad,CGWB,35,Andaman And Nicobar Islands,602,South Andaman,PORT BLAIR,PORT BLAIR,Brookshabad,-,-,-,-,-,-,11.63555556,92.73527778,25-05-2012 00:00,8.2,384,"","",207,"",32,"",8,"","","",190,34,25.57,16,"",0.53,"","","","","","","","",""
90,Brookshabad,CGWB,35,Andaman And Nicobar Islands,602,South Andaman,PORT BLAIR,PORT BLAIR,Brookshabad,-,-,-,-,-,-,11.63555556,92.73527778,25-05-2013 00:00,8.2,850,"","",298,"",64,"",82,"","","",280,84,17.12,72,"",0.56,"","","","","","","","",""
91,Brookshabad,CGWB,35,Andaman And Nicobar Islands,602,South Andaman,PORT BLAIR,PORT BLAIR,Brookshabad,-,-,-,-,-,-,11.63555556,92.73527778,25-05-2016 00:00,7.62,414,270,0,244,"",7,"",12,"",27,"",190,40,22,11,"",0.37,"","","","","","","","",""
92,Brookshabad,CGWB,35,Andaman And Nicobar Islands,602,South Andaman,PORT BLAIR,PORT BLAIR,Brookshabad,-,-,-,-,-,-,11.63555556,92.73527778,25-05-2018 00:00,8.22,555,343.448,0,292.8,240,28.36,"",14.3,"",32.64,"",255,14,53.46,20.63,"",0.207,0,"","","","","","","",""
93,Burmanala,CGWB,35,Andaman And Nicobar Islands,602,South Andaman,PORT BLAIR,PORT BLAIR,Burmanala,-,-,-,-,-,-,11.52694444,92.72277778,25-05-2004 00:00,7.9,700,"","",323,"",50,"",29,"","","",340,30,64,13,"","","","","","","","","","",""
94,Burmanala,CGWB,35,Andaman And Nicobar Islands,602,South Andaman,PORT BLAIR,PORT BLAIR,Burmanala,-,-,-,-,-,-,11.52694444,92.72277778,25-05-2005 00:00,8.19,446,"","",220,"",28,"",6,"","","",185,42,19,19,"",0.14,"","","","","","","","",""
95,Burmanala,CGWB,35,Andaman And Nicobar Islands,602,South Andaman,PORT BLAIR,PORT BLAIR,Burmanala,-,-,-,-,-,-,11.52694444,92.72277778,25-05-2007 00:00,8.14,382,"","",189,"",43,"",13,"","","",185,46,17,19,"",1.53,"","","","","","","","",""
96,Burmanala,CGWB,35,Andaman And Nicobar Islands,602,South Andaman,PORT BLAIR,PORT BLAIR,Burmanala,-,-,-,-,-,-,11.52694444,92.72277778,25-05-2009 00:00,7.92,319,"","",171,"",28,"",1,"","","",140,38,10.99,12,"",0.61,"","","","","","","","",""
97,Burmanala,CGWB,35,Andaman And Nicobar Islands,602,South Andaman,PORT BLAIR,PORT BLAIR,Burmanala,-,-,-,-,-,-,11.52694444,92.72277778,25-05-2010 00:00,8.26,823,"",12,323,"",60,"",29,"","","",285,58,34.11,63,"",0.63,"","","","","","","","",""
98,Burmanala,CGWB,35,Andaman And Nicobar Islands,602,South Andaman,PORT BLAIR,PORT BLAIR,Burmanala,-,-,-,-,-,-,11.52694444,92.72277778,25-05-2011 00:00,7.6,325,"","",195,"",21,"",5,"","","",150,38,13.42,21,"",0.06,"","","","","","","","",""
99,Burmanala,CGWB,35,Andaman And Nicobar Islands,602,South Andaman,PORT BLAIR,PORT BLAIR,Burmanala,-,-,-,-,-,-,11.52694444,92.72277778,25-05-2012 00:00,8.1,469,"","",226,"",38,"",24,"","","",215,32,32.86,22,"","","","","","","","","","",""
100,Burmanala,CGWB,35,Andaman And Nicobar Islands,602,South Andaman,PORT BLAIR,PORT BLAIR,Burmanala,-,-,-,-,-,-,11.52694444,92.72277778,25-05-2013 00:00,8.2,350,"","",85,"",50,"",44,"","","",135,28,15.84,20,"",2.22,"","","","","","","","",""
101,Burmanala,CGWB,35,Andaman And Nicobar Islands,602,South Andaman,PORT BLAIR,PORT BLAIR,Burmanala,-,-,-,-,-,-,11.52694444,92.72277778,25-05-2016 00:00,7.58,478,273,0,207,"",28,"",24,"",11,"",195,42,22,18,"",0.94,"","","","","","","","",""
102,Burmanala,CGWB,35,Andaman And Nicobar Islands,602,South Andaman,PORT BLAIR,PORT BLAIR,Burmanala,-,-,-,-,-,-,11.52694444,92.72277778,25-05-2018 00:00,8.3,367,210.834,0,176.9,145,14.18,"",12.24,"",19.96,"",135,12,25.515,17.23,"",0.207,0,"","","","","","","",""
103,Burmanala,CGWB,35,Andaman And Nicobar Islands,602,South Andaman,PORT BLAIR,PORT BLAIR,Burmanala,-,-,-,-,-,-,11.52694444,92.72277778,30-05-2019 08:00,7.85,370.2,"",0,183,"",99.26,"","","","","",180,40,19.417477,156.3,"","","","","","","","","","",""
104,Burmanala,CGWB,35,Andaman And Nicobar Islands,602,South Andaman,PORT BLAIR,PORT BLAIR,Burmanala,-,-,-,-,-,-,11.52694444,92.72277778,30-05-2020 08:00,7.85,370.2,"","",183,"",99.26,"","","","","","",40,19.417477,156.3,"","","","","","","","","","",""
105,Burmanala,CGWB,35,Andaman And Nicobar Islands,602,South Andaman,PORT BLAIR,PORT BLAIR,Burmanala,-,-,-,-,-,-,11.52694444,92.72277778,30-05-2021 08:00,7.99,261,169.65,0,91.5,"",10.65,"",25.31,0,"","",110,32,7.29,8.34,"","","","","","","","","","",""
106,Calicut,CGWB,35,Andaman And Nicobar Islands,602,South Andaman,PORT BLAIR,PORT BLAIR,Calicut,-,-,-,-,-,-,11.54083333,92.72500000,25-05-2004 00:00,7.8,600,"","",256,"",78,"",12,"","","",220,48,24,52,"","","","","","","","","","",""
107,Calicut,CGWB,35,Andaman And Nicobar Islands,602,South Andaman,PORT BLAIR,PORT BLAIR,Calicut,-,-,-,-,-,-,11.54083333,92.72500000,25-05-2005 00:00,8.2,677,"","",336,"",46,"",10,"","","",280,52,36,28,"",0.07,"","","","","","","","",""
108,Calicut,CGWB,35,Andaman And Nicobar Islands,602,South Andaman,PORT BLAIR,PORT BLAIR,Calicut,-,-,-,-,-,-,11.54083333,92.72500000,25-05-2007 00:00,7.86,580,"","",311,"",50,"",18,"","","",250,50,30,30,"","","","","","","","","","",""
109,Calicut,CGWB,35,Andaman And Nicobar Islands,602,South Andaman,PORT BLAIR,PORT BLAIR,Calicut,-,-,-,-,-,-,11.54083333,92.72500000,25-05-2009 00:00,8.21,440,"","",220,"",21,"",1,"","","",210,28,34,10,"",0.037,"","","","","","","","",""
110,Calicut,CGWB,35,Andaman And Nicobar Islands,602,South Andaman,PORT BLAIR,PORT BLAIR,Calicut,-,-,-,-,-,-,11.54083333,92.72500000,25-05-2010 00:00,8.2,631,"","",244,"",53,"",16,"","","",190,72,2.52,30,"","","","","","","","","","",""
111,Calicut,CGWB,35,Andaman And Nicobar Islands,602,South Andaman,PORT BLAIR,PORT BLAIR,Calicut,-,-,-,-,-,-,11.54083333,92.72500000,25-05-2011 00:00,7.8,396,"","",238,"",25,"",7,"","","",150,52,4.93,21,"",0.04,"","","","","","","","",""
112,Calicut,CGWB,35,Andaman And Nicobar Islands,602,South Andaman,PORT BLAIR,PORT BLAIR,Calicut,-,-,-,-,-,-,11.54083333,92.72500000,25-05-2012 00:00,8.2,672,"","",397,"",64,"",18,"","","",380,30,74.19,20,"",0.02,"","","","","","","","",""
113,Calicut,CGWB,35,Andaman And Nicobar Islands,602,South Andaman,PORT BLAIR,PORT BLAIR,Calicut,-,-,-,-,-,-,11.54083333,92.72500000,25-05-2013 00:00,8.2,600,"","",305,"",28,"",10,"","","",250,72,17.11,22,"",1.59,"","","","","","","","",""
114,Calicut,CGWB,35,Andaman And Nicobar Islands,602,South Andaman,PORT BLAIR,PORT BLAIR,Calicut,-,-,-,-,-,-,11.54083333,92.72500000,25-05-2018 00:00,8.11,414,270.781,0,219.6,180,24.815,"",8.84,"",32.9,"",175,14,34.02,20.91,"",0.514,0,"","","","","","","",""
115,Calicut,CGWB,35,Andaman And Nicobar Islands,602,South Andaman,PORT BLAIR,PORT BLAIR,Calicut,-,-,-,-,-,-,11.54083333,92.72500000,30-05-2019 08:00,7.57,574.3,"",0,347.7,"",21.27,"","","","","",315,48,47.330097,20.8,"","","","","","","","","","",""
116,Calicut,CGWB,35,Andaman And Nicobar Islands,602,South Andaman,PORT BLAIR,PORT BLAIR,Calicut,-,-,-,-,-,-,11.54083333,92.72500000,30-05-2020 08:00,7.57,574.3,"","",347.7,"",21.27,"","","","","","",48,47.330097,20.8,"","","","","","","","","","",""
117,Calicut,CGWB,35,Andaman And Nicobar Islands,602,South Andaman,PORT BLAIR,PORT BLAIR,Calicut,-,-,-,-,-,-,11.54083333,92.72500000,30-05-2021 08:00,8.04,411,267.15,0,164.7,"",28.4,"",25.31,0,"","",160,54,6.075,17.23,"","","","","","","","","","",""
118,Chauldari,CGWB,35,Andaman And Nicobar Islands,602,South Andaman,PORT BLAIR,PORT BLAIR,Chauldari,-,-,-,-,-,-,11.63111111,92.66722222,25-05-2013 00:00,7.9,629,"","",342,"",25,"",13,"","","",300,20,60.81,19,"",0.33,"","","","","","","","",""
119,Chauldari,CGWB,35,Andaman And Nicobar Islands,602,South Andaman,PORT BLAIR,PORT BLAIR,Chauldari,-,-,-,-,-,-,11.63111111,92.66722222,25-05-2016 00:00,7.64,647,361,0,372,"",14,"",8,"",13,"",290,18,60,16,"",0.41,"","","","","","","","",""
120,Chauldari,CGWB,35,Andaman And Nicobar Islands,602,South Andaman,PORT BLAIR,PORT BLAIR,Chauldari,-,-,-,-,-,-,11.63111111,92.66722222,25-05-2018 00:00,8.33,426,255.608,12,170.8,160,17.725,"",35.98,"",15.86,"",195,24,32.805,8.11,"",0.498,0,"","","","","","","",""
121,Chidiyatapur,CGWB,35,Andaman And Nicobar Islands,602,South Andaman,PORT BLAIR,PORT BLAIR,Chidiyatapur,-,-,-,-,-,-,11.50944444,92.70222222,25-05-2004 00:00,7.9,200,"","",43,"",32,"",16,"","","",90,18,11,2,"","","","","","","","","","",""
122,Chidiyatapur,CGWB,35,Andaman And Nicobar Islands,602,South Andaman,PORT BLAIR,PORT BLAIR,Chidiyatapur,-,-,-,-,-,-,11.50944444,92.70222222,25-05-2005 00:00,8.38,1200,"",15,287,"",213,"",32,"","","",465,28,96,64,"",0.07,"","","","","","","","",""
123,Chidiyatapur,CGWB,35,Andaman And Nicobar Islands,602,South Andaman,PORT BLAIR,PORT BLAIR,Chidiyatapur,-,-,-,-,-,-,11.50944444,92.70222222,25-05-2007 00:00,8.06,1020,"","",500,"",177,"",30,"","","",525,66,88,44,"",0.11,"","","","","","","","",""
124,Chidiyatapur,CGWB,35,Andaman And Nicobar Islands,602,South Andaman,PORT BLAIR,PORT BLAIR,Chidiyatapur,-,-,-,-,-,-,11.50944444,92.70222222,25-05-2009 00:00,8.2,597,"","",293,"",43,"",1,"","","",290,22,57,17,"",0.025,"","","","","","","","",""
125,Chidiyatapur,CGWB,35,Andaman And Nicobar Islands,602,South Andaman,PORT BLAIR,PORT BLAIR,Chidiyatapur,-,-,-,-,-,-,11.50944444,92.70222222,25-05-2010 00:00,8.27,859,"",21,342,"",78,"",20,"","","",400,40,72.99,25,"","","","","","","","","","",""
126,Chidiyatapur,CGWB,35,Andaman And Nicobar Islands,602,South Andaman,PORT BLAIR,PORT BLAIR,Chidiyatapur,-,-,-,-,-,-,11.50944444,92.70222222,25-05-2011 00:00,7.6,641,"","",342,"",28,"",2,"","","",350,44,58.41,24,"",0.01,"","","","","","","","",""
127,Chidiyatapur,CGWB,35,Andaman And Nicobar Islands,602,South Andaman,PORT BLAIR,PORT BLAIR,Chidiyatapur,-,-,-,-,-,-,11.50944444,92.70222222,25-05-2012 00:00,8.2,393,"","",213,"",32,"",2,"","","",180,34,23.14,19,"","","","","","","","","","",""
128,Chidiyatapur,CGWB,35,Andaman And Nicobar Islands,602,South Andaman,PORT BLAIR,PORT BLAIR,Chidiyatapur,-,-,-,-,-,-,11.50944444,92.70222222,25-05-2013 00:00,8.2,410,"","",165,"",35,"",27,"","","",180,24,29.2,16,"",0.84,"","","","","","","","",""
129,Chidiyatapur,CGWB,35,Andaman And Nicobar Islands,602,South Andaman,PORT BLAIR,PORT BLAIR,Chidiyatapur,-,-,-,-,-,-,11.50944444,92.70222222,25-05-2016 00:00,7.77,790,440,0,250,"",114,"",25,"",14,"",310,40,51,42,"",0.18,"","","","","","","","",""
130,Chidiyatapur,CGWB,35,Andaman And Nicobar Islands,602,South Andaman,PORT BLAIR,PORT BLAIR,Chidiyatapur,-,-,-,-,-,-,11.50944444,92.70222222,25-05-2018 00:00,8.4,817,457.009,6,390.4,330,42.54,"",24.27,"",28.37,"",345,16,74.115,28.04,"",0.146,0,"","","","","","","",""
131,Corbyns cove port blair,CGWB,35,Andaman And Nicobar Islands,602,South Andaman,PORT BLAIR,PORT BLAIR,Port Blair,-,-,-,-,-,-,11.64388889,92.74555556,25-05-2004 00:00,8.08,674,"","",323,"",60,"",3,"","","",270,64,27,40,"","","","","","","","","","",""
132,Corbyns cove port blair,CGWB,35,Andaman And Nicobar Islands,602,South Andaman,PORT BLAIR,PORT BLAIR,Port Blair,-,-,-,-,-,-,11.64388889,92.74555556,25-05-2005 00:00,8,5270,"","",220,"",1595,"",98,"","","",870,210,84,750,"",0.15,"","","","","","","","",""
133,Corbyns cove port blair,CGWB,35,Andaman And Nicobar Islands,602,South Andaman,PORT BLAIR,PORT BLAIR,Port Blair,-,-,-,-,-,-,11.64388889,92.74555556,25-05-2007 00:00,7.4,1530,"","",207,"",323,"",31,"","","",205,60,13,210,"","","","","","","","","","",""
134,Corbyns cove port blair,CGWB,35,Andaman And Nicobar Islands,602,South Andaman,PORT BLAIR,PORT BLAIR,Port Blair,-,-,-,-,-,-,11.64388889,92.74555556,25-05-2009 00:00,6.78,796,"","",104,"",163,"",39,"","","",165,42,14.64,83,"",0.021,"","","","","","","","",""
135,Corbyns cove port blair,CGWB,35,Andaman And Nicobar Islands,602,South Andaman,PORT BLAIR,PORT BLAIR,Port Blair,-,-,-,-,-,-,11.64388889,92.74555556,25-05-2011 00:00,7.8,1200,"","",354,"",248,"",14,"","","",325,94,22,150,"",0.004,"","","","","","","","",""
136,Corbyns cove port blair,CGWB,35,Andaman And Nicobar Islands,602,South Andaman,PORT BLAIR,PORT BLAIR,Port Blair,-,-,-,-,-,-,11.64388889,92.74555556,25-05-2012 00:00,8,1290,"","",201,"",390,"",46,"","","",275,58,31.68,200,"",0.1,"","","","","","","","",""
137,Corbyns cove port blair,CGWB,35,Andaman And Nicobar Islands,602,South Andaman,PORT BLAIR,PORT BLAIR,Port Blair,-,-,-,-,-,-,11.64388889,92.74555556,25-05-2013 00:00,8.2,400,"","",146,"",50,"",12,"","","",115,28,10.97,42,"",0.5,"","","","","","","","",""
138,Corbyns cove port blair,CGWB,35,Andaman And Nicobar Islands,602,South Andaman,PORT BLAIR,PORT BLAIR,Port Blair,-,-,-,-,-,-,11.64388889,92.74555556,25-05-2016 00:00,7.82,1480,858,0,220,"",369,"",28,"",20,"",335,82,32,187,"",0.18,"","","","","","","","",""
139,Corbyns cove port blair,CGWB,35,Andaman And Nicobar Islands,602,South Andaman,PORT BLAIR,PORT BLAIR,Port Blair,-,-,-,-,-,-,11.64388889,92.74555556,25-05-2018 00:00,8.08,632,364.574,0,207.4,170,92.17,"",23.43,"",6.14,"",180,16,34.02,63.96,"",0.899,0,"","","","","","","",""
140,Culicut Borewell,CGWB,35,Andaman And Nicobar Islands,602,South Andaman,PORT BLAIR,PORT BLAIR,Culicut Borewell,-,-,-,-,-,-,11.53805556,92.72361111,25-05-2004 00:00,7.9,400,"","",250,"",21,"",1,"","","",190,48,17,21,"",0.15,"","","","","","","","",""
141,Culicut Borewell,CGWB,35,Andaman And Nicobar Islands,602,South Andaman,PORT BLAIR,PORT BLAIR,Culicut Borewell,-,-,-,-,-,-,11.53805556,92.72361111,25-05-2005 00:00,8.17,540,"","",244,"",28,"",5,"","","",205,54,15,16,"",0.45,"","","","","","","","",""
142,Culicut Borewell,CGWB,35,Andaman And Nicobar Islands,602,South Andaman,PORT BLAIR,PORT BLAIR,Culicut Borewell,-,-,-,-,-,-,11.53805556,92.72361111,25-05-2007 00:00,7.92,492,"","",293,"",7,"",5,"","","",215,82,2,18,"",0.19,"","","","","","","","",""
143,Culicut Borewell,CGWB,35,Andaman And Nicobar Islands,602,South Andaman,PORT BLAIR,PORT BLAIR,Culicut Borewell,-,-,-,-,-,-,11.53805556,92.72361111,25-05-2009 00:00,8.19,124,"","",67,"",35,"","","","","",90,20,9.75,4.3,"",0.85,"","","","","","","","",""
144,Culicut Borewell,CGWB,35,Andaman And Nicobar Islands,602,South Andaman,PORT BLAIR,PORT BLAIR,Culicut Borewell,-,-,-,-,-,-,11.53805556,92.72361111,25-05-2011 00:00,8.1,458,"","",299,"",25,"",8,"","","",215,66,12.24,19,"",0.24,"","","","","","","","",""
145,Culicut Borewell,CGWB,35,Andaman And Nicobar Islands,602,South Andaman,PORT BLAIR,PORT BLAIR,Culicut Borewell,-,-,-,-,-,-,11.53805556,92.72361111,25-05-2012 00:00,8.2,522,"","",165,"",50,"",31,"","","",190,40,21.93,33,"",0.73,"","","","","","","","",""
146,Dandas Point,CGWB,35,Andaman And Nicobar Islands,602,South Andaman,FERRARGUNJ,FERRARGUNJ,Dandas Point,-,-,-,-,-,-,11.67000000,92.69944444,25-05-2004 00:00,8,500,"","",232,"",50,"","","","","",165,56,6,43,"",0.19,"","","","","","","","",""
147,Dandas Point,CGWB,35,Andaman And Nicobar Islands,602,South Andaman,FERRARGUNJ,FERRARGUNJ,Dandas Point,-,-,-,-,-,-,11.67000000,92.69944444,25-05-2005 00:00,8.77,385,"",6,92,"",39,"",29,"","","",120,24,15,22,"",0.19,"","","","","","","","",""
148,Dandas Point,CGWB,35,Andaman And Nicobar Islands,602,South Andaman,FERRARGUNJ,FERRARGUNJ,Dandas Point,-,-,-,-,-,-,11.67000000,92.69944444,25-05-2007 00:00,7.6,333,"","",116,"",32,"",33,"","","",140,46,6,26,"",0.2,"","","","","","","","",""
149,Dandas Point,CGWB,35,Andaman And Nicobar Islands,602,South Andaman,FERRARGUNJ,FERRARGUNJ,Dandas Point,-,-,-,-,-,-,11.67000000,92.69944444,25-05-2009 00:00,8.2,423,"","",134,"",57,"",34,"","","",145,36,13.4,35,"",0.03,"","","","","","","","",""
150,Dandas Point,CGWB,35,Andaman And Nicobar Islands,602,South Andaman,FERRARGUNJ,FERRARGUNJ,Dandas Point,-,-,-,-,-,-,11.67000000,92.69944444,25-05-2010 00:00,8.4,537,"",24,152,"",50,"",19,"","","",170,38,18.28,33,"",0.46,"","","","","","","","",""
151,Dandas Point,CGWB,35,Andaman And Nicobar Islands,602,South Andaman,FERRARGUNJ,FERRARGUNJ,Dandas Point,-,-,-,-,-,-,11.67000000,92.69944444,25-05-2011 00:00,7.5,437,"","",165,"",53,"",25,"","","",105,36,15,35,"","","","","","","","","","",""
152,Dandas Point,CGWB,35,Andaman And Nicobar Islands,602,South Andaman,FERRARGUNJ,FERRARGUNJ,Dandas Point,-,-,-,-,-,-,11.67000000,92.69944444,25-05-2012 00:00,8,712,"","",171,"",92,"",66,"","","",255,50,31.67,33,"",0.02,"","","","","","","","",""
153,Dandas Point,CGWB,35,Andaman And Nicobar Islands,602,South Andaman,FERRARGUNJ,FERRARGUNJ,Dandas Point,-,-,-,-,-,-,11.67000000,92.69944444,25-05-2013 00:00,7.3,500,"","",207,"",60,"",13,"","","",180,36,21.93,44,"",0.98,"","","","","","","","",""
154,Dandas Point,CGWB,35,Andaman And Nicobar Islands,602,South Andaman,FERRARGUNJ,FERRARGUNJ,Dandas Point,-,-,-,-,-,-,11.67000000,92.69944444,25-05-2018 00:00,7.99,277,162.046,0,128.1,105,21.27,"",6.36,"",8.3,"",115,12,20.655,9.29,"",0.307,0,"","","","","","","",""
155,Dhannikhari,CGWB,35,Andaman And Nicobar Islands,602,South Andaman,PORT BLAIR,PORT BLAIR,Dhannikhari,-,-,-,-,-,-,11.61277778,92.66722222,25-05-2013 00:00,7.6,385,"","",183,"",14,"",16,"","","",160,36,17.06,15,"",0.46,"","","","","","","","",""
156,Dhannikhari,CGWB,35,Andaman And Nicobar Islands,602,South Andaman,PORT BLAIR,PORT BLAIR,Dhannikhari,-,-,-,-,-,-,11.61277778,92.66722222,25-05-2016 00:00,8.14,344,234,0,147,"",18,"",28,"",22,"",110,36,5,33,"",0.69,"","","","","","","","",""
157,Dhannikhari,CGWB,35,Andaman And Nicobar Islands,602,South Andaman,PORT BLAIR,PORT BLAIR,Dhannikhari,-,-,-,-,-,-,11.61277778,92.66722222,25-05-2018 00:00,8.64,706,394.006,33,341.6,335,17.725,"",9.6,"",28.36,"",360,10,81.405,5.06,"",0.1,0,"","","","","","","",""
158,Dhannikhari,CGWB,35,Andaman And Nicobar Islands,602,South Andaman,PORT BLAIR,PORT BLAIR,Dhannikhari,-,-,-,-,-,-,11.61277778,92.66722222,30-05-2019 08:00,7.73,316,"",0,152.5,"",70.9,"","","","","",190,30,27.91262,12.6,"","","","","","","","","","",""
159,Dhannikhari,CGWB,35,Andaman And Nicobar Islands,602,South Andaman,PORT BLAIR,PORT BLAIR,Dhannikhari,-,-,-,-,-,-,11.61277778,92.66722222,30-05-2020 08:00,7.73,316,"","",152.5,"",70.9,"","","","","","",30,27.91262,12.6,"","","","","","","","","","",""
160,Dhannikhari,CGWB,35,Andaman And Nicobar Islands,602,South Andaman,PORT BLAIR,PORT BLAIR,Dhannikhari,-,-,-,-,-,-,11.61277778,92.66722222,30-05-2021 08:00,7.23,480,312,0,189.1,"",46.15,"",13.9,0,"","",160,26,23.085,35.3,"","","","","","","","","","",""
161,Dollyganj Chawk,CGWB,35,Andaman And Nicobar Islands,602,South Andaman,PORT BLAIR,PORT BLAIR,Dollyganj Chawk,-,-,-,-,-,-,11.63416667,92.72277778,25-05-2013 00:00,8.2,980,"","",342,"",92,"",93,"","","",300,68,31.69,88,"",0.36,"","","","","","","","",""
162,Dollyganj Chawk,CGWB,35,Andaman And Nicobar Islands,602,South Andaman,PORT BLAIR,PORT BLAIR,Dollyganj Chawk,-,-,-,-,-,-,11.63416667,92.72277778,25-05-2016 00:00,8.14,873,500,0,165,"",163,"",60,"",16,"",365,84,38,35,"",2.48,"","","","","","","","",""
163,Dollyganj Chawk,CGWB,35,Andaman And Nicobar Islands,602,South Andaman,PORT BLAIR,PORT BLAIR,Dollyganj Chawk,-,-,-,-,-,-,11.63416667,92.72277778,25-05-2018 00:00,8.01,354,217.043,0,109.8,90,49.63,"",20.02,"",10.93,"",125,16,20.655,30.16,"",1.196,0,"","","","","","","",""
164,Dolphine Yatri Nivas,CGWB,35,Andaman And Nicobar Islands,602,South Andaman,PORT BLAIR,PORT BLAIR,Dolphine Yatri Nivas,-,-,-,-,-,-,12.02583333,93.00138889,25-05-2005 00:00,8.53,536,"",6,122,"",57,"",35,"","","",135,48,9.7,37,"",0.08,"","","","","","","","",""
165,Dolphine Yatri Nivas,CGWB,35,Andaman And Nicobar Islands,602,South Andaman,PORT BLAIR,PORT BLAIR,Dolphine Yatri Nivas,-,-,-,-,-,-,12.02583333,93.00138889,25-05-2007 00:00,7.7,559,"","",281,"",28,"",33,"","","",250,80,12,28,"","","","","","","","","","",""
166,Dolphine Yatri Nivas,CGWB,35,Andaman And Nicobar Islands,602,South Andaman,PORT BLAIR,PORT BLAIR,Dolphine Yatri Nivas,-,-,-,-,-,-,12.02583333,93.00138889,25-05-2009 00:00,8.19,349,"","",128,"",50,"",34,"","","",145,34,15,24,"","","","","","","","","","",""
167,Dolphine Yatri Nivas,CGWB,35,Andaman And Nicobar Islands,602,South Andaman,PORT BLAIR,PORT BLAIR,Dolphine Yatri Nivas,-,-,-,-,-,-,12.02583333,93.00138889,25-05-2010 00:00,7.88,366,"","",122,"",50,"",43,"","","",145,46,7.35,18,"",0.05,"","","","","","","","",""
168,Dolphine Yatri Nivas,CGWB,35,Andaman And Nicobar Islands,602,South Andaman,PORT BLAIR,PORT BLAIR,Dolphine Yatri Nivas,-,-,-,-,-,-,12.02583333,93.00138889,25-05-2011 00:00,7.6,454,"","",293,"",25,"",30,"","","",230,66,15.88,21,"",0.01,"","","","","","","","",""
169,Dolphine Yatri Nivas,CGWB,35,Andaman And Nicobar Islands,602,South Andaman,PORT BLAIR,PORT BLAIR,Dolphine Yatri Nivas,-,-,-,-,-,-,12.02583333,93.00138889,25-05-2012 00:00,8.2,500,"","",256,"",39,"",20,"","","",145,20,23.12,56,"","","","","","","","","","",""
170,Dolphine Yatri Nivas,CGWB,35,Andaman And Nicobar Islands,602,South Andaman,PORT BLAIR,PORT BLAIR,Dolphine Yatri Nivas,-,-,-,-,-,-,12.02583333,93.00138889,25-05-2013 00:00,8.1,1094,"","",293,"",167,"",95,"","","",320,92,21.99,115,"",0.08,"","","","","","","","",""
171,Dolphine Yatri Nivas,CGWB,35,Andaman And Nicobar Islands,602,South Andaman,PORT BLAIR,PORT BLAIR,Dolphine Yatri Nivas,-,-,-,-,-,-,12.02583333,93.00138889,25-05-2018 00:00,8.16,664,386.532,0,286.7,235,35.45,"",19.91,"",26.55,"",135,4,30.375,86.39,"",0.112,0,"","","","","","","",""
172,Durgapur,CGWB,35,Andaman And Nicobar Islands,632,North Middle Andaman,DIGLIPUR,DIGLIPUR,Durgapur,-,-,-,-,-,-,13.23083333,92.95527778,25-05-2004 00:00,8.18,536,"","",274,"",35,"",7,"","","",235,26,41,19,"","","","","","","","","","",""
173,Durgapur,CGWB,35,Andaman And Nicobar Islands,632,North Middle Andaman,DIGLIPUR,DIGLIPUR,Durgapur,-,-,-,-,-,-,13.23083333,92.95527778,25-05-2005 00:00,8.8,472,"",15,171,"",18,"",32,"","","",165,20,28,28,"",0.02,"","","","","","","","",""
174,Durgapur,CGWB,35,Andaman And Nicobar Islands,632,North Middle Andaman,DIGLIPUR,DIGLIPUR,Durgapur,-,-,-,-,-,-,13.23083333,92.95527778,25-05-2007 00:00,7.32,732,"","",366,"",46,"",29,"","","",320,82,28,28,"",0.04,"","","","","","","","",""
175,Durgapur,CGWB,35,Andaman And Nicobar Islands,632,North Middle Andaman,DIGLIPUR,DIGLIPUR,Durgapur,-,-,-,-,-,-,13.23083333,92.95527778,25-05-2016 00:00,8,671,384,0,293,"",46,"",22,"",26,"",220,38,30,41,"",0.04,"","","","","","","","",""
176,Durgapur,CGWB,35,Andaman And Nicobar Islands,632,North Middle Andaman,DIGLIPUR,DIGLIPUR,Durgapur,-,-,-,-,-,-,13.23083333,92.95527778,25-05-2018 00:00,8.28,1259,740.332,0,500.2,410,31.905,"",166.06,"",11.42,"",410,18,88.695,108.92,"",0.333,0,"","","","","","","",""
177,Ferrarganj,CGWB,35,Andaman And Nicobar Islands,602,South Andaman,FERRARGUNJ,FERRARGUNJ,Ferrarganj,-,-,-,-,-,-,11.71722222,92.65277778,25-05-2013 00:00,8.1,635,"","",207,"",43,"",110,"","","",190,60,9.8,71,"",0.69,"","","","","","","","",""
178,Ferrarganj,CGWB,35,Andaman And Nicobar Islands,602,South Andaman,FERRARGUNJ,FERRARGUNJ,Ferrarganj,-,-,-,-,-,-,11.71722222,92.65277778,25-05-2016 00:00,7.77,740,443,0,275,"",78,"",30,"",30,"",285,80,21,33,"",0.08,"","","","","","","","",""
179,Ferrarganj,CGWB,35,Andaman And Nicobar Islands,602,South Andaman,FERRARGUNJ,FERRARGUNJ,Ferrarganj,-,-,-,-,-,-,11.71722222,92.65277778,25-05-2018 00:00,8.2,245,156.243,0,109.8,90,17.725,"",18.12,"",10.17,"",105,18,14.58,9.54,"",0.844,0,"","","","","","","",""
180,Ferrarganj,CGWB,35,Andaman And Nicobar Islands,602,South Andaman,FERRARGUNJ,FERRARGUNJ,Ferrarganj,-,-,-,-,-,-,11.71722222,92.65277778,30-05-2019 08:00,7.77,775.7,"",0,262.3,"",127.62,"","","","","",170,54,8.495146,75.6,"","","","","","","","","","",""
181,Ferrarganj,CGWB,35,Andaman And Nicobar Islands,602,South Andaman,FERRARGUNJ,FERRARGUNJ,Ferrarganj,-,-,-,-,-,-,11.71722222,92.65277778,30-05-2020 08:00,7.77,775.7,"","",262.3,"",127.62,"","","","","","",54,8.495146,75.6,"","","","","","","","","","",""
182,Ferrarganj,CGWB,35,Andaman And Nicobar Islands,602,South Andaman,FERRARGUNJ,FERRARGUNJ,Ferrarganj,-,-,-,-,-,-,11.71722222,92.65277778,30-05-2021 08:00,7.41,1639,1065.35,0,414.8,"",213,"",136.1,0,"","",440,14,98.415,150.23,"","","","","","","","","","",""
183,Garachamra,CGWB,35,Andaman And Nicobar Islands,602,South Andaman,PORT BLAIR,PORT BLAIR,Garachamra,-,-,-,-,-,-,11.61805556,92.71055556,25-05-2004 00:00,8.2,499,"","",165,"",60,"",9,"","","",145,32,16,38,"","","","","","","","","","",""
184,Garachamra,CGWB,35,Andaman And Nicobar Islands,602,South Andaman,PORT BLAIR,PORT BLAIR,Garachamra,-,-,-,-,-,-,11.61805556,92.71055556,25-05-2005 00:00,8.91,747,"","",314,"",60,"",49,"","","",220,24,39,59,"",0.53,"","","","","","","","",""
185,Garachamra,CGWB,35,Andaman And Nicobar Islands,602,South Andaman,PORT BLAIR,PORT BLAIR,Garachamra,-,-,-,-,-,-,11.61805556,92.71055556,25-05-2007 00:00,7.6,598,"","",220,"",43,"",59,"","","",190,24,32,53,"",1.06,"","","","","","","","",""
186,Garachamra,CGWB,35,Andaman And Nicobar Islands,602,South Andaman,PORT BLAIR,PORT BLAIR,Garachamra,-,-,-,-,-,-,11.61805556,92.71055556,25-05-2009 00:00,8.2,120,"","",37,"",14,"",6,"","","",45,8,6.09,4,"",0.882,"","","","","","","","",""
187,Garachamra,CGWB,35,Andaman And Nicobar Islands,602,South Andaman,PORT BLAIR,PORT BLAIR,Garachamra,-,-,-,-,-,-,11.61805556,92.71055556,25-05-2010 00:00,8.3,822,"",9,207,"",99,"",10,"","","",210,32,31.65,98,"",3.53,"","","","","","","","",""
188,Garachamra,CGWB,35,Andaman And Nicobar Islands,602,South Andaman,PORT BLAIR,PORT BLAIR,Garachamra,-,-,-,-,-,-,11.61805556,92.71055556,25-05-2011 00:00,7.7,654,"","",256,"",35,"",96,"","","",310,66,35.33,40,"",0.21,"","","","","","","","",""
189,Garachamra,CGWB,35,Andaman And Nicobar Islands,602,South Andaman,PORT BLAIR,PORT BLAIR,Garachamra,-,-,-,-,-,-,11.61805556,92.71055556,25-05-2012 00:00,8.3,299,"","",177,"",18,"",2,"","","",160,30,20.7,11,"","","","","","","","","","",""
190,Garachamra,CGWB,35,Andaman And Nicobar Islands,602,South Andaman,PORT BLAIR,PORT BLAIR,Garachamra,-,-,-,-,-,-,11.61805556,92.71055556,25-05-2013 00:00,8.2,800,"","",342,"",35,"",39,"","","",270,38,24,55,"",0.57,"","","","","","","","",""
191,Garachamra,CGWB,35,Andaman And Nicobar Islands,602,South Andaman,PORT BLAIR,PORT BLAIR,Garachamra,-,-,-,-,-,-,11.61805556,92.71055556,25-05-2016 00:00,7.7,590,346,0,238,"",50,"",30,"",10,"",180,34,23,51,"",1.26,"","","","","","","","",""
192,Govindnagar Vill No I,CGWB,35,Andaman And Nicobar Islands,602,South Andaman,PORT BLAIR,PORT BLAIR,Govindnagar Vill No I,-,-,-,-,-,-,12.00305556,92.98583333,25-05-2005 00:00,8.2,3120,"","",98,"",815,"",100,"","","",710,240,27,268,"",1.52,"","","","","","","","",""
193,Govindnagar Vill No I,CGWB,35,Andaman And Nicobar Islands,602,South Andaman,PORT BLAIR,PORT BLAIR,Govindnagar Vill No I,-,-,-,-,-,-,12.00305556,92.98583333,25-05-2007 00:00,7.7,837,"","",317,"",85,"",67,"","","",245,78,12,82,"",0.03,"","","","","","","","",""
194,Govindnagar Vill No I,CGWB,35,Andaman And Nicobar Islands,602,South Andaman,PORT BLAIR,PORT BLAIR,Govindnagar Vill No I,-,-,-,-,-,-,12.00305556,92.98583333,25-05-2009 00:00,8.18,355,"","",13.4,"",53,"",27,"","","",150,38,13.42,24,"",0.54,"","","","","","","","",""
195,Govindnagar Vill No I,CGWB,35,Andaman And Nicobar Islands,602,South Andaman,PORT BLAIR,PORT BLAIR,Govindnagar Vill No I,-,-,-,-,-,-,12.00305556,92.98583333,25-05-2010 00:00,7.86,604,"","",232,"",71,"",57,"","","",155,50,7.35,74,"",0.05,"","","","","","","","",""
196,Govindnagar Vill No I,CGWB,35,Andaman And Nicobar Islands,602,South Andaman,PORT BLAIR,PORT BLAIR,Govindnagar Vill No I,-,-,-,-,-,-,12.00305556,92.98583333,25-05-2011 00:00,7.6,689,"","",348,"",42,"",55,"","","",245,80,11.04,65,"",0.03,"","","","","","","","",""
197,Govindnagar Vill No I,CGWB,35,Andaman And Nicobar Islands,602,South Andaman,PORT BLAIR,PORT BLAIR,Govindnagar Vill No I,-,-,-,-,-,-,12.00305556,92.98583333,25-05-2012 00:00,8.2,315,"","",74,"",32,"",29,"","","",100,30,6.11,26,"",0.06,"","","","","","","","",""
198,Govindnagar Vill No I,CGWB,35,Andaman And Nicobar Islands,602,South Andaman,PORT BLAIR,PORT BLAIR,Govindnagar Vill No I,-,-,-,-,-,-,12.00305556,92.98583333,25-05-2013 00:00,8.2,1429,"","",390,"",124,"",292,"","","",350,96,26.86,200,"",1.73,"","","","","","","","",""
199,Govindnagar Vill No I,CGWB,35,Andaman And Nicobar Islands,602,South Andaman,PORT BLAIR,PORT BLAIR,Govindnagar Vill No I,-,-,-,-,-,-,12.00305556,92.98583333,25-05-2016 00:00,8.06,1160,691,0,244,"",263,"",25,"",23,"",340,104,19,101,"",0.84,"","","","","","","","",""
200,Govindnagar Vill No I,CGWB,35,Andaman And Nicobar Islands,602,South Andaman,PORT BLAIR,PORT BLAIR,Govindnagar Vill No I,-,-,-,-,-,-,12.00305556,92.98583333,25-05-2018 00:00,8.06,489,291.428,0,170.8,140,46.085,"",45.92,"",6.36,"",150,10,30.375,45.17,"",0.134,0,"","","","","","","",""
201,Govindnagar Vill No Iii,CGWB,35,Andaman And Nicobar Islands,602,South Andaman,PORT BLAIR,PORT BLAIR,Govindnagar Vill No Iii,-,-,-,-,-,-,11.98583333,92.98777778,25-05-2005 00:00,8.56,647,"",9,85,"",46,"",56,"","","",125,32,11,43,"",0.1,"","","","","","","","",""
202,Govindnagar Vill No Iii,CGWB,35,Andaman And Nicobar Islands,602,South Andaman,PORT BLAIR,PORT BLAIR,Govindnagar Vill No Iii,-,-,-,-,-,-,11.98583333,92.98777778,25-05-2007 00:00,7.6,747,"","",427,"",14,"",36,"","","",330,128,2,31,"","","","","","","","","","",""
203,Govindnagar Vill No Iii,CGWB,35,Andaman And Nicobar Islands,602,South Andaman,PORT BLAIR,PORT BLAIR,Govindnagar Vill No Iii,-,-,-,-,-,-,11.98583333,92.98777778,25-05-2009 00:00,8.2,285,"","",128,"",21,"",25,"","","",115,32,8.55,19,"",0.16,"","","","","","","","",""
204,Govindnagar Vill No Iii,CGWB,35,Andaman And Nicobar Islands,602,South Andaman,PORT BLAIR,PORT BLAIR,Govindnagar Vill No Iii,-,-,-,-,-,-,11.98583333,92.98777778,25-05-2010 00:00,7.88,488,"","",195,"",71,"",40,"","","",180,52,12.22,42,"",0.01,"","","","","","","","",""
205,Govindnagar Vill No Iii,CGWB,35,Andaman And Nicobar Islands,602,South Andaman,PORT BLAIR,PORT BLAIR,Govindnagar Vill No Iii,-,-,-,-,-,-,11.98583333,92.98777778,25-05-2011 00:00,7.7,465,"","",262,"",25,"",28,"","","",200,66,8.59,32,"",0.03,"","","","","","","","",""
206,Govindnagar Vill No Iii,CGWB,35,Andaman And Nicobar Islands,602,South Andaman,PORT BLAIR,PORT BLAIR,Govindnagar Vill No Iii,-,-,-,-,-,-,11.98583333,92.98777778,25-05-2012 00:00,8.1,354,"","",43,"",35,"",72,"","","",465,14,2.43,43,"",0.95,"","","","","","","","",""
207,Govindnagar Vill No Iii,CGWB,35,Andaman And Nicobar Islands,602,South Andaman,PORT BLAIR,PORT BLAIR,Govindnagar Vill No Iii,-,-,-,-,-,-,11.98583333,92.98777778,25-05-2013 00:00,8.2,623,"","",232,"",53,"",42,"","","",230,76,9.82,49,"",0.36,"","","","","","","","",""
208,Govindnagar Vill No Iii,CGWB,35,Andaman And Nicobar Islands,602,South Andaman,PORT BLAIR,PORT BLAIR,Govindnagar Vill No Iii,-,-,-,-,-,-,11.98583333,92.98777778,25-05-2016 00:00,7.84,407,257,0,183,"",28,"",22,"",14,"",130,32,12,32,"",0.21,"","","","","","","","",""
209,Govindnagar Vill No Iii,CGWB,35,Andaman And Nicobar Islands,602,South Andaman,PORT BLAIR,PORT BLAIR,Govindnagar Vill No Iii,-,-,-,-,-,-,11.98583333,92.98777778,25-05-2018 00:00,8.08,425,245.466,0,158.6,130,24.815,"",36.59,"",14.01,"",145,8,30.375,28.19,"",0.087,0,"","","","","","","",""
210,Gupta Para,CGWB,35,Andaman And Nicobar Islands,602,South Andaman,PORT BLAIR,PORT BLAIR,Gupta Para,-,-,-,-,-,-,11.57416667,92.66416667,25-05-2004 00:00,7.7,200,"","",67,"",32,"",5,"","","",75,20,6.08,11,"",1.09,"","","","","","","","",""
211,Gupta Para,CGWB,35,Andaman And Nicobar Islands,602,South Andaman,PORT BLAIR,PORT BLAIR,Gupta Para,-,-,-,-,-,-,11.57416667,92.66416667,25-05-2005 00:00,8.18,273,"","",92,"",28,"",1,"","","",65,12,8.5,20,"",0.11,"","","","","","","","",""
212,Gupta Para,CGWB,35,Andaman And Nicobar Islands,602,South Andaman,PORT BLAIR,PORT BLAIR,Gupta Para,-,-,-,-,-,-,11.57416667,92.66416667,25-05-2007 00:00,7.9,228,"","",110,"",21,"",4,"","","",75,20,6,23,"",0.32,"","","","","","","","",""
213,Gupta Para,CGWB,35,Andaman And Nicobar Islands,602,South Andaman,PORT BLAIR,PORT BLAIR,Gupta Para,-,-,-,-,-,-,11.57416667,92.66416667,25-05-2009 00:00,8.2,147,"","",67,"",14,"",1,"","","",45,6,7.29,12,"",0.036,"","","","","","","","",""
214,Gupta Para,CGWB,35,Andaman And Nicobar Islands,602,South Andaman,PORT BLAIR,PORT BLAIR,Gupta Para,-,-,-,-,-,-,11.57416667,92.66416667,25-05-2010 00:00,8.2,313,"","",11,"",50,"","","","","",80,22,6.11,26,"",0.61,"","","","","","","","",""
215,Gupta Para,CGWB,35,Andaman And Nicobar Islands,602,South Andaman,PORT BLAIR,PORT BLAIR,Gupta Para,-,-,-,-,-,-,11.57416667,92.66416667,25-05-2011 00:00,7.8,140,"","",85,"",18,"",4,"","","",50,8,7.3,16,"",0.04,"","","","","","","","",""
216,Gupta Para,CGWB,35,Andaman And Nicobar Islands,602,South Andaman,PORT BLAIR,PORT BLAIR,Gupta Para,-,-,-,-,-,-,11.57416667,92.66416667,25-05-2012 00:00,8.2,471,"","",262,"",25,"","","","","",120,32,9.76,55,"","","","","","","","","","",""
217,Gupta Para,CGWB,35,Andaman And Nicobar Islands,602,South Andaman,PORT BLAIR,PORT BLAIR,Gupta Para,-,-,-,-,-,-,11.57416667,92.66416667,25-05-2013 00:00,8.2,145,"","",61,"",14,"",5,"","","",40,8,4.87,17,"",8.81,"","","","","","","","",""
218,Gupta Para,CGWB,35,Andaman And Nicobar Islands,602,South Andaman,PORT BLAIR,PORT BLAIR,Gupta Para,-,-,-,-,-,-,11.57416667,92.66416667,25-05-2016 00:00,7.42,156,107,0,61,"",14,"",0,"",28,"",35,4,6,16,"",1.74,"","","","","","","","",""
219,Gupta Para,CGWB,35,Andaman And Nicobar Islands,602,South Andaman,PORT BLAIR,PORT BLAIR,Gupta Para,-,-,-,-,-,-,11.57416667,92.66416667,25-05-2018 00:00,7.85,132,86.144,0,54.9,45,14.18,"",5.8,"",6.96,"",50,10,6.075,8.5,"",0.183,0,"","","","","","","",""
220,Gupta Para,CGWB,35,Andaman And Nicobar Islands,602,South Andaman,PORT BLAIR,PORT BLAIR,Gupta Para,-,-,-,-,-,-,11.57416667,92.66416667,30-05-2019 08:00,7.5,150.4,"",0,85.4,"",14.2,"","","","","",50,12,4.854369,20.3,"","","","","","","","","","",""
221,Gupta Para,CGWB,35,Andaman And Nicobar Islands,602,South Andaman,PORT BLAIR,PORT BLAIR,Gupta Para,-,-,-,-,-,-,11.57416667,92.66416667,30-05-2020 08:00,7.5,150.4,"","",85.4,"",14.2,"","","","","","",12,4.854369,20.3,"","","","","","","","","","",""
222,Gupta Para,CGWB,35,Andaman And Nicobar Islands,602,South Andaman,PORT BLAIR,PORT BLAIR,Gupta Para,-,-,-,-,-,-,11.57416667,92.66416667,30-05-2021 08:00,8.03,1049,681.85,0,305,"",131.35,"",71.61,0,"","",375,20,78.975,63.2,"","","","","","","","","","",""
223,Haddo,CGWB,35,Andaman And Nicobar Islands,602,South Andaman,PORT BLAIR,PORT BLAIR,Haddo,-,-,-,-,-,-,11.66777778,92.72416667,25-05-2013 00:00,8.2,660,"","",293,"",50,"",30,"","","",210,80,2.53,51,"",0.39,"","","","","","","","",""
224,Haddo,CGWB,35,Andaman And Nicobar Islands,602,South Andaman,PORT BLAIR,PORT BLAIR,Haddo,-,-,-,-,-,-,11.66777778,92.72416667,25-05-2016 00:00,7.52,765,432,0,207,"",117,"",21,"",18,"",240,62,21,62,"",0.84,"","","","","","","","",""
225,Haddo,CGWB,35,Andaman And Nicobar Islands,602,South Andaman,PORT BLAIR,PORT BLAIR,Haddo,-,-,-,-,-,-,11.66777778,92.72416667,25-05-2018 00:00,8.08,118,80.457,0,42.7,35,14.18,"",4.57,"",12.27,"",50,16,2.43,4.27,"",0.71,0,"","","","","","","",""
226,Haribeck,CGWB,35,Andaman And Nicobar Islands,632,North Middle Andaman,MAYABUNDER,MAYABUNDER,Haribeck,-,-,-,-,-,-,12.98222222,92.84555556,25-05-2004 00:00,7.31,218,"","",122,"",18,"",6,"","","",110,14,18,11,"",0.1,"","","","","","","","",""
227,Haribeck,CGWB,35,Andaman And Nicobar Islands,632,North Middle Andaman,MAYABUNDER,MAYABUNDER,Haribeck,-,-,-,-,-,-,12.98222222,92.84555556,25-05-2005 00:00,8.7,440,"",12,128,"",35,"",13,"","","",120,38,6,32,"",0.02,"","","","","","","","",""
228,Haribeck,CGWB,35,Andaman And Nicobar Islands,632,North Middle Andaman,MAYABUNDER,MAYABUNDER,Haribeck,-,-,-,-,-,-,12.98222222,92.84555556,25-05-2007 00:00,7.72,402,"","",183,"",53,"",11,"","","",145,46,7,29,"","","","","","","","","","",""
229,Hasunatabad,CGWB,35,Andaman And Nicobar Islands,602,South Andaman,PORT BLAIR,PORT BLAIR,Hasunatabad,-,-,-,-,-,-,11.59500000,92.64527778,25-05-2004 00:00,7.9,400,"","",140,"",57,"",46,"","","",185,36,23,19,"","","","","","","","","","",""
230,Hasunatabad,CGWB,35,Andaman And Nicobar Islands,602,South Andaman,PORT BLAIR,PORT BLAIR,Hasunatabad,-,-,-,-,-,-,11.59500000,92.64527778,25-05-2005 00:00,8.19,292,"","",85,"",46,"",6,"","","",95,18,12,21,"",0.13,"","","","","","","","",""
231,Hasunatabad,CGWB,35,Andaman And Nicobar Islands,602,South Andaman,PORT BLAIR,PORT BLAIR,Hasunatabad,-,-,-,-,-,-,11.59500000,92.64527778,25-05-2009 00:00,8.2,128,"","",43,"",18,"",1,"","","",35,8,3.64,8,"",0.154,"","","","","","","","",""
232,Hasunatabad,CGWB,35,Andaman And Nicobar Islands,602,South Andaman,PORT BLAIR,PORT BLAIR,Hasunatabad,-,-,-,-,-,-,11.59500000,92.64527778,25-05-2010 00:00,8.14,683,"","",335,"",57,"","","","","",275,68,25.61,40,"",0.75,"","","","","","","","",""
233,Hasunatabad,CGWB,35,Andaman And Nicobar Islands,602,South Andaman,PORT BLAIR,PORT BLAIR,Hasunatabad,-,-,-,-,-,-,11.59500000,92.64527778,25-05-2011 00:00,7.8,158,"","",421,"",35,"",19,"","","",60,14,6.1,19,"","","","","","","","","","",""
234,Hasunatabad,CGWB,35,Andaman And Nicobar Islands,602,South Andaman,PORT BLAIR,PORT BLAIR,Hasunatabad,-,-,-,-,-,-,11.59500000,92.64527778,25-05-2012 00:00,8.2,436,"","",226,"",35,"",13,"","","",180,36,28,20,"",0.92,"","","","","","","","",""
235,Hasunatabad,CGWB,35,Andaman And Nicobar Islands,602,South Andaman,PORT BLAIR,PORT BLAIR,Hasunatabad,-,-,-,-,-,-,11.59500000,92.64527778,25-05-2013 00:00,8.2,160,"","",49,"",21,"",9.5,"","","",60,12,7.31,10,"",1.29,"","","","","","","","",""
236,Hasunatabad,CGWB,35,Andaman And Nicobar Islands,602,South Andaman,PORT BLAIR,PORT BLAIR,Hasunatabad,-,-,-,-,-,-,11.59500000,92.64527778,25-05-2016 00:00,8.1,231,158,0,73,"",32,"",21,"",13,"",100,24,10,12,"",0.72,"","","","","","","","",""
237,Havelock Island Jetty,CGWB,35,Andaman And Nicobar Islands,602,South Andaman,PORT BLAIR,PORT BLAIR,Havelock Island Jetty,-,-,-,-,-,-,12.03305556,92.98111111,25-05-2013 00:00,8.1,586,"","",171,"",67,"",58,"","","",150,44,9.78,66,"",1.32,"","","","","","","","",""
238,Havelock Island Jetty,CGWB,35,Andaman And Nicobar Islands,602,South Andaman,PORT BLAIR,PORT BLAIR,Havelock Island Jetty,-,-,-,-,-,-,12.03305556,92.98111111,25-05-2016 00:00,8.12,412,248,0,183,"",28,"",22,"",15,"",180,34,23,12,"",1.18,"","","","","","","","",""
239,Havelock Island Jetty,CGWB,35,Andaman And Nicobar Islands,602,South Andaman,PORT BLAIR,PORT BLAIR,Havelock Island Jetty,-,-,-,-,-,-,12.03305556,92.98111111,25-05-2018 00:00,8.16,785,504.023,0,262.3,215,85.08,"",91.38,"",12.28,"",235,34,36.45,81.62,"",0.253,0,"","","","","","","",""
240,Havelock Island Jetty,CGWB,35,Andaman And Nicobar Islands,602,South Andaman,PORT BLAIR,PORT BLAIR,Havelock Island Jetty,-,-,-,-,-,-,12.03305556,92.98111111,30-05-2019 08:00,7.38,772.1,"",0,298.9,"",134.71,"","","","","",435,80,57.038834,66.4,"","","","","","","","","","",""
241,Havelock Island Jetty,CGWB,35,Andaman And Nicobar Islands,602,South Andaman,PORT BLAIR,PORT BLAIR,Havelock Island Jetty,-,-,-,-,-,-,12.03305556,92.98111111,30-05-2020 08:00,7.38,772.1,"","",298.9,"",134.71,"","","","","","",80,57.038834,66.4,"","","","","","","","","","",""
242,Havelock Island Jetty,CGWB,35,Andaman And Nicobar Islands,602,South Andaman,PORT BLAIR,PORT BLAIR,Havelock Island Jetty,-,-,-,-,-,-,12.03305556,92.98111111,30-05-2021 08:00,7.22,954,620.1,0,347.7,"",74.55,"",65.32,0,"","",345,42,58.32,51.02,"","","","","","","","","","",""
243,Hebertabad,CGWB,35,Andaman And Nicobar Islands,602,South Andaman,FERRARGUNJ,FERRARGUNJ,Hebertabad,-,-,-,-,-,-,11.70833333,92.63166667,25-05-2013 00:00,8.1,377,"","",134,"",21,"",60,"","","",90,20,9.75,52,"",0.5,"","","","","","","","",""
244,Hope Town Marmon Temple,CGWB,35,Andaman And Nicobar Islands,602,South Andaman,FERRARGUNJ,FERRARGUNJ,Hope Town Marmon Temple,-,-,-,-,-,-,11.69805556,92.72722222,25-05-2013 00:00,8,235,"","",85,"",14,"",52,"","","",110,24,12.19,16,"",0.52,"","","","","","","","",""
245,Hope Town Marmon Temple,CGWB,35,Andaman And Nicobar Islands,602,South Andaman,FERRARGUNJ,FERRARGUNJ,Hope Town Marmon Temple,-,-,-,-,-,-,11.69805556,92.72722222,25-05-2018 00:00,7.99,138,94.6927,0,53.07,43.5,10.635,"",8.76,"",18.51,"",45,12,3.645,7.93,"",0.557,0,"","","","","","","",""
246,Joypur,CGWB,35,Andaman And Nicobar Islands,632,North Middle Andaman,MAYABUNDER,MAYABUNDER,Joypur,-,-,-,-,-,-,12.69916667,92.88166667,25-05-2018 00:00,8.17,394,233.172,0,164.7,135,38.995,"",8.22,"",20.34,"",175,14,34.02,15.24,"",0.648,0,"","","","","","","",""
247,Joypur,CGWB,35,Andaman And Nicobar Islands,632,North Middle Andaman,MAYABUNDER,MAYABUNDER,Joypur,-,-,-,-,-,-,12.69916667,92.88166667,30-05-2021 08:00,7.5,510,"",0,244,"",28,"",23,0,"","",210,60,14,28,"","","","","","","","","","",""
248,Junglighat Vip Road,CGWB,35,Andaman And Nicobar Islands,602,South Andaman,PORT BLAIR,PORT BLAIR,Junglighat Vip Road,-,-,-,-,-,-,11.66083333,92.73250000,25-05-2004 00:00,8.17,359,"","",152,"",46,"",20,"","","",145,30,17,32,"","","","","","","","","","",""
249,Junglighat Vip Road,CGWB,35,Andaman And Nicobar Islands,602,South Andaman,PORT BLAIR,PORT BLAIR,Junglighat Vip Road,-,-,-,-,-,-,11.66083333,92.73250000,25-05-2005 00:00,8.24,400,"","",171,"",50,"",5,"","","",150,24,22,32,"",0.4,"","","","","","","","",""
250,Junglighat Vip Road,CGWB,35,Andaman And Nicobar Islands,602,South Andaman,PORT BLAIR,PORT BLAIR,Junglighat Vip Road,-,-,-,-,-,-,11.66083333,92.73250000,25-05-2007 00:00,7.5,303,"","",134,"",28,"",8,"","","",100,28,7,31,"",0.85,"","","","","","","","",""
251,Junglighat Vip Road,CGWB,35,Andaman And Nicobar Islands,602,South Andaman,PORT BLAIR,PORT BLAIR,Junglighat Vip Road,-,-,-,-,-,-,11.66083333,92.73250000,25-05-2009 00:00,8.2,314,"","",122,"",35,"",1,"","","",95,20,11,29,"",0.781,"","","","","","","","",""
252,Junglighat Vip Road,CGWB,35,Andaman And Nicobar Islands,602,South Andaman,PORT BLAIR,PORT BLAIR,Junglighat Vip Road,-,-,-,-,-,-,11.66083333,92.73250000,25-05-2010 00:00,8.47,344,"",12,128,"",35,"",43,"","","",95,24,8.51,30,"",0.554,"","","","","","","","",""
253,Junglighat Vip Road,CGWB,35,Andaman And Nicobar Islands,602,South Andaman,PORT BLAIR,PORT BLAIR,Junglighat Vip Road,-,-,-,-,-,-,11.66083333,92.73250000,25-05-2011 00:00,8,374,"","",140,"",50,"",8,"","","",105,28,8.54,31,"","","","","","","","","","",""
254,Junglighat Vip Road,CGWB,35,Andaman And Nicobar Islands,602,South Andaman,PORT BLAIR,PORT BLAIR,Junglighat Vip Road,-,-,-,-,-,-,11.66083333,92.73250000,25-05-2012 00:00,8.3,223,"","",98,"",28,"",1,"","","",75,16,8.53,29,"","","","","","","","","","",""
255,Junglighat Vip Road,CGWB,35,Andaman And Nicobar Islands,602,South Andaman,PORT BLAIR,PORT BLAIR,Junglighat Vip Road,-,-,-,-,-,-,11.66083333,92.73250000,25-05-2013 00:00,7.6,305,"","",122,"",35,"",10,"","","",80,20,7.3,36,"",2.09,"","","","","","","","",""
256,Junglighat Vip Road,CGWB,35,Andaman And Nicobar Islands,602,South Andaman,PORT BLAIR,PORT BLAIR,Junglighat Vip Road,-,-,-,-,-,-,11.66083333,92.73250000,25-05-2016 00:00,8.14,272,168,0,122,"",21,"",2,"",17,"",80,20,7,23,"",1.24,"","","","","","","","",""
257,Junglighat Vip Road,CGWB,35,Andaman And Nicobar Islands,602,South Andaman,PORT BLAIR,PORT BLAIR,Junglighat Vip Road,-,-,-,-,-,-,11.66083333,92.73250000,25-05-2018 00:00,7.92,267,179.216,0,97.6,80,31.905,"",13.96,"",19.5,"",75,16,8.505,27.62,"",2.38,0,"","","","","","","",""
258,Kadamtala,CGWB,35,Andaman And Nicobar Islands,632,North Middle Andaman,RONGET,RONGET,Kadamtala,-,-,-,-,-,-,12.34472222,92.77888889,25-05-2004 00:00,8.13,654,"","",305,"",21,"",25,"","","",200,42,23,38,"",0.3,"","","","","","","","",""
259,Kadamtala,CGWB,35,Andaman And Nicobar Islands,632,North Middle Andaman,RONGET,RONGET,Kadamtala,-,-,-,-,-,-,12.34472222,92.77888889,25-05-2005 00:00,8.19,653,"","",336,"",21,"",23,"","","",210,38,28,51,"",0.06,"","","","","","","","",""
260,Kadamtala,CGWB,35,Andaman And Nicobar Islands,632,North Middle Andaman,RONGET,RONGET,Kadamtala,-,-,-,-,-,-,12.34472222,92.77888889,25-05-2007 00:00,7.86,615,"","",335,"",28,"",22,"","","",200,36,27,56,"",0.19,"","","","","","","","",""
261,Kadamtala,CGWB,35,Andaman And Nicobar Islands,632,North Middle Andaman,RONGET,RONGET,Kadamtala,-,-,-,-,-,-,12.34472222,92.77888889,25-05-2016 00:00,7.93,605,363,0,311,"",28,"",18,"",12,"",215,46,24,42,"",0.09,"","","","","","","","",""
262,Kadamtala,CGWB,35,Andaman And Nicobar Islands,632,North Middle Andaman,RONGET,RONGET,Kadamtala,-,-,-,-,-,-,12.34472222,92.77888889,25-05-2018 00:00,7.94,209,126.563,0,109.8,90,7.09,"",11.08,"",4.79,"",95,12,15.795,6.17,"",0.207,0,"","","","","","","",""
263,Kadamtala,CGWB,35,Andaman And Nicobar Islands,632,North Middle Andaman,RONGET,RONGET,Kadamtala,-,-,-,-,-,-,12.34472222,92.77888889,30-05-2019 08:00,7.31,660.9,"",0,402.6,"",28.36,"","","","","",275,46,38.834953,59.8,"","","","","","","","","","",""
264,Kadamtala,CGWB,35,Andaman And Nicobar Islands,632,North Middle Andaman,RONGET,RONGET,Kadamtala,-,-,-,-,-,-,12.34472222,92.77888889,30-05-2020 08:00,7.31,660.9,"","",402.6,"",28.36,"","","","","","",46,38.834953,59.8,"","","","","","","","","","",""
265,Kadamtala,CGWB,35,Andaman And Nicobar Islands,632,North Middle Andaman,RONGET,RONGET,Kadamtala,-,-,-,-,-,-,12.34472222,92.77888889,30-05-2021 08:00,7.37,758,492.7,0,396.5,"",28.4,"",7.53,0.77,"","",320,28,60.75,21.3,"","","","","","","","","","",""
266,Kalpathar,CGWB,35,Andaman And Nicobar Islands,602,South Andaman,PORT BLAIR,PORT BLAIR,Kalpathar,-,-,-,-,-,-,11.97500000,93.00583333,25-05-2013 00:00,8.3,943,"","",415,"",92,"",53,"","","",370,140,5.03,72,"",0.07,"","","","","","","","",""
267,Kalpathar,CGWB,35,Andaman And Nicobar Islands,602,South Andaman,PORT BLAIR,PORT BLAIR,Kalpathar,-,-,-,-,-,-,11.97500000,93.00583333,25-05-2016 00:00,7.92,996,572,0,458,"",57,"",32,"",15,"",260,40,39,105,"",0.34,"","","","","","","","",""
268,Kalpathar,CGWB,35,Andaman And Nicobar Islands,602,South Andaman,PORT BLAIR,PORT BLAIR,Kalpathar,-,-,-,-,-,-,11.97500000,93.00583333,25-05-2018 00:00,8.1,440,258.937,0,225.7,185,17.725,"",3.66,"",21.52,"",170,18,30.375,27.38,"",3.477,0,"","","","","","","",""
269,Kausalyanagar,CGWB,35,Andaman And Nicobar Islands,632,North Middle Andaman,RONGET,RONGET,Kausalyanagar,-,-,-,-,-,-,12.39527778,92.78222222,25-05-2004 00:00,8.17,681,"","",201,"",67,"",40,"","","",125,28,13,75,"",0.2,"","","","","","","","",""
270,Kausalyanagar,CGWB,35,Andaman And Nicobar Islands,632,North Middle Andaman,RONGET,RONGET,Kausalyanagar,-,-,-,-,-,-,12.39527778,92.78222222,25-05-2005 00:00,8.02,284,"","",85,"",28,"",14,"","","",70,24,2.4,26,"",0.06,"","","","","","","","",""
271,Kausalyanagar,CGWB,35,Andaman And Nicobar Islands,632,North Middle Andaman,RONGET,RONGET,Kausalyanagar,-,-,-,-,-,-,12.39527778,92.78222222,25-05-2007 00:00,7.49,623,"","",171,"",113,"",42,"","","",175,52,11,73,"","","","","","","","","","",""
272,Kausalyanagar,CGWB,35,Andaman And Nicobar Islands,632,North Middle Andaman,RONGET,RONGET,Kausalyanagar,-,-,-,-,-,-,12.39527778,92.78222222,25-05-2016 00:00,7.96,461,269,0,171,"",43,"",18,"",15,"",140,36,12,39,"",0.22,"","","","","","","","",""
273,Keralapuram,CGWB,35,Andaman And Nicobar Islands,632,North Middle Andaman,DIGLIPUR,DIGLIPUR,Keralapuram,-,-,-,-,-,-,13.26027778,93.01361111,25-05-2018 00:00,8.46,596,365.233,18,201.3,195,46.085,"",46.85,"",12.27,"",120,18,18.225,79.71,"",0.138,0,"","","","","","","",""
274,Keralapuram,CGWB,35,Andaman And Nicobar Islands,632,North Middle Andaman,DIGLIPUR,DIGLIPUR,Keralapuram,-,-,-,-,-,-,13.26027778,93.01361111,30-05-2019 08:00,7.63,510.3,"",0,231.8,"",38.995,"","","","","",190,38,23.058252,52.6,"","","","","","","","","","",""
275,Keralapuram,CGWB,35,Andaman And Nicobar Islands,632,North Middle Andaman,DIGLIPUR,DIGLIPUR,Keralapuram,-,-,-,-,-,-,13.26027778,93.01361111,30-05-2020 08:00,7.63,510.3,"","",231.8,"",38.995,"","","","","","",38,23.058252,52.6,"","","","","","","","","","",""
276,Keralapuram,CGWB,35,Andaman And Nicobar Islands,632,North Middle Andaman,DIGLIPUR,DIGLIPUR,Keralapuram,-,-,-,-,-,-,13.26027778,93.01361111,30-05-2021 08:00,7.8,640,"",0,280.6,"",35.45,"",24,0,"","",260,44,36,33,"","","","","","","","","","",""
277,Kishorinagar (Parangara),CGWB,35,Andaman And Nicobar Islands,632,North Middle Andaman,DIGLIPUR,DIGLIPUR,Kishorinagar (Parangara),-,-,-,-,-,-,13.16527778,92.88138889,25-05-2018 00:00,8.19,470,268.678,0,170.8,140,38.995,"",35.06,"",6.08,"",175,16,32.805,31.95,"",0.382,0,"","","","","","","",""
278,Kishorinagar (Parangara),CGWB,35,Andaman And Nicobar Islands,632,North Middle Andaman,DIGLIPUR,DIGLIPUR,Kishorinagar (Parangara),-,-,-,-,-,-,13.16527778,92.88138889,30-05-2019 08:00,8.07,88.06,"",0,91.5,"",17.725,"","","","","",125,16,20.631067,7.12,"","","","","","","","","","",""
279,Kishorinagar (Parangara),CGWB,35,Andaman And Nicobar Islands,632,North Middle Andaman,DIGLIPUR,DIGLIPUR,Kishorinagar (Parangara),-,-,-,-,-,-,13.16527778,92.88138889,30-05-2020 08:00,8.07,88.06,"","",91.5,"",17.725,"","","","","","",16,20.631067,7.12,"","","","","","","","","","",""
280,Kishorinagar (Parangara),CGWB,35,Andaman And Nicobar Islands,632,North Middle Andaman,DIGLIPUR,DIGLIPUR,Kishorinagar (Parangara),-,-,-,-,-,-,13.16527778,92.88138889,30-05-2021 08:00,7,718,"",0,256.2,"",92.17,"",24,0,"","",310,76,28.8,28,"","","","","","","","","","",""
281,Knoppuram,CGWB,35,Andaman And Nicobar Islands,602,South Andaman,FERRARGUNJ,FERRARGUNJ,Knoppuram,-,-,-,-,-,-,11.73277778,92.70888889,25-05-2013 00:00,7.4,480,"","",110,"",82,"",46,"","","",150,40,12.21,51,"",0.17,"","","","","","","","",""
282,Knoppuram,CGWB,35,Andaman And Nicobar Islands,602,South Andaman,FERRARGUNJ,FERRARGUNJ,Knoppuram,-,-,-,-,-,-,11.73277778,92.70888889,25-05-2018 00:00,8.36,586,358.099,12,207.4,190,28.36,"",71.89,"",18.36,"",230,26,40.095,35.96,"",0.291,0,"","","","","","","",""
283,Knoppuram,CGWB,35,Andaman And Nicobar Islands,602,South Andaman,FERRARGUNJ,FERRARGUNJ,Knoppuram,-,-,-,-,-,-,11.73277778,92.70888889,30-05-2019 08:00,7.31,753.2,"",0,183,"",35.45,"","","","","",115,22,14.563107,39.4,"","","","","","","","","","",""
284,Knoppuram,CGWB,35,Andaman And Nicobar Islands,602,South Andaman,FERRARGUNJ,FERRARGUNJ,Knoppuram,-,-,-,-,-,-,11.73277778,92.70888889,30-05-2020 08:00,7.31,753.2,"","",183,"",35.45,"","","","","","",22,14.563107,39.4,"","","","","","","","","","",""
285,Knoppuram,CGWB,35,Andaman And Nicobar Islands,602,South Andaman,FERRARGUNJ,FERRARGUNJ,Knoppuram,-,-,-,-,-,-,11.73277778,92.70888889,30-05-2021 08:00,7.75,440,286,0,250.1,"",14.2,"",5.65,0,"","",175,18,31.59,21.65,"","","","","","","","","","",""
286,Kodiaghat,CGWB,35,Andaman And Nicobar Islands,602,South Andaman,PORT BLAIR,PORT BLAIR,Kodiaghat,-,-,-,-,-,-,11.52388889,92.72166667,25-05-2004 00:00,7.9,400,"","",146,"",64,"",6,"","","",190,42,21,11,"","","","","","","","","","",""
287,Kodiaghat,CGWB,35,Andaman And Nicobar Islands,602,South Andaman,PORT BLAIR,PORT BLAIR,Kodiaghat,-,-,-,-,-,-,11.52388889,92.72166667,25-05-2005 00:00,8.23,448,"","",230,"",18,"",2,"","","",190,42,21,13,"",0.08,"","","","","","","","",""
288,Kodiaghat,CGWB,35,Andaman And Nicobar Islands,602,South Andaman,PORT BLAIR,PORT BLAIR,Kodiaghat,-,-,-,-,-,-,11.52388889,92.72166667,25-05-2007 00:00,8.24,338,"","",177,"",32,"",4,"","","",175,46,15,14,"",0.74,"","","","","","","","",""
289,Kodiaghat,CGWB,35,Andaman And Nicobar Islands,602,South Andaman,PORT BLAIR,PORT BLAIR,Kodiaghat,-,-,-,-,-,-,11.52388889,92.72166667,25-05-2009 00:00,7.14,396,"","",177,"",21,"",1,"","","",160,34,18.28,12,"",0.033,"","","","","","","","",""
290,Kodiaghat,CGWB,35,Andaman And Nicobar Islands,602,South Andaman,PORT BLAIR,PORT BLAIR,Kodiaghat,-,-,-,-,-,-,11.52388889,92.72166667,25-05-2010 00:00,7.8,1980,"","",335,"",415,"",31,"","","",395,114,26.88,275,"",0.4,"","","","","","","","",""
291,Kodiaghat,CGWB,35,Andaman And Nicobar Islands,602,South Andaman,PORT BLAIR,PORT BLAIR,Kodiaghat,-,-,-,-,-,-,11.52388889,92.72166667,25-05-2011 00:00,7.7,266,"","",183,"",11,"",2,"","","",130,38,8.56,13,"",0.06,"","","","","","","","",""
292,Kodiaghat,CGWB,35,Andaman And Nicobar Islands,602,South Andaman,PORT BLAIR,PORT BLAIR,Kodiaghat,-,-,-,-,-,-,11.52388889,92.72166667,25-05-2012 00:00,8.1,651,"","",281,"",67,"","","","","",220,40,29.22,36,"",1.45,"","","","","","","","",""
293,Kodiaghat,CGWB,35,Andaman And Nicobar Islands,602,South Andaman,PORT BLAIR,PORT BLAIR,Kodiaghat,-,-,-,-,-,-,11.52388889,92.72166667,25-05-2013 00:00,8.2,300,"","",171,"",7,"",4.5,"","","",135,32,13.41,11,"",0.19,"","","","","","","","",""
294,Kodiaghat,CGWB,35,Andaman And Nicobar Islands,602,South Andaman,PORT BLAIR,PORT BLAIR,Kodiaghat,-,-,-,-,-,-,11.52388889,92.72166667,25-05-2016 00:00,8.02,636,354,0,214,"",85,"",11,"",10,"",195,50,17,47,"",0.48,"","","","","","","","",""
295,Kodiaghat,CGWB,35,Andaman And Nicobar Islands,602,South Andaman,PORT BLAIR,PORT BLAIR,Kodiaghat,-,-,-,-,-,-,11.52388889,92.72166667,25-05-2018 00:00,8.17,254,162.643,0,140.3,115,10.635,"",5.17,"",18.22,"",120,14,20.655,7.31,"",0.146,0,"","","","","","","",""
296,Kodiaghat,CGWB,35,Andaman And Nicobar Islands,602,South Andaman,PORT BLAIR,PORT BLAIR,Kodiaghat,-,-,-,-,-,-,11.52388889,92.72166667,30-05-2019 08:00,7.63,253.5,"",0,183,"",60.265,"","","","","",125,26,14.563107,75.6,"","","","","","","","","","",""
297,Kodiaghat,CGWB,35,Andaman And Nicobar Islands,602,South Andaman,PORT BLAIR,PORT BLAIR,Kodiaghat,-,-,-,-,-,-,11.52388889,92.72166667,30-05-2020 08:00,7.63,253.5,"","",183,"",60.265,"","","","","","",26,14.563107,75.6,"","","","","","","","","","",""
298,Kodiaghat,CGWB,35,Andaman And Nicobar Islands,602,South Andaman,PORT BLAIR,PORT BLAIR,Kodiaghat,-,-,-,-,-,-,11.52388889,92.72166667,30-05-2021 08:00,8.08,336,218.4,0,134.2,"",24.85,"",14.36,0,"","",130,32,12.15,14.03,"","","","","","","","","","",""
299,Krishnanagar,CGWB,35,Andaman And Nicobar Islands,602,South Andaman,PORT BLAIR,PORT BLAIR,Krishnanagar,-,-,-,-,-,-,12.00027778,92.97611111,25-05-2013 00:00,7.8,388,"","",183,"",25,"",24,"","","",180,60,7.37,14,"",0.15,"","","","","","","","",""
300,Krishnanagar,CGWB,35,Andaman And Nicobar Islands,602,South Andaman,PORT BLAIR,PORT BLAIR,Krishnanagar,-,-,-,-,-,-,12.00027778,92.97611111,25-05-2016 00:00,7.76,530,299,0,207,"",50,"",8,"",20,"",240,56,24,13,"",0.48,"","","","","","","","",""
301,Krishnanagar,CGWB,35,Andaman And Nicobar Islands,602,South Andaman,PORT BLAIR,PORT BLAIR,Krishnanagar,-,-,-,-,-,-,12.00027778,92.97611111,25-05-2018 00:00,8.21,397,250.731,0,189.1,155,17.725,"",19.35,"",17.41,"",155,16,27.945,25.91,"",0.253,0,"","","","","","","",""
302,Krishnanagar,CGWB,35,Andaman And Nicobar Islands,602,South Andaman,PORT BLAIR,PORT BLAIR,Krishnanagar,-,-,-,-,-,-,12.00027778,92.97611111,30-05-2019 08:00,7.61,352.6,"",0,219.6,"",63.81,"","","","","",170,60,4.854369,66.3,"","","","","","","","","","",""
303,Krishnanagar,CGWB,35,Andaman And Nicobar Islands,602,South Andaman,PORT BLAIR,PORT BLAIR,Krishnanagar,-,-,-,-,-,-,12.00027778,92.97611111,30-05-2020 08:00,7.61,352.6,"","",219.6,"",63.81,"","","","","","",60,4.854369,66.3,"","","","","","","","","","",""
304,Krishnanagar,CGWB,35,Andaman And Nicobar Islands,602,South Andaman,PORT BLAIR,PORT BLAIR,Krishnanagar,-,-,-,-,-,-,12.00027778,92.97611111,30-05-2021 08:00,7.34,363,235.95,0,134.2,"",24.85,"",15.36,0.63,"","",150,30,18.225,9.45,"","","","","","","","","","",""
305,Lamba Line,CGWB,35,Andaman And Nicobar Islands,602,South Andaman,PORT BLAIR,PORT BLAIR,Lamba Line,-,-,-,-,-,-,11.64250000,92.72666667,25-05-2013 00:00,7.4,446,"","",146,"",53,"",20,"","","",110,32,7.33,51,"",2.4,"","","","","","","","",""
306,Lamba Line,CGWB,35,Andaman And Nicobar Islands,602,South Andaman,PORT BLAIR,PORT BLAIR,Lamba Line,-,-,-,-,-,-,11.64250000,92.72666667,25-05-2016 00:00,8.21,503,313,0,140,"",92,"",20,"",22,"",170,36,19,35,"",0.28,"","","","","","","","",""
307,Lamba Line,CGWB,35,Andaman And Nicobar Islands,602,South Andaman,PORT BLAIR,PORT BLAIR,Lamba Line,-,-,-,-,-,-,11.64250000,92.72666667,25-05-2018 00:00,8.24,643,361.425,0,244,200,35.45,"",41.52,"",18.54,"",210,18,40.095,36.06,"",0.422,0,"","","","","","","",""
308,Lamba Line,CGWB,35,Andaman And Nicobar Islands,602,South Andaman,PORT BLAIR,PORT BLAIR,Lamba Line,-,-,-,-,-,-,11.64250000,92.72666667,30-05-2019 08:00,7.81,394.7,"",0,146.4,"",63.81,"","","","","",250,34,40.048542,46.3,"","","","","","","","","","",""
309,Lamba Line,CGWB,35,Andaman And Nicobar Islands,602,South Andaman,PORT BLAIR,PORT BLAIR,Lamba Line,-,-,-,-,-,-,11.64250000,92.72666667,30-05-2020 08:00,7.81,394.7,"","",146.4,"",63.81,"","","","","","",34,40.048542,46.3,"","","","","","","","","","",""
310,Lamba Line,CGWB,35,Andaman And Nicobar Islands,602,South Andaman,PORT BLAIR,PORT BLAIR,Lamba Line,-,-,-,-,-,-,11.64250000,92.72666667,30-05-2021 08:00,8.01,606,393.9,0,274.5,"",46.15,"",5.64,0,"","",210,16,41.31,38.12,"","","","","","","","","","",""
311,Laxmanpur,CGWB,35,Andaman And Nicobar Islands,602,South Andaman,PORT BLAIR,PORT BLAIR,Laxmanpur,-,-,-,-,-,-,11.83194444,93.01722222,25-05-2011 00:00,7.5,554,"","",287,"",53,"",21,"","","",245,90,4.86,22,"",0.02,"","","","","","","","",""
312,Laxmanpur,CGWB,35,Andaman And Nicobar Islands,602,South Andaman,PORT BLAIR,PORT BLAIR,Laxmanpur,-,-,-,-,-,-,11.83194444,93.01722222,25-05-2012 00:00,8.3,590,"","",195,"",38,"",7,"","","",145,12,15,112,"","","","","","","","","","",""
313,Laxmanpur,CGWB,35,Andaman And Nicobar Islands,602,South Andaman,PORT BLAIR,PORT BLAIR,Laxmanpur,-,-,-,-,-,-,11.83194444,93.01722222,25-05-2013 00:00,7.7,1530,"","",366,"",142,"",235,"","","",340,104,19.58,179,"",0.05,"","","","","","","","",""
314,Laxmanpur,CGWB,35,Andaman And Nicobar Islands,602,South Andaman,PORT BLAIR,PORT BLAIR,Laxmanpur,-,-,-,-,-,-,11.83194444,93.01722222,25-05-2016 00:00,7.55,888,520,0,256,"",149,"",20,"",15,"",220,70,11,85,"",0.09,"","","","","","","","",""
315,Laxmanpur,CGWB,35,Andaman And Nicobar Islands,602,South Andaman,PORT BLAIR,PORT BLAIR,Laxmanpur,-,-,-,-,-,-,11.83194444,93.01722222,25-05-2018 00:00,8.24,350,206.097,0,164.7,135,24.815,"",9.51,"",10.12,"",150,26,20.655,9.05,"",0.262,0,"","","","","","","",""
316,Laxmanpur,CGWB,35,Andaman And Nicobar Islands,602,South Andaman,PORT BLAIR,PORT BLAIR,Laxmanpur,-,-,-,-,-,-,11.83194444,93.01722222,30-05-2019 08:00,7.73,810,548,0,262,"",50,"","","","","",340,46,54.76,29,"","","","","","","","","","",""
317,Laxmanpur,CGWB,35,Andaman And Nicobar Islands,602,South Andaman,PORT BLAIR,PORT BLAIR,Laxmanpur,-,-,-,-,-,-,11.83194444,93.01722222,30-05-2020 08:00,7.73,810,"","",262,"",50,"","","","","","",46,54.76,29,"","","","","","","","","","",""
318,Laxmipur,CGWB,35,Andaman And Nicobar Islands,632,North Middle Andaman,DIGLIPUR,DIGLIPUR,Laxmipur,-,-,-,-,-,-,13.28555556,93.00305556,25-05-2004 00:00,8.15,740,"","",378,"",60,"",12,"","","",325,22,66,39,"","","","","","","","","","",""
319,Laxmipur,CGWB,35,Andaman And Nicobar Islands,632,North Middle Andaman,DIGLIPUR,DIGLIPUR,Laxmipur,-,-,-,-,-,-,13.28555556,93.00305556,25-05-2005 00:00,8.8,759,"",27,311,"",53,"",30,"","","",345,28,67,25,"",0.1,"","","","","","","","",""
320,Laxmipur,CGWB,35,Andaman And Nicobar Islands,632,North Middle Andaman,DIGLIPUR,DIGLIPUR,Laxmipur,-,-,-,-,-,-,13.28555556,93.00305556,25-05-2007 00:00,7.76,690,"","",348,"",82,"",33,"","","",345,28,67,26,"",0.08,"","","","","","","","",""
321,Laxmipur,CGWB,35,Andaman And Nicobar Islands,632,North Middle Andaman,DIGLIPUR,DIGLIPUR,Laxmipur,-,-,-,-,-,-,13.28555556,93.00305556,25-05-2016 00:00,8.17,573,325,0,275,"",28,"",29,"",16,"",260,22,50,11,"",0.29,"","","","","","","","",""
322,Laxmipur,CGWB,35,Andaman And Nicobar Islands,632,North Middle Andaman,DIGLIPUR,DIGLIPUR,Laxmipur,-,-,-,-,-,-,13.28555556,93.00305556,25-05-2018 00:00,8.11,523,297.512,0,225.7,185,10.635,"",47.62,"",7.43,"",230,16,46.17,21.27,"",0.295,0,"","","","","","","",""
323,Laxmipur,CGWB,35,Andaman And Nicobar Islands,632,North Middle Andaman,DIGLIPUR,DIGLIPUR,Laxmipur,-,-,-,-,-,-,13.28555556,93.00305556,30-05-2019 08:00,7.61,1107,"",0,268.4,"",24.5,"","","","","",270,40,41.262135,152.3,"","","","","","","","","","",""
324,Laxmipur,CGWB,35,Andaman And Nicobar Islands,632,North Middle Andaman,DIGLIPUR,DIGLIPUR,Laxmipur,-,-,-,-,-,-,13.28555556,93.00305556,30-05-2020 08:00,7.61,1107,"","",268.4,"",24.5,"","","","","","",40,41.262135,152.3,"","","","","","","","","","",""
325,Laxmipur,CGWB,35,Andaman And Nicobar Islands,632,North Middle Andaman,DIGLIPUR,DIGLIPUR,Laxmipur,-,-,-,-,-,-,13.28555556,93.00305556,30-05-2021 08:00,7.7,702,"",0,317.2,"",42.54,"",40,0,"","",310,56,40.8,30,"","","","","","","","","","",""
326,Light House,CGWB,35,Andaman And Nicobar Islands,602,South Andaman,PORT BLAIR,PORT BLAIR,Light House,-,-,-,-,-,-,11.66777778,92.73750000,25-05-2004 00:00,7.87,918,"","",396,"",56,"",80,"","","",375,80,43,59,"","","","","","","","","","",""
327,Light House,CGWB,35,Andaman And Nicobar Islands,602,South Andaman,PORT BLAIR,PORT BLAIR,Light House,-,-,-,-,-,-,11.66777778,92.73750000,25-05-2009 00:00,8.18,696,"","",354,"",50,"",26,"","","",65,10,9.72,145,"",0.44,"","","","","","","","",""
328,Light House,CGWB,35,Andaman And Nicobar Islands,602,South Andaman,PORT BLAIR,PORT BLAIR,Light House,-,-,-,-,-,-,11.66777778,92.73750000,25-05-2010 00:00,8.17,761,"","",201,"",82,"",31,"","","",95,18,12.18,205,"",0.07,"","","","","","","","",""
329,Light House,CGWB,35,Andaman And Nicobar Islands,602,South Andaman,PORT BLAIR,PORT BLAIR,Light House,-,-,-,-,-,-,11.66777778,92.73750000,25-05-2011 00:00,8.2,860,"","",494,"",53,"",32,"","","",140,38,11,160,"","","","","","","","","","",""
330,Light House,CGWB,35,Andaman And Nicobar Islands,602,South Andaman,PORT BLAIR,PORT BLAIR,Light House,-,-,-,-,-,-,11.66777778,92.73750000,25-05-2012 00:00,8.3,476,"","",128,"",35,"",93,"","","",205,30,31.64,23,"",0.07,"","","","","","","","",""
331,Light House,CGWB,35,Andaman And Nicobar Islands,602,South Andaman,PORT BLAIR,PORT BLAIR,Light House,-,-,-,-,-,-,11.66777778,92.73750000,25-05-2013 00:00,8.2,820,"","",366,"",57,"",33,"","","",250,20,48.65,69,"",0.21,"","","","","","","","",""
332,Light House,CGWB,35,Andaman And Nicobar Islands,602,South Andaman,PORT BLAIR,PORT BLAIR,Light House,-,-,-,-,-,-,11.66777778,92.73750000,25-05-2016 00:00,8.05,697,406,0,348,"",21,"",29,"",10,"",170,32,22,77,"",0.22,"","","","","","","","",""
333,Light House,CGWB,35,Andaman And Nicobar Islands,602,South Andaman,PORT BLAIR,PORT BLAIR,Light House,-,-,-,-,-,-,11.66777778,92.73750000,30-05-2019 08:00,7.5,939.8,"",0,530.7,"",85.8,"","","","","",135,10,26.69903,143.9,"","","","","","","","","","",""
334,Light House,CGWB,35,Andaman And Nicobar Islands,602,South Andaman,PORT BLAIR,PORT BLAIR,Light House,-,-,-,-,-,-,11.66777778,92.73750000,30-05-2020 08:00,7.5,939.8,"","",530.7,"",85.8,"","","","","","",10,26.69903,143.9,"","","","","","","","","","",""
335,Light House,CGWB,35,Andaman And Nicobar Islands,602,South Andaman,PORT BLAIR,PORT BLAIR,Light House,-,-,-,-,-,-,11.66777778,92.73750000,30-05-2021 08:00,7.92,926,601.9,0,481.9,"",21.3,"",20.09,0,"","",140,20,21.87,140.32,"","","","","","","","","","",""
336,Long Island,CGWB,35,Andaman And Nicobar Islands,632,North Middle Andaman,RONGET,RONGET,Long Island,-,-,-,-,-,-,12.36805556,92.92000000,25-05-2018 00:00,8.32,896,530.927,0,469.7,385,10.635,"",23.2,"",16.89,"",240,18,47.385,91.1,"",0.295,0,"","","","","","","",""
337,Long Island,CGWB,35,Andaman And Nicobar Islands,632,North Middle Andaman,RONGET,RONGET,Long Island,-,-,-,-,-,-,12.36805556,92.92000000,30-05-2019 08:00,7.52,633.6,"",0,335.5,"",42.54,"","","","","",240,44,31.553398,89.6,"","","","","","","","","","",""
338,Long Island,CGWB,35,Andaman And Nicobar Islands,632,North Middle Andaman,RONGET,RONGET,Long Island,-,-,-,-,-,-,12.36805556,92.92000000,30-05-2020 08:00,7.52,633.6,"","",335.5,"",42.54,"","","","","","",44,31.553398,89.6,"","","","","","","","","","",""
339,Long Island,CGWB,35,Andaman And Nicobar Islands,632,North Middle Andaman,RONGET,RONGET,Long Island,-,-,-,-,-,-,12.36805556,92.92000000,30-05-2021 08:00,7.46,505,328.25,0,237.9,"",21.3,"",14.17,0,"","",220,26,37.665,12.62,"","","","","","","","","","",""
340,Long Island (Forest Area),CGWB,35,Andaman And Nicobar Islands,632,North Middle Andaman,RONGET,RONGET,Long Island Forest Area,-,-,-,-,-,-,12.36666667,92.92277778,25-05-2018 00:00,8.02,424,237.984,0,176.9,145,28.36,"",26.88,"",8.02,"",165,12,32.805,18.25,"",0.195,0,"","","","","","","",""
341,Long Island (Forest Area),CGWB,35,Andaman And Nicobar Islands,632,North Middle Andaman,RONGET,RONGET,Long Island Forest Area,-,-,-,-,-,-,12.36666667,92.92277778,30-05-2019 08:00,7.47,1064,"",0,603.9,"",28.36,"","","","","",385,46,65.53398,95.9,"","","","","","","","","","",""
342,Long Island (Forest Area),CGWB,35,Andaman And Nicobar Islands,632,North Middle Andaman,RONGET,RONGET,Long Island Forest Area,-,-,-,-,-,-,12.36666667,92.92277778,30-05-2020 08:00,7.47,1064,"","",603.9,"",28.36,"","","","","","",46,65.53398,95.9,"","","","","","","","","","",""
343,Long Island (Forest Area),CGWB,35,Andaman And Nicobar Islands,632,North Middle Andaman,RONGET,RONGET,Long Island Forest Area,-,-,-,-,-,-,12.36666667,92.92277778,30-05-2021 08:00,7.43,625,406.25,0,305,"",28.4,"",15.55,1.15,"","",275,36,44.955,11.72,"","","","","","","","","","",""
344,Long Island Sec School,CGWB,35,Andaman And Nicobar Islands,632,North Middle Andaman,RONGET,RONGET,Long Island Sec School,-,-,-,-,-,-,12.36611111,92.92027778,25-05-2018 00:00,8.02,827,467.888,0,201.3,165,102.805,"",82.52,"",9.08,"",235,14,48.6,82.88,"",0.232,0,"","","","","","","",""
345,Mamyo,CGWB,35,Andaman And Nicobar Islands,602,South Andaman,PORT BLAIR,PORT BLAIR,Mamyo,-,-,-,-,-,-,11.59750000,92.63277778,25-05-2013 00:00,7.5,300,"","",116,"",25,"",25,"","","",120,28,12.19,21,"",0.53,"","","","","","","","",""
346,Mamyo,CGWB,35,Andaman And Nicobar Islands,602,South Andaman,PORT BLAIR,PORT BLAIR,Mamyo,-,-,-,-,-,-,11.59750000,92.63277778,25-05-2016 00:00,7.36,401,250,0,104,"",71,"",24,"",18,"",195,42,22,5,"",1.08,"","","","","","","","",""
347,Mamyo,CGWB,35,Andaman And Nicobar Islands,602,South Andaman,PORT BLAIR,PORT BLAIR,Mamyo,-,-,-,-,-,-,11.59750000,92.63277778,25-05-2018 00:00,8.32,723,404.141,6,219.6,190,53.175,"",55.82,"",11.26,"",225,14,46.17,63.75,"",0.33,0,"","","","","","","",""
348,Mamyo,CGWB,35,Andaman And Nicobar Islands,602,South Andaman,PORT BLAIR,PORT BLAIR,Mamyo,-,-,-,-,-,-,11.59750000,92.63277778,30-05-2019 08:00,7.73,243,"",0,103.7,"",70.9,"","","","","",285,16,59.46602,27.3,"","","","","","","","","","",""
349,Mamyo,CGWB,35,Andaman And Nicobar Islands,602,South Andaman,PORT BLAIR,PORT BLAIR,Mamyo,-,-,-,-,-,-,11.59750000,92.63277778,30-05-2020 08:00,7.73,243,"","",103.7,"",70.9,"","","","","","",16,59.46602,27.3,"","","","","","","","","","",""
350,Mamyo,CGWB,35,Andaman And Nicobar Islands,602,South Andaman,PORT BLAIR,PORT BLAIR,Mamyo,-,-,-,-,-,-,11.59750000,92.63277778,30-05-2021 08:00,8.1,511,332.15,0,140.3,"",39.05,"",49.28,0,"","",210,26,35.235,19.3,"","","","","","","","","","",""
351,Manglutan,CGWB,35,Andaman And Nicobar Islands,602,South Andaman,PORT BLAIR,PORT BLAIR,Manglutan,-,-,-,-,-,-,11.57166667,92.66027778,25-05-2013 00:00,8.2,278,"","",98,"",28,"",15,"","","",70,16,7.31,31,"",0.66,"","","","","","","","",""
352,Manglutan,CGWB,35,Andaman And Nicobar Islands,602,South Andaman,PORT BLAIR,PORT BLAIR,Manglutan,-,-,-,-,-,-,11.57166667,92.66027778,25-05-2016 00:00,7.5,250,157,0,92,"",25,"",9,"",23,"",110,24,12,6,"",0.97,"","","","","","","","",""
353,Manglutan,CGWB,35,Andaman And Nicobar Islands,602,South Andaman,PORT BLAIR,PORT BLAIR,Manglutan,-,-,-,-,-,-,11.57166667,92.66027778,25-05-2018 00:00,7.9,129,87.263,0,48.8,40,14.18,"",8.21,"",9.27,"",55,12,6.075,6.67,"",0.409,0,"","","","","","","",""
354,Manjeri,CGWB,35,Andaman And Nicobar Islands,602,South Andaman,PORT BLAIR,PORT BLAIR,Manjeri,-,-,-,-,-,-,11.53333333,92.65277778,25-05-2013 00:00,8.2,450,"","",61,"",85,"",47,"","","",60,12,7.31,78,"",1.1,"","","","","","","","",""
355,Manjeri,CGWB,35,Andaman And Nicobar Islands,602,South Andaman,PORT BLAIR,PORT BLAIR,Manjeri,-,-,-,-,-,-,11.53333333,92.65277778,25-05-2016 00:00,8.11,368,232,0,159,"",18,"",21,"",16,"",55,16,4,57,"",3.04,"","","","","","","","",""
356,Manjeri,CGWB,35,Andaman And Nicobar Islands,602,South Andaman,PORT BLAIR,PORT BLAIR,Manjeri,-,-,-,-,-,-,11.53333333,92.65277778,25-05-2018 00:00,8.06,250,173.391,0,97.6,80,24.815,"",14.72,"",17.43,"",50,20,0,35.12,"",0.15,0,"","","","","","","",""
357,Mannar Ghat,CGWB,35,Andaman And Nicobar Islands,602,South Andaman,FERRARGUNJ,FERRARGUNJ,Mannar Ghat,-,-,-,-,-,-,11.76722222,92.70583333,25-05-2013 00:00,7.7,630,"","",305,"",21,"",55,"","","",260,72,19.54,32,"",1.98,"","","","","","","","",""
358,Mannar Ghat,CGWB,35,Andaman And Nicobar Islands,602,South Andaman,FERRARGUNJ,FERRARGUNJ,Mannar Ghat,-,-,-,-,-,-,11.76722222,92.70583333,25-05-2016 00:00,7.91,745,440,0,323,"",53,"",20,"",19,"",270,90,11,41,"",0.48,"","","","","","","","",""
359,Mannar Ghat,CGWB,35,Andaman And Nicobar Islands,602,South Andaman,FERRARGUNJ,FERRARGUNJ,Mannar Ghat,-,-,-,-,-,-,11.76722222,92.70583333,25-05-2018 00:00,7.73,113,78.011,0,36.6,30,10.635,"",6.53,"",16.85,"",40,12,2.43,5.7,"",0.262,0,"","","","","","","",""
360,Marina Park,CGWB,35,Andaman And Nicobar Islands,602,South Andaman,PORT BLAIR,PORT BLAIR,Marina Park,-,-,-,-,-,-,11.66055556,92.74333333,25-05-2004 00:00,7.93,1030,"","",476,"",120,"",2,"","","",400,74,52,76,"",1.6,"","","","","","","","",""
361,Marina Park,CGWB,35,Andaman And Nicobar Islands,602,South Andaman,PORT BLAIR,PORT BLAIR,Marina Park,-,-,-,-,-,-,11.66055556,92.74333333,25-05-2005 00:00,8.21,1310,"","",281,"",248,"",38,"","","",315,102,15,133,"",0.15,"","","","","","","","",""
362,Marina Park,CGWB,35,Andaman And Nicobar Islands,602,South Andaman,PORT BLAIR,PORT BLAIR,Marina Park,-,-,-,-,-,-,11.66055556,92.74333333,25-05-2007 00:00,7.8,1340,"","",415,"",188,"",11,"","","",375,120,18,132,"",2.15,"","","","","","","","",""
363,Marina Park,CGWB,35,Andaman And Nicobar Islands,602,South Andaman,PORT BLAIR,PORT BLAIR,Marina Park,-,-,-,-,-,-,11.66055556,92.74333333,25-05-2009 00:00,8.2,271,"","",122,"",32,"",11,"","","",110,22,13,24,"",0.57,"","","","","","","","",""
364,Marina Park,CGWB,35,Andaman And Nicobar Islands,602,South Andaman,PORT BLAIR,PORT BLAIR,Marina Park,-,-,-,-,-,-,11.66055556,92.74333333,25-05-2010 00:00,7.68,1100,"","",378,"",191,"",2,"","","",290,76,24.41,155,"",0.88,"","","","","","","","",""
365,Marina Park,CGWB,35,Andaman And Nicobar Islands,602,South Andaman,PORT BLAIR,PORT BLAIR,Marina Park,-,-,-,-,-,-,11.66055556,92.74333333,25-05-2011 00:00,7.8,775,"","",397,"",106,"",8,"","","",335,116,11.08,62,"","","","","","","","","","",""
366,Marina Park,CGWB,35,Andaman And Nicobar Islands,602,South Andaman,PORT BLAIR,PORT BLAIR,Marina Park,-,-,-,-,-,-,11.66055556,92.74333333,25-05-2012 00:00,8.2,518,"","",177,"",71,"",20,"","","",135,32,13.41,53,"",0.06,"","","","","","","","",""
367,Marina Park,CGWB,35,Andaman And Nicobar Islands,602,South Andaman,PORT BLAIR,PORT BLAIR,Marina Park,-,-,-,-,-,-,11.66055556,92.74333333,25-05-2013 00:00,8.2,850,"","",342,"",85,"",14,"","","",210,76,4.96,100,"",0.21,"","","","","","","","",""
368,Marina Park,CGWB,35,Andaman And Nicobar Islands,602,South Andaman,PORT BLAIR,PORT BLAIR,Marina Park,-,-,-,-,-,-,11.66055556,92.74333333,25-05-2016 00:00,7.76,760,431,0,342,"",60,"",5,"",14,"",270,72,22,45,"",0.96,"","","","","","","","",""
369,Marina Park,CGWB,35,Andaman And Nicobar Islands,602,South Andaman,PORT BLAIR,PORT BLAIR,Marina Park,-,-,-,-,-,-,11.66055556,92.74333333,25-05-2018 00:00,8.18,399,247.485,0,183,150,28.36,"",21.8,"",18.09,"",155,16,27.945,22.32,"",0.358,0,"","","","","","","",""
370,Marina Park,CGWB,35,Andaman And Nicobar Islands,602,South Andaman,PORT BLAIR,PORT BLAIR,Marina Park,-,-,-,-,-,-,11.66055556,92.74333333,30-05-2019 08:00,7.57,520.1,"",0,317.2,"",38.995,"","","","","",220,22,40.048542,31.3,"","","","","","","","","","",""
371,Marina Park,CGWB,35,Andaman And Nicobar Islands,602,South Andaman,PORT BLAIR,PORT BLAIR,Marina Park,-,-,-,-,-,-,11.66055556,92.74333333,30-05-2020 08:00,7.57,520.1,"","",317.2,"",38.995,"","","","","","",22,40.048542,31.3,"","","","","","","","","","",""
372,Marina Park,CGWB,35,Andaman And Nicobar Islands,602,South Andaman,PORT BLAIR,PORT BLAIR,Marina Park,-,-,-,-,-,-,11.66055556,92.74333333,30-05-2021 08:00,8.06,638,414.7,0,262.3,"",35.5,"",45.36,0,"","",140,18,23.085,75.63,"","","","","","","","","","",""
373,Mayabunder,CGWB,35,Andaman And Nicobar Islands,632,North Middle Andaman,MAYABUNDER,MAYABUNDER,Mayabunder,-,-,-,-,-,-,12.87666667,92.88111111,25-05-2004 00:00,8.2,745,"","",342,"",74,"",22,"","","",290,76,24,51,"",0.52,"","","","","","","","",""
374,Mayabunder,CGWB,35,Andaman And Nicobar Islands,632,North Middle Andaman,MAYABUNDER,MAYABUNDER,Mayabunder,-,-,-,-,-,-,12.87666667,92.88111111,25-05-2005 00:00,8.02,710,"","",342,"",35,"",21,"","","",200,42,23,71,"",0.02,"","","","","","","","",""
375,Mayabunder,CGWB,35,Andaman And Nicobar Islands,632,North Middle Andaman,MAYABUNDER,MAYABUNDER,Mayabunder,-,-,-,-,-,-,12.87666667,92.88111111,25-05-2007 00:00,7.82,697,"","",403,"",64,"",22,"","","",270,74,21,74,"",0.04,"","","","","","","","",""
376,Mayabunder,CGWB,35,Andaman And Nicobar Islands,632,North Middle Andaman,MAYABUNDER,MAYABUNDER,Mayabunder,-,-,-,-,-,-,12.87666667,92.88111111,25-05-2018 00:00,8.22,767,436.533,0,353.8,290,38.995,"",21.65,"",10.55,"",205,18,38.88,89.17,"",0.448,0,"","","","","","","",""
377,Milangram,CGWB,35,Andaman And Nicobar Islands,632,North Middle Andaman,DIGLIPUR,DIGLIPUR,Milangram,-,-,-,-,-,-,13.31388889,92.94250000,25-05-2018 00:00,8.36,592,351.949,12,237.9,215,14.18,"",61.23,"",8.16,"",180,16,34.02,63.78,"",0.138,0,"","","","","","","",""
378,Milangram,CGWB,35,Andaman And Nicobar Islands,632,North Middle Andaman,DIGLIPUR,DIGLIPUR,Milangram,-,-,-,-,-,-,13.31388889,92.94250000,30-05-2019 08:00,7.6,328.8,"",0,152.5,"",46.085,"","","","","",150,22,23.058252,47.6,"","","","","","","","","","",""
379,Milangram,CGWB,35,Andaman And Nicobar Islands,632,North Middle Andaman,DIGLIPUR,DIGLIPUR,Milangram,-,-,-,-,-,-,13.31388889,92.94250000,30-05-2020 08:00,7.6,328.8,"","",152.5,"",46.085,"","","","","","",22,23.058252,47.6,"","","","","","","","","","",""
380,Milangram,CGWB,35,Andaman And Nicobar Islands,632,North Middle Andaman,DIGLIPUR,DIGLIPUR,Milangram,-,-,-,-,-,-,13.31388889,92.94250000,30-05-2021 08:00,7.7,1004,"",0,335.5,"",127.62,"",38,0,"","",460,100,50.4,36,"","","","","","","","","","",""
381,Mile Tilak,CGWB,35,Andaman And Nicobar Islands,602,South Andaman,FERRARGUNJ,FERRARGUNJ,Mile Tilak,-,-,-,-,-,-,11.79166667,92.60833333,25-05-2013 00:00,8,235,"","",85,"",14,"",52,"","","",110,24,12.19,16,"",0.52,"","","","","","","","",""
382,Mile Tilak,CGWB,35,Andaman And Nicobar Islands,602,South Andaman,FERRARGUNJ,FERRARGUNJ,Mile Tilak,-,-,-,-,-,-,11.79166667,92.60833333,25-05-2016 00:00,7.96,213,143,0,67,"",21,"",20,"",19,"",65,12,9,19,"",0.62,"","","","","","","","",""
383,Mile Tilak,CGWB,35,Andaman And Nicobar Islands,602,South Andaman,FERRARGUNJ,FERRARGUNJ,Mile Tilak,-,-,-,-,-,-,11.79166667,92.60833333,25-05-2018 00:00,8.23,602,373.117,0,256.2,210,38.995,"",45.93,"",21.62,"",245,18,48.6,29.34,"",0.33,0,"","","","","","","",""
384,Mile Tilak,CGWB,35,Andaman And Nicobar Islands,602,South Andaman,FERRARGUNJ,FERRARGUNJ,Mile Tilak,-,-,-,-,-,-,11.79166667,92.60833333,30-05-2019 08:00,7.51,262,"",0,115.9,"",17.725,"","","","","",190,20,33.980583,12.5,"","","","","","","","","","",""
385,Mile Tilak,CGWB,35,Andaman And Nicobar Islands,602,South Andaman,FERRARGUNJ,FERRARGUNJ,Mile Tilak,-,-,-,-,-,-,11.79166667,92.60833333,30-05-2020 08:00,7.51,262,"","",115.9,"",17.725,"","","","","","",20,33.980583,12.5,"","","","","","","","","","",""
386,Mile Tilak,CGWB,35,Andaman And Nicobar Islands,602,South Andaman,FERRARGUNJ,FERRARGUNJ,Mile Tilak,-,-,-,-,-,-,11.79166667,92.60833333,30-05-2021 08:00,7.79,439,285.35,0,213.5,"",21.3,"",5.87,0,"","",165,28,23.085,24.65,"","","","","","","","","","",""
387,Mithakhari,CGWB,35,Andaman And Nicobar Islands,602,South Andaman,FERRARGUNJ,FERRARGUNJ,Mithakhari,-,-,-,-,-,-,11.66972222,92.67666667,30-05-2021 08:00,7.53,1267,823.55,0,414.8,"",131.35,"",81.25,0,"","",350,16,75.33,98.63,"","","","","","","","","","",""
388,Mohanpur,CGWB,35,Andaman And Nicobar Islands,632,North Middle Andaman,MAYABUNDER,MAYABUNDER,Mohanpur,-,-,-,-,-,-,12.95460000,92.83567778,25-05-2004 00:00,8.2,873,"","",512,"",35,"",2,"","","",300,28,56,80,"",0.1,"","","","","","","","",""
389,Mohanpur,CGWB,35,Andaman And Nicobar Islands,632,North Middle Andaman,MAYABUNDER,MAYABUNDER,Mohanpur,-,-,-,-,-,-,12.95460000,92.83567778,25-05-2005 00:00,8.2,491,"","",226,"",25,"",9,"","","",105,32,6,55,"",0.11,"","","","","","","","",""
390,Mohanpur,CGWB,35,Andaman And Nicobar Islands,632,North Middle Andaman,MAYABUNDER,MAYABUNDER,Mohanpur,-,-,-,-,-,-,12.95460000,92.83567778,25-05-2007 00:00,7.94,737,"","",464,"",53,"",5,"","","",130,30,13,140,"",0.01,"","","","","","","","",""
391,Mohanpur,CGWB,35,Andaman And Nicobar Islands,632,North Middle Andaman,MAYABUNDER,MAYABUNDER,Mohanpur,-,-,-,-,-,-,12.95460000,92.83567778,25-05-2016 00:00,8.17,641,384,0,312,"",46,"",3,"",14,"",180,32,24,69,"",0.16,"","","","","","","","",""
392,Mohanpur,CGWB,35,Andaman And Nicobar Islands,632,North Middle Andaman,MAYABUNDER,MAYABUNDER,Mohanpur,-,-,-,-,-,-,12.95460000,92.83567778,25-05-2018 00:00,7.96,357,219.352,0,164.7,135,21.27,"",20.18,"",7.67,"",115,12,20.655,33.62,"",0.475,0,"","","","","","","",""
393,Mount Harriyat,CGWB,35,Andaman And Nicobar Islands,602,South Andaman,FERRARGUNJ,FERRARGUNJ,Mount Harriyat,-,-,-,-,-,-,11.72138889,92.73305556,25-05-2013 00:00,7.4,167,"","",85,"",7.1,"",4.8,"","","",70,20,4.89,6,"",0.67,"","","","","","","","",""
394,Mount Harriyat,CGWB,35,Andaman And Nicobar Islands,602,South Andaman,FERRARGUNJ,FERRARGUNJ,Mount Harriyat,-,-,-,-,-,-,11.72138889,92.73305556,25-05-2016 00:00,7.83,116,71,0,24,"",18,"",2,"",16,"",25,6,2,11,"",0.42,"","","","","","","","",""
395,Mount Harriyat,CGWB,35,Andaman And Nicobar Islands,602,South Andaman,FERRARGUNJ,FERRARGUNJ,Mount Harriyat,-,-,-,-,-,-,11.72138889,92.73305556,25-05-2018 00:00,8.23,674,417.493,0,201.3,165,74.445,"",90.29,"",3.96,"",175,16,32.805,75.06,"",0.125,0,"","","","","","","",""
396,Mount Harriyat,CGWB,35,Andaman And Nicobar Islands,602,South Andaman,FERRARGUNJ,FERRARGUNJ,Mount Harriyat,-,-,-,-,-,-,11.72138889,92.73305556,30-05-2019 08:00,7.94,172.8,"",0,122,"",17.8,"","","","","",245,22,46.116505,59.3,"","","","","","","","","","",""
397,Mount Harriyat,CGWB,35,Andaman And Nicobar Islands,602,South Andaman,FERRARGUNJ,FERRARGUNJ,Mount Harriyat,-,-,-,-,-,-,11.72138889,92.73305556,30-05-2020 08:00,7.94,172.8,"","",122,"",17.8,"","","","","","",22,46.116505,59.3,"","","","","","","","","","",""
398,Mount Harriyat,CGWB,35,Andaman And Nicobar Islands,602,South Andaman,FERRARGUNJ,FERRARGUNJ,Mount Harriyat,-,-,-,-,-,-,11.72138889,92.73305556,30-05-2021 08:00,8.12,486,315.9,0,250.1,"",17.75,"",9.95,0,"","",180,16,34.02,25.36,"","","","","","","","","","",""
399,Nabagram,CGWB,35,Andaman And Nicobar Islands,632,North Middle Andaman,DIGLIPUR,DIGLIPUR,Nabagram,-,-,-,-,-,-,13.17333333,92.93194444,25-05-2004 00:00,8.2,494,"","",244,"",35,"",10,"","","",205,18,39,22,"","","","","","","","","","",""
400,Nabagram,CGWB,35,Andaman And Nicobar Islands,632,North Middle Andaman,DIGLIPUR,DIGLIPUR,Nabagram,-,-,-,-,-,-,13.17333333,92.93194444,25-05-2005 00:00,8.09,485,"",15,220,"",25,"",13,"","","",210,18,40,16,"",0.13,"","","","","","","","",""
401,Nabagram,CGWB,35,Andaman And Nicobar Islands,632,North Middle Andaman,DIGLIPUR,DIGLIPUR,Nabagram,-,-,-,-,-,-,13.17333333,92.93194444,25-05-2007 00:00,7.82,471,"","",244,"",43,"",11,"","","",200,32,29,21,"",0.18,"","","","","","","","",""
402,Nabagram,CGWB,35,Andaman And Nicobar Islands,632,North Middle Andaman,DIGLIPUR,DIGLIPUR,Nabagram,-,-,-,-,-,-,13.17333333,92.93194444,25-05-2016 00:00,7.84,448,249,0,208,"",21,"",11,"",28,"",175,16,33,12,"",0.28,"","","","","","","","",""
403,Nabagram,CGWB,35,Andaman And Nicobar Islands,632,North Middle Andaman,DIGLIPUR,DIGLIPUR,Nabagram,-,-,-,-,-,-,13.17333333,92.93194444,25-05-2018 00:00,8.22,342,201.711,0,189.1,155,10.635,"",9.73,"",11.22,"",165,20,27.945,5.16,"",0.146,0,"","","","","","","",""
404,Nabagram,CGWB,35,Andaman And Nicobar Islands,632,North Middle Andaman,DIGLIPUR,DIGLIPUR,Nabagram,-,-,-,-,-,-,13.17333333,92.93194444,30-05-2019 08:00,7.4,298.9,"",0,189.1,"",21.27,"","","","","",150,14,27.91262,76.9,"","","","","","","","","","",""
405,Nabagram,CGWB,35,Andaman And Nicobar Islands,632,North Middle Andaman,DIGLIPUR,DIGLIPUR,Nabagram,-,-,-,-,-,-,13.17333333,92.93194444,30-05-2020 08:00,7.4,298.9,"","",189.1,"",21.27,"","","","","","",14,27.91262,76.9,"","","","","","","","","","",""
406,Nabagram,CGWB,35,Andaman And Nicobar Islands,632,North Middle Andaman,DIGLIPUR,DIGLIPUR,Nabagram,-,-,-,-,-,-,13.17333333,92.93194444,30-05-2021 08:00,7.2,172,"",0,85.4,"",7.09,"",5,0,"","",50,12,4.8,17,"","","","","","","","","","",""
407,Namunagar,CGWB,35,Andaman And Nicobar Islands,602,South Andaman,FERRARGUNJ,FERRARGUNJ,Namunagar,-,-,-,-,-,-,11.67111111,92.69861111,25-05-2004 00:00,8,300,"","",122,"",43,"",24,"","","",150,34,15.84,12,"",0.27,"","","","","","","","",""
408,Namunagar,CGWB,35,Andaman And Nicobar Islands,602,South Andaman,FERRARGUNJ,FERRARGUNJ,Namunagar,-,-,-,-,-,-,11.67111111,92.69861111,25-05-2005 00:00,8.83,441,"",9,134,"",35,"",21,"","","",170,42,16,20,"",0.43,"","","","","","","","",""
409,Namunagar,CGWB,35,Andaman And Nicobar Islands,602,South Andaman,FERRARGUNJ,FERRARGUNJ,Namunagar,-,-,-,-,-,-,11.67111111,92.69861111,25-05-2007 00:00,7.8,519,"","",244,"",32,"",19,"","","",300,40,12,53,"",1.36,"","","","","","","","",""
410,Namunagar,CGWB,35,Andaman And Nicobar Islands,602,South Andaman,FERRARGUNJ,FERRARGUNJ,Namunagar,-,-,-,-,-,-,11.67111111,92.69861111,25-05-2009 00:00,8.18,159,"","",37,"",18,"",15,"","","",50,8,7.3,7,"",0.188,"","","","","","","","",""
411,Namunagar,CGWB,35,Andaman And Nicobar Islands,602,South Andaman,FERRARGUNJ,FERRARGUNJ,Namunagar,-,-,-,-,-,-,11.67111111,92.69861111,25-05-2010 00:00,7.89,317,"","",159,"",25,"",6,"","","",140,42,8.56,11,"",0.07,"","","","","","","","",""
412,Namunagar,CGWB,35,Andaman And Nicobar Islands,602,South Andaman,FERRARGUNJ,FERRARGUNJ,Namunagar,-,-,-,-,-,-,11.67111111,92.69861111,25-05-2011 00:00,7.6,324,"","",189,"",18,"",6,"","","",150,42,10.99,23,"",0.03,"","","","","","","","",""
413,Namunagar,CGWB,35,Andaman And Nicobar Islands,602,South Andaman,FERRARGUNJ,FERRARGUNJ,Namunagar,-,-,-,-,-,-,11.67111111,92.69861111,25-05-2012 00:00,8.4,497,"","",336,"",14,"",41,"","","",285,34,48.67,8,"",0.15,"","","","","","","","",""
414,Namunagar,CGWB,35,Andaman And Nicobar Islands,602,South Andaman,FERRARGUNJ,FERRARGUNJ,Namunagar,-,-,-,-,-,-,11.67111111,92.69861111,25-05-2018 00:00,8.05,378,218.4,0,183,150,21.27,"",22.52,"",7.01,"",175,10,36.45,7.68,"",0.207,0,"","","","","","","",""
415,Namunagar,CGWB,35,Andaman And Nicobar Islands,602,South Andaman,FERRARGUNJ,FERRARGUNJ,Namunagar,-,-,-,-,-,-,11.67111111,92.69861111,30-05-2019 08:00,7.5,454.7,"",0,244,"",42.54,"","","","","",190,34,25.485437,42.9,"","","","","","","","","","",""
416,Namunagar,CGWB,35,Andaman And Nicobar Islands,602,South Andaman,FERRARGUNJ,FERRARGUNJ,Namunagar,-,-,-,-,-,-,11.67111111,92.69861111,30-05-2020 08:00,7.5,454.7,"","",244,"",42.54,"","","","","","",34,25.485437,42.9,"","","","","","","","","","",""
417,Namunagar,CGWB,35,Andaman And Nicobar Islands,602,South Andaman,FERRARGUNJ,FERRARGUNJ,Namunagar,-,-,-,-,-,-,11.67111111,92.69861111,30-05-2021 08:00,7.91,1223,794.95,0,481.9,"",60.35,"",108.91,0,"","",285,14,60.75,140.23,"","","","","","","","","","",""
418,Nayasahar,CGWB,35,Andaman And Nicobar Islands,602,South Andaman,PORT BLAIR,PORT BLAIR,Nayasahar,-,-,-,-,-,-,11.57888889,92.67638889,25-05-2013 00:00,8.2,240,"","",98,"",21,"",14,"","","",70,20,4.89,25,"",0.82,"","","","","","","","",""
419,Nayasahar,CGWB,35,Andaman And Nicobar Islands,602,South Andaman,PORT BLAIR,PORT BLAIR,Nayasahar,-,-,-,-,-,-,11.57888889,92.67638889,25-05-2018 00:00,7.87,193,123.681,0,67.1,55,21.27,"",9.76,"",13.18,"",65,14,7.29,12.82,"",0.138,0,"","","","","","","",""
420,Nayasahar,CGWB,35,Andaman And Nicobar Islands,602,South Andaman,PORT BLAIR,PORT BLAIR,Nayasahar,-,-,-,-,-,-,11.57888889,92.67638889,30-05-2021 08:00,8.1,381,247.65,0,152.5,"",24.85,"",11.56,0,"","",150,46,8.505,14.63,"","","","","","","","","","",""
421,Nell Kendra,CGWB,35,Andaman And Nicobar Islands,602,South Andaman,PORT BLAIR,PORT BLAIR,Nell Kendra,-,-,-,-,-,-,11.83277778,93.02888889,25-05-2013 00:00,8.2,499,"","",305,"",14,"",38,"","","",250,76,14.68,26,"",0.09,"","","","","","","","",""
422,Nell Kendra,CGWB,35,Andaman And Nicobar Islands,602,South Andaman,PORT BLAIR,PORT BLAIR,Nell Kendra,-,-,-,-,-,-,11.83277778,93.02888889,25-05-2016 00:00,7.44,630,384,0,195,"",82,"",21,"",30,"",195,62,10,49,"",1.57,"","","","","","","","",""
423,Nell Kendra,CGWB,35,Andaman And Nicobar Islands,602,South Andaman,PORT BLAIR,PORT BLAIR,Nell Kendra,-,-,-,-,-,-,11.83277778,93.02888889,25-05-2018 00:00,7.85,3790,2135.725,0,793,650,794.08,"",62.78,"",70.35,"",780,146,100.845,452.31,"",0.146,0,"","","","","","","",""
424,New Bilinton,CGWB,35,Andaman And Nicobar Islands,602,South Andaman,PORT BLAIR,PORT BLAIR,New Bilinton,-,-,-,-,-,-,11.57083333,92.69638889,25-05-2018 00:00,8.28,312,192.845,0,152.5,125,17.725,"",11.69,"",22.71,"",140,14,25.515,7.79,"",0.249,0,"","","","","","","",""
425,Nimbutala,CGWB,35,Andaman And Nicobar Islands,632,North Middle Andaman,MAYABUNDER,MAYABUNDER,Nimbutala,-,-,-,-,-,-,12.52472222,92.97027778,25-05-2004 00:00,8.2,757,"","",348,"",28,"",7,"","","",275,66,27,31,"",2.22,"","","","","","","","",""
426,Nimbutala,CGWB,35,Andaman And Nicobar Islands,632,North Middle Andaman,MAYABUNDER,MAYABUNDER,Nimbutala,-,-,-,-,-,-,12.52472222,92.97027778,25-05-2005 00:00,7.93,333,"","",250,"",71,"",11,"","","",215,44,26,46,"",0.24,"","","","","","","","",""
427,Nimbutala,CGWB,35,Andaman And Nicobar Islands,632,North Middle Andaman,MAYABUNDER,MAYABUNDER,Nimbutala,-,-,-,-,-,-,12.52472222,92.97027778,25-05-2007 00:00,7.58,615,"","",305,"",50,"",6,"","","",270,60,29,24,"",0.07,"","","","","","","","",""
428,Nimbutala,CGWB,35,Andaman And Nicobar Islands,632,North Middle Andaman,MAYABUNDER,MAYABUNDER,Nimbutala,-,-,-,-,-,-,12.52472222,92.97027778,25-05-2018 00:00,7.89,448,253.22,0,244,200,17.725,"",13.34,"",0,"",200,22,35.235,13.18,"",0.146,0,"","","","","","","",""
429,Nimbutala,CGWB,35,Andaman And Nicobar Islands,632,North Middle Andaman,MAYABUNDER,MAYABUNDER,Nimbutala,-,-,-,-,-,-,12.52472222,92.97027778,30-05-2019 08:00,7.43,592.4,"",0,414.8,"",35.45,"","","","","",275,46,38.834953,45.6,"","","","","","","","","","",""
430,Nimbutala,CGWB,35,Andaman And Nicobar Islands,632,North Middle Andaman,MAYABUNDER,MAYABUNDER,Nimbutala,-,-,-,-,-,-,12.52472222,92.97027778,30-05-2020 08:00,7.43,592.4,"","",414.8,"",35.45,"","","","","","",46,38.834953,45.6,"","","","","","","","","","",""
431,Nimbutala,CGWB,35,Andaman And Nicobar Islands,632,North Middle Andaman,MAYABUNDER,MAYABUNDER,Nimbutala,-,-,-,-,-,-,12.52472222,92.97027778,30-05-2021 08:00,7.65,1093,710.45,0,329.4,"",110.05,"",109.52,0.02,"","",445,46,80.19,41.98,"","","","","","","","","","",""
432,Ograbraj,CGWB,35,Andaman And Nicobar Islands,602,South Andaman,PORT BLAIR,FERRARGUNJ,Ograbraj,-,-,-,-,-,-,11.66527778,92.65500000,25-05-2005 00:00,8.91,620,"",12,214,"",35,"",78,"","","",235,46,29,49,"",0.18,"","","","","","","","",""
433,Ograbraj,CGWB,35,Andaman And Nicobar Islands,602,South Andaman,PORT BLAIR,FERRARGUNJ,Ograbraj,-,-,-,-,-,-,11.66527778,92.65500000,25-05-2009 00:00,7.92,452,"","",250,"",14,"",2,"","","",210,30,32.86,15,"","","","","","","","","","",""
434,Ograbraj,CGWB,35,Andaman And Nicobar Islands,602,South Andaman,PORT BLAIR,FERRARGUNJ,Ograbraj,-,-,-,-,-,-,11.66527778,92.65500000,25-05-2010 00:00,8.24,802,"",9,293,"",67,"",16,"","","",205,60,13.45,83,"",0.41,"","","","","","","","",""
435,Ograbraj,CGWB,35,Andaman And Nicobar Islands,602,South Andaman,PORT BLAIR,FERRARGUNJ,Ograbraj,-,-,-,-,-,-,11.66527778,92.65500000,25-05-2011 00:00,7.7,644,"","",317,"",28,"",26,"","","",200,60,12.23,71,"","","","","","","","","","",""
436,Ograbraj,CGWB,35,Andaman And Nicobar Islands,602,South Andaman,PORT BLAIR,FERRARGUNJ,Ograbraj,-,-,-,-,-,-,11.66527778,92.65500000,25-05-2012 00:00,8.3,234,"","",85,"",32,"",9,"","","",75,16,8.53,18,"","","","","","","","","","",""
437,Ograbraj,CGWB,35,Andaman And Nicobar Islands,602,South Andaman,PORT BLAIR,FERRARGUNJ,Ograbraj,-,-,-,-,-,-,11.66527778,92.65500000,25-05-2013 00:00,8,135,"","",49,"",11,"",20,"","","",60,12,7.31,9,"",0.17,"","","","","","","","",""
438,Ograbraj,CGWB,35,Andaman And Nicobar Islands,602,South Andaman,PORT BLAIR,FERRARGUNJ,Ograbraj,-,-,-,-,-,-,11.66527778,92.65500000,25-05-2018 00:00,8.23,2101,1183.629,0,207.4,170,563.655,"",57.31,"",7.61,"",365,14,80.19,319.8,"",0.257,0,"","","","","","","",""
439,Ograbraj,CGWB,35,Andaman And Nicobar Islands,602,South Andaman,PORT BLAIR,FERRARGUNJ,Ograbraj,-,-,-,-,-,-,11.66527778,92.65500000,30-05-2019 08:00,7.11,5507,"",0,536.8,"",1396.73,"","","","","",795,110,126.21359,923,"","","","","","","","","","",""
440,Ograbraj,CGWB,35,Andaman And Nicobar Islands,602,South Andaman,PORT BLAIR,FERRARGUNJ,Ograbraj,-,-,-,-,-,-,11.66527778,92.65500000,30-05-2020 08:00,7.11,5507,"","",536.8,"",1396.73,"","","","","","",110,126.21359,923,"","","","","","","","","","",""
441,Ograbraj,CGWB,35,Andaman And Nicobar Islands,602,South Andaman,PORT BLAIR,FERRARGUNJ,Ograbraj,-,-,-,-,-,-,11.66527778,92.65500000,30-05-2021 08:00,7.7,599,389.35,0,317.2,"",17.75,"",10.12,0,"","",160,18,27.945,58.31,"","","","","","","","","","",""
442,Padmanavapuram,CGWB,35,Andaman And Nicobar Islands,632,North Middle Andaman,MAYABUNDER,MAYABUNDER,Padmanavapuram,-,-,-,-,-,-,12.50833333,92.96055556,25-05-2004 00:00,8.2,495,"","",268,"",28,"",7,"","","",220,64,15,21,"",0.5,"","","","","","","","",""
443,Padmanavapuram,CGWB,35,Andaman And Nicobar Islands,632,North Middle Andaman,MAYABUNDER,MAYABUNDER,Padmanavapuram,-,-,-,-,-,-,12.50833333,92.96055556,25-05-2005 00:00,8.4,326,"",6,98,"",18,"",29,"","","",105,34,4.8,17,"",0.05,"","","","","","","","",""
444,Padmanavapuram,CGWB,35,Andaman And Nicobar Islands,632,North Middle Andaman,MAYABUNDER,MAYABUNDER,Padmanavapuram,-,-,-,-,-,-,12.50833333,92.96055556,25-05-2007 00:00,7.46,443,"","",226,"",28,"",18,"","","",180,56,10,21,"","","","","","","","","","",""
445,Padmanavapuram,CGWB,35,Andaman And Nicobar Islands,632,North Middle Andaman,MAYABUNDER,MAYABUNDER,Padmanavapuram,-,-,-,-,-,-,12.50833333,92.96055556,25-05-2016 00:00,7.46,400,254,0,183,"",39,"",10,"",15,"",180,48,15,14,"",0.26,"","","","","","","","",""
446,Padmanavapuram,CGWB,35,Andaman And Nicobar Islands,632,North Middle Andaman,MAYABUNDER,MAYABUNDER,Padmanavapuram,-,-,-,-,-,-,12.50833333,92.96055556,25-05-2018 00:00,8.01,309,185.361,0,158.6,130,14.18,"",13.37,"",10.34,"",125,12,23.085,14.41,"",0.122,0,"","","","","","","",""
447,Padmanavapuram,CGWB,35,Andaman And Nicobar Islands,632,North Middle Andaman,MAYABUNDER,MAYABUNDER,Padmanavapuram,-,-,-,-,-,-,12.50833333,92.96055556,30-05-2019 08:00,7.41,584.6,"",0,323.3,"",56.72,"","","","","",235,52,25.485437,43.2,"","","","","","","","","","",""
448,Padmanavapuram,CGWB,35,Andaman And Nicobar Islands,632,North Middle Andaman,MAYABUNDER,MAYABUNDER,Padmanavapuram,-,-,-,-,-,-,12.50833333,92.96055556,30-05-2020 08:00,7.41,584.6,"","",323.3,"",56.72,"","","","","","",52,25.485437,43.2,"","","","","","","","","","",""
449,Padmanavapuram,CGWB,35,Andaman And Nicobar Islands,632,North Middle Andaman,MAYABUNDER,MAYABUNDER,Padmanavapuram,-,-,-,-,-,-,12.50833333,92.96055556,30-05-2021 08:00,7.89,548,356.2,0,280.6,"",17.75,"",11,0.12,"","",230,42,30.375,20.5,"","","","","","","","","","",""
450,Pahalgaon,CGWB,35,Andaman And Nicobar Islands,632,North Middle Andaman,MAYABUNDER,MAYABUNDER,Pahalgaon,-,-,-,-,-,-,12.83944444,92.85333333,25-05-2018 00:00,8.6,490,273.868,30,201.3,215,28.36,"",7.49,"",20.48,"",255,16,52.245,5.26,"",0.186,0,"","","","","","","",""
451,Pahalgaon,CGWB,35,Andaman And Nicobar Islands,632,North Middle Andaman,MAYABUNDER,MAYABUNDER,Pahalgaon,-,-,-,-,-,-,12.83944444,92.85333333,30-05-2019 08:00,7.22,850.7,"",0,335.5,"",152.4,"","","","","",765,80,137.13593,20.3,"","","","","","","","","","",""
452,Pahalgaon,CGWB,35,Andaman And Nicobar Islands,632,North Middle Andaman,MAYABUNDER,MAYABUNDER,Pahalgaon,-,-,-,-,-,-,12.83944444,92.85333333,30-05-2020 08:00,7.22,850.7,"","",335.5,"",152.4,"","","","","","",80,137.13593,20.3,"","","","","","","","","","",""
453,Pahalgaon,CGWB,35,Andaman And Nicobar Islands,632,North Middle Andaman,MAYABUNDER,MAYABUNDER,Pahalgaon,-,-,-,-,-,-,12.83944444,92.85333333,30-05-2021 08:00,8.1,260,"",0,134,"",14,"",0,0,"","",100,28,7.2,17,"","","","","","","","","","",""
454,Parnshala,CGWB,35,Andaman And Nicobar Islands,632,North Middle Andaman,MAYABUNDER,MAYABUNDER,Parnshala,-,-,-,-,-,-,12.52333333,92.90666667,25-05-2004 00:00,8.12,894,"","",415,"",89,"",29,"","","",315,40,52,86,"","","","","","","","","","",""
455,Parnshala,CGWB,35,Andaman And Nicobar Islands,632,North Middle Andaman,MAYABUNDER,MAYABUNDER,Parnshala,-,-,-,-,-,-,12.52333333,92.90666667,25-05-2005 00:00,8.02,594,"","",256,"",25,"",11,"","","",230,72,12,18,"",0.1,"","","","","","","","",""
456,Parnshala,CGWB,35,Andaman And Nicobar Islands,632,North Middle Andaman,MAYABUNDER,MAYABUNDER,Parnshala,-,-,-,-,-,-,12.52333333,92.90666667,25-05-2007 00:00,7.93,939,"","",238,"",39,"",288,"","","",375,88,38,71,"","","","","","","","","","",""
457,Parnshala,CGWB,35,Andaman And Nicobar Islands,632,North Middle Andaman,MAYABUNDER,MAYABUNDER,Parnshala,-,-,-,-,-,-,12.52333333,92.90666667,25-05-2016 00:00,7.48,926,547,0,317,"",75,"",92,"",11,"",305,76,28,67,"",0.18,"","","","","","","","",""
458,Parnshala,CGWB,35,Andaman And Nicobar Islands,632,North Middle Andaman,MAYABUNDER,MAYABUNDER,Parnshala,-,-,-,-,-,-,12.52333333,92.90666667,25-05-2018 00:00,8.24,429,243.37,0,183,150,31.905,"",24.15,"",6.7,"",160,10,32.805,23.32,"",0.183,0,"","","","","","","",""
459,Pearl Park Resort,CGWB,35,Andaman And Nicobar Islands,602,South Andaman,PORT BLAIR,PORT BLAIR,Pearl Park Resort,-,-,-,-,-,-,11.83138889,93.01888889,25-05-2013 00:00,8.1,585,"","",244,"",35,"",40,"","","",260,60,26.82,39,"",0.19,"","","","","","","","",""
460,Pearl Park Resort,CGWB,35,Andaman And Nicobar Islands,602,South Andaman,PORT BLAIR,PORT BLAIR,Pearl Park Resort,-,-,-,-,-,-,11.83138889,93.01888889,25-05-2016 00:00,8.19,544,322,0,250,"",36,"",8,"",26,"",180,28,27,42,"",1.28,"","","","","","","","",""
461,Pearl Park Resort,CGWB,35,Andaman And Nicobar Islands,602,South Andaman,PORT BLAIR,PORT BLAIR,Pearl Park Resort,-,-,-,-,-,-,11.83138889,93.01888889,25-05-2018 00:00,8.29,499,320.653,0,140.3,115,85.08,"",25.92,"",15.84,"",155,14,29.16,49.2,"",0.093,0,"","","","","","","",""
462,Pearl Park Resort,CGWB,35,Andaman And Nicobar Islands,602,South Andaman,PORT BLAIR,PORT BLAIR,Pearl Park Resort,-,-,-,-,-,-,11.83138889,93.01888889,30-05-2019 08:00,7.33,966.6,"",0,317.2,"",88.625,"","","","","",350,94,27.91262,71.9,"","","","","","","","","","",""
463,Pearl Park Resort,CGWB,35,Andaman And Nicobar Islands,602,South Andaman,PORT BLAIR,PORT BLAIR,Pearl Park Resort,-,-,-,-,-,-,11.83138889,93.01888889,30-05-2020 08:00,7.33,966.6,"","",317.2,"",88.625,"","","","","","",94,27.91262,71.9,"","","","","","","","","","",""
464,Pearl Park Resort,CGWB,35,Andaman And Nicobar Islands,602,South Andaman,PORT BLAIR,PORT BLAIR,Pearl Park Resort,-,-,-,-,-,-,11.83138889,93.01888889,30-05-2021 08:00,7.96,683,443.95,0,189.1,"",81.65,"",65.79,0,"","",260,26,47.385,34.5,"","","","","","","","","","",""
465,Phooltala Basti,CGWB,35,Andaman And Nicobar Islands,632,North Middle Andaman,RONGET,RONGET,Phooltala Basti,-,-,-,-,-,-,12.41111111,92.76222222,25-05-2018 00:00,7.72,95,65.125,0,30.5,25,10.635,"",1.26,"",12.37,"",30,10,1.215,5.72,"",1.607,0,"","","","","","","",""
466,Phooltala Basti,CGWB,35,Andaman And Nicobar Islands,632,North Middle Andaman,RONGET,RONGET,Phooltala Basti,-,-,-,-,-,-,12.41111111,92.76222222,30-05-2019 08:00,7.62,563.8,"",0,195.2,"",56.72,"","","","","",240,52,26.69903,51.8,"","","","","","","","","","",""
467,Phooltala Basti,CGWB,35,Andaman And Nicobar Islands,632,North Middle Andaman,RONGET,RONGET,Phooltala Basti,-,-,-,-,-,-,12.41111111,92.76222222,30-05-2020 08:00,7.62,563.8,"","",195.2,"",56.72,"","","","","","",52,26.69903,51.8,"","","","","","","","","","",""
468,Phooltala Basti,CGWB,35,Andaman And Nicobar Islands,632,North Middle Andaman,RONGET,RONGET,Phooltala Basti,-,-,-,-,-,-,12.41111111,92.76222222,30-05-2021 08:00,7.69,929,603.85,0,231.8,"",117.15,"",65.31,1.32,"","",325,24,64.395,51.5,"","","","","","","","","","",""
469,Porlobjig-15,CGWB,35,Andaman And Nicobar Islands,632,North Middle Andaman,RONGET,RONGET,Porlobjig,-,-,-,-,-,-,12.33583333,92.76555556,25-05-2004 00:00,8.12,345,"","",67,"",28,"",24,"","","",60,16,4.8,25,"",0.2,"","","","","","","","",""
470,Porlobjig-15,CGWB,35,Andaman And Nicobar Islands,632,North Middle Andaman,RONGET,RONGET,Porlobjig,-,-,-,-,-,-,12.33583333,92.76555556,25-05-2005 00:00,8.2,367,"","",134,"",25,"",12,"","","",100,32,4.8,27,"",0.2,"","","","","","","","",""
471,Porlobjig-15,CGWB,35,Andaman And Nicobar Islands,632,North Middle Andaman,RONGET,RONGET,Porlobjig,-,-,-,-,-,-,12.33583333,92.76555556,25-05-2007 00:00,7.68,377,"","",165,"",28,"",26,"","","",130,40,7,31,"","","","","","","","","","",""
472,Porlobjig-15,CGWB,35,Andaman And Nicobar Islands,632,North Middle Andaman,RONGET,RONGET,Porlobjig,-,-,-,-,-,-,12.33583333,92.76555556,25-05-2018 00:00,7.87,216,134.736,0,67.1,55,17.725,"",21.86,"",7.27,"",75,14,9.72,13.55,"",0.17,0,"","","","","","","",""
473,Porlobjig-15,CGWB,35,Andaman And Nicobar Islands,632,North Middle Andaman,RONGET,RONGET,Porlobjig,-,-,-,-,-,-,12.33583333,92.76555556,30-05-2019 08:00,7.58,259.4,"",0,164.7,"",10.635,"","","","","",100,28,7.2815533,13.4,"","","","","","","","","","",""
474,Porlobjig-15,CGWB,35,Andaman And Nicobar Islands,632,North Middle Andaman,RONGET,RONGET,Porlobjig,-,-,-,-,-,-,12.33583333,92.76555556,30-05-2020 08:00,7.58,259.4,"","",164.7,"",10.635,"","","","","","",28,7.2815533,13.4,"","","","","","","","","","",""
475,Porlobjig-15,CGWB,35,Andaman And Nicobar Islands,632,North Middle Andaman,RONGET,RONGET,Porlobjig,-,-,-,-,-,-,12.33583333,92.76555556,30-05-2021 08:00,7.29,579,376.35,0,305,"",14.2,"",10.79,0.72,"","",245,20,47.385,15.23,"","","","","","","","","","",""
476,Port Blair,CGWB,35,Andaman And Nicobar Islands,602,South Andaman,PORT BLAIR,PORT BLAIR,Port Blair,-,-,-,-,-,-,11.67000000,92.74250000,25-05-2004 00:00,8.03,700,"","",244,"",21,"",106,"","","",290,76,24,23,"","","","","","","","","","",""
477,Port Blair,CGWB,35,Andaman And Nicobar Islands,602,South Andaman,PORT BLAIR,PORT BLAIR,Port Blair,-,-,-,-,-,-,11.67000000,92.74250000,25-05-2005 00:00,8.22,1090,"","",384,"",96,"",82,"","","",335,108,16,66,"",2.95,"","","","","","","","",""
478,Port Blair,CGWB,35,Andaman And Nicobar Islands,602,South Andaman,PORT BLAIR,PORT BLAIR,Port Blair,-,-,-,-,-,-,11.67000000,92.74250000,25-05-2009 00:00,6.67,338,"","",110,"",57,"",6,"","","",110,32,7.33,20,"",0.035,"","","","","","","","",""
479,Port Blair,CGWB,35,Andaman And Nicobar Islands,602,South Andaman,PORT BLAIR,PORT BLAIR,Port Blair,-,-,-,-,-,-,11.67000000,92.74250000,25-05-2010 00:00,8.15,1030,"","",396,"",82,"",48,"","","",350,104,22.01,80,"","","","","","","","","","",""
480,Port Blair,CGWB,35,Andaman And Nicobar Islands,602,South Andaman,PORT BLAIR,PORT BLAIR,Port Blair,-,-,-,-,-,-,11.67000000,92.74250000,25-05-2011 00:00,8,763,"","",378,"",67,"",41,"","","",300,102,11.06,54,"","","","","","","","","","",""
481,Port Blair,CGWB,35,Andaman And Nicobar Islands,602,South Andaman,PORT BLAIR,PORT BLAIR,Port Blair,-,-,-,-,-,-,11.67000000,92.74250000,25-05-2012 00:00,8.2,550,"","",226,"",92,"",8,"","","",180,40,19.5,58,"",0.1,"","","","","","","","",""
482,Port Blair,CGWB,35,Andaman And Nicobar Islands,602,South Andaman,PORT BLAIR,PORT BLAIR,Port Blair,-,-,-,-,-,-,11.67000000,92.74250000,25-05-2016 00:00,7.92,885,510,0,256,"",138,"",22,"",12,"",230,72,12,87,"",1.12,"","","","","","","","",""
483,Port Blair Dobhi Well,CGWB,35,Andaman And Nicobar Islands,602,South Andaman,PORT BLAIR,PORT BLAIR,Port Blair Dobhi Well,-,-,-,-,-,-,11.67111111,92.73500000,25-05-2007 00:00,7.7,858,"","",396,"",46,"",78,"","","",290,102,9,88,"",0.4,"","","","","","","","",""
484,Port Blair Dobhi Well,CGWB,35,Andaman And Nicobar Islands,602,South Andaman,PORT BLAIR,PORT BLAIR,Port Blair Dobhi Well,-,-,-,-,-,-,11.67111111,92.73500000,25-05-2009 00:00,8.2,633,"","",189,"",60,"",55,"","","",100,28,7.33,88,"",0.66,"","","","","","","","",""
485,Port Blair Dobhi Well,CGWB,35,Andaman And Nicobar Islands,602,South Andaman,PORT BLAIR,PORT BLAIR,Port Blair Dobhi Well,-,-,-,-,-,-,11.67111111,92.73500000,25-05-2010 00:00,7.98,747,"","",360,"",67,"",86,"","","",220,64,14.67,105,"",0.43,"","","","","","","","",""
486,Port Blair Dobhi Well,CGWB,35,Andaman And Nicobar Islands,602,South Andaman,PORT BLAIR,PORT BLAIR,Port Blair Dobhi Well,-,-,-,-,-,-,11.67111111,92.73500000,25-05-2011 00:00,8,893,"","",409,"",57,"",79,"","","",320,116,7.43,100,"","","","","","","","","","",""
487,Port Blair Dobhi Well,CGWB,35,Andaman And Nicobar Islands,602,South Andaman,PORT BLAIR,PORT BLAIR,Port Blair Dobhi Well,-,-,-,-,-,-,11.67111111,92.73500000,25-05-2012 00:00,8.2,494,"","",268,"",14,"",24,"","","",190,28,29.21,23,"",0.04,"","","","","","","","",""
488,Port Blair Dobhi Well,CGWB,35,Andaman And Nicobar Islands,602,South Andaman,PORT BLAIR,PORT BLAIR,Port Blair Dobhi Well,-,-,-,-,-,-,11.67111111,92.73500000,25-05-2013 00:00,8.2,762,"","",244,"",43,"",127,"","","",325,80,30.49,23,"",0.36,"","","","","","","","",""
489,Port Blair Dobhi Well,CGWB,35,Andaman And Nicobar Islands,602,South Andaman,PORT BLAIR,PORT BLAIR,Port Blair Dobhi Well,-,-,-,-,-,-,11.67111111,92.73500000,25-05-2018 00:00,7.45,301,174.861,0,128.1,105,14.18,"",20.69,"",11.3,"",145,14,26.73,6,"",0.675,0,"","","","","","","",""
490,Port Mout,CGWB,35,Andaman And Nicobar Islands,602,South Andaman,FERRARGUNJ,FERRARGUNJ,Port Mout,-,-,-,-,-,-,11.64416667,92.65611111,25-05-2013 00:00,7.8,510,"","",256,"",28,"",17,"","","",210,36,29.22,30,"",0.54,"","","","","","","","",""
491,Port Mout,CGWB,35,Andaman And Nicobar Islands,602,South Andaman,FERRARGUNJ,FERRARGUNJ,Port Mout,-,-,-,-,-,-,11.64416667,92.65611111,25-05-2016 00:00,7.83,641,383,0,256,"",53,"",27,"",29,"",260,64,24,23,"",0.26,"","","","","","","","",""
492,Port Mout,CGWB,35,Andaman And Nicobar Islands,602,South Andaman,FERRARGUNJ,FERRARGUNJ,Port Mout,-,-,-,-,-,-,11.64416667,92.65611111,25-05-2018 00:00,8.52,940,522.829,24,207.4,210,70.9,"",105.01,"",26.21,"",165,32,20.655,115.5,"",0.124,0,"","","","","","","",""
493,Port Mout,CGWB,35,Andaman And Nicobar Islands,602,South Andaman,FERRARGUNJ,FERRARGUNJ,Port Mout,-,-,-,-,-,-,11.64416667,92.65611111,30-05-2019 08:00,7.63,532.9,"",0,292.8,"",38.995,"","","","","",225,36,32.76699,10.4,"","","","","","","","","","",""
494,Port Mout,CGWB,35,Andaman And Nicobar Islands,602,South Andaman,FERRARGUNJ,FERRARGUNJ,Port Mout,-,-,-,-,-,-,11.64416667,92.65611111,30-05-2020 08:00,7.63,532.9,"","",292.8,"",38.995,"","","","","","",36,32.76699,10.4,"","","","","","","","","","",""
495,Port Mout,CGWB,35,Andaman And Nicobar Islands,602,South Andaman,FERRARGUNJ,FERRARGUNJ,Port Mout,-,-,-,-,-,-,11.64416667,92.65611111,30-05-2021 08:00,8.01,2670,1735.5,0,695.4,"",347.9,"",233.3,0,"","",890,14,207.765,168.12,"","","","","","","","","","",""
496,Radhanagar,CGWB,35,Andaman And Nicobar Islands,602,South Andaman,PORT BLAIR,PORT BLAIR,Radhanagar,-,-,-,-,-,-,11.98694444,92.95472222,25-05-2007 00:00,7.8,868,"","",470,"",121,"",13,"","","",250,58,16,128,"",1.25,"","","","","","","","",""
497,Radhanagar,CGWB,35,Andaman And Nicobar Islands,602,South Andaman,PORT BLAIR,PORT BLAIR,Radhanagar,-,-,-,-,-,-,11.98694444,92.95472222,25-05-2009 00:00,8.2,756,"","",322,"",106,"",29,"","","",185,42,19.5,109,"","","","","","","","","","",""
498,Radhanagar,CGWB,35,Andaman And Nicobar Islands,602,South Andaman,PORT BLAIR,PORT BLAIR,Radhanagar,-,-,-,-,-,-,11.98694444,92.95472222,25-05-2010 00:00,7.94,1150,"","",537,"",128,"",4,"","","",205,58,14.66,232,"",0.15,"","","","","","","","",""
499,Radhanagar,CGWB,35,Andaman And Nicobar Islands,602,South Andaman,PORT BLAIR,PORT BLAIR,Radhanagar,-,-,-,-,-,-,11.98694444,92.95472222,25-05-2011 00:00,7.9,967,"","",586,"",71,"",17,"","","",305,92,18.35,165,"","","","","","","","","","",""
500,Radhanagar,CGWB,35,Andaman And Nicobar Islands,602,South Andaman,PORT BLAIR,PORT BLAIR,Radhanagar,-,-,-,-,-,-,11.98694444,92.95472222,25-05-2012 00:00,8.1,1160,"","",171,"",50,"",401,"","","",450,90,54.81,63,"","","","","","","","","","",""
501,Radhanagar,CGWB,35,Andaman And Nicobar Islands,602,South Andaman,PORT BLAIR,PORT BLAIR,Radhanagar,-,-,-,-,-,-,11.98694444,92.95472222,25-05-2013 00:00,8.2,394,"","",207,"",14,"",24,"","","",180,68,2.51,16,"","","","","","","","","","",""
502,Radhanagar,CGWB,35,Andaman And Nicobar Islands,602,South Andaman,PORT BLAIR,PORT BLAIR,Radhanagar,-,-,-,-,-,-,11.98694444,92.95472222,25-05-2016 00:00,7.94,837,547,0,397,"",71,"",25,"",26,"",220,64,15,92,"",0.78,"","","","","","","","",""
503,Radhanagar,CGWB,35,Andaman And Nicobar Islands,602,South Andaman,PORT BLAIR,PORT BLAIR,Radhanagar,-,-,-,-,-,-,11.98694444,92.95472222,25-05-2018 00:00,8.17,757,456.622,0,256.2,210,60.265,"",63.93,"",24.31,"",150,14,27.945,108.2,"",0.199,0,"","","","","","","",""
504,Ramnagar,CGWB,35,Andaman And Nicobar Islands,602,South Andaman,PORT BLAIR,PORT BLAIR,Ramnagar,-,-,-,-,-,-,11.81916667,93.04166667,25-05-2013 00:00,8,648,"","",281,"",50,"",46,"","","",260,84,12.26,41,"",0.16,"","","","","","","","",""
505,Ramnagar,CGWB,35,Andaman And Nicobar Islands,602,South Andaman,PORT BLAIR,PORT BLAIR,Ramnagar,-,-,-,-,-,-,11.81916667,93.04166667,25-05-2016 00:00,7.35,674,409,0,305,"",50,"",22,"",18,"",210,52,19,50,"",2.34,"","","","","","","","",""
506,Ramnagar,CGWB,35,Andaman And Nicobar Islands,602,South Andaman,PORT BLAIR,PORT BLAIR,Ramnagar,-,-,-,-,-,-,11.81916667,93.04166667,25-05-2018 00:00,8.23,340,209.651,0,128.1,105,28.36,"",20.8,"",26.92,"",160,16,29.16,8.8,"",0.186,0,"","","","","","","",""
507,Rangat,CGWB,35,Andaman And Nicobar Islands,632,North Middle Andaman,MAYABUNDER,MAYABUNDER,Rangat,-,-,-,-,-,-,12.50555556,92.91166667,25-05-2004 00:00,8.03,704,"","",390,"",25,"",6,"","","",320,28,61,14,"",0.2,"","","","","","","","",""
508,Rangat,CGWB,35,Andaman And Nicobar Islands,632,North Middle Andaman,MAYABUNDER,MAYABUNDER,Rangat,-,-,-,-,-,-,12.50555556,92.91166667,25-05-2005 00:00,8.36,906,"","",397,"",64,"",8,"","","",400,48,68,26,"",0.05,"","","","","","","","",""
509,Rangat,CGWB,35,Andaman And Nicobar Islands,632,North Middle Andaman,MAYABUNDER,MAYABUNDER,Rangat,-,-,-,-,-,-,12.50555556,92.91166667,25-05-2007 00:00,7.85,882,"","",464,"",89,"",19,"","","",425,48,74,36,"",0.03,"","","","","","","","",""
510,Rangat,CGWB,35,Andaman And Nicobar Islands,632,North Middle Andaman,MAYABUNDER,MAYABUNDER,Rangat,-,-,-,-,-,-,12.50555556,92.91166667,25-05-2016 00:00,8.23,958,548,0,415,"",96,"",20,"",22,"",370,44,63,48,"",0.31,"","","","","","","","",""
511,Rangat,CGWB,35,Andaman And Nicobar Islands,632,North Middle Andaman,MAYABUNDER,MAYABUNDER,Rangat,-,-,-,-,-,-,12.50555556,92.91166667,25-05-2018 00:00,8.22,612,364.02,0,335.5,275,24.815,"",12.46,"",22.38,"",285,18,58.32,20.65,"",0.074,0,"","","","","","","",""
512,Rangat,CGWB,35,Andaman And Nicobar Islands,632,North Middle Andaman,MAYABUNDER,MAYABUNDER,Rangat,-,-,-,-,-,-,12.50555556,92.91166667,30-05-2019 08:00,7.45,590.7,"",0,384.3,"",31.905,"","","","","",300,28,55.82524,29.5,"","","","","","","","","","",""
513,Rangat,CGWB,35,Andaman And Nicobar Islands,632,North Middle Andaman,MAYABUNDER,MAYABUNDER,Rangat,-,-,-,-,-,-,12.50555556,92.91166667,30-05-2020 08:00,7.45,590.7,"","",384.3,"",31.905,"","","","","","",28,55.82524,29.5,"","","","","","","","","","",""
514,Rangat,CGWB,35,Andaman And Nicobar Islands,632,North Middle Andaman,MAYABUNDER,MAYABUNDER,Rangat,-,-,-,-,-,-,12.50555556,92.91166667,30-05-2021 08:00,7.78,731,475.15,0,329.4,"",31.95,"",35.19,0.11,"","",295,88,18.225,31.85,"","","","","","","","","","",""
515,Rest Camp,CGWB,35,Andaman And Nicobar Islands,632,North Middle Andaman,MAYABUNDER,MAYABUNDER,Rest Camp,-,-,-,-,-,-,12.82777778,92.85777778,25-05-2004 00:00,8.1,533,"","",250,"",71,"",15,"","","",215,44,26,53,"",0.87,"","","","","","","","",""
516,Rest Camp,CGWB,35,Andaman And Nicobar Islands,632,North Middle Andaman,MAYABUNDER,MAYABUNDER,Rest Camp,-,-,-,-,-,-,12.82777778,92.85777778,25-05-2005 00:00,7.86,354,"","",122,"",18,"",45,"","","",145,40,11,15,"",0.18,"","","","","","","","",""
517,Rest Camp,CGWB,35,Andaman And Nicobar Islands,632,North Middle Andaman,MAYABUNDER,MAYABUNDER,Rest Camp,-,-,-,-,-,-,12.82777778,92.85777778,25-05-2007 00:00,7.7,331,"","",134,"",39,"",26,"","","",145,54,2,17,"","","","","","","","","","",""
518,Rest Camp,CGWB,35,Andaman And Nicobar Islands,632,North Middle Andaman,MAYABUNDER,MAYABUNDER,Rest Camp,-,-,-,-,-,-,12.82777778,92.85777778,25-05-2016 00:00,8.09,551,324,0,214,"",64,"",9,"",12,"",190,52,15,41,"",1.14,"","","","","","","","",""
519,Rest Camp,CGWB,35,Andaman And Nicobar Islands,632,North Middle Andaman,MAYABUNDER,MAYABUNDER,Rest Camp,-,-,-,-,-,-,12.82777778,92.85777778,30-05-2021 08:00,7,279,"",0,134,"",28,"",0,0,"","",115,32,8.4,12,"","","","","","","","","","",""
520,Ross Island,CGWB,35,Andaman And Nicobar Islands,602,South Andaman,PORT BLAIR,PORT BLAIR,Ross Island,-,-,-,-,-,-,11.66305556,92.74611111,25-05-2009 00:00,8.19,259,"","",159,"",32,"",18,"","","",145,34,14.63,16,"",0.09,"","","","","","","","",""
521,Ross Island,CGWB,35,Andaman And Nicobar Islands,602,South Andaman,PORT BLAIR,PORT BLAIR,Ross Island,-,-,-,-,-,-,11.66305556,92.74611111,25-05-2012 00:00,8.3,373,"","",195,"",38,"","","","","",145,44,8.56,21,"","","","","","","","","","",""
522,Ross Island,CGWB,35,Andaman And Nicobar Islands,602,South Andaman,PORT BLAIR,PORT BLAIR,Ross Island,-,-,-,-,-,-,11.66305556,92.74611111,25-05-2013 00:00,8.3,320,"","",159,"",11,"",30,"","","",170,44,14.64,9,"",0.36,"","","","","","","","",""
523,Ross Island,CGWB,35,Andaman And Nicobar Islands,602,South Andaman,PORT BLAIR,PORT BLAIR,Ross Island,-,-,-,-,-,-,11.66305556,92.74611111,25-05-2016 00:00,8.12,296,196,0,110,"",21,"",24,"",23,"",130,38,9,10,"",0.27,"","","","","","","","",""
524,Ross Island,CGWB,35,Andaman And Nicobar Islands,602,South Andaman,PORT BLAIR,PORT BLAIR,Ross Island,-,-,-,-,-,-,11.66305556,92.74611111,25-05-2018 00:00,8.3,731,455.516,0,189.1,155,88.625,"",78.5,"",21.85,"",255,62,24.3,54.96,"",0.137,0,"","","","","","","",""
525,Ross Island,CGWB,35,Andaman And Nicobar Islands,602,South Andaman,PORT BLAIR,PORT BLAIR,Ross Island,-,-,-,-,-,-,11.66305556,92.74611111,30-05-2019 08:00,7.59,522.9,"",0,311.1,"",46.085,"","","","","",195,34,26.69903,56.9,"","","","","","","","","","",""
526,Ross Island,CGWB,35,Andaman And Nicobar Islands,602,South Andaman,PORT BLAIR,PORT BLAIR,Ross Island,-,-,-,-,-,-,11.66305556,92.74611111,30-05-2020 08:00,7.59,522.9,"","",311.1,"",46.085,"","","","","","",34,26.69903,56.9,"","","","","","","","","","",""
527,Ross Island,CGWB,35,Andaman And Nicobar Islands,602,South Andaman,PORT BLAIR,PORT BLAIR,Ross Island,-,-,-,-,-,-,11.66305556,92.74611111,30-05-2021 08:00,7.6,847,550.55,0,372.1,"",63.9,"",15.46,0,"","",305,16,64.395,50.12,"","","","","","","","","","",""
528,Saitankhari,CGWB,35,Andaman And Nicobar Islands,602,South Andaman,FERRARGUNJ,FERRARGUNJ,Saitankhari,-,-,-,-,-,-,11.73000000,92.68000000,25-05-2004 00:00,8.1,500,"","",152,"",53,"",53,"","","",170,44,15,37,"",1.87,"","","","","","","","",""
529,Saitankhari,CGWB,35,Andaman And Nicobar Islands,602,South Andaman,FERRARGUNJ,FERRARGUNJ,Saitankhari,-,-,-,-,-,-,11.73000000,92.68000000,25-05-2005 00:00,8.19,4830,"","",67,"",1418,"",103,"","","",1025,208,123,520,"",0.14,"","","","","","","","",""
530,Saitankhari,CGWB,35,Andaman And Nicobar Islands,602,South Andaman,FERRARGUNJ,FERRARGUNJ,Saitankhari,-,-,-,-,-,-,11.73000000,92.68000000,25-05-2007 00:00,7.7,21800,"","",31,"",6558,"",1200,"","","",3370,480,528,3620,"",0.5,"","","","","","","","",""
531,Saitankhari,CGWB,35,Andaman And Nicobar Islands,602,South Andaman,FERRARGUNJ,FERRARGUNJ,Saitankhari,-,-,-,-,-,-,11.73000000,92.68000000,25-05-2009 00:00,8.21,145,"","",55,"",18,"",1,"","","",40,8,4.86,10,"",0.036,"","","","","","","","",""
532,Saitankhari,CGWB,35,Andaman And Nicobar Islands,602,South Andaman,FERRARGUNJ,FERRARGUNJ,Saitankhari,-,-,-,-,-,-,11.73000000,92.68000000,25-05-2010 00:00,8.54,999,"",18,281,"",195,"",72,"","","",185,32,25.57,169,"",7.87,"","","","","","","","",""
533,Saitankhari,CGWB,35,Andaman And Nicobar Islands,602,South Andaman,FERRARGUNJ,FERRARGUNJ,Saitankhari,-,-,-,-,-,-,11.73000000,92.68000000,25-05-2011 00:00,7.7,588,"","",159,"",103,"",40,"","","",110,30,8.55,108,"","","","","","","","","","",""
534,Saitankhari,CGWB,35,Andaman And Nicobar Islands,602,South Andaman,FERRARGUNJ,FERRARGUNJ,Saitankhari,-,-,-,-,-,-,11.73000000,92.68000000,25-05-2012 00:00,8.1,642,"","",214,"",35,"",88,"","","",280,40,43.81,34,"",0.02,"","","","","","","","",""
535,Saitankhari,CGWB,35,Andaman And Nicobar Islands,602,South Andaman,FERRARGUNJ,FERRARGUNJ,Saitankhari,-,-,-,-,-,-,11.73000000,92.68000000,25-05-2013 00:00,7.3,348,"","",110,"",43,"",28,"","","",120,24,14.62,32,"",0.81,"","","","","","","","",""
536,Saitankhari,CGWB,35,Andaman And Nicobar Islands,602,South Andaman,FERRARGUNJ,FERRARGUNJ,Saitankhari,-,-,-,-,-,-,11.73000000,92.68000000,25-05-2016 00:00,8.2,3874,2182,0,275,"",1132,"",98,"",12,"",625,102,90,571,"",1.93,"","","","","","","","",""
537,Saitankhari,CGWB,35,Andaman And Nicobar Islands,602,South Andaman,FERRARGUNJ,FERRARGUNJ,Saitankhari,-,-,-,-,-,-,11.73000000,92.68000000,25-05-2018 00:00,8.03,344,200.782,0,134.2,110,38.995,"",2.19,"",8.53,"",95,16,13.365,36.66,"",0.514,0,"","","","","","","",""
538,Saitankhari,CGWB,35,Andaman And Nicobar Islands,602,South Andaman,FERRARGUNJ,FERRARGUNJ,Saitankhari,-,-,-,-,-,-,11.73000000,92.68000000,30-05-2019 08:00,7.51,494.2,"",0,201.3,"",102.805,"","","","","",135,32,13.349515,126.3,"","","","","","","","","","",""
539,Saitankhari,CGWB,35,Andaman And Nicobar Islands,602,South Andaman,FERRARGUNJ,FERRARGUNJ,Saitankhari,-,-,-,-,-,-,11.73000000,92.68000000,30-05-2020 08:00,7.51,494.2,"","",201.3,"",102.805,"","","","","","",32,13.349515,126.3,"","","","","","","","","","",""
540,Saitankhari,CGWB,35,Andaman And Nicobar Islands,602,South Andaman,FERRARGUNJ,FERRARGUNJ,Saitankhari,-,-,-,-,-,-,11.73000000,92.68000000,30-05-2021 08:00,7.73,607,394.55,0,286.7,"",31.95,"",20.12,0,"","",165,18,29.16,59.52,"","","","","","","","","","",""
541,Shadipur Port Blair,CGWB,35,Andaman And Nicobar Islands,602,South Andaman,PORT BLAIR,PORT BLAIR,Shadipur Port Blair,-,-,-,-,-,-,11.65888889,92.74750000,25-05-2004 00:00,8.16,558,"","",183,"",43,"",23,"","","",155,58,2.43,33,"","","","","","","","","","",""
542,Shadipur Port Blair,CGWB,35,Andaman And Nicobar Islands,602,South Andaman,PORT BLAIR,PORT BLAIR,Shadipur Port Blair,-,-,-,-,-,-,11.65888889,92.74750000,25-05-2009 00:00,7.58,295,"","",140,"",28,"",1,"","","",75,18,7.32,35,"",0.039,"","","","","","","","",""
543,Shadipur Port Blair,CGWB,35,Andaman And Nicobar Islands,602,South Andaman,PORT BLAIR,PORT BLAIR,Shadipur Port Blair,-,-,-,-,-,-,11.65888889,92.74750000,25-05-2010 00:00,8.4,1450,"",27,470,"",128,"",66,"","","",155,20,25.55,271,"",0.4,"","","","","","","","",""
544,Shadipur Port Blair,CGWB,35,Andaman And Nicobar Islands,602,South Andaman,PORT BLAIR,PORT BLAIR,Shadipur Port Blair,-,-,-,-,-,-,11.65888889,92.74750000,25-05-2011 00:00,8,510,"","",317,"",28,"",19,"","","",120,34,8.55,84,"","","","","","","","","","",""
545,Shadipur Port Blair,CGWB,35,Andaman And Nicobar Islands,602,South Andaman,PORT BLAIR,PORT BLAIR,Shadipur Port Blair,-,-,-,-,-,-,11.65888889,92.74750000,25-05-2012 00:00,8.2,662,"","",232,"",46,"",73,"","","",155,26,21.91,77,"","","","","","","","","","",""
546,Shadipur Port Blair,CGWB,35,Andaman And Nicobar Islands,602,South Andaman,PORT BLAIR,PORT BLAIR,Shadipur Port Blair,-,-,-,-,-,-,11.65888889,92.74750000,25-05-2013 00:00,7.5,539,"","",207,"",39,"",26,"","","",110,32,7.33,72,"",0.96,"","","","","","","","",""
547,Shadipur Port Blair,CGWB,35,Andaman And Nicobar Islands,602,South Andaman,PORT BLAIR,PORT BLAIR,Shadipur Port Blair,-,-,-,-,-,-,11.65888889,92.74750000,25-05-2016 00:00,7.63,583,382,0,281,"",57,"",15,"",18,"",140,24,19,76,"",0.21,"","","","","","","","",""
548,Shadipur Port Blair,CGWB,35,Andaman And Nicobar Islands,602,South Andaman,PORT BLAIR,PORT BLAIR,Shadipur Port Blair,-,-,-,-,-,-,11.65888889,92.74750000,25-05-2018 00:00,8.08,434,276.424,0,176.9,145,38.995,"",19.61,"",6.37,"",115,14,19.44,54.15,"",0.27,0,"","","","","","","",""
549,Shoal Bay 12 No,CGWB,35,Andaman And Nicobar Islands,602,South Andaman,FERRARGUNJ,FERRARGUNJ,Shoal Bay Xii No,-,-,-,-,-,-,11.84666667,92.73583333,25-05-2013 00:00,7.4,610,"","",232,"",21,"",85,"","","",170,48,12.21,69,"",0.1,"","","","","","","","",""
550,Shoal Bay 12 No,CGWB,35,Andaman And Nicobar Islands,602,South Andaman,FERRARGUNJ,FERRARGUNJ,Shoal Bay Xii No,-,-,-,-,-,-,11.84666667,92.73583333,25-05-2016 00:00,7.66,366,248,0,147,"",23,"",31,"",27,"",80,20,7,46,"",0.52,"","","","","","","","",""
551,Shoal Bay 12 No,CGWB,35,Andaman And Nicobar Islands,602,South Andaman,FERRARGUNJ,FERRARGUNJ,Shoal Bay Xii No,-,-,-,-,-,-,11.84666667,92.73583333,25-05-2018 00:00,8.34,355,217.748,12,170.8,160,17.725,"",3.21,"",13.97,"",130,22,18.225,25.7,"",1.288,0,"","","","","","","",""
552,Shoal Bay 15 No,CGWB,35,Andaman And Nicobar Islands,602,South Andaman,FERRARGUNJ,FERRARGUNJ,Shoal Bay Xv No,-,-,-,-,-,-,11.86638889,92.73611111,25-05-2013 00:00,7.5,318,"","",146,"",25,"",7.6,"","","",110,28,9.76,26,"",0.55,"","","","","","","","",""
553,Shoal Bay 15 No,CGWB,35,Andaman And Nicobar Islands,602,South Andaman,FERRARGUNJ,FERRARGUNJ,Shoal Bay Xv No,-,-,-,-,-,-,11.86638889,92.73611111,25-05-2016 00:00,8.04,673,394,0,183,"",114,"",24,"",18,"",210,42,26,58,"",0.62,"","","","","","","","",""
554,Shoal Bay 15 No,CGWB,35,Andaman And Nicobar Islands,602,South Andaman,FERRARGUNJ,FERRARGUNJ,Shoal Bay Xv No,-,-,-,-,-,-,11.86638889,92.73611111,25-05-2018 00:00,8.34,355,218,12,171,160,18,"",3,"",14,"",130,22,18,26,"",1.29,"","","","","","","","",""
555,Sippighat,CGWB,35,Andaman And Nicobar Islands,602,South Andaman,PORT BLAIR,PORT BLAIR,Sippighat,-,-,-,-,-,-,11.60444444,92.68611111,25-05-2004 00:00,7.7,200,"","",67,"",21,"",11,"","","",65,14,7.3,7.6,"","","","","","","","","","",""
556,Sippighat,CGWB,35,Andaman And Nicobar Islands,602,South Andaman,PORT BLAIR,PORT BLAIR,Sippighat,-,-,-,-,-,-,11.60444444,92.68611111,25-05-2005 00:00,8.55,986,"",12,116,"",163,"",78,"","","",295,60,35,57,"",0.57,"","","","","","","","",""
557,Sippighat,CGWB,35,Andaman And Nicobar Islands,602,South Andaman,PORT BLAIR,PORT BLAIR,Sippighat,-,-,-,-,-,-,11.60444444,92.68611111,25-05-2009 00:00,7.24,695,"","",165,"",106,"",50,"","","",250,50,30.4,43,"",0.011,"","","","","","","","",""
558,Sippighat,CGWB,35,Andaman And Nicobar Islands,602,South Andaman,PORT BLAIR,PORT BLAIR,Sippighat,-,-,-,-,-,-,11.60444444,92.68611111,25-05-2010 00:00,8.2,1050,"","",207,"",96,"",70,"","","",200,36,26.79,142,"",1.18,"","","","","","","","",""
559,Sippighat,CGWB,35,Andaman And Nicobar Islands,602,South Andaman,PORT BLAIR,PORT BLAIR,Sippighat,-,-,-,-,-,-,11.60444444,92.68611111,25-05-2011 00:00,7.6,810,"","",281,"",99,"",75,"","","",325,84,28.06,65,"",0.24,"","","","","","","","",""
560,Sippighat,CGWB,35,Andaman And Nicobar Islands,602,South Andaman,PORT BLAIR,PORT BLAIR,Sippighat,-,-,-,-,-,-,11.60444444,92.68611111,25-05-2012 00:00,8.2,290,"","",122,"",39,"",10,"","","",100,24,9.75,26,"","","","","","","","","","",""
561,Sippighat,CGWB,35,Andaman And Nicobar Islands,602,South Andaman,PORT BLAIR,PORT BLAIR,Sippighat,-,-,-,-,-,-,11.60444444,92.68611111,25-05-2013 00:00,8.3,820,"","",244,"",85,"",88,"","","",280,72,24.4,64,"",0.73,"","","","","","","","",""
562,Sippighat,CGWB,35,Andaman And Nicobar Islands,602,South Andaman,PORT BLAIR,PORT BLAIR,Sippighat,-,-,-,-,-,-,11.60444444,92.68611111,30-05-2021 08:00,7.91,1013,658.45,0,396.5,"",60.35,"",55.23,0,"","",355,24,71.685,62.36,"","","","","","","","","","",""
563,Sitanagar SA,CGWB,35,Andaman And Nicobar Islands,602,South Andaman,PORT BLAIR,PORT BLAIR,Sitanagar,-,-,-,-,-,-,11.82000000,93.06000000,25-05-2009 00:00,8.19,320,"","",189,"",18,"",1,"","","",150,22,23.12,8,"","","","","","","","","","",""
564,Sitanagar SA,CGWB,35,Andaman And Nicobar Islands,602,South Andaman,PORT BLAIR,PORT BLAIR,Sitanagar,-,-,-,-,-,-,11.82000000,93.06000000,25-05-2010 00:00,8.12,452,"","",207,"",28,"",3,"","","",200,26,32.85,11,"",0.59,"","","","","","","","",""
565,Sitanagar SA,CGWB,35,Andaman And Nicobar Islands,602,South Andaman,PORT BLAIR,PORT BLAIR,Sitanagar,-,-,-,-,-,-,11.82000000,93.06000000,25-05-2011 00:00,7.9,375,"","",232,"",18,"",10,"","","",200,24,34.07,10,"","","","","","","","","","",""
566,Sitanagar SA,CGWB,35,Andaman And Nicobar Islands,602,South Andaman,PORT BLAIR,PORT BLAIR,Sitanagar,-,-,-,-,-,-,11.82000000,93.06000000,25-05-2012 00:00,8.3,299,"","",159,"",21,"",10,"","","",120,38,6.12,17,"","","","","","","","","","",""
567,Sitanagar SA,CGWB,35,Andaman And Nicobar Islands,602,South Andaman,PORT BLAIR,PORT BLAIR,Sitanagar,-,-,-,-,-,-,11.82000000,93.06000000,25-05-2013 00:00,7.4,1130,"","",281,"",142,"",110,"","","",270,96,7.41,120,"",0.09,"","","","","","","","",""
568,Sitanagar SA,CGWB,35,Andaman And Nicobar Islands,602,South Andaman,PORT BLAIR,PORT BLAIR,Sitanagar,-,-,-,-,-,-,11.82000000,93.06000000,25-05-2016 00:00,7.68,357,223,0,49,"",92,"",4,"",16,"",85,32,1,33,"",0.04,"","","","","","","","",""
569,Sitanagar SA,CGWB,35,Andaman And Nicobar Islands,602,South Andaman,PORT BLAIR,PORT BLAIR,Sitanagar,-,-,-,-,-,-,11.82000000,93.06000000,25-05-2018 00:00,8.07,551,315.37,0,244,200,31.905,"",29.41,"",10.03,"",205,8,44.955,39.63,"",0.371,0,"","","","","","","",""
570,South Creek Sundergarh,CGWB,35,Andaman And Nicobar Islands,632,North Middle Andaman,RONGET,RONGET,South Creek Sundergarh,-,-,-,-,-,-,12.18694444,92.79166667,25-05-2018 00:00,8.46,596,360.745,18,213.5,205,38.995,"",46.22,"",15.14,"",120,14,20.655,75.67,"",0.125,0,"","","","","","","",""
571,South Point Port Blair,CGWB,35,Andaman And Nicobar Islands,602,South Andaman,PORT BLAIR,PORT BLAIR,South Point Port Blair,-,-,-,-,-,-,11.65305556,92.74527778,25-05-2004 00:00,8.24,770,"","",244,"",60,"",23,"","","",230,56,21.95,34,"",0.18,"","","","","","","","",""
572,South Point Port Blair,CGWB,35,Andaman And Nicobar Islands,602,South Andaman,PORT BLAIR,PORT BLAIR,South Point Port Blair,-,-,-,-,-,-,11.65305556,92.74527778,25-05-2005 00:00,8.23,407,"","",165,"",32,"",17,"","","",115,26,12,36,"",0.4,"","","","","","","","",""
573,South Point Port Blair,CGWB,35,Andaman And Nicobar Islands,602,South Andaman,PORT BLAIR,PORT BLAIR,South Point Port Blair,-,-,-,-,-,-,11.65305556,92.74527778,25-05-2007 00:00,7.5,409,"","",201,"",32,"",9,"","","",200,42,23,13,"",0.5,"","","","","","","","",""
574,South Point Port Blair,CGWB,35,Andaman And Nicobar Islands,602,South Andaman,PORT BLAIR,PORT BLAIR,South Point Port Blair,-,-,-,-,-,-,11.65305556,92.74527778,25-05-2009 00:00,6.86,159,"","",67,"",14,"",1,"","","",65,20,3.64,6,"",0.021,"","","","","","","","",""
575,South Point Port Blair,CGWB,35,Andaman And Nicobar Islands,602,South Andaman,PORT BLAIR,PORT BLAIR,South Point Port Blair,-,-,-,-,-,-,11.65305556,92.74527778,25-05-2011 00:00,7.9,446,"","",232,"",39,"",20,"","","",205,66,9.81,24,"","","","","","","","","","",""
576,South Point Port Blair,CGWB,35,Andaman And Nicobar Islands,602,South Andaman,PORT BLAIR,PORT BLAIR,South Point Port Blair,-,-,-,-,-,-,11.65305556,92.74527778,25-05-2012 00:00,8.3,371,"","",171,"",32,"",17,"","","",155,32,18.27,17,"",0.006,"","","","","","","","",""
577,South Point Port Blair,CGWB,35,Andaman And Nicobar Islands,602,South Andaman,PORT BLAIR,PORT BLAIR,South Point Port Blair,-,-,-,-,-,-,11.65305556,92.74527778,25-05-2013 00:00,8.2,366,"","",153,"",21,"",13,"","","",100,40,0.05,36,"",0.46,"","","","","","","","",""
578,South Point Port Blair,CGWB,35,Andaman And Nicobar Islands,602,South Andaman,PORT BLAIR,PORT BLAIR,South Point Port Blair,-,-,-,-,-,-,11.65305556,92.74527778,25-05-2016 00:00,7.48,389,238,0,195,"",18,"",14,"",13,"",150,38,13,16,"",0.38,"","","","","","","","",""
579,Stuwartganj,CGWB,35,Andaman And Nicobar Islands,602,South Andaman,FERRARGUNJ,FERRARGUNJ,Stuwartganj,-,-,-,-,-,-,11.72361111,92.71277778,25-05-2013 00:00,7.8,1120,"","",439,"",71,"",125,"","","",350,80,36.57,106,"",0.33,"","","","","","","","",""
580,Stuwartganj,CGWB,35,Andaman And Nicobar Islands,602,South Andaman,FERRARGUNJ,FERRARGUNJ,Stuwartganj,-,-,-,-,-,-,11.72361111,92.71277778,25-05-2016 00:00,7.67,1235,729,0,439,"",92,"",98,"",27,"",350,84,34,119,"",0.77,"","","","","","","","",""
581,Stuwartganj,CGWB,35,Andaman And Nicobar Islands,602,South Andaman,FERRARGUNJ,FERRARGUNJ,Stuwartganj,-,-,-,-,-,-,11.72361111,92.71277778,25-05-2018 00:00,8.03,255,176.547,0,103.7,85,14.18,"",30.37,"",19.51,"",95,22,9.72,14.61,"",0.516,0,"","","","","","","",""
582,Stuwartganj,CGWB,35,Andaman And Nicobar Islands,602,South Andaman,FERRARGUNJ,FERRARGUNJ,Stuwartganj,-,-,-,-,-,-,11.72361111,92.71277778,30-05-2019 08:00,7.37,1064,"",0,414.8,"",60.265,"","","","","",320,62,40.048542,73.1,"","","","","","","","","","",""
583,Stuwartganj,CGWB,35,Andaman And Nicobar Islands,602,South Andaman,FERRARGUNJ,FERRARGUNJ,Stuwartganj,-,-,-,-,-,-,11.72361111,92.71277778,30-05-2020 08:00,7.37,1064,"","",414.8,"",60.265,"","","","","","",62,40.048542,73.1,"","","","","","","","","","",""
584,Subhasgram,CGWB,35,Andaman And Nicobar Islands,632,North Middle Andaman,DIGLIPUR,DIGLIPUR,Subhasgram,-,-,-,-,-,-,13.24083333,92.99055556,25-05-2004 00:00,7.25,995,"","",372,"",60,"",128,"","","",390,82,45,59,"",0.09,"","","","","","","","",""
585,Subhasgram,CGWB,35,Andaman And Nicobar Islands,632,North Middle Andaman,DIGLIPUR,DIGLIPUR,Subhasgram,-,-,-,-,-,-,13.24083333,92.99055556,25-05-2005 00:00,8.7,1120,"","",403,"",71,"",118,"","","",425,94,46,72,"","","","","","","","","","",""
586,Subhasgram,CGWB,35,Andaman And Nicobar Islands,632,North Middle Andaman,DIGLIPUR,DIGLIPUR,Subhasgram,-,-,-,-,-,-,13.24083333,92.99055556,25-05-2007 00:00,7.16,1180,"","","","","","","","","","","","","","","","","","","","","","","","",""
587,Subhasgram,CGWB,35,Andaman And Nicobar Islands,632,North Middle Andaman,DIGLIPUR,DIGLIPUR,Subhasgram,-,-,-,-,-,-,13.24083333,92.99055556,25-05-2016 00:00,8,1035,606,0,390,"",57,"",99,"",19,"",345,80,35,75,"",0.17,"","","","","","","","",""
588,Subhasgram,CGWB,35,Andaman And Nicobar Islands,632,North Middle Andaman,DIGLIPUR,DIGLIPUR,Subhasgram,-,-,-,-,-,-,13.24083333,92.99055556,25-05-2018 00:00,7.83,264,160.952,0,73.2,60,17.725,"",38.12,"",8.01,"",75,16,8.505,26.24,"",0.282,0,"","","","","","","",""
589,Subhasgram,CGWB,35,Andaman And Nicobar Islands,632,North Middle Andaman,DIGLIPUR,DIGLIPUR,Subhasgram,-,-,-,-,-,-,13.24083333,92.99055556,30-05-2019 08:00,7.54,530.5,"",0,274.5,"",28.36,"","","","","",245,34,38.834953,56.3,"","","","","","","","","","",""
590,Subhasgram,CGWB,35,Andaman And Nicobar Islands,632,North Middle Andaman,DIGLIPUR,DIGLIPUR,Subhasgram,-,-,-,-,-,-,13.24083333,92.99055556,30-05-2020 08:00,7.54,530.5,"","",274.5,"",28.36,"","","","","","",34,38.834953,56.3,"","","","","","","","","","",""
591,Subhasgram,CGWB,35,Andaman And Nicobar Islands,632,North Middle Andaman,DIGLIPUR,DIGLIPUR,Subhasgram,-,-,-,-,-,-,13.24083333,92.99055556,30-05-2021 08:00,7.7,1016,"",0,390.4,"",92.17,"",60,0,"","",450,116,38.4,27,"","","","","","","","","","",""
592,Swadeshnagar,CGWB,35,Andaman And Nicobar Islands,632,North Middle Andaman,MAYABUNDER,MAYABUNDER,Swadeshnagar,-,-,-,-,-,-,12.61444444,92.93194444,25-05-2018 00:00,7.97,526,294.601,0,219.6,180,17.725,"",41.18,"",13.52,"",170,12,34.02,35.54,"",0.124,0,"","","","","","","",""
593,Swadeshnagar,CGWB,35,Andaman And Nicobar Islands,632,North Middle Andaman,MAYABUNDER,MAYABUNDER,Swadeshnagar,-,-,-,-,-,-,12.61444444,92.93194444,30-05-2019 08:00,7.09,781.3,"",0,152.5,"",21.27,"","","","","",140,28,16.990292,35.3,"","","","","","","","","","",""
594,Swadeshnagar,CGWB,35,Andaman And Nicobar Islands,632,North Middle Andaman,MAYABUNDER,MAYABUNDER,Swadeshnagar,-,-,-,-,-,-,12.61444444,92.93194444,30-05-2020 08:00,7.09,781.3,"","",152.5,"",21.27,"","","","","","",28,16.990292,35.3,"","","","","","","","","","",""
595,Swadeshnagar,CGWB,35,Andaman And Nicobar Islands,632,North Middle Andaman,MAYABUNDER,MAYABUNDER,Swadeshnagar,-,-,-,-,-,-,12.61444444,92.93194444,30-05-2021 08:00,8.01,1190,773.5,0,298.9,"",131.35,"",114.65,0.19,"","",420,34,81.405,71.95,"","","","","","","","","","",""
596,Teylarabad,CGWB,35,Andaman And Nicobar Islands,602,South Andaman,PORT BLAIR,PORT BLAIR,Teylarabad,-,-,-,-,-,-,11.60472222,92.70333333,25-05-2013 00:00,8.3,760,"","",171,"",57,"",151,"","","",295,60,35.33,45,"",2.2,"","","","","","","","",""
597,Teylarabad,CGWB,35,Andaman And Nicobar Islands,602,South Andaman,PORT BLAIR,PORT BLAIR,Teylarabad,-,-,-,-,-,-,11.60472222,92.70333333,25-05-2018 00:00,8.19,272,185.779,0,146.4,120,10.635,"",10.84,"",26.23,"",130,20,19.44,7.21,"",0.633,0,"","","","","","","",""
598,Tikadera,CGWB,35,Andaman And Nicobar Islands,632,North Middle Andaman,RONGET,RONGET,Tikadera,-,-,-,-,-,-,12.45666667,92.77361111,25-05-2005 00:00,8.21,314,"","",122,"",18,"",4,"","","",90,30,3.6,19,"",0.08,"","","","","","","","",""
599,Tikadera,CGWB,35,Andaman And Nicobar Islands,632,North Middle Andaman,RONGET,RONGET,Tikadera,-,-,-,-,-,-,12.45666667,92.77361111,25-05-2007 00:00,7.67,331,"","",122,"",28,"",32,"","","",125,40,6,27,"","","","","","","","","","",""
600,Tikadera,CGWB,35,Andaman And Nicobar Islands,632,North Middle Andaman,RONGET,RONGET,Tikadera,-,-,-,-,-,-,12.45666667,92.77361111,25-05-2016 00:00,8.08,214,143,0,61,"",18,"",21,"",26,"",75,24,4,10,"",0.18,"","","","","","","","",""
601,Tikadera,CGWB,35,Andaman And Nicobar Islands,632,North Middle Andaman,RONGET,RONGET,Tikadera,-,-,-,-,-,-,12.45666667,92.77361111,25-05-2018 00:00,7.75,597,331.85,0,122,100,95.715,"",42.8,"",6.17,"",135,16,23.085,59.92,"",5.022,0,"","","","","","","",""
602,Tikadera,CGWB,35,Andaman And Nicobar Islands,632,North Middle Andaman,RONGET,RONGET,Tikadera,-,-,-,-,-,-,12.45666667,92.77361111,30-05-2019 08:00,7.61,221.5,"",0,91.5,"",24.815,"","","","","",75,18,7.2815533,20.5,"","","","","","","","","","",""
603,Tikadera,CGWB,35,Andaman And Nicobar Islands,632,North Middle Andaman,RONGET,RONGET,Tikadera,-,-,-,-,-,-,12.45666667,92.77361111,30-05-2020 08:00,7.61,221.5,"","",91.5,"",24.815,"","","","","","",18,7.2815533,20.5,"","","","","","","","","","",""
604,Tikadera,CGWB,35,Andaman And Nicobar Islands,632,North Middle Andaman,RONGET,RONGET,Tikadera,-,-,-,-,-,-,12.45666667,92.77361111,30-05-2021 08:00,7.48,743,482.95,0,329.4,"",28.4,"",31.02,1.16,"","",340,28,65.61,12.04,"","","","","","","","","","",""
605,Tirur,CGWB,35,Andaman And Nicobar Islands,602,South Andaman,FERRARGUNJ,FERRARGUNJ,Tirur,-,-,-,-,-,-,11.72416667,92.61361111,25-05-2013 00:00,8.2,893,"","",256,"",43,"",222,"","","",400,104,34.16,52,"",0.63,"","","","","","","","",""
606,Tirur,CGWB,35,Andaman And Nicobar Islands,602,South Andaman,FERRARGUNJ,FERRARGUNJ,Tirur,-,-,-,-,-,-,11.72416667,92.61361111,25-05-2016 00:00,7.82,920,556,0,433,"",57,"",25,"",16,"",365,136,6,48,"",0.13,"","","","","","","","",""
607,Tirur,CGWB,35,Andaman And Nicobar Islands,602,South Andaman,FERRARGUNJ,FERRARGUNJ,Tirur,-,-,-,-,-,-,11.72416667,92.61361111,25-05-2018 00:00,8.14,699,421.402,0,195.2,160,63.81,"",85.14,"",14.51,"",130,12,24.3,99.89,"",0.149,0,"","","","","","","",""
608,Tugapur no 8,CGWB,35,Andaman And Nicobar Islands,632,North Middle Andaman,MAYABUNDER,MAYABUNDER,Tugapur,-,-,-,-,-,-,12.83972222,92.85388889,25-05-2004 00:00,7.91,571,"","",104,"",85,"",75,"","","",165,20,28,58,"","","","","","","","","","",""
609,Tugapur no 8,CGWB,35,Andaman And Nicobar Islands,632,North Middle Andaman,MAYABUNDER,MAYABUNDER,Tugapur,-,-,-,-,-,-,12.83972222,92.85388889,25-05-2005 00:00,8.16,364,"","",79,"",28,"",49,"","","",80,20,7.3,37,"",0.2,"","","","","","","","",""
610,Tugapur no 8,CGWB,35,Andaman And Nicobar Islands,632,North Middle Andaman,MAYABUNDER,MAYABUNDER,Tugapur,-,-,-,-,-,-,12.83972222,92.85388889,25-05-2016 00:00,8.26,532,324,0,116,"",92,"",34,"",22,"",140,30,16,57,"",0.21,"","","","","","","","",""
611,Tugapur no 8,CGWB,35,Andaman And Nicobar Islands,632,North Middle Andaman,MAYABUNDER,MAYABUNDER,Tugapur,-,-,-,-,-,-,12.83972222,92.85388889,25-05-2018 00:00,8.16,588,335.531,0,219.6,180,14.18,"",75.38,"",6.12,"",190,18,35.235,49.96,"",0.371,0,"","","","","","","",""
612,Tushnabad,CGWB,35,Andaman And Nicobar Islands,602,South Andaman,FERRARGUNJ,FERRARGUNJ,Tushnabad,-,-,-,-,-,-,11.68222222,92.63638889,25-05-2013 00:00,8,212,"","",85,"",21,"",8,"","","",80,20,7.32,14,"",2.52,"","","","","","","","",""
613,Tushnabad,CGWB,35,Andaman And Nicobar Islands,602,South Andaman,FERRARGUNJ,FERRARGUNJ,Tushnabad,-,-,-,-,-,-,11.68222222,92.63638889,25-05-2016 00:00,7.92,478,276,0,104,"",85,"",29,"",10,"",140,28,17,39,"",0.74,"","","","","","","","",""
614,Tushnabad,CGWB,35,Andaman And Nicobar Islands,602,South Andaman,FERRARGUNJ,FERRARGUNJ,Tushnabad,-,-,-,-,-,-,11.68222222,92.63638889,25-05-2018 00:00,7.86,115,76.292,0,42.7,35,10.635,"",6.48,"",13.73,"",40,4,7.29,7.25,"",0.511,0,"","","","","","","",""
615,Tushnabad,CGWB,35,Andaman And Nicobar Islands,602,South Andaman,FERRARGUNJ,FERRARGUNJ,Tushnabad,-,-,-,-,-,-,11.68222222,92.63638889,30-05-2019 08:00,7.6,1738,"",0,518.5,"",173.7,"","","","","",390,26,78.88349,253.6,"","","","","","","","","","",""
616,Tushnabad,CGWB,35,Andaman And Nicobar Islands,602,South Andaman,FERRARGUNJ,FERRARGUNJ,Tushnabad,-,-,-,-,-,-,11.68222222,92.63638889,30-05-2020 08:00,7.6,1738,"","",518.5,"",173.7,"","","","","","",26,78.88349,253.6,"","","","","","","","","","",""
617,Tushnabad,CGWB,35,Andaman And Nicobar Islands,602,South Andaman,FERRARGUNJ,FERRARGUNJ,Tushnabad,-,-,-,-,-,-,11.68222222,92.63638889,30-05-2021 08:00,7.86,741,481.65,0,341.6,"",53.25,"",10.1,0,"","",210,20,38.88,67.13,"","","","","","","","","","",""
618,Uttara,CGWB,35,Andaman And Nicobar Islands,632,North Middle Andaman,RONGET,RONGET,Uttara,-,-,-,-,-,-,12.31611111,92.78888889,25-05-2004 00:00,8.18,1020,"","",140,"",135,"",61,"","","",140,34,13,101,"",0.1,"","","","","","","","",""
619,Uttara,CGWB,35,Andaman And Nicobar Islands,632,North Middle Andaman,RONGET,RONGET,Uttara,-,-,-,-,-,-,12.31611111,92.78888889,25-05-2005 00:00,8.2,501,"","",207,"",25,"",21,"","","",175,40,18,26,"",0.08,"","","","","","","","",""
620,Uttara,CGWB,35,Andaman And Nicobar Islands,632,North Middle Andaman,RONGET,RONGET,Uttara,-,-,-,-,-,-,12.31611111,92.78888889,25-05-2007 00:00,8.02,573,"","",262,"",43,"",33,"","","",195,46,19,44,"","","","","","","","","","",""
621,Uttara,CGWB,35,Andaman And Nicobar Islands,632,North Middle Andaman,RONGET,RONGET,Uttara,-,-,-,-,-,-,12.31611111,92.78888889,25-05-2016 00:00,7.96,598,362,0,226,"",64,"",29,"",14,"",180,36,22,54,"",0.12,"","","","","","","","",""
622,Uttara,CGWB,35,Andaman And Nicobar Islands,632,North Middle Andaman,RONGET,RONGET,Uttara,-,-,-,-,-,-,12.31611111,92.78888889,30-05-2021 08:00,7.25,1304,847.6,0,542.9,"",102.95,"",22.45,1.39,"","",425,32,83.835,98.63,"","","","","","","","","","",""
623,Vijaynagar,CGWB,35,Andaman And Nicobar Islands,602,South Andaman,PORT BLAIR,PORT BLAIR,Vijaynagar,-,-,-,-,-,-,12.00472222,93.00472222,30-05-2021 08:00,7.44,440,286,0,195.2,"",14.2,"",22.01,0,"","",180,38,20.655,15.23,"","","","","","","","","","",""
624,Wandur,CGWB,35,Andaman And Nicobar Islands,602,South Andaman,PORT BLAIR,PORT BLAIR,Wandur,-,-,-,-,-,-,11.59777778,92.62305556,25-05-2013 00:00,7.5,503,"","",307,"",35,"",34,"","","",200,52,17.08,31,"",1.01,"","","","","","","","",""
625,Webi Debipur,CGWB,35,Andaman And Nicobar Islands,632,North Middle Andaman,MAYABUNDER,MAYABUNDER,Webi Debipur,-,-,-,-,-,-,12.86694444,92.87194444,25-05-2018 00:00,8.12,284,171.828,0,109.8,90,24.815,"",21.93,"",8.09,"",120,14,20.655,9.34,"",0.138,0,"","","","","","","",""
626,Wimberleyganj,CGWB,35,Andaman And Nicobar Islands,602,South Andaman,FERRARGUNJ,FERRARGUNJ,Wimberleyganj,-,-,-,-,-,-,11.73916667,92.70777778,25-05-2004 00:00,7.7,1900,"","",104,"",482,"",140,"","","",190,26,30,322,"","","","","","","","","","",""
627,Wimberleyganj,CGWB,35,Andaman And Nicobar Islands,602,South Andaman,FERRARGUNJ,FERRARGUNJ,Wimberleyganj,-,-,-,-,-,-,11.73916667,92.70777778,25-05-2005 00:00,8.78,457,"",15,183,"",35,"",7,"","","",145,26,19,37,"",0.26,"","","","","","","","",""
628,Wimberleyganj,CGWB,35,Andaman And Nicobar Islands,602,South Andaman,FERRARGUNJ,FERRARGUNJ,Wimberleyganj,-,-,-,-,-,-,11.73916667,92.70777778,25-05-2007 00:00,7.7,258,"","",110,"",21,"",17,"","","",70,18,6,27,"","","","","","","","","","",""
629,Wimberleyganj,CGWB,35,Andaman And Nicobar Islands,602,South Andaman,FERRARGUNJ,FERRARGUNJ,Wimberleyganj,-,-,-,-,-,-,11.73916667,92.70777778,25-05-2009 00:00,7.64,588,"","",201,"",46,"",50,"","","",155,42,12.21,66,"",0.01,"","","","","","","","",""
630,Wimberleyganj,CGWB,35,Andaman And Nicobar Islands,602,South Andaman,FERRARGUNJ,FERRARGUNJ,Wimberleyganj,-,-,-,-,-,-,11.73916667,92.70777778,25-05-2012 00:00,8.2,757,"","",390,"",53,"",29,"","","",65,16,6.1,163,"","","","","","","","","","",""
631,Wimberleyganj,CGWB,35,Andaman And Nicobar Islands,602,South Andaman,FERRARGUNJ,FERRARGUNJ,Wimberleyganj,-,-,-,-,-,-,11.73916667,92.70777778,30-05-2021 08:00,7.73,252,163.8,0,97.6,"",24.85,"",10.95,0,"","",80,18,8.505,16.29,"","","","","","","","","","",""
632,Wrightmyo,CGWB,35,Andaman And Nicobar Islands,602,South Andaman,FERRARGUNJ,FERRARGUNJ,Wrightmyo,-,-,-,-,-,-,11.78138889,92.70944444,25-05-2013 00:00,7.4,155,"","",55,"",18,"",7.5,"","","",60,12,7.31,8.9,"",0.36,"","","","","","","","",""
633,Wrightmyo,CGWB,35,Andaman And Nicobar Islands,602,South Andaman,FERRARGUNJ,FERRARGUNJ,Wrightmyo,-,-,-,-,-,-,11.78138889,92.70944444,25-05-2016 00:00,7.97,254,157,0,92,"",18,"",14,"",20,"",85,30,2,15,"",0.83,"","","","","","","","",""
634,Wrightmyo,CGWB,35,Andaman And Nicobar Islands,602,South Andaman,FERRARGUNJ,FERRARGUNJ,Wrightmyo,-,-,-,-,-,-,11.78138889,92.70944444,25-05-2018 00:00,8.16,230,139.359,0,115.9,95,14.18,"",7.82,"",5.25,"",85,14,12.15,12.43,"",0.724,0,"","","","","","","",""
