SlNo,Station,Agency,State LGD Code,State,District LGD Code,District,Tehsil,Block,Village,River,Basin,Tributary,Subtributary,SubSubtributary,Local River,Latitude,Longitude,Data Acquisition Time,Potential of Hydrogen (pH),Electric Conductivity (μS/cm),Total Dissolved Solids (mg/L),Carbonate (mg/L),Bicarbonate (mg/L),Total Alkalinity (mg/L as CaCO3),Chloride (mg/L),Nitrate N (mgN/L),Sulphate (mg/L),Phosphate(mg/L),Silica(mg/L),Fluoride (mg/L),Total Hardness (mgCaCO3/L),Calcium (mg/L),Magnesium (mg/L),Sodium (mg/L),Potassium (mg/L),Iron(mg/L),Arsenic (mg/L),Uranium(mg/L),Manganese (mg/L),Copper (mg/L),Lead (mg/L),Zinc (mg/L),Nickel (mg/L),Cadmium (mg/L),Chromium (mg/L)
1,18th Mile,CGWB,18,Assam,301,SONITPUR,-,-,-,-,-,-,-,-,-,26.81000000,92.83000000,30-05-2019 08:00,8.4,353.6,"",12,128.222,"",42.54,"","","","","",110,28.0224,9.695146,34.55,"","","","","","","","","","",""
2,18th Mile,CGWB,18,Assam,301,SONITPUR,-,-,-,-,-,-,-,-,-,26.81000000,92.83000000,30-05-2020 08:00,8.4,353.6,"","",128.222,"",42.54,"","","","","","",28.0224,9.695146,34.55,"","","","","","","","","","",""
3,Abhayapuri,CGWB,18,Assam,281,BONGAIGAON,SRIJANGRAM,SRIJANGRAM,Abhayapuri,-,-,-,-,-,-,26.36666667,90.63333333,25-05-2006 00:00,6.87,105,"",0,31,"","","",1,"","","",25,8,1.2,"","",0.18,"","","","","","","","",""
4,Abhayapuri,CGWB,18,Assam,281,BONGAIGAON,SRIJANGRAM,SRIJANGRAM,Abhayapuri,-,-,-,-,-,-,26.36666667,90.63333333,25-05-2011 00:00,7.06,92,"",0,55.35,"","","","","","","",65,8,11.25,14,"","","","","","","","","","",""
5,Abhayapuri,CGWB,18,Assam,281,BONGAIGAON,SRIJANGRAM,SRIJANGRAM,Abhayapuri,-,-,-,-,-,-,26.36666667,90.63333333,25-05-2015 00:00,8.3,272.7,"",24,132,148.2,80,"",1.8,"","","",36,11.2,1.96,63.94,"",2.31,"","","","","","","","",""
6,Abhayapuri,CGWB,18,Assam,281,BONGAIGAON,SRIJANGRAM,SRIJANGRAM,Abhayapuri,-,-,-,-,-,-,26.36666667,90.63333333,25-05-2016 00:00,7.2,149.1,78.16,0,45,45,24.815,"",2.3834221,"","","",45,10,4.9,15.91,"",0.15,"","","","","","","","",""
7,Abhayapuri,CGWB,18,Assam,281,BONGAIGAON,SRIJANGRAM,SRIJANGRAM,Abhayapuri,-,-,-,-,-,-,26.36666667,90.63333333,25-05-2018 00:00,6.447,149,79.76,0,40.032,40.032,38.995,"",2.8637,"",0,"",35,6.0048,4.851456,15.4,"",0.6182,0,"","","","","","","",""
8,Abhayapuri,CGWB,18,Assam,281,BONGAIGAON,SRIJANGRAM,SRIJANGRAM,Abhayapuri,-,-,-,-,-,-,26.36666667,90.63333333,30-05-2021 08:00,8.81,2688,"",72,414.936,"",347.41,"",390,0,"","",180,16,34,580,"","","","","","","","","","",""
9,Agia,CGWB,18,Assam,287,GOALPARA,LAKHIPUR,LAKHIPUR,Agia,-,-,-,-,-,-,26.11111111,90.54861111,25-05-2005 00:00,7.32,227,"",0,135,110.7,"","",3,"","","",105,40,1.2,"","",0.81,"","","","","","","","",""
10,Agia,CGWB,18,Assam,287,GOALPARA,LAKHIPUR,LAKHIPUR,Agia,-,-,-,-,-,-,26.11111111,90.54861111,25-05-2006 00:00,7.01,112,"",0,49,"","","",2,"","","",40,14,1.2,"","",1.29,"","","","","","","","",""
11,Agia,CGWB,18,Assam,287,GOALPARA,LAKHIPUR,LAKHIPUR,Agia,-,-,-,-,-,-,26.11111111,90.54861111,25-05-2007 00:00,7.55,140,"",0,48,"","","",2,"","","",15,5,1,"","",0.65,"","","","","","","","",""
12,Agia,CGWB,18,Assam,287,GOALPARA,LAKHIPUR,LAKHIPUR,Agia,-,-,-,-,-,-,26.11111111,90.54861111,25-05-2008 00:00,7.7,84,"",0,28,23,"","",7,"","","",45,6,7.3,0.21,"",0.21,"","","","","","","","",""
13,Agia,CGWB,18,Assam,287,GOALPARA,LAKHIPUR,LAKHIPUR,Agia,-,-,-,-,-,-,26.11111111,90.54861111,25-05-2009 00:00,7.47,88,"",0,43.05,35.3,"","",9,"","","",45,4,8.51,"","",1.2,"","","","","","","","",""
14,Agia,CGWB,18,Assam,287,GOALPARA,LAKHIPUR,LAKHIPUR,Agia,-,-,-,-,-,-,26.11111111,90.54861111,25-05-2014 00:00,7.8,172.6,"","",52,42.62,34,"",0.99,"","","",84,14.4,11.69,5.2,"",0.51,"","","","","","","","",""
15,Agia,CGWB,18,Assam,287,GOALPARA,LAKHIPUR,LAKHIPUR,Agia,-,-,-,-,-,-,26.11111111,90.54861111,25-05-2015 00:00,8.05,143.5,"","",64,52.46,44,"",1.9,"","","",104,28.8,7.82,1.2,"",0.4,"","","","","","","","",""
16,Agyathuri,CGWB,18,Assam,291,KAMRUP,HAJO,HAJO,Agyathuri,-,-,-,-,-,-,26.20833333,91.62500000,25-05-2005 00:00,7.5,159,"",0,55,"","","",10,"","","",45,14,2.4,"","",1.01,"","","","","","","","",""
17,Agyathuri,CGWB,18,Assam,291,KAMRUP,HAJO,HAJO,Agyathuri,-,-,-,-,-,-,26.20833333,91.62500000,25-05-2006 00:00,7.45,120,"",0,49,40.2,"","",7,"","","",30,10,1.23,"","",0.24,"","","","","","","","",""
18,Agyathuri,CGWB,18,Assam,291,KAMRUP,HAJO,HAJO,Agyathuri,-,-,-,-,-,-,26.20833333,91.62500000,25-05-2007 00:00,7.29,238,"",0,55,45.1,"","",11,"","","",40,12,2.45,"","",3.2,"","","","","","","","",""
19,Agyathuri,CGWB,18,Assam,291,KAMRUP,HAJO,HAJO,Agyathuri,-,-,-,-,-,-,26.20833333,91.62500000,25-05-2008 00:00,7.59,230,"",0,85.4,"","","",3,"","","",65,14,7.29,"","",3,"","","","","","","","",""
20,Agyathuri,CGWB,18,Assam,291,KAMRUP,HAJO,HAJO,Agyathuri,-,-,-,-,-,-,26.20833333,91.62500000,25-05-2014 00:00,8.2,103,"","",52,42.62,76.8,"",5.4,"","","",148,51.2,4.92,7.2,"",0.26,"","","","","","","","",""
21,Agyathuri,CGWB,18,Assam,291,KAMRUP,HAJO,HAJO,Agyathuri,-,-,-,-,-,-,26.20833333,91.62500000,25-05-2015 00:00,7.5,391.5,"","",56,45.9,35.5,"",5.5,"","","",47,16,2.8,15.7,"",1.26,"","","","","","","","",""
22,Agyathuri,CGWB,18,Assam,291,KAMRUP,HAJO,HAJO,Agyathuri,-,-,-,-,-,-,26.20833333,91.62500000,25-05-2016 00:00,7.9,252.8,149,0,28,28,3.4,"","","","","",65,14,7.3,9.42,"",1,"","","","","","","","",""
23,Agyathuri,CGWB,18,Assam,291,KAMRUP,HAJO,HAJO,Agyathuri,-,-,-,-,-,-,26.20833333,91.62500000,25-05-2018 00:00,7.577,155.6,80.36,0,60.048,60.048,24.815,"",2.6902,"",0,"",40,8.0064,4.8504853,18.77,"",1.0161,0,"","","","","","","",""
24,Akajan,CGWB,18,Assam,284,DHEMAJI,DHEMAJI,DHEMAJI,Akajan,-,-,-,-,-,-,27.50000000,94.54444444,25-05-2005 00:00,7.15,259,"",0,98,"","","",13,"","","",90,24,7.3,"","",1.95,"","","","","","","","",""
25,Akajan,CGWB,18,Assam,284,DHEMAJI,DHEMAJI,DHEMAJI,Akajan,-,-,-,-,-,-,27.50000000,94.54444444,25-05-2006 00:00,8.19,382,"",0,165,"","","",8,"","","",125,32,11,"","",6.45,"","","","","","","","",""
26,Akajan,CGWB,18,Assam,284,DHEMAJI,DHEMAJI,DHEMAJI,Akajan,-,-,-,-,-,-,27.50000000,94.54444444,25-05-2007 00:00,7.46,206,"",0,36,"","","",16,"","","",45,8,6,"","",0.42,"","","","","","","","",""
27,Akajan,CGWB,18,Assam,284,DHEMAJI,DHEMAJI,DHEMAJI,Akajan,-,-,-,-,-,-,27.50000000,94.54444444,25-05-2008 00:00,8.2,291,"",0,122,"","","",6,"","","",105,26,10,"","","","","","","","","","","",""
28,Akajan,CGWB,18,Assam,284,DHEMAJI,DHEMAJI,DHEMAJI,Akajan,-,-,-,-,-,-,27.50000000,94.54444444,25-05-2009 00:00,8.43,175,"",6,104.55,95.7,"","",9,"","","",80,32,0.04,"","",6.06,"","","","","","","","",""
29,Akajan,CGWB,18,Assam,284,DHEMAJI,DHEMAJI,DHEMAJI,Akajan,-,-,-,-,-,-,27.50000000,94.54444444,25-05-2015 00:00,7.5,347,"","",120,98.36,98.6,"",5.25,"","","",200,40,24.36,12.5,"",0.43,"","","","","","","","",""
30,Alikash adarsh,CGWB,18,Assam,291,KAMRUP,HAJO,HAJO,Alikash adarsh,-,-,-,-,-,-,26.23333333,91.61666667,25-05-2005 00:00,7.64,223,"",0,98,"","","",10,"","","",80,24,4.9,"","",0.2,"","","","","","","","",""
31,Alikash adarsh,CGWB,18,Assam,291,KAMRUP,HAJO,HAJO,Alikash adarsh,-,-,-,-,-,-,26.23333333,91.61666667,25-05-2007 00:00,7.59,456,"",0,189,"","","",6,"","","",160,38,16,"","",1.91,"","","","","","","","",""
32,Alikash adarsh,CGWB,18,Assam,291,KAMRUP,HAJO,HAJO,Alikash adarsh,-,-,-,-,-,-,26.23333333,91.61666667,25-05-2015 00:00,8.38,368.1,"",32,108,141.86,48,"",6,"","","",64,11.2,8.77,52.45,"",0.02,"","","","","","","","",""
33,Alikash adarsh,CGWB,18,Assam,291,KAMRUP,HAJO,HAJO,Alikash adarsh,-,-,-,-,-,-,26.23333333,91.61666667,25-05-2016 00:00,8.4,450.4,237.9,30,125,155,24.815,"",30.450172,"","","",200,20,36.4,15.04,"",1.18,"","","","","","","","",""
34,Alikash adarsh,CGWB,18,Assam,291,KAMRUP,HAJO,HAJO,Alikash adarsh,-,-,-,-,-,-,26.23333333,91.61666667,30-05-2021 08:00,8.1,231,"",0,61,"",22.158,"",10.25,"","","",44,10,4.6,15.1,"","","","","","","","","","",""
35,Amingaon(ii),CGWB,18,Assam,291,KAMRUP,CHANDRAPUR,CHANDRAPUR,Amingaon(ii),-,-,-,-,-,-,26.21666667,91.71666667,25-05-2005 00:00,7.03,290,"",0,49,"","","",0,"","","",75,20,6.1,"","",0.14,"","","","","","","","",""
36,Amingaon(ii),CGWB,18,Assam,291,KAMRUP,CHANDRAPUR,CHANDRAPUR,Amingaon(ii),-,-,-,-,-,-,26.21666667,91.71666667,25-05-2006 00:00,8.1,378,"","","","","","","","","","","","","","","",2.36,"","","","","","","","",""
37,Amingaon(ii),CGWB,18,Assam,291,KAMRUP,CHANDRAPUR,CHANDRAPUR,Amingaon(ii),-,-,-,-,-,-,26.21666667,91.71666667,25-05-2007 00:00,7.46,451,"",0,91,74.6,"","",15,"","","",175,29,24.96,"","",0.65,"","","","","","","","",""
38,Amingaon(ii),CGWB,18,Assam,291,KAMRUP,CHANDRAPUR,CHANDRAPUR,Amingaon(ii),-,-,-,-,-,-,26.21666667,91.71666667,25-05-2008 00:00,7.11,234,"",0,24.4,"","","",3,"","","",75,14,9.72,"","",0.35,"","","","","","","","",""
39,Amingaon(ii),CGWB,18,Assam,291,KAMRUP,CHANDRAPUR,CHANDRAPUR,Amingaon(ii),-,-,-,-,-,-,26.21666667,91.71666667,25-05-2009 00:00,7.44,213,"",0,31,25.4,"","",0,"","","",60,12,7.31,"","",1.2,"","","","","","","","",""
40,Amingaon(ii),CGWB,18,Assam,291,KAMRUP,CHANDRAPUR,CHANDRAPUR,Amingaon(ii),-,-,-,-,-,-,26.21666667,91.71666667,25-05-2013 00:00,8.5,312,"",48,120,178.4,"","",0.69,"","","",148,28.8,18.51,32,"","","","","","","","","","",""
41,Amingaon(ii),CGWB,18,Assam,291,KAMRUP,CHANDRAPUR,CHANDRAPUR,Amingaon(ii),-,-,-,-,-,-,26.21666667,91.71666667,25-05-2014 00:00,8.3,142.9,"",8,60,62.51,110,"",31.4,"","","",196,27.2,31.15,24.06,"",0.67,"","","","","","","","",""
42,Amingaon(ii),CGWB,18,Assam,291,KAMRUP,CHANDRAPUR,CHANDRAPUR,Amingaon(ii),-,-,-,-,-,-,26.21666667,91.71666667,25-05-2015 00:00,8.38,251.5,"",48,76,142.3,36,"",21.5,"","","",120,17.6,18.5,25.49,"",1.86,"","","","","","","","",""
43,Amingaon(ii),CGWB,18,Assam,291,KAMRUP,CHANDRAPUR,CHANDRAPUR,Amingaon(ii),-,-,-,-,-,-,26.21666667,91.71666667,25-05-2016 00:00,7.3,395.5,199.4,0,190,190,21.27,"",1.8663428,"","","",120,22,15.8,33.28,"","","","","","","","","","",""
44,Amingaon(ii),CGWB,18,Assam,291,KAMRUP,CHANDRAPUR,CHANDRAPUR,Amingaon(ii),-,-,-,-,-,-,26.21666667,91.71666667,25-05-2018 00:00,6.763,366.9,195.3,0,55.044,55.044,109.895,"",51.6627,"",0,"",65,16.0128,6.060194,55.5,"",0.0336,0,"","","","","","","",""
45,Amlokhi,CGWB,18,Assam,292,KARBI ANGLONG,-,-,-,-,-,-,-,-,-,25.96111000,93.48861000,30-05-2021 08:00,8,450,"",0,140,"",56,"",41,"","","",82,33,15,46,"","","","","","","","","","",""
46,Amlucky,CGWB,18,Assam,297,NAGAON,Kaliabar,Kaliabar,Amlucky,-,-,-,-,-,-,26.45000000,92.94166667,25-05-2006 00:00,7.27,711,"",0,275,"","","",24,"","","",195,56,13,"","",0.26,"","","","","","","","",""
47,Amsang jorabat,CGWB,18,Assam,291,KAMRUP,DISPUR,DISPUR,Amsang jorabat,-,-,-,-,-,-,26.18333333,91.90000000,25-05-2005 00:00,7.34,940,"",0,220,"","","",25,"","","",225,54,21,"","",0.69,"","","","","","","","",""
48,Amsang jorabat,CGWB,18,Assam,291,KAMRUP,DISPUR,DISPUR,Amsang jorabat,-,-,-,-,-,-,26.18333333,91.90000000,25-05-2006 00:00,7.31,931,"",0,159,"","","",15,"","","",245,56,24,"","",0.27,"","","","","","","","",""
49,Amsoi,CGWB,18,Assam,295,LAKHIMPUR,NARAYANPUR,NARAYANPUR,Jamuguri,-,-,-,-,-,-,26.90000000,93.78333333,25-05-2006 00:00,6.34,282,"",0,104,85.3,"","",7,"","","",125,42,4.91,"","",0.16,"","","","","","","","",""
50,Amsoi,CGWB,18,Assam,297,NAGAON,SAMAGURI,SAMAGURI,Amsoi,-,-,-,-,-,-,26.18694444,92.73500000,25-05-2006 00:00,7.25,125,"",0,37,"","","",4,"","","",30,8,2.4,"","",0.39,"","","","","","","","",""
51,Amsoi,CGWB,18,Assam,297,NAGAON,SAMAGURI,SAMAGURI,Amsoi,-,-,-,-,-,-,26.18694444,92.73500000,25-05-2007 00:00,7.77,516,"",0,85,"","","",25,"","","",105,29,7,"","","","","","","","","","","",""
52,Amsoi,CGWB,18,Assam,297,NAGAON,SAMAGURI,SAMAGURI,Amsoi,-,-,-,-,-,-,26.18694444,92.73500000,25-05-2008 00:00,7.4,138,"",0,61,"","","","","","","",55,12,6.1,"","",1.72,"","","","","","","","",""
53,Amsoi,CGWB,18,Assam,297,NAGAON,SAMAGURI,SAMAGURI,Amsoi,-,-,-,-,-,-,26.18694444,92.73500000,25-05-2009 00:00,8.31,535,"",2,160,134.5,"","",6,"","","",100,25,9.15,"","",0.36,"","","","","","","","",""
54,Amsoi,CGWB,18,Assam,297,NAGAON,SAMAGURI,SAMAGURI,Amsoi,-,-,-,-,-,-,26.18694444,92.73500000,25-05-2011 00:00,7.15,474,"",0,86.1,"","","",38,"","","",120,26,13.75,42,"",2.37,"","","","","","","","",""
55,Amsoi,CGWB,18,Assam,297,NAGAON,SAMAGURI,SAMAGURI,Amsoi,-,-,-,-,-,-,26.18694444,92.73500000,25-05-2012 00:00,7.15,480,"",0,86.1,70.6,"","",38,"","","",120,26,13.4,42,"",2.87,"","","","","","","","",""
56,Amsoi,CGWB,18,Assam,297,NAGAON,SAMAGURI,SAMAGURI,Amsoi,-,-,-,-,-,-,26.18694444,92.73500000,25-05-2015 00:00,8.2,37.89,"","",52,42.62,26,"",1.8,"","","",44,9.6,4.87,15.6,"",0.4,"","","","","","","","",""
57,Atalbasti,CGWB,18,Assam,282,CACHAR,-,-,-,-,-,-,-,-,-,24.96806000,92.57528000,30-05-2021 08:00,7.79,870,"",0,266,"",132,"",19,"","","",269,65,26,74.52,"","","","","","","","","","",""
58,Azara,CGWB,18,Assam,291,KAMRUP,PALASBARI,PALASBARI,Azara,-,-,-,-,-,-,26.11666667,91.50000000,25-05-2005 00:00,7.6,410,"",0,189,"","","",5,"","","",155,54,4.9,"","",0.9,"","","","","","","","",""
59,Azara,CGWB,18,Assam,291,KAMRUP,PALASBARI,PALASBARI,Azara,-,-,-,-,-,-,26.11666667,91.50000000,25-05-2006 00:00,7.99,310,"","","","","","","","","","","","","","","",0.86,"","","","","","","","",""
60,Azara,CGWB,18,Assam,291,KAMRUP,PALASBARI,PALASBARI,Azara,-,-,-,-,-,-,26.11666667,91.50000000,25-05-2007 00:00,7.52,268,"",0,73,"","","",14,"","","",75,21,5,"","",0.19,"","","","","","","","",""
61,Azara,CGWB,18,Assam,291,KAMRUP,PALASBARI,PALASBARI,Azara,-,-,-,-,-,-,26.11666667,91.50000000,25-05-2008 00:00,7.81,394,"",0,166,"","","",10,"","","",145,50,4.8,"","",0.37,"","","","","","","","",""
62,Azara,CGWB,18,Assam,291,KAMRUP,PALASBARI,PALASBARI,Azara,-,-,-,-,-,-,26.11666667,91.50000000,25-05-2009 00:00,8.15,385,"",0,166,136.1,"","",0,"","","",135,30,14.62,"","",0.66,"","","","","","","","",""
63,Azara,CGWB,18,Assam,291,KAMRUP,PALASBARI,PALASBARI,Azara,-,-,-,-,-,-,26.11666667,91.50000000,25-05-2010 00:00,8.3,206,"",16,36,"","","",18.7,"","","",68,20.8,3.88,9.26,"","","","","","","","","","",""
64,Azara,CGWB,18,Assam,291,KAMRUP,PALASBARI,PALASBARI,Azara,-,-,-,-,-,-,26.11666667,91.50000000,25-05-2013 00:00,8.3,156,"",16,36,56.2,"","",8.7,"","","",68,20.8,3.92,54,"","","","","","","","","","",""
65,Azara,CGWB,18,Assam,291,KAMRUP,PALASBARI,PALASBARI,Azara,-,-,-,-,-,-,26.11666667,91.50000000,25-05-2014 00:00,8.1,118.8,"","",132,108.2,89,"",19.32,"","","",200,25.6,33.1,17.3,"",0.35,"","","","","","","","",""
66,Azara,CGWB,18,Assam,291,KAMRUP,PALASBARI,PALASBARI,Azara,-,-,-,-,-,-,26.11666667,91.50000000,25-05-2015 00:00,8.4,281.4,"",16,200,190.6,30,"",6,"","","",56,11.2,6.82,53.09,"",2.29,"","","","","","","","",""
67,Azara,CGWB,18,Assam,291,KAMRUP,PALASBARI,PALASBARI,Azara,-,-,-,-,-,-,26.11666667,91.50000000,25-05-2016 00:00,7.2,235.3,119.8,0,125,125,14.18,"",1.6156378,"","","",75,12,10.9,16.49,"","","","","","","","","","",""
68,Azara,CGWB,18,Assam,291,KAMRUP,PALASBARI,PALASBARI,Azara,-,-,-,-,-,-,26.11666667,91.50000000,25-05-2018 00:00,6.484,271.6,145.5,0,60.048,60.048,60.265,"",44.1874,"",0,"",55,14.0112,4.847573,29.24,"",0.0353,0,"","","","","","","",""
69,Azarguri gaon,CGWB,18,Assam,286,DIBRUGARH,MORAN,MORAN,Azarguri gaon,-,-,-,-,-,-,27.31666667,94.95000000,25-05-2005 00:00,7.54,273,"",0,153,"","","",7,"","","",115,18,17,"","",1.47,"","","","","","","","",""
70,Azarguri gaon,CGWB,18,Assam,286,DIBRUGARH,MORAN,MORAN,Azarguri gaon,-,-,-,-,-,-,27.31666667,94.95000000,25-05-2007 00:00,8.01,284,"",0,170.8,"","","",8,"","","",130,22,18.2,"","",0.42,"","","","","","","","",""
71,Azarguri gaon,CGWB,18,Assam,286,DIBRUGARH,MORAN,MORAN,Azarguri gaon,-,-,-,-,-,-,27.31666667,94.95000000,25-05-2008 00:00,8.01,284,"",0,170.3,"","","",8,"","","",130,22,18.2,"","",0.42,"","","","","","","","",""
72,Azarguri gaon,CGWB,18,Assam,286,DIBRUGARH,MORAN,MORAN,Azarguri gaon,-,-,-,-,-,-,27.31666667,94.95000000,25-05-2009 00:00,6.88,134,"",0,24.6,20.2,"","",5,"","","",140,14,25.55,"","",4.02,"","","","","","","","",""
73,Azarguri gaon,CGWB,18,Assam,286,DIBRUGARH,MORAN,MORAN,Azarguri gaon,-,-,-,-,-,-,27.31666667,94.95000000,25-05-2010 00:00,8.8,565,"",90,70,"","","",4.91,"","","",186,16,35.4,12,"",0.66,"","","","","","","","",""
74,Azarguri gaon,CGWB,18,Assam,286,DIBRUGARH,MORAN,MORAN,Azarguri gaon,-,-,-,-,-,-,27.31666667,94.95000000,25-05-2013 00:00,8.8,510,"",90,70,207.4,"","",4.91,"","","",186,16,35.4,32,"",0.66,"","","","","","","","",""
75,Azarguri gaon,CGWB,18,Assam,286,DIBRUGARH,MORAN,MORAN,Azarguri gaon,-,-,-,-,-,-,27.31666667,94.95000000,25-05-2014 00:00,8.4,134.2,"",48,68,135.74,36,"",28.4,"","","",148,36.8,13.66,22.9,"","","","","","","","","","",""
76,Azarguri gaon,CGWB,18,Assam,286,DIBRUGARH,MORAN,MORAN,Azarguri gaon,-,-,-,-,-,-,27.31666667,94.95000000,25-05-2016 00:00,8.3,384.9,196.8,0,80,80,25,"",59.3,"","","",155,40,13.3,7.82,"",0.09,"","","","","","","","",""
77,Azarguri gaon,CGWB,18,Assam,286,DIBRUGARH,MORAN,MORAN,Azarguri gaon,-,-,-,-,-,-,27.31666667,94.95000000,25-05-2017 00:00,7.47,224.6,148.24,"",90,90,14.18,"",46.7,"","","",95,28,6.067961,13.98,"",0.26,22.522,"","","","","","","",""
78,Azarguri gaon,CGWB,18,Assam,286,DIBRUGARH,MORAN,MORAN,Azarguri gaon,-,-,-,-,-,-,27.31666667,94.95000000,25-05-2018 00:00,7.015,477.9,250.5,0,80.064,80.064,70.9,"",51.7451,"",0,"",205,50.04,19.393204,12.36,"",0.2768,0,"","","","","","","",""
79,Badarpur,CGWB,18,Assam,293,KARIMGANJ,BADARPUR,BADARPUR,Badarpur,-,-,-,-,-,-,24.86666667,92.56666667,25-05-2006 00:00,7.4,569,"",0,24,"","","",8,"","","",140,36,12,"","",0.3,"","","","","","","","",""
80,Badarpur,CGWB,18,Assam,293,KARIMGANJ,BADARPUR,BADARPUR,Badarpur,-,-,-,-,-,-,24.86666667,92.56666667,25-05-2007 00:00,7.83,803,"",0,98,"","","",60,"","","",215,62,15,"","",0.69,"","","","","","","","",""
81,Badarpur,CGWB,18,Assam,293,KARIMGANJ,BADARPUR,BADARPUR,Badarpur,-,-,-,-,-,-,24.86666667,92.56666667,25-05-2008 00:00,7.83,803,"",0,98,"","","",60,"","","",215,62,15,"","",0.69,"","","","","","","","",""
82,Badarpur,CGWB,18,Assam,293,KARIMGANJ,BADARPUR,BADARPUR,Badarpur,-,-,-,-,-,-,24.86666667,92.56666667,25-05-2009 00:00,7.9,491,"",0,43.05,35.3,"","",35,"","","",165,14,31.62,"","",0.26,"","","","","","","","",""
83,Badarpur,CGWB,18,Assam,293,KARIMGANJ,BADARPUR,BADARPUR,Badarpur,-,-,-,-,-,-,24.86666667,92.56666667,25-05-2010 00:00,7.8,37.5,"",0,48,"","","",1.93,"","","",36,6.4,4.85,0.88,"",0.15,"","","","","","","","",""
84,Badarpur,CGWB,18,Assam,293,KARIMGANJ,BADARPUR,BADARPUR,Badarpur,-,-,-,-,-,-,24.86666667,92.56666667,25-05-2011 00:00,4.2,760,"",0,0,"","","","","","","",45,24,3.75,33,"","","","","","","","","","",""
85,Badarpur,CGWB,18,Assam,293,KARIMGANJ,BADARPUR,BADARPUR,Badarpur,-,-,-,-,-,-,24.86666667,92.56666667,25-05-2012 00:00,4.2,760,"",0,0,"","","","","","","",45,18,0.02,33,"",1.28,"","","","","","","","",""
86,Badarpur,CGWB,18,Assam,293,KARIMGANJ,BADARPUR,BADARPUR,Badarpur,-,-,-,-,-,-,24.86666667,92.56666667,25-05-2013 00:00,7.8,30.5,"",0,48,39.3,"","",1.93,"","","",36,6.4,4.87,5.2,"",0.15,"","","","","","","","",""
87,Badarpur,CGWB,18,Assam,293,KARIMGANJ,BADARPUR,BADARPUR,Badarpur,-,-,-,-,-,-,24.86666667,92.56666667,25-05-2015 00:00,8.23,400.2,"","",16,13.11,229.9,"",22.3,"","","",104,33.6,4.9,79.55,"",0.21,"","","","","","","","",""
88,Badarpur,CGWB,18,Assam,293,KARIMGANJ,BADARPUR,BADARPUR,Badarpur,-,-,-,-,-,-,24.86666667,92.56666667,25-05-2016 00:00,8.3,385.4,179.1,30,30,60,37.5,"",34.3,"","","",115,24,13.3,14.6,"",0,"","","","","","","","",""
89,Badarpur,CGWB,18,Assam,293,KARIMGANJ,BADARPUR,BADARPUR,Badarpur,-,-,-,-,-,-,24.86666667,92.56666667,25-05-2017 00:00,7.25,368.2,243.01,"",55,55,21.27,"",37.377155,"","","",120,22,15.776699,8.8,"","","","","","","","","","",""
90,Badarpur,CGWB,18,Assam,293,KARIMGANJ,BADARPUR,BADARPUR,Badarpur,-,-,-,-,-,-,24.86666667,92.56666667,25-05-2018 00:00,7.332,1224,662,0,345.276,345.276,244.605,"",38.101,"",0,"",275,34.0272,46.1,77.79,"",0.9422,0,"","","","","","","",""
91,Badarpur,CGWB,18,Assam,293,KARIMGANJ,BADARPUR,BADARPUR,Badarpur,-,-,-,-,-,-,24.86666667,92.56666667,30-05-2021 08:00,7.14,400,"",0,172,"",25,"",7,"","","",161,44,12,16,"","","","","","","","","","",""
92,Badribasti,CGWB,18,Assam,282,CACHAR,UDARBOND,UDARBOND,Badribasti,-,-,-,-,-,-,24.87972222,92.88472222,25-05-2006 00:00,6.8,149,"",0,24,"","","",8,"","","",30,10,1.2,"","",1.62,"","","","","","","","",""
93,Badribasti,CGWB,18,Assam,282,CACHAR,UDARBOND,UDARBOND,Badribasti,-,-,-,-,-,-,24.87972222,92.88472222,25-05-2007 00:00,7.34,75,"",0,18,"","","",6,"","","",15,4,2,"","",1.3,"","","","","","","","",""
94,Badribasti,CGWB,18,Assam,282,CACHAR,UDARBOND,UDARBOND,Badribasti,-,-,-,-,-,-,24.87972222,92.88472222,25-05-2009 00:00,6.7,142,"",0,49.2,40.3,"","",10,"","","",50,4,9.73,"","",0.42,"","","","","","","","",""
95,Badribasti,CGWB,18,Assam,282,CACHAR,UDARBOND,UDARBOND,Badribasti,-,-,-,-,-,-,24.87972222,92.88472222,25-05-2010 00:00,7.2,36.3,"",0,44,"","","",1.46,"","","",40,3.2,7.76,0.95,"",0.03,"","","","","","","","",""
96,Badribasti,CGWB,18,Assam,282,CACHAR,UDARBOND,UDARBOND,Badribasti,-,-,-,-,-,-,24.87972222,92.88472222,25-05-2013 00:00,7.2,34.3,"",0,44,36.1,"","",1.46,"","","",40,3.2,7.78,4.49,"",0.03,"","","","","","","","",""
97,Badribasti,CGWB,18,Assam,282,CACHAR,UDARBOND,UDARBOND,Badribasti,-,-,-,-,-,-,24.87972222,92.88472222,25-05-2014 00:00,7.84,217,"","",20,16.39,59.6,"",10.23,"","","",76,16,8.77,13.1,"",0.22,"","","","","","","","",""
98,Badribasti,CGWB,18,Assam,282,CACHAR,UDARBOND,UDARBOND,Badribasti,-,-,-,-,-,-,24.87972222,92.88472222,25-05-2015 00:00,7.4,162,"","",68,55.74,118,"",9.5,"","","",72,9.6,11.68,49.15,"",0.45,"","","","","","","","",""
99,Badribasti,CGWB,18,Assam,282,CACHAR,UDARBOND,UDARBOND,Badribasti,-,-,-,-,-,-,24.87972222,92.88472222,25-05-2016 00:00,6.9,208.5,107.6,0,20,20,45,"",14.4,"","","",75,4,15.8,8.23,"",0,"","","","","","","","",""
100,Badribasti,CGWB,18,Assam,282,CACHAR,UDARBOND,UDARBOND,Badribasti,-,-,-,-,-,-,24.87972222,92.88472222,25-05-2017 00:00,6.24,238.7,157.54,"",55,55,53.18,"",3.276559,"","","",50,6,8.495146,28.59,"",0.21,6.5,"","","","","","","",""
101,Badribasti,CGWB,18,Assam,282,CACHAR,UDARBOND,UDARBOND,Badribasti,-,-,-,-,-,-,24.87972222,92.88472222,25-05-2018 00:00,6.828,891.6,472.7,0,225.18,225.18,170.16,"",2.9621,"",0,"",250,38.0304,37.602913,55.89,"",0.0854,0,"","","","","","","",""
102,Bagaribari,CGWB,18,Assam,285,DHUBRI,BAGRIBARI,BAGRIBARI,Bagaribari,-,-,-,-,-,-,26.20277778,90.13888889,25-05-2005 00:00,7.3,270,"",0,61,"","","",2,"","","",70,22,3.6,"","","","","","","","","","","",""
103,Bagaribari,CGWB,18,Assam,285,DHUBRI,BAGRIBARI,BAGRIBARI,Bagaribari,-,-,-,-,-,-,26.20277778,90.13888889,25-05-2006 00:00,7.1,328,"",0,61,"","","",0,"","","",85,18,9.7,"","",0.05,"","","","","","","","",""
104,Bagaribari,CGWB,18,Assam,285,DHUBRI,BAGRIBARI,BAGRIBARI,Bagaribari,-,-,-,-,-,-,26.20277778,90.13888889,25-05-2007 00:00,6.98,425,"",0,176,"","","",6,"","","",160,54,6,"","",0.36,"","","","","","","","",""
105,Bagaribari,CGWB,18,Assam,285,DHUBRI,BAGRIBARI,BAGRIBARI,Bagaribari,-,-,-,-,-,-,26.20277778,90.13888889,25-05-2008 00:00,7.32,165,"",0,79,64.8,"","",4,"","","",85,10,14.6,4.43,"","","","","","","","","","",""
106,Bagaribari,CGWB,18,Assam,285,DHUBRI,BAGRIBARI,BAGRIBARI,Bagaribari,-,-,-,-,-,-,26.20277778,90.13888889,25-05-2014 00:00,8.4,230,"",24,36,69.51,37.7,"",16.7,"","","",80,19.2,7.8,26.3,"",0.18,"","","","","","","","",""
107,Bagaribari,CGWB,18,Assam,285,DHUBRI,BAGRIBARI,BAGRIBARI,Bagaribari,-,-,-,-,-,-,26.20277778,90.13888889,25-05-2015 00:00,8.32,480.2,"",64,116,201.75,124,"",27.3,"","","",156,11.2,31.13,79.47,"","","","","","","","","","",""
108,Bagaribari,CGWB,18,Assam,285,DHUBRI,BAGRIBARI,BAGRIBARI,Bagaribari,-,-,-,-,-,-,26.20277778,90.13888889,25-05-2016 00:00,7.3,202.3,109.1,0,80,80,28.36,"",2.6341271,"","","",55,10,7.3,10.75,"",4.59,"","","","","","","","",""
109,Bagaribari,CGWB,18,Assam,285,DHUBRI,BAGRIBARI,BAGRIBARI,Bagaribari,-,-,-,-,-,-,26.20277778,90.13888889,30-05-2019 08:00,7.98,172.9,"",0,103.78296,"",17.725,"","","","","",60,14.0112,6.061165,20.03,"","","","","","","","","","",""
110,Bagaribari,CGWB,18,Assam,285,DHUBRI,BAGRIBARI,BAGRIBARI,Bagaribari,-,-,-,-,-,-,26.20277778,90.13888889,30-05-2020 08:00,7.98,172.9,"","",103.78296,"",17.725,"","","","","","",14.0112,6.061165,20.03,"","","","","","","","","","",""
111,Baghara,CGWB,18,Assam,296,MARIGAON,MARIGAON,MARIGAON,Baghara,-,-,-,-,-,-,26.18361111,92.29750000,25-05-2005 00:00,7.19,508,"",0,189,"","","",53,"","","",150,42,11,"","",1.1,"","","","","","","","",""
112,Baghara,CGWB,18,Assam,296,MARIGAON,MARIGAON,MARIGAON,Baghara,-,-,-,-,-,-,26.18361111,92.29750000,25-05-2007 00:00,7.63,466,"",0,176,"","","",43,"","","",145,35,13,"","",0.88,"","","","","","","","",""
113,Baghara,CGWB,18,Assam,296,MARIGAON,MARIGAON,MARIGAON,Baghara,-,-,-,-,-,-,26.18361111,92.29750000,25-05-2009 00:00,8.29,544,"",0,92,75.4,"","",44,"","","",150,31,17.66,"","",0.98,"","","","","","","","",""
114,Baghara,CGWB,18,Assam,296,MARIGAON,MARIGAON,MARIGAON,Baghara,-,-,-,-,-,-,26.18361111,92.29750000,25-05-2011 00:00,7.95,711,"",0,295.2,"","","",35,"","","",295,30,55,42,"",1.28,"","","","","","","","",""
115,Baghara,CGWB,18,Assam,296,MARIGAON,MARIGAON,MARIGAON,Baghara,-,-,-,-,-,-,26.18361111,92.29750000,25-05-2012 00:00,7.95,711,"",0,295,241.8,"","",35,"","","",295,30,55,42,"","","","","","","","","","",""
116,Baghara,CGWB,18,Assam,296,MARIGAON,MARIGAON,MARIGAON,Baghara,-,-,-,-,-,-,26.18361111,92.29750000,25-05-2014 00:00,8.3,235.2,"",80,120,231.69,56,"",1,"","","",236,40,33.11,17.62,"",0.45,"","","","","","","","",""
117,Baghara,CGWB,18,Assam,296,MARIGAON,MARIGAON,MARIGAON,Baghara,-,-,-,-,-,-,26.18361111,92.29750000,25-05-2016 00:00,8.7,544.5,314.9,90,90,180,75,"",34.4,"","","",200,44,21.8,48.9,"",0.02,"","","","","","","","",""
118,Baghara,CGWB,18,Assam,296,MARIGAON,MARIGAON,MARIGAON,Baghara,-,-,-,-,-,-,26.18361111,92.29750000,25-05-2017 00:00,8.5,662.2,437.05,30,215,245,10.64,"",32.1,"","","",165,50,9.708738,43.67,"",0.73,"","","","","","","","",""
119,Baghara,CGWB,18,Assam,296,MARIGAON,MARIGAON,MARIGAON,Baghara,-,-,-,-,-,-,26.18361111,92.29750000,30-05-2019 08:00,8.45,496.4,"",30,170.98544,"",74.445,"","","","","",150,42.0336,10.901941,57.69,"","","","","","","","","","",""
120,Baghara,CGWB,18,Assam,296,MARIGAON,MARIGAON,MARIGAON,Baghara,-,-,-,-,-,-,26.18361111,92.29750000,30-05-2020 08:00,8.45,496.4,"","",170.98544,"",74.445,"","","","","","",42.0336,10.901941,57.69,"","","","","","","","","","",""
121,Baghara,CGWB,18,Assam,296,MARIGAON,MARIGAON,MARIGAON,Baghara,-,-,-,-,-,-,26.18361111,92.29750000,30-05-2021 08:00,7.9,650,"",0,177,"",65,"",109,"","","",92,37,38,47,"","","","","","","","","","",""
122,Baghmaria,CGWB,18,Assam,290,JORHAT,JORHAT WEST,JORHAT WEST,Baghmaria,-,-,-,-,-,-,26.67916667,94.20000000,25-05-2005 00:00,"","","","","","","","","","","","","","","","","",2.46,"","","","","","","","",""
123,Baghmaria,CGWB,18,Assam,290,JORHAT,JORHAT WEST,JORHAT WEST,Baghmaria,-,-,-,-,-,-,26.67916667,94.20000000,25-05-2006 00:00,7.08,136,"",0,61,"","","",7,"","","",35,12,1.2,"","",1.41,"","","","","","","","",""
124,Baghmaria,CGWB,18,Assam,290,JORHAT,JORHAT WEST,JORHAT WEST,Baghmaria,-,-,-,-,-,-,26.67916667,94.20000000,25-05-2007 00:00,7.81,77,"",0,43,"","","",4,"","","",30,8,2.4,"","",0.12,"","","","","","","","",""
125,Baghmaria,CGWB,18,Assam,290,JORHAT,JORHAT WEST,JORHAT WEST,Baghmaria,-,-,-,-,-,-,26.67916667,94.20000000,25-05-2008 00:00,8.15,790,"",0,195,"","","",53,"","","",210,60,14,"","",0.04,"","","","","","","","",""
126,Bagori,CGWB,18,Assam,297,NAGAON,Kaliabar,Kaliabar,Bagori,-,-,-,-,-,-,26.57777778,93.18527778,25-05-2005 00:00,7.42,325,"",0,116,"","","",43,"","","",110,30,8.5,"","",0.38,"","","","","","","","",""
127,Bagori,CGWB,18,Assam,297,NAGAON,Kaliabar,Kaliabar,Bagori,-,-,-,-,-,-,26.57777778,93.18527778,25-05-2007 00:00,7.78,189,"",0,37,"","","",3,"","","",40,12,2.4,"","",0.11,"","","","","","","","",""
128,Bagori,CGWB,18,Assam,297,NAGAON,Kaliabar,Kaliabar,Bagori,-,-,-,-,-,-,26.57777778,93.18527778,25-05-2015 00:00,8.48,705,"",56,184,244.15,62,"",49.2,"","","",112,24,12.67,88.6,"",1.26,"","","","","","","","",""
129,Bahalpur,CGWB,18,Assam,285,DHUBRI,CHAPAR,CHAPAR,Bahalpur,-,-,-,-,-,-,26.30944444,90.46444444,25-05-2005 00:00,7.8,60,"",0,31,"","","",2,"","","",15,4,1.2,"","",0.83,"","","","","","","","",""
130,Bahalpur,CGWB,18,Assam,285,DHUBRI,CHAPAR,CHAPAR,Bahalpur,-,-,-,-,-,-,26.30944444,90.46444444,25-05-2006 00:00,7.1,85,"",0,43,"","","",0,"","","",30,8,1.2,"","",1.01,"","","","","","","","",""
131,Bahalpur,CGWB,18,Assam,285,DHUBRI,CHAPAR,CHAPAR,Bahalpur,-,-,-,-,-,-,26.30944444,90.46444444,25-05-2007 00:00,7.53,203,"",0,85,"","","",8,"","","",60,12,7.3,"","",0.5,"","","","","","","","",""
132,Bahalpur,CGWB,18,Assam,285,DHUBRI,CHAPAR,CHAPAR,Bahalpur,-,-,-,-,-,-,26.30944444,90.46444444,25-05-2010 00:00,7.6,104,"",0,52,"","","",2.09,"","","",38,13.6,0.97,4.83,"",1.88,"","","","","","","","",""
133,Bahalpur,CGWB,18,Assam,285,DHUBRI,CHAPAR,CHAPAR,Bahalpur,-,-,-,-,-,-,26.30944444,90.46444444,25-05-2011 00:00,7.68,87,"",0,43.05,"","","","","","","",60,12,7.5,11,"","","","","","","","","","",""
134,Bahalpur,CGWB,18,Assam,285,DHUBRI,CHAPAR,CHAPAR,Bahalpur,-,-,-,-,-,-,26.30944444,90.46444444,25-05-2012 00:00,7.68,87,"",0,43,35.3,"","","","","","",60,12,7.31,11,"","","","","","","","","","",""
135,Bahalpur,CGWB,18,Assam,285,DHUBRI,CHAPAR,CHAPAR,Bahalpur,-,-,-,-,-,-,26.30944444,90.46444444,25-05-2013 00:00,7.6,104,"",0,52,42.6,"","",2.09,"","","",38,13.6,0.99,39.8,"",1.88,"","","","","","","","",""
136,Bahalpur,CGWB,18,Assam,285,DHUBRI,CHAPAR,CHAPAR,Bahalpur,-,-,-,-,-,-,26.30944444,90.46444444,25-05-2014 00:00,8.5,355,"",56,104,178.58,29.8,"",1.1,"","","",144,40,10.68,26.5,"",1.5,"","","","","","","","",""
137,Bahalpur,CGWB,18,Assam,285,DHUBRI,CHAPAR,CHAPAR,Bahalpur,-,-,-,-,-,-,26.30944444,90.46444444,25-05-2016 00:00,7.5,84.36,45.18,0,35,35,14.18,"",1.5686306,"","","",25,6,2.4,8.22,"",2.24,"","","","","","","","",""
138,Baida,CGWB,18,Assam,287,GOALPARA,LAKHIPUR,LAKHIPUR,Baida,-,-,-,-,-,-,26.03333333,90.42500000,25-05-2005 00:00,7.38,410,"",0,201,"","","",37,"","","",175,62,4.7,"","",0.21,"","","","","","","","",""
139,Baida,CGWB,18,Assam,287,GOALPARA,LAKHIPUR,LAKHIPUR,Baida,-,-,-,-,-,-,26.03333333,90.42500000,25-05-2016 00:00,6.7,42.62,22.94,0,30,30,20,"",1.4,"","","",20,4,2.4,15.36,"","","","","","","","","","",""
140,Baida,CGWB,18,Assam,287,GOALPARA,LAKHIPUR,LAKHIPUR,Baida,-,-,-,-,-,-,26.03333333,90.42500000,25-05-2018 00:00,6.795,69.1,36.3,0,35.028,35.028,24.815,"",15.8709,"",0,"",25,8.0064,1.2097087,19.4,"",0.3713,0,"","","","","","","",""
141,Baida,CGWB,18,Assam,287,GOALPARA,LAKHIPUR,LAKHIPUR,Baida,-,-,-,-,-,-,26.03333333,90.42500000,30-05-2021 08:00,8.28,457,"",0,227.9,"",31.2,"",49,"","","",125,20.88,17.7,61,"","","","","","","","","","",""
142,Baitamari,CGWB,18,Assam,281,BONGAIGAON,SRIJANGRAM,SRIJANGRAM,Baitamari,-,-,-,-,-,-,26.36666667,90.56666667,25-05-2005 00:00,7.5,240,"",0,67,"","","",5,"","","",70,24,2.4,"","",9.9,"","","","","","","","",""
143,Baitamari,CGWB,18,Assam,281,BONGAIGAON,SRIJANGRAM,SRIJANGRAM,Baitamari,-,-,-,-,-,-,26.36666667,90.56666667,25-05-2006 00:00,7.05,235,"",0,61,"","","",4,"","","",55,16,3.6,"","",0.08,"","","","","","","","",""
144,Baitamari,CGWB,18,Assam,281,BONGAIGAON,SRIJANGRAM,SRIJANGRAM,Baitamari,-,-,-,-,-,-,26.36666667,90.56666667,25-05-2007 00:00,7.6,612,"",0,439,"","","",3,"","","",270,72,22,"","",0.73,"","","","","","","","",""
145,Baitamari,CGWB,18,Assam,281,BONGAIGAON,SRIJANGRAM,SRIJANGRAM,Baitamari,-,-,-,-,-,-,26.36666667,90.56666667,25-05-2015 00:00,7.6,76,"","",56,45.9,40,"",2.1,"","","",20,3.2,2.92,28.42,"",0.09,"","","","","","","","",""
146,Baitamari,CGWB,18,Assam,281,BONGAIGAON,SRIJANGRAM,SRIJANGRAM,Baitamari,-,-,-,-,-,-,26.36666667,90.56666667,25-05-2016 00:00,7.6,88.16,47.05,0,40,40,20,"",2.6,"","","",35,6,4.9,15.02,"",0.12,"","","","","","","","",""
147,Baitamari,CGWB,18,Assam,281,BONGAIGAON,SRIJANGRAM,SRIJANGRAM,Baitamari,-,-,-,-,-,-,26.36666667,90.56666667,25-05-2018 00:00,6.762,131.6,67.99,0,50.04,50.04,24.815,"",2.7768,"",0,"",55,14.0112,4.847573,12.32,"",0.0561,0,"","","","","","","",""
148,Baitamari (beltala Chawk),CGWB,18,Assam,283,DARRANG,UDALGURI,UDALGURI,Baitamari (beltala Chawk),-,-,-,-,-,-,26.69861111,92.23055556,25-05-2005 00:00,7.36,206,"",0,92,"","","",10,"","","",70,24,2.4,"","",0.77,"","","","","","","","",""
149,Baitamari (beltala Chawk),CGWB,18,Assam,283,DARRANG,UDALGURI,UDALGURI,Baitamari (beltala Chawk),-,-,-,-,-,-,26.69861111,92.23055556,25-05-2006 00:00,7.38,305,"",0,265,"","","",2,"","","",120,44,2.4,"","",1.97,"","","","","","","","",""
150,Baitamari (beltala Chawk),CGWB,18,Assam,283,DARRANG,UDALGURI,UDALGURI,Baitamari (beltala Chawk),-,-,-,-,-,-,26.69861111,92.23055556,25-05-2007 00:00,7.6,191,"",0,48,"","","",5,"","","",80,23,6,"","",1.12,"","","","","","","","",""
151,Baitamari (beltala Chawk),CGWB,18,Assam,283,DARRANG,UDALGURI,UDALGURI,Baitamari (beltala Chawk),-,-,-,-,-,-,26.69861111,92.23055556,25-05-2008 00:00,7.47,120,"",0,30.5,"","","",5,"","","",35,8,3.64,"","",1.51,"","","","","","","","",""
152,Baitamari (beltala Chawk),CGWB,18,Assam,283,DARRANG,UDALGURI,UDALGURI,Baitamari (beltala Chawk),-,-,-,-,-,-,26.69861111,92.23055556,25-05-2015 00:00,8.22,102.4,"","",48,39.34,70,"",11.7,"","","",56,22,0.27,34.38,"",1.58,"","","","","","","","",""
153,Balipara,CGWB,18,Assam,301,SONITPUR,CHARIDUAR,CHARIDUAR,Balipara,-,-,-,-,-,-,26.82250000,92.78611111,25-05-2005 00:00,8.04,133,"",0,79,"","","",17,"","","",70,20,4.9,"","",1.41,"","","","","","","","",""
154,Balipara,CGWB,18,Assam,301,SONITPUR,CHARIDUAR,CHARIDUAR,Balipara,-,-,-,-,-,-,26.82250000,92.78611111,25-05-2009 00:00,8.54,177,"",21,86.1,105.6,"","",12,"","","",135,18,21.9,"","","","","","","","","","","",""
155,Balipara,CGWB,18,Assam,301,SONITPUR,CHARIDUAR,CHARIDUAR,Balipara,-,-,-,-,-,-,26.82250000,92.78611111,25-05-2010 00:00,7.7,299,"",0,96,"","","",8.82,"","","",96,20.8,10.6,27.1,"",0.62,"","","","","","","","",""
156,Balipara,CGWB,18,Assam,301,SONITPUR,CHARIDUAR,CHARIDUAR,Balipara,-,-,-,-,-,-,26.82250000,92.78611111,25-05-2013 00:00,7.7,281,"",0,96,78.7,"","",8.82,"","","",96,20.8,10.72,13.4,"",0.62,"","","","","","","","",""
157,Balipara,CGWB,18,Assam,301,SONITPUR,CHARIDUAR,CHARIDUAR,Balipara,-,-,-,-,-,-,26.82250000,92.78611111,25-05-2014 00:00,8.3,308.7,"",24,52,82.62,53.6,"",3.5,"","","",100,20.8,11.7,20.8,"",0.18,"","","","","","","","",""
158,Balipara,CGWB,18,Assam,301,SONITPUR,CHARIDUAR,CHARIDUAR,Balipara,-,-,-,-,-,-,26.82250000,92.78611111,25-05-2015 00:00,8.6,252.4,"",16,52,69.29,54,"",34.4,"","","",32,9.6,1.96,51.28,"",0.04,"","","","","","","","",""
159,Balipara,CGWB,18,Assam,301,SONITPUR,CHARIDUAR,CHARIDUAR,Balipara,-,-,-,-,-,-,26.82250000,92.78611111,25-05-2016 00:00,8,310.4,154.5,0,125,125,30,"",15.1,"","","",75,16,8.5,30.6,"",0.17,"","","","","","","","",""
160,Balipara,CGWB,18,Assam,301,SONITPUR,CHARIDUAR,CHARIDUAR,Balipara,-,-,-,-,-,-,26.82250000,92.78611111,25-05-2017 00:00,8.02,495.2,326.83,"",125,125,70.9,"",10.594014,"","","",120,18,18.203884,38.02,"",0.28,"","","","","","","","",""
161,Balipara,CGWB,18,Assam,301,SONITPUR,CHARIDUAR,CHARIDUAR,Balipara,-,-,-,-,-,-,26.82250000,92.78611111,25-05-2018 00:00,8.31,434.8,232,6,128.1,115.092,21.27,"",24.2369,"",0,"",140,30.024,15.7621355,15.16,"",0.308,0,"","","","","","","",""
162,Balipara,CGWB,18,Assam,301,SONITPUR,CHARIDUAR,CHARIDUAR,Balipara,-,-,-,-,-,-,26.82250000,92.78611111,30-05-2019 08:00,7.91,150.1,"",0,30.5244,"",17.725,"","","","","",45,16.0128,1.2058252,4.56,"","","","","","","","","","",""
163,Balipara,CGWB,18,Assam,301,SONITPUR,CHARIDUAR,CHARIDUAR,Balipara,-,-,-,-,-,-,26.82250000,92.78611111,30-05-2020 08:00,7.91,150.1,"","",30.5244,"",17.725,"","","","","","",16.0128,1.2058252,4.56,"","","","","","","","","","",""
164,Balipara,CGWB,18,Assam,301,SONITPUR,CHARIDUAR,CHARIDUAR,Balipara,-,-,-,-,-,-,26.82250000,92.78611111,30-05-2021 08:00,7.96,750,487.5,0,292.8,"",49.63,"",10,0.32,"","",260,48,34.048,45,"","","","","","","","","","",""
165,Balipathar,CGWB,18,Assam,292,KARBI ANGLONG,DIPHU,DIPHU,Balipathar,-,-,-,-,-,-,26.15694444,93.80000000,25-05-2005 00:00,6.74,199,"",0,55,"","","",15,"","","",325,12,1.2,"","",2.06,"","","","","","","","",""
166,Balipathar,CGWB,18,Assam,292,KARBI ANGLONG,DIPHU,DIPHU,Balipathar,-,-,-,-,-,-,26.15694444,93.80000000,25-05-2006 00:00,8.16,146,"",0,24,"","","",22,"","","",25,8,1.2,"","",1.02,"","","","","","","","",""
167,Balipathar,CGWB,18,Assam,292,KARBI ANGLONG,DIPHU,DIPHU,Balipathar,-,-,-,-,-,-,26.15694444,93.80000000,25-05-2007 00:00,8.18,181,"",0,61,"","","",8,"","","",40,8,4.9,"","",2.31,"","","","","","","","",""
168,Balipathar,CGWB,18,Assam,292,KARBI ANGLONG,DIPHU,DIPHU,Balipathar,-,-,-,-,-,-,26.15694444,93.80000000,25-05-2008 00:00,7.93,527,"",0,79,"","","",13,"","","",150,28,19,"","",0.11,"","","","","","","","",""
169,Balipathar,CGWB,18,Assam,292,KARBI ANGLONG,DIPHU,DIPHU,Balipathar,-,-,-,-,-,-,26.15694444,93.80000000,25-05-2011 00:00,7.46,112,"",0,36.9,"","","","","","","",185,10,30,11,"","","","","","","","","","",""
170,Balipathar,CGWB,18,Assam,292,KARBI ANGLONG,DIPHU,DIPHU,Balipathar,-,-,-,-,-,-,26.15694444,93.80000000,25-05-2012 00:00,7.46,112,"",0,36.2,29.7,"","","","","","",175,10,36.48,11,"","","","","","","","","","",""
171,Balipathar,CGWB,18,Assam,292,KARBI ANGLONG,DIPHU,DIPHU,Balipathar,-,-,-,-,-,-,26.15694444,93.80000000,25-05-2014 00:00,8.1,163,"","",36,29.51,41.7,"",7.7,"","","",36,11.2,1.96,19.2,"",1.95,"","","","","","","","",""
172,Balipathar,CGWB,18,Assam,292,KARBI ANGLONG,DIPHU,DIPHU,Balipathar,-,-,-,-,-,-,26.15694444,93.80000000,25-05-2015 00:00,7.48,134.4,"","",16,13.11,26,"",20.8,"","","",24,6.4,11.2,4.03,"",0.72,"","","","","","","","",""
173,Balipathar,CGWB,18,Assam,292,KARBI ANGLONG,DIPHU,DIPHU,Balipathar,-,-,-,-,-,-,26.15694444,93.80000000,25-05-2016 00:00,6.9,163.3,86.92,0,30,30,28.36,"",5,"","","",45,6,7.3,8.58,"",0.66,"","","","","","","","",""
174,Balipathar,CGWB,18,Assam,292,KARBI ANGLONG,DIPHU,DIPHU,Balipathar,-,-,-,-,-,-,26.15694444,93.80000000,30-05-2021 08:00,7.56,640,"",0,261,"",56,"",5,"","","",240,68,17,33,"","","","","","","","","","",""
175,Bamunbari,CGWB,18,Assam,286,DIBRUGARH,MORAN,MORAN,Bamunbari,-,-,-,-,-,-,27.24611111,94.99305556,25-05-2005 00:00,6.58,150,"",0,49,"","","",22,"","","",40,14,1.2,"","",0.41,"","","","","","","","",""
176,Bamunbari,CGWB,18,Assam,286,DIBRUGARH,MORAN,MORAN,Bamunbari,-,-,-,-,-,-,27.24611111,94.99305556,25-05-2007 00:00,7.64,249,"",0,79.3,"","","",17,"","","",90,24,7.2,"","",0.3,"","","","","","","","",""
177,Bamunbari,CGWB,18,Assam,286,DIBRUGARH,MORAN,MORAN,Bamunbari,-,-,-,-,-,-,27.24611111,94.99305556,25-05-2008 00:00,7.64,249,"",0,79.3,"","","",17,"","","",90,24,7.2,"","",0.3,"","","","","","","","",""
178,Bamunbari,CGWB,18,Assam,286,DIBRUGARH,MORAN,MORAN,Bamunbari,-,-,-,-,-,-,27.24611111,94.99305556,25-05-2010 00:00,8.9,539,"",80,95,"","","",3.97,"","","",146,12,28.2,11,"",0.67,"","","","","","","","",""
179,Bamunbari,CGWB,18,Assam,286,DIBRUGARH,MORAN,MORAN,Bamunbari,-,-,-,-,-,-,27.24611111,94.99305556,25-05-2013 00:00,8.7,500,"",80,95,211.2,"","",3.97,"","","",146,12,28.22,50,"",0.67,"","","","","","","","",""
180,Bamunigaon,CGWB,18,Assam,291,KAMRUP,CHHAYGAON,CHHAYGAON,Bamunigaon,-,-,-,-,-,-,26.02083333,91.32777778,25-05-2005 00:00,7.3,127,"",0,37,"","","",6,"","","",35,8,3.6,"","",2.01,"","","","","","","","",""
181,Bamunigaon,CGWB,18,Assam,291,KAMRUP,CHHAYGAON,CHHAYGAON,Bamunigaon,-,-,-,-,-,-,26.02083333,91.32777778,25-05-2006 00:00,7.12,161,"",0,43,"","","",5,"","","",25,6,2.4,"","",0.27,"","","","","","","","",""
182,Bamunigaon,CGWB,18,Assam,291,KAMRUP,CHHAYGAON,CHHAYGAON,Bamunigaon,-,-,-,-,-,-,26.02083333,91.32777778,25-05-2007 00:00,7.59,134,"",0,24,"","","",11,"","","",30,8,2,"","",0.43,"","","","","","","","",""
183,Bamunigaon,CGWB,18,Assam,291,KAMRUP,CHHAYGAON,CHHAYGAON,Bamunigaon,-,-,-,-,-,-,26.02083333,91.32777778,25-05-2008 00:00,8,98,"",0,30.5,"","","",2,"","","",25,8,1.2,"","",0.26,"","","","","","","","",""
184,Bamunigaon,CGWB,18,Assam,291,KAMRUP,CHHAYGAON,CHHAYGAON,Bamunigaon,-,-,-,-,-,-,26.02083333,91.32777778,25-05-2011 00:00,7.52,84,"",0,53.35,"","","","","","","",80,10,13.75,2,"","","","","","","","","","",""
185,Bamunigaon,CGWB,18,Assam,291,KAMRUP,CHHAYGAON,CHHAYGAON,Bamunigaon,-,-,-,-,-,-,26.02083333,91.32777778,25-05-2012 00:00,7.52,84,"",0,53.35,43.7,"","","","","","",80,10,13.38,2,"","","","","","","","","","",""
186,Bamunigaon,CGWB,18,Assam,291,KAMRUP,CHHAYGAON,CHHAYGAON,Bamunigaon,-,-,-,-,-,-,26.02083333,91.32777778,25-05-2014 00:00,8,93,"","",40,32.79,78,"",0.99,"","","",44,6.4,6.82,45,"",0.51,"","","","","","","","",""
187,Bamunigaon,CGWB,18,Assam,291,KAMRUP,CHHAYGAON,CHHAYGAON,Bamunigaon,-,-,-,-,-,-,26.02083333,91.32777778,25-05-2015 00:00,7.4,37.9,"","",28,22.95,22,"",1.1,"","","",20,6.4,3.5,12.14,"",0.12,"","","","","","","","",""
188,Bamunigaon,CGWB,18,Assam,291,KAMRUP,CHHAYGAON,CHHAYGAON,Bamunigaon,-,-,-,-,-,-,26.02083333,91.32777778,25-05-2016 00:00,7.4,87.35,46.04,0,25,25,25,"",8.7,"","","",45,6,7.3,10.01,"",0.48,"","","","","","","","",""
189,Bamunigaon,CGWB,18,Assam,291,KAMRUP,CHHAYGAON,CHHAYGAON,Bamunigaon,-,-,-,-,-,-,26.02083333,91.32777778,25-05-2018 00:00,6.919,58.2,31.02,0,20.016,20.016,24.815,"",16.0885,"",0,"",25,8.0064,1.2097087,7.6,"",0.1536,0,"","","","","","","",""
190,Bamunigaon,CGWB,18,Assam,291,KAMRUP,CHHAYGAON,CHHAYGAON,Bamunigaon,-,-,-,-,-,-,26.02083333,91.32777778,30-05-2021 08:00,8.3,1630,"",0,140.8,"",235.5,"",100.1,"","","",385.4,79.33,45.49,57.3,"","","","","","","","","","",""
191,Bamuni tinali,CGWB,18,Assam,297,NAGAON,SAMAGURI,SAMAGURI,Bamuni tinali,-,-,-,-,-,-,26.30000000,92.78333333,25-05-2006 00:00,7.01,287,"",0,49,"","","",3,"","","",40,8,4.9,"","",0.17,"","","","","","","","",""
192,Bamuni tinali,CGWB,18,Assam,297,NAGAON,SAMAGURI,SAMAGURI,Bamuni tinali,-,-,-,-,-,-,26.30000000,92.78333333,25-05-2007 00:00,7.83,376,"",0,97,"","","",14,"","","",97,11,19,"","",0.53,"","","","","","","","",""
193,Bamuni tinali,CGWB,18,Assam,297,NAGAON,SAMAGURI,SAMAGURI,Bamuni tinali,-,-,-,-,-,-,26.30000000,92.78333333,25-05-2008 00:00,7.2,425,"",0,104,"","","","","","","",95,26,7.3,"","",1.44,"","","","","","","","",""
194,Bamuni tinali,CGWB,18,Assam,297,NAGAON,SAMAGURI,SAMAGURI,Bamuni tinali,-,-,-,-,-,-,26.30000000,92.78333333,25-05-2009 00:00,8.43,704,"",9,239,210.9,"","",28,"","","",135,31,14.02,"","",0.34,"","","","","","","","",""
195,Bamuni tinali,CGWB,18,Assam,297,NAGAON,SAMAGURI,SAMAGURI,Bamuni tinali,-,-,-,-,-,-,26.30000000,92.78333333,25-05-2015 00:00,8.3,459.9,"",63,110,195.16,72,"",50.4,"","","",372,68.8,48.71,2.5,"",1.22,"","","","","","","","",""
196,Bamuni tinali,CGWB,18,Assam,297,NAGAON,SAMAGURI,SAMAGURI,Bamuni tinali,-,-,-,-,-,-,26.30000000,92.78333333,30-05-2021 08:00,8.14,148,"",0,39.04,"",11.334,"",8.53,"","","",39,10,3.36,6.84,"","","","","","","","","","",""
197,Bandarmari,CGWB,18,Assam,300,SIVSAGAR,DEMOW,DEMOW,Bandarmari,-,-,-,-,-,-,27.19583333,94.74861111,25-05-2005 00:00,7.55,302,"",0,146,"","","",27,"","","",110,26,13,"","",1.37,"","","","","","","","",""
198,Bandarmari,CGWB,18,Assam,300,SIVSAGAR,DEMOW,DEMOW,Bandarmari,-,-,-,-,-,-,27.19583333,94.74861111,25-05-2006 00:00,7.43,286,"",0,146,"","","",2,"","","",110,16,17,"","",3.03,"","","","","","","","",""
199,Bandarmari,CGWB,18,Assam,300,SIVSAGAR,DEMOW,DEMOW,Bandarmari,-,-,-,-,-,-,27.19583333,94.74861111,25-05-2007 00:00,7.87,570,"",0,158,"","","",24,"","","",170,60,5,"","",0.18,"","","","","","","","",""
200,Bandarmari,CGWB,18,Assam,300,SIVSAGAR,DEMOW,DEMOW,Bandarmari,-,-,-,-,-,-,27.19583333,94.74861111,25-05-2008 00:00,7.37,507,"",0,158,"","","",24,"","","",170,60,5,"","",0.18,"","","","","","","","",""
201,Bandarmari,CGWB,18,Assam,300,SIVSAGAR,DEMOW,DEMOW,Bandarmari,-,-,-,-,-,-,27.19583333,94.74861111,25-05-2015 00:00,8.38,248.8,"",40,88,138.8,20,"",10.4,"","","",108,4.8,23.35,26.91,"",1.57,"","","","","","","","",""
202,Bandarmari,CGWB,18,Assam,300,SIVSAGAR,DEMOW,DEMOW,Bandarmari,-,-,-,-,-,-,27.19583333,94.74861111,25-05-2016 00:00,8.3,440.8,223.3,40,140,180,21.27,"",12.34895,"","","",115,40,3.6,51.91,"",0.55,"","","","","","","","",""
203,Bangalipara,CGWB,18,Assam,616,Baksa,-,-,-,-,-,-,-,-,-,26.71500000,91.71200000,30-05-2019 08:00,8.01,340,"",0,262.50983,"",14.18,"","","","","",230,40.032,31.533981,4.8,"","","","","","","","","","",""
204,Bangalipara,CGWB,18,Assam,616,Baksa,-,-,-,-,-,-,-,-,-,26.71500000,91.71200000,30-05-2020 08:00,8.01,340,"","",262.50983,"",14.18,"","","","","","",40.032,31.533981,4.8,"","","","","","","","","","",""
205,Bangalipara,CGWB,18,Assam,616,Baksa,-,-,-,-,-,-,-,-,-,26.71500000,91.71200000,30-05-2021 08:00,7.9,650,422.5,0,317.2,"",49.63,"",1,0.01,"","",170,36,19.456,70,"","","","","","","","","","",""
206,Barbaruah,CGWB,18,Assam,286,DIBRUGARH,DIBRUGARH WEST,DIBRUGARH WEST,Barbaruah,-,-,-,-,-,-,27.39861111,94.88194444,25-05-2005 00:00,7.21,290,"",0,128,"","","",20,"","","",110,40,2.4,"","",0.24,"","","","","","","","",""
207,Barbaruah,CGWB,18,Assam,286,DIBRUGARH,DIBRUGARH WEST,DIBRUGARH WEST,Barbaruah,-,-,-,-,-,-,27.39861111,94.88194444,25-05-2007 00:00,7.56,324,"",0,164,"","","","","","","",105,39,4,"","",2.6,"","","","","","","","",""
208,Barbaruah,CGWB,18,Assam,286,DIBRUGARH,DIBRUGARH WEST,DIBRUGARH WEST,Barbaruah,-,-,-,-,-,-,27.39861111,94.88194444,25-05-2008 00:00,8.26,516,"",0,183,"","","",3,"","","",160,56,9.7,"","",0.97,"","","","","","","","",""
209,Barbaruah,CGWB,18,Assam,286,DIBRUGARH,DIBRUGARH WEST,DIBRUGARH WEST,Barbaruah,-,-,-,-,-,-,27.39861111,94.88194444,25-05-2009 00:00,7.35,166,"",0,43.05,35.3,"","",12,"","","",170,14,32.84,"","",2.86,"","","","","","","","",""
210,Barbaruah,CGWB,18,Assam,286,DIBRUGARH,DIBRUGARH WEST,DIBRUGARH WEST,Barbaruah,-,-,-,-,-,-,27.39861111,94.88194444,25-05-2010 00:00,8.6,470,"",40,148,"","","",2.71,"","","",176,57.6,7.76,13.5,"","","","","","","","","","",""
211,Barbaruah,CGWB,18,Assam,286,DIBRUGARH,DIBRUGARH WEST,DIBRUGARH WEST,Barbaruah,-,-,-,-,-,-,27.39861111,94.88194444,25-05-2012 00:00,8.5,548,"",100,75,228.1,"","",4.59,"","","",174,17.6,31.63,51.6,"",1.22,"","","","","","","","",""
212,Barbaruah,CGWB,18,Assam,286,DIBRUGARH,DIBRUGARH WEST,DIBRUGARH WEST,Barbaruah,-,-,-,-,-,-,27.39861111,94.88194444,25-05-2013 00:00,8.6,450,"",40,148,188,"","",2.71,"","","",176,57.6,7.76,13.5,"","","","","","","","","","",""
213,Barbaruah,CGWB,18,Assam,286,DIBRUGARH,DIBRUGARH WEST,DIBRUGARH WEST,Barbaruah,-,-,-,-,-,-,27.39861111,94.88194444,25-05-2014 00:00,8.3,135.1,"",32,60,102.51,25.9,"",15.1,"","","",124,24,15.59,15,"","","","","","","","","","",""
214,Barbaruah,CGWB,18,Assam,286,DIBRUGARH,DIBRUGARH WEST,DIBRUGARH WEST,Barbaruah,-,-,-,-,-,-,27.39861111,94.88194444,25-05-2016 00:00,8.5,595.1,312.1,30,210,240,35.45,"",2.8010807,"","","",220,34,32.8,18.67,"",0.59,"","","","","","","","",""
215,Barbaruah,CGWB,18,Assam,286,DIBRUGARH,DIBRUGARH WEST,DIBRUGARH WEST,Barbaruah,-,-,-,-,-,-,27.39861111,94.88194444,25-05-2017 00:00,7.8,539.4,356,"",205,205,24.82,"",48.3,"","","",220,66,13.349515,20.59,"",0.47,8.388,"","","","","","","",""
216,Barbaruah,CGWB,18,Assam,286,DIBRUGARH,DIBRUGARH WEST,DIBRUGARH WEST,Barbaruah,-,-,-,-,-,-,27.39861111,94.88194444,30-05-2019 08:00,8.18,358.1,"",0,103.78296,"",53.175,"","","","","",80,14.0112,10.915534,42.82,"","","","","","","","","","",""
217,Barbaruah,CGWB,18,Assam,286,DIBRUGARH,DIBRUGARH WEST,DIBRUGARH WEST,Barbaruah,-,-,-,-,-,-,27.39861111,94.88194444,30-05-2020 08:00,8.18,358.1,"","",103.78296,"",53.175,"","","","","","",14.0112,10.915534,42.82,"","","","","","","","","","",""
218,Barchola,CGWB,18,Assam,301,SONITPUR,DHEKIAJULI,DHEKIAJULI,Barchola,-,-,-,-,-,-,26.60833333,92.38333333,25-05-2006 00:00,6.76,391,"",0,116,"","","",17,"","","",105,33.6,5.04,"","",0.54,"","","","","","","","",""
219,Barchola,CGWB,18,Assam,301,SONITPUR,DHEKIAJULI,DHEKIAJULI,Barchola,-,-,-,-,-,-,26.60833333,92.38333333,25-05-2014 00:00,8.4,131.9,"",16,52,69.29,52,"",23.11,"","","",92,19.2,10.72,32.1,"",0.04,"","","","","","","","",""
220,Barchola,CGWB,18,Assam,301,SONITPUR,DHEKIAJULI,DHEKIAJULI,Barchola,-,-,-,-,-,-,26.60833333,92.38333333,25-05-2015 00:00,8.1,232.6,"","",48,39.34,46,"",24.5,"","","",28,8,1.95,26.59,"",0.08,"","","","","","","","",""
221,Barchola,CGWB,18,Assam,301,SONITPUR,DHEKIAJULI,DHEKIAJULI,Barchola,-,-,-,-,-,-,26.60833333,92.38333333,25-05-2016 00:00,7.6,136.2,68.48,0,40,40,20,"",8.4,"","","",20,4,2.4,17.7,"",0.17,"","","","","","","","",""
222,Barchola,CGWB,18,Assam,301,SONITPUR,DHEKIAJULI,DHEKIAJULI,Barchola,-,-,-,-,-,-,26.60833333,92.38333333,25-05-2017 00:00,7.48,166.8,110.09,"",55,55,21.27,"",4.43607,"","","",70,8,12.135922,5.22,"",0.07,1.8,"","","","","","","",""
223,Barchola,CGWB,18,Assam,301,SONITPUR,DHEKIAJULI,DHEKIAJULI,Barchola,-,-,-,-,-,-,26.60833333,92.38333333,25-05-2018 00:00,7.06,208.9,111.7,0,67.1,55.044,24.815,"",13.882,"",0,"",105,12.0096,18.19806,5.69,"",0.0777,0,"","","","","","","",""
224,Barchola,CGWB,18,Assam,301,SONITPUR,DHEKIAJULI,DHEKIAJULI,Barchola,-,-,-,-,-,-,26.60833333,92.38333333,30-05-2019 08:00,8.24,271.9,"",18,109.91712,"",10.635,"","","","","",115,38.0304,4.8359222,17.27,"","","","","","","","","","",""
225,Barchola,CGWB,18,Assam,301,SONITPUR,DHEKIAJULI,DHEKIAJULI,Barchola,-,-,-,-,-,-,26.60833333,92.38333333,30-05-2020 08:00,8.24,271.9,"","",109.91712,"",10.635,"","","","","","",38.0304,4.8359222,17.27,"","","","","","","","","","",""
226,Barchola,CGWB,18,Assam,301,SONITPUR,DHEKIAJULI,DHEKIAJULI,Barchola,-,-,-,-,-,-,26.60833333,92.38333333,30-05-2021 08:00,9.06,1670,"",144,292.8,"",127.8,"",244.8,0,"","",200,32,29.184,350,"","","","","","","","","","",""
227,Barukati,CGWB,18,Assam,296,MARIGAON,-,-,-,-,-,-,-,-,-,26.39889000,92.23222200,30-05-2021 08:00,9.07,3234,"",96,817.668,"",232.552,"",562,0,"","",210,8,46,662,"","","","","","","","","","",""
228,Basudeothan,CGWB,18,Assam,295,LAKHIMPUR,SISSIBORGAON,SISSIBORGAON,Basudeothan,-,-,-,-,-,-,27.25833333,94.35833333,25-05-2006 00:00,6.14,218,"",0,103,"","","",13,"","","",130,27.3,14.82,"","",0.22,"","","","","","","","",""
229,Basudeothan,CGWB,18,Assam,295,LAKHIMPUR,SISSIBORGAON,SISSIBORGAON,Basudeothan,-,-,-,-,-,-,27.25833333,94.35833333,25-05-2008 00:00,8.4,265,"","",85,"","","",18,"","","",125,24,16,"","",0.37,"","","","","","","","",""
230,Bedeti charali,CGWB,18,Assam,301,SONITPUR,BISWANATH,BISWANATH,Bedeti charali,-,-,-,-,-,-,26.88222222,93.47833333,25-05-2005 00:00,7.48,818,"",0,183,"","","",76,"","","",250,80,12,"","",2.99,"","","","","","","","",""
231,Behara,CGWB,18,Assam,282,CACHAR,KATIGORA,KATIGORA,Behara,-,-,-,-,-,-,24.95000000,92.65277778,25-05-2007 00:00,6.78,88,"",0,18,"","","",2,"","","",30,8,3,"","",0.2,"","","","","","","","",""
232,Beldonga mandir,CGWB,18,Assam,297,NAGAON,SAMAGURI,SAMAGURI,Beldonga mandir,-,-,-,-,-,-,26.13861111,92.82222222,25-05-2005 00:00,7.63,198,"",0,79,"","","",0,"","","",65,18,4.9,"","",0.51,"","","","","","","","",""
233,Beldonga mandir,CGWB,18,Assam,297,NAGAON,SAMAGURI,SAMAGURI,Beldonga mandir,-,-,-,-,-,-,26.13861111,92.82222222,25-05-2006 00:00,7.68,239,"",0,110,"","","",4,"","","",95,30,4.9,"","",0.48,"","","","","","","","",""
234,Beldonga mandir,CGWB,18,Assam,297,NAGAON,SAMAGURI,SAMAGURI,Beldonga mandir,-,-,-,-,-,-,26.13861111,92.82222222,25-05-2007 00:00,7.48,176,"",0,61,"","","",1,"","","",61,7,18,"","",1.44,"","","","","","","","",""
235,Beldonga mandir,CGWB,18,Assam,297,NAGAON,SAMAGURI,SAMAGURI,Beldonga mandir,-,-,-,-,-,-,26.13861111,92.82222222,25-05-2008 00:00,6.9,160,"",0,61,"","","","","","","",75,20,6.1,"","",3.25,"","","","","","","","",""
236,Beldonga mandir,CGWB,18,Assam,297,NAGAON,SAMAGURI,SAMAGURI,Beldonga mandir,-,-,-,-,-,-,26.13861111,92.82222222,25-05-2009 00:00,8.27,147,"",0,69,56.6,"","",1,"","","",55,14,4.88,"","",0.53,"","","","","","","","",""
237,Beldonga mandir,CGWB,18,Assam,297,NAGAON,SAMAGURI,SAMAGURI,Beldonga mandir,-,-,-,-,-,-,26.13861111,92.82222222,25-05-2011 00:00,7.44,137,"",0,92.25,"","","",0,"","","",80,18,16.25,2.5,"",0.38,"","","","","","","","",""
238,Beldonga mandir,CGWB,18,Assam,297,NAGAON,SAMAGURI,SAMAGURI,Beldonga mandir,-,-,-,-,-,-,26.13861111,92.82222222,25-05-2012 00:00,7.44,137,"",0,92.25,75.6,"","",0,"","","",80,18,8.53,2.5,"",0.38,"","","","","","","","",""
239,Beldonga mandir,CGWB,18,Assam,297,NAGAON,SAMAGURI,SAMAGURI,Beldonga mandir,-,-,-,-,-,-,26.13861111,92.82222222,25-05-2014 00:00,8.9,142,"",40,32,92.9,20,"",3.34,"","","",72,16,7.8,28.6,"",1.96,"","","","","","","","",""
240,Beldonga mandir,CGWB,18,Assam,297,NAGAON,SAMAGURI,SAMAGURI,Beldonga mandir,-,-,-,-,-,-,26.13861111,92.82222222,25-05-2015 00:00,8.3,66.9,"",24,44,76.07,26,"",2.9,"","","",76,16,8.77,19,"",0.19,"","","","","","","","",""
241,Beldonga mandir,CGWB,18,Assam,297,NAGAON,SAMAGURI,SAMAGURI,Beldonga mandir,-,-,-,-,-,-,26.13861111,92.82222222,25-05-2016 00:00,8,170.5,93.1,0,70,70,20,"",19.6,"","","",100,18,13.3,7.76,"",0.29,"","","","","","","","",""
242,Beldonga mandir,CGWB,18,Assam,297,NAGAON,SAMAGURI,SAMAGURI,Beldonga mandir,-,-,-,-,-,-,26.13861111,92.82222222,25-05-2017 00:00,7.62,123,81.18,"",85,85,152.44,"",21.4,"","","",60,14,6.067961,104.31,"",0.8,"","","","","","","","",""
243,Bengbari,CGWB,18,Assam,283,DARRANG,KALAIGAON,KALAIGAON,Bengbari,-,-,-,-,-,-,26.72361111,91.98333333,25-05-2006 00:00,7.13,172,"",0,61,"","","",9,"","","",50,10,6.1,"","",0.11,"","","","","","","","",""
244,Bengbari,CGWB,18,Assam,283,DARRANG,KALAIGAON,KALAIGAON,Bengbari,-,-,-,-,-,-,26.72361111,91.98333333,25-05-2007 00:00,7.97,172,"",0,61,"","","",6,"","","",45,8,6.07,"","",0.38,"","","","","","","","",""
245,Bengbari,CGWB,18,Assam,283,DARRANG,KALAIGAON,KALAIGAON,Bengbari,-,-,-,-,-,-,26.72361111,91.98333333,25-05-2008 00:00,7.97,172,"",0,61,"","","",6,"","","",45,8,6.07,"","",0.38,"","","","","","","","",""
246,Bengbari,CGWB,18,Assam,283,DARRANG,KALAIGAON,KALAIGAON,Bengbari,-,-,-,-,-,-,26.72361111,91.98333333,25-05-2015 00:00,8.3,163,"",16,60,75.85,17.9,"",7.7,"","","",76,25.6,2.95,8.82,"",1.93,"","","","","","","","",""
247,Bengbari,CGWB,18,Assam,283,DARRANG,KALAIGAON,KALAIGAON,Bengbari,-,-,-,-,-,-,26.72361111,91.98333333,25-05-2016 00:00,8,218.2,118.8,0,115,115,17.5,"",20.5,"","","",85,18,9.7,27.17,"",2.85,"","","","","","","","",""
248,Bengbari,CGWB,18,Assam,283,DARRANG,KALAIGAON,KALAIGAON,Bengbari,-,-,-,-,-,-,26.72361111,91.98333333,25-05-2018 00:00,6.471,120.7,71.9,0,45.036,45.036,14.18,"",21.7059,"",0,"",35,10.008,2.4223301,19.08,"",0.2666,0,"","","","","","","",""
249,Bengbari,CGWB,18,Assam,283,DARRANG,KALAIGAON,KALAIGAON,Bengbari,-,-,-,-,-,-,26.72361111,91.98333333,30-05-2021 08:00,7.88,1040,676,0,439,"",55,"",24,0.05,"","",240,38,35.264,115,"","","","","","","","","","",""
250,Betbari alimore,CGWB,18,Assam,300,SIVSAGAR,DEMOW,DEMOW,Betbari alimore,-,-,-,-,-,-,27.06527778,94.71250000,25-05-2005 00:00,7.56,52,"",0,226,"","","",8,"","","",205,58,15,"","",4.5,"","","","","","","","",""
251,Betbari alimore,CGWB,18,Assam,300,SIVSAGAR,DEMOW,DEMOW,Betbari alimore,-,-,-,-,-,-,27.06527778,94.71250000,25-05-2006 00:00,7.38,445,"",0,189,"","","",13,"","","",160,44,12,"","",7.8,"","","","","","","","",""
252,Betbari alimore,CGWB,18,Assam,300,SIVSAGAR,DEMOW,DEMOW,Betbari alimore,-,-,-,-,-,-,27.06527778,94.71250000,25-05-2007 00:00,7.94,530,"",0,170,"","","",25,"","","",190,48,17,"","",0.15,"","","","","","","","",""
253,Betbari alimore,CGWB,18,Assam,300,SIVSAGAR,DEMOW,DEMOW,Betbari alimore,-,-,-,-,-,-,27.06527778,94.71250000,25-05-2008 00:00,7.94,530,"",0,170,139.3,"","",25,"","","",190,48,17.08,"","",0.15,"","","","","","","","",""
254,Betbari alimore,CGWB,18,Assam,300,SIVSAGAR,DEMOW,DEMOW,Betbari alimore,-,-,-,-,-,-,27.06527778,94.71250000,25-05-2015 00:00,8.03,885.5,"","",148,121.31,95.9,"",98.3,"","","",328,57.6,44.81,13.2,"",14.79,"","","","","","","","",""
255,Betbari alimore,CGWB,18,Assam,300,SIVSAGAR,DEMOW,DEMOW,Betbari alimore,-,-,-,-,-,-,27.06527778,94.71250000,25-05-2016 00:00,8.3,546.1,300.3,30,135,165,72.5,"",14.3,"","","",240,50,27.9,23.45,"",2.15,"","","","","","","","",""
256,Bhagaban charali,CGWB,18,Assam,284,DHEMAJI,DHEMAJI,DHEMAJI,Depa,-,-,-,-,-,-,27.50000000,94.54444444,25-05-2005 00:00,7.21,93,"",0,61,"","","",12,"","","",60,14,6.1,"","",0.3,"","","","","","","","",""
257,Bhagaban charali,CGWB,18,Assam,284,DHEMAJI,DHEMAJI,DHEMAJI,Depa,-,-,-,-,-,-,27.50000000,94.54444444,25-05-2006 00:00,7.59,157,"","","","","","","","","","","","","","","","","","","","","","","","",""
258,Bhagaban charali,CGWB,18,Assam,284,DHEMAJI,DHEMAJI,DHEMAJI,Bhagaban charali,-,-,-,-,-,-,27.50000000,94.54444444,25-05-2006 00:00,6.7,133,"",0,73,"","","",8,"","","",65,18.19,4.26,"","",0.23,"","","","","","","","",""
259,Bhagaban charali,CGWB,18,Assam,284,DHEMAJI,DHEMAJI,DHEMAJI,Bhagaban charali,-,-,-,-,-,-,27.50000000,94.54444444,25-05-2007 00:00,7.68,606,"",0,262,"","","",5,"","","",145,50,4,"","",0.7,"","","","","","","","",""
260,Bhagaban charali,CGWB,18,Assam,284,DHEMAJI,DHEMAJI,DHEMAJI,Depa,-,-,-,-,-,-,27.50000000,94.54444444,25-05-2008 00:00,7.99,151,"",0,43,"","","",10,"","","",55,12,6,"","",0.28,"","","","","","","","",""
261,Bhagaban charali,CGWB,18,Assam,284,DHEMAJI,DHEMAJI,DHEMAJI,Depa,-,-,-,-,-,-,27.50000000,94.54444444,25-05-2009 00:00,8.28,90,"",0,65.35,53.6,"","",11,"","","",150,16,26.76,"","",1.07,"","","","","","","","",""
262,Bhagaban charali,CGWB,18,Assam,284,DHEMAJI,DHEMAJI,DHEMAJI,Bhagaban charali,-,-,-,-,-,-,27.50000000,94.54444444,25-05-2014 00:00,8.3,177.3,"",8,36,42.84,41.2,"",7.88,"","","",104,24,10.73,6.3,"","","","","","","","","","",""
263,Bhagaban charali,CGWB,18,Assam,284,DHEMAJI,DHEMAJI,DHEMAJI,Depa,-,-,-,-,-,-,27.50000000,94.54444444,25-05-2014 00:00,6.82,194,"","",52,42.62,120.5,"",13.67,"","","",260,20.8,41.5,6.81,"","","","","","","","","","",""
264,Bhagaban charali,CGWB,18,Assam,284,DHEMAJI,DHEMAJI,DHEMAJI,Bhagaban charali,-,-,-,-,-,-,27.50000000,94.54444444,25-05-2015 00:00,8.1,235.3,"","",80,65.57,75.2,"",4.4,"","","",76,14.4,33.6,1.6,"","","","","","","","","","",""
265,Bhagaban charali,CGWB,18,Assam,284,DHEMAJI,DHEMAJI,DHEMAJI,Depa,-,-,-,-,-,-,27.50000000,94.54444444,25-05-2016 00:00,7.9,208.7,100.3,0,35,35,25,"",16.8,"","","",80,16,9.7,2.65,"",0,"","","","","","","","",""
266,Bhalukmari-i,CGWB,18,Assam,283,DARRANG,UDALGURI,UDALGURI,Bhalukmari-i,-,-,-,-,-,-,26.69861111,92.23055556,25-05-2005 00:00,7.22,344,"",0,128,"","","",11,"","","",115,16,18,"","",6.32,"","","","","","","","",""
267,Bhalukmari-i,CGWB,18,Assam,283,DARRANG,UDALGURI,UDALGURI,Bhalukmari-i,-,-,-,-,-,-,26.69861111,92.23055556,25-05-2006 00:00,7.38,255,"",0,122,"","","",8,"","","",85,26,7.3,"","",7.6,"","","","","","","","",""
268,Bhalukmari-i,CGWB,18,Assam,283,DARRANG,UDALGURI,UDALGURI,Bhalukmari-i,-,-,-,-,-,-,26.69861111,92.23055556,25-05-2014 00:00,8.5,144,"",40,64,119.13,21.8,"",1,"","","",96,27.2,6.84,18.6,"",1.84,"","","","","","","","",""
269,Bhalukmari-i,CGWB,18,Assam,283,DARRANG,UDALGURI,UDALGURI,Bhalukmari-i,-,-,-,-,-,-,26.69861111,92.23055556,25-05-2016 00:00,8.3,465.6,250,20,175,195,35.45,"",1.7649873,"","","",180,34,23.1,14.78,"",8.65,"","","","","","","","",""
270,Bhawanipur,CGWB,18,Assam,280,BARPETA,BARPETA,BARPETA,Bhawanipur,-,-,-,-,-,-,26.48472222,91.06666667,25-05-2005 00:00,7.4,440,"",0,256,"","","",13,"","","",200,70,6.1,"","",0.36,"","","","","","","","",""
271,Bhawanipur,CGWB,18,Assam,280,BARPETA,BARPETA,BARPETA,Bhawanipur,-,-,-,-,-,-,26.48472222,91.06666667,25-05-2006 00:00,7.34,910,"",0,372,"","","",1,"","","",280,46,40,"","",0.66,"","","","","","","","",""
272,Bhawanipur,CGWB,18,Assam,280,BARPETA,BARPETA,BARPETA,Bhawanipur,-,-,-,-,-,-,26.48472222,91.06666667,25-05-2007 00:00,7.23,303,"",0,109,"","","",2,"","","",135,13,25,"","",1.41,"","","","","","","","",""
273,Bhawanipur,CGWB,18,Assam,280,BARPETA,BARPETA,BARPETA,Bhawanipur,-,-,-,-,-,-,26.48472222,91.06666667,25-05-2014 00:00,8.7,304,"",72,92,195.41,19.8,"",1,"","","",200,35.2,27.27,2.91,"",2.9,"","","","","","","","",""
274,Bhawanipur,CGWB,18,Assam,280,BARPETA,BARPETA,BARPETA,Bhawanipur,-,-,-,-,-,-,26.48472222,91.06666667,25-05-2015 00:00,8.3,404.9,"",40,104,151.91,130,"",34.8,"","","",100,24,9.75,75.61,"",0.12,"","","","","","","","",""
275,Bhawanipur,CGWB,18,Assam,280,BARPETA,BARPETA,BARPETA,Bhawanipur,-,-,-,-,-,-,26.48472222,91.06666667,25-05-2016 00:00,8.3,852.7,453.6,10,70,80,142.5,"",47.6,"","","",355,90,31.6,4.27,"",12.94,"","","","","","","","",""
276,Bhogpur charali,CGWB,18,Assam,295,LAKHIMPUR,NARAYANPUR,NARAYANPUR,Bhogpur charali,-,-,-,-,-,-,27.03333333,93.83611111,25-05-2005 00:00,7.42,239,"",0,122,"","","",22,"","","",95,32,3.6,"","",2.18,"","","","","","","","",""
277,Bhogpur charali,CGWB,18,Assam,295,LAKHIMPUR,NARAYANPUR,NARAYANPUR,Bhogpur charali,-,-,-,-,-,-,27.03333333,93.83611111,25-05-2006 00:00,6.31,228,"",0,109,"","","",5,"","","",85,23.1,6.66,"","",6.9,"","","","","","","","",""
278,Bhogpur charali,CGWB,18,Assam,295,LAKHIMPUR,NARAYANPUR,NARAYANPUR,Bhogpur charali,-,-,-,-,-,-,27.03333333,93.83611111,25-05-2008 00:00,7.98,164,"",0,61,"","","",3,"","","",50,12,5,"","",6.71,"","","","","","","","",""
279,Bhogpur charali,CGWB,18,Assam,295,LAKHIMPUR,NARAYANPUR,NARAYANPUR,Bhogpur charali,-,-,-,-,-,-,27.03333333,93.83611111,25-05-2009 00:00,8.5,80,"",18,67.65,85.5,"","",3,"","","",40,16,0.02,"","",6.6,"","","","","","","","",""
280,Bhogpur charali,CGWB,18,Assam,295,LAKHIMPUR,NARAYANPUR,NARAYANPUR,Bhogpur charali,-,-,-,-,-,-,27.03333333,93.83611111,25-05-2014 00:00,8.3,181,"",32,56,99.23,17.1,"",22.99,"","","",124,28.8,12.68,3.3,"",13.43,"","","","","","","","",""
281,Bhogpur charali,CGWB,18,Assam,295,LAKHIMPUR,NARAYANPUR,NARAYANPUR,Bhogpur charali,-,-,-,-,-,-,27.03333333,93.83611111,25-05-2015 00:00,8.32,336.7,"",40,124,168.31,46,"",9.3,"","","",136,28.8,15.6,36.95,"",0.52,"","","","","","","","",""
282,Bhogpur charali,CGWB,18,Assam,295,LAKHIMPUR,NARAYANPUR,NARAYANPUR,Bhogpur charali,-,-,-,-,-,-,27.03333333,93.83611111,25-05-2018 00:00,8.37,376.6,202.4,6,183,160.128,24.815,"",3.3762,"",0,"",180,50.04,13.325243,8.04,"",1.1374,0,"","","","","","","",""
283,Bhogpur charali,CGWB,18,Assam,295,LAKHIMPUR,NARAYANPUR,NARAYANPUR,Bhogpur charali,-,-,-,-,-,-,27.03333333,93.83611111,30-05-2021 08:00,7.52,3400,2210,0,403,"",574,"",321,0,"","",750,120,109.44,424,"","","","","","","","","","",""
284,Bhowraguri,CGWB,18,Assam,294,KOKRAJHAR,BHOWRAGURI,BHOWRAGURI,Bhowraguri,-,-,-,-,-,-,26.42500000,90.07500000,25-05-2006 00:00,6.82,105,"",0,49,"","","",2,"","","",20,10,1.2,"","",1.02,"","","","","","","","",""
285,Bichamari,CGWB,18,Assam,297,NAGAON,RUPAHI,RUPAHI,Bichamari,-,-,-,-,-,-,26.48333333,92.49166667,25-05-2014 00:00,9,514,"",120,40,232.79,50,"",14.15,"","","",248,60.8,23.41,22.5,"",0.85,"","","","","","","","",""
286,Bichamari,CGWB,18,Assam,297,NAGAON,RUPAHI,RUPAHI,Bichamari,-,-,-,-,-,-,26.48333333,92.49166667,25-05-2015 00:00,8.3,95.8,"",72,56,165.9,32,"",1.1,"","","",112,27.2,10.73,46,"",1.98,"","","","","","","","",""
287,Bichamari,CGWB,18,Assam,297,NAGAON,RUPAHI,RUPAHI,Bichamari,-,-,-,-,-,-,26.48333333,92.49166667,30-05-2021 08:00,8.39,505,"",24,195.2,"",35.5,"",19.2,0,"","",200,24,34.048,36,"","","","","","","","","","",""
288,Bihpuria,CGWB,18,Assam,295,LAKHIMPUR,BIHPURIA,BIHPURIA,Bihpuria,-,-,-,-,-,-,27.03333333,93.90833333,25-05-2005 00:00,8.18,131,"",0,85,"","","",10,"","","",75,22,4.8,"","",0.21,"","","","","","","","",""
289,Bihpuria,CGWB,18,Assam,295,LAKHIMPUR,BIHPURIA,BIHPURIA,Bihpuria,-,-,-,-,-,-,27.03333333,93.90833333,25-05-2006 00:00,5.88,153,"",0,68,"","","",5,"","","",60,10.5,8.1,"","",1.78,"","","","","","","","",""
290,Bihpuria,CGWB,18,Assam,295,LAKHIMPUR,BIHPURIA,BIHPURIA,Bihpuria,-,-,-,-,-,-,27.03333333,93.90833333,25-05-2008 00:00,8.16,209,"",0,79,"","","",4,"","","",80,14,11,"","",1.71,"","","","","","","","",""
291,Bihpuria,CGWB,18,Assam,295,LAKHIMPUR,BIHPURIA,BIHPURIA,Bihpuria,-,-,-,-,-,-,27.03333333,93.90833333,25-05-2009 00:00,8.54,84,"",6,55.35,55.4,"","",7,"","","",45,16,1.24,"","",2.6,"","","","","","","","",""
292,Bihpuria,CGWB,18,Assam,295,LAKHIMPUR,BIHPURIA,BIHPURIA,Bihpuria,-,-,-,-,-,-,27.03333333,93.90833333,25-05-2014 00:00,7.71,145,"","",84,68.85,7.9,"",1.11,"","","",124,14.4,5.3,12.1,"","","","","","","","","","",""
293,Bihpuria,CGWB,18,Assam,295,LAKHIMPUR,BIHPURIA,BIHPURIA,Bihpuria,-,-,-,-,-,-,27.03333333,93.90833333,25-05-2015 00:00,8.7,100.1,"",24,40,72.79,16,"",9.2,"","","",36,9.6,2.93,34.41,"",0.02,"","","","","","","","",""
294,Bihpuria,CGWB,18,Assam,295,LAKHIMPUR,BIHPURIA,BIHPURIA,Bihpuria,-,-,-,-,-,-,27.03333333,93.90833333,25-05-2016 00:00,7.8,131.7,65.7,0,80,80,12.5,"",1.2,"","","",50,18,1.2,12.41,"",3.88,"","","","","","","","",""
295,Bihpuria,CGWB,18,Assam,295,LAKHIMPUR,BIHPURIA,BIHPURIA,Bihpuria,-,-,-,-,-,-,27.03333333,93.90833333,25-05-2018 00:00,8.35,213.4,113,6,0,10.008,42.54,"",4.5368,"",0,"",95,34.0272,2.4106796,2.12,"",0.4644,0,"","","","","","","",""
296,Bihpuria,CGWB,18,Assam,295,LAKHIMPUR,BIHPURIA,BIHPURIA,Bihpuria,-,-,-,-,-,-,27.03333333,93.90833333,30-05-2021 08:00,7.58,8300,5395,0,708,"",1687,"",972,0,"","",1460,240,209.152,1233,"","","","","","","","","","",""
297,Bihupukhuri,CGWB,18,Assam,301,SONITPUR,BISWANATH,BISWANATH,Bihupukhuri,-,-,-,-,-,-,26.74722222,93.25000000,25-05-2006 00:00,6.23,120,"",0,61,"","","",6,"","","",55,16.8,3.12,"","",0.55,"","","","","","","","",""
298,Bihupukhuri,CGWB,18,Assam,301,SONITPUR,BISWANATH,BISWANATH,Bihupukhuri,-,-,-,-,-,-,26.74722222,93.25000000,25-05-2008 00:00,8.05,149,"",0,67,"","","",3,"","","",60,18,4,"","",0.38,"","","","","","","","",""
299,Bihupukhuri,CGWB,18,Assam,301,SONITPUR,BISWANATH,BISWANATH,Bihupukhuri,-,-,-,-,-,-,26.74722222,93.25000000,25-05-2009 00:00,8.54,137,"",6,73.8,70.5,"","",8,"","","",160,18,27.98,"","",0.03,"","","","","","","","",""
300,Bihupukhuri,CGWB,18,Assam,301,SONITPUR,BISWANATH,BISWANATH,Bihupukhuri,-,-,-,-,-,-,26.74722222,93.25000000,25-05-2015 00:00,8.35,405.3,"",24,64,92.46,89.9,"",3.5,"","","",160,30.4,27.26,10,"",0.24,"","","","","","","","",""
301,Bihupukhuri,CGWB,18,Assam,301,SONITPUR,BISWANATH,BISWANATH,Bihupukhuri,-,-,-,-,-,-,26.74722222,93.25000000,30-05-2019 08:00,7.42,130,"",0,48.83904,"",10.635,"","","","","",40,8.0064,4.8504853,8.71,"","","","","","","","","","",""
302,Bihupukhuri,CGWB,18,Assam,301,SONITPUR,BISWANATH,BISWANATH,Bihupukhuri,-,-,-,-,-,-,26.74722222,93.25000000,30-05-2020 08:00,7.42,130,"","",48.83904,"",10.635,"","","","","","",8.0064,4.8504853,8.71,"","","","","","","","","","",""
303,Bihupukhuri,CGWB,18,Assam,301,SONITPUR,BISWANATH,BISWANATH,Bihupukhuri,-,-,-,-,-,-,26.74722222,93.25000000,30-05-2021 08:00,8.1,1570,1020.5,0,549,"",70,"",233,0.05,"","",110,26,10.944,313,"","","","","","","","","","",""
304,Bijni,CGWB,18,Assam,281,BONGAIGAON,SRIJANGRAM,SRIJANGRAM,Bijni,-,-,-,-,-,-,26.26666667,90.59166667,25-05-2006 00:00,7.29,173,"",0,67,"","","",3,"","","",55,18,1.2,"","",0.24,"","","","","","","","",""
305,Bijni,CGWB,18,Assam,281,BONGAIGAON,SRIJANGRAM,SRIJANGRAM,Bijni,-,-,-,-,-,-,26.26666667,90.59166667,25-05-2007 00:00,7.57,128,"",0,61,"","","",2,"","","",60,16,49,"","",0.71,"","","","","","","","",""
306,Bijni,CGWB,18,Assam,281,BONGAIGAON,SRIJANGRAM,SRIJANGRAM,Bijni,-,-,-,-,-,-,26.26666667,90.59166667,25-05-2015 00:00,7.1,85.7,"","",56,45.9,66,"",16.2,"","","",32,8,2.93,38.71,"",0.73,"","","","","","","","",""
307,Bijni,CGWB,18,Assam,281,BONGAIGAON,SRIJANGRAM,SRIJANGRAM,Bijni,-,-,-,-,-,-,26.26666667,90.59166667,25-05-2016 00:00,8.5,354.7,186.8,30,115,145,3.545,"",14.718114,"","","",145,30,17,14.6,"",0.11,"","","","","","","","",""
308,Bijoypur,CGWB,18,Assam,284,DHEMAJI,JONAI,JONAI,Bijoypur,-,-,-,-,-,-,27.75277778,95.13888889,25-05-2005 00:00,7.34,164,"",0,140,"","","",16,"","","",125,38,7.3,"","",0.24,"","","","","","","","",""
309,Bijoypur,CGWB,18,Assam,284,DHEMAJI,JONAI,JONAI,Bijoypur,-,-,-,-,-,-,27.75277778,95.13888889,25-05-2006 00:00,6.05,176,"",0,92,"","","",9,"","","",85,27.3,4.02,"","",0.04,"","","","","","","","",""
310,Bijoypur,CGWB,18,Assam,284,DHEMAJI,JONAI,JONAI,Bijoypur,-,-,-,-,-,-,27.75277778,95.13888889,25-05-2008 00:00,8.05,225,"",0,91,"","","",18,"","","",85,26,5,"","",0.1,"","","","","","","","",""
311,Bijoypur,CGWB,18,Assam,284,DHEMAJI,JONAI,JONAI,Bijoypur,-,-,-,-,-,-,27.75277778,95.13888889,25-05-2009 00:00,8.4,173,"",9,98.4,95.7,"","",21,"","","",170,26,25.56,"","",0.01,"","","","","","","","",""
312,Bijoypur,CGWB,18,Assam,284,DHEMAJI,JONAI,JONAI,Bijoypur,-,-,-,-,-,-,27.75277778,95.13888889,25-05-2014 00:00,8.3,336.8,"",32,68,109.07,68.3,"",14.95,"","","",128,35.2,9.77,35.2,"",0.35,"","","","","","","","",""
313,Bijoypur,CGWB,18,Assam,284,DHEMAJI,JONAI,JONAI,Bijoypur,-,-,-,-,-,-,27.75277778,95.13888889,25-05-2015 00:00,8.5,114.9,"",24,32,66.23,18,"",23.9,"","","",36,8,3.9,32.39,"",0.03,"","","","","","","","",""
314,Bijoypur,CGWB,18,Assam,284,DHEMAJI,JONAI,JONAI,Bijoypur,-,-,-,-,-,-,27.75277778,95.13888889,25-05-2016 00:00,8.4,501,239.7,20,95,115,35,"",21.2,"","","",150,34,15.8,23.03,"",0.37,"","","","","","","","",""
315,Bijoypur,CGWB,18,Assam,284,DHEMAJI,JONAI,JONAI,Bijoypur,-,-,-,-,-,-,27.75277778,95.13888889,25-05-2018 00:00,6.853,578.1,291.7,0,189.1,155.124,49.63,"",36.7201,"",0,"",195,40.032,23.038836,24.54,"",0.0697,0,"","","","","","","",""
316,Bijoypur,CGWB,18,Assam,284,DHEMAJI,JONAI,JONAI,Bijoypur,-,-,-,-,-,-,27.75277778,95.13888889,30-05-2021 08:00,8.23,860,559,0,463.6,"",42.54,"",4,0.02,"","",350,36,63.232,45,"","","","","","","","","","",""
317,Bilasipara,CGWB,18,Assam,285,DHUBRI,BILASIPARA,BILASIPARA,Bilasipara,-,-,-,-,-,-,26.21666667,90.24166667,25-05-2005 00:00,7.3,260,"",0,98,"","","",12,"","","",85,26,4.9,"","",1.49,"","","","","","","","",""
318,Bilasipara,CGWB,18,Assam,285,DHUBRI,BILASIPARA,BILASIPARA,Bilasipara,-,-,-,-,-,-,26.21666667,90.24166667,25-05-2007 00:00,7.57,519,"",0,231,"","","",18,"","","",155,36,16,"","",0.03,"","","","","","","","",""
319,Bilasipara,CGWB,18,Assam,285,DHUBRI,BILASIPARA,BILASIPARA,Bilasipara,-,-,-,-,-,-,26.21666667,90.24166667,25-05-2012 00:00,7.54,211,"",0,86.1,70.6,"","","","","","",115,14,19.47,21,"","","","","","","","","","",""
320,Bilasipara,CGWB,18,Assam,285,DHUBRI,BILASIPARA,BILASIPARA,Bilasipara,-,-,-,-,-,-,26.21666667,90.24166667,25-05-2014 00:00,8.4,184,"",24,56,85.9,17.9,"",13.2,"","","",100,28.8,6.84,8.18,"",0.72,"","","","","","","","",""
321,Bilasipara,CGWB,18,Assam,285,DHUBRI,BILASIPARA,BILASIPARA,Bilasipara,-,-,-,-,-,-,26.21666667,90.24166667,25-05-2015 00:00,8.32,416,"",40,100,148.63,136,"",36.2,"","","",100,17.6,13.64,79.3,"",1.05,"","","","","","","","",""
322,Bilasipara,CGWB,18,Assam,285,DHUBRI,BILASIPARA,BILASIPARA,Bilasipara,-,-,-,-,-,-,26.21666667,90.24166667,25-05-2016 00:00,7.9,264.2,140,0,60,60,35,"",14.7,"","","",110,24,12.1,5.7,"",0.19,"","","","","","","","",""
323,Bilasipara,CGWB,18,Assam,285,DHUBRI,BILASIPARA,BILASIPARA,Bilasipara,-,-,-,-,-,-,26.21666667,90.24166667,25-05-2018 00:00,7.21,297.9,157.8,0,85.068,85.068,38.995,"",2.8238,"",0,"",85,22.0176,7.270874,19.31,"",5.5632,0,"","","","","","","",""
324,Bisumari,CGWB,18,Assam,294,KOKRAJHAR,KOKRAJHAR,KOKRAJHAR,Bisumari,-,-,-,-,-,-,26.56666667,90.30000000,25-05-2007 00:00,7.33,326,"",0,55,"","","",1,"","","",105,18,15,"","",0.56,"","","","","","","","",""
325,Bisumari,CGWB,18,Assam,294,KOKRAJHAR,KOKRAJHAR,KOKRAJHAR,Bisumari,-,-,-,-,-,-,26.56666667,90.30000000,30-05-2021 08:00,8.16,430,"",0,195.2,"",35.5,"",0,0,"","",190,68,4.864,18,"","","","","","","","","","",""
326,Biswanath,CGWB,18,Assam,301,SONITPUR,BISWANATH,BISWANATH,Biswanath,-,-,-,-,-,-,26.65833333,93.17500000,25-05-2005 00:00,7.09,1214,"",0,67,54.9,"","",1,"","","",35,10,2.44,"","",7.5,"","","","","","","","",""
327,Biswanath,CGWB,18,Assam,301,SONITPUR,BISWANATH,BISWANATH,Biswanath,-,-,-,-,-,-,26.65833333,93.17500000,25-05-2006 00:00,6.18,457,"",0,92,"","","",32,"","","",155,39.9,13.26,"","",0.1,"","","","","","","","",""
328,Biswanath,CGWB,18,Assam,301,SONITPUR,BISWANATH,BISWANATH,Biswanath,-,-,-,-,-,-,26.65833333,93.17500000,25-05-2008 00:00,8.06,449,"",0,91,"","","",39,"","","",140,28,17,"","",0.08,"","","","","","","","",""
329,Biswanath,CGWB,18,Assam,301,SONITPUR,BISWANATH,BISWANATH,Biswanath,-,-,-,-,-,-,26.65833333,93.17500000,25-05-2009 00:00,8.1,385,"",0,92.25,75.6,"","",39,"","","",205,32,30.43,"","",0.97,"","","","","","","","",""
330,Biswanath,CGWB,18,Assam,301,SONITPUR,BISWANATH,BISWANATH,Biswanath,-,-,-,-,-,-,26.65833333,93.17500000,25-05-2014 00:00,8.7,269.9,"",24,116,135.08,84,"",48.62,"","","",208,49.6,20.48,35.9,"",0.59,"","","","","","","","",""
331,Biswanath,CGWB,18,Assam,301,SONITPUR,BISWANATH,BISWANATH,Biswanath,-,-,-,-,-,-,26.65833333,93.17500000,25-05-2015 00:00,8.3,586.6,"",32,60,102.51,60,"",19.9,"","","",180,28.8,25.6,20.27,"",0.43,"","","","","","","","",""
332,Biswanath,CGWB,18,Assam,301,SONITPUR,BISWANATH,BISWANATH,Biswanath,-,-,-,-,-,-,26.65833333,93.17500000,25-05-2016 00:00,8.1,570.4,279.4,0,25,25,52.5,"",36.4,"","","",135,14,24.3,2.47,"",0.18,"","","","","","","","",""
333,Biswanath,CGWB,18,Assam,301,SONITPUR,BISWANATH,BISWANATH,Biswanath,-,-,-,-,-,-,26.65833333,93.17500000,25-05-2017 00:00,8.25,311.3,205.46,"",100,100,49.63,"",1.5842996,"","","",120,22,15.776699,13.1,"",0.46,"","","","","","","","",""
334,Biswanath,CGWB,18,Assam,301,SONITPUR,BISWANATH,BISWANATH,Biswanath,-,-,-,-,-,-,26.65833333,93.17500000,25-05-2018 00:00,6.97,549.3,295.3,0,122,100.08,70.9,"",29.5084,"",0,"",190,28.0224,29.112621,15.24,"",0.1586,0,"","","","","","","",""
335,Biswanath chara,CGWB,18,Assam,301,SONITPUR,BISWANATH,BISWANATH,Biswanath chara,-,-,-,-,-,-,26.75000000,93.18750000,25-05-2005 00:00,6.7,523,"",0,140,114.8,"","",41,"","","",160,30,20.7,"","",8.3,"","","","","","","","",""
336,Biswanath chara,CGWB,18,Assam,301,SONITPUR,BISWANATH,BISWANATH,Biswanath chara,-,-,-,-,-,-,26.75000000,93.18750000,25-05-2006 00:00,7.13,500,"",0,116,"","","",22,"","","",115,33.6,7.44,"","",0.44,"","","","","","","","",""
337,Biswanath chara,CGWB,18,Assam,301,SONITPUR,BISWANATH,BISWANATH,Biswanath chara,-,-,-,-,-,-,26.75000000,93.18750000,25-05-2008 00:00,8.15,614,"",0,244,"","","",13,"","","",175,56,9,"","",1.03,"","","","","","","","",""
338,Biswanath chara,CGWB,18,Assam,301,SONITPUR,BISWANATH,BISWANATH,Biswanath chara,-,-,-,-,-,-,26.75000000,93.18750000,25-05-2009 00:00,8.67,489,"",24,159.9,171.1,"","",17,"","","",190,38,23.14,"","",5.02,"","","","","","","","",""
339,Biswanath chara,CGWB,18,Assam,301,SONITPUR,BISWANATH,BISWANATH,Biswanath chara,-,-,-,-,-,-,26.75000000,93.18750000,25-05-2018 00:00,8.109,484.6,263.9,0,195.2,160.128,67.355,"",36.9573,"",0,"",175,30.024,24.257282,26.03,"",0.0737,0,"","","","","","","",""
340,Boginadi(balijan),CGWB,18,Assam,295,LAKHIMPUR,KADAM,KADAM,Boginadi(balijan),-,-,-,-,-,-,27.38972222,94.19305556,25-05-2005 00:00,7.47,99,"",0,47,"","","",11,"","","",55,18,2.4,"","",0.17,"","","","","","","","",""
341,Boginadi(balijan),CGWB,18,Assam,295,LAKHIMPUR,KADAM,KADAM,Boginadi(balijan),-,-,-,-,-,-,27.38972222,94.19305556,25-05-2006 00:00,5.83,133,"",0,68,"","","",5,"","","",55,14.7,4.38,"","",0.55,"","","","","","","","",""
342,Boginadi(balijan),CGWB,18,Assam,295,LAKHIMPUR,KADAM,KADAM,Boginadi(balijan),-,-,-,-,-,-,27.38972222,94.19305556,25-05-2008 00:00,8.07,165,"",0,43,"","","",19,"","","",65,8,10,"","",0.46,"","","","","","","","",""
343,Boginadi(balijan),CGWB,18,Assam,295,LAKHIMPUR,KADAM,KADAM,Boginadi(balijan),-,-,-,-,-,-,27.38972222,94.19305556,25-05-2009 00:00,8.09,105,"",0,67.65,55.5,"","",15,"","","",60,18,3.67,"","",0.06,"","","","","","","","",""
344,Boginadi(balijan),CGWB,18,Assam,295,LAKHIMPUR,KADAM,KADAM,Boginadi(balijan),-,-,-,-,-,-,27.38972222,94.19305556,25-05-2014 00:00,8.3,282.7,"",40,80,132.24,27.3,"",1.15,"","","",104,28.8,7.82,32.5,"",2.27,"","","","","","","","",""
345,Boithalangsu,CGWB,18,Assam,292,KARBI ANGLONG,SILONIJAN,SILONIJAN,Boithalangsu,-,-,-,-,-,-,25.93333333,92.70861111,25-05-2007 00:00,7.1,190,"",0,73,"","","","","","","",80,16,9.7,"","",0.42,"","","","","","","","",""
346,Boithalangsu,CGWB,18,Assam,292,KARBI ANGLONG,SILONIJAN,SILONIJAN,Boithalangsu,-,-,-,-,-,-,25.93333333,92.70861111,25-05-2009 00:00,8.14,227,"",0,73,59.8,"","",9,"","","",70,18,6.1,"","",1.52,"","","","","","","","",""
347,Boithalangsu,CGWB,18,Assam,292,KARBI ANGLONG,SILONIJAN,SILONIJAN,Boithalangsu,-,-,-,-,-,-,25.93333333,92.70861111,25-05-2014 00:00,8.3,55.37,"",24,36,69.51,22,"",1,"","","",52,9.6,6.82,21.2,"",0.04,"","","","","","","","",""
348,Boithalangsu,CGWB,18,Assam,292,KARBI ANGLONG,SILONIJAN,SILONIJAN,Boithalangsu,-,-,-,-,-,-,25.93333333,92.70861111,30-05-2019 08:00,8.4,481.5,"",24,146.55617,"",74.445,"","","","","",185,38.0304,21.826214,27.99,"","","","","","","","","","",""
349,Boithalangsu,CGWB,18,Assam,292,KARBI ANGLONG,SILONIJAN,SILONIJAN,Boithalangsu,-,-,-,-,-,-,25.93333333,92.70861111,30-05-2020 08:00,8.4,481.5,"","",146.55617,"",74.445,"","","","","","",38.0304,21.826214,27.99,"","","","","","","","","","",""
350,Boithalangsu,CGWB,18,Assam,292,KARBI ANGLONG,SILONIJAN,SILONIJAN,Boithalangsu,-,-,-,-,-,-,25.93333333,92.70861111,30-05-2021 08:00,8,650,"",0,275,"",26,"",75,"","","",36,14,40,63,"","","","","","","","","","",""
351,Bokajan,CGWB,18,Assam,292,KARBI ANGLONG,DIPHU,DIPHU,Bokajan,-,-,-,-,-,-,26.02500000,93.78000000,25-05-2007 00:00,7.83,504,"",0,91,"","","",13,"","","",135,28,15,"","",0.11,"","","","","","","","",""
352,Bokajan,CGWB,18,Assam,292,KARBI ANGLONG,DIPHU,DIPHU,Bokajan,-,-,-,-,-,-,26.02500000,93.78000000,25-05-2008 00:00,7.83,504,"",0,91,"","","",13,"","","",135,28,15,"","",0.11,"","","","","","","","",""
353,Bokajan,CGWB,18,Assam,292,KARBI ANGLONG,DIPHU,DIPHU,Bokajan,-,-,-,-,-,-,26.02500000,93.78000000,25-05-2014 00:00,8,203,"","",32,26.23,55.8,"",1.48,"","","",72,19.2,5.86,8.3,"",13.43,"","","","","","","","",""
354,Bokajan,CGWB,18,Assam,292,KARBI ANGLONG,DIPHU,DIPHU,Bokajan,-,-,-,-,-,-,26.02500000,93.78000000,25-05-2015 00:00,8.5,290.1,"",24,132,148.2,6,"",7.8,"","","",96,19.2,11.69,23.17,"",2.33,"","","","","","","","",""
355,Bokajan,CGWB,18,Assam,292,KARBI ANGLONG,DIPHU,DIPHU,Bokajan,-,-,-,-,-,-,26.02500000,93.78000000,25-05-2016 00:00,6.6,366.2,206.5,0,80,80,92.17,"",2.5,"","","",80,22,6.1,41.43,"",0.13,"","","","","","","","",""
356,Bokajan,CGWB,18,Assam,292,KARBI ANGLONG,DIPHU,DIPHU,Bokajan,-,-,-,-,-,-,26.02500000,93.78000000,25-05-2018 00:00,6.61,561,302.8,0,75.06,75.06,141.8,"",32.3023,"",0,"",165,46.0368,12.113592,55.06,"",0.1056,0,"","","","","","","",""
357,Bokajan I,CGWB,18,Assam,292,KARBI ANGLONG,-,-,-,-,-,-,-,-,-,26.14222000,93.85278000,30-05-2021 08:00,7.58,1420,"",0,431,"",177,"",25,"","","",381,98,33,99,"","","","","","","","","","",""
358,Bokakhat,CGWB,18,Assam,288,GOLAGHAT,BOKAKHAT,BOKAKHAT,Bokakhat,-,-,-,-,-,-,26.63333333,93.60000000,25-05-2013 00:00,7.7,185,"",0,76,62.3,"","",39.69,"","","",43,14,1.96,10.7,"",0.01,"","","","","","","","",""
359,Bokakhat,CGWB,18,Assam,288,GOLAGHAT,BOKAKHAT,BOKAKHAT,Bokakhat,-,-,-,-,-,-,26.63333333,93.60000000,25-05-2015 00:00,8.3,235,"",40,32,92.9,28,"",23.9,"","","",52,14.4,3.91,50.11,"",3.85,"","","","","","","","",""
360,Bokakhat,CGWB,18,Assam,288,GOLAGHAT,BOKAKHAT,BOKAKHAT,Bokakhat,-,-,-,-,-,-,26.63333333,93.60000000,25-05-2016 00:00,7,170.9,86.68,0,185,185,10.635,"",5.1098404,"","","",40,12,2.4,33.49,"",1.34,"","","","","","","","",""
361,Bokakhat,CGWB,18,Assam,288,GOLAGHAT,BOKAKHAT,BOKAKHAT,Bokakhat,-,-,-,-,-,-,26.63333333,93.60000000,25-05-2018 00:00,6.82,164.2,87.16,0,60.048,60.048,17.725,"",13.9761,"",0,"",85,16.0128,10.914563,5.29,"",0,0,"","","","","","","",""
362,Boko,CGWB,18,Assam,291,KAMRUP,BOKO,BOKO,Boko,-,-,-,-,-,-,25.97500000,91.24166667,25-05-2010 00:00,7,64.1,"",0,32,"","","",2.4,"","","",20,5.6,1.45,2.72,"",0.62,"","","","","","","","",""
363,Boko,CGWB,18,Assam,291,KAMRUP,BOKO,BOKO,Boko,-,-,-,-,-,-,25.97500000,91.24166667,25-05-2013 00:00,7,64.1,"",0,32,26.2,"","",2.4,"","","",20,5.6,1.47,69,"",0.62,"","","","","","","","",""
364,Boko,CGWB,18,Assam,291,KAMRUP,BOKO,BOKO,Boko,-,-,-,-,-,-,25.97500000,91.24166667,25-05-2014 00:00,8.6,285,"",56,88,165.46,13.9,"",3.34,"","","",120,44.8,2,31,"",0.09,"","","","","","","","",""
365,Boko,CGWB,18,Assam,291,KAMRUP,BOKO,BOKO,Boko,-,-,-,-,-,-,25.97500000,91.24166667,25-05-2015 00:00,8.24,128.8,"","",68,55.74,13.9,"",9.1,"","","",32,11.2,5.8,9.39,"",0.18,"","","","","","","","",""
366,Boko,CGWB,18,Assam,291,KAMRUP,BOKO,BOKO,Boko,-,-,-,-,-,-,25.97500000,91.24166667,25-05-2016 00:00,8.8,126,66.8,20,50,70,25,"",1.8,"","","",65,12,8.5,18.85,"",0.64,"","","","","","","","",""
367,Boko,CGWB,18,Assam,291,KAMRUP,BOKO,BOKO,Boko,-,-,-,-,-,-,25.97500000,91.24166667,25-05-2018 00:00,7.498,124.4,66.31,0,50.04,50.04,17.725,"",9.9475,"",0,"",50,14.0112,3.6339805,8.9,"",0.0801,0,"","","","","","","",""
368,Boko,CGWB,18,Assam,291,KAMRUP,BOKO,BOKO,Boko,-,-,-,-,-,-,25.97500000,91.24166667,30-05-2021 08:00,8,400,"",0,183,"",16,"",25,"","","",46,18,34,10,"","","","","","","","","","",""
369,Bokoliaghat,CGWB,18,Assam,292,KARBI ANGLONG,-,-,-,-,-,-,-,-,-,26.06361000,93.18500000,30-05-2021 08:00,7.92,1135,"",0,100.5,"",223.5,"",162,"","","",406.3,83.5,48.02,79.7,"","","","","","","","","","",""
370,Bokulia,CGWB,18,Assam,292,KARBI ANGLONG,DONKA,DONKA,Bokulia,-,-,-,-,-,-,25.87500000,93.53333333,25-05-2005 00:00,7.43,1025,"",0,177,"","","",44,"","","",220,52,22,"","",1.46,"","","","","","","","",""
371,Bokulia,CGWB,18,Assam,292,KARBI ANGLONG,DONKA,DONKA,Bokulia,-,-,-,-,-,-,25.87500000,93.53333333,25-05-2006 00:00,7.22,921,"",0,128,"","","",37,"","","",175,44,16,"","",0.95,"","","","","","","","",""
372,Bokulia,CGWB,18,Assam,292,KARBI ANGLONG,DONKA,DONKA,Bokulia,-,-,-,-,-,-,25.87500000,93.53333333,25-05-2007 00:00,7.5,1250,"",0,171,"","","","","","","",240,56,24,"","",0.92,"","","","","","","","",""
373,Bokulia,CGWB,18,Assam,292,KARBI ANGLONG,DONKA,DONKA,Bokulia,-,-,-,-,-,-,25.87500000,93.53333333,25-05-2009 00:00,7.79,255,"",0,43,35.3,"","",2,"","","",60,18,3.67,"","",1.36,"","","","","","","","",""
374,Bokulia,CGWB,18,Assam,292,KARBI ANGLONG,DONKA,DONKA,Bokulia,-,-,-,-,-,-,25.87500000,93.53333333,25-05-2014 00:00,8.3,359.5,"",48,100,161.97,134,"",1,"","","",200,22.4,35.04,56,"",0.27,"","","","","","","","",""
375,Bongaigaon,CGWB,18,Assam,281,BONGAIGAON,SRIJANGRAM,SRIJANGRAM,Bongaigaon,-,-,-,-,-,-,26.35833333,90.61666667,25-05-2005 00:00,7.7,190,"",0,73,"","","",15,"","","",75,24,3.6,"","",0.24,"","","","","","","","",""
376,Bongaigaon,CGWB,18,Assam,281,BONGAIGAON,SRIJANGRAM,SRIJANGRAM,Bongaigaon,-,-,-,-,-,-,26.35833333,90.61666667,25-05-2006 00:00,7.21,325,"",0,92,"","","",13,"","","",110,38,3.6,"","",0.03,"","","","","","","","",""
377,Bongaigaon,CGWB,18,Assam,281,BONGAIGAON,SRIJANGRAM,SRIJANGRAM,Bongaigaon,-,-,-,-,-,-,26.35833333,90.61666667,25-05-2007 00:00,7.14,202,"",0,128,"","","",11,"","","",105,27,9,"","",0.37,"","","","","","","","",""
378,Bongaigaon,CGWB,18,Assam,281,BONGAIGAON,SRIJANGRAM,SRIJANGRAM,Bongaigaon,-,-,-,-,-,-,26.35833333,90.61666667,25-05-2015 00:00,7.64,70.3,"","",92,75.41,28,"",9.7,"","","",52,9.6,6.82,25.28,"",0.08,"","","","","","","","",""
379,Bongaigaon,CGWB,18,Assam,281,BONGAIGAON,SRIJANGRAM,SRIJANGRAM,Bongaigaon,-,-,-,-,-,-,26.35833333,90.61666667,25-05-2016 00:00,8.3,686.2,367.3,30,110,140,85.08,"",35.451427,"","","",170,36,19.4,57.62,"",1.19,"","","","","","","","",""
380,Bongaigaon,CGWB,18,Assam,281,BONGAIGAON,SRIJANGRAM,SRIJANGRAM,Bongaigaon,-,-,-,-,-,-,26.35833333,90.61666667,25-05-2018 00:00,7.092,675,349.5,0,125.1,125.1,77.99,"",61.5127,"",0,"",155,46.0368,9.686408,47.05,"",0.2092,0,"","","","","","","",""
381,Boragaon,CGWB,18,Assam,291,KAMRUP,PALASBARI,PALASBARI,Boragaon,-,-,-,-,-,-,26.08333333,91.61666667,25-05-2005 00:00,7.45,340,"",0,122,100,"","","","","","",90,24,7.32,"","",1.11,"","","","","","","","",""
382,Boragaon,CGWB,18,Assam,291,KAMRUP,PALASBARI,PALASBARI,Boragaon,-,-,-,-,-,-,26.08333333,91.61666667,25-05-2006 00:00,8.4,337,"","","","","","","","","","","","","","","",0.69,"","","","","","","","",""
383,Boragaon,CGWB,18,Assam,291,KAMRUP,PALASBARI,PALASBARI,Boragaon,-,-,-,-,-,-,26.08333333,91.61666667,25-05-2007 00:00,7.69,444,"",0,85,"","","",34,"","","",115,27,11,"","",0.22,"","","","","","","","",""
384,Boragaon,CGWB,18,Assam,291,KAMRUP,PALASBARI,PALASBARI,Boragaon,-,-,-,-,-,-,26.08333333,91.61666667,25-05-2008 00:00,8.11,398,"",0,129.15,"","","",21,"","","",115,22,14.5,"","",0.7,"","","","","","","","",""
385,Boragaon,CGWB,18,Assam,291,KAMRUP,PALASBARI,PALASBARI,Boragaon,-,-,-,-,-,-,26.08333333,91.61666667,25-05-2009 00:00,7.96,414,"",0,129,105.7,"","",16,"","","",140,28,17.05,"","",3.28,"","","","","","","","",""
386,Boragaon,CGWB,18,Assam,291,KAMRUP,PALASBARI,PALASBARI,Boragaon,-,-,-,-,-,-,26.08333333,91.61666667,25-05-2010 00:00,8.4,710,"",24,120,"","","",40.6,"","","",184,27.2,28.16,24.4,"",4.55,"","","","","","","","",""
387,Boragaon,CGWB,18,Assam,291,KAMRUP,PALASBARI,PALASBARI,Boragaon,-,-,-,-,-,-,26.08333333,91.61666667,25-05-2013 00:00,8.4,600,"",24,120,138.4,"","",40.6,"","","",184,27.2,28.24,51,"",4.55,"","","","","","","","",""
388,Boragaon,CGWB,18,Assam,291,KAMRUP,PALASBARI,PALASBARI,Boragaon,-,-,-,-,-,-,26.08333333,91.61666667,25-05-2014 00:00,8.7,308.8,"",32,112,145.14,92,"",45.18,"","","",320,56,43.83,5.3,"",1.09,"","","","","","","","",""
389,Boragaon,CGWB,18,Assam,291,KAMRUP,PALASBARI,PALASBARI,Boragaon,-,-,-,-,-,-,26.08333333,91.61666667,25-05-2015 00:00,8.4,743.1,"",8,120,111.69,92,"",177.1,"","","",180,14.4,35.03,67.58,"",0.82,"","","","","","","","",""
390,Boragaon,CGWB,18,Assam,291,KAMRUP,PALASBARI,PALASBARI,Boragaon,-,-,-,-,-,-,26.08333333,91.61666667,25-05-2016 00:00,7.1,372.7,179.1,0,160,160,10.635,"",1.4276088,"","","",120,16,19.4,18.73,"","","","","","","","","","",""
391,Boragaon,CGWB,18,Assam,291,KAMRUP,PALASBARI,PALASBARI,Boragaon,-,-,-,-,-,-,26.08333333,91.61666667,25-05-2018 00:00,7.403,377.2,201,0,165.132,165.132,24.815,"",28.7692,"",0,"",150,32.0256,16.974758,7.75,"",0.4092,0,"","","","","","","",""
392,Borchukhaba,CGWB,18,Assam,297,NAGAON,RUPAHI,RUPAHI,Borchukhaba,-,-,-,-,-,-,26.48333333,92.49166667,25-05-2015 00:00,8.3,104.8,"",56,48,132.68,38,"",13.9,"","","",108,17.6,15.58,41,"",1.05,"","","","","","","","",""
393,Bordoloni,CGWB,18,Assam,284,DHEMAJI,DHEMAJI,DHEMAJI,Bordoloni,-,-,-,-,-,-,27.50000000,94.54444444,25-05-2005 00:00,7.29,105,"",0,85,"","","",12,"","","",75,20,6.1,"","",0.27,"","","","","","","","",""
394,Bordoloni,CGWB,18,Assam,284,DHEMAJI,DHEMAJI,DHEMAJI,Bordoloni,-,-,-,-,-,-,27.50000000,94.54444444,25-05-2006 00:00,7.6,336,"","","","","","","","","","","","","","","","","","","","","","","","",""
395,Bordoloni,CGWB,18,Assam,284,DHEMAJI,DHEMAJI,DHEMAJI,Bordoloni,-,-,-,-,-,-,27.50000000,94.54444444,25-05-2008 00:00,8.15,216,"",0,97,"","","",7,"","","",85,26,5,"","","","","","","","","","","",""
396,Bordoloni,CGWB,18,Assam,284,DHEMAJI,DHEMAJI,DHEMAJI,Bordoloni,-,-,-,-,-,-,27.50000000,94.54444444,25-05-2009 00:00,8.64,171,"",18,147.6,151,"","",5,"","","",200,32,29.21,"","",0.87,"","","","","","","","",""
397,Bordoloni,CGWB,18,Assam,284,DHEMAJI,DHEMAJI,DHEMAJI,Bordoloni,-,-,-,-,-,-,27.50000000,94.54444444,25-05-2014 00:00,8.3,252.4,"",40,52,109.29,20.5,"",0.99,"","","",96,28.8,5.87,19.8,"",1.2,"","","","","","","","",""
398,Bordoloni,CGWB,18,Assam,284,DHEMAJI,DHEMAJI,DHEMAJI,Bordoloni,-,-,-,-,-,-,27.50000000,94.54444444,25-05-2015 00:00,8.3,368.2,"",32,48,92.68,22,"",2.9,"","","",120,24,4.62,15.24,"",1.39,"","","","","","","","",""
399,Bordumsa,CGWB,18,Assam,302,TINSUKIA,MARGHERITA,MARGHERITA,Bordumsa,-,-,-,-,-,-,27.50000000,95.83333333,25-05-2010 00:00,8.7,184,"","",60,"","","",14.15,"","","",44,13.6,2.4,13.8,"",1.49,"","","","","","","","",""
400,Bordumsa,CGWB,18,Assam,302,TINSUKIA,MARGHERITA,MARGHERITA,Bordumsa,-,-,-,-,-,-,27.50000000,95.83333333,25-05-2013 00:00,8.2,164,"",0,60,49.2,"","",14.15,"","","",44,13.6,2.4,30.2,"",1.49,"","","","","","","","",""
401,Borgang,CGWB,18,Assam,301,SONITPUR,BISWANATH,BISWANATH,Borgang,-,-,-,-,-,-,26.84083333,93.29000000,25-05-2005 00:00,7.29,137,"",0,49,"","","",12,"","","",40,8,4.9,"","",6.15,"","","","","","","","",""
402,Borgang,CGWB,18,Assam,301,SONITPUR,BISWANATH,BISWANATH,Borgang,-,-,-,-,-,-,26.84083333,93.29000000,25-05-2006 00:00,7.4,181,"",0,37,"","","",5,"","","",50,12.6,4.44,"","",3.9,"","","","","","","","",""
403,Borgang,CGWB,18,Assam,301,SONITPUR,BISWANATH,BISWANATH,Borgang,-,-,-,-,-,-,26.84083333,93.29000000,25-05-2008 00:00,7.92,233,"",0,92,"","","",16,"","","",85,24,6,"","",3.6,"","","","","","","","",""
404,Borgang,CGWB,18,Assam,301,SONITPUR,BISWANATH,BISWANATH,Borgang,-,-,-,-,-,-,26.84083333,93.29000000,25-05-2009 00:00,8.21,44,"",0,43.05,35.3,"","",7,"","","",185,10,38.91,"","",0.14,"","","","","","","","",""
405,Borgang,CGWB,18,Assam,301,SONITPUR,BISWANATH,BISWANATH,Borgang,-,-,-,-,-,-,26.84083333,93.29000000,25-05-2016 00:00,7.8,92.25,44.87,0,35,35,17.5,"",4.6,"","","",25,4,3.6,5.86,"",6.34,"","","","","","","","",""
406,Borgolai,CGWB,18,Assam,302,TINSUKIA,MARGHERITA,MARGHERITA,Borgolai,-,-,-,-,-,-,27.29166667,95.62500000,25-05-2005 00:00,7.08,140,"",0,61,"","","",8,"","","",50,12,4.9,"","",0.14,"","","","","","","","",""
407,Borgolai,CGWB,18,Assam,302,TINSUKIA,MARGHERITA,MARGHERITA,Borgolai,-,-,-,-,-,-,27.29166667,95.62500000,25-05-2007 00:00,5.67,1155,"",0,207,"","","","","","","",70,22,3,"","",0.19,"","","","","","","","",""
408,Borgolai,CGWB,18,Assam,302,TINSUKIA,MARGHERITA,MARGHERITA,Borgolai,-,-,-,-,-,-,27.29166667,95.62500000,25-05-2009 00:00,8.02,78,"",0,30.75,25.2,"","",8,"","","",110,12,19.47,"","",2.3,"","","","","","","","",""
409,Borgolai,CGWB,18,Assam,302,TINSUKIA,MARGHERITA,MARGHERITA,Borgolai,-,-,-,-,-,-,27.29166667,95.62500000,25-05-2010 00:00,8.1,233,"",0,44,"","","",18.22,"","","",68,8,11.6,13.6,"",0.36,"","","","","","","","",""
410,Borgolai,CGWB,18,Assam,302,TINSUKIA,MARGHERITA,MARGHERITA,Borgolai,-,-,-,-,-,-,27.29166667,95.62500000,25-05-2012 00:00,8.2,658,"",0,30,24.6,"","",89.21,"","","",202,20.8,36.5,2.2,"",1.7,"","","","","","","","",""
411,Borgolai,CGWB,18,Assam,302,TINSUKIA,MARGHERITA,MARGHERITA,Borgolai,-,-,-,-,-,-,27.29166667,95.62500000,25-05-2013 00:00,8.1,223,"",0,44,36.1,"","",18.22,"","","",68,8,11.68,10.6,"",0.36,"","","","","","","","",""
412,Borgolai,CGWB,18,Assam,302,TINSUKIA,MARGHERITA,MARGHERITA,Borgolai,-,-,-,-,-,-,27.29166667,95.62500000,25-05-2014 00:00,6.3,940,"","",74,60.66,145.8,"",127.9,"","","",402,33.6,77.36,4,"","","","","","","","","","",""
413,Borgolai,CGWB,18,Assam,302,TINSUKIA,MARGHERITA,MARGHERITA,Borgolai,-,-,-,-,-,-,27.29166667,95.62500000,25-05-2016 00:00,4.5,570.3,300.2,0,10,10,42.54,"",59.52144,"","","",170,40,17,7.48,"",0.49,"","","","","","","","",""
414,Borgolai,CGWB,18,Assam,302,TINSUKIA,MARGHERITA,MARGHERITA,Borgolai,-,-,-,-,-,-,27.29166667,95.62500000,25-05-2017 00:00,6.21,434,286.44,"",10,10,56.72,"",70.3,"","","",135,36,10.92233,14.09,"",2.4,9.768,"","","","","","","",""
415,Borhapjan,CGWB,18,Assam,302,TINSUKIA,DOOM DOOMA,DOOM DOOMA,Borhapjan,-,-,-,-,-,-,27.53333333,95.48333333,25-05-2005 00:00,7.19,101,"",0,31,"","","",9,"","","",20,4,2.4,"","",0.8,"","","","","","","","",""
416,Borhapjan,CGWB,18,Assam,302,TINSUKIA,DOOM DOOMA,DOOM DOOMA,Borhapjan,-,-,-,-,-,-,27.53333333,95.48333333,25-05-2010 00:00,8.7,387,"",50,65,"","","",2.24,"","","",148,32.8,16,4.3,"",0.92,"","","","","","","","",""
417,Borhapjan,CGWB,18,Assam,302,TINSUKIA,DOOM DOOMA,DOOM DOOMA,Borhapjan,-,-,-,-,-,-,27.53333333,95.48333333,25-05-2013 00:00,8.7,347,"",50,65,136.6,"","",2.24,"","","",148,32.8,16,7.2,"",0.92,"","","","","","","","",""
418,Borjalinga,CGWB,18,Assam,282,CACHAR,SONAI,SONAI,Borjalinga,-,-,-,-,-,-,24.55833333,92.80000000,25-05-2006 00:00,4.5,"","","","","","","","","","","","","","","","",1.26,"","","","","","","","",""
419,Borjalinga,CGWB,18,Assam,282,CACHAR,SONAI,SONAI,Borjalinga,-,-,-,-,-,-,24.55833333,92.80000000,25-05-2007 00:00,7.83,134,"",0,48,"","","",2,"","","",65,8,11,"","",2.27,"","","","","","","","",""
420,Borjalinga,CGWB,18,Assam,282,CACHAR,SONAI,SONAI,Borjalinga,-,-,-,-,-,-,24.55833333,92.80000000,25-05-2009 00:00,8.06,76,"",0,110.7,90.7,"","",2,"","","",240,10,52.29,"","",7.98,"","","","","","","","",""
421,Borjalinga,CGWB,18,Assam,282,CACHAR,SONAI,SONAI,Borjalinga,-,-,-,-,-,-,24.55833333,92.80000000,25-05-2011 00:00,8.1,163,"",0,86.1,"","","","","","","",100,20,12.5,1,"","","","","","","","","","",""
422,Borjalinga,CGWB,18,Assam,282,CACHAR,SONAI,SONAI,Borjalinga,-,-,-,-,-,-,24.55833333,92.80000000,25-05-2012 00:00,8.1,163,"",0,86.1,70.6,"","","","","","",100,20,12.18,1,"","","","","","","","","","",""
423,Borjalinga,CGWB,18,Assam,282,CACHAR,SONAI,SONAI,Borjalinga,-,-,-,-,-,-,24.55833333,92.80000000,25-05-2014 00:00,8.3,91.1,"",8,40,46.12,51.1,"",5.2,"","","",108,39.2,2.48,2.13,"",0.87,"","","","","","","","",""
424,Borjalinga,CGWB,18,Assam,282,CACHAR,SONAI,SONAI,Borjalinga,-,-,-,-,-,-,24.55833333,92.80000000,25-05-2015 00:00,7.5,112.1,"","",84,68.85,88,"",2.4,"","","",88,19.2,9.75,32.04,"",2.73,"","","","","","","","",""
425,Borjalinga,CGWB,18,Assam,282,CACHAR,SONAI,SONAI,Borjalinga,-,-,-,-,-,-,24.55833333,92.80000000,25-05-2016 00:00,8.3,278.1,144.2,30,75,105,20,"",7.1,"","","",125,44,3.6,12.08,"",2.05,"","","","","","","","",""
426,Borjalinga,CGWB,18,Assam,282,CACHAR,SONAI,SONAI,Borjalinga,-,-,-,-,-,-,24.55833333,92.80000000,25-05-2017 00:00,6.62,103,67.98,"",30,30,14.18,"",1.988875,"","","",35,8,3.6407766,1.32,"",2.56,"","","","","","","","",""
427,Borjalinga,CGWB,18,Assam,282,CACHAR,SONAI,SONAI,Borjalinga,-,-,-,-,-,-,24.55833333,92.80000000,25-05-2018 00:00,7.105,460.4,245.8,0,140.112,140.112,67.355,"",4.5789,"",0,"",145,30.024,16.975729,21.6,"",0.1962,0,"","","","","","","",""
428,Borjalinga,CGWB,18,Assam,282,CACHAR,SONAI,SONAI,Borjalinga,-,-,-,-,-,-,24.55833333,92.80000000,30-05-2021 08:00,7.85,741,481.65,0,323.3,"",29.69917,"",26,0.3,"","",250,70,18.24,65,"","","","","","","","","","",""
429,Borjan,CGWB,18,Assam,292,KARBI ANGLONG,DIPHU,DIPHU,Borjan,-,-,-,-,-,-,26.01305556,93.40055556,25-05-2005 00:00,6.85,145,"",0,37,"","","",10,"","","",35,10,2.4,"","",2.69,"","","","","","","","",""
430,Borjan,CGWB,18,Assam,292,KARBI ANGLONG,DIPHU,DIPHU,Borjan,-,-,-,-,-,-,26.01305556,93.40055556,25-05-2006 00:00,6.9,165,"",0,18,"","","",3,"","","",45,8,3.6,"","","","","","","","","","","",""
431,Borjan,CGWB,18,Assam,292,KARBI ANGLONG,DIPHU,DIPHU,Borjan,-,-,-,-,-,-,26.01305556,93.40055556,25-05-2007 00:00,7.7,584,"",0,122,"","","",12,"","","",210,38,27,"","",0.05,"","","","","","","","",""
432,Borjan,CGWB,18,Assam,292,KARBI ANGLONG,DIPHU,DIPHU,Borjan,-,-,-,-,-,-,26.01305556,93.40055556,25-05-2008 00:00,7.7,584,"",0,122,"","","",12,"","","",210,38,27,"","",0.05,"","","","","","","","",""
433,Borkhola,CGWB,18,Assam,282,CACHAR,KATIGORA,KATIGORA,Borkhola,-,-,-,-,-,-,24.93888889,92.74166667,25-05-2006 00:00,6.7,190,"",0,85,"","","",8,"","","",80,28,2.4,"","",1.1,"","","","","","","","",""
434,Borkhola,CGWB,18,Assam,282,CACHAR,KATIGORA,KATIGORA,Borkhola,-,-,-,-,-,-,24.93888889,92.74166667,25-05-2009 00:00,8.48,208,"",9,116.85,110.8,"","",15,"","","",150,10,30.4,"","",2.85,"","","","","","","","",""
435,Borkhola,CGWB,18,Assam,282,CACHAR,KATIGORA,KATIGORA,Borkhola,-,-,-,-,-,-,24.93888889,92.74166667,25-05-2014 00:00,7.56,80.2,"","",40,32.79,42,"",14.6,"","","",56,6.4,9.73,19.8,"",0.21,"","","","","","","","",""
436,Borkhola,CGWB,18,Assam,282,CACHAR,KATIGORA,KATIGORA,Borkhola,-,-,-,-,-,-,24.93888889,92.74166667,25-05-2015 00:00,7.7,246.9,"","",96,78.69,120,"",13.2,"","","",64,24,1,52.33,"",8.92,"","","","","","","","",""
437,Borkhola,CGWB,18,Assam,282,CACHAR,KATIGORA,KATIGORA,Borkhola,-,-,-,-,-,-,24.93888889,92.74166667,25-05-2016 00:00,6.9,220.5,113.1,0,50,50,27,"",2.6,"","","",35,12,1.2,20.01,"",3.42,"","","","","","","","",""
438,Borkhola,CGWB,18,Assam,282,CACHAR,KATIGORA,KATIGORA,Borkhola,-,-,-,-,-,-,24.93888889,92.74166667,25-05-2017 00:00,6.98,249.8,164.87,"",70,70,31.91,"",9.450172,"","","",60,16,4.8543687,14.77,"",2.96,"","","","","","","","",""
439,Borkhola,CGWB,18,Assam,282,CACHAR,KATIGORA,KATIGORA,Borkhola,-,-,-,-,-,-,24.93888889,92.74166667,25-05-2018 00:00,6.582,610.7,317.4,0,85.068,85.068,134.71,"",4.2325,"",0,"",155,26.0208,21.832039,32.74,"",0.0399,0,"","","","","","","",""
440,Borkhola,CGWB,18,Assam,282,CACHAR,KATIGORA,KATIGORA,Borkhola,-,-,-,-,-,-,24.93888889,92.74166667,30-05-2021 08:00,7.79,500,"",0,157,"",56,"",16,"","","",202,38,26,20.66,"","","","","","","","","","",""
441,Borobazar,CGWB,18,Assam,294,KOKRAJHAR,BIJNI,BIJNI,Borobazar,-,-,-,-,-,-,26.60000000,90.68000000,25-05-2015 00:00,7.5,220,"","",24,19.67,47.8,"",2,"","","",100,24,9.75,1.5,"",0.5,"","","","","","","","",""
442,Bortorani,CGWB,18,Assam,302,TINSUKIA,DOOM DOOMA,DOOM DOOMA,Bortorani,-,-,-,-,-,-,27.52250000,95.47138889,25-05-2005 00:00,7.15,120,"",0,43,"","","",4,"","","",30,8,2.4,"","",3.02,"","","","","","","","",""
443,Bortorani,CGWB,18,Assam,302,TINSUKIA,DOOM DOOMA,DOOM DOOMA,Bortorani,-,-,-,-,-,-,27.52250000,95.47138889,25-05-2007 00:00,7.72,442,"",0,122,"","","",4,"","","",95,30,4.8,"","",0.7,"","","","","","","","",""
444,Bortorani,CGWB,18,Assam,302,TINSUKIA,DOOM DOOMA,DOOM DOOMA,Bortorani,-,-,-,-,-,-,27.52250000,95.47138889,25-05-2008 00:00,7.72,442,"",0,122,"","","",4,"","","",95,30,4.8,"","",0.7,"","","","","","","","",""
445,Burakhai,CGWB,18,Assam,289,HAILAKANDI,-,-,-,-,-,-,-,-,-,24.62917000,92.67472000,30-05-2021 08:00,7.66,811,527.15,0,356.301,"",47.02368,"",13,0.11,"","",260,60,26.752,70,"","","","","","","","","","",""
446,Buroighat,CGWB,18,Assam,705,Biswanath,-,-,-,-,-,-,-,-,-,26.86778000,93.41639000,30-05-2019 08:00,8.08,122.5,"",0,61.0488,"",17.725,"","","","","",55,10.008,7.276699,12.53,"","","","","","","","","","",""
447,Buroighat,CGWB,18,Assam,705,Biswanath,-,-,-,-,-,-,-,-,-,26.86778000,93.41639000,30-05-2020 08:00,8.08,122.5,"","",61.0488,"",17.725,"","","","","","",10.008,7.276699,12.53,"","","","","","","","","","",""
448,Chabua,CGWB,18,Assam,286,DIBRUGARH,DIBRUGARH EAST,DIBRUGARH EAST,Chabua,-,-,-,-,-,-,27.48750000,95.19166667,25-05-2005 00:00,7.29,110,"",0,49,"","","",4,"","","",40,10,3.6,"","",0.45,"","","","","","","","",""
449,Chabua,CGWB,18,Assam,286,DIBRUGARH,DIBRUGARH EAST,DIBRUGARH EAST,Chabua,-,-,-,-,-,-,27.48750000,95.19166667,25-05-2007 00:00,7.95,429,"",0,213.5,"","","",4,"","","",190,56,12.1,"","",0.1,"","","","","","","","",""
450,Chabua,CGWB,18,Assam,286,DIBRUGARH,DIBRUGARH EAST,DIBRUGARH EAST,Chabua,-,-,-,-,-,-,27.48750000,95.19166667,25-05-2008 00:00,7.95,429,"",0,213.5,"","","",4,"","","",190,56,12.1,"","",0.1,"","","","","","","","",""
451,Chabua,CGWB,18,Assam,286,DIBRUGARH,DIBRUGARH EAST,DIBRUGARH EAST,Chabua,-,-,-,-,-,-,27.48750000,95.19166667,25-05-2010 00:00,8.1,930,"",0,40,"","","",1.62,"","","",44,6.4,6.7,8.17,"",1.44,"","","","","","","","",""
452,Chabua,CGWB,18,Assam,286,DIBRUGARH,DIBRUGARH EAST,DIBRUGARH EAST,Chabua,-,-,-,-,-,-,27.48750000,95.19166667,25-05-2014 00:00,8.4,142.3,"",40,92,142.08,28,"",15.6,"","","",140,40,9.77,19.5,"","","","","","","","","","",""
453,Chabua,CGWB,18,Assam,286,DIBRUGARH,DIBRUGARH EAST,DIBRUGARH EAST,Chabua,-,-,-,-,-,-,27.48750000,95.19166667,25-05-2016 00:00,8.3,315.3,160.7,50,100,150,10,"",22.8,"","","",150,44,9.7,19.02,"",0,"","","","","","","","",""
454,Chabua,CGWB,18,Assam,286,DIBRUGARH,DIBRUGARH EAST,DIBRUGARH EAST,Chabua,-,-,-,-,-,-,27.48750000,95.19166667,25-05-2017 00:00,7.31,106.1,70.03,"",35,35,10.64,"",6.9,"","","",30,6,3.6407766,10.27,"",0.08,"","","","","","","","",""
455,Chalantapara,CGWB,18,Assam,281,BONGAIGAON,SRIJANGRAM,SRIJANGRAM,Chalantapara,-,-,-,-,-,-,26.26666667,90.59166667,25-05-2005 00:00,7.5,180,"",0,67,"","","",3,"","","",65,18,4.9,"","",0.75,"","","","","","","","",""
456,Chalantapara,CGWB,18,Assam,281,BONGAIGAON,SRIJANGRAM,SRIJANGRAM,Chalantapara,-,-,-,-,-,-,26.26666667,90.59166667,25-05-2007 00:00,7.97,225,"",0,91,"","","",11,"","","",95,21,11,"","",0.16,"","","","","","","","",""
457,Chalantapara,CGWB,18,Assam,281,BONGAIGAON,SRIJANGRAM,SRIJANGRAM,Chalantapara,-,-,-,-,-,-,26.26666667,90.59166667,25-05-2010 00:00,8.1,128,"",0,92,"","","",1.77,"","","",73,25.6,2.18,8.61,"",2.37,"","","","","","","","",""
458,Chalantapara,CGWB,18,Assam,281,BONGAIGAON,SRIJANGRAM,SRIJANGRAM,Chalantapara,-,-,-,-,-,-,26.26666667,90.59166667,25-05-2013 00:00,8.1,108,"",0,92,75.4,"","",1.77,"","","",73,25.6,2.22,25,"",2.37,"","","","","","","","",""
459,Chalantapara,CGWB,18,Assam,281,BONGAIGAON,SRIJANGRAM,SRIJANGRAM,Chalantapara,-,-,-,-,-,-,26.26666667,90.59166667,25-05-2015 00:00,7.72,88.4,"","",40,32.79,50,"",2.9,"","","",80,12.8,11.69,13.9,"",0.21,"","","","","","","","",""
460,Chalantapara,CGWB,18,Assam,281,BONGAIGAON,SRIJANGRAM,SRIJANGRAM,Chalantapara,-,-,-,-,-,-,26.26666667,90.59166667,25-05-2016 00:00,7.3,142.2,78.05,0,45,45,17.725,"",10.678314,"","","",50,8,7.3,11.88,"",0.74,"","","","","","","","",""
461,Chalantapara,CGWB,18,Assam,281,BONGAIGAON,SRIJANGRAM,SRIJANGRAM,Chalantapara,-,-,-,-,-,-,26.26666667,90.59166667,30-05-2021 08:00,7.84,604,"",0,118.34,"",61.55,"",32.56,"","","",147,33.2,15.4,36.04,"","","","","","","","","","",""
462,Chamuapara,CGWB,18,Assam,283,DARRANG,Pachim-Mangaldoi,Pachim-Mangaldoi,Chamuapara,-,-,-,-,-,-,26.48333333,92.00166667,25-05-2006 00:00,7.44,172,"",0,73,"","","",11,"","","",50,14,3.6,"","",1.38,"","","","","","","","",""
463,Chamuapara,CGWB,18,Assam,283,DARRANG,Pachim-Mangaldoi,Pachim-Mangaldoi,Chamuapara,-,-,-,-,-,-,26.48333333,92.00166667,25-05-2007 00:00,8.07,800,"",0,311,"","","",14,"","","",155,42,12,"","",0.65,"","","","","","","","",""
464,Chamuapara,CGWB,18,Assam,283,DARRANG,Pachim-Mangaldoi,Pachim-Mangaldoi,Chamuapara,-,-,-,-,-,-,26.48333333,92.00166667,25-05-2008 00:00,8.22,535,"",0,152.5,"","","",26,"","","",145,42,9.72,"","",2.42,"","","","","","","","",""
465,Chamuapara,CGWB,18,Assam,283,DARRANG,Pachim-Mangaldoi,Pachim-Mangaldoi,Chamuapara,-,-,-,-,-,-,26.48333333,92.00166667,25-05-2014 00:00,8.6,360,"",88,128,251.58,21.8,"",1,"","","",220,36.8,31.17,23,"",0.65,"","","","","","","","",""
466,Chamuapara,CGWB,18,Assam,283,DARRANG,Pachim-Mangaldoi,Pachim-Mangaldoi,Chamuapara,-,-,-,-,-,-,26.48333333,92.00166667,25-05-2016 00:00,6.6,1187,681.1,0,35,35,217.4,"",3.1,"","","",70,16,7.3,92.21,"",14.83,"","","","","","","","",""
467,Chandrapur,CGWB,18,Assam,291,KAMRUP,DISPUR,DISPUR,Chandrapur,-,-,-,-,-,-,26.19222222,91.94166667,25-05-2005 00:00,7.33,610,"",0,214,"","","",30,"","","",220,48,24,"","",0.92,"","","","","","","","",""
468,Chandrapur,CGWB,18,Assam,291,KAMRUP,DISPUR,DISPUR,Chandrapur,-,-,-,-,-,-,26.19222222,91.94166667,25-05-2006 00:00,7.42,381,"",0,134,"","","",22,"","","",110,30,8.1,"","",0.06,"","","","","","","","",""
469,Chandrapur,CGWB,18,Assam,291,KAMRUP,DISPUR,DISPUR,Chandrapur,-,-,-,-,-,-,26.19222222,91.94166667,25-05-2008 00:00,8.03,320,"",0,92.25,"","","",17,"","","",100,20,12.2,"","","","","","","","","","","",""
470,Chandrapur,CGWB,18,Assam,291,KAMRUP,DISPUR,DISPUR,Chandrapur,-,-,-,-,-,-,26.19222222,91.94166667,25-05-2016 00:00,7.6,1005,515.9,0,150,150,159.525,"",12.803353,"","","",250,46,32.8,56.16,"","","","","","","","","","",""
471,Chandrapur,CGWB,18,Assam,291,KAMRUP,DISPUR,DISPUR,Chandrapur,-,-,-,-,-,-,26.19222222,91.94166667,25-05-2018 00:00,6.566,101.1,56.63,0,35.028,35.028,24.815,"",13.5797,"",0,"",55,12.0096,6.0621357,6.56,"",2.4146,0,"","","","","","","",""
472,Chapar,CGWB,18,Assam,285,DHUBRI,CHAPAR,CHAPAR,Chapar,-,-,-,-,-,-,26.27166667,90.46000000,25-05-2005 00:00,7.8,370,"",0,153,"","","",18,"","","",120,26,13,"","",0.38,"","","","","","","","",""
473,Chapar,CGWB,18,Assam,285,DHUBRI,CHAPAR,CHAPAR,Chapar,-,-,-,-,-,-,26.27166667,90.46000000,25-05-2006 00:00,7.52,361,"",0,153,"","","",10,"","","",105,38,2.4,"","",0.17,"","","","","","","","",""
474,Chapar,CGWB,18,Assam,285,DHUBRI,CHAPAR,CHAPAR,Chapar,-,-,-,-,-,-,26.27166667,90.46000000,25-05-2007 00:00,7.01,206,"",0,55,"","","",4,"","","",45,16,1.2,"","",0.89,"","","","","","","","",""
475,Chapar,CGWB,18,Assam,285,DHUBRI,CHAPAR,CHAPAR,Chapar,-,-,-,-,-,-,26.27166667,90.46000000,25-05-2014 00:00,8.7,372,"",48,104,165.25,27.8,"",11.5,"","","",156,52.8,5.9,28.6,"","","","","","","","","","",""
476,Chapar,CGWB,18,Assam,285,DHUBRI,CHAPAR,CHAPAR,Chapar,-,-,-,-,-,-,26.27166667,90.46000000,25-05-2015 00:00,7.3,208.6,"","",40,32.79,94,"",19.3,"","","",60,17.6,3.91,54.79,"",2.84,"","","","","","","","",""
477,Chapar,CGWB,18,Assam,285,DHUBRI,CHAPAR,CHAPAR,Chapar,-,-,-,-,-,-,26.27166667,90.46000000,25-05-2016 00:00,7.8,193.4,102.6,0,65,65,25,"",3.3,"","","",80,18,8.5,7.7,"",0.14,"","","","","","","","",""
478,Chapar,CGWB,18,Assam,285,DHUBRI,CHAPAR,CHAPAR,Chapar,-,-,-,-,-,-,26.27166667,90.46000000,25-05-2018 00:00,6.828,217.4,111.6,0,65.052,65.052,24.815,"",6.3248,"",0,"",70,20.016,4.8446603,11.27,"",0.0725,0,"","","","","","","",""
479,Chapar,CGWB,18,Assam,285,DHUBRI,CHAPAR,CHAPAR,Chapar,-,-,-,-,-,-,26.27166667,90.46000000,30-05-2019 08:00,7.31,637.6,"",0,286.92935,"",159.525,"","","","","",230,22.0176,42.46505,56.18,"","","","","","","","","","",""
480,Chapar,CGWB,18,Assam,285,DHUBRI,CHAPAR,CHAPAR,Chapar,-,-,-,-,-,-,26.27166667,90.46000000,30-05-2020 08:00,7.31,637.6,"","",286.92935,"",159.525,"","","","","","",22.0176,42.46505,56.18,"","","","","","","","","","",""
481,Chapar,CGWB,18,Assam,285,DHUBRI,CHAPAR,CHAPAR,Chapar,-,-,-,-,-,-,26.27166667,90.46000000,30-05-2021 08:00,7.99,319,"",0,59.78,"",22.848,"",11.23,"","","",78,17.6,8.2,13.26,"","","","","","","","","","",""
482,Chaprakata,CGWB,18,Assam,281,BONGAIGAON,SRIJANGRAM,SRIJANGRAM,Chaprakata,-,-,-,-,-,-,26.30694444,90.65416667,25-05-2005 00:00,7.6,310,"",0,116,"","","",7,"","","",90,22,8.5,"","",0.17,"","","","","","","","",""
483,Chaprakata,CGWB,18,Assam,281,BONGAIGAON,SRIJANGRAM,SRIJANGRAM,Chaprakata,-,-,-,-,-,-,26.30694444,90.65416667,25-05-2006 00:00,7.41,461,"",0,226,"","","",9,"","","",135,46,4.7,"","",0.2,"","","","","","","","",""
484,Chaprakata,CGWB,18,Assam,281,BONGAIGAON,SRIJANGRAM,SRIJANGRAM,Chaprakata,-,-,-,-,-,-,26.30694444,90.65416667,25-05-2007 00:00,7.29,125,"",0,67,"","","",4,"","","",55,16,3.6,"","",0.6,"","","","","","","","",""
485,Chaprakata,CGWB,18,Assam,281,BONGAIGAON,SRIJANGRAM,SRIJANGRAM,Chaprakata,-,-,-,-,-,-,26.30694444,90.65416667,25-05-2010 00:00,8.3,430,"",32,176,"","","",6,"","","",190,43.2,19.9,4.53,"","","","","","","","","","",""
486,Chaprakata,CGWB,18,Assam,281,BONGAIGAON,SRIJANGRAM,SRIJANGRAM,Chaprakata,-,-,-,-,-,-,26.30694444,90.65416667,25-05-2013 00:00,8.3,340,"",32,176,197.6,"","",6,"","","",200,43,22.54,4.5,"","","","","","","","","","",""
487,Chaprakata,CGWB,18,Assam,281,BONGAIGAON,SRIJANGRAM,SRIJANGRAM,Chaprakata,-,-,-,-,-,-,26.30694444,90.65416667,25-05-2015 00:00,8.3,102.4,"",24,88,112.13,24,"",5.2,"","","",156,14.4,29.19,5.03,"",0.35,"","","","","","","","",""
488,Chaprakata,CGWB,18,Assam,281,BONGAIGAON,SRIJANGRAM,SRIJANGRAM,Chaprakata,-,-,-,-,-,-,26.30694444,90.65416667,25-05-2016 00:00,8.3,387.4,205.9,20,160,180,21.27,"",3.9816673,"","","",195,42,21.8,5.09,"",0.49,"","","","","","","","",""
489,Chaprakata,CGWB,18,Assam,281,BONGAIGAON,SRIJANGRAM,SRIJANGRAM,Chaprakata,-,-,-,-,-,-,26.30694444,90.65416667,25-05-2018 00:00,8.39,513.8,266.6,80,150.184,230.184,24.815,"",2.7327,"",0,"",220,48.0384,24.248543,18.46,"",0.0696,0,"","","","","","","",""
490,Chaprakata (Dankinamari),CGWB,18,Assam,281,BONGAIGAON,-,-,-,-,-,-,-,-,-,26.48722000,90.63333000,30-05-2021 08:00,8.07,777,"",0,292.8,"",71,"",38.4,0,"","",260,28,46.208,71,"","","","","","","","","","",""
491,Charaimari,CGWB,18,Assam,616,Baksa,-,-,-,-,-,-,-,-,-,26.67700000,91.29400000,30-05-2019 08:00,7.31,270.8,"",0,115.99272,"",53.175,"","","","","",80,22.0176,6.0572815,38.44,"","","","","","","","","","",""
492,Charaimari,CGWB,18,Assam,616,Baksa,-,-,-,-,-,-,-,-,-,26.67700000,91.29400000,30-05-2020 08:00,7.31,270.8,"","",115.99272,"",53.175,"","","","","","",22.0176,6.0572815,38.44,"","","","","","","","","","",""
493,Charduar,CGWB,18,Assam,301,SONITPUR,CHARIDUAR,CHARIDUAR,Charduar,-,-,-,-,-,-,26.86666667,92.77500000,25-05-2005 00:00,7.48,160,"",0,79,"","","",17,"","","",75,26,2.4,"","",0.39,"","","","","","","","",""
494,Charduar,CGWB,18,Assam,301,SONITPUR,CHARIDUAR,CHARIDUAR,Charduar,-,-,-,-,-,-,26.86666667,92.77500000,25-05-2006 00:00,6.91,236,"",0,116,"","","",11,"","","",90,14.7,12.78,"","",0.41,"","","","","","","","",""
495,Charduar,CGWB,18,Assam,301,SONITPUR,CHARIDUAR,CHARIDUAR,Charduar,-,-,-,-,-,-,26.86666667,92.77500000,25-05-2008 00:00,7.98,478,"",0,85,"","","",23,"","","",175,32,23,"","",0.34,"","","","","","","","",""
496,Charduar,CGWB,18,Assam,301,SONITPUR,CHARIDUAR,CHARIDUAR,Charduar,-,-,-,-,-,-,26.86666667,92.77500000,25-05-2009 00:00,8.44,238,"",6,104.55,95.7,"","",34,"","","",190,32,26.78,"","",0.36,"","","","","","","","",""
497,Charduar,CGWB,18,Assam,301,SONITPUR,CHARIDUAR,CHARIDUAR,Charduar,-,-,-,-,-,-,26.86666667,92.77500000,25-05-2014 00:00,8.4,301.4,"",8,84,82.19,139.8,"",31.07,"","","",300,64,34.12,5.1,"",0.06,"","","","","","","","",""
498,Charduar,CGWB,18,Assam,301,SONITPUR,CHARIDUAR,CHARIDUAR,Charduar,-,-,-,-,-,-,26.86666667,92.77500000,25-05-2015 00:00,8.32,525.1,"",48,72,139.02,90,"",48,"","","",168,41.6,15.61,44.34,"",0.01,"","","","","","","","",""
499,Charduar,CGWB,18,Assam,301,SONITPUR,CHARIDUAR,CHARIDUAR,Charduar,-,-,-,-,-,-,26.86666667,92.77500000,25-05-2016 00:00,8.1,534.9,268.8,0,90,90,42.5,"",11.9,"","","",120,32,9.7,18.49,"",0.04,"","","","","","","","",""
500,Charduar,CGWB,18,Assam,301,SONITPUR,CHARIDUAR,CHARIDUAR,Charduar,-,-,-,-,-,-,26.86666667,92.77500000,25-05-2017 00:00,7.98,565.2,373.03,"",140,140,53.18,"",19.323254,"","","",180,22,30.339806,20.94,"",0.12,"","","","","","","","",""
501,Chenga,CGWB,18,Assam,280,BARPETA,BAGHBOR,BAGHBOR,Chenga,-,-,-,-,-,-,26.29166667,91.14166667,25-05-2007 00:00,5.6,248,"",0,153,125.4,"","","","","","",120,28,12.19,"","",6.9,"","","","","","","","",""
502,Chhaygaon,CGWB,18,Assam,618,Kamrup Metropolitan,-,-,-,-,-,-,-,-,-,26.04111000,91.35972000,30-05-2021 08:00,8.2,380,"",0,308.4,"",7.2,"",22.3,"","","",224,37.57,31.6,17.9,"","","","","","","","","","",""
503,Chorgula,CGWB,18,Assam,293,KARIMGANJ,North Karimganj,North Karimganj,Chorgula,-,-,-,-,-,-,24.84583333,92.42500000,25-05-2007 00:00,7.7,121,"",0,36,"","","",10,"","","",40,12,2,"","",1.68,"","","","","","","","",""
504,Dabarapara charali,CGWB,18,Assam,290,JORHAT,JORHAT EAST,JORHAT EAST,Dabarapara charali,-,-,-,-,-,-,26.66666667,94.34166667,25-05-2007 00:00,8.16,806,"",0,195,"","","",55,"","","",230,60,19,"","",0.08,"","","","","","","","",""
505,Dabarapara charali,CGWB,18,Assam,290,JORHAT,JORHAT EAST,JORHAT EAST,Dabarapara charali,-,-,-,-,-,-,26.66666667,94.34166667,25-05-2008 00:00,8.16,806,"",0,195,"","","",55,"","","",230,60,19,"","",0.08,"","","","","","","","",""
506,Dabarapara charali,CGWB,18,Assam,290,JORHAT,JORHAT EAST,JORHAT EAST,Dabarapara charali,-,-,-,-,-,-,26.66666667,94.34166667,25-05-2014 00:00,8.4,388,"",16,104,111.91,76,"",1.3,"","","",132,36.8,9.77,28.9,"",4.3,"","","","","","","","",""
507,Dabarapara charali,CGWB,18,Assam,290,JORHAT,JORHAT EAST,JORHAT EAST,Dabarapara charali,-,-,-,-,-,-,26.66666667,94.34166667,25-05-2015 00:00,7.95,296,"","",104,85.25,38,"",38.6,"","","",68,16,6.83,41.97,"",8.05,"","","","","","","","",""
508,Dabarapara charali,CGWB,18,Assam,290,JORHAT,JORHAT EAST,JORHAT EAST,Dabarapara charali,-,-,-,-,-,-,26.66666667,94.34166667,25-05-2016 00:00,7.6,511.9,255.7,0,80,80,46.085,"",6.2380133,"","","",45,16,1.2,34.49,"","","","","","","","","","",""
509,Dabarapara charali,CGWB,18,Assam,290,JORHAT,JORHAT EAST,JORHAT EAST,Dabarapara charali,-,-,-,-,-,-,26.66666667,94.34166667,25-05-2018 00:00,7.09,351.3,203.2,0,35.028,35.028,38.995,"",33.183,"",0,"",130,20.016,19.407766,3.04,"",0.6264,0,"","","","","","","",""
510,Dalapani,CGWB,18,Assam,297,NAGAON,-,-,-,-,-,-,-,-,-,26.56694000,92.86222200,30-05-2019 08:00,8.32,434.1,"",36,164.89032,"",49.63,"","","","","",190,56.0448,12.108738,40.03,"","","","","","","","","","",""
511,Dalapani,CGWB,18,Assam,297,NAGAON,-,-,-,-,-,-,-,-,-,26.56694000,92.86222200,30-05-2020 08:00,8.32,434.1,"","",164.89032,"",49.63,"","","","","","",56.0448,12.108738,40.03,"","","","","","","","","","",""
512,Dalapani,CGWB,18,Assam,297,NAGAON,-,-,-,-,-,-,-,-,-,26.56694000,92.86222200,30-05-2021 08:00,8.21,663,"",0,317.2,"",56.8,"",0,0,"","",290,72,26.752,28,"","","","","","","","","","",""
513,Dalgaon,CGWB,18,Assam,283,DARRANG,Chapar-Salkocha,Chapar-Salkocha,Dalgaon,-,-,-,-,-,-,26.55083333,92.20833333,25-05-2005 00:00,7.71,444,"",0,171,"","","",15,"","","",100,26,8.5,"","",0.74,"","","","","","","","",""
514,Dalgaon,CGWB,18,Assam,283,DARRANG,Chapar-Salkocha,Chapar-Salkocha,Dalgaon,-,-,-,-,-,-,26.55083333,92.20833333,25-05-2006 00:00,7.46,281,"",0,122,"","","",5,"","","",80,28,2.4,"","",0.2,"","","","","","","","",""
515,Dalgaon,CGWB,18,Assam,283,DARRANG,Chapar-Salkocha,Chapar-Salkocha,Dalgaon,-,-,-,-,-,-,26.55083333,92.20833333,25-05-2007 00:00,8.02,250,"",0,91.5,"","","",3,"","","",45,16,2,"","",3.61,"","","","","","","","",""
516,Dalgaon,CGWB,18,Assam,283,DARRANG,Chapar-Salkocha,Chapar-Salkocha,Dalgaon,-,-,-,-,-,-,26.55083333,92.20833333,25-05-2008 00:00,8.02,250,"",0,91.5,"","","",3,"","","",45,16,2,"","",3.61,"","","","","","","","",""
517,Dalgaon,CGWB,18,Assam,283,DARRANG,Chapar-Salkocha,Chapar-Salkocha,Dalgaon,-,-,-,-,-,-,26.55083333,92.20833333,25-05-2014 00:00,8.5,221,"",16,80,92.24,23.8,"",5.1,"","","",112,44.8,0.05,7.2,"",5.6,"","","","","","","","",""
518,Dalgaon,CGWB,18,Assam,283,DARRANG,Chapar-Salkocha,Chapar-Salkocha,Dalgaon,-,-,-,-,-,-,26.55083333,92.20833333,25-05-2015 00:00,8.35,122.4,"",16,72,85.68,52,"",8.7,"","","",56,22.3,0.09,40.58,"",0.18,"","","","","","","","",""
519,Dalgaon,CGWB,18,Assam,283,DARRANG,Chapar-Salkocha,Chapar-Salkocha,Dalgaon,-,-,-,-,-,-,26.55083333,92.20833333,25-05-2016 00:00,8.3,534.9,278,20,235,255,21.27,"",1.3058655,"","","",200,46,20.6,24.06,"",3.63,"","","","","","","","",""
520,Dalgaon,CGWB,18,Assam,283,DARRANG,Chapar-Salkocha,Chapar-Salkocha,Dalgaon,-,-,-,-,-,-,26.55083333,92.20833333,25-05-2018 00:00,7.352,551.8,286.1,0,205.164,205.164,31.905,"",2.9688,"",0,"",175,56.0448,8.467961,17.33,"",2.541,0,"","","","","","","",""
521,Damra,CGWB,18,Assam,287,GOALPARA,DUDHNOI,DUDHNOI,Damra,-,-,-,-,-,-,25.93055556,90.77694444,25-05-2005 00:00,7.3,182,"",0,85,"","","",11,"","","",80,26,3.6,"","",1.01,"","","","","","","","",""
522,Damra,CGWB,18,Assam,287,GOALPARA,DUDHNOI,DUDHNOI,Damra,-,-,-,-,-,-,25.93055556,90.77694444,25-05-2006 00:00,6.96,113,"",0,49,"","","",8,"","","",35,12,1.2,"","",0.89,"","","","","","","","",""
523,Damra,CGWB,18,Assam,287,GOALPARA,DUDHNOI,DUDHNOI,Damra,-,-,-,-,-,-,25.93055556,90.77694444,25-05-2007 00:00,7.42,108,"",0,54,"","","",6,"","","",50,14,3,"","",0.36,"","","","","","","","",""
524,Damra,CGWB,18,Assam,287,GOALPARA,DUDHNOI,DUDHNOI,Damra,-,-,-,-,-,-,25.93055556,90.77694444,25-05-2008 00:00,7.97,145,"",0,48,"","","",1,"","","",75,18,7.2,"","",0.25,"","","","","","","","",""
525,Damra,CGWB,18,Assam,287,GOALPARA,DUDHNOI,DUDHNOI,Damra,-,-,-,-,-,-,25.93055556,90.77694444,25-05-2014 00:00,8.3,117,"",16,44,62.73,19.9,"",4.12,"","","",80,17.6,8.77,5.53,"",0.82,"","","","","","","","",""
526,Damra,CGWB,18,Assam,287,GOALPARA,DUDHNOI,DUDHNOI,Damra,-,-,-,-,-,-,25.93055556,90.77694444,25-05-2015 00:00,8.32,96.15,"",24,64,92.46,16,"",3.8,"","","",88,19.2,9.75,8.07,"",0.22,"","","","","","","","",""
527,Damra,CGWB,18,Assam,287,GOALPARA,DUDHNOI,DUDHNOI,Damra,-,-,-,-,-,-,25.93055556,90.77694444,25-05-2018 00:00,6.466,372.5,196.3,0,50.04,50.04,95.715,"",25.0654,"",0,"",75,16.0128,8.487379,36.93,"",0.1096,0,"","","","","","","",""
528,Daponibari N,CGWB,18,Assam,296,MARIGAON,-,-,-,-,-,-,-,-,-,26.08380000,92.22270000,30-05-2021 08:00,7.9,970,"",0,153,"",177,"",44,"","","",350,68,44,57,"","","","","","","","","","",""
529,Darkuchi,CGWB,18,Assam,291,KAMRUP,RANGIA,RANGIA,Darkuchi,-,-,-,-,-,-,26.50833333,91.60000000,25-05-2006 00:00,7.23,264,"",0,67,"","","",13,"","","",40,14,3.6,"","",8.5,"","","","","","","","",""
530,Darkuchi,CGWB,18,Assam,291,KAMRUP,RANGIA,RANGIA,Darkuchi,-,-,-,-,-,-,26.50833333,91.60000000,25-05-2014 00:00,8.4,189,"",24,56,85.9,19.9,"",8.4,"","","",56,16,3.91,11.6,"",0.85,"","","","","","","","",""
531,Darkuchi,CGWB,18,Assam,291,KAMRUP,RANGIA,RANGIA,Darkuchi,-,-,-,-,-,-,26.50833333,91.60000000,25-05-2015 00:00,8.37,142.8,"",16,64,79.13,34,"",22.1,"","","",76,16,8.77,12.78,"",0.75,"","","","","","","","",""
532,Darkuchi,CGWB,18,Assam,291,KAMRUP,RANGIA,RANGIA,Darkuchi,-,-,-,-,-,-,26.50833333,91.60000000,25-05-2016 00:00,8.3,194.2,104.6,10,55,65,22.5,"",8.5,"","","",75,4,15.8,5.3,"",4.62,"","","","","","","","",""
533,Darkuchi,CGWB,18,Assam,291,KAMRUP,RANGIA,RANGIA,Darkuchi,-,-,-,-,-,-,26.50833333,91.60000000,25-05-2018 00:00,6.891,237.4,126.3,0,75.06,75.06,28.36,"",2.8913,"",0,"",55,8.0064,8.491262,15.56,"",0.437,0,"","","","","","","",""
534,Darkuchi,CGWB,18,Assam,291,KAMRUP,RANGIA,RANGIA,Darkuchi,-,-,-,-,-,-,26.50833333,91.60000000,30-05-2021 08:00,8.9,925,"",72,366.12,"",97.2748,"",0,0,"","",160.128,12.024,31.616,187,"","","","","","","","","","",""
535,Daulasal,CGWB,18,Assam,298,NALBARI,-,-,-,-,-,-,-,-,-,26.27097000,91.22075000,30-05-2021 08:00,7.94,595,"",0,107.36,"",68.936,"",42.35,"","","",137,29.6,15.1,45.21,"","","","","","","","","","",""
536,Dejoo,CGWB,18,Assam,295,LAKHIMPUR,-,-,-,-,-,-,-,-,-,27.27163900,94.02529700,30-05-2021 08:00,7.66,950,617.5,0,305,"",134.71,"",87,0.24,"","",220,52,21.888,93,"","","","","","","","","","",""
537,Demow sukan,CGWB,18,Assam,300,SIVSAGAR,DEMOW,DEMOW,Demow sukan,-,-,-,-,-,-,27.14583333,94.74722222,25-05-2006 00:00,7.22,109,"",0,55,"","","",1,"","","",30,10,15,"","",1.11,"","","","","","","","",""
538,Demow sukan,CGWB,18,Assam,300,SIVSAGAR,DEMOW,DEMOW,Demow sukan,-,-,-,-,-,-,27.14583333,94.74722222,25-05-2007 00:00,8,513,"",0,164,"","","",24,"","","",170,58,6,"","",0.01,"","","","","","","","",""
539,Demow sukan,CGWB,18,Assam,300,SIVSAGAR,DEMOW,DEMOW,Demow sukan,-,-,-,-,-,-,27.14583333,94.74722222,25-05-2008 00:00,8,513,"",0,164,"","","",25,"","","",170,58,6,"","",0.01,"","","","","","","","",""
540,Demow sukan,CGWB,18,Assam,300,SIVSAGAR,DEMOW,DEMOW,Demow sukan,-,-,-,-,-,-,27.14583333,94.74722222,25-05-2015 00:00,8.31,331.4,"",24,112,131.8,30,"",10.7,"","","",116,24,13.64,33.52,"",0.42,"","","","","","","","",""
541,Demow sukan,CGWB,18,Assam,300,SIVSAGAR,DEMOW,DEMOW,Demow sukan,-,-,-,-,-,-,27.14583333,94.74722222,25-05-2016 00:00,8.3,261.9,142.6,20,105,125,32.5,"",2.5,"","","",130,18,20.6,21.38,"",0.18,"","","","","","","","",""
542,Dengaon,CGWB,18,Assam,292,KARBI ANGLONG,PHULONI,PHULONI,Dengaon,-,-,-,-,-,-,26.19333333,92.96583333,25-05-2005 00:00,7.22,265,"",0,61,"","","",9,"","","",30,10,1.2,"","",3.03,"","","","","","","","",""
543,Dengaon,CGWB,18,Assam,292,KARBI ANGLONG,PHULONI,PHULONI,Dengaon,-,-,-,-,-,-,26.19333333,92.96583333,25-05-2007 00:00,7.51,157,"",0,24,"","","",8,"","","",40,14,1,"","",1.48,"","","","","","","","",""
544,Dengaon,CGWB,18,Assam,292,KARBI ANGLONG,PHULONI,PHULONI,Dengaon,-,-,-,-,-,-,26.19333333,92.96583333,25-05-2008 00:00,6.8,180,"",0,61,"","","","","","","",55,12,6.1,"","",3.19,"","","","","","","","",""
545,Dengaon,CGWB,18,Assam,292,KARBI ANGLONG,PHULONI,PHULONI,Dengaon,-,-,-,-,-,-,26.19333333,92.96583333,25-05-2009 00:00,8.18,230,"",0,67,54.9,"","",6,"","","",45,9,5.48,"","",1.36,"","","","","","","","",""
546,Dengaon,CGWB,18,Assam,292,KARBI ANGLONG,PHULONI,PHULONI,Dengaon,-,-,-,-,-,-,26.19333333,92.96583333,25-05-2014 00:00,7.6,81,"","",72,59.02,32,"",3.03,"","","",92,20.8,9.75,5.5,"",2.87,"","","","","","","","",""
547,Dengaon,CGWB,18,Assam,292,KARBI ANGLONG,PHULONI,PHULONI,Dengaon,-,-,-,-,-,-,26.19333333,92.96583333,25-05-2015 00:00,7.65,139.1,"","",76,62.3,17.9,"",11.6,"","","",44,6.4,6.82,24.1,"",0.55,"","","","","","","","",""
548,Dengaon,CGWB,18,Assam,292,KARBI ANGLONG,PHULONI,PHULONI,Dengaon,-,-,-,-,-,-,26.19333333,92.96583333,25-05-2016 00:00,7.3,146.4,82.76,0,70,70,35,"",23.1,"","","",80,12,12.1,25.72,"",1.94,"","","","","","","","",""
549,Dengaon,CGWB,18,Assam,292,KARBI ANGLONG,PHULONI,PHULONI,Dengaon,-,-,-,-,-,-,26.19333333,92.96583333,30-05-2021 08:00,7.2,200,"",0,67,"",30,"",1,"","","",46,18,5,17,"","","","","","","","","","",""
550,Dentaghat,CGWB,18,Assam,292,KARBI ANGLONG,PHULONI,PHULONI,Dentaghat,-,-,-,-,-,-,26.27805556,93.13861111,25-05-2007 00:00,7.5,227,"",0,36,"","","",2,"","","",60,18,3,"","","","","","","","","","","",""
551,Dentaghat,CGWB,18,Assam,292,KARBI ANGLONG,PHULONI,PHULONI,Dentaghat,-,-,-,-,-,-,26.27805556,93.13861111,25-05-2009 00:00,7.97,229,"",0,74,60.7,"","",6,"","","",70,17,6.71,"","",1.78,"","","","","","","","",""
552,Dentaghat,CGWB,18,Assam,292,KARBI ANGLONG,PHULONI,PHULONI,Dentaghat,-,-,-,-,-,-,26.27805556,93.13861111,25-05-2014 00:00,8.3,102.5,"",32,52,95.96,46,"",1.1,"","","",112,28.8,9.76,19.5,"",4.31,"","","","","","","","",""
553,Deopani,CGWB,18,Assam,292,KARBI ANGLONG,DIPHU,DIPHU,Deopani,-,-,-,-,-,-,26.22083333,93.84222222,25-05-2005 00:00,7.13,335,"",0,79,"","","",9,"","","",95,34,2.4,"","",0.11,"","","","","","","","",""
554,Deopani,CGWB,18,Assam,292,KARBI ANGLONG,DIPHU,DIPHU,Deopani,-,-,-,-,-,-,26.22083333,93.84222222,25-05-2006 00:00,7.01,138,"",0,24,"","","",2,"","","",30,8,2.4,"","",0.86,"","","","","","","","",""
555,Deopani,CGWB,18,Assam,292,KARBI ANGLONG,DIPHU,DIPHU,Deopani,-,-,-,-,-,-,26.22083333,93.84222222,25-05-2007 00:00,8.15,189,"",0,79,"","","",7,"","","",55,14,4.9,"","",7.5,"","","","","","","","",""
556,Deopani,CGWB,18,Assam,292,KARBI ANGLONG,DIPHU,DIPHU,Deopani,-,-,-,-,-,-,26.22083333,93.84222222,25-05-2008 00:00,7.85,490,"",0,91,"","","",13,"","","",155,26,21,"","",0.18,"","","","","","","","",""
557,Deopani,CGWB,18,Assam,292,KARBI ANGLONG,DIPHU,DIPHU,Deopani,-,-,-,-,-,-,26.22083333,93.84222222,25-05-2014 00:00,8.5,435,"",48,88,152.13,125.1,"",23.7,"","","",168,54.4,7.85,69.7,"",0.39,"","","","","","","","",""
558,Deopani,CGWB,18,Assam,292,KARBI ANGLONG,DIPHU,DIPHU,Deopani,-,-,-,-,-,-,26.22083333,93.84222222,25-05-2015 00:00,8.38,299.1,"",24,100,121.97,34,"",33.7,"","","",116,24,13.64,32.57,"",1.17,"","","","","","","","",""
559,Deopani,CGWB,18,Assam,292,KARBI ANGLONG,DIPHU,DIPHU,Deopani,-,-,-,-,-,-,26.22083333,93.84222222,25-05-2016 00:00,7.7,357.8,202.1,0,45,45,67.355,"",36.3,"","","",125,28,13.3,24.39,"",0.11,"","","","","","","","",""
560,Deopani,CGWB,18,Assam,292,KARBI ANGLONG,DIPHU,DIPHU,Deopani,-,-,-,-,-,-,26.22083333,93.84222222,25-05-2018 00:00,8.49,458.3,245.8,40,120.128,160.128,28.36,"",17.2858,"",0,"",190,48.0384,16.96699,29.66,"",0,0,"","","","","","","",""
561,Deopani,CGWB,18,Assam,292,KARBI ANGLONG,DIPHU,DIPHU,Deopani,-,-,-,-,-,-,26.22083333,93.84222222,30-05-2019 08:00,8.42,347.8,"",12,61.06832,"",56.72,"","","","","",125,40.032,6.0485435,13.96,"","","","","","","","","","",""
562,Deopani,CGWB,18,Assam,292,KARBI ANGLONG,DIPHU,DIPHU,Deopani,-,-,-,-,-,-,26.22083333,93.84222222,30-05-2020 08:00,8.42,347.8,"","",61.06832,"",56.72,"","","","","","",40.032,6.0485435,13.96,"","","","","","","","","","",""
563,Deopani,CGWB,18,Assam,292,KARBI ANGLONG,DIPHU,DIPHU,Deopani,-,-,-,-,-,-,26.22083333,93.84222222,30-05-2021 08:00,8,200,"",0,73,"",19,"",15,"","","",51,20,9,8,"","","","","","","","","","",""
564,Deosal,CGWB,18,Assam,296,MARIGAON,-,-,-,-,-,-,-,-,-,26.12639000,92.25250000,30-05-2019 08:00,7.22,152.8,"",0,54.94392,"",24.815,"","","","","",60,12.0096,7.275728,12.66,"","","","","","","","","","",""
565,Deosal,CGWB,18,Assam,296,MARIGAON,-,-,-,-,-,-,-,-,-,26.12639000,92.25250000,30-05-2020 08:00,7.22,152.8,"","",54.94392,"",24.815,"","","","","","",12.0096,7.275728,12.66,"","","","","","","","","","",""
566,Deosal,CGWB,18,Assam,296,MARIGAON,-,-,-,-,-,-,-,-,-,26.12639000,92.25250000,30-05-2021 08:00,7.82,890,"",0,289,"",117,"",22,"","","",301,72,29,63,"","","","","","","","","","",""
567,Deusunga Ambarishnagar,CGWB,18,Assam,616,Baksa,-,-,-,-,-,-,-,-,-,26.75700000,91.70800000,30-05-2019 08:00,8.17,403.3,"",0,305.244,"",14.18,"","","","","",250,46.0368,32.74466,4.87,"","","","","","","","","","",""
568,Deusunga Ambarishnagar,CGWB,18,Assam,616,Baksa,-,-,-,-,-,-,-,-,-,26.75700000,91.70800000,30-05-2020 08:00,8.17,403.3,"","",305.244,"",14.18,"","","","","","",46.0368,32.74466,4.87,"","","","","","","","","","",""
569,Dhakuakhana,CGWB,18,Assam,295,LAKHIMPUR,SISSIBORGAON,SISSIBORGAON,Dhakuakhana,-,-,-,-,-,-,27.20444444,94.47000000,25-05-2008 00:00,8.02,984,"",0,164,"","","",20,"","","",450,118,38,"","","","","","","","","","","",""
570,Dhakuakhana,CGWB,18,Assam,295,LAKHIMPUR,SISSIBORGAON,SISSIBORGAON,Dhakuakhana,-,-,-,-,-,-,27.20444444,94.47000000,25-05-2009 00:00,8.62,80,"",7,184.5,162.9,"","",108,"","","",385,36,71.77,"","",0.28,"","","","","","","","",""
571,Dhalaibil,CGWB,18,Assam,301,SONITPUR,NADUAR,NADUAR,Dhalaibil,-,-,-,-,-,-,26.77611111,92.90472222,25-05-2005 00:00,8.17,299,"",0,104,"","","",30,"","","",75,20,6.1,"","",0.08,"","","","","","","","",""
572,Dhalaibil,CGWB,18,Assam,301,SONITPUR,NADUAR,NADUAR,Dhalaibil,-,-,-,-,-,-,26.77611111,92.90472222,25-05-2006 00:00,6.24,201,"",0,61,50,"","",9,"","","",65,18.9,4.34,"","",0.1,"","","","","","","","",""
573,Dhalaibil,CGWB,18,Assam,301,SONITPUR,NADUAR,NADUAR,Dhalaibil,-,-,-,-,-,-,26.77611111,92.90472222,25-05-2008 00:00,7.88,415,"",0,37,"","","",21,"","","",100,26,8,"","",0.18,"","","","","","","","",""
574,Dhalaibil,CGWB,18,Assam,301,SONITPUR,NADUAR,NADUAR,Dhalaibil,-,-,-,-,-,-,26.77611111,92.90472222,25-05-2009 00:00,7.73,331,"",0,49.2,40.3,"","",35,"","","",150,22,23.12,"","",0.44,"","","","","","","","",""
575,Dhamdhama,CGWB,18,Assam,298,NALBARI,BARAMA,BARAMA,Dhamdhama,-,-,-,-,-,-,26.55611111,91.45250000,25-05-2005 00:00,7.76,752,"",0,171,"","","",78,"","","",220,62,16,"","",6.25,"","","","","","","","",""
576,Dhapaboria,CGWB,18,Assam,300,SIVSAGAR,SIBSAGAR,SIBSAGAR,Dhapaboria,-,-,-,-,-,-,27.03611111,94.60000000,25-05-2007 00:00,7.4,86,"",0,43,"","","",8,"","","",30,8,2.4,"","",0.17,"","","","","","","","",""
577,Dhapaboria,CGWB,18,Assam,300,SIVSAGAR,SIBSAGAR,SIBSAGAR,Dhapaboria,-,-,-,-,-,-,27.03611111,94.60000000,25-05-2008 00:00,7.88,500,"",0,152,"","","",26,"","","",175,56,9,"","",0.14,"","","","","","","","",""
578,Dhapkata,CGWB,18,Assam,290,JORHAT,JORHAT EAST,JORHAT EAST,Dhapkata,-,-,-,-,-,-,26.73416667,94.24027778,25-05-2005 00:00,7.23,487,"",0,177,"","","",53,"","","",160,42,13,"","",0.38,"","","","","","","","",""
579,Dhapkata,CGWB,18,Assam,290,JORHAT,JORHAT EAST,JORHAT EAST,Dhapkata,-,-,-,-,-,-,26.73416667,94.24027778,25-05-2007 00:00,8.07,816,"",0,189,"","","",53,"","","",210,56,17,"","","","","","","","","","","",""
580,Dhapkata,CGWB,18,Assam,290,JORHAT,JORHAT EAST,JORHAT EAST,Dhapkata,-,-,-,-,-,-,26.73416667,94.24027778,25-05-2008 00:00,8.07,816,"",0,189,"","","",53,"","","",210,56,17,"","","","","","","","","","","",""
581,Dhaulia,CGWB,18,Assam,293,KARIMGANJ,PATHARKANDI,PATHARKANDI,Dhaulia,-,-,-,-,-,-,24.64166667,92.35416667,25-05-2007 00:00,7.92,245,"",0,79,"","","",5,"","","",105,22,12,"","",1.75,"","","","","","","","",""
582,Dhaulia,CGWB,18,Assam,293,KARIMGANJ,PATHARKANDI,PATHARKANDI,Dhaulia,-,-,-,-,-,-,24.64166667,92.35416667,25-05-2008 00:00,7.92,245,"",0,79,"","","",5,"","","",105,22,12,"","",1.75,"","","","","","","","",""
583,Dhaulia,CGWB,18,Assam,293,KARIMGANJ,PATHARKANDI,PATHARKANDI,Dhaulia,-,-,-,-,-,-,24.64166667,92.35416667,25-05-2009 00:00,8.56,179,"",9,104.55,100.7,"","",10,"","","",140,12,26.76,"","",1.16,"","","","","","","","",""
584,Dhaulia,CGWB,18,Assam,293,KARIMGANJ,PATHARKANDI,PATHARKANDI,Dhaulia,-,-,-,-,-,-,24.64166667,92.35416667,25-05-2015 00:00,7.6,191.9,"","",120,98.36,62,"",5.2,"","","",96,25.6,7.81,33.33,"",3.59,"","","","","","","","",""
585,Dhaulia,CGWB,18,Assam,293,KARIMGANJ,PATHARKANDI,PATHARKANDI,Dhaulia,-,-,-,-,-,-,24.64166667,92.35416667,25-05-2016 00:00,7.8,184.2,85.49,0,60,60,17.5,"",7.1,"","","",70,22,3.6,7.25,"",0,"","","","","","","","",""
586,Dhaulia,CGWB,18,Assam,293,KARIMGANJ,PATHARKANDI,PATHARKANDI,Dhaulia,-,-,-,-,-,-,24.64166667,92.35416667,25-05-2017 00:00,8.3,481.3,317.66,10,135,145,24.82,"",4.827797,"","","",95,28,6.067961,11.31,"","","","","","","","","","",""
587,Dhaulia,CGWB,18,Assam,293,KARIMGANJ,PATHARKANDI,PATHARKANDI,Dhaulia,-,-,-,-,-,-,24.64166667,92.35416667,25-05-2018 00:00,6.963,702.6,374.9,0,125.1,125.1,145.345,"",31.843,"",0,"",180,46.0368,15.754369,49.54,"",0.0821,0,"","","","","","","",""
588,Dhaulia,CGWB,18,Assam,293,KARIMGANJ,PATHARKANDI,PATHARKANDI,Dhaulia,-,-,-,-,-,-,24.64166667,92.35416667,30-05-2021 08:00,8.24,915,594.75,23.76,326.106,"",81.672714,"",15,0.08,"","",135,26,17.024,148,"","","","","","","","","","",""
589,Dhekiajuli,CGWB,18,Assam,301,SONITPUR,DHEKIAJULI,DHEKIAJULI,Dhekiajuli,-,-,-,-,-,-,26.70222222,92.47444444,25-05-2005 00:00,7.57,205,"",0,85,"","","",9,"","","",65,14,7.3,"","",1.98,"","","","","","","","",""
590,Dhekiajuli,CGWB,18,Assam,301,SONITPUR,DHEKIAJULI,DHEKIAJULI,Dhekiajuli,-,-,-,-,-,-,26.70222222,92.47444444,25-05-2006 00:00,7.02,187,"",0,91,"","","",7,"","","",70,16.8,6.72,"","",2.23,"","","","","","","","",""
591,Dhekiajuli,CGWB,18,Assam,301,SONITPUR,DHEKIAJULI,DHEKIAJULI,Dhekiajuli,-,-,-,-,-,-,26.70222222,92.47444444,25-05-2008 00:00,8.04,249,"",0,67,"","","",10,"","","",100,16,14,"","",2.5,"","","","","","","","",""
592,Dhekiajuli,CGWB,18,Assam,301,SONITPUR,DHEKIAJULI,DHEKIAJULI,Dhekiajuli,-,-,-,-,-,-,26.70222222,92.47444444,25-05-2009 00:00,8.17,209,"",0,53.35,43.7,"","",23,"","","",140,14,25.55,"","",0.32,"","","","","","","","",""
593,Dhekiajuli,CGWB,18,Assam,301,SONITPUR,DHEKIAJULI,DHEKIAJULI,Dhekiajuli,-,-,-,-,-,-,26.70222222,92.47444444,25-05-2014 00:00,7.5,201,"","",60,49.18,51.3,"",7.41,"","","",120,32,9.76,5.3,"",0.94,"","","","","","","","",""
594,Dhekiajuli,CGWB,18,Assam,301,SONITPUR,DHEKIAJULI,DHEKIAJULI,Dhekiajuli,-,-,-,-,-,-,26.70222222,92.47444444,25-05-2015 00:00,8.01,164.9,"","",72,59.02,34,"",18.9,"","","",40,8,4.87,35.82,"",0.51,"","","","","","","","",""
595,Dhekiajuli,CGWB,18,Assam,301,SONITPUR,DHEKIAJULI,DHEKIAJULI,Dhekiajuli,-,-,-,-,-,-,26.70222222,92.47444444,25-05-2016 00:00,8.1,158.3,78.61,0,50,50,20,"",10,"","","",35,6,4.9,19.6,"",0.43,"","","","","","","","",""
596,Dhekiajuli,CGWB,18,Assam,301,SONITPUR,DHEKIAJULI,DHEKIAJULI,Dhekiajuli,-,-,-,-,-,-,26.70222222,92.47444444,25-05-2017 00:00,7.76,232.6,153.52,"",70,70,42.54,"",3.0351927,"","","",60,16,4.8543687,17.95,"",0.62,"","","","","","","","",""
597,Dhekiajuli,CGWB,18,Assam,301,SONITPUR,DHEKIAJULI,DHEKIAJULI,Dhekiajuli,-,-,-,-,-,-,26.70222222,92.47444444,30-05-2019 08:00,6.97,251.3,"",0,61.0488,"",53.175,"","","","","",60,14.0112,6.061165,34.33,"","","","","","","","","","",""
598,Dhekiajuli,CGWB,18,Assam,301,SONITPUR,DHEKIAJULI,DHEKIAJULI,Dhekiajuli,-,-,-,-,-,-,26.70222222,92.47444444,30-05-2020 08:00,6.97,251.3,"","",61.0488,"",53.175,"","","","","","",14.0112,6.061165,34.33,"","","","","","","","","","",""
599,Dhekiajuli,CGWB,18,Assam,301,SONITPUR,DHEKIAJULI,DHEKIAJULI,Dhekiajuli,-,-,-,-,-,-,26.70222222,92.47444444,30-05-2021 08:00,7.87,1810,1176.5,0,769,"",50,"",187,0.01,"","",140,36,12.16,351,"","","","","","","","","","",""
600,Dhemaji,CGWB,18,Assam,284,DHEMAJI,DHEMAJI,DHEMAJI,Dhemaji,-,-,-,-,-,-,27.50000000,94.54444444,25-05-2005 00:00,7.28,127,"",0,79,"","","",14,"","","",60,22,1.2,"","",0.17,"","","","","","","","",""
601,Dhemaji,CGWB,18,Assam,284,DHEMAJI,DHEMAJI,DHEMAJI,Dhemaji,-,-,-,-,-,-,27.50000000,94.54444444,25-05-2006 00:00,7.7,265,"",0,"","","","","","","","","","","","","","","","","","","","","","",""
602,Dhemaji,CGWB,18,Assam,284,DHEMAJI,DHEMAJI,DHEMAJI,Dhemaji,-,-,-,-,-,-,27.50000000,94.54444444,25-05-2008 00:00,8.14,356,"",0,134,"","","",15,"","","",125,32,11,"","",0.33,"","","","","","","","",""
603,Dhemaji,CGWB,18,Assam,284,DHEMAJI,DHEMAJI,DHEMAJI,Dhemaji,-,-,-,-,-,-,27.50000000,94.54444444,25-05-2009 00:00,8.79,259,"",30,178.35,196.2,"","",16,"","","",220,46,25.58,"","",2.06,"","","","","","","","",""
604,Dhemaji,CGWB,18,Assam,284,DHEMAJI,DHEMAJI,DHEMAJI,Dhemaji,-,-,-,-,-,-,27.50000000,94.54444444,25-05-2014 00:00,8.4,331.5,"",24,100,121.97,30.8,"",32.01,"","","",152,40,12.69,16.3,"","","","","","","","","","",""
605,Dhemaji,CGWB,18,Assam,284,DHEMAJI,DHEMAJI,DHEMAJI,Dhemaji,-,-,-,-,-,-,27.50000000,94.54444444,25-05-2015 00:00,7,40.96,"","",40,32.79,16,"",4.4,"","","",12,4.8,1.8,15.84,"",0.04,"","","","","","","","",""
606,Dhemaji,CGWB,18,Assam,284,DHEMAJI,DHEMAJI,DHEMAJI,Dhemaji,-,-,-,-,-,-,27.50000000,94.54444444,25-05-2016 00:00,8.3,390.8,189.4,40,65,105,17.5,"",24.8,"","","",150,34,15.8,7.67,"",0.78,"","","","","","","","",""
607,Dhemaji,CGWB,18,Assam,284,DHEMAJI,DHEMAJI,DHEMAJI,Dhemaji,-,-,-,-,-,-,27.50000000,94.54444444,25-05-2018 00:00,6.727,320.7,166.6,0,140.3,115.092,21.27,"",7.1421,"",0,"",145,42.0336,9.68835,2.82,"",0.4836,0,"","","","","","","",""
608,Dhemaji,CGWB,18,Assam,284,DHEMAJI,DHEMAJI,DHEMAJI,Dhemaji,-,-,-,-,-,-,27.50000000,94.54444444,30-05-2021 08:00,7.76,2480,1612,0,219.6,"",723.18,"",25,0.08,"","",630,132,72.96,300.5,"","","","","","","","","","",""
609,Dhing,CGWB,18,Assam,297,NAGAON,RUPAHI,RUPAHI,Dhing,-,-,-,-,-,-,26.48333333,92.49166667,25-05-2005 00:00,7.18,701,"",0,275,"","","",32,"","","",225,76,16,"","",0.12,"","","","","","","","",""
610,Dhing,CGWB,18,Assam,297,NAGAON,RUPAHI,RUPAHI,Dhing,-,-,-,-,-,-,26.48333333,92.49166667,25-05-2007 00:00,7.6,593,"",0,269,"","","","","","","",200,52,22,"","",1.04,"","","","","","","","",""
611,Dhing,CGWB,18,Assam,297,NAGAON,RUPAHI,RUPAHI,Dhing,-,-,-,-,-,-,26.48333333,92.49166667,25-05-2008 00:00,7.6,593,"",0,268,"","","","","","","",200,53,22,"","",1.04,"","","","","","","","",""
612,Dhing,CGWB,18,Assam,297,NAGAON,RUPAHI,RUPAHI,Dhing,-,-,-,-,-,-,26.48333333,92.49166667,25-05-2009 00:00,8.22,520,"",0,111,91,"","",18,"","","",165,42,14.64,"","",0.17,"","","","","","","","",""
613,Dhing,CGWB,18,Assam,297,NAGAON,RUPAHI,RUPAHI,Dhing,-,-,-,-,-,-,26.48333333,92.49166667,25-05-2011 00:00,7.94,554,"",0,251.74,"","","",18,"","","",240,40,35,31,"",0.62,"","","","","","","","",""
614,Dhing,CGWB,18,Assam,297,NAGAON,RUPAHI,RUPAHI,Dhing,-,-,-,-,-,-,26.48333333,92.49166667,25-05-2012 00:00,7.94,554,"",0,251.7,206.3,"","",18,"","","",240,40,35,31,"",0.62,"","","","","","","","",""
615,Dhing,CGWB,18,Assam,297,NAGAON,RUPAHI,RUPAHI,Dhing,-,-,-,-,-,-,26.48333333,92.49166667,25-05-2014 00:00,8.9,746,"",113,188,342.43,32.1,"",25.43,"","","",240,48,29.23,58.9,"",0.32,"","","","","","","","",""
616,Dhing,CGWB,18,Assam,297,NAGAON,RUPAHI,RUPAHI,Dhing,-,-,-,-,-,-,26.48333333,92.49166667,25-05-2015 00:00,8.5,230.4,"",72,88,192.13,72,"",15.7,"","","",212,24,36.99,38.86,"",0.43,"","","","","","","","",""
617,Dhing,CGWB,18,Assam,297,NAGAON,RUPAHI,RUPAHI,Dhing,-,-,-,-,-,-,26.48333333,92.49166667,25-05-2016 00:00,8.4,354.6,199,20,135,155,37.5,"",25.8,"","","",200,28,31.6,17.01,"",0.06,"","","","","","","","",""
618,Dhing,CGWB,18,Assam,297,NAGAON,RUPAHI,RUPAHI,Dhing,-,-,-,-,-,-,26.48333333,92.49166667,25-05-2017 00:00,8.4,568.9,375.47,50,235,285,56.72,"",19.7,"","","",230,46,27.91262,53.89,"",1.1,"","","","","","","","",""
619,Dhing,CGWB,18,Assam,297,NAGAON,RUPAHI,RUPAHI,Dhing,-,-,-,-,-,-,26.48333333,92.49166667,25-05-2018 00:00,7.371,340.1,202.7,0,135.108,135.108,21.27,"",6.3084,"",0,"",135,36.0288,10.904855,10.95,"",0.1264,0,"","","","","","","",""
620,Dhing,CGWB,18,Assam,297,NAGAON,RUPAHI,RUPAHI,Dhing,-,-,-,-,-,-,26.48333333,92.49166667,30-05-2021 08:00,8.65,375,"",24,183.06,"",13.8964,"",0,0,"","",90.072,12.024,14.592,55,"","","","","","","","","","",""
621,Dhobartari,CGWB,18,Assam,618,Kamrup Metropolitan,-,-,-,-,-,-,-,-,-,26.24819000,91.69025000,30-05-2021 08:00,7.93,226,"",0,35.38,"",27.082,"",14.35,"","","",59,13.6,6,14.55,"","","","","","","","","","",""
622,Dholpur,CGWB,18,Assam,295,LAKHIMPUR,NARAYANPUR,NARAYANPUR,Dholpur,-,-,-,-,-,-,26.90000000,93.78333333,25-05-2005 00:00,7.52,492,"",0,226,"","","",16,"","","",175,130,11,"","",1.49,"","","","","","","","",""
623,Dholpur,CGWB,18,Assam,295,LAKHIMPUR,NARAYANPUR,NARAYANPUR,Dholpur,-,-,-,-,-,-,26.90000000,93.78333333,25-05-2008 00:00,8.01,430,"",0,213,"","","",25,"","","",205,58,15,"","","","","","","","","","","",""
624,Dholpur,CGWB,18,Assam,295,LAKHIMPUR,NARAYANPUR,NARAYANPUR,Dholpur,-,-,-,-,-,-,26.90000000,93.78333333,25-05-2009 00:00,8.66,412,"",24,246,241.6,"","",16,"","","",235,42,31.66,"","",1.45,"","","","","","","","",""
625,Dholpur,CGWB,18,Assam,295,LAKHIMPUR,NARAYANPUR,NARAYANPUR,Dholpur,-,-,-,-,-,-,26.90000000,93.78333333,25-05-2014 00:00,8.3,415.4,"",48,104,165.25,34.2,"",3.97,"","","",116,32,8.79,35.7,"",0.5,"","","","","","","","",""
626,Dhubri Town,CGWB,18,Assam,285,DHUBRI,DHUBRI,DHUBRI,Dhubri Town,-,-,-,-,-,-,26.01666667,89.98333333,25-05-2005 00:00,7.8,670,"",0,256,"","","",34,"","","",220,70,11,"","",0.39,"","","","","","","","",""
627,Dhubri Town,CGWB,18,Assam,285,DHUBRI,DHUBRI,DHUBRI,Dhubri Town,-,-,-,-,-,-,26.01666667,89.98333333,25-05-2006 00:00,7.27,552,"",0,189,"","","",21,"","","",170,56,7.3,"","",0.18,"","","","","","","","",""
628,Dhubri Town,CGWB,18,Assam,285,DHUBRI,DHUBRI,DHUBRI,Dhubri Town,-,-,-,-,-,-,26.01666667,89.98333333,25-05-2007 00:00,7.06,218,"",0,85,"","","",7,"","","",50,18,1.2,"","",0.96,"","","","","","","","",""
629,Dhubri Town,CGWB,18,Assam,285,DHUBRI,DHUBRI,DHUBRI,Dhubri Town,-,-,-,-,-,-,26.01666667,89.98333333,25-05-2008 00:00,7.29,292,"",0,164,134.4,"","","","","","",145,30,17.06,"","",0.42,"","","","","","","","",""
630,Dhubri Town,CGWB,18,Assam,285,DHUBRI,DHUBRI,DHUBRI,Dhubri Town,-,-,-,-,-,-,26.01666667,89.98333333,25-05-2010 00:00,8.3,861,"",56,244,"","","",40.95,"","","",276,60.8,30,59.8,"","","","","","","","","","",""
631,Dhubri Town,CGWB,18,Assam,285,DHUBRI,DHUBRI,DHUBRI,Dhubri Town,-,-,-,-,-,-,26.01666667,89.98333333,25-05-2011 00:00,8.58,851,"",12,381.3,"","","","","","","",375,12,86.25,58,"","","","","","","","","","",""
632,Dhubri Town,CGWB,18,Assam,285,DHUBRI,DHUBRI,DHUBRI,Dhubri Town,-,-,-,-,-,-,26.01666667,89.98333333,25-05-2012 00:00,8.58,851,"",12,381,332.3,"","","","","","",375,12,83.89,58,"","","","","","","","","","",""
633,Dhubri Town,CGWB,18,Assam,285,DHUBRI,DHUBRI,DHUBRI,Dhubri Town,-,-,-,-,-,-,26.01666667,89.98333333,25-05-2013 00:00,8.3,755,"",56,244,293.3,"","",40.95,"","","",276,60.8,30.22,58.1,"","","","","","","","","","",""
634,Dhubri Town,CGWB,18,Assam,285,DHUBRI,DHUBRI,DHUBRI,Dhubri Town,-,-,-,-,-,-,26.01666667,89.98333333,25-05-2014 00:00,8.9,744,"",120,172,340.98,83.4,"",14.8,"","","",300,102.4,10.82,66,"","","","","","","","","","",""
635,Dhubri Town,CGWB,18,Assam,285,DHUBRI,DHUBRI,DHUBRI,Dhubri Town,-,-,-,-,-,-,26.01666667,89.98333333,25-05-2015 00:00,6.9,182.9,"","",84,68.85,82,"",19.9,"","","",64,17.6,4.88,64.06,"",1.5,"","","","","","","","",""
636,Dhubri Town,CGWB,18,Assam,285,DHUBRI,DHUBRI,DHUBRI,Dhubri Town,-,-,-,-,-,-,26.01666667,89.98333333,25-05-2016 00:00,7.9,244.5,129.7,0,70,70,32.5,"",5,"","","",60,14,6.1,25.97,"",0.15,"","","","","","","","",""
637,Dhubri Town,CGWB,18,Assam,285,DHUBRI,DHUBRI,DHUBRI,Dhubri Town,-,-,-,-,-,-,26.01666667,89.98333333,25-05-2018 00:00,8.314,861.2,461.8,90,235.26,325.26,88.625,"",14.9679,"",0,"",275,60.048,30.31068,60.66,"",0.4585,0,"","","","","","","",""
638,Dhubri Town,CGWB,18,Assam,285,DHUBRI,DHUBRI,DHUBRI,Dhubri Town,-,-,-,-,-,-,26.01666667,89.98333333,30-05-2019 08:00,6.09,38.75,"",0,42.73416,"",28.36,"","","","","",30,8.0064,2.423301,21.65,"","","","","","","","","","",""
639,Dhubri Town,CGWB,18,Assam,285,DHUBRI,DHUBRI,DHUBRI,Dhubri Town,-,-,-,-,-,-,26.01666667,89.98333333,30-05-2020 08:00,6.09,38.75,"","",42.73416,"",28.36,"","","","","","",8.0064,2.423301,21.65,"","","","","","","","","","",""
640,Dhupdhara,CGWB,18,Assam,287,GOALPARA,DUDHNOI,DUDHNOI,Dhupdhara,-,-,-,-,-,-,25.93055556,90.77694444,25-05-2005 00:00,7.24,201,"",0,67,"","","",11,"","","",55,16,3.6,"","",4.8,"","","","","","","","",""
641,Dhupdhara,CGWB,18,Assam,287,GOALPARA,DUDHNOI,DUDHNOI,Dhupdhara,-,-,-,-,-,-,25.93055556,90.77694444,25-05-2006 00:00,7.03,204,"",0,61,"","","",8,"","","",50,16,2.4,"","",0.87,"","","","","","","","",""
642,Dhupdhara,CGWB,18,Assam,287,GOALPARA,DUDHNOI,DUDHNOI,Dhupdhara,-,-,-,-,-,-,25.93055556,90.77694444,25-05-2007 00:00,7.63,465,"",0,250,"","","",8,"","","",95,27,6,"","",0.15,"","","","","","","","",""
643,Dhupdhara,CGWB,18,Assam,287,GOALPARA,DUDHNOI,DUDHNOI,Dhupdhara,-,-,-,-,-,-,25.93055556,90.77694444,25-05-2008 00:00,8.1,621,"",0,276,226.2,"","",4,"","","",115,34,7.34,"","",0.53,"","","","","","","","",""
644,Dhupdhara,CGWB,18,Assam,287,GOALPARA,DUDHNOI,DUDHNOI,Dhupdhara,-,-,-,-,-,-,25.93055556,90.77694444,25-05-2009 00:00,8.19,474,"",0,282.8,231.8,"","",4,"","","",115,22,14.61,"","",0.32,"","","","","","","","",""
645,Dhupdhara,CGWB,18,Assam,287,GOALPARA,DUDHNOI,DUDHNOI,Dhupdhara,-,-,-,-,-,-,25.93055556,90.77694444,25-05-2014 00:00,8.3,379.8,"",40,60,115.85,13.7,"",0.99,"","","",104,32,5.87,17,"",0.1,"","","","","","","","",""
646,Dibrugarh,CGWB,18,Assam,286,DIBRUGARH,DIBRUGARH WEST,DIBRUGARH WEST,Dibrugarh,-,-,-,-,-,-,27.48333333,94.90833333,25-05-2005 00:00,7.7,570,"",0,183,"","","",66,"","","",185,28,28,"","",0.48,"","","","","","","","",""
647,Dibrugarh,CGWB,18,Assam,286,DIBRUGARH,DIBRUGARH WEST,DIBRUGARH WEST,Dibrugarh,-,-,-,-,-,-,27.48333333,94.90833333,25-05-2007 00:00,7.91,830,"",0,274.5,"","","",26,"","","",240,50,27.9,"","",4.06,"","","","","","","","",""
648,Dibrugarh,CGWB,18,Assam,286,DIBRUGARH,DIBRUGARH WEST,DIBRUGARH WEST,Dibrugarh,-,-,-,-,-,-,27.48333333,94.90833333,25-05-2008 00:00,7.91,830,"",0,274.5,"","","",26,"","","",240,50,27.9,"","",4.06,"","","","","","","","",""
649,Dibrugarh,CGWB,18,Assam,286,DIBRUGARH,DIBRUGARH WEST,DIBRUGARH WEST,Dibrugarh,-,-,-,-,-,-,27.48333333,94.90833333,25-05-2010 00:00,8.5,881,"",32,164,"","","",49.25,"","","",186,59.2,9.22,71.5,"","","","","","","","","","",""
650,Dibrugarh,CGWB,18,Assam,286,DIBRUGARH,DIBRUGARH WEST,DIBRUGARH WEST,Dibrugarh,-,-,-,-,-,-,27.48333333,94.90833333,25-05-2012 00:00,8.5,378,"",70,35,145.4,"","",0,"","","",140,28.8,16.57,14,"",0.41,"","","","","","","","",""
651,Dibrugarh,CGWB,18,Assam,286,DIBRUGARH,DIBRUGARH WEST,DIBRUGARH WEST,Dibrugarh,-,-,-,-,-,-,27.48333333,94.90833333,25-05-2013 00:00,8.5,841,"",32,164,187.8,"","",49.25,"","","",186,59.2,9.22,61.5,"","","","","","","","","","",""
652,Digboi,CGWB,18,Assam,302,TINSUKIA,MARGHERITA,MARGHERITA,Digboi,-,-,-,-,-,-,27.39166667,95.64166667,25-05-2005 00:00,7.09,200,"",0,55,"","","",23,"","","",60,16,4.9,"","",0.14,"","","","","","","","",""
653,Digboi,CGWB,18,Assam,302,TINSUKIA,MARGHERITA,MARGHERITA,Digboi,-,-,-,-,-,-,27.39166667,95.64166667,25-05-2007 00:00,8.24,283,"",0,85.4,"","","",19,"","","",100,26,8.5,"","",0.11,"","","","","","","","",""
654,Digboi,CGWB,18,Assam,302,TINSUKIA,MARGHERITA,MARGHERITA,Digboi,-,-,-,-,-,-,27.39166667,95.64166667,25-05-2008 00:00,8.24,283,"",0,85.4,"","","",19,"","","",100,26,8.5,"","",0.11,"","","","","","","","",""
655,Digboi,CGWB,18,Assam,302,TINSUKIA,MARGHERITA,MARGHERITA,Digboi,-,-,-,-,-,-,27.39166667,95.64166667,25-05-2009 00:00,8.09,85,"",0,53.35,43.7,"","",6,"","","",195,12,40.13,"","",1.13,"","","","","","","","",""
656,Digboi,CGWB,18,Assam,302,TINSUKIA,MARGHERITA,MARGHERITA,Digboi,-,-,-,-,-,-,27.39166667,95.64166667,25-05-2010 00:00,8.3,299,"",16,84,"","","",9.92,"","","",108,38.4,2.91,2.9,"",0.06,"","","","","","","","",""
657,Digboi,CGWB,18,Assam,302,TINSUKIA,MARGHERITA,MARGHERITA,Digboi,-,-,-,-,-,-,27.39166667,95.64166667,25-05-2013 00:00,8.3,249,"",16,84,95.5,"","",9.92,"","","",108,38.4,2.91,16.9,"",0.06,"","","","","","","","",""
658,Digboi,CGWB,18,Assam,302,TINSUKIA,MARGHERITA,MARGHERITA,Digboi,-,-,-,-,-,-,27.39166667,95.64166667,25-05-2014 00:00,8.3,138.6,"",16,72,85.68,48,"",15.4,"","","",116,43.2,2,21,"","","","","","","","","","",""
659,Digboi,CGWB,18,Assam,302,TINSUKIA,MARGHERITA,MARGHERITA,Digboi,-,-,-,-,-,-,27.39166667,95.64166667,25-05-2016 00:00,7.7,249.7,123.7,0,80,80,25,"",23.3,"","","",115,32,8.5,9.44,"",0.53,"","","","","","","","",""
660,Digboi,CGWB,18,Assam,302,TINSUKIA,MARGHERITA,MARGHERITA,Digboi,-,-,-,-,-,-,27.39166667,95.64166667,25-05-2017 00:00,7.64,232.4,153.38,"",115,115,10.64,"",23.273426,"","","",120,38,6.067961,6.82,"",0.89,10.817,"","","","","","","",""
661,Digboi,CGWB,18,Assam,302,TINSUKIA,MARGHERITA,MARGHERITA,Digboi,-,-,-,-,-,-,27.39166667,95.64166667,30-05-2021 08:00,7.91,695,451.75,0,260,"",85.08,"",10,0.02,"","",270,48,36.48,29,"","","","","","","","","","",""
662,Digharkhal,CGWB,18,Assam,282,CACHAR,KATIGORA,KATIGORA,Digharkhal,-,-,-,-,-,-,24.98888889,92.50000000,25-05-2006 00:00,8,191,"",0,61,"","","",8,"","","",30,20,1.2,"","",0.75,"","","","","","","","",""
663,Digharkhal,CGWB,18,Assam,282,CACHAR,KATIGORA,KATIGORA,Digharkhal,-,-,-,-,-,-,24.98888889,92.50000000,25-05-2007 00:00,7.82,315,"",0,73,"","","",14,"","","",85,18,9,"","",0.22,"","","","","","","","",""
664,Digharkhal,CGWB,18,Assam,282,CACHAR,KATIGORA,KATIGORA,Digharkhal,-,-,-,-,-,-,24.98888889,92.50000000,25-05-2009 00:00,8.58,227,"",6,73.8,70.5,"","",14,"","","",105,24,10.97,"","",0.59,"","","","","","","","",""
665,Digharkhal,CGWB,18,Assam,282,CACHAR,KATIGORA,KATIGORA,Digharkhal,-,-,-,-,-,-,24.98888889,92.50000000,25-05-2014 00:00,8.35,554,"","",12,9.84,91.3,"",15.72,"","","",116,44.8,1.03,22.1,"",0.78,"","","","","","","","",""
666,Digharkhal,CGWB,18,Assam,282,CACHAR,KATIGORA,KATIGORA,Digharkhal,-,-,-,-,-,-,24.98888889,92.50000000,25-05-2015 00:00,7.8,307.8,"","",68,55.74,147.9,"",20.3,"","","",72,28.4,0.28,82.13,"",0.16,"","","","","","","","",""
667,Digharkhal,CGWB,18,Assam,282,CACHAR,KATIGORA,KATIGORA,Digharkhal,-,-,-,-,-,-,24.98888889,92.50000000,25-05-2016 00:00,7.1,395.5,202.9,0,55,55,65,"",4.8,"","","",60,22,1.2,40.31,"",0,"","","","","","","","",""
668,Digharkhal,CGWB,18,Assam,282,CACHAR,KATIGORA,KATIGORA,Digharkhal,-,-,-,-,-,-,24.98888889,92.50000000,25-05-2017 00:00,8.3,533.8,352.31,10,95,105,81.54,"",8.612504,"","","",95,30,4.8543687,46.43,"",0.26,4.5,"","","","","","","",""
669,Digharkhal,CGWB,18,Assam,282,CACHAR,KATIGORA,KATIGORA,Digharkhal,-,-,-,-,-,-,24.98888889,92.50000000,25-05-2018 00:00,6.656,231.3,120,0,80.064,80.064,31.905,"",5.1835,"",0,"",80,18.0144,8.486408,9.41,"",0.1948,0,"","","","","","","",""
670,Digharkhal,CGWB,18,Assam,282,CACHAR,KATIGORA,KATIGORA,Digharkhal,-,-,-,-,-,-,24.98888889,92.50000000,30-05-2021 08:00,8.1,1090,"",0,332,"",153,"",68,"","","",312,72,32,94.1,"","","","","","","","","","",""
671,Dikom,CGWB,18,Assam,286,DIBRUGARH,DIBRUGARH EAST,DIBRUGARH EAST,Dikom,-,-,-,-,-,-,27.46666667,95.06805556,25-05-2005 00:00,7.74,150,"",0,67,"","","",4,"","","",55,12,6.1,"","",0.06,"","","","","","","","",""
672,Dikom,CGWB,18,Assam,286,DIBRUGARH,DIBRUGARH EAST,DIBRUGARH EAST,Dikom,-,-,-,-,-,-,27.46666667,95.06805556,25-05-2007 00:00,7.87,301,"",0,122,"","","",5,"","","",95,30,4.8,"","",0.5,"","","","","","","","",""
673,Dikom,CGWB,18,Assam,286,DIBRUGARH,DIBRUGARH EAST,DIBRUGARH EAST,Dikom,-,-,-,-,-,-,27.46666667,95.06805556,25-05-2008 00:00,7.87,301,"",0,122,"","","",5,"","","",95,30,4.8,"","",0.5,"","","","","","","","",""
674,Dikom,CGWB,18,Assam,286,DIBRUGARH,DIBRUGARH EAST,DIBRUGARH EAST,Dikom,-,-,-,-,-,-,27.46666667,95.06805556,25-05-2009 00:00,7.88,191,"",0,110.7,90.7,"","",10,"","","",250,18,49.86,"","",0.26,"","","","","","","","",""
675,Dikom,CGWB,18,Assam,286,DIBRUGARH,DIBRUGARH EAST,DIBRUGARH EAST,Dikom,-,-,-,-,-,-,27.46666667,95.06805556,25-05-2010 00:00,8.8,252,"",40,40,"","","",3.18,"","","",86,13.6,12.6,8.5,"",1.03,"","","","","","","","",""
676,Dikom,CGWB,18,Assam,286,DIBRUGARH,DIBRUGARH EAST,DIBRUGARH EAST,Dikom,-,-,-,-,-,-,27.46666667,95.06805556,25-05-2012 00:00,8.5,252,"",40,40,99.5,"","",3.18,"","","",86,13.6,12.66,30.2,"",1.49,"","","","","","","","",""
677,Dikom,CGWB,18,Assam,286,DIBRUGARH,DIBRUGARH EAST,DIBRUGARH EAST,Dikom,-,-,-,-,-,-,27.46666667,95.06805556,25-05-2013 00:00,8.5,163,"",24,72,99,"","",4.12,"","","",76,14.4,9.74,59.6,"",0.08,"","","","","","","","",""
678,Dikom,CGWB,18,Assam,286,DIBRUGARH,DIBRUGARH EAST,DIBRUGARH EAST,Dikom,-,-,-,-,-,-,27.46666667,95.06805556,25-05-2014 00:00,8.3,93.6,"",32,40,86.12,30,"",1.1,"","","",88,33.2,1.26,19.5,"","","","","","","","","","",""
679,Dikom,CGWB,18,Assam,286,DIBRUGARH,DIBRUGARH EAST,DIBRUGARH EAST,Dikom,-,-,-,-,-,-,27.46666667,95.06805556,25-05-2016 00:00,8.3,269.2,136.9,30,105,135,22.5,"",9.3,"","","",115,44,1.2,25.39,"",0.05,"","","","","","","","",""
680,Dikom,CGWB,18,Assam,286,DIBRUGARH,DIBRUGARH EAST,DIBRUGARH EAST,Dikom,-,-,-,-,-,-,27.46666667,95.06805556,25-05-2017 00:00,7.61,134.6,88.84,"",75,75,7.09,"",32.30915,"","","",90,14,13.349515,10.47,"",0.95,10.467,"","","","","","","",""
681,Dikom,CGWB,18,Assam,286,DIBRUGARH,DIBRUGARH EAST,DIBRUGARH EAST,Dikom,-,-,-,-,-,-,27.46666667,95.06805556,30-05-2019 08:00,8.04,271.4,"",0,152.622,"",17.725,"","","","","",120,30.024,10.907767,5.44,"","","","","","","","","","",""
682,Dikom,CGWB,18,Assam,286,DIBRUGARH,DIBRUGARH EAST,DIBRUGARH EAST,Dikom,-,-,-,-,-,-,27.46666667,95.06805556,30-05-2020 08:00,8.04,271.4,"","",152.622,"",17.725,"","","","","","",30.024,10.907767,5.44,"","","","","","","","","","",""
683,Dillai,CGWB,18,Assam,292,KARBI ANGLONG,DIPHU,DIPHU,Dillai,-,-,-,-,-,-,25.96250000,93.58500000,25-05-2005 00:00,6.9,552,"",0,37,"","","",43,"","","",90,26,6.1,"","",0.23,"","","","","","","","",""
684,Dillai,CGWB,18,Assam,292,KARBI ANGLONG,DIPHU,DIPHU,Dillai,-,-,-,-,-,-,25.96250000,93.58500000,25-05-2006 00:00,7.16,1168,"",0,628,"","","",66,"","","",300,44,46,"","",3.56,"","","","","","","","",""
685,Dillai,CGWB,18,Assam,292,KARBI ANGLONG,DIPHU,DIPHU,Dillai,-,-,-,-,-,-,25.96250000,93.58500000,25-05-2007 00:00,7.9,88,"",0,43,"","","",7,"","","",35,8,3.6,"","",0.23,"","","","","","","","",""
686,Dillai,CGWB,18,Assam,292,KARBI ANGLONG,DIPHU,DIPHU,Dillai,-,-,-,-,-,-,25.96250000,93.58500000,25-05-2008 00:00,8.21,874,"",0,152,"","","",120,"","","",275,60,31,"","",3.1,"","","","","","","","",""
687,Dillai,CGWB,18,Assam,292,KARBI ANGLONG,DIPHU,DIPHU,Dillai,-,-,-,-,-,-,25.96250000,93.58500000,25-05-2010 00:00,7.9,922,"",0,180,"","","",13.84,"","","",281,64.4,29.1,54,"","","","","","","","","","",""
688,Dillai,CGWB,18,Assam,292,KARBI ANGLONG,DIPHU,DIPHU,Dillai,-,-,-,-,-,-,25.96250000,93.58500000,25-05-2013 00:00,7.9,780,"",0,180,147.5,"","",3.84,"","","",281,64.4,9.25,14,"",0.9,"","","","","","","","",""
689,Dillai,CGWB,18,Assam,292,KARBI ANGLONG,DIPHU,DIPHU,Dillai,-,-,-,-,-,-,25.96250000,93.58500000,25-05-2014 00:00,8.6,778,"",48,100,161.97,75.4,"",44.7,"","","",264,60.8,27.3,30.8,"",1.54,"","","","","","","","",""
690,Dillai,CGWB,18,Assam,292,KARBI ANGLONG,DIPHU,DIPHU,Dillai,-,-,-,-,-,-,25.96250000,93.58500000,25-05-2015 00:00,8.33,920,"",8,152,137.92,138,"",66.8,"","","",224,24,39.9,81.56,"",1.48,"","","","","","","","",""
691,Dillai,CGWB,18,Assam,292,KARBI ANGLONG,DIPHU,DIPHU,Dillai,-,-,-,-,-,-,25.96250000,93.58500000,25-05-2016 00:00,8.3,570.4,288.5,20,95,115,74.445,"",14.260576,"","","",145,30,17,34.16,"",0.5,"","","","","","","","",""
692,Dillai,CGWB,18,Assam,292,KARBI ANGLONG,DIPHU,DIPHU,Dillai,-,-,-,-,-,-,25.96250000,93.58500000,25-05-2018 00:00,8.37,356.5,189,20,100.096,120.096,38.995,"",10.1969,"",0,"",125,30.024,12.121359,28.01,"",0,0,"","","","","","","",""
693,Dillai,CGWB,18,Assam,292,KARBI ANGLONG,DIPHU,DIPHU,Dillai,-,-,-,-,-,-,25.96250000,93.58500000,30-05-2019 08:00,8.41,739.7,"",18,109.91712,"",216.245,"","","","","",220,54.0432,20.604855,71.65,"","","","","","","","","","",""
694,Dillai,CGWB,18,Assam,292,KARBI ANGLONG,DIPHU,DIPHU,Dillai,-,-,-,-,-,-,25.96250000,93.58500000,30-05-2020 08:00,8.41,739.7,"","",109.91712,"",216.245,"","","","","","",54.0432,20.604855,71.65,"","","","","","","","","","",""
695,Dillai,CGWB,18,Assam,292,KARBI ANGLONG,DIPHU,DIPHU,Dillai,-,-,-,-,-,-,25.96250000,93.58500000,30-05-2021 08:00,7.9,450,"",0,171,"",42,"",26,"","","",82,33,30,19,"","","","","","","","","","",""
696,Dimakuchi,CGWB,18,Assam,283,DARRANG,KALAIGAON,KALAIGAON,Dimakuchi,-,-,-,-,-,-,26.74722222,91.83333333,25-05-2005 00:00,7.52,253,"",0,61,"","","",16,"","","",85,28,3.6,"","",0.27,"","","","","","","","",""
697,Dimakuchi,CGWB,18,Assam,283,DARRANG,KALAIGAON,KALAIGAON,Dimakuchi,-,-,-,-,-,-,26.74722222,91.83333333,25-05-2007 00:00,8.15,189,"",0,67.1,"","","",22,"","","",75,18,7.29,"","",0.36,"","","","","","","","",""
698,Dimakuchi,CGWB,18,Assam,283,DARRANG,KALAIGAON,KALAIGAON,Dimakuchi,-,-,-,-,-,-,26.74722222,91.83333333,25-05-2008 00:00,8.15,189,"",0,67.1,"","","",22,"","","",75,18,7.29,"","",0.36,"","","","","","","","",""
699,Dimakuchi,CGWB,18,Assam,283,DARRANG,KALAIGAON,KALAIGAON,Dimakuchi,-,-,-,-,-,-,26.74722222,91.83333333,25-05-2016 00:00,7.8,122.6,64.19,0,80,80,17.5,"",12.5,"","","",70,14,8.5,19.42,"",0.04,"","","","","","","","",""
700,Dimow charali,CGWB,18,Assam,300,SIVSAGAR,DEMOW,DEMOW,Dimow charali,-,-,-,-,-,-,27.15000000,94.75000000,25-05-2007 00:00,7.4,96,"",0,49,"","","",8,"","","",30,6,3.6,"","",0.17,"","","","","","","","",""
701,Dimow charali,CGWB,18,Assam,300,SIVSAGAR,DEMOW,DEMOW,Dimow charali,-,-,-,-,-,-,27.15000000,94.75000000,25-05-2014 00:00,8.5,400,"",56,80,158.91,61.5,"",1,"","","",180,62.4,5.91,24.06,"",0.22,"","","","","","","","",""
702,Dingdongpara,CGWB,18,Assam,283,DARRANG,KALAIGAON,KALAIGAON,Dingdongpara,-,-,-,-,-,-,26.70833333,91.84166667,25-05-2005 00:00,7.7,305,"",0,171,"","","",10,"","","",135,38,9.7,"","",0.42,"","","","","","","","",""
703,Diphu,CGWB,18,Assam,292,KARBI ANGLONG,DONKA,DONKA,Diphu,-,-,-,-,-,-,25.84166667,93.45000000,25-05-2005 00:00,7.47,652,"",0,268,"","","",28,"","","",220,52,22,"","",1.46,"","","","","","","","",""
704,Diphu,CGWB,18,Assam,292,KARBI ANGLONG,DONKA,DONKA,Diphu,-,-,-,-,-,-,25.84166667,93.45000000,25-05-2006 00:00,7.46,1145,"",0,641,"","","",65,"","","",295,38,49,"","","","","","","","","","","",""
705,Diphu,CGWB,18,Assam,292,KARBI ANGLONG,DONKA,DONKA,Diphu,-,-,-,-,-,-,25.84166667,93.45000000,25-05-2007 00:00,8.18,612,"",0,268,"","","",12,"","","",190,32,26,"","",0.28,"","","","","","","","",""
706,Diphu,CGWB,18,Assam,292,KARBI ANGLONG,DONKA,DONKA,Diphu,-,-,-,-,-,-,25.84166667,93.45000000,25-05-2008 00:00,8.18,612,"",0,268,"","","",12,"","","",190,32,26,"","",0.28,"","","","","","","","",""
707,Diphu,CGWB,18,Assam,292,KARBI ANGLONG,DONKA,DONKA,Diphu,-,-,-,-,-,-,25.84166667,93.45000000,25-05-2010 00:00,7.8,679,"",0,196,"","","",1.77,"","","",214,31.6,32.7,33.7,"",0.51,"","","","","","","","",""
708,Diphu,CGWB,18,Assam,292,KARBI ANGLONG,DONKA,DONKA,Diphu,-,-,-,-,-,-,25.84166667,93.45000000,25-05-2013 00:00,7.8,579,"",0,196,160.7,"","",9.77,"","","",214,31.6,32.86,0.9,"",0.51,"","","","","","","","",""
709,Diphu,CGWB,18,Assam,292,KARBI ANGLONG,DONKA,DONKA,Diphu,-,-,-,-,-,-,25.84166667,93.45000000,25-05-2014 00:00,8.5,534,"",40,96,145.36,44.8,"",17,"","","",204,52.8,17.57,15.2,"",0.45,"","","","","","","","",""
710,Diphu,CGWB,18,Assam,292,KARBI ANGLONG,DONKA,DONKA,Diphu,-,-,-,-,-,-,25.84166667,93.45000000,25-05-2015 00:00,8.38,389.8,"",16,120,125.03,66,"",33.4,"","","",124,32,10.74,45.28,"",0.36,"","","","","","","","",""
711,Diphu,CGWB,18,Assam,292,KARBI ANGLONG,DONKA,DONKA,Diphu,-,-,-,-,-,-,25.84166667,93.45000000,25-05-2016 00:00,7.6,588.8,295.2,0,200,200,55,"",5.1,"","","",220,35.2,32,21.05,"",1.21,"","","","","","","","",""
712,Diphu,CGWB,18,Assam,292,KARBI ANGLONG,DONKA,DONKA,Diphu,-,-,-,-,-,-,25.84166667,93.45000000,25-05-2018 00:00,7.898,1081,581.3,0,285.228,285.228,99.26,"",51.4217,"",0,"",275,56.0448,32.739807,42.69,"",0.0602,0,"","","","","","","",""
713,Dirgheswari,CGWB,18,Assam,291,KAMRUP,NORTH GUWAHATI,NORTH GUWAHATI,Dirgheswari,-,-,-,-,-,-,26.23833333,91.74277778,25-05-2005 00:00,7.07,170,"",0,37,30.3,"","",0,"","","",40,"",9.73,"","",0.12,"","","","","","","","",""
714,Dirgheswari,CGWB,18,Assam,291,KAMRUP,NORTH GUWAHATI,NORTH GUWAHATI,Dirgheswari,-,-,-,-,-,-,26.23833333,91.74277778,25-05-2006 00:00,7.08,225,"",0,49,"","","",10,"","","",40,10,3.6,"","",0.32,"","","","","","","","",""
715,Dirgheswari,CGWB,18,Assam,291,KAMRUP,NORTH GUWAHATI,NORTH GUWAHATI,Dirgheswari,-,-,-,-,-,-,26.23833333,91.74277778,25-05-2007 00:00,7.38,212,"",0,42.7,"","","",9,"","","",35,10,2.43,"","",0.35,"","","","","","","","",""
716,Dirgheswari,CGWB,18,Assam,291,KAMRUP,NORTH GUWAHATI,NORTH GUWAHATI,Dirgheswari,-,-,-,-,-,-,26.23833333,91.74277778,25-05-2008 00:00,7.38,212,"",0,42.7,"","","",9,"","","",35,10,2.43,"","",0.35,"","","","","","","","",""
717,Dirgheswari,CGWB,18,Assam,291,KAMRUP,NORTH GUWAHATI,NORTH GUWAHATI,Dirgheswari,-,-,-,-,-,-,26.23833333,91.74277778,25-05-2010 00:00,8.5,738,"",32,116,"","","",28.25,"","","",192,46.4,18.45,18.3,"",0.81,"","","","","","","","",""
718,Dirgheswari,CGWB,18,Assam,291,KAMRUP,NORTH GUWAHATI,NORTH GUWAHATI,Dirgheswari,-,-,-,-,-,-,26.23833333,91.74277778,25-05-2011 00:00,8.13,435,"",0,79.95,"","","","","","","",155,30,26.5,44,"","","","","","","","","","",""
719,Dirgheswari,CGWB,18,Assam,291,KAMRUP,NORTH GUWAHATI,NORTH GUWAHATI,Dirgheswari,-,-,-,-,-,-,26.23833333,91.74277778,25-05-2012 00:00,8.13,435,"",0,79.9,65.5,"","","","","","",155,20,25.55,44,"","","","","","","","","","",""
720,Dirgheswari,CGWB,18,Assam,291,KAMRUP,NORTH GUWAHATI,NORTH GUWAHATI,Dirgheswari,-,-,-,-,-,-,26.23833333,91.74277778,25-05-2013 00:00,8.5,618,"",32,116,148.4,"","",28.25,"","","",192,46.4,18.53,15,"",0.81,"","","","","","","","",""
721,Dirgheswari,CGWB,18,Assam,291,KAMRUP,NORTH GUWAHATI,NORTH GUWAHATI,Dirgheswari,-,-,-,-,-,-,26.23833333,91.74277778,25-05-2014 00:00,8.5,265,"",16,76,88.96,94,"",26.69,"","","",164,27.2,23.37,42.6,"","","","","","","","","","",""
722,Dirgheswari,CGWB,18,Assam,291,KAMRUP,NORTH GUWAHATI,NORTH GUWAHATI,Dirgheswari,-,-,-,-,-,-,26.23833333,91.74277778,25-05-2015 00:00,8.3,699.1,"",32,108,141.86,86,"",123.4,"","","",164,9.6,34.05,72.69,"",0.86,"","","","","","","","",""
723,Dirgheswari,CGWB,18,Assam,291,KAMRUP,NORTH GUWAHATI,NORTH GUWAHATI,Dirgheswari,-,-,-,-,-,-,26.23833333,91.74277778,25-05-2016 00:00,6.4,669.6,375.5,0,200,200,77.5,"",18.6,"","","",250,56,26.7,24.77,"",0.17,"","","","","","","","",""
724,Dirgheswari,CGWB,18,Assam,291,KAMRUP,NORTH GUWAHATI,NORTH GUWAHATI,Dirgheswari,-,-,-,-,-,-,26.23833333,91.74277778,25-05-2018 00:00,6.53,333.2,176.5,0,70.056,70.056,17.725,"",18.9424,"",0,"",40,8.0064,4.8504853,18.51,"",3.5384,0,"","","","","","","",""
725,Dirgheswari,CGWB,18,Assam,291,KAMRUP,NORTH GUWAHATI,NORTH GUWAHATI,Dirgheswari,-,-,-,-,-,-,26.23833333,91.74277778,30-05-2021 08:00,7.68,114,"",0,18.3,"",18.158,"",15.25,"","","",29,6,3.4,12.71,"","","","","","","","","","",""
726,Dirpai,CGWB,18,Assam,284,DHEMAJI,DHEMAJI,DHEMAJI,Dirpai,-,-,-,-,-,-,27.47500000,94.54444444,25-05-2006 00:00,7.4,250,"","","","","","","","","","","","","","","","","","","","","","","","",""
727,Dirpai,CGWB,18,Assam,284,DHEMAJI,DHEMAJI,DHEMAJI,Dirpai,-,-,-,-,-,-,27.47500000,94.54444444,25-05-2018 00:00,6.494,122.1,51.58,0,61,50.04,14.18,"",8.0997,"",0,"",50,12.0096,4.8485436,5.38,"",0.3892,0,"","","","","","","",""
728,Dishobai,CGWB,18,Assam,292,KARBI ANGLONG,-,-,-,-,-,-,-,-,-,26.06361000,93.18500000,30-05-2021 08:00,8.21,351,"",0,174.3,"",24,"",13.7,"","","",99,18.79,12.64,32.7,"","","","","","","","","","",""
729,Doboka,CGWB,18,Assam,297,NAGAON,SAMAGURI,SAMAGURI,Doboka,-,-,-,-,-,-,26.19166667,92.85000000,25-05-2005 00:00,7.32,373,"",0,153,"","","",11,"","","",115,36,6.1,"","",1.4,"","","","","","","","",""
730,Doboka,CGWB,18,Assam,297,NAGAON,SAMAGURI,SAMAGURI,Doboka,-,-,-,-,-,-,26.19166667,92.85000000,25-05-2006 00:00,6.88,217,"",0,49,"","","",5,"","","",25,8,1.2,"","",0.86,"","","","","","","","",""
731,Doboka,CGWB,18,Assam,297,NAGAON,SAMAGURI,SAMAGURI,Doboka,-,-,-,-,-,-,26.19166667,92.85000000,25-05-2007 00:00,7.88,550,"",0,268,"","","",14,"","","",135,37,10,"","",0.79,"","","","","","","","",""
732,Doboka,CGWB,18,Assam,297,NAGAON,SAMAGURI,SAMAGURI,Doboka,-,-,-,-,-,-,26.19166667,92.85000000,25-05-2008 00:00,7.2,292,"",0,122,"","","","","","","",105,32,6.1,"","",0.24,"","","","","","","","",""
733,Doboka,CGWB,18,Assam,297,NAGAON,SAMAGURI,SAMAGURI,Doboka,-,-,-,-,-,-,26.19166667,92.85000000,25-05-2009 00:00,8.21,624,"",0,135,110.7,"","",12,"","","",135,51,1.89,"","",2.01,"","","","","","","","",""
734,Doboka,CGWB,18,Assam,297,NAGAON,SAMAGURI,SAMAGURI,Doboka,-,-,-,-,-,-,26.19166667,92.85000000,25-05-2014 00:00,8.7,108,"",16,40,59.45,24,"",2.4,"","","",56,16,3.91,15.9,"",1.19,"","","","","","","","",""
735,Doboka,CGWB,18,Assam,297,NAGAON,SAMAGURI,SAMAGURI,Doboka,-,-,-,-,-,-,26.19166667,92.85000000,25-05-2015 00:00,8.4,72.15,"",16,84,95.52,24,"",1.9,"","","",96,30.4,4.9,15.2,"",0.22,"","","","","","","","",""
736,Doboka,CGWB,18,Assam,297,NAGAON,SAMAGURI,SAMAGURI,Doboka,-,-,-,-,-,-,26.19166667,92.85000000,25-05-2016 00:00,8,122.8,70.27,0,105,105,20,"",32.2,"","","",70,24,2.4,20.67,"",1.88,"","","","","","","","",""
737,Doboka,CGWB,18,Assam,297,NAGAON,SAMAGURI,SAMAGURI,Doboka,-,-,-,-,-,-,26.19166667,92.85000000,25-05-2017 00:00,7.46,168,110.88,"",65,65,17.73,"",5.770323,"","","",55,14,4.8543687,5.43,"",2.9,"","","","","","","","",""
738,Doboka,CGWB,18,Assam,297,NAGAON,SAMAGURI,SAMAGURI,Doboka,-,-,-,-,-,-,26.19166667,92.85000000,30-05-2021 08:00,7.9,350,"",0,189,"",14,"",17,"","","",102,41,18,6,"","","","","","","","","","",""
739,Dokmoka,CGWB,18,Assam,292,KARBI ANGLONG,-,-,-,-,-,-,-,-,-,26.20833300,93.06555600,30-05-2021 08:00,7.8,150,"",0,73,"",12,"",1,"","","",41,16,2,13,"","","","","","","","","","",""
740,Dolanghat chara,CGWB,18,Assam,295,LAKHIMPUR,NOWBOICHA,NOWBOICHA,Dolanghat chara,-,-,-,-,-,-,27.16666667,94.00000000,25-05-2005 00:00,7.04,181,"",0,85,"","","",23,"","","",115,30,9.7,"","",0.98,"","","","","","","","",""
741,Dolanghat chara,CGWB,18,Assam,295,LAKHIMPUR,NOWBOICHA,NOWBOICHA,Dolanghat chara,-,-,-,-,-,-,27.16666667,94.00000000,25-05-2006 00:00,5.87,384,"",0,134,"","","",9,"","","",170,55.2,7.68,"","",0.17,"","","","","","","","",""
742,Dolanghat chara,CGWB,18,Assam,295,LAKHIMPUR,NOWBOICHA,NOWBOICHA,Dolanghat chara,-,-,-,-,-,-,27.16666667,94.00000000,25-05-2008 00:00,8.18,432,"",0,195,"","","",2,"","","",155,50,7,"","",0.17,"","","","","","","","",""
743,Dolanghat chara,CGWB,18,Assam,295,LAKHIMPUR,NOWBOICHA,NOWBOICHA,Dolanghat chara,-,-,-,-,-,-,27.16666667,94.00000000,25-05-2009 00:00,8.29,233,"",0,159.9,131.1,"","",28,"","","",175,40,18.28,"","","","","","","","","","","",""
744,Dolanghat chara,CGWB,18,Assam,295,LAKHIMPUR,NOWBOICHA,NOWBOICHA,Dolanghat chara,-,-,-,-,-,-,27.16666667,94.00000000,25-05-2014 00:00,8.3,313.8,"",36,64,112.46,44.4,"",0.99,"","","",128,38.4,7.83,17.5,"",7.39,"","","","","","","","",""
745,Domar Dolong Tw,CGWB,18,Assam,286,DIBRUGARH,-,-,-,-,-,-,-,-,-,27.21483200,94.95112200,30-05-2019 08:00,7.49,177.6,"",0,115.99272,"",21.27,"","","","","",155,32.0256,18.188349,4.07,"","","","","","","","","","",""
746,Domar Dolong Tw,CGWB,18,Assam,286,DIBRUGARH,-,-,-,-,-,-,-,-,-,27.21483200,94.95112200,30-05-2020 08:00,7.49,177.6,"","",115.99272,"",21.27,"","","","","","",32.0256,18.188349,4.07,"","","","","","","","","","",""
747,Donkamokam,CGWB,18,Assam,292,KARBI ANGLONG,SILONIJAN,SILONIJAN,Donkamokam,-,-,-,-,-,-,25.93333333,92.70861111,25-05-2007 00:00,7.76,251,"",0,97,"","","",12,"","","",75,25,3,"","",0.13,"","","","","","","","",""
748,Donkamokam,CGWB,18,Assam,292,KARBI ANGLONG,SILONIJAN,SILONIJAN,Donkamokam,-,-,-,-,-,-,25.93333333,92.70861111,25-05-2009 00:00,8.08,230,"",0,67,54.9,"","",4,"","","",45,9,5.48,"","","","","","","","","","","",""
749,Donkamokam,CGWB,18,Assam,292,KARBI ANGLONG,SILONIJAN,SILONIJAN,Donkamokam,-,-,-,-,-,-,25.93333333,92.70861111,25-05-2014 00:00,8.3,87.9,"",16,40,59.45,42,"",1.1,"","","",80,20.8,6.83,19.5,"",0.14,"","","","","","","","",""
750,Donkamokam,CGWB,18,Assam,292,KARBI ANGLONG,SILONIJAN,SILONIJAN,Donkamokam,-,-,-,-,-,-,25.93333333,92.70861111,30-05-2021 08:00,7.76,800,"",0,201,"",86,"",104,"","","",82,33,55,44,"","","","","","","","","","",""
751,Dotma,CGWB,18,Assam,294,KOKRAJHAR,DOTOMA,DOTOMA,Dotma,-,-,-,-,-,-,26.49166667,90.15833333,25-05-2006 00:00,6.95,152,"",0,55,"","","",11,"","","",50,16,2.4,"","",0.5,"","","","","","","","",""
752,Dotma,CGWB,18,Assam,294,KOKRAJHAR,DOTOMA,DOTOMA,Dotma,-,-,-,-,-,-,26.49166667,90.15833333,30-05-2021 08:00,8.25,760,"",0,183,"",78.1,"",57.6,0,"","",210,28,34.048,72,"","","","","","","","","","",""
753,Dudhnai,CGWB,18,Assam,287,GOALPARA,DUDHNOI,DUDHNOI,Dudhnai,-,-,-,-,-,-,25.98083333,90.80416667,25-05-2005 00:00,7.27,426,"",0,49,"","","",9,"","","",75,24,3.6,"","",5.35,"","","","","","","","",""
754,Dudhnai,CGWB,18,Assam,287,GOALPARA,DUDHNOI,DUDHNOI,Dudhnai,-,-,-,-,-,-,25.98083333,90.80416667,25-05-2006 00:00,7.1,412,"",0,55,"","","",8,"","","",65,20,3.6,"","",0.14,"","","","","","","","",""
755,Dudhnai,CGWB,18,Assam,287,GOALPARA,DUDHNOI,DUDHNOI,Dudhnai,-,-,-,-,-,-,25.98083333,90.80416667,25-05-2007 00:00,7.39,486,"",0,91,"","","",15,"","","",80,25,5,"","",0.07,"","","","","","","","",""
756,Dudhnai,CGWB,18,Assam,287,GOALPARA,DUDHNOI,DUDHNOI,Dudhnai,-,-,-,-,-,-,25.98083333,90.80416667,25-05-2008 00:00,7.52,312,"",0,61,"","","",2,"","","",65,10,9.7,"","",0.12,"","","","","","","","",""
757,Dudhnai,CGWB,18,Assam,287,GOALPARA,DUDHNOI,DUDHNOI,Dudhnai,-,-,-,-,-,-,25.98083333,90.80416667,25-05-2009 00:00,8.17,320,"",0,36.9,30.3,"","",10,"","","",55,10,7.31,"","",0.02,"","","","","","","","",""
758,Dudhnai,CGWB,18,Assam,287,GOALPARA,DUDHNOI,DUDHNOI,Dudhnai,-,-,-,-,-,-,25.98083333,90.80416667,25-05-2010 00:00,7.1,371,"",0,40,"","","",5.69,"","","",52,14,4.12,37.8,"",0.23,"","","","","","","","",""
759,Dudhnai,CGWB,18,Assam,287,GOALPARA,DUDHNOI,DUDHNOI,Dudhnai,-,-,-,-,-,-,25.98083333,90.80416667,25-05-2011 00:00,7.45,346,"",0,30.75,"","","","","","","",140,10,28.75,32,"","","","","","","","","","",""
760,Dudhnai,CGWB,18,Assam,287,GOALPARA,DUDHNOI,DUDHNOI,Dudhnai,-,-,-,-,-,-,25.98083333,90.80416667,25-05-2012 00:00,7.45,346,"",0,30.7,25.2,"","","","","","",140,10,28.75,32,"","","","","","","","","","",""
761,Dudhnai,CGWB,18,Assam,287,GOALPARA,DUDHNOI,DUDHNOI,Dudhnai,-,-,-,-,-,-,25.98083333,90.80416667,25-05-2013 00:00,7.1,311,"",0,40,32.8,"","",22.69,"","","",52,14,4.15,16,"",0.23,"","","","","","","","",""
762,Dudhnai,CGWB,18,Assam,287,GOALPARA,DUDHNOI,DUDHNOI,Dudhnai,-,-,-,-,-,-,25.98083333,90.80416667,25-05-2014 00:00,7.73,320,"","",56,45.9,92.3,"",8.51,"","","",76,19.2,6.83,41,"",0.08,"","","","","","","","",""
763,Dudhnai,CGWB,18,Assam,287,GOALPARA,DUDHNOI,DUDHNOI,Dudhnai,-,-,-,-,-,-,25.98083333,90.80416667,25-05-2015 00:00,8.3,533.7,"",48,88,152.13,72,"",5.2,"","","",116,28.8,10.73,54.4,"",0.21,"","","","","","","","",""
764,Dudhnai,CGWB,18,Assam,287,GOALPARA,DUDHNOI,DUDHNOI,Dudhnai,-,-,-,-,-,-,25.98083333,90.80416667,25-05-2016 00:00,7.4,304.2,162.7,0,50,50,60,"",3.1,"","","",45,12,3.6,31.51,"",0.31,"","","","","","","","",""
765,Dudhnai,CGWB,18,Assam,287,GOALPARA,DUDHNOI,DUDHNOI,Dudhnai,-,-,-,-,-,-,25.98083333,90.80416667,25-05-2018 00:00,7.134,409.1,217.8,0,75.06,75.06,77.99,"",35.4804,"",0,"",100,30.024,6.053398,28.32,"",0.0161,0,"","","","","","","",""
766,Dudhnoi II,CGWB,18,Assam,287,GOALPARA,-,-,-,-,-,-,-,-,-,25.95194000,90.77306000,30-05-2019 08:00,7.67,132.4,"",0,140.41225,"",7.09,"","","","","",70,12.0096,9.702912,9.76,"","","","","","","","","","",""
767,Dudhnoi II,CGWB,18,Assam,287,GOALPARA,-,-,-,-,-,-,-,-,-,25.95194000,90.77306000,30-05-2020 08:00,7.67,132.4,"","",140.41225,"",7.09,"","","","","","",12.0096,9.702912,9.76,"","","","","","","","","","",""
768,Dumnibazar,CGWB,18,Assam,298,NALBARI,TIHU,TIHU,Dumnibazar,-,-,-,-,-,-,26.59166667,91.31500000,25-05-2005 00:00,7.85,702,"",0,238,"","","",35,"","","",190,62,8.5,"","",0.33,"","","","","","","","",""
769,Dwarbond,CGWB,18,Assam,282,CACHAR,-,-,-,-,-,-,-,-,-,24.58417000,92.01667000,30-05-2021 08:00,7.91,722,469.3,0,289.59567,"",51.973545,"",9,"","","",255,72,18.24,48,"","","","","","","","","","",""
770,Fulertol,CGWB,18,Assam,282,CACHAR,-,-,-,-,-,-,-,-,-,24.79028000,93.00528000,30-05-2021 08:00,7.73,900,"",0,146,"",112,"",99,"","","",200,42,23,60,"","","","","","","","","","",""
771,Garmari gaon,CGWB,18,Assam,296,MARIGAON,MARIGAON,MARIGAON,Garmari gaon,-,-,-,-,-,-,26.25583333,92.22944444,25-05-2014 00:00,8.5,218.6,"",64,130,213.22,42,"",1.1,"","","",204,54.4,16.6,19.58,"",0.24,"","","","","","","","",""
772,Garmari gaon,CGWB,18,Assam,296,MARIGAON,MARIGAON,MARIGAON,Garmari gaon,-,-,-,-,-,-,26.25583333,92.22944444,25-05-2017 00:00,8.5,408.2,269.41,30,285,315,49.63,"",1.1,"","","",145,42,9.708738,83.16,"",0.53,"","","","","","","","",""
773,Garubassa,CGWB,18,Assam,294,KOKRAJHAR,SIDLI(PT),SIDLI(PT),Garubassa,-,-,-,-,-,-,26.55833333,90.38333333,25-05-2006 00:00,7.07,131,"",0,55,"","","",4,"","","",40,12,2.4,"","",0.08,"","","","","","","","",""
774,Garubassa,CGWB,18,Assam,294,KOKRAJHAR,SIDLI(PT),SIDLI(PT),Garubassa,-,-,-,-,-,-,26.55833333,90.38333333,25-05-2007 00:00,7.66,850,"",0,354,"","","",13,"","","",290,72,27,"","",0.74,"","","","","","","","",""
775,Garubassa,CGWB,18,Assam,294,KOKRAJHAR,SIDLI(PT),SIDLI(PT),Garubassa,-,-,-,-,-,-,26.55833333,90.38333333,25-05-2015 00:00,8.31,418,"",32,72,112.35,132,"",33.9,"","","",100,22.4,10.73,69.46,"",0.9,"","","","","","","","",""
776,Garubassa,CGWB,18,Assam,294,KOKRAJHAR,SIDLI(PT),SIDLI(PT),Garubassa,-,-,-,-,-,-,26.55833333,90.38333333,30-05-2021 08:00,8.22,380,"",0,219.6,"",17.75,"",0,0,"","",190,68,4.864,5.1,"","","","","","","","","","",""
777,Garumari,CGWB,18,Assam,301,SONITPUR,CHARIDUAR,CHARIDUAR,Garumari,-,-,-,-,-,-,26.86666667,92.81250000,25-05-2005 00:00,7.48,108,"",0,39,"","","",21,"","","",60,14,6.1,"","",1.17,"","","","","","","","",""
778,Garumari,CGWB,18,Assam,301,SONITPUR,CHARIDUAR,CHARIDUAR,Garumari,-,-,-,-,-,-,26.86666667,92.81250000,25-05-2006 00:00,6.82,163,"",0,49,"","","",11,"","","",60,16.8,4.32,"","",0.29,"","","","","","","","",""
779,Garumari,CGWB,18,Assam,301,SONITPUR,CHARIDUAR,CHARIDUAR,Garumari,-,-,-,-,-,-,26.86666667,92.81250000,25-05-2008 00:00,8.12,353,"",0,134,"","","",7,"","","",110,32,17,"","",1.07,"","","","","","","","",""
780,Garumari,CGWB,18,Assam,301,SONITPUR,CHARIDUAR,CHARIDUAR,Garumari,-,-,-,-,-,-,26.86666667,92.81250000,25-05-2009 00:00,8.28,271,"",0,129.15,105.9,"","",22,"","","",95,36,1.26,"","",0.57,"","","","","","","","",""
781,Garumari,CGWB,18,Assam,301,SONITPUR,CHARIDUAR,CHARIDUAR,Garumari,-,-,-,-,-,-,26.86666667,92.81250000,25-05-2014 00:00,8.5,107,"",8,60,62.51,32,"",22.86,"","","",100,20.8,11.7,10.6,"",0.22,"","","","","","","","",""
782,Garumari,CGWB,18,Assam,301,SONITPUR,CHARIDUAR,CHARIDUAR,Garumari,-,-,-,-,-,-,26.86666667,92.81250000,25-05-2015 00:00,8.35,204.1,"",32,36,82.84,22,"",33.6,"","","",48,11.2,4.88,29.62,"",0.04,"","","","","","","","",""
783,Garumari,CGWB,18,Assam,301,SONITPUR,CHARIDUAR,CHARIDUAR,Garumari,-,-,-,-,-,-,26.86666667,92.81250000,25-05-2016 00:00,8.3,178,87.95,20,55,75,15,"",9.2,"","","",55,12,6.1,19.5,"",0.24,"","","","","","","","",""
784,Garumari,CGWB,18,Assam,301,SONITPUR,CHARIDUAR,CHARIDUAR,Garumari,-,-,-,-,-,-,26.86666667,92.81250000,25-05-2017 00:00,7.52,245.6,162.1,"",75,75,28.36,"",9.841899,"","","",80,14,10.92233,11.63,"",0.33,"","","","","","","","",""
785,Garumari/Ghoramari,CGWB,18,Assam,301,SONITPUR,-,-,-,-,-,-,-,-,-,26.57000000,92.77000000,30-05-2019 08:00,7.25,249.2,"",0,91.5732,"",38.995,"","","","","",100,34.0272,3.6242719,9.12,"","","","","","","","","","",""
786,Garumari/Ghoramari,CGWB,18,Assam,301,SONITPUR,-,-,-,-,-,-,-,-,-,26.57000000,92.77000000,30-05-2020 08:00,7.25,249.2,"","",91.5732,"",38.995,"","","","","","",34.0272,3.6242719,9.12,"","","","","","","","","","",""
787,Gelabil (thelamara),CGWB,18,Assam,283,DARRANG,MAZBAT,MAZBAT,Gelabil (thelamara),-,-,-,-,-,-,26.71388889,92.29583333,25-05-2005 00:00,6.97,209,"",0,49,"","","",4,"","","",50,14,3.6,"","",1.61,"","","","","","","","",""
788,Gelabil (thelamara),CGWB,18,Assam,283,DARRANG,MAZBAT,MAZBAT,Gelabil (thelamara),-,-,-,-,-,-,26.71388889,92.29583333,25-05-2006 00:00,7.45,485,"",0,153,"","","",25,"","","",140,42,8.5,"","",0.32,"","","","","","","","",""
789,Gelabil (thelamara),CGWB,18,Assam,283,DARRANG,MAZBAT,MAZBAT,Gelabil (thelamara),-,-,-,-,-,-,26.71388889,92.29583333,25-05-2015 00:00,7.97,110.6,"","",128,104.92,16,"",1.3,"","","",52,9.6,6.82,36.6,"",0.11,"","","","","","","","",""
790,Gelabil (thelamara),CGWB,18,Assam,283,DARRANG,MAZBAT,MAZBAT,Gelabil (thelamara),-,-,-,-,-,-,26.71388889,92.29583333,25-05-2016 00:00,7.7,196.1,103.5,0,70,70,27.5,"",17.1,"","","",70,14,8.5,12.89,"",8.38,"","","","","","","","",""
791,Geleki,CGWB,18,Assam,300,SIVSAGAR,NAZIRA,NAZIRA,Geleki,-,-,-,-,-,-,26.80416667,94.70833333,25-05-2006 00:00,7.41,329,"",0,146,"","","",44,"","","",70,18,6.1,"","",5.25,"","","","","","","","",""
792,Geleki,CGWB,18,Assam,300,SIVSAGAR,NAZIRA,NAZIRA,Geleki,-,-,-,-,-,-,26.80416667,94.70833333,25-05-2007 00:00,7.96,523,"",0,164,"","","",26,"","","",180,58,9,"","",0.14,"","","","","","","","",""
793,Geleki,CGWB,18,Assam,300,SIVSAGAR,NAZIRA,NAZIRA,Geleki,-,-,-,-,-,-,26.80416667,94.70833333,25-05-2008 00:00,7.96,523,"",0,164,"","","",26,"","","",180,58,9,"","",0.14,"","","","","","","","",""
794,Ghungoor,CGWB,18,Assam,282,CACHAR,SILCHAR,SILCHAR,Ghungoor,-,-,-,-,-,-,24.78888889,92.79833333,25-05-2010 00:00,8,104,"",0,64,"","","",2.24,"","","",56,16,3.88,4.49,"",0.41,"","","","","","","","",""
795,Gogamukh,CGWB,18,Assam,284,DHEMAJI,DHEMAJI,DHEMAJI,Gogamukh,-,-,-,-,-,-,27.50000000,94.54444444,25-05-2005 00:00,7.39,346,"",0,250,"","","",28,"","","",240,70,16,"","",1.53,"","","","","","","","",""
796,Gogamukh,CGWB,18,Assam,284,DHEMAJI,DHEMAJI,DHEMAJI,Gogamukh,-,-,-,-,-,-,27.50000000,94.54444444,25-05-2006 00:00,8.25,756,"",0,299,"","","",8,"","","",215,48,24,"","",3.57,"","","","","","","","",""
797,Gohpur,CGWB,18,Assam,301,SONITPUR,GOHPUR,GOHPUR,Gohpur,-,-,-,-,-,-,26.89166667,93.62500000,25-05-2005 00:00,8.14,165,"",0,55,"","","",16,"","","",75,12,11,"","",3.26,"","","","","","","","",""
798,Gohpur,CGWB,18,Assam,301,SONITPUR,GOHPUR,GOHPUR,Gohpur,-,-,-,-,-,-,26.89166667,93.62500000,25-05-2006 00:00,6.92,215,"",0,73,"","","",15,"","","",90,23.1,7.74,"","",1.78,"","","","","","","","",""
799,Gohpur,CGWB,18,Assam,301,SONITPUR,GOHPUR,GOHPUR,Gohpur,-,-,-,-,-,-,26.89166667,93.62500000,25-05-2014 00:00,8.3,398.9,"",40,36,96.17,85.4,"",15.4,"","","",204,43.2,23.39,13.1,"",9.22,"","","","","","","","",""
800,Gohpur,CGWB,18,Assam,301,SONITPUR,GOHPUR,GOHPUR,Gohpur,-,-,-,-,-,-,26.89166667,93.62500000,25-05-2015 00:00,8.31,468.3,"",40,76,128.96,58,"",10.1,"","","",140,28.8,16,30.58,"",14.48,"","","","","","","","",""
801,Gohpur,CGWB,18,Assam,301,SONITPUR,GOHPUR,GOHPUR,Gohpur,-,-,-,-,-,-,26.89166667,93.62500000,25-05-2016 00:00,8.3,572.4,279.9,20,70,90,70,"",16,"","","",130,24,17,29.89,"",12.96,"","","","","","","","",""
802,Gohpur,CGWB,18,Assam,301,SONITPUR,GOHPUR,GOHPUR,Gohpur,-,-,-,-,-,-,26.89166667,93.62500000,25-05-2018 00:00,7.66,139.8,92.268,0,97.6,80.064,17.725,"",11.6,"",0,"",70,14.0112,8.48835,7.57,"",2.0061,0,"","","","","","","",""
803,Golaghat,CGWB,18,Assam,288,GOLAGHAT,GOLAGHAT,GOLAGHAT,Golaghat,-,-,-,-,-,-,26.53333333,93.98333333,25-05-2006 00:00,7.14,256,"",0,43,"","","",41,"","","",70,22,3.6,"","",0.98,"","","","","","","","",""
804,Golaghat,CGWB,18,Assam,288,GOLAGHAT,GOLAGHAT,GOLAGHAT,Golaghat,-,-,-,-,-,-,26.53333333,93.98333333,25-05-2007 00:00,7.68,97,"",0,49,"","","",6,"","","",35,10,2.4,"","",0.15,"","","","","","","","",""
805,Golaghat,CGWB,18,Assam,288,GOLAGHAT,GOLAGHAT,GOLAGHAT,Golaghat,-,-,-,-,-,-,26.53333333,93.98333333,25-05-2008 00:00,8.21,685,"",0,231,"","","",13,"","","",185,52,13,"","",0.29,"","","","","","","","",""
806,Golaghat,CGWB,18,Assam,288,GOLAGHAT,GOLAGHAT,GOLAGHAT,Golaghat,-,-,-,-,-,-,26.53333333,93.98333333,25-05-2011 00:00,8.2,169,"",0,100,"","","","","","","",115,14,20,18,"","","","","","","","","","",""
807,Golaghat,CGWB,18,Assam,288,GOLAGHAT,GOLAGHAT,GOLAGHAT,Golaghat,-,-,-,-,-,-,26.53333333,93.98333333,25-05-2012 00:00,8.2,169,"",0,100,82,"","","","","","",115,14,20,18,"","","","","","","","","","",""
808,Golaghat,CGWB,18,Assam,288,GOLAGHAT,GOLAGHAT,GOLAGHAT,Golaghat,-,-,-,-,-,-,26.53333333,93.98333333,25-05-2015 00:00,8.37,361,"",96,72,219.02,30,"",2,"","","",140,30.4,15.6,41.7,"",3.44,"","","","","","","","",""
809,Gomotha,CGWB,18,Assam,297,NAGAON,-,-,-,-,-,-,-,-,-,26.34556000,92.74861100,30-05-2019 08:00,7.6,426.9,"",0,305.244,"",17.725,"","","","","",195,22.0176,33.969902,26.02,"","","","","","","","","","",""
810,Gomotha,CGWB,18,Assam,297,NAGAON,-,-,-,-,-,-,-,-,-,26.34556000,92.74861100,30-05-2020 08:00,7.6,426.9,"","",305.244,"",17.725,"","","","","","",22.0176,33.969902,26.02,"","","","","","","","","","",""
811,Gomotha,CGWB,18,Assam,297,NAGAON,-,-,-,-,-,-,-,-,-,26.34556000,92.74861100,30-05-2021 08:00,7.76,763,"",0,129.32,"",123.236,"",85.8,"","","",182,41.2,18.96,81.41,"","","","","","","","","","",""
812,Goreswar,CGWB,18,Assam,291,KAMRUP,GORESWAR,GORESWAR,Goreswar,-,-,-,-,-,-,26.53194444,91.73194444,25-05-2005 00:00,7.77,310,"",0,159,"","","",3,"","","",120,36,7.3,"","",3.98,"","","","","","","","",""
813,Goreswar,CGWB,18,Assam,291,KAMRUP,GORESWAR,GORESWAR,Goreswar,-,-,-,-,-,-,26.53194444,91.73194444,25-05-2006 00:00,7.56,371,"",0,207,"","","",6,"","","",160,44,12,"","",3.12,"","","","","","","","",""
814,Goroibari,CGWB,18,Assam,617,Udalguri,-,-,-,-,-,-,-,-,-,26.75139000,92.14167000,30-05-2021 08:00,8.4,2395,1556.75,36,378,"",365,"",280,0.09,"","",220,38,30.4,447,"","","","","","","","","","",""
815,Gossaigaon,CGWB,18,Assam,294,KOKRAJHAR,GOSSAIGAON,GOSSAIGAON,Gossaigaon,-,-,-,-,-,-,26.44166667,89.96666667,25-05-2006 00:00,7.08,165,"",0,85,"","","",1,"","","",60,22,1.2,"","",1.67,"","","","","","","","",""
816,Gossaigaon,CGWB,18,Assam,294,KOKRAJHAR,GOSSAIGAON,GOSSAIGAON,Gossaigaon,-,-,-,-,-,-,26.44166667,89.96666667,25-05-2007 00:00,7.38,177,"",0,43,"","","",5,"","","",40,14,1.2,"","",1.81,"","","","","","","","",""
817,Habranrangapar,CGWB,18,Assam,292,KARBI ANGLONG,PHULONI,PHULONI,Habranrangapar,-,-,-,-,-,-,26.22083333,93.05388889,25-05-2005 00:00,7.42,348,"",0,128,"","","",0,"","","",110,42,1.2,"","",1.61,"","","","","","","","",""
818,Habranrangapar,CGWB,18,Assam,292,KARBI ANGLONG,PHULONI,PHULONI,Habranrangapar,-,-,-,-,-,-,26.22083333,93.05388889,25-05-2006 00:00,7.29,869,"",0,372,"","","",9,"","","",135,80,38,"","",0.2,"","","","","","","","",""
819,Habranrangapar,CGWB,18,Assam,292,KARBI ANGLONG,PHULONI,PHULONI,Habranrangapar,-,-,-,-,-,-,26.22083333,93.05388889,25-05-2007 00:00,7.91,229,"",0,79,"","","",9,"","","",75,21,5,"","",0.5,"","","","","","","","",""
820,Habranrangapar,CGWB,18,Assam,292,KARBI ANGLONG,PHULONI,PHULONI,Habranrangapar,-,-,-,-,-,-,26.22083333,93.05388889,25-05-2009 00:00,8.26,228,"",0,"","","","","","","","",75,16,8.53,"","",1.37,"","","","","","","","",""
821,Habranrangapar,CGWB,18,Assam,292,KARBI ANGLONG,PHULONI,PHULONI,Habranrangapar,-,-,-,-,-,-,26.22083333,93.05388889,25-05-2011 00:00,7.73,264,"",0,153.75,"","","",0,"","","",95,30,5,34.5,"",0.91,"","","","","","","","",""
822,Habranrangapar,CGWB,18,Assam,292,KARBI ANGLONG,PHULONI,PHULONI,Habranrangapar,-,-,-,-,-,-,26.22083333,93.05388889,25-05-2012 00:00,7.73,264,"",0,153,125.4,"","","","","","",95,30,4.9,34.5,"",0.91,"","","","","","","","",""
823,Habranrangapar,CGWB,18,Assam,292,KARBI ANGLONG,PHULONI,PHULONI,Habranrangapar,-,-,-,-,-,-,26.22083333,93.05388889,25-05-2014 00:00,8.3,92.9,"",56,60,142.51,20,"",1.1,"","","",80,17.3,8.96,39,"",0.4,"","","","","","","","",""
824,Hajo,CGWB,18,Assam,291,KAMRUP,HAJO,HAJO,Hajo,-,-,-,-,-,-,26.25000000,91.53333333,25-05-2005 00:00,7.83,769,"",0,305,"","","",28,"","","",210,36,29,"","",0.18,"","","","","","","","",""
825,Hajo,CGWB,18,Assam,291,KAMRUP,HAJO,HAJO,Hajo,-,-,-,-,-,-,26.25000000,91.53333333,25-05-2006 00:00,7.46,1561,"",0,647,"","","",43,"","","",470,118,43,"","",0.23,"","","","","","","","",""
826,Hajo,CGWB,18,Assam,291,KAMRUP,HAJO,HAJO,Hajo,-,-,-,-,-,-,26.25000000,91.53333333,25-05-2007 00:00,7.86,1351,"",0,463,"","","",14,"","","",300,25,57,"","",0.83,"","","","","","","","",""
827,Hajo,CGWB,18,Assam,291,KAMRUP,HAJO,HAJO,Hajo,-,-,-,-,-,-,26.25000000,91.53333333,25-05-2008 00:00,7.8,1603,"",0,640,"","","",26,"","","",415,34,81,"","",0.31,"","","","","","","","",""
828,Hajo,CGWB,18,Assam,291,KAMRUP,HAJO,HAJO,Hajo,-,-,-,-,-,-,26.25000000,91.53333333,25-05-2014 00:00,8.7,956,"",104,436,530.71,109.2,"",16.8,"","","",488,182.4,8,98.2,"","","","","","","","","","",""
829,Hajo,CGWB,18,Assam,291,KAMRUP,HAJO,HAJO,Hajo,-,-,-,-,-,-,26.25000000,91.53333333,25-05-2015 00:00,8.3,949.7,"",32,112,145.14,315.9,"",71.8,"","","",272,25.6,50.6,99.07,"",0.41,"","","","","","","","",""
830,Hajo,CGWB,18,Assam,291,KAMRUP,HAJO,HAJO,Hajo,-,-,-,-,-,-,26.25000000,91.53333333,25-05-2016 00:00,7.9,147.1,76.11,0,80,80,10,"",5.8,"","","",30,2,6.1,25.01,"",0.25,"","","","","","","","",""
831,Haldiati sub bt,CGWB,18,Assam,297,NAGAON,SAMAGURI,SAMAGURI,Haldiati sub bt,-,-,-,-,-,-,26.17194444,92.93888889,25-05-2005 00:00,7.45,273,"",0,73,"","","",3,"","","",70,14,8.5,"","",0.53,"","","","","","","","",""
832,Haldiati sub bt,CGWB,18,Assam,297,NAGAON,SAMAGURI,SAMAGURI,Haldiati sub bt,-,-,-,-,-,-,26.17194444,92.93888889,25-05-2006 00:00,6.74,336,"",0,24,"","","",33,"","","",40,14,1.2,"","",0.35,"","","","","","","","",""
833,Haldiati sub bt,CGWB,18,Assam,297,NAGAON,SAMAGURI,SAMAGURI,Haldiati sub bt,-,-,-,-,-,-,26.17194444,92.93888889,25-05-2007 00:00,6.8,178,"",0,67,"","","","","","","",75,18,7.3,"","",0.54,"","","","","","","","",""
834,Haldiati sub bt,CGWB,18,Assam,297,NAGAON,SAMAGURI,SAMAGURI,Haldiati sub bt,-,-,-,-,-,-,26.17194444,92.93888889,25-05-2008 00:00,6.8,178,"",0,67,"","","","","","","",75,18,7.3,"","",0.54,"","","","","","","","",""
835,Haldiati sub bt,CGWB,18,Assam,297,NAGAON,SAMAGURI,SAMAGURI,Haldiati sub bt,-,-,-,-,-,-,26.17194444,92.93888889,25-05-2009 00:00,8.06,264,"",0,98,80.3,"","",10,"","","",45,12,3.66,"","",1.26,"","","","","","","","",""
836,Haldiati sub bt,CGWB,18,Assam,297,NAGAON,SAMAGURI,SAMAGURI,Haldiati sub bt,-,-,-,-,-,-,26.17194444,92.93888889,25-05-2011 00:00,7.28,286,"",0,86,"","","",5,"","","",105,22,12.5,32,"",0.34,"","","","","","","","",""
837,Haldiati sub bt,CGWB,18,Assam,297,NAGAON,SAMAGURI,SAMAGURI,Haldiati sub bt,-,-,-,-,-,-,26.17194444,92.93888889,25-05-2012 00:00,7.28,286,"",0,86,70.5,"","",5,"","","",105,22,12.18,32,"",0.34,"","","","","","","","",""
838,Haldiati sub bt,CGWB,18,Assam,297,NAGAON,SAMAGURI,SAMAGURI,Haldiati sub bt,-,-,-,-,-,-,26.17194444,92.93888889,25-05-2015 00:00,8.3,80.73,"",24,44,76.07,52,"",5.8,"","","",72,16,7.8,34,"",0.25,"","","","","","","","",""
839,Haldiati sub bt,CGWB,18,Assam,297,NAGAON,SAMAGURI,SAMAGURI,Haldiati sub bt,-,-,-,-,-,-,26.17194444,92.93888889,25-05-2016 00:00,7.8,182.2,103.5,0,90,90,37.5,"",69.6,"","","",70,12,9.7,29.19,"",0.44,"","","","","","","","",""
840,Haldiati sub bt,CGWB,18,Assam,297,NAGAON,SAMAGURI,SAMAGURI,Haldiati sub bt,-,-,-,-,-,-,26.17194444,92.93888889,25-05-2017 00:00,7.85,210.3,138.8,"",70,70,39,"",25.2,"","","",65,12,8.495146,33.74,"",0.49,"","","","","","","","",""
841,Haldiati sub bt,CGWB,18,Assam,297,NAGAON,SAMAGURI,SAMAGURI,Haldiati sub bt,-,-,-,-,-,-,26.17194444,92.93888889,25-05-2018 00:00,6.519,190.2,113.4,0,30.024,30.024,31.905,"",5.5655,"",0,"",55,10.008,7.276699,10.89,"",0.124,0,"","","","","","","",""
842,Haldiati sub bt,CGWB,18,Assam,297,NAGAON,SAMAGURI,SAMAGURI,Haldiati sub bt,-,-,-,-,-,-,26.17194444,92.93888889,30-05-2021 08:00,7.97,1000,"",0,425,"",81,"",20,"","","",361,84,37,51,"","","","","","","","","","",""
843,Hamren,CGWB,18,Assam,292,KARBI ANGLONG,SILONIJAN,SILONIJAN,Hamren,-,-,-,-,-,-,25.86333333,92.59694444,25-05-2009 00:00,"","","","","","","","","","","","","","","","","",1.63,"","","","","","","","",""
844,Hanumanbagh,CGWB,18,Assam,300,SIVSAGAR,NAZIRA,NAZIRA,Hanumanbagh,-,-,-,-,-,-,26.90277778,94.72083333,25-05-2007 00:00,7.57,89,"",0,49,"","","",8,"","","",35,4,6.1,"","",0.15,"","","","","","","","",""
845,Hanumanbagh,CGWB,18,Assam,300,SIVSAGAR,NAZIRA,NAZIRA,Hanumanbagh,-,-,-,-,-,-,26.90277778,94.72083333,25-05-2008 00:00,8.01,530,"",0,152,"","","",28,"","","",225,58,19,"","",0.17,"","","","","","","","",""
846,Hanumanbagh,CGWB,18,Assam,300,SIVSAGAR,NAZIRA,NAZIRA,Hanumanbagh,-,-,-,-,-,-,26.90277778,94.72083333,25-05-2011 00:00,7.73,154,"",0,49.2,"","","","","","","",200,16,40,14,"","","","","","","","","","",""
847,Hanumanbagh,CGWB,18,Assam,300,SIVSAGAR,NAZIRA,NAZIRA,Hanumanbagh,-,-,-,-,-,-,26.90277778,94.72083333,25-05-2012 00:00,7.73,154,"",0,49.2,40.3,"","","","","","",200,16,38.92,14,"","","","","","","","","","",""
848,Hapjan,CGWB,18,Assam,292,KARBI ANGLONG,DONKA,DONKA,Hapjan,-,-,-,-,-,-,25.90277778,93.53333333,25-05-2005 00:00,7.95,1670,"","","","","","","","","","","","","","","",0.47,"","","","","","","","",""
849,Hapjan,CGWB,18,Assam,292,KARBI ANGLONG,DONKA,DONKA,Hapjan,-,-,-,-,-,-,25.90277778,93.53333333,25-05-2006 00:00,7.38,636,"",0,287,"","","",8,"","","",245,66,19,"","",7.95,"","","","","","","","",""
850,Hapjan,CGWB,18,Assam,292,KARBI ANGLONG,DONKA,DONKA,Hapjan,-,-,-,-,-,-,25.90277778,93.53333333,25-05-2007 00:00,8.01,102,"",0,55,"","","",7,"","","",30,10,1.2,"","",0.15,"","","","","","","","",""
851,Hapjan,CGWB,18,Assam,292,KARBI ANGLONG,DONKA,DONKA,Hapjan,-,-,-,-,-,-,25.90277778,93.53333333,25-05-2008 00:00,8.24,1802,"",0,915,"","","",64,"","","",190,54,13,"","","","","","","","","","","",""
852,Harmoti,CGWB,18,Assam,295,LAKHIMPUR,BIHPURIA,BIHPURIA,Harmoti,-,-,-,-,-,-,27.12250000,93.85555556,25-05-2005 00:00,7.21,218,"",0,110,"","","",39,"","","",110,34,6.1,"","",0.06,"","","","","","","","",""
853,Harmoti,CGWB,18,Assam,295,LAKHIMPUR,BIHPURIA,BIHPURIA,Harmoti,-,-,-,-,-,-,27.12250000,93.85555556,25-05-2008 00:00,8.21,398,"",0,158,"","","",7,"","","",110,36,5,"","",1.3,"","","","","","","","",""
854,Harmoti,CGWB,18,Assam,295,LAKHIMPUR,BIHPURIA,BIHPURIA,Harmoti,-,-,-,-,-,-,27.12250000,93.85555556,25-05-2014 00:00,8.3,460,"",16,80,92.24,61.5,"",9.61,"","","",128,40,6.86,27.2,"","","","","","","","","","",""
855,Harmoti,CGWB,18,Assam,295,LAKHIMPUR,BIHPURIA,BIHPURIA,Harmoti,-,-,-,-,-,-,27.12250000,93.85555556,25-05-2015 00:00,7.29,76.26,"","",24,19.67,24,"",14.2,"","","",16,6.2,2.13,15.89,"",0.06,"","","","","","","","",""
856,Harmoti,CGWB,18,Assam,295,LAKHIMPUR,BIHPURIA,BIHPURIA,Harmoti,-,-,-,-,-,-,27.12250000,93.85555556,25-05-2016 00:00,8.3,394.2,197.1,40,80,120,37.5,"",12.3,"","","",105,26,9.7,33.54,"",0.12,"","","","","","","","",""
857,Harmoti,CGWB,18,Assam,295,LAKHIMPUR,BIHPURIA,BIHPURIA,Harmoti,-,-,-,-,-,-,27.12250000,93.85555556,25-05-2017 00:00,7.53,524.1,345.91,"",145,145,74.45,"",2.8691633,"","","",125,20,18.203884,31.58,"",2.45,"","","","","","","","",""
858,Harmoti,CGWB,18,Assam,295,LAKHIMPUR,BIHPURIA,BIHPURIA,Harmoti,-,-,-,-,-,-,27.12250000,93.85555556,25-05-2018 00:00,8.116,338.4,185.5,0,146.4,120.096,49.63,"",55.466,"",0,"",150,20.016,24.262136,17.05,"",0.0698,0,"","","","","","","",""
859,Harmoti,CGWB,18,Assam,295,LAKHIMPUR,BIHPURIA,BIHPURIA,Harmoti,-,-,-,-,-,-,27.12250000,93.85555556,30-05-2021 08:00,8.15,1210,786.5,0,195,"",180,"",147,0.29,"","",215,34,31.616,175,"","","","","","","","","","",""
860,Hatenibatha,CGWB,18,Assam,297,NAGAON,-,-,-,-,-,-,-,-,-,26.33611100,92.76138900,30-05-2021 08:00,8.06,385,"",0,70.76,"",56.86,"",28.6,"","","",103,23.6,10.56,32.71,"","","","","","","","","","",""
861,Hatikira,CGWB,18,Assam,293,KARIMGANJ,PATHARKANDI,PATHARKANDI,Hatikira,-,-,-,-,-,-,24.43333333,92.29166667,25-05-2006 00:00,"","","","","","","","","","","","","","","","","",1.16,"","","","","","","","",""
862,Hatikira,CGWB,18,Assam,293,KARIMGANJ,PATHARKANDI,PATHARKANDI,Hatikira,-,-,-,-,-,-,24.43333333,92.29166667,25-05-2007 00:00,8.07,630,"",0,164,"","","",75,"","","",200,48,19,"","",1.18,"","","","","","","","",""
863,Hatikira,CGWB,18,Assam,293,KARIMGANJ,PATHARKANDI,PATHARKANDI,Hatikira,-,-,-,-,-,-,24.43333333,92.29166667,25-05-2009 00:00,8.07,444,"",0,233.7,191.6,"","",52,"","","",180,10,37.7,"","",0.04,"","","","","","","","",""
864,Hatikira,CGWB,18,Assam,293,KARIMGANJ,PATHARKANDI,PATHARKANDI,Hatikira,-,-,-,-,-,-,24.43333333,92.29166667,25-05-2015 00:00,8.3,189.6,"",32,92,128.74,50,"",41.7,"","","",124,36.8,7.82,33.54,"",0.09,"","","","","","","","",""
865,Hatikira,CGWB,18,Assam,293,KARIMGANJ,PATHARKANDI,PATHARKANDI,Hatikira,-,-,-,-,-,-,24.43333333,92.29166667,25-05-2016 00:00,8.3,359.9,166.9,40,35,75,35,"",1.5,"","","",50,8,7.3,34.72,"",0.02,"","","","","","","","",""
866,Hatikira,CGWB,18,Assam,293,KARIMGANJ,PATHARKANDI,PATHARKANDI,Hatikira,-,-,-,-,-,-,24.43333333,92.29166667,25-05-2017 00:00,7.53,88.93,58.69,"",50,50,24.82,"",1.4902852,"","","",40,6,6.067961,15.6,"",2.8,"","","","","","","","",""
867,Hatikira,CGWB,18,Assam,293,KARIMGANJ,PATHARKANDI,PATHARKANDI,Hatikira,-,-,-,-,-,-,24.43333333,92.29166667,25-05-2018 00:00,7.096,1023,552,0,240.192,240.192,166.615,"",23.7962,"",0,"",270,44.0352,38.81359,52.15,"",0.1016,0,"","","","","","","",""
868,Hatitopagaon,CGWB,18,Assam,283,DARRANG,MAZBAT,MAZBAT,Hatitopagaon,-,-,-,-,-,-,26.84472222,92.32111111,30-05-2019 08:00,8.28,268.3,"",18,97.70736,"",46.085,"","","","","",140,26.0208,18.191261,25.18,"","","","","","","","","","",""
869,Hatitopagaon,CGWB,18,Assam,283,DARRANG,MAZBAT,MAZBAT,Hatitopagaon,-,-,-,-,-,-,26.84472222,92.32111111,30-05-2020 08:00,8.28,268.3,"","",97.70736,"",46.085,"","","","","","",26.0208,18.191261,25.18,"","","","","","","","","","",""
870,Hatitopagaon,CGWB,18,Assam,283,DARRANG,MAZBAT,MAZBAT,Hatitopagaon,-,-,-,-,-,-,26.84472222,92.32111111,30-05-2021 08:00,7.8,550,357.5,0,268.4,"",35.45,"",8,0.42,"","",250,80,12.16,55,"","","","","","","","","","",""
871,Hawaipur,CGWB,18,Assam,292,KARBI ANGLONG,SILONIJAN,SILONIJAN,Hawaipur,-,-,-,-,-,-,25.84611111,92.96472222,25-05-2005 00:00,6.48,105,"",0,18,"","","",0,"","","",20,6,1.2,"","",0.48,"","","","","","","","",""
872,Hawaipur,CGWB,18,Assam,292,KARBI ANGLONG,SILONIJAN,SILONIJAN,Hawaipur,-,-,-,-,-,-,25.84611111,92.96472222,25-05-2006 00:00,7.14,696,"",0,232,"","","",21,"","","",225,82,4.9,"","",0.17,"","","","","","","","",""
873,Hawaipur,CGWB,18,Assam,292,KARBI ANGLONG,SILONIJAN,SILONIJAN,Hawaipur,-,-,-,-,-,-,25.84611111,92.96472222,25-05-2009 00:00,8.15,228,"",0,67,54.9,"","",5,"","","",45,9,5.48,"","",1.09,"","","","","","","","",""
874,Hawaipur,CGWB,18,Assam,292,KARBI ANGLONG,SILONIJAN,SILONIJAN,Hawaipur,-,-,-,-,-,-,25.84611111,92.96472222,25-05-2014 00:00,8.3,300.5,"",72,116,215.08,52,"",1,"","","",172,44.8,14.64,59,"",0.15,"","","","","","","","",""
875,Hawajan,CGWB,18,Assam,301,SONITPUR,GOHPUR,GOHPUR,Hawajan,-,-,-,-,-,-,26.87500000,93.74166667,25-05-2005 00:00,7.57,591,"",0,171,"","","",64,"","","",215,54,19,"","",3,"","","","","","","","",""
876,Hawajan,CGWB,18,Assam,301,SONITPUR,GOHPUR,GOHPUR,Hawajan,-,-,-,-,-,-,26.87500000,93.74166667,25-05-2006 00:00,6.14,478,"",0,128.1,"","","",9,"","","",255,54.6,28.44,"","",3.9,"","","","","","","","",""
877,Hawajan,CGWB,18,Assam,301,SONITPUR,GOHPUR,GOHPUR,Hawajan,-,-,-,-,-,-,26.87500000,93.74166667,25-05-2008 00:00,8.14,580,"",0,244,"","","",14,"","","",210,56,17,"","",3.76,"","","","","","","","",""
878,Hawajan,CGWB,18,Assam,301,SONITPUR,GOHPUR,GOHPUR,Hawajan,-,-,-,-,-,-,26.87500000,93.74166667,25-05-2009 00:00,8.72,508,"",24,282.9,271.9,"","",11,"","","",195,62,9.8,"","","","","","","","","","","",""
879,Hengulapara,CGWB,18,Assam,291,KAMRUP,GORESWAR,GORESWAR,Hengulapara,-,-,-,-,-,-,26.49166667,91.76666667,25-05-2005 00:00,7.78,321,"",0,183,"","","",1,"","","",125,38,7.3,"","",1.1,"","","","","","","","",""
880,Hidipi,CGWB,18,Assam,292,KARBI ANGLONG,DIPHU,DIPHU,Hidipi,-,-,-,-,-,-,26.01861111,93.63361111,25-05-2005 00:00,7.36,618,"",0,311,"","","",9,"","","",195,48,18,"","",7.23,"","","","","","","","",""
881,Hidipi,CGWB,18,Assam,292,KARBI ANGLONG,DIPHU,DIPHU,Hidipi,-,-,-,-,-,-,26.01861111,93.63361111,25-05-2006 00:00,7.28,710,"",0,384,"","","",1,"","","",245,58,23,"","",3.17,"","","","","","","","",""
882,Hidipi,CGWB,18,Assam,292,KARBI ANGLONG,DIPHU,DIPHU,Hidipi,-,-,-,-,-,-,26.01861111,93.63361111,25-05-2007 00:00,7.88,98,"",0,49,"","","",8,"","","",30,4,4.9,"","",0.17,"","","","","","","","",""
883,Hidipi,CGWB,18,Assam,292,KARBI ANGLONG,DIPHU,DIPHU,Hidipi,-,-,-,-,-,-,26.01861111,93.63361111,25-05-2008 00:00,8,670,"",0,305,"","","",11,"","","",220,26,38,"","",0.05,"","","","","","","","",""
884,Hidipi,CGWB,18,Assam,292,KARBI ANGLONG,DIPHU,DIPHU,Hidipi,-,-,-,-,-,-,26.01861111,93.63361111,25-05-2015 00:00,8.39,421.5,"",24,156,167.87,38,"",45.3,"","","",152,43.2,22.4,18.36,"",0.19,"","","","","","","","",""
885,Hidipi,CGWB,18,Assam,292,KARBI ANGLONG,DIPHU,DIPHU,Hidipi,-,-,-,-,-,-,26.01861111,93.63361111,25-05-2016 00:00,8.3,464.7,233.4,50,115,165,28.36,"",5.9089627,"","","",155,44,10.9,11.12,"",0.32,"","","","","","","","",""
886,Hidipi,CGWB,18,Assam,292,KARBI ANGLONG,DIPHU,DIPHU,Hidipi,-,-,-,-,-,-,26.01861111,93.63361111,25-05-2018 00:00,8.5,966.4,516,40,355.316,395.316,35.45,"",12.3355,"",0,"",355,54.0432,53.371845,50.38,"",0,0,"","","","","","","",""
887,Hidipi,CGWB,18,Assam,292,KARBI ANGLONG,DIPHU,DIPHU,Hidipi,-,-,-,-,-,-,26.01861111,93.63361111,30-05-2021 08:00,7.48,506,"",0,120.7,"",96.1,"",16.8,"","","",114.6,25.05,12.64,59.2,"","","","","","","","","","",""
888,Islampur,CGWB,18,Assam,295,LAKHIMPUR,BIHPURIA,BIHPURIA,Islampur,-,-,-,-,-,-,27.08194444,93.90000000,25-05-2005 00:00,7.35,52,"",0,32,"","","",3,"","","",30,8,2.4,"","",0.32,"","","","","","","","",""
889,Islampur,CGWB,18,Assam,295,LAKHIMPUR,BIHPURIA,BIHPURIA,Islampur,-,-,-,-,-,-,27.08194444,93.90000000,25-05-2006 00:00,6.07,89,"",0,55,"","","",6,"","","",55,16.8,3.12,"","",0.33,"","","","","","","","",""
890,Islampur,CGWB,18,Assam,295,LAKHIMPUR,BIHPURIA,BIHPURIA,Islampur,-,-,-,-,-,-,27.08194444,93.90000000,25-05-2008 00:00,8.01,104,"",0,36,"","","",3,"","","",50,8,7,"","",0.28,"","","","","","","","",""
891,Islampur,CGWB,18,Assam,295,LAKHIMPUR,BIHPURIA,BIHPURIA,Islampur,-,-,-,-,-,-,27.08194444,93.90000000,25-05-2009 00:00,8.34,73,"",6,73.8,70.5,"","",7,"","","",150,14,27.98,"","",3.29,"","","","","","","","",""
892,Jagiroad,CGWB,18,Assam,296,MARIGAON,MARIGAON,MARIGAON,Jagiroad,-,-,-,-,-,-,26.26138889,92.38138889,25-05-2005 00:00,7.28,515,"",0,110,"","","",40,"","","",130,30,13,"","",0.26,"","","","","","","","",""
893,Jagiroad,CGWB,18,Assam,296,MARIGAON,MARIGAON,MARIGAON,Jagiroad,-,-,-,-,-,-,26.26138889,92.38138889,25-05-2006 00:00,6.85,482,"",0,92,"","","",35,"","","",120,34,8.5,"","",0.08,"","","","","","","","",""
894,Jagiroad,CGWB,18,Assam,296,MARIGAON,MARIGAON,MARIGAON,Jagiroad,-,-,-,-,-,-,26.26138889,92.38138889,25-05-2007 00:00,7.65,540,"",0,103,"","","",43,"","","",145,35,13,"","",3.15,"","","","","","","","",""
895,Jagiroad,CGWB,18,Assam,296,MARIGAON,MARIGAON,MARIGAON,Jagiroad,-,-,-,-,-,-,26.26138889,92.38138889,25-05-2008 00:00,7.5,535,"",0,104,"","","","","","","",135,36,11,"","",0.21,"","","","","","","","",""
896,Jagiroad,CGWB,18,Assam,296,MARIGAON,MARIGAON,MARIGAON,Jagiroad,-,-,-,-,-,-,26.26138889,92.38138889,25-05-2009 00:00,8.29,531,"",0,92,75.4,"","",38,"","","",135,28,15.84,"","",0.33,"","","","","","","","",""
897,Jagiroad,CGWB,18,Assam,296,MARIGAON,MARIGAON,MARIGAON,Jagiroad,-,-,-,-,-,-,26.26138889,92.38138889,25-05-2011 00:00,7.43,936,"",0,110.7,"","","",75,"","","",240,62,21.25,64,"",1.43,"","","","","","","","",""
898,Jagiroad,CGWB,18,Assam,296,MARIGAON,MARIGAON,MARIGAON,Jagiroad,-,-,-,-,-,-,26.26138889,92.38138889,25-05-2012 00:00,7.43,936,"",0,110,90.2,"","",75,"","","",290,62,32.9,64,"",1.43,"","","","","","","","",""
899,Jagiroad,CGWB,18,Assam,296,MARIGAON,MARIGAON,MARIGAON,Jagiroad,-,-,-,-,-,-,26.26138889,92.38138889,25-05-2014 00:00,8.8,487,"",40,16,79.78,70,"",29.98,"","","",172,38.4,18.52,20.2,"",0.58,"","","","","","","","",""
900,Jagiroad,CGWB,18,Assam,296,MARIGAON,MARIGAON,MARIGAON,Jagiroad,-,-,-,-,-,-,26.26138889,92.38138889,25-05-2016 00:00,8.3,487.3,275.9,0,110,110,65,"",42.5,"","","",170,44,14.6,30.01,"",0.48,"","","","","","","","",""
901,Jagiroad,CGWB,18,Assam,296,MARIGAON,MARIGAON,MARIGAON,Jagiroad,-,-,-,-,-,-,26.26138889,92.38138889,25-05-2017 00:00,7.58,419.5,276.87,"",115,115,24.82,"",45.3,"","","",120,30,10.92233,25.1,"",1.67,"","","","","","","","",""
902,Jagiroad,CGWB,18,Assam,296,MARIGAON,MARIGAON,MARIGAON,Jagiroad,-,-,-,-,-,-,26.26138889,92.38138889,25-05-2018 00:00,6.544,760.8,453.4,0,55.044,55.044,35.45,"",32.8222,"",0,"",130,34.0272,10.905826,5.08,"",0.3101,0,"","","","","","","",""
903,Jagun,CGWB,18,Assam,302,TINSUKIA,MARGHERITA,MARGHERITA,Jagun,-,-,-,-,-,-,27.39361111,95.89916667,25-05-2005 00:00,7.21,100,"",0,6.1,"","","",9,"","","",15,4,1.2,"","",1.02,"","","","","","","","",""
904,Jagun,CGWB,18,Assam,302,TINSUKIA,MARGHERITA,MARGHERITA,Jagun,-,-,-,-,-,-,27.39361111,95.89916667,25-05-2007 00:00,7.34,120,"",0,30,"","","","","","","",30,10,1,"","",0.69,"","","","","","","","",""
905,Jagun,CGWB,18,Assam,302,TINSUKIA,MARGHERITA,MARGHERITA,Jagun,-,-,-,-,-,-,27.39361111,95.89916667,25-05-2009 00:00,8.28,70,"",0,53.35,43.7,"","",9,"","","",155,10,31.62,"","",4.64,"","","","","","","","",""
906,Jagun,CGWB,18,Assam,302,TINSUKIA,MARGHERITA,MARGHERITA,Jagun,-,-,-,-,-,-,27.39361111,95.89916667,25-05-2010 00:00,8.1,133,"",0,32,"","","",4.28,"","","",60,19.2,2.91,1.5,"",4.34,"","","","","","","","",""
907,Jagun,CGWB,18,Assam,302,TINSUKIA,MARGHERITA,MARGHERITA,Jagun,-,-,-,-,-,-,27.39361111,95.89916667,25-05-2013 00:00,8.1,103,"",0,32,26.2,"","",4.28,"","","",60,19.2,2.94,0.5,"",0.34,"","","","","","","","",""
908,Jagun,CGWB,18,Assam,302,TINSUKIA,MARGHERITA,MARGHERITA,Jagun,-,-,-,-,-,-,27.39361111,95.89916667,25-05-2014 00:00,8,71.56,"","",32,26.23,28,"",6.6,"","","",52,9.6,6.82,8.49,"","","","","","","","","","",""
909,Jagun,CGWB,18,Assam,302,TINSUKIA,MARGHERITA,MARGHERITA,Jagun,-,-,-,-,-,-,27.39361111,95.89916667,25-05-2016 00:00,7.1,217.3,109.8,0,45,45,31.905,"",1.5636612,"","","",45,10,4.9,16.07,"",0.21,"","","","","","","","",""
910,Jagun,CGWB,18,Assam,302,TINSUKIA,MARGHERITA,MARGHERITA,Jagun,-,-,-,-,-,-,27.39361111,95.89916667,30-05-2021 08:00,7.76,560,364,0,220,"",42.54,"",20,0.05,"","",200,36,26.752,36.2,"","","","","","","","","","",""
911,Jaipur naharani,CGWB,18,Assam,286,DIBRUGARH,NAHARKATIYA,NAHARKATIYA,Jaipur naharani,-,-,-,-,-,-,27.25500000,95.23805556,25-05-2005 00:00,7.86,430,"",0,189,"","","",8,"","","",125,40,6.1,"","",1.26,"","","","","","","","",""
912,Jaipur naharani,CGWB,18,Assam,286,DIBRUGARH,NAHARKATIYA,NAHARKATIYA,Jaipur naharani,-,-,-,-,-,-,27.25500000,95.23805556,25-05-2008 00:00,7.76,258,"",0,91.5,"","","",14,"","","",105,24,10.9,"","",1.08,"","","","","","","","",""
913,Jaipur naharani,CGWB,18,Assam,286,DIBRUGARH,NAHARKATIYA,NAHARKATIYA,Jaipur naharani,-,-,-,-,-,-,27.25500000,95.23805556,25-05-2009 00:00,8.17,108,"",0,55.35,45.4,"","",26,"","","",170,10,35.27,"","",0.37,"","","","","","","","",""
914,Jaipur naharani,CGWB,18,Assam,286,DIBRUGARH,NAHARKATIYA,NAHARKATIYA,Jaipur naharani,-,-,-,-,-,-,27.25500000,95.23805556,30-05-2021 08:00,7.54,2750,1787.5,0,305,"",638.1,"",214,0.45,"","",730,104,114.304,310,"","","","","","","","","","",""
915,Jaipur naharjan,CGWB,18,Assam,302,TINSUKIA,MARGHERITA,MARGHERITA,Jaipur naharjan,-,-,-,-,-,-,27.50000000,95.83333333,25-05-2005 00:00,7.53,210,"",0,98,"","","",16,"","","",80,20,7.3,"","",7.5,"","","","","","","","",""
916,Jaipur naharjan,CGWB,18,Assam,302,TINSUKIA,MARGHERITA,MARGHERITA,Jaipur naharjan,-,-,-,-,-,-,27.50000000,95.83333333,25-05-2007 00:00,7.76,258,"",0,91.5,"","","",14,"","","",105,24,10.9,"","",1.08,"","","","","","","","",""
917,Jaipur naharjan,CGWB,18,Assam,302,TINSUKIA,MARGHERITA,MARGHERITA,Jaipur naharjan,-,-,-,-,-,-,27.50000000,95.83333333,25-05-2014 00:00,8.3,118.7,"",48,16,93.11,26,"",1.3,"","","",80,19.2,7.8,26.3,"","","","","","","","","","",""
918,Jaipur naharjan,CGWB,18,Assam,302,TINSUKIA,MARGHERITA,MARGHERITA,Jaipur naharjan,-,-,-,-,-,-,27.50000000,95.83333333,25-05-2016 00:00,7.1,149.4,75.77,0,60,60,12.5,"",11.1,"","","",65,18,4.9,5.77,"",2.5,"","","","","","","","",""
919,Jaipur naharjan,CGWB,18,Assam,302,TINSUKIA,MARGHERITA,MARGHERITA,Jaipur naharjan,-,-,-,-,-,-,27.50000000,95.83333333,25-05-2018 00:00,6.761,164.7,85.31,0,70.056,70.056,17.725,"",4.8402,"",0,"",70,20.016,4.8446603,6.09,"",0.6048,0,"","","","","","","",""
920,Jaluguti,CGWB,18,Assam,296,MARIGAON,MARIGAON,MARIGAON,Jaluguti,-,-,-,-,-,-,26.26138889,92.38138889,25-05-2009 00:00,"","","","","","","","","","","","","","","","","",0.25,"","","","","","","","",""
921,Jamuguri(north),CGWB,18,Assam,301,SONITPUR,NADUAR,NADUAR,Jamuguri(north),-,-,-,-,-,-,26.71666667,92.92500000,25-05-2005 00:00,7.55,665,"",0,201,"","","",63,"","","",205,62,12,"","",1.4,"","","","","","","","",""
922,Jamuguri(north),CGWB,18,Assam,301,SONITPUR,NADUAR,NADUAR,Jamuguri(north),-,-,-,-,-,-,26.71666667,92.92500000,25-05-2006 00:00,6.97,389,"",0,116,"","","",20,"","","",110,37.8,3.72,"","",1,"","","","","","","","",""
923,Jamuguri(north),CGWB,18,Assam,301,SONITPUR,NADUAR,NADUAR,Jamuguri(north),-,-,-,-,-,-,26.71666667,92.92500000,25-05-2008 00:00,7.98,250,"",0,103,"","","",7,"","","",95,22,9,"","",1.18,"","","","","","","","",""
924,Jamuguri(north),CGWB,18,Assam,301,SONITPUR,NADUAR,NADUAR,Jamuguri(north),-,-,-,-,-,-,26.71666667,92.92500000,25-05-2009 00:00,8.42,178,"",6,98.4,90.7,"","",11,"","","",120,30,10.98,"","",5.94,"","","","","","","","",""
925,Jamuguri(north),CGWB,18,Assam,301,SONITPUR,NADUAR,NADUAR,Jamuguri(north),-,-,-,-,-,-,26.71666667,92.92500000,25-05-2013 00:00,7.7,105,"",0,48,39.3,"","",37.03,"","","",72,14.4,8.77,11.7,"",2.15,"","","","","","","","",""
926,Jamuguri(north),CGWB,18,Assam,301,SONITPUR,NADUAR,NADUAR,Jamuguri(north),-,-,-,-,-,-,26.71666667,92.92500000,25-05-2015 00:00,8.31,215.3,"",24,64,92.46,22,"",1.8,"","","",96,24,3.2,20.26,"",3.26,"","","","","","","","",""
927,Jhargaon,CGWB,18,Assam,616,Baksa,-,-,-,-,-,-,-,-,-,26.56806000,91.58667000,30-05-2019 08:00,8.32,653.3,"",36,122.15616,"",145.345,"","","","","",165,22.0176,26.688349,69.35,"","","","","","","","","","",""
928,Jhargaon,CGWB,18,Assam,616,Baksa,-,-,-,-,-,-,-,-,-,26.56806000,91.58667000,30-05-2020 08:00,8.32,653.3,"","",122.15616,"",145.345,"","","","","","",22.0176,26.688349,69.35,"","","","","","","","","","",""
929,Jonai murkongselek,CGWB,18,Assam,284,DHEMAJI,DHEMAJI,DHEMAJI,Jonai murkongselek,-,-,-,-,-,-,27.50000000,94.54444444,25-05-2005 00:00,7.27,135,"",0,67,"","","",19,"","","",65,16,6.2,"","",0.29,"","","","","","","","",""
930,Jonai murkongselek,CGWB,18,Assam,284,DHEMAJI,DHEMAJI,DHEMAJI,Jonai murkongselek,-,-,-,-,-,-,27.50000000,94.54444444,25-05-2006 00:00,5.76,182,"",0,73,"","","",8,"","","",60,16.8,4.32,"","",0.07,"","","","","","","","",""
931,Jonai murkongselek,CGWB,18,Assam,284,DHEMAJI,DHEMAJI,DHEMAJI,Jonai murkongselek,-,-,-,-,-,-,27.50000000,94.54444444,25-05-2008 00:00,7.97,226,"",0,67,"","","",10,"","","",75,18,7,"","","","","","","","","","","",""
932,Jonai murkongselek,CGWB,18,Assam,284,DHEMAJI,DHEMAJI,DHEMAJI,Jonai murkongselek,-,-,-,-,-,-,27.50000000,94.54444444,25-05-2009 00:00,8.4,145,"",12,79.95,85.5,"","",9,"","","",170,22,27.99,"","","","","","","","","","","",""
933,Jonai murkongselek,CGWB,18,Assam,284,DHEMAJI,DHEMAJI,DHEMAJI,Jonai murkongselek,-,-,-,-,-,-,27.50000000,94.54444444,25-05-2010 00:00,8.3,154,"",16,64,"","","",4.75,"","","",72,17.6,6.8,9.1,"",0.15,"","","","","","","","",""
934,Jonai murkongselek,CGWB,18,Assam,284,DHEMAJI,DHEMAJI,DHEMAJI,Jonai murkongselek,-,-,-,-,-,-,27.50000000,94.54444444,25-05-2013 00:00,8.3,154,"",16,64,79.1,"","",4.75,"","","",72,17.6,6.83,15.1,"",0.15,"","","","","","","","",""
935,Jonai murkongselek,CGWB,18,Assam,284,DHEMAJI,DHEMAJI,DHEMAJI,Jonai murkongselek,-,-,-,-,-,-,27.50000000,94.54444444,25-05-2014 00:00,8.3,113.77,"",16,44,62.73,17.1,"",1.02,"","","",72,17.6,6.83,7.2,"",0.5,"","","","","","","","",""
936,Jonai murkongselek,CGWB,18,Assam,284,DHEMAJI,DHEMAJI,DHEMAJI,Jonai murkongselek,-,-,-,-,-,-,27.50000000,94.54444444,25-05-2015 00:00,8.32,275.1,"",40,80,132.24,32,"",51.6,"","","",84,12.8,12.66,29.36,"",0.44,"","","","","","","","",""
937,Jonai murkongselek,CGWB,18,Assam,284,DHEMAJI,DHEMAJI,DHEMAJI,Jonai murkongselek,-,-,-,-,-,-,27.50000000,94.54444444,25-05-2016 00:00,8,171.9,80.97,0,55,55,17.5,"",7.8,"","","",50,12,4.9,8.91,"",0,"","","","","","","","",""
938,Jonai murkongselek,CGWB,18,Assam,284,DHEMAJI,DHEMAJI,DHEMAJI,Jonai murkongselek,-,-,-,-,-,-,27.50000000,94.54444444,25-05-2018 00:00,6.453,134.5,68.49,0,61,50.04,17.725,"",3.3888,"",0,"",60,12.0096,7.275728,4.92,"",0.0632,0,"","","","","","","",""
939,Jurapukhuri,CGWB,18,Assam,297,NAGAON,LANKA,LANKA,Jurapukhuri,-,-,-,-,-,-,25.98333333,92.92888889,25-05-2005 00:00,7.54,490,"",0,238,"","","",1,"","","",175,48,13,"","",0.99,"","","","","","","","",""
940,Jurapukhuri,CGWB,18,Assam,297,NAGAON,LANKA,LANKA,Jurapukhuri,-,-,-,-,-,-,25.98333333,92.92888889,25-05-2006 00:00,7.32,528,"",0,262,"","","",2,"","","",205,56,16,"","",1.61,"","","","","","","","",""
941,Jurapukhuri,CGWB,18,Assam,297,NAGAON,LANKA,LANKA,Jurapukhuri,-,-,-,-,-,-,25.98333333,92.92888889,25-05-2007 00:00,7.7,561,"",0,268,"","","","","","","",200,48,19,"","",0.98,"","","","","","","","",""
942,Jurapukhuri,CGWB,18,Assam,297,NAGAON,LANKA,LANKA,Jurapukhuri,-,-,-,-,-,-,25.98333333,92.92888889,25-05-2009 00:00,8.1,459,"",0,160,131.2,"","",10,"","","",75,15,9.14,"","",0.62,"","","","","","","","",""
943,Jurapukhuri,CGWB,18,Assam,297,NAGAON,LANKA,LANKA,Jurapukhuri,-,-,-,-,-,-,25.98333333,92.92888889,25-05-2010 00:00,8.8,553,"",32,184,"","","",3.5,"","","",148,29.6,17.9,32.6,"",0.02,"","","","","","","","",""
944,Jurapukhuri,CGWB,18,Assam,297,NAGAON,LANKA,LANKA,Jurapukhuri,-,-,-,-,-,-,25.98333333,92.92888889,25-05-2014 00:00,8.8,440,"",72,84,188.85,44,"",2.09,"","","",100,25.6,8.78,50.2,"",1.4,"","","","","","","","",""
945,Jurapukhuri,CGWB,18,Assam,297,NAGAON,LANKA,LANKA,Jurapukhuri,-,-,-,-,-,-,25.98333333,92.92888889,25-05-2015 00:00,8.3,231.5,"",40,96,145.36,64,"",6.2,"","","",152,22.4,23.37,43.36,"",0.05,"","","","","","","","",""
946,Jurapukhuri,CGWB,18,Assam,297,NAGAON,LANKA,LANKA,Jurapukhuri,-,-,-,-,-,-,25.98333333,92.92888889,25-05-2016 00:00,8.5,385.6,213.2,20,145,165,27.5,"",20.7,"","","",100,34,3.6,58.05,"",0.34,"","","","","","","","",""
947,Jurapukhuri,CGWB,18,Assam,297,NAGAON,LANKA,LANKA,Jurapukhuri,-,-,-,-,-,-,25.98333333,92.92888889,25-05-2017 00:00,8.4,599.5,395.67,40,220,260,38.99,"",6.8,"","","",180,46,15.776699,46.53,"",1.49,"","","","","","","","",""
948,Jurapukhuri,CGWB,18,Assam,297,NAGAON,LANKA,LANKA,Jurapukhuri,-,-,-,-,-,-,25.98333333,92.92888889,25-05-2018 00:00,7.867,550.2,327.9,0,5.004,5.004,42.54,"",10.1044,"",0,"",170,56.0448,7.254369,45.53,"",0.0429,0,"","","","","","","",""
949,Jurapukhuri,CGWB,18,Assam,297,NAGAON,LANKA,LANKA,Jurapukhuri,-,-,-,-,-,-,25.98333333,92.92888889,30-05-2021 08:00,7.9,200,"",0,85,"",12,"",2,"","","",61,25,10,10,"","","","","","","","","","",""
950,Kadam,CGWB,18,Assam,295,LAKHIMPUR,KADAM,KADAM,Kadam,-,-,-,-,-,-,27.29444444,94.15277778,25-05-2006 00:00,6.17,121,"",0,80,"","","",7,"","","",75,25.2,2.88,"","",0.61,"","","","","","","","",""
951,Kadam,CGWB,18,Assam,295,LAKHIMPUR,KADAM,KADAM,Kadam,-,-,-,-,-,-,27.29444444,94.15277778,25-05-2008 00:00,8.08,320,"",0,115,"","","",11,"","","",155,36,16,"","",1.02,"","","","","","","","",""
952,Kadam,CGWB,18,Assam,295,LAKHIMPUR,KADAM,KADAM,Kadam,-,-,-,-,-,-,27.29444444,94.15277778,25-05-2009 00:00,8.68,278,"",18,73.8,90.5,"","",8,"","","",205,26,34.07,"","",6.58,"","","","","","","","",""
953,Kadam,CGWB,18,Assam,295,LAKHIMPUR,KADAM,KADAM,Kadam,-,-,-,-,-,-,27.29444444,94.15277778,25-05-2014 00:00,8.3,330,"",40,104,151.91,11.9,"",3.5,"","","",136,22.4,10.7,30.3,"",0.66,"","","","","","","","",""
954,Kahara,CGWB,18,Assam,291,KAMRUP,KAMALPUR(PT.),KAMALPUR(PT.),Kahara,-,-,-,-,-,-,26.30277778,91.71861111,25-05-2005 00:00,7.65,475,"","",146,"","","",44,"","","",175,42,17,"","",4.2,"","","","","","","","",""
955,Kahara,CGWB,18,Assam,291,KAMRUP,KAMALPUR(PT.),KAMALPUR(PT.),Kahara,-,-,-,-,-,-,26.30277778,91.71861111,25-05-2006 00:00,7.39,410,"",0,116,"","","",47,"","","",150,38,13,"","",8.63,"","","","","","","","",""
956,Kahara,CGWB,18,Assam,291,KAMRUP,KAMALPUR(PT.),KAMALPUR(PT.),Kahara,-,-,-,-,-,-,26.30277778,91.71861111,25-05-2007 00:00,7.51,456,"",0,128,"","","",45,"","","",150,38,14,"","",6.46,"","","","","","","","",""
957,Kahara,CGWB,18,Assam,291,KAMRUP,KAMALPUR(PT.),KAMALPUR(PT.),Kahara,-,-,-,-,-,-,26.30277778,91.71861111,25-05-2008 00:00,7.87,423,"",0,134.2,"","","",40,"","","",150,34,15.79,"","",2.35,"","","","","","","","",""
958,Kahara,CGWB,18,Assam,291,KAMRUP,KAMALPUR(PT.),KAMALPUR(PT.),Kahara,-,-,-,-,-,-,26.30277778,91.71861111,25-05-2014 00:00,8.4,375,"",40,68,122.4,21.8,"",40.8,"","","",164,43.2,13.67,13.9,"",5.14,"","","","","","","","",""
959,Kahilipara,CGWB,18,Assam,291,KAMRUP,SONAPUR,SONAPUR,Kahilipara,-,-,-,-,-,-,26.13333333,91.76666667,25-05-2005 00:00,7.34,652,"",0,226,"","","",43,"","","",225,62,17,"","","","","","","","","","","",""
960,Kahilipara,CGWB,18,Assam,291,KAMRUP,SONAPUR,SONAPUR,Kahilipara,-,-,-,-,-,-,26.13333333,91.76666667,25-05-2006 00:00,7.55,661,"",0,183,150,"","",40,"","","",200,58,13.44,"","",0.3,"","","","","","","","",""
961,Kahilipara,CGWB,18,Assam,291,KAMRUP,SONAPUR,SONAPUR,Kahilipara,-,-,-,-,-,-,26.13333333,91.76666667,25-05-2007 00:00,"","","","","","","","","","","","","","","","","",1.62,"","","","","","","","",""
962,Kahilipara,CGWB,18,Assam,291,KAMRUP,SONAPUR,SONAPUR,Kahilipara,-,-,-,-,-,-,26.13333333,91.76666667,25-05-2008 00:00,8.14,520,"",0,184.5,"","","",24,"","","",160,44,12.2,"","",0.9,"","","","","","","","",""
963,Kahilipara,CGWB,18,Assam,291,KAMRUP,SONAPUR,SONAPUR,Kahilipara,-,-,-,-,-,-,26.13333333,91.76666667,25-05-2009 00:00,8.02,553,"",0,227,186.1,"","",23,"","","",190,42,20.72,"","",0.21,"","","","","","","","",""
964,Kahilipara,CGWB,18,Assam,291,KAMRUP,SONAPUR,SONAPUR,Kahilipara,-,-,-,-,-,-,26.13333333,91.76666667,25-05-2010 00:00,8.3,779.9,"",36,48,"","","",40.95,"","","",180,48,14.6,53.5,"",0.62,"","","","","","","","",""
965,Kahilipara,CGWB,18,Assam,291,KAMRUP,SONAPUR,SONAPUR,Kahilipara,-,-,-,-,-,-,26.13333333,91.76666667,25-05-2013 00:00,8.3,500,"",32,54,97.6,"","",10.55,"","","",116,24,13.64,8.4,"",0.29,"","","","","","","","",""
966,Kahilipara,CGWB,18,Assam,291,KAMRUP,SONAPUR,SONAPUR,Kahilipara,-,-,-,-,-,-,26.13333333,91.76666667,25-05-2014 00:00,8,282,"","",208,170.49,73.4,"",60.06,"","","",268,20.8,52.54,31.36,"",0.24,"","","","","","","","",""
967,Kahilipara,CGWB,18,Assam,291,KAMRUP,SONAPUR,SONAPUR,Kahilipara,-,-,-,-,-,-,26.13333333,91.76666667,25-05-2015 00:00,8.6,744.5,"",48,232,270.16,100,"",59.9,"","","",196,22.4,34.07,90.5,"",1.12,"","","","","","","","",""
968,Kahilipara,CGWB,18,Assam,291,KAMRUP,SONAPUR,SONAPUR,Kahilipara,-,-,-,-,-,-,26.13333333,91.76666667,25-05-2016 00:00,7.3,934.6,471.5,0,250,250,92.17,"",3.1512065,"","","",195,40,23.1,51.77,"","","","","","","","","","",""
969,Kakai,CGWB,18,Assam,295,LAKHIMPUR,NORTH LAKHIMPUR,NORTH LAKHIMPUR,Kakai,-,-,-,-,-,-,27.28333333,94.11250000,25-05-2006 00:00,6.86,254,"",0,80,"","","",8,"","","",90,31.5,2.7,"","",0.26,"","","","","","","","",""
970,Kakai,CGWB,18,Assam,295,LAKHIMPUR,NORTH LAKHIMPUR,NORTH LAKHIMPUR,Kakai,-,-,-,-,-,-,27.28333333,94.11250000,25-05-2008 00:00,7.97,181,"",0,73,"","","",9,"","","",65,14,7,"","",0.26,"","","","","","","","",""
971,Kakojan,CGWB,18,Assam,290,JORHAT,TEOK,TEOK,Kakojan,-,-,-,-,-,-,26.83333333,94.36666667,25-05-2005 00:00,7.46,289,"",0,67,"","","",14,"","","",100,32,4.9,"","",1.71,"","","","","","","","",""
972,Kakojan,CGWB,18,Assam,290,JORHAT,TEOK,TEOK,Kakojan,-,-,-,-,-,-,26.83333333,94.36666667,25-05-2006 00:00,7.31,217,"",0,92,"","","",22,"","","",80,30,15,"","",0.93,"","","","","","","","",""
973,Kakojan,CGWB,18,Assam,290,JORHAT,TEOK,TEOK,Kakojan,-,-,-,-,-,-,26.83333333,94.36666667,25-05-2007 00:00,8.01,814,"",0,201,"","","",56,"","","",260,56,29,"","","","","","","","","","","",""
974,Kakojan,CGWB,18,Assam,290,JORHAT,TEOK,TEOK,Kakojan,-,-,-,-,-,-,26.83333333,94.36666667,25-05-2008 00:00,8.01,814,"",0,201,"","","",56,"","","",260,56,29,"","","","","","","","","","","",""
975,Kakojan,CGWB,18,Assam,290,JORHAT,TEOK,TEOK,Kakojan,-,-,-,-,-,-,26.83333333,94.36666667,25-05-2014 00:00,8.3,191,"",16,88,98.8,6,"",4.6,"","","",84,19.2,8.78,9.9,"",1.28,"","","","","","","","",""
976,Kalaigaon,CGWB,18,Assam,283,DARRANG,PATHORIGHAT,PATHORIGHAT,Kalaigaon,-,-,-,-,-,-,26.57500000,91.90000000,25-05-2005 00:00,7.54,225,"",0,92,"","","",10,"","","",85,30,2.4,"","",1.95,"","","","","","","","",""
977,Kalaigaon,CGWB,18,Assam,283,DARRANG,PATHORIGHAT,PATHORIGHAT,Kalaigaon,-,-,-,-,-,-,26.57500000,91.90000000,25-05-2006 00:00,7.28,405,"",0,98,"","","",26,"","","",125,34,9.7,"","",0.45,"","","","","","","","",""
978,Kalaigaon,CGWB,18,Assam,283,DARRANG,PATHORIGHAT,PATHORIGHAT,Kalaigaon,-,-,-,-,-,-,26.57500000,91.90000000,25-05-2007 00:00,7.81,195,"",0,61,"","","",18,"","","",45,10,4.86,"","",0.52,"","","","","","","","",""
979,Kalaigaon,CGWB,18,Assam,283,DARRANG,PATHORIGHAT,PATHORIGHAT,Kalaigaon,-,-,-,-,-,-,26.57500000,91.90000000,25-05-2008 00:00,7.81,195,"",0,61,"","","",18,"","","",45,10,4.86,"","",0.52,"","","","","","","","",""
980,Kalaigaon,CGWB,18,Assam,283,DARRANG,PATHORIGHAT,PATHORIGHAT,Kalaigaon,-,-,-,-,-,-,26.57500000,91.90000000,25-05-2011 00:00,8.43,413,"","",221.4,"","","","","","","",190,20,35,18,"","","","","","","","","","",""
981,Kalaigaon,CGWB,18,Assam,283,DARRANG,PATHORIGHAT,PATHORIGHAT,Kalaigaon,-,-,-,-,-,-,26.57500000,91.90000000,25-05-2012 00:00,8.43,413,"",6,221,191.2,"","","","","","",190,20,35,18,"","","","","","","","","","",""
982,Kalaigaon,CGWB,18,Assam,283,DARRANG,PATHORIGHAT,PATHORIGHAT,Kalaigaon,-,-,-,-,-,-,26.57500000,91.90000000,25-05-2014 00:00,8.6,315,"",56,92,168.74,23.8,"",10.2,"","","",168,33.6,20.46,11.5,"",1.28,"","","","","","","","",""
983,Kalaigaon,CGWB,18,Assam,283,DARRANG,PATHORIGHAT,PATHORIGHAT,Kalaigaon,-,-,-,-,-,-,26.57500000,91.90000000,25-05-2015 00:00,8.33,384.2,"",32,136,164.81,134,"",20.5,"","","",128,36.8,8.8,55.2,"",4.73,"","","","","","","","",""
984,Kalaigaon,CGWB,18,Assam,283,DARRANG,PATHORIGHAT,PATHORIGHAT,Kalaigaon,-,-,-,-,-,-,26.57500000,91.90000000,25-05-2016 00:00,8,403.8,221.3,0,120,120,52.5,"",30.5,"","","",190,54,13.3,10.4,"",2.82,"","","","","","","","",""
985,Kalaigaon,CGWB,18,Assam,283,DARRANG,PATHORIGHAT,PATHORIGHAT,Kalaigaon,-,-,-,-,-,-,26.57500000,91.90000000,25-05-2018 00:00,6.767,350.2,20.7,0,115.092,115.092,42.54,"",20.8235,"",0,"",115,34.0272,7.2650485,20.23,"",4.1244,0,"","","","","","","",""
986,Kalaigaon,CGWB,18,Assam,283,DARRANG,PATHORIGHAT,PATHORIGHAT,Kalaigaon,-,-,-,-,-,-,26.57500000,91.90000000,30-05-2021 08:00,8.8,1395,"",36,402.732,"",62.5338,"",223,0,"","",190.152,16.032,36.48,245,"","","","","","","","","","",""
987,Kalain,CGWB,18,Assam,282,CACHAR,KATIGORA,KATIGORA,Kalain,-,-,-,-,-,-,24.97222222,92.58333333,25-05-2006 00:00,7.5,210,"",0,61,"","","",14,"","","",50,16,2.4,"","",0.53,"","","","","","","","",""
988,Kalain,CGWB,18,Assam,282,CACHAR,KATIGORA,KATIGORA,Kalain,-,-,-,-,-,-,24.97222222,92.58333333,25-05-2009 00:00,8.1,316,"",0,123,100.8,"","",26,"","","",175,20,30.42,"","",0.22,"","","","","","","","",""
989,Kalain,CGWB,18,Assam,282,CACHAR,KATIGORA,KATIGORA,Kalain,-,-,-,-,-,-,24.97222222,92.58333333,25-05-2014 00:00,8.37,384,"","",40,32.79,53.6,"",29.35,"","","",76,22.4,4.89,21.3,"",1.43,"","","","","","","","",""
990,Kalain,CGWB,18,Assam,282,CACHAR,KATIGORA,KATIGORA,Kalain,-,-,-,-,-,-,24.97222222,92.58333333,25-05-2015 00:00,8.31,361.3,"",40,100,148.63,160,"",27.2,"","","",152,20.8,24.34,70.1,"",0.21,"","","","","","","","",""
991,Kalain,CGWB,18,Assam,282,CACHAR,KATIGORA,KATIGORA,Kalain,-,-,-,-,-,-,24.97222222,92.58333333,25-05-2016 00:00,8.3,456.3,234.1,20,95,115,52.5,"",1.3,"","","",150,40,12.1,15.08,"",0.11,"","","","","","","","",""
992,Kalain,CGWB,18,Assam,282,CACHAR,KATIGORA,KATIGORA,Kalain,-,-,-,-,-,-,24.97222222,92.58333333,25-05-2017 00:00,8.4,532,351.12,60,125,185,46.09,"",10.554215,"","","",180,50,13.349515,25.9,"",0.23,4.5,"","","","","","","",""
993,Kalain,CGWB,18,Assam,282,CACHAR,KATIGORA,KATIGORA,Kalain,-,-,-,-,-,-,24.97222222,92.58333333,25-05-2018 00:00,6.768,687.6,354.3,0,155.124,155.124,127.62,"",4.9796,"",0,"",160,30.024,20.616505,43.63,"",0.1819,0,"","","","","","","",""
994,Kalain,CGWB,18,Assam,282,CACHAR,KATIGORA,KATIGORA,Kalain,-,-,-,-,-,-,24.97222222,92.58333333,30-05-2021 08:00,8.05,560,"",0,266,"",25,"",5,"","","",236,38,34,17.82,"","","","","","","","","","",""
995,Kalonga,CGWB,18,Assam,292,KARBI ANGLONG,SILONIJAN,SILONIJAN,Kalonga,-,-,-,-,-,-,25.86194444,92.76833333,25-05-2006 00:00,6.72,157,"",0,24,"","","",6,"","","",40,10,3.6,"","",0.17,"","","","","","","","",""
996,Kalonga,CGWB,18,Assam,292,KARBI ANGLONG,SILONIJAN,SILONIJAN,Kalonga,-,-,-,-,-,-,25.86194444,92.76833333,25-05-2007 00:00,7.83,253,"",0,61,"","","",21,"","","",50,9,7,"","",1.39,"","","","","","","","",""
997,Kalonga,CGWB,18,Assam,292,KARBI ANGLONG,SILONIJAN,SILONIJAN,Kalonga,-,-,-,-,-,-,25.86194444,92.76833333,25-05-2008 00:00,7.3,188,"",0,61,"","","","","","","",50,10,6.1,"","",0.18,"","","","","","","","",""
998,Kalonga,CGWB,18,Assam,292,KARBI ANGLONG,SILONIJAN,SILONIJAN,Kalonga,-,-,-,-,-,-,25.86194444,92.76833333,25-05-2009 00:00,8.15,236,"",0,62,50.8,"","",23,"","","",55,15,4.27,"","",1.4,"","","","","","","","",""
999,Kalonga,CGWB,18,Assam,292,KARBI ANGLONG,SILONIJAN,SILONIJAN,Kalonga,-,-,-,-,-,-,25.86194444,92.76833333,25-05-2014 00:00,7.19,77.72,"","",44,36.07,38,"",1.1,"","","",48,9.6,5.85,18,"",0.13,"","","","","","","","",""
1000,Kalonga,CGWB,18,Assam,292,KARBI ANGLONG,SILONIJAN,SILONIJAN,Kalonga,-,-,-,-,-,-,25.86194444,92.76833333,30-05-2019 08:00,6.86,115.4,"",0,30.5244,"",38.995,"","","","","",40,10.008,3.6359224,16.53,"","","","","","","","","","",""
1001,Kalonga,CGWB,18,Assam,292,KARBI ANGLONG,SILONIJAN,SILONIJAN,Kalonga,-,-,-,-,-,-,25.86194444,92.76833333,30-05-2020 08:00,6.86,115.4,"","",30.5244,"",38.995,"","","","","","",10.008,3.6359224,16.53,"","","","","","","","","","",""
1002,Kalonga,CGWB,18,Assam,292,KARBI ANGLONG,SILONIJAN,SILONIJAN,Kalonga,-,-,-,-,-,-,25.86194444,92.76833333,30-05-2021 08:00,6.05,180,"",0,67,"",22,"",1,"","","",65,20,4,9,"","","","","","","","","","",""
1003,Kamargaon,CGWB,18,Assam,288,GOLAGHAT,BOKAKHAT,BOKAKHAT,Kamargaon,-,-,-,-,-,-,26.63333333,93.71666667,25-05-2005 00:00,7.26,498,"",0,92,"","","",44,"","","",70,22,3.6,"","",0.18,"","","","","","","","",""
1004,Kamargaon,CGWB,18,Assam,288,GOLAGHAT,BOKAKHAT,BOKAKHAT,Kamargaon,-,-,-,-,-,-,26.63333333,93.71666667,25-05-2006 00:00,7.29,366,"",0,73,"","","",38,"","","",85,28,3.6,"","",1.04,"","","","","","","","",""
1005,Kamargaon,CGWB,18,Assam,288,GOLAGHAT,BOKAKHAT,BOKAKHAT,Kamargaon,-,-,-,-,-,-,26.63333333,93.71666667,25-05-2007 00:00,7.88,78,"",0,43,"","","",4,"","","",35,6,4.9,"","",0.15,"","","","","","","","",""
1006,Kamargaon,CGWB,18,Assam,288,GOLAGHAT,BOKAKHAT,BOKAKHAT,Kamargaon,-,-,-,-,-,-,26.63333333,93.71666667,25-05-2008 00:00,8.11,667,"",0,225,"","","",9,"","","",195,46,19,"","",0.08,"","","","","","","","",""
1007,Kamargaon,CGWB,18,Assam,288,GOLAGHAT,BOKAKHAT,BOKAKHAT,Kamargaon,-,-,-,-,-,-,26.63333333,93.71666667,25-05-2011 00:00,8.6,422,"",15,225,"","","","","","","",140,18,23.75,60,"","","","","","","","","","",""
1008,Kamargaon,CGWB,18,Assam,288,GOLAGHAT,BOKAKHAT,BOKAKHAT,Kamargaon,-,-,-,-,-,-,26.63333333,93.71666667,25-05-2012 00:00,8.6,422,"",15,225,209.4,"","","","","","",140,18,23.12,60,"","","","","","","","","","",""
1009,Kamargaon,CGWB,18,Assam,288,GOLAGHAT,BOKAKHAT,BOKAKHAT,Kamargaon,-,-,-,-,-,-,26.63333333,93.71666667,25-05-2015 00:00,7.77,262,"","",64,52.46,42,"",37.7,"","","",76,6.4,14.6,28.15,"",1.12,"","","","","","","","",""
1010,Karamsa,CGWB,18,Assam,292,KARBI ANGLONG,DIPHU,DIPHU,Karamsa,-,-,-,-,-,-,26.03333333,93.23333333,25-05-2005 00:00,6.25,125,"",0,43,"","","",0,"","","",30,10,1.2,"","",1.26,"","","","","","","","",""
1011,Karamsa,CGWB,18,Assam,292,KARBI ANGLONG,DIPHU,DIPHU,Karamsa,-,-,-,-,-,-,26.03333333,93.23333333,25-05-2007 00:00,8,473,"",0,97,"","","",15,"","","",155,28,21,"","",0.06,"","","","","","","","",""
1012,Karamsa,CGWB,18,Assam,292,KARBI ANGLONG,DIPHU,DIPHU,Karamsa,-,-,-,-,-,-,26.03333333,93.23333333,25-05-2008 00:00,7.73,473,"",0,97,"","","",15,"","","",155,28,21,"","",0.6,"","","","","","","","",""
1013,Kathaltila,CGWB,18,Assam,282,CACHAR,-,-,-,-,-,-,-,-,-,25.35163000,91.39405000,30-05-2021 08:00,8.14,1450,"",0,372,"",190,"",106,"","","",490,100,58,99,"","","","","","","","","","",""
1014,Kathiatoli,CGWB,18,Assam,297,NAGAON,SAMAGURI,SAMAGURI,Kathiatoli,-,-,-,-,-,-,26.18694444,92.73500000,25-05-2005 00:00,7.35,481,"",0,92,"","","",26,"","","",105,30,7.3,"","",1.67,"","","","","","","","",""
1015,Kathiatoli,CGWB,18,Assam,297,NAGAON,SAMAGURI,SAMAGURI,Kathiatoli,-,-,-,-,-,-,26.18694444,92.73500000,25-05-2006 00:00,6.92,473,"",0,79,"","","",33,"","","",95,28,6.1,"","",1.55,"","","","","","","","",""
1016,Kathiatoli,CGWB,18,Assam,297,NAGAON,SAMAGURI,SAMAGURI,Kathiatoli,-,-,-,-,-,-,26.18694444,92.73500000,25-05-2007 00:00,7.35,395,"",0,134,"","","",32,"","","",134,31,3,"","",1.02,"","","","","","","","",""
1017,Kathiatoli,CGWB,18,Assam,297,NAGAON,SAMAGURI,SAMAGURI,Kathiatoli,-,-,-,-,-,-,26.18694444,92.73500000,25-05-2008 00:00,7.4,515,"",0,116,"","","","","","","",125,28,13,"","",0.7,"","","","","","","","",""
1018,Kathiatoli,CGWB,18,Assam,297,NAGAON,SAMAGURI,SAMAGURI,Kathiatoli,-,-,-,-,-,-,26.18694444,92.73500000,25-05-2009 00:00,8.11,628,"",0,123,100.8,"","",18,"","","",115,16,18.25,"","",2.02,"","","","","","","","",""
1019,Kathiatoli,CGWB,18,Assam,297,NAGAON,SAMAGURI,SAMAGURI,Kathiatoli,-,-,-,-,-,-,26.18694444,92.73500000,25-05-2010 00:00,8.5,906,"",24,180,"","","",31.07,"","","",194,46.4,18.9,86.4,"",0.02,"","","","","","","","",""
1020,Kathiatoli,CGWB,18,Assam,297,NAGAON,SAMAGURI,SAMAGURI,Kathiatoli,-,-,-,-,-,-,26.18694444,92.73500000,25-05-2014 00:00,9.1,600,"",72,96,198.69,82,"",23.08,"","","",160,32,19.49,63.2,"",0.36,"","","","","","","","",""
1021,Kathiatoli,CGWB,18,Assam,297,NAGAON,SAMAGURI,SAMAGURI,Kathiatoli,-,-,-,-,-,-,26.18694444,92.73500000,25-05-2015 00:00,8.3,276.7,"",32,88,125.46,90,"",49.1,"","","",160,25.6,23.37,60.1,"",0.34,"","","","","","","","",""
1022,Kathiatoli,CGWB,18,Assam,297,NAGAON,SAMAGURI,SAMAGURI,Kathiatoli,-,-,-,-,-,-,26.18694444,92.73500000,25-05-2016 00:00,8.5,598.6,338.2,30,160,190,65,"",26.3,"","","",210,40,26.7,40.86,"",0.24,"","","","","","","","",""
1023,Kathiatoli,CGWB,18,Assam,297,NAGAON,SAMAGURI,SAMAGURI,Kathiatoli,-,-,-,-,-,-,26.18694444,92.73500000,25-05-2017 00:00,8.3,600.1,396.07,40,165,205,56.72,"",11.341429,"","","",165,34,19.417475,37.85,"",0.64,"","","","","","","","",""
1024,Kathiatoli,CGWB,18,Assam,297,NAGAON,SAMAGURI,SAMAGURI,Kathiatoli,-,-,-,-,-,-,26.18694444,92.73500000,25-05-2018 00:00,6.957,610.7,364,0,165.132,165.132,67.355,"",36.2526,"",0,"",185,40.032,20.61165,43.72,"",0.2147,0,"","","","","","","",""
1025,Kathiatoli,CGWB,18,Assam,297,NAGAON,SAMAGURI,SAMAGURI,Kathiatoli,-,-,-,-,-,-,26.18694444,92.73500000,30-05-2019 08:00,8.3,581.9,"",24,189.29031,"",113.44,"","","","","",205,38.0304,26.680582,47.88,"","","","","","","","","","",""
1026,Kathiatoli,CGWB,18,Assam,297,NAGAON,SAMAGURI,SAMAGURI,Kathiatoli,-,-,-,-,-,-,26.18694444,92.73500000,30-05-2020 08:00,8.3,581.9,"","",189.29031,"",113.44,"","","","","","",38.0304,26.680582,47.88,"","","","","","","","","","",""
1027,Kathiatoli,CGWB,18,Assam,297,NAGAON,SAMAGURI,SAMAGURI,Kathiatoli,-,-,-,-,-,-,26.18694444,92.73500000,30-05-2021 08:00,7.8,350,"",0,171,"",19,"",40,"","","",87,35,22,12,"","","","","","","","","","",""
1028,Katlicherra,CGWB,18,Assam,289,HAILAKANDI,KATLICHERA,KATLICHERA,Katlicherra,-,-,-,-,-,-,24.45000000,92.61666667,25-05-2006 00:00,4.4,"","","","","","","","","","","","","","","","",1.01,"","","","","","","","",""
1029,Katlicherra,CGWB,18,Assam,289,HAILAKANDI,KATLICHERA,KATLICHERA,Katlicherra,-,-,-,-,-,-,24.45000000,92.61666667,25-05-2009 00:00,8.17,638,"",0,258.3,211.7,"","",44,"","","",250,26,45.01,"","",0.05,"","","","","","","","",""
1030,Katlicherra,CGWB,18,Assam,289,HAILAKANDI,KATLICHERA,KATLICHERA,Katlicherra,-,-,-,-,-,-,24.45000000,92.61666667,25-05-2015 00:00,7.8,449.6,"","",164,134.43,136,"",25,"","","",148,28.8,18.51,57.98,"",0.97,"","","","","","","","",""
1031,Katlicherra,CGWB,18,Assam,289,HAILAKANDI,KATLICHERA,KATLICHERA,Katlicherra,-,-,-,-,-,-,24.45000000,92.61666667,25-05-2016 00:00,8.3,460.1,212.6,50,45,95,30,"",6.3,"","","",45,12,3.6,39.4,"",1.26,"","","","","","","","",""
1032,Katlicherra,CGWB,18,Assam,289,HAILAKANDI,KATLICHERA,KATLICHERA,Katlicherra,-,-,-,-,-,-,24.45000000,92.61666667,25-05-2017 00:00,8.4,407.4,268.88,40,155,195,10.63,"",6.34,"","","",100,32,4.8543687,25.76,"",0.23,5.5,"","","","","","","",""
1033,Katlicherra,CGWB,18,Assam,289,HAILAKANDI,KATLICHERA,KATLICHERA,Katlicherra,-,-,-,-,-,-,24.45000000,92.61666667,25-05-2018 00:00,7.3,1049,570.1,0,320.256,320.256,184.34,"",42.1619,"",0,"",275,58.0464,31.525242,89,"",1.215,0,"","","","","","","",""
1034,Kayasthagram,CGWB,18,Assam,293,KARIMGANJ,-,-,-,-,-,-,-,-,-,24.72083000,92.34639000,30-05-2021 08:00,7.71,930,"",0,305,"",110,"",78,"","","",265,40,40,89,"","","","","","","","","","",""
1035,Kendurtal,CGWB,18,Assam,283,DARRANG,KHAIRABARI,KHAIRABARI,Kendurtal,-,-,-,-,-,-,26.60000000,91.93333333,25-05-2005 00:00,7.12,275,"",0,110,"","","",12,"","","",90,28,4.9,"","",0.41,"","","","","","","","",""
1036,Kendurtal,CGWB,18,Assam,283,DARRANG,KHAIRABARI,KHAIRABARI,Kendurtal,-,-,-,-,-,-,26.60000000,91.93333333,25-05-2006 00:00,7.2,265,"",0,98,"","","",16,"","","",75,20,6.1,"","",0.09,"","","","","","","","",""
1037,Kendurtal,CGWB,18,Assam,283,DARRANG,KHAIRABARI,KHAIRABARI,Kendurtal,-,-,-,-,-,-,26.60000000,91.93333333,25-05-2007 00:00,7.82,605,"",0,262,"","","",14,"","","",145,44,9,"","",0.61,"","","","","","","","",""
1038,Kendurtal,CGWB,18,Assam,283,DARRANG,KHAIRABARI,KHAIRABARI,Kendurtal,-,-,-,-,-,-,26.60000000,91.93333333,25-05-2014 00:00,8.6,355,"",64,88,178.8,31.8,"",1,"","","",160,46.4,10.75,20,"",3.26,"","","","","","","","",""
1039,Kendurtal,CGWB,18,Assam,283,DARRANG,KHAIRABARI,KHAIRABARI,Kendurtal,-,-,-,-,-,-,26.60000000,91.93333333,25-05-2016 00:00,7.3,93.45,54.23,0,55,55,25,"",29.2,"","","",70,16,7.3,8.8,"",14.24,"","","","","","","","",""
1040,Khanapara,CGWB,18,Assam,291,KAMRUP,PALASBARI,PALASBARI,Khanapara,-,-,-,-,-,-,26.12083333,91.81805556,25-05-2005 00:00,7.48,502,"",0,183,"","","",14,"","","",165,44,13,"","",0.41,"","","","","","","","",""
1041,Khanapara,CGWB,18,Assam,291,KAMRUP,PALASBARI,PALASBARI,Khanapara,-,-,-,-,-,-,26.12083333,91.81805556,25-05-2006 00:00,7.41,253,"",0,140,"","","",3,"","","",80,18,"","","",0.09,"","","","","","","","",""
1042,Khanapara,CGWB,18,Assam,291,KAMRUP,PALASBARI,PALASBARI,Khanapara,-,-,-,-,-,-,26.12083333,91.81805556,25-05-2007 00:00,6.92,687,"",0,164,"","","",17,"","","",165,44,13,"","",0.25,"","","","","","","","",""
1043,Khanapara,CGWB,18,Assam,291,KAMRUP,PALASBARI,PALASBARI,Khanapara,-,-,-,-,-,-,26.12083333,91.81805556,25-05-2008 00:00,8.24,262,"",0,116.85,"","","",1,"","","",80,16,9.7,"","",0.2,"","","","","","","","",""
1044,Khanapara,CGWB,18,Assam,291,KAMRUP,PALASBARI,PALASBARI,Khanapara,-,-,-,-,-,-,26.12083333,91.81805556,25-05-2009 00:00,8.06,164,"",0,77,63.1,"","",4,"","","",75,14,9.74,"","",0.73,"","","","","","","","",""
1045,Khanapara,CGWB,18,Assam,291,KAMRUP,PALASBARI,PALASBARI,Khanapara,-,-,-,-,-,-,26.12083333,91.81805556,25-05-2010 00:00,8.3,219.8,"",16,52,"","","",3.18,"","","",56,14.4,4.9,18.4,"",0.16,"","","","","","","","",""
1046,Khanapara,CGWB,18,Assam,291,KAMRUP,PALASBARI,PALASBARI,Khanapara,-,-,-,-,-,-,26.12083333,91.81805556,25-05-2011 00:00,8.01,589,"",0,202.95,"","","","","","","",185,40,21.25,37,"","","","","","","","","","",""
1047,Khanapara,CGWB,18,Assam,291,KAMRUP,PALASBARI,PALASBARI,Khanapara,-,-,-,-,-,-,26.12083333,91.81805556,25-05-2012 00:00,8.01,589,"",0,202,165.6,"","","","","","",185,40,20.71,37,"","","","","","","","","","",""
1048,Khanapara,CGWB,18,Assam,291,KAMRUP,PALASBARI,PALASBARI,Khanapara,-,-,-,-,-,-,26.12083333,91.81805556,25-05-2013 00:00,8.4,223,"",16,52,69.3,"","",2.24,"","","",72,16,7.8,69,"",2.43,"","","","","","","","",""
1049,Khanapara,CGWB,18,Assam,291,KAMRUP,PALASBARI,PALASBARI,Khanapara,-,-,-,-,-,-,26.12083333,91.81805556,25-05-2014 00:00,8.4,77.7,"",16,68,82.4,17.9,"",1.62,"","","",108,16,16.55,3.3,"",0.18,"","","","","","","","",""
1050,Khanapara,CGWB,18,Assam,291,KAMRUP,PALASBARI,PALASBARI,Khanapara,-,-,-,-,-,-,26.12083333,91.81805556,25-05-2015 00:00,8.32,951.7,"",16,76,88.96,223.9,"",61.2,"","","",220,51.2,22.43,93.12,"",0.26,"","","","","","","","",""
1051,Khanapara,CGWB,18,Assam,291,KAMRUP,PALASBARI,PALASBARI,Khanapara,-,-,-,-,-,-,26.12083333,91.81805556,25-05-2016 00:00,7.5,910.5,464.1,0,150,150,155.98,"",9.089784,"","","",165,34,19.4,88.05,"","","","","","","","","","",""
1052,Khatkhati,CGWB,18,Assam,292,KARBI ANGLONG,DIPHU,DIPHU,Khatkhati,-,-,-,-,-,-,25.97722222,93.76250000,25-05-2005 00:00,7.63,388,"",0,159,"","","",0,"","","",130,50,1.2,"","",1.77,"","","","","","","","",""
1053,Khatkhati,CGWB,18,Assam,292,KARBI ANGLONG,DIPHU,DIPHU,Khatkhati,-,-,-,-,-,-,25.97722222,93.76250000,25-05-2007 00:00,7.73,138,"",0,36,"","","",3,"","","",105,12,18,"","",0.27,"","","","","","","","",""
1054,Khatkhati,CGWB,18,Assam,292,KARBI ANGLONG,DIPHU,DIPHU,Khatkhati,-,-,-,-,-,-,25.97722222,93.76250000,25-05-2008 00:00,7.61,138,"",0,36,"","","",3,"","","",105,12,18,"","",0.27,"","","","","","","","",""
1055,Khatkhati,CGWB,18,Assam,292,KARBI ANGLONG,DIPHU,DIPHU,Khatkhati,-,-,-,-,-,-,25.97722222,93.76250000,25-05-2010 00:00,7.6,127,"",0,44,"","","",37.81,"","","",37,11.6,1.94,5.19,"","","","","","","","","","",""
1056,Khatkhati,CGWB,18,Assam,292,KARBI ANGLONG,DIPHU,DIPHU,Khatkhati,-,-,-,-,-,-,25.97722222,93.76250000,25-05-2013 00:00,7.6,107,"",0,44,36.1,"","",37.81,"","","",37,11.6,1.96,44,"","","","","","","","","","",""
1057,Khatkhati,CGWB,18,Assam,292,KARBI ANGLONG,DIPHU,DIPHU,Khatkhati,-,-,-,-,-,-,25.97722222,93.76250000,25-05-2014 00:00,8.2,153,"","",48,39.34,29.8,"",1.9,"","","",64,22.4,1.97,11.7,"",0.53,"","","","","","","","",""
1058,Khatkhati,CGWB,18,Assam,292,KARBI ANGLONG,DIPHU,DIPHU,Khatkhati,-,-,-,-,-,-,25.97722222,93.76250000,25-05-2015 00:00,7.9,148.1,"","",48,39.34,42,"",6.2,"","","",36,11.2,19.2,1.46,"",0.66,"","","","","","","","",""
1059,Khatkhati,CGWB,18,Assam,292,KARBI ANGLONG,DIPHU,DIPHU,Khatkhati,-,-,-,-,-,-,25.97722222,93.76250000,25-05-2016 00:00,7.6,69.53,39.91,0,100,100,31.905,"",11.1,"","","",145,50,4.9,3.63,"",0.28,"","","","","","","","",""
1060,Khatkhati,CGWB,18,Assam,292,KARBI ANGLONG,DIPHU,DIPHU,Khatkhati,-,-,-,-,-,-,25.97722222,93.76250000,25-05-2018 00:00,8.07,289.5,155.1,0,30.024,30.024,60.265,"",7.5237,"",0,"",75,12.0096,10.916505,19.17,"",0,0,"","","","","","","",""
1061,Kheronighat,CGWB,18,Assam,292,KARBI ANGLONG,SILONIJAN,SILONIJAN,Kheronighat,-,-,-,-,-,-,25.84694444,92.89777778,25-05-2006 00:00,7.03,260,"",0,116,"","","",12,"","","",95,22,9.7,"","",3.78,"","","","","","","","",""
1062,Kheronighat,CGWB,18,Assam,292,KARBI ANGLONG,SILONIJAN,SILONIJAN,Kheronighat,-,-,-,-,-,-,25.84694444,92.89777778,25-05-2007 00:00,7.44,231,"",0,91,"","","",13,"","","",55,19,3,"","",0.13,"","","","","","","","",""
1063,Kheronighat,CGWB,18,Assam,292,KARBI ANGLONG,SILONIJAN,SILONIJAN,Kheronighat,-,-,-,-,-,-,25.84694444,92.89777778,25-05-2009 00:00,8.08,229,"",0,67,54.9,"","",11,"","","",65,13,7.92,"","",1.68,"","","","","","","","",""
1064,Kheronighat,CGWB,18,Assam,292,KARBI ANGLONG,SILONIJAN,SILONIJAN,Kheronighat,-,-,-,-,-,-,25.84694444,92.89777778,25-05-2011 00:00,7.47,446,"",0,135.3,"","","",19,"","","",145,4.2,10,33,"",0.55,"","","","","","","","",""
1065,Kheronighat,CGWB,18,Assam,292,KARBI ANGLONG,SILONIJAN,SILONIJAN,Kheronighat,-,-,-,-,-,-,25.84694444,92.89777778,25-05-2012 00:00,7.47,446,"",0,135,110.7,"","",19,"","","",145,42,9.78,33,"",0.55,"","","","","","","","",""
1066,Kheronighat,CGWB,18,Assam,292,KARBI ANGLONG,SILONIJAN,SILONIJAN,Kheronighat,-,-,-,-,-,-,25.84694444,92.89777778,25-05-2014 00:00,8.3,75.8,"",24,56,85.9,36,"",1.1,"","","",80,19.2,7.8,25.3,"",0.85,"","","","","","","","",""
1067,Kheronighat,CGWB,18,Assam,292,KARBI ANGLONG,SILONIJAN,SILONIJAN,Kheronighat,-,-,-,-,-,-,25.84694444,92.89777778,30-05-2019 08:00,6.98,157.6,"",0,30.5244,"",46.085,"","","","","",40,6.0048,6.0650487,25.67,"","","","","","","","","","",""
1068,Kheronighat,CGWB,18,Assam,292,KARBI ANGLONG,SILONIJAN,SILONIJAN,Kheronighat,-,-,-,-,-,-,25.84694444,92.89777778,30-05-2020 08:00,6.98,157.6,"","",30.5244,"",46.085,"","","","","","",6.0048,6.0650487,25.67,"","","","","","","","","","",""
1069,Kheronighat,CGWB,18,Assam,292,KARBI ANGLONG,SILONIJAN,SILONIJAN,Kheronighat,-,-,-,-,-,-,25.84694444,92.89777778,30-05-2021 08:00,7.9,530,"",0,275,"",20,"",6,"","","",225,54,22,17,"","","","","","","","","","",""
1070,Khetri,CGWB,18,Assam,291,KAMRUP,SONAPUR,SONAPUR,Khetri,-,-,-,-,-,-,26.10833333,92.07500000,25-05-2005 00:00,7.48,415,"",0,92,"","","",37,"","","",115,28,11,"","",0.78,"","","","","","","","",""
1071,Khetri,CGWB,18,Assam,291,KAMRUP,SONAPUR,SONAPUR,Khetri,-,-,-,-,-,-,26.10833333,92.07500000,25-05-2006 00:00,6.93,439,"",0,110,"","","",38,"","","",110,30,8.5,"","",0.47,"","","","","","","","",""
1072,Khetri,CGWB,18,Assam,291,KAMRUP,SONAPUR,SONAPUR,Khetri,-,-,-,-,-,-,26.10833333,92.07500000,25-05-2007 00:00,7.4,410,"",0,128,"","","","","","","",100,24,9.7,"","",2.36,"","","","","","","","",""
1073,Khetri,CGWB,18,Assam,291,KAMRUP,SONAPUR,SONAPUR,Khetri,-,-,-,-,-,-,26.10833333,92.07500000,25-05-2008 00:00,7.4,410,"",0,128,"","","","","","","",100,24,9.7,"","",2.86,"","","","","","","","",""
1074,Khetri,CGWB,18,Assam,291,KAMRUP,SONAPUR,SONAPUR,Khetri,-,-,-,-,-,-,26.10833333,92.07500000,25-05-2009 00:00,8.24,262,"",0,49,40.2,"","",18,"","","",80,18,8.53,"","",0.98,"","","","","","","","",""
1075,Khetri,CGWB,18,Assam,291,KAMRUP,SONAPUR,SONAPUR,Khetri,-,-,-,-,-,-,26.10833333,92.07500000,25-05-2011 00:00,7.29,357,"",0,104.55,"","","",31,"","","",135,26,17.5,30,"",1.42,"","","","","","","","",""
1076,Khetri,CGWB,18,Assam,291,KAMRUP,SONAPUR,SONAPUR,Khetri,-,-,-,-,-,-,26.10833333,92.07500000,25-05-2012 00:00,7.29,357,"",0,104,85.3,"","",31,"","","",135,26,17.05,30,"",1.42,"","","","","","","","",""
1077,Khetri,CGWB,18,Assam,291,KAMRUP,SONAPUR,SONAPUR,Khetri,-,-,-,-,-,-,26.10833333,92.07500000,25-05-2014 00:00,8.3,136,"",72,8,126.56,56,"",1.1,"","","",112,30.4,8.79,35.8,"",0.11,"","","","","","","","",""
1078,Khetri,CGWB,18,Assam,291,KAMRUP,SONAPUR,SONAPUR,Khetri,-,-,-,-,-,-,26.10833333,92.07500000,25-05-2015 00:00,8.1,302,"","",24,19.67,63.2,"",19.64,"","","",104,25.6,9.76,5.3,"",0.66,"","","","","","","","",""
1079,Khetri II,CGWB,18,Assam,618,Kamrup Metropolitan,-,-,-,-,-,-,-,-,-,26.14666700,92.16555600,30-05-2019 08:00,8.3,377.8,"",12,97.6976,"",70.9,"","","","","",120,26.0208,13.336893,39.24,"","","","","","","","","","",""
1080,Khetri II,CGWB,18,Assam,618,Kamrup Metropolitan,-,-,-,-,-,-,-,-,-,26.14666700,92.16555600,30-05-2020 08:00,8.3,377.8,"","",97.6976,"",70.9,"","","","","","",26.0208,13.336893,39.24,"","","","","","","","","","",""
1081,Khetri II,CGWB,18,Assam,618,Kamrup Metropolitan,-,-,-,-,-,-,-,-,-,26.14666700,92.16555600,30-05-2021 08:00,8.35,1200,"",15,358,"",149,"",22,"","","",382,97,34,86,"","","","","","","","","","",""
1082,Khoirabari,CGWB,18,Assam,283,DARRANG,PATHORIGHAT,PATHORIGHAT,Khoirabari,-,-,-,-,-,-,26.60555556,91.81666667,25-05-2007 00:00,7.75,584,"",0,243,"","","",12,"","","",150,38,13,"","",0.73,"","","","","","","","",""
1083,Khoirabari,CGWB,18,Assam,283,DARRANG,PATHORIGHAT,PATHORIGHAT,Khoirabari,-,-,-,-,-,-,26.60555556,91.81666667,25-05-2008 00:00,8.1,600,"",0,17.7,"","","",16,"","","",185,34,24.3,"","",0.43,"","","","","","","","",""
1084,Khoirabari,CGWB,18,Assam,283,DARRANG,PATHORIGHAT,PATHORIGHAT,Khoirabari,-,-,-,-,-,-,26.60555556,91.81666667,25-05-2016 00:00,8.3,235.3,124.9,10,135,145,15,"",5.3,"","","",105,18,14.6,26.98,"",1.4,"","","","","","","","",""
1085,Kohra kaziranga,CGWB,18,Assam,288,GOLAGHAT,BOKAKHAT,BOKAKHAT,Kohra kaziranga,-,-,-,-,-,-,26.61666667,93.45833333,25-05-2007 00:00,7.5,91,"",0,49,"","","",6,"","","",40,8,4.9,"","",0.15,"","","","","","","","",""
1086,Kohra kaziranga,CGWB,18,Assam,288,GOLAGHAT,BOKAKHAT,BOKAKHAT,Kohra kaziranga,-,-,-,-,-,-,26.61666667,93.45833333,25-05-2016 00:00,7.1,308.5,153.4,0,75,75,31.905,"",8.337668,"","","",70,22,3.6,15.94,"",0.71,"","","","","","","","",""
1087,Kokilamukh,CGWB,18,Assam,290,JORHAT,JORHAT WEST,JORHAT WEST,Kokilamukh,-,-,-,-,-,-,26.81861111,94.17166667,25-05-2007 00:00,7.9,78,"",0,43,"","","",5,"","","",35,8,3.6,"","",0.12,"","","","","","","","",""
1088,Kokilamukh,CGWB,18,Assam,290,JORHAT,JORHAT WEST,JORHAT WEST,Kokilamukh,-,-,-,-,-,-,26.81861111,94.17166667,25-05-2008 00:00,8.22,803,"",0,189,"","","",53,"","","",215,58,17,"","",0.12,"","","","","","","","",""
1089,Kokilamukh,CGWB,18,Assam,290,JORHAT,JORHAT WEST,JORHAT WEST,Kokilamukh,-,-,-,-,-,-,26.81861111,94.17166667,25-05-2014 00:00,8.7,508,"",80,152,257.92,39.7,"",1.14,"","","",156,32,18.4,55.9,"",0.16,"","","","","","","","",""
1090,Kokilamukh,CGWB,18,Assam,290,JORHAT,JORHAT WEST,JORHAT WEST,Kokilamukh,-,-,-,-,-,-,26.81861111,94.17166667,25-05-2015 00:00,8.34,255,"",32,56,99.23,20,"",1.3,"","","",60,9.6,8.76,21.52,"",11.81,"","","","","","","","",""
1091,Kokilamukh,CGWB,18,Assam,290,JORHAT,JORHAT WEST,JORHAT WEST,Kokilamukh,-,-,-,-,-,-,26.81861111,94.17166667,25-05-2016 00:00,8.3,483.9,239.3,30,155,185,14.18,"",1.1455656,"","","",95,34,2.4,13.55,"",9.58,"","","","","","","","",""
1092,Kokilamukh,CGWB,18,Assam,290,JORHAT,JORHAT WEST,JORHAT WEST,Kokilamukh,-,-,-,-,-,-,26.81861111,94.17166667,25-05-2018 00:00,8.32,531.8,287.4,50,170.176,220.176,35.45,"",8.4796,"",0,"",250,52.0416,29.100971,18.99,"",1.0313,0,"","","","","","","",""
1093,Kokrajhar,CGWB,18,Assam,294,KOKRAJHAR,KOKRAJHAR,KOKRAJHAR,Kokrajhar,-,-,-,-,-,-,26.37916667,90.28333333,25-05-2015 00:00,7.3,184,"","",40,32.79,93,"",1,"","","",156,11.2,31.13,2.5,"",0.07,"","","","","","","","",""
1094,Kolabari,CGWB,18,Assam,705,Biswanath,-,-,-,-,-,-,-,-,-,26.90139000,93.70806000,30-05-2021 08:00,7.85,502.5,326.625,0,219.6,"",35.45,"",45,0.05,"","",160,32,19.456,54.6,"","","","","","","","","","",""
1095,Kolony,CGWB,18,Assam,301,SONITPUR,CHARIDUAR,CHARIDUAR,Kolony,-,-,-,-,-,-,26.86138889,92.70583333,25-05-2005 00:00,8.19,83,"",0,92,"","","",2,"","","",45,10,4.9,"","",2.24,"","","","","","","","",""
1096,Kolony,CGWB,18,Assam,301,SONITPUR,CHARIDUAR,CHARIDUAR,Kolony,-,-,-,-,-,-,26.86138889,92.70583333,25-05-2006 00:00,7.21,154,"",0,25,"","","",7,"","","",65,16.8,5.52,"","",0.28,"","","","","","","","",""
1097,Kolony,CGWB,18,Assam,301,SONITPUR,CHARIDUAR,CHARIDUAR,Kolony,-,-,-,-,-,-,26.86138889,92.70583333,25-05-2008 00:00,8.1,174,"",0,30,"","","",8,"","","",55,8,8,"","",0.17,"","","","","","","","",""
1098,Kondali,CGWB,18,Assam,297,NAGAON,SAMAGURI,SAMAGURI,Kondali,-,-,-,-,-,-,26.26250000,92.78333333,25-05-2005 00:00,7.24,445,"",0,189,"","","",25,"","","",160,46,11,"","",0.09,"","","","","","","","",""
1099,Kondali,CGWB,18,Assam,297,NAGAON,SAMAGURI,SAMAGURI,Kondali,-,-,-,-,-,-,26.26250000,92.78333333,25-05-2006 00:00,6.92,385,"",0,92,"","","",11,"","","",90,26,6.1,"","",0.56,"","","","","","","","",""
1100,Kondali,CGWB,18,Assam,297,NAGAON,SAMAGURI,SAMAGURI,Kondali,-,-,-,-,-,-,26.26250000,92.78333333,25-05-2007 00:00,7.81,135,"",0,48,"","","",5,"","","",40,16,5,"","",1.1,"","","","","","","","",""
1101,Kondali,CGWB,18,Assam,297,NAGAON,SAMAGURI,SAMAGURI,Kondali,-,-,-,-,-,-,26.26250000,92.78333333,25-05-2008 00:00,7.2,224,"",0,61,"","","","","","","",65,18,4.9,"","",0.98,"","","","","","","","",""
1102,Kondali,CGWB,18,Assam,297,NAGAON,SAMAGURI,SAMAGURI,Kondali,-,-,-,-,-,-,26.26250000,92.78333333,25-05-2009 00:00,8.2,628,"",0,130,106.6,"","",31,"","","",130,29,14.02,"","",2.11,"","","","","","","","",""
1103,Kondali,CGWB,18,Assam,297,NAGAON,SAMAGURI,SAMAGURI,Kondali,-,-,-,-,-,-,26.26250000,92.78333333,25-05-2011 00:00,7.46,161,"",0,92.25,"","","",0,"","","",80,20,7.5,21,"",0.4,"","","","","","","","",""
1104,Kondali,CGWB,18,Assam,297,NAGAON,SAMAGURI,SAMAGURI,Kondali,-,-,-,-,-,-,26.26250000,92.78333333,25-05-2012 00:00,7.46,161,"",0,92.2,75.6,"","",0,"","","",80,20,7.32,21,"",0.4,"","","","","","","","",""
1105,Kondali,CGWB,18,Assam,297,NAGAON,SAMAGURI,SAMAGURI,Kondali,-,-,-,-,-,-,26.26250000,92.78333333,25-05-2014 00:00,7.2,251.1,"","",44,36.07,175,"",12.9,"","","",188,38.4,22.41,45,"",0.09,"","","","","","","","",""
1106,Krishnai,CGWB,18,Assam,287,GOALPARA,DUDHNOI,DUDHNOI,Krishnai,-,-,-,-,-,-,26.03333333,90.67500000,25-05-2008 00:00,7.9,119,"",0,25,20.5,"","",10,"","","",55,6,9.73,"","",0.48,"","","","","","","","",""
1107,Krishnai,CGWB,18,Assam,287,GOALPARA,DUDHNOI,DUDHNOI,Krishnai,-,-,-,-,-,-,26.03333333,90.67500000,25-05-2009 00:00,7.91,140,"",0,49.2,40.3,"","",3,"","","",60,10,8.52,"","",0.32,"","","","","","","","",""
1108,Krishnai,CGWB,18,Assam,287,GOALPARA,DUDHNOI,DUDHNOI,Krishnai,-,-,-,-,-,-,26.03333333,90.67500000,25-05-2014 00:00,7.5,83.7,"","",72,59.02,17.1,"",7.97,"","","",92,17.6,11.69,4.1,"",0.03,"","","","","","","","",""
1109,Krishnai,CGWB,18,Assam,287,GOALPARA,DUDHNOI,DUDHNOI,Krishnai,-,-,-,-,-,-,26.03333333,90.67500000,25-05-2015 00:00,8.32,89.98,"",24,104,125.25,16,"",1.1,"","","",72,16,7.8,27.52,"","","","","","","","","","",""
1110,Krishnai,CGWB,18,Assam,287,GOALPARA,DUDHNOI,DUDHNOI,Krishnai,-,-,-,-,-,-,26.03333333,90.67500000,25-05-2016 00:00,7.8,102.8,54.94,0,40,40,22.5,"",2,"","","",50,8,7.3,8.17,"",0.12,"","","","","","","","",""
1111,Kumarikata,CGWB,18,Assam,616,Baksa,-,-,-,-,-,-,-,-,-,26.73139000,91.55583000,30-05-2021 08:00,8.35,2920,1898,48,888,"",387,"",115,0.3,"","",430,114,35.264,487,"","","","","","","","","","",""
1112,Kumoi,CGWB,18,Assam,296,MARIGAON,-,-,-,-,-,-,-,-,-,26.19361100,92.24527800,30-05-2019 08:00,8.31,518.9,"",30,152.6708,"",46.085,"","","","","",190,32.0256,26.683495,29.44,"","","","","","","","","","",""
1113,Kumoi,CGWB,18,Assam,296,MARIGAON,-,-,-,-,-,-,-,-,-,26.19361100,92.24527800,30-05-2020 08:00,8.31,518.9,"","",152.6708,"",46.085,"","","","","","",32.0256,26.683495,29.44,"","","","","","","","","","",""
1114,Kumsang Selenguri,CGWB,18,Assam,302,TINSUKIA,-,-,-,-,-,-,-,-,-,27.61972200,95.63305600,30-05-2019 08:00,7.68,357.7,"",0,164.83176,"",49.63,"","","","","",115,24.0192,13.337864,28.82,"","","","","","","","","","",""
1115,Kumsang Selenguri,CGWB,18,Assam,302,TINSUKIA,-,-,-,-,-,-,-,-,-,27.61972200,95.63305600,30-05-2020 08:00,7.68,357.7,"","",164.83176,"",49.63,"","","","","","",24.0192,13.337864,28.82,"","","","","","","","","","",""
1116,Kunwari Pukhuri,CGWB,18,Assam,290,JORHAT,-,-,-,-,-,-,-,-,-,26.69833000,94.20694000,30-05-2019 08:00,7.38,127.1,"",0,67.15368,"",28.36,"","","","","",45,10.008,4.8495145,18.53,"","","","","","","","","","",""
1117,Kunwari Pukhuri,CGWB,18,Assam,290,JORHAT,-,-,-,-,-,-,-,-,-,26.69833000,94.20694000,30-05-2020 08:00,7.38,127.1,"","",67.15368,"",28.36,"","","","","","",10.008,4.8495145,18.53,"","","","","","","","","","",""
1118,Lahorijan,CGWB,18,Assam,292,KARBI ANGLONG,-,-,-,-,-,-,-,-,-,25.90694000,93.66111000,30-05-2021 08:00,6.92,270,"",0,110,"",20,"",3,"","","",105,40,1,12,"","","","","","","","","","",""
1119,Lakhinagar,CGWB,18,Assam,289,HAILAKANDI,-,-,-,-,-,-,-,-,-,24.60306000,92.53111000,30-05-2019 08:00,8.44,309.2,"",12,152.64153,"",17.725,"","","","","",120,34.0272,8.478641,23.18,"","","","","","","","","","",""
1120,Lakhinagar,CGWB,18,Assam,289,HAILAKANDI,-,-,-,-,-,-,-,-,-,24.60306000,92.53111000,30-05-2020 08:00,8.44,309.2,"","",152.64153,"",17.725,"","","","","","",34.0272,8.478641,23.18,"","","","","","","","","","",""
1121,Lakhinagar,CGWB,18,Assam,289,HAILAKANDI,-,-,-,-,-,-,-,-,-,24.60306000,92.53111000,30-05-2021 08:00,7.32,575,373.75,0,289.59567,"",14.849585,"",17,"","","",260,70,20.672,19,"","","","","","","","","","",""
1122,Lakhipur,CGWB,18,Assam,287,GOALPARA,LAKHIPUR,LAKHIPUR,Lakhipur,-,-,-,-,-,-,26.07500000,90.30000000,25-05-2005 00:00,7.22,135,"",0,55,"","","",4,"","","",70,14,8.5,"","",3,"","","","","","","","",""
1123,Lakhipur,CGWB,18,Assam,287,GOALPARA,LAKHIPUR,LAKHIPUR,Lakhipur,-,-,-,-,-,-,26.07500000,90.30000000,25-05-2009 00:00,7.74,137,"",0,36.9,30.3,"","",7,"","","",210,6,47.42,"","",0.94,"","","","","","","","",""
1124,Lakhipur1,CGWB,18,Assam,282,CACHAR,SONAI,SONAI,Lakhipur,-,-,-,-,-,-,24.73111111,92.89027778,25-05-2006 00:00,6.9,225,"",0,49,"","","",16,"","","",80,16,10,"","",1.29,"","","","","","","","",""
1125,Lakhipur1,CGWB,18,Assam,282,CACHAR,SONAI,SONAI,Lakhipur,-,-,-,-,-,-,24.73111111,92.89027778,25-05-2007 00:00,7.66,218,"",0,73,"","","",12,"","","",60,16,5,"","",0.86,"","","","","","","","",""
1126,Lakhipur1,CGWB,18,Assam,282,CACHAR,SONAI,SONAI,Lakhipur,-,-,-,-,-,-,24.73111111,92.89027778,25-05-2009 00:00,8.68,865,"",9,135.3,125.9,"","",50,"","","",205,36,28,"","",0.61,"","","","","","","","",""
1127,Lakhipur1,CGWB,18,Assam,282,CACHAR,SONAI,SONAI,Lakhipur,-,-,-,-,-,-,24.73111111,92.89027778,25-05-2014 00:00,8.26,219,"","",44,36.07,47.6,"",11.8,"","","",80,19.2,7.8,15.1,"",0.61,"","","","","","","","",""
1128,Laluk,CGWB,18,Assam,295,LAKHIMPUR,BIHPURIA,BIHPURIA,Laluk,-,-,-,-,-,-,27.12500000,93.90833333,25-05-2005 00:00,6.75,263,"",0,134,109.8,"","","","","","",110,26,10.97,"","",0.03,"","","","","","","","",""
1129,Laluk,CGWB,18,Assam,295,LAKHIMPUR,BIHPURIA,BIHPURIA,Laluk,-,-,-,-,-,-,27.12500000,93.90833333,25-05-2008 00:00,8.18,481,"",0,213,"","","",4,"","","",175,64,4,"","",3.34,"","","","","","","","",""
1130,Laluk,CGWB,18,Assam,295,LAKHIMPUR,BIHPURIA,BIHPURIA,Laluk,-,-,-,-,-,-,27.12500000,93.90833333,25-05-2009 00:00,8.39,133,"",9,110.7,105.7,"","",16,"","","",135,22,19.48,"","",2.92,"","","","","","","","",""
1131,Laluk,CGWB,18,Assam,295,LAKHIMPUR,BIHPURIA,BIHPURIA,Laluk,-,-,-,-,-,-,27.12500000,93.90833333,25-05-2014 00:00,8.3,152.3,"",16,84,95.52,32,"",14.79,"","","",120,43.2,2.97,14.1,"",0.13,"","","","","","","","",""
1132,Laluk,CGWB,18,Assam,295,LAKHIMPUR,BIHPURIA,BIHPURIA,Laluk,-,-,-,-,-,-,27.12500000,93.90833333,25-05-2015 00:00,8.2,249.1,"","",96,78.69,54,"",23.1,"","","",72,17.6,6.83,34.98,"","","","","","","","","","",""
1133,Laluk,CGWB,18,Assam,295,LAKHIMPUR,BIHPURIA,BIHPURIA,Laluk,-,-,-,-,-,-,27.12500000,93.90833333,25-05-2016 00:00,8.3,566,284.4,40,110,150,52.5,"",13.9,"","","",140,32,14.6,47.1,"",0.04,"","","","","","","","",""
1134,Laluk,CGWB,18,Assam,295,LAKHIMPUR,BIHPURIA,BIHPURIA,Laluk,-,-,-,-,-,-,27.12500000,93.90833333,25-05-2018 00:00,8.39,795.1,422.7,30,165.156,195.156,17.725,"",27.6068,"",0,"",245,74.0592,14.5271845,7.71,"",0.1165,0,"","","","","","","",""
1135,Laluk,CGWB,18,Assam,295,LAKHIMPUR,BIHPURIA,BIHPURIA,Laluk,-,-,-,-,-,-,27.12500000,93.90833333,30-05-2021 08:00,8.2,6820,4433,0,317,"",2102,"",155,0.05,"","",765,150,94.848,1235,"","","","","","","","","","",""
1136,Langhing,CGWB,18,Assam,292,KARBI ANGLONG,-,-,-,-,-,-,-,-,-,26.20278000,93.13361000,30-05-2021 08:00,8,250,"",0,146,"",7,"",3,"","","",71,29,12,5,"","","","","","","","","","",""
1137,Langteng te,CGWB,18,Assam,297,NAGAON,Kaliabar,Kaliabar,Langteng te,-,-,-,-,-,-,26.45000000,93.06666667,25-05-2006 00:00,7.35,635,"",0,287,"","","",27,"","","",255,70,19,"","","","","","","","","","","",""
1138,Langteng te,CGWB,18,Assam,297,NAGAON,Kaliabar,Kaliabar,Langteng te,-,-,-,-,-,-,26.45000000,93.06666667,25-05-2009 00:00,8.25,501,"",0,246,201.6,"","",11,"","","",115,28,10.97,"","",0.65,"","","","","","","","",""
1139,Langteng te,CGWB,18,Assam,297,NAGAON,Kaliabar,Kaliabar,Langteng te,-,-,-,-,-,-,26.45000000,93.06666667,25-05-2015 00:00,8.3,177.6,"",48,80,145.57,40,"",5.4,"","","",132,38.4,8.8,29.5,"","","","","","","","","","",""
1140,Lanka,CGWB,18,Assam,297,NAGAON,LANKA,LANKA,Lanka,-,-,-,-,-,-,25.91305556,92.96166667,25-05-2005 00:00,7.44,723,"",0,287,"","","",10,"","","",240,54,26,"","",0.33,"","","","","","","","",""
1141,Lanka,CGWB,18,Assam,297,NAGAON,LANKA,LANKA,Lanka,-,-,-,-,-,-,25.91305556,92.96166667,25-05-2006 00:00,6.87,259,"",0,73,"","","",9,"","","",120,16,19,"","",3.11,"","","","","","","","",""
1142,Lanka,CGWB,18,Assam,297,NAGAON,LANKA,LANKA,Lanka,-,-,-,-,-,-,25.91305556,92.96166667,25-05-2007 00:00,7.81,639,"",0,274,"","","",10,"","","",274,71,6,"","",0.09,"","","","","","","","",""
1143,Lanka,CGWB,18,Assam,297,NAGAON,LANKA,LANKA,Lanka,-,-,-,-,-,-,25.91305556,92.96166667,25-05-2008 00:00,7.6,810,"",0,293,"","","","","","","",245,44,32,"","",0.11,"","","","","","","","",""
1144,Lanka,CGWB,18,Assam,297,NAGAON,LANKA,LANKA,Lanka,-,-,-,-,-,-,25.91305556,92.96166667,25-05-2009 00:00,8.34,476,"",3,201,169.8,"","",18,"","","",180,44,17.07,"","",0.71,"","","","","","","","",""
1145,Lanka,CGWB,18,Assam,297,NAGAON,LANKA,LANKA,Lanka,-,-,-,-,-,-,25.91305556,92.96166667,25-05-2011 00:00,8.02,1025,"",0,405.9,"","","",3,"","","",345,30,67.5,54,"",0.03,"","","","","","","","",""
1146,Lanka,CGWB,18,Assam,297,NAGAON,LANKA,LANKA,Lanka,-,-,-,-,-,-,25.91305556,92.96166667,25-05-2012 00:00,8.02,1025,"",0,405,332,"","",3,"","","",395,30,67.5,54,"",0.03,"","","","","","","","",""
1147,Lanka,CGWB,18,Assam,297,NAGAON,LANKA,LANKA,Lanka,-,-,-,-,-,-,25.91305556,92.96166667,25-05-2014 00:00,8.8,819,"",72,168,257.7,85.6,"",5.53,"","","",180,32,24.35,70.5,"",0.53,"","","","","","","","",""
1148,Lanka,CGWB,18,Assam,297,NAGAON,LANKA,LANKA,Lanka,-,-,-,-,-,-,25.91305556,92.96166667,25-05-2015 00:00,8.4,378.6,"",40,96,145.36,144,"",6.9,"","","",264,27.1,47.75,51.6,"",0.53,"","","","","","","","",""
1149,Lanka,CGWB,18,Assam,297,NAGAON,LANKA,LANKA,Lanka,-,-,-,-,-,-,25.91305556,92.96166667,25-05-2018 00:00,6.966,960.6,572.5,0,315.252,315.252,120.53,"",10.081,"",0,"",315,100.08,15.728155,58.18,"",0.1563,0,"","","","","","","",""
1150,Lanka,CGWB,18,Assam,297,NAGAON,LANKA,LANKA,Lanka,-,-,-,-,-,-,25.91305556,92.96166667,30-05-2019 08:00,8.47,935.3,"",18,158.75616,"",209.155,"","","","","",270,60.048,29.097088,58.94,"","","","","","","","","","",""
1151,Lanka,CGWB,18,Assam,297,NAGAON,LANKA,LANKA,Lanka,-,-,-,-,-,-,25.91305556,92.96166667,30-05-2020 08:00,8.47,935.3,"","",158.75616,"",209.155,"","","","","","",60.048,29.097088,58.94,"","","","","","","","","","",""
1152,Lanka,CGWB,18,Assam,297,NAGAON,LANKA,LANKA,Lanka,-,-,-,-,-,-,25.91305556,92.96166667,30-05-2021 08:00,7.74,600,"",0,228,"",43,"",51,"","","",195,39,24,45.7,"","","","","","","","","","",""
1153,Lapetkata,CGWB,18,Assam,286,DIBRUGARH,DIBRUGARH WEST,DIBRUGARH WEST,Lapetkata,-,-,-,-,-,-,27.37222222,94.87333333,25-05-2005 00:00,7.01,361,"",0,93,"","","",30,"","","",90,16,12,"","",2.16,"","","","","","","","",""
1154,Lapetkata,CGWB,18,Assam,286,DIBRUGARH,DIBRUGARH WEST,DIBRUGARH WEST,Lapetkata,-,-,-,-,-,-,27.37222222,94.87333333,25-05-2007 00:00,7.75,247,"",0,79.3,"","","",18,"","","",75,20,6,"","",0.6,"","","","","","","","",""
1155,Lapetkata,CGWB,18,Assam,286,DIBRUGARH,DIBRUGARH WEST,DIBRUGARH WEST,Lapetkata,-,-,-,-,-,-,27.37222222,94.87333333,25-05-2008 00:00,7.75,247,"",0,79.3,"","","",18,"","","",75,20,6,"","",0.6,"","","","","","","","",""
1156,Lapetkata,CGWB,18,Assam,286,DIBRUGARH,DIBRUGARH WEST,DIBRUGARH WEST,Lapetkata,-,-,-,-,-,-,27.37222222,94.87333333,25-05-2010 00:00,8.8,378,"",70,35,"","","",0,"","","",140,28.8,16.5,4,"",5.41,"","","","","","","","",""
1157,Lapetkata,CGWB,18,Assam,286,DIBRUGARH,DIBRUGARH WEST,DIBRUGARH WEST,Lapetkata,-,-,-,-,-,-,27.37222222,94.87333333,25-05-2014 00:00,8.3,120.5,"",16,48,66.01,34,"",23.6,"","","",100,24,9.75,10.16,"","","","","","","","","","",""
1158,Lapetkata,CGWB,18,Assam,286,DIBRUGARH,DIBRUGARH WEST,DIBRUGARH WEST,Lapetkata,-,-,-,-,-,-,27.37222222,94.87333333,25-05-2016 00:00,7.5,250.3,127,40,115,155,15,"",20.1,"","","",90,24,7.3,50.34,"",0.08,"","","","","","","","",""
1159,Ledo forest off,CGWB,18,Assam,302,TINSUKIA,MARGHERITA,MARGHERITA,Ledo forest off,-,-,-,-,-,-,27.30000000,95.70000000,25-05-2005 00:00,7.39,142,"",0,31,"","","",19,"","","",45,10,4.9,"","",0.26,"","","","","","","","",""
1160,Ledo forest off,CGWB,18,Assam,302,TINSUKIA,MARGHERITA,MARGHERITA,Ledo forest off,-,-,-,-,-,-,27.30000000,95.70000000,25-05-2010 00:00,8.2,299,"",0,104,"","","",22.77,"","","",60,14.4,5.83,7.6,"",0.21,"","","","","","","","",""
1161,Ledo forest off,CGWB,18,Assam,302,TINSUKIA,MARGHERITA,MARGHERITA,Ledo forest off,-,-,-,-,-,-,27.30000000,95.70000000,25-05-2013 00:00,8.2,249,"",0,104,85.3,"","",2.77,"","","",60,14.4,5.83,11.6,"",0.21,"","","","","","","","",""
1162,Lekhapani,CGWB,18,Assam,302,TINSUKIA,MARGHERITA,MARGHERITA,Lekhapani,-,-,-,-,-,-,27.30000000,95.85833333,25-05-2005 00:00,7.22,281,"",0,61,"","","",32,"","","",70,18,6.1,"","",1.46,"","","","","","","","",""
1163,Lekhapani,CGWB,18,Assam,302,TINSUKIA,MARGHERITA,MARGHERITA,Lekhapani,-,-,-,-,-,-,27.30000000,95.85833333,25-05-2007 00:00,5.77,423,"",0,30,"","","","","","","",25,8,1,"","",0.22,"","","","","","","","",""
1164,Lekhapani,CGWB,18,Assam,302,TINSUKIA,MARGHERITA,MARGHERITA,Lekhapani,-,-,-,-,-,-,27.30000000,95.85833333,25-05-2008 00:00,7.08,163,"",0,48.8,"","","",9,"","","",55,8,85,"","",0.08,"","","","","","","","",""
1165,Lekhapani,CGWB,18,Assam,302,TINSUKIA,MARGHERITA,MARGHERITA,Lekhapani,-,-,-,-,-,-,27.30000000,95.85833333,25-05-2009 00:00,7.88,118,"",0,43.05,35.3,"","",41,"","","",130,12,24.33,"","",0.26,"","","","","","","","",""
1166,Lekhapani,CGWB,18,Assam,302,TINSUKIA,MARGHERITA,MARGHERITA,Lekhapani,-,-,-,-,-,-,27.30000000,95.85833333,25-05-2010 00:00,8,246,"",0,52,"","","",32.64,"","","",72,20.8,4.85,0.62,"",0.18,"","","","","","","","",""
1167,Lekhapani,CGWB,18,Assam,302,TINSUKIA,MARGHERITA,MARGHERITA,Lekhapani,-,-,-,-,-,-,27.30000000,95.85833333,25-05-2013 00:00,8,206,"",0,52,42.6,"","",32.64,"","","",72,20.8,4.85,6,"",0.18,"","","","","","","","",""
1168,Lekhapani,CGWB,18,Assam,302,TINSUKIA,MARGHERITA,MARGHERITA,Lekhapani,-,-,-,-,-,-,27.30000000,95.85833333,25-05-2014 00:00,8.4,83.99,"",16,56,72.57,30,"",22.3,"","","",84,19.2,8.78,20.1,"","","","","","","","","","",""
1169,Lekhapani,CGWB,18,Assam,302,TINSUKIA,MARGHERITA,MARGHERITA,Lekhapani,-,-,-,-,-,-,27.30000000,95.85833333,25-05-2016 00:00,7.2,143.9,73.59,0,50,50,17.5,"",14.7,"","","",70,18,6.1,6.44,"",0.21,"","","","","","","","",""
1170,Lekhapani,CGWB,18,Assam,302,TINSUKIA,MARGHERITA,MARGHERITA,Lekhapani,-,-,-,-,-,-,27.30000000,95.85833333,25-05-2017 00:00,7.31,142.3,93.92,"",40,40,10.64,"",14.69931,"","","",50,12,4.8543687,6.11,"",0.38,33.808,"","","","","","","",""
1171,Lekhapani,CGWB,18,Assam,302,TINSUKIA,MARGHERITA,MARGHERITA,Lekhapani,-,-,-,-,-,-,27.30000000,95.85833333,30-05-2021 08:00,8.05,8580,5577,0,817.4,"",1878.85,"",1265,0.8,"","",1080,64,223.744,1640,"","","","","","","","","","",""
1172,Lichubari,CGWB,18,Assam,290,JORHAT,-,-,-,-,-,-,-,-,-,26.72722000,94.21056000,30-05-2019 08:00,7.09,205.5,"",0,42.73416,"",60.265,"","","","","",35,6.0048,4.851456,38.82,"","","","","","","","","","",""
1173,Lichubari,CGWB,18,Assam,290,JORHAT,-,-,-,-,-,-,-,-,-,26.72722000,94.21056000,30-05-2020 08:00,7.09,205.5,"","",42.73416,"",60.265,"","","","","","",6.0048,4.851456,38.82,"","","","","","","","","","",""
1174,Lumding,CGWB,18,Assam,297,NAGAON,LANKA,LANKA,Lumding,-,-,-,-,-,-,25.76666667,93.17500000,25-05-2005 00:00,7.43,1143,"",0,323,"","","",53,"","","",365,90,34,"","",0.29,"","","","","","","","",""
1175,Lumding,CGWB,18,Assam,297,NAGAON,LANKA,LANKA,Lumding,-,-,-,-,-,-,25.76666667,93.17500000,25-05-2009 00:00,8.34,484,"",3,217,182.9,"","",14,"","","",130,27,15.23,"","",0.63,"","","","","","","","",""
1176,Lumding,CGWB,18,Assam,297,NAGAON,LANKA,LANKA,Lumding,-,-,-,-,-,-,25.76666667,93.17500000,25-05-2015 00:00,8.3,302.9,"",48,124,181.64,74,"",31.9,"","","",232,28.8,38.94,43.1,"",0.15,"","","","","","","","",""
1177,Lumding,CGWB,18,Assam,297,NAGAON,LANKA,LANKA,Lumding,-,-,-,-,-,-,25.76666667,93.17500000,30-05-2021 08:00,7.78,184.8,"",0,90.5,"",26.7,"",2.5,"","","",76.3,24.66,3.56,17.3,"","","","","","","","","","",""
1178,Madhupur,CGWB,18,Assam,283,DARRANG,Chapar-Salkocha,Chapar-Salkocha,Madhupur,-,-,-,-,-,-,26.60277778,92.23888889,25-05-2005 00:00,7.38,262,"",0,116,"","","",10,"","","",65,18,4.9,"","",0.54,"","","","","","","","",""
1179,Madhupur,CGWB,18,Assam,283,DARRANG,Chapar-Salkocha,Chapar-Salkocha,Madhupur,-,-,-,-,-,-,26.60277778,92.23888889,25-05-2006 00:00,7.35,240,"",0,98,"","","",8,"","","",60,18,3.6,"","",1.64,"","","","","","","","",""
1180,Madhupur,CGWB,18,Assam,283,DARRANG,Chapar-Salkocha,Chapar-Salkocha,Madhupur,-,-,-,-,-,-,26.60277778,92.23888889,25-05-2007 00:00,7.81,402,"",0,103.7,"","","",21,"","","",90,22,8.5,"","",0.17,"","","","","","","","",""
1181,Madhupur,CGWB,18,Assam,283,DARRANG,Chapar-Salkocha,Chapar-Salkocha,Madhupur,-,-,-,-,-,-,26.60277778,92.23888889,25-05-2008 00:00,7.81,402,"",0,103.7,"","","",21,"","","",90,22,8.5,"","",0.17,"","","","","","","","",""
1182,Madhupur,CGWB,18,Assam,283,DARRANG,Chapar-Salkocha,Chapar-Salkocha,Madhupur,-,-,-,-,-,-,26.60277778,92.23888889,25-05-2014 00:00,8.5,295,"",24,92,115.41,21.8,"",11.6,"","","",108,35.2,4.91,8.22,"",0.21,"","","","","","","","",""
1183,Madhupur,CGWB,18,Assam,283,DARRANG,Chapar-Salkocha,Chapar-Salkocha,Madhupur,-,-,-,-,-,-,26.60277778,92.23888889,25-05-2015 00:00,8.32,187.6,"",40,88,138.8,24,"",9.3,"","","",96,28.8,5.87,10.75,"",0.06,"","","","","","","","",""
1184,Madhupur,CGWB,18,Assam,283,DARRANG,Chapar-Salkocha,Chapar-Salkocha,Madhupur,-,-,-,-,-,-,26.60277778,92.23888889,25-05-2016 00:00,8.3,1619,868,20,235,255,333.23,"",2.1602743,"","","",225,74,9.7,211.9,"",1.03,"","","","","","","","",""
1185,Maligaon,CGWB,18,Assam,291,KAMRUP,PALASBARI,PALASBARI,Maligaon,-,-,-,-,-,-,26.12777778,91.62777778,25-05-2005 00:00,7.38,998,"",0,226,185.3,"","","","","","",335,92,25.64,"","",0.26,"","","","","","","","",""
1186,Maligaon,CGWB,18,Assam,291,KAMRUP,PALASBARI,PALASBARI,Maligaon,-,-,-,-,-,-,26.12777778,91.62777778,25-05-2006 00:00,7.58,982,"",0,201,"","","",76,"","","",275,80,18,"","",0.05,"","","","","","","","",""
1187,Maligaon,CGWB,18,Assam,291,KAMRUP,PALASBARI,PALASBARI,Maligaon,-,-,-,-,-,-,26.12777778,91.62777778,25-05-2007 00:00,7.8,885,"",0,152,"","","",64,"","","",265,81,15,"","",0.31,"","","","","","","","",""
1188,Maligaon,CGWB,18,Assam,291,KAMRUP,PALASBARI,PALASBARI,Maligaon,-,-,-,-,-,-,26.12777778,91.62777778,25-05-2008 00:00,8.1,735,"",0,166.05,"","","",44,"","","",195,42,21.8,"","",0.14,"","","","","","","","",""
1189,Maligaon,CGWB,18,Assam,291,KAMRUP,PALASBARI,PALASBARI,Maligaon,-,-,-,-,-,-,26.12777778,91.62777778,25-05-2009 00:00,7.88,723,"",0,203,166.4,"","",35,"","","",225,52,23.16,"","",0.92,"","","","","","","","",""
1190,Maligaon,CGWB,18,Assam,291,KAMRUP,PALASBARI,PALASBARI,Maligaon,-,-,-,-,-,-,26.12777778,91.62777778,25-05-2010 00:00,8.3,806,"",48,172,"","","",38.9,"","","",220,54.4,20.39,49.2,"","","","","","","","","","",""
1191,Maligaon,CGWB,18,Assam,291,KAMRUP,PALASBARI,PALASBARI,Maligaon,-,-,-,-,-,-,26.12777778,91.62777778,25-05-2013 00:00,8.3,666,"",48,172,221,"","",38.9,"","","",220,54.4,20.49,25.81,"","","","","","","","","","",""
1192,Maligaon,CGWB,18,Assam,291,KAMRUP,PALASBARI,PALASBARI,Maligaon,-,-,-,-,-,-,26.12777778,91.62777778,25-05-2014 00:00,8.9,406.9,"",96,188,314.1,124,"",38.75,"","","",260,88,9.83,105.3,"",1.29,"","","","","","","","",""
1193,Maligaon,CGWB,18,Assam,291,KAMRUP,PALASBARI,PALASBARI,Maligaon,-,-,-,-,-,-,26.12777778,91.62777778,25-05-2015 00:00,8.3,744.8,"",48,232,270.16,112,"",114.4,"","","",192,20.8,34.06,92.41,"",0.71,"","","","","","","","",""
1194,Maligaon,CGWB,18,Assam,291,KAMRUP,PALASBARI,PALASBARI,Maligaon,-,-,-,-,-,-,26.12777778,91.62777778,25-05-2016 00:00,7.7,828.9,416.7,0,255,255,70.9,"",5.9246316,"","","",175,34,21.8,47.74,"","","","","","","","","","",""
1195,Maligaon,CGWB,18,Assam,291,KAMRUP,PALASBARI,PALASBARI,Maligaon,-,-,-,-,-,-,26.12777778,91.62777778,25-05-2018 00:00,7.289,65.39,35.29,0,30.024,30.024,17.725,"",18.2365,"",0,"",35,10.008,2.4223301,11.02,"",0.0823,0,"","","","","","","",""
1196,Mangaldoi,CGWB,18,Assam,283,DARRANG,Pachim-Mangaldoi,Pachim-Mangaldoi,Mangaldoi,-,-,-,-,-,-,26.43333333,92.03333333,25-05-2005 00:00,7.6,798,"",0,268,"","","",24,"","","",120,38,6.1,"","",2.07,"","","","","","","","",""
1197,Mangaldoi,CGWB,18,Assam,283,DARRANG,Pachim-Mangaldoi,Pachim-Mangaldoi,Mangaldoi,-,-,-,-,-,-,26.43333333,92.03333333,25-05-2006 00:00,7.58,961,"",0,329,"","","",47,"","","",260,56,29,"","",3.54,"","","","","","","","",""
1198,Mangaldoi,CGWB,18,Assam,283,DARRANG,Pachim-Mangaldoi,Pachim-Mangaldoi,Mangaldoi,-,-,-,-,-,-,26.43333333,92.03333333,25-05-2007 00:00,7.86,896,"",0,311,"","","",37,"","","",235,48,27,"","",2.31,"","","","","","","","",""
1199,Mangaldoi,CGWB,18,Assam,283,DARRANG,Pachim-Mangaldoi,Pachim-Mangaldoi,Mangaldoi,-,-,-,-,-,-,26.43333333,92.03333333,25-05-2008 00:00,8.04,1266,"",0,360,"","","",46,"","","",290,90,48.6,"","",0.91,"","","","","","","","",""
1200,Mangaldoi,CGWB,18,Assam,283,DARRANG,Pachim-Mangaldoi,Pachim-Mangaldoi,Mangaldoi,-,-,-,-,-,-,26.43333333,92.03333333,25-05-2011 00:00,7.9,174,"",0,92.25,"","","","","","","",10,20,10,11,"","","","","","","","","","",""
1201,Mangaldoi,CGWB,18,Assam,283,DARRANG,Pachim-Mangaldoi,Pachim-Mangaldoi,Mangaldoi,-,-,-,-,-,-,26.43333333,92.03333333,25-05-2012 00:00,7.9,174,"",0,92.25,75.6,"","","","","","",20,5,1.83,11,"","","","","","","","","","",""
1202,Mangaldoi,CGWB,18,Assam,283,DARRANG,Pachim-Mangaldoi,Pachim-Mangaldoi,Mangaldoi,-,-,-,-,-,-,26.43333333,92.03333333,25-05-2014 00:00,8.4,847,"",72,228,306.89,103.2,"",41.3,"","","",280,33.6,47.69,73,"",0.42,"","","","","","","","",""
1203,Mangaldoi,CGWB,18,Assam,283,DARRANG,Pachim-Mangaldoi,Pachim-Mangaldoi,Mangaldoi,-,-,-,-,-,-,26.43333333,92.03333333,25-05-2015 00:00,7.27,105.2,"","",76,62.3,60,"",2.4,"","","",48,19,0.14,32.5,"",0.01,"","","","","","","","",""
1204,Mangaldoi,CGWB,18,Assam,283,DARRANG,Pachim-Mangaldoi,Pachim-Mangaldoi,Mangaldoi,-,-,-,-,-,-,26.43333333,92.03333333,25-05-2016 00:00,8.3,567.2,298.9,10,120,130,67.5,"",7.5,"","","",175,58,7.3,25.22,"",8.54,"","","","","","","","",""
1205,Mangaldoi,CGWB,18,Assam,283,DARRANG,Pachim-Mangaldoi,Pachim-Mangaldoi,Mangaldoi,-,-,-,-,-,-,26.43333333,92.03333333,25-05-2018 00:00,8.303,339.3,177.8,30,125.124,155.124,21.27,"",5.3093,"",0,"",140,46.0368,6.045631,13.78,"",0.0741,0,"","","","","","","",""
1206,Mangaldoi,CGWB,18,Assam,283,DARRANG,Pachim-Mangaldoi,Pachim-Mangaldoi,Mangaldoi,-,-,-,-,-,-,26.43333333,92.03333333,30-05-2019 08:00,8.32,845.2,"",30,207.61472,"",184.34,"","","","","",250,22.0176,47.319416,69.72,"","","","","","","","","","",""
1207,Mangaldoi,CGWB,18,Assam,283,DARRANG,Pachim-Mangaldoi,Pachim-Mangaldoi,Mangaldoi,-,-,-,-,-,-,26.43333333,92.03333333,30-05-2020 08:00,8.32,845.2,"","",207.61472,"",184.34,"","","","","","",22.0176,47.319416,69.72,"","","","","","","","","","",""
1208,Mangaldoi (ii),CGWB,18,Assam,283,DARRANG,Pachim-Mangaldoi,Pachim-Mangaldoi,Mangaldoi (ii),-,-,-,-,-,-,26.43000000,92.02083333,25-05-2007 00:00,7.94,365,"",0,152.5,"","","",5,"","","",120,30,10.98,"","",0.43,"","","","","","","","",""
1209,Mangaldoi (ii),CGWB,18,Assam,283,DARRANG,Pachim-Mangaldoi,Pachim-Mangaldoi,Mangaldoi (ii),-,-,-,-,-,-,26.43000000,92.02083333,25-05-2008 00:00,7.94,365,"",0,152.5,"","","",5,"","","",120,30,10.28,"","",0.43,"","","","","","","","",""
1210,Mangaldoi (ii),CGWB,18,Assam,283,DARRANG,Pachim-Mangaldoi,Pachim-Mangaldoi,Mangaldoi (ii),-,-,-,-,-,-,26.43000000,92.02083333,25-05-2015 00:00,8.31,88.2,"",32,132,161.53,46,"",2.1,"","","",152,28.8,19.49,21.95,"",0.05,"","","","","","","","",""
1211,Mangaldoi (ii),CGWB,18,Assam,283,DARRANG,Pachim-Mangaldoi,Pachim-Mangaldoi,Mangaldoi (ii),-,-,-,-,-,-,26.43000000,92.02083333,25-05-2016 00:00,8.3,176.9,96.74,10,75,85,14.18,"",5.062833,"","","",75,18,7.3,9.24,"",1.06,"","","","","","","","",""
1212,Mangaldoi (ii),CGWB,18,Assam,283,DARRANG,Pachim-Mangaldoi,Pachim-Mangaldoi,Mangaldoi (ii),-,-,-,-,-,-,26.43000000,92.02083333,25-05-2018 00:00,8.314,870.4,477,10,140.12,150.12,99.26,"",5.7512,"",0,"",175,28.0224,25.471844,38.27,"",0.1376,0,"","","","","","","",""
1213,Manikpur,CGWB,18,Assam,292,KARBI ANGLONG,PHULONI,PHULONI,Manikpur,-,-,-,-,-,-,26.24916667,93.15111111,25-05-2005 00:00,6.73,377,"",0,98,"","","",8,"","","",80,24,4.9,"","",1.47,"","","","","","","","",""
1214,Manikpur,CGWB,18,Assam,292,KARBI ANGLONG,PHULONI,PHULONI,Manikpur,-,-,-,-,-,-,26.24916667,93.15111111,25-05-2009 00:00,8.06,232,"",0,74,60.7,"","",17,"","","",95,21,10.36,"","",1.63,"","","","","","","","",""
1215,Manikpur,CGWB,18,Assam,292,KARBI ANGLONG,PHULONI,PHULONI,Manikpur,-,-,-,-,-,-,26.24916667,93.15111111,25-05-2011 00:00,7.78,327,"",0,190.72,"","","",0,"","","",135,40,18.75,41,"",2.6,"","","","","","","","",""
1216,Manikpur,CGWB,18,Assam,292,KARBI ANGLONG,PHULONI,PHULONI,Manikpur,-,-,-,-,-,-,26.24916667,93.15111111,25-05-2012 00:00,7.78,327,"",0,190,155.7,"","",0,"","","",135,40,8.56,41,"",0.96,"","","","","","","","",""
1217,Manikpur,CGWB,18,Assam,292,KARBI ANGLONG,PHULONI,PHULONI,Manikpur,-,-,-,-,-,-,26.24916667,93.15111111,25-05-2014 00:00,8.3,150.3,"",48,112,171.8,30,"",1.1,"","","",172,36.8,19.42,19.63,"",0.76,"","","","","","","","",""
1218,Manikpur,CGWB,18,Assam,292,KARBI ANGLONG,PHULONI,PHULONI,Manikpur,-,-,-,-,-,-,26.24916667,93.15111111,25-05-2018 00:00,8.328,521.6,271.1,50,180.184,230.184,31.905,"",2.7228,"",0,"",215,58.0464,16.962135,14.41,"",0.0336,0,"","","","","","","",""
1219,Manikpur1,CGWB,18,Assam,281,BONGAIGAON,SRIJANGRAM,SRIJANGRAM,Manikpur,-,-,-,-,-,-,26.35833333,90.61666667,25-05-2005 00:00,7.4,260,"",0,98,"","","",11,"","","",85,24,6.1,"","",0.09,"","","","","","","","",""
1220,Manikpur1,CGWB,18,Assam,281,BONGAIGAON,SRIJANGRAM,SRIJANGRAM,Manikpur,-,-,-,-,-,-,26.35833333,90.61666667,25-05-2006 00:00,7.34,545,"",0,323,"","","",3,"","","",250,40,36,"","",0.2,"","","","","","","","",""
1221,Manikpur1,CGWB,18,Assam,281,BONGAIGAON,SRIJANGRAM,SRIJANGRAM,Manikpur,-,-,-,-,-,-,26.35833333,90.61666667,25-05-2007 00:00,7.15,134,"",0,37,"","","",1,"","","",55,14,4.9,"","",0.55,"","","","","","","","",""
1222,Manikpur1,CGWB,18,Assam,281,BONGAIGAON,SRIJANGRAM,SRIJANGRAM,Manikpur,-,-,-,-,-,-,26.35833333,90.61666667,25-05-2010 00:00,8.3,392,"",24,148,"","","",4.28,"","","",166,30.4,21.8,6.19,"","","","","","","","","","",""
1223,Manikpur1,CGWB,18,Assam,281,BONGAIGAON,SRIJANGRAM,SRIJANGRAM,Manikpur,-,-,-,-,-,-,26.35833333,90.61666667,25-05-2012 00:00,8.48,483,"",24,313,296.6,"","","","","","",275,12,59.58,7,"","","","","","","","","","",""
1224,Manikpur1,CGWB,18,Assam,281,BONGAIGAON,SRIJANGRAM,SRIJANGRAM,Manikpur,-,-,-,-,-,-,26.35833333,90.61666667,25-05-2013 00:00,8.3,332,"",24,148,161.3,"","",4.28,"","","",166,30.4,21.92,5.9,"","","","","","","","","","",""
1225,Manikpur1,CGWB,18,Assam,281,BONGAIGAON,SRIJANGRAM,SRIJANGRAM,Manikpur,-,-,-,-,-,-,26.35833333,90.61666667,25-05-2014 00:00,8.5,358,"",120,140,314.75,25.8,"",7.4,"","","",312,32,56.45,19.7,"","","","","","","","","","",""
1226,Manikpur1,CGWB,18,Assam,281,BONGAIGAON,SRIJANGRAM,SRIJANGRAM,Manikpur,-,-,-,-,-,-,26.35833333,90.61666667,25-05-2015 00:00,7.05,272.5,"","",80,65.57,86,"",46.9,"","","",68,24,1.97,52.73,"","","","","","","","","","",""
1227,Manikpur1,CGWB,18,Assam,281,BONGAIGAON,SRIJANGRAM,SRIJANGRAM,Manikpur,-,-,-,-,-,-,26.35833333,90.61666667,25-05-2016 00:00,8.4,368.5,193.7,40,170,210,28.36,"",1.5842996,"","","",195,40,23.1,25.75,"",0.22,"","","","","","","","",""
1228,Manipur Basti,CGWB,18,Assam,285,DHUBRI,BAGRIBARI,BAGRIBARI,Manipur Basti,-,-,-,-,-,-,26.19027778,90.10583333,25-05-2005 00:00,7.5,670,"",0,372,"","","",9,"","","",300,84,22,"","",0.08,"","","","","","","","",""
1229,Manipur Basti,CGWB,18,Assam,285,DHUBRI,BAGRIBARI,BAGRIBARI,Manipur Basti,-,-,-,-,-,-,26.19027778,90.10583333,25-05-2006 00:00,7.11,282,"",0,110,"","","",9,"","","",95,30,4.9,"","",0.75,"","","","","","","","",""
1230,Manipur Basti,CGWB,18,Assam,285,DHUBRI,BAGRIBARI,BAGRIBARI,Manipur Basti,-,-,-,-,-,-,26.19027778,90.10583333,25-05-2007 00:00,7.02,384,"",0,103,"","","",18,"","","",105,27,9,"","",0.06,"","","","","","","","",""
1231,Manja,CGWB,18,Assam,292,KARBI ANGLONG,DIPHU,DIPHU,Manja,-,-,-,-,-,-,25.95694444,93.44250000,25-05-2005 00:00,6.89,241,"",0,18,"","","",9,"","","",35,8,3.6,"","",0.33,"","","","","","","","",""
1232,Manja,CGWB,18,Assam,292,KARBI ANGLONG,DIPHU,DIPHU,Manja,-,-,-,-,-,-,25.95694444,93.44250000,25-05-2006 00:00,7.02,161,"",0,18,"","","",4,"","","",25,6,2.4,"","",2.03,"","","","","","","","",""
1233,Manja,CGWB,18,Assam,292,KARBI ANGLONG,DIPHU,DIPHU,Manja,-,-,-,-,-,-,25.95694444,93.44250000,25-05-2007 00:00,"","","","","","","","","","","","","","","","","",0.44,"","","","","","","","",""
1234,Manja,CGWB,18,Assam,292,KARBI ANGLONG,DIPHU,DIPHU,Manja,-,-,-,-,-,-,25.95694444,93.44250000,25-05-2008 00:00,"","","",0,"","","","","","","","","","","","","",0.44,"","","","","","","","",""
1235,Manja,CGWB,18,Assam,292,KARBI ANGLONG,DIPHU,DIPHU,Manja,-,-,-,-,-,-,25.95694444,93.44250000,25-05-2010 00:00,8.1,598,"",0,128,"","","",3.5,"","","",117,30,10.1,67.8,"",1.61,"","","","","","","","",""
1236,Manja,CGWB,18,Assam,292,KARBI ANGLONG,DIPHU,DIPHU,Manja,-,-,-,-,-,-,25.95694444,93.44250000,25-05-2013 00:00,8.1,508,"",0,128,104.9,"","",3.5,"","","",117,30,10.25,35.6,"",1.61,"","","","","","","","",""
1237,Manja,CGWB,18,Assam,292,KARBI ANGLONG,DIPHU,DIPHU,Manja,-,-,-,-,-,-,25.95694444,93.44250000,25-05-2014 00:00,8.3,308,"",16,76,88.96,70,"",11.8,"","","",52,19.2,1,54.2,"",3.96,"","","","","","","","",""
1238,Manja,CGWB,18,Assam,292,KARBI ANGLONG,DIPHU,DIPHU,Manja,-,-,-,-,-,-,25.95694444,93.44250000,25-05-2015 00:00,8.5,488.7,"",32,232,243.5,16,"",25.1,"","","",60,11.2,7.79,83.74,"",0.48,"","","","","","","","",""
1239,Manja,CGWB,18,Assam,292,KARBI ANGLONG,DIPHU,DIPHU,Manja,-,-,-,-,-,-,25.95694444,93.44250000,25-05-2016 00:00,7.3,235.1,132.6,0,50,50,81.535,"",4.3,"","","",65,18,4.9,34.67,"",1.46,"","","","","","","","",""
1240,Manja,CGWB,18,Assam,292,KARBI ANGLONG,DIPHU,DIPHU,Manja,-,-,-,-,-,-,25.95694444,93.44250000,25-05-2018 00:00,6.96,346.2,184.7,0,30.024,30.024,24.815,"",23.9638,"",0,"",105,16.0128,15.768932,1.35,"",0,0,"","","","","","","",""
1241,Manja,CGWB,18,Assam,292,KARBI ANGLONG,DIPHU,DIPHU,Manja,-,-,-,-,-,-,25.95694444,93.44250000,30-05-2019 08:00,7.22,299.3,"",0,67.15368,"",99.26,"","","","","",65,16.0128,6.060194,49.07,"","","","","","","","","","",""
1242,Manja,CGWB,18,Assam,292,KARBI ANGLONG,DIPHU,DIPHU,Manja,-,-,-,-,-,-,25.95694444,93.44250000,30-05-2020 08:00,7.22,299.3,"","",67.15368,"",99.26,"","","","","","",16.0128,6.060194,49.07,"","","","","","","","","","",""
1243,Manja,CGWB,18,Assam,292,KARBI ANGLONG,DIPHU,DIPHU,Manja,-,-,-,-,-,-,25.95694444,93.44250000,30-05-2021 08:00,7.8,850,"",0,256,"",81,"",105,"","","",66,27,49,80,"","","","","","","","","","",""
1244,Mankachar,CGWB,18,Assam,285,DHUBRI,DHUBRI,DHUBRI,Mancachar,-,-,-,-,-,-,26.01666667,89.98333333,25-05-2005 00:00,7.52,220,"",0,110,"","","",6,"","","",105,26,9.7,"","",2.1,"","","","","","","","",""
1245,Margherita,CGWB,18,Assam,302,TINSUKIA,MARGHERITA,MARGHERITA,Margherita,-,-,-,-,-,-,27.29138889,95.72222222,25-05-2010 00:00,7.8,768,"",0,48,"","","",105.81,"","","",224,48.8,24.7,46.3,"",0.96,"","","","","","","","",""
1246,Mariani,CGWB,18,Assam,290,JORHAT,JORHAT EAST,JORHAT EAST,Mariani,-,-,-,-,-,-,26.55833333,94.32500000,25-05-2005 00:00,"","","","","","","","","","","","","","","","","",4.5,"","","","","","","","",""
1247,Mariani,CGWB,18,Assam,290,JORHAT,JORHAT EAST,JORHAT EAST,Mariani,-,-,-,-,-,-,26.55833333,94.32500000,25-05-2006 00:00,7.28,1653,"",0,384,"","","",135,"","","",390,110,28,"","",2.36,"","","","","","","","",""
1248,Mariani,CGWB,18,Assam,290,JORHAT,JORHAT EAST,JORHAT EAST,Mariani,-,-,-,-,-,-,26.55833333,94.32500000,25-05-2007 00:00,8.02,516,"",0,152,"","","",28,"","","",205,60,13,"","",0.31,"","","","","","","","",""
1249,Mariani,CGWB,18,Assam,290,JORHAT,JORHAT EAST,JORHAT EAST,Mariani,-,-,-,-,-,-,26.55833333,94.32500000,25-05-2008 00:00,8.02,516,"",0,152,"","","",28,"","","",205,60,13,"","",0.31,"","","","","","","","",""
1250,Mariani,CGWB,18,Assam,290,JORHAT,JORHAT EAST,JORHAT EAST,Mariani,-,-,-,-,-,-,26.55833333,94.32500000,25-05-2011 00:00,8.45,362,"",21,190,"","","","","","","",215,28,36.25,21,"","","","","","","","","","",""
1251,Mariani,CGWB,18,Assam,290,JORHAT,JORHAT EAST,JORHAT EAST,Mariani,-,-,-,-,-,-,26.55833333,94.32500000,25-05-2012 00:00,8.45,362,"",21,190,190.7,"","","","","","",215,28,35.29,21,"","","","","","","","","","",""
1252,Mariani,CGWB,18,Assam,290,JORHAT,JORHAT EAST,JORHAT EAST,Mariani,-,-,-,-,-,-,26.55833333,94.32500000,25-05-2015 00:00,8.3,219,"","",76,102.3,28,"",22.8,"","","",64,19.2,3.91,39.06,"",0.53,"","","","","","","","",""
1253,Mariani,CGWB,18,Assam,290,JORHAT,JORHAT EAST,JORHAT EAST,Mariani,-,-,-,-,-,-,26.55833333,94.32500000,25-05-2016 00:00,7.5,159.7,87.37,0,50,50,32.5,"",5.1,"","","",55,6,9.7,7.66,"",12.11,"","","","","","","","",""
1254,Matia,CGWB,18,Assam,287,GOALPARA,MATIA,MATIA,Matia,-,-,-,-,-,-,26.09444444,90.77222222,25-05-2007 00:00,7.53,138,"",0,36,"","","",2,"","","",35,10,2,"","",0.33,"","","","","","","","",""
1255,Matia,CGWB,18,Assam,287,GOALPARA,MATIA,MATIA,Matia,-,-,-,-,-,-,26.09444444,90.77222222,25-05-2008 00:00,7.83,333,"",0,86,"","","",16,"","","",85,20,8.5,"","",0.23,"","","","","","","","",""
1256,Matia,CGWB,18,Assam,287,GOALPARA,MATIA,MATIA,Matia,-,-,-,-,-,-,26.09444444,90.77222222,25-05-2009 00:00,8.36,173,"",9,67.65,70.5,"","",17,"","","",85,16,10.96,"","",0.97,"","","","","","","","",""
1257,Matia,CGWB,18,Assam,287,GOALPARA,MATIA,MATIA,Matia,-,-,-,-,-,-,26.09444444,90.77222222,25-05-2014 00:00,8.7,110.5,"",48,80,145.57,14,"",2.56,"","","",128,30.4,12.68,18.97,"",0.13,"","","","","","","","",""
1258,Medhipara,CGWB,18,Assam,281,BONGAIGAON,SRIJANGRAM,SRIJANGRAM,(deo) medhipara,-,-,-,-,-,-,26.30694444,90.65416667,25-05-2005 00:00,7,260,"",0,104,"","","",21,"","","",75,18,7.3,"","",0.98,"","","","","","","","",""
1259,Medhipara,CGWB,18,Assam,281,BONGAIGAON,SRIJANGRAM,SRIJANGRAM,(deo) medhipara,-,-,-,-,-,-,26.30694444,90.65416667,25-05-2007 00:00,7.22,67,"",0,31,"","","",1,"","","",25,8,1.2,"","",0.5,"","","","","","","","",""
1260,Medhipara,CGWB,18,Assam,281,BONGAIGAON,SRIJANGRAM,SRIJANGRAM,(deo) medhipara,-,-,-,-,-,-,26.30694444,90.65416667,25-05-2014 00:00,8,346,"","",48,39.34,37.7,"",1.6,"","","",48,9.3,6.03,19.8,"",0.47,"","","","","","","","",""
1261,Medhipara,CGWB,18,Assam,281,BONGAIGAON,SRIJANGRAM,SRIJANGRAM,(deo) medhipara,-,-,-,-,-,-,26.30694444,90.65416667,25-05-2015 00:00,8.32,83.1,"",16,48,66.01,18,"",14.1,"","","",64,20.8,2.94,8.21,"",5.21,"","","","","","","","",""
1262,Medhipara,CGWB,18,Assam,281,BONGAIGAON,SRIJANGRAM,SRIJANGRAM,(deo) medhipara,-,-,-,-,-,-,26.30694444,90.65416667,25-05-2016 00:00,8.3,202.2,108.3,20,70,90,10.635,"",5.814948,"","","",85,18,9.7,9.33,"",4.17,"","","","","","","","",""
1263,Medhipara,CGWB,18,Assam,281,BONGAIGAON,SRIJANGRAM,SRIJANGRAM,(deo) medhipara,-,-,-,-,-,-,26.30694444,90.65416667,25-05-2018 00:00,6.777,162.7,86.32,0,75.06,75.06,17.725,"",2.8636,"",0,"",80,16.0128,9.700971,3.25,"",2.7393,0,"","","","","","","",""
1264,Miarabari,CGWB,18,Assam,296,MARIGAON,LAHARIGHAT,LAHARIGHAT,Miarabari,-,-,-,-,-,-,26.45416667,92.41111111,25-05-2009 00:00,8.28,594,"",0,135,110.7,"","",21,"","","",125,24,15.83,"","",1.03,"","","","","","","","",""
1265,Miarabari,CGWB,18,Assam,296,MARIGAON,LAHARIGHAT,LAHARIGHAT,Miarabari,-,-,-,-,-,-,26.45416667,92.41111111,25-05-2016 00:00,8.3,679.8,389.3,30,90,120,117.5,"",3,"","","",150,28,19.4,55.95,"",0,"","","","","","","","",""
1266,Mohendijua,CGWB,18,Assam,292,KARBI ANGLONG,-,-,-,-,-,-,-,-,-,25.99444000,93.41083000,30-05-2021 08:00,7.9,250,"",0,92,"",23,"",12,"","","",46,18,9,19,"","","","","","","","","","",""
1267,Moinarbond,CGWB,18,Assam,282,CACHAR,UDARBOND,UDARBOND,Moinarbond,-,-,-,-,-,-,24.87972222,92.88472222,25-05-2006 00:00,6.9,148,"",0,49,"","","",10,"","","",65,14,7.3,"","",9.75,"","","","","","","","",""
1268,Moinarbond,CGWB,18,Assam,282,CACHAR,UDARBOND,UDARBOND,Moinarbond,-,-,-,-,-,-,24.87972222,92.88472222,25-05-2007 00:00,7.73,220,"",0,61,"","","",4,"","","",90,22,9,"","",2.14,"","","","","","","","",""
1269,Moinarbond,CGWB,18,Assam,282,CACHAR,UDARBOND,UDARBOND,Moinarbond,-,-,-,-,-,-,24.87972222,92.88472222,25-05-2009 00:00,8.48,262,"",15,215.25,201.4,"","",6,"","","",215,32,32.86,"","",2.5,"","","","","","","","",""
1270,Moinarbond,CGWB,18,Assam,282,CACHAR,UDARBOND,UDARBOND,Moinarbond,-,-,-,-,-,-,24.87972222,92.88472222,25-05-2010 00:00,7.4,65.4,"",0,32,"","","",1.3,"","","",36,6.4,4.85,3.87,"",0.01,"","","","","","","","",""
1271,Moinarbond,CGWB,18,Assam,282,CACHAR,UDARBOND,UDARBOND,Moinarbond,-,-,-,-,-,-,24.87972222,92.88472222,25-05-2011 00:00,7.9,233,"",0,110.7,"","","","","","","",130,26,16.25,11,"","","","","","","","","","",""
1272,Moinarbond,CGWB,18,Assam,282,CACHAR,UDARBOND,UDARBOND,Moinarbond,-,-,-,-,-,-,24.87972222,92.88472222,25-05-2012 00:00,7.9,233,"",0,110,90.2,"","","","","","",130,26,15.84,11,"","","","","","","","","","",""
1273,Moinarbond,CGWB,18,Assam,282,CACHAR,UDARBOND,UDARBOND,Moinarbond,-,-,-,-,-,-,24.87972222,92.88472222,25-05-2013 00:00,7.4,65.4,"",0,32,26.2,"","",9.3,"","","",36,6.4,4.85,0.9,"",0.01,"","","","","","","","",""
1274,Moinarbond,CGWB,18,Assam,282,CACHAR,UDARBOND,UDARBOND,Moinarbond,-,-,-,-,-,-,24.87972222,92.88472222,25-05-2014 00:00,8.58,291,"",24,64,92.46,17.9,"",23.55,"","","",116,35.2,6.85,11.7,"",0.82,"","","","","","","","",""
1275,Moinarbond,CGWB,18,Assam,282,CACHAR,UDARBOND,UDARBOND,Moinarbond,-,-,-,-,-,-,24.87972222,92.88472222,25-05-2016 00:00,8.3,307.1,156.9,50,105,155,30,"",1.3,"","","",105,16,15.8,38.14,"",0.21,"","","","","","","","",""
1276,Moinarbond,CGWB,18,Assam,282,CACHAR,UDARBOND,UDARBOND,Moinarbond,-,-,-,-,-,-,24.87972222,92.88472222,25-05-2017 00:00,8.4,386.9,255.35,40,145,185,21.27,"",1.3022563,"","","",135,32,13.349515,13.9,"",3.56,8.5,"","","","","","","",""
1277,Moinarbond,CGWB,18,Assam,282,CACHAR,UDARBOND,UDARBOND,Moinarbond,-,-,-,-,-,-,24.87972222,92.88472222,25-05-2018 00:00,6.728,622.8,326.5,0,150.12,150.12,109.895,"",27.8564,"",0,"",160,28.0224,21.831068,31.6,"",0.1489,0,"","","","","","","",""
1278,Moinarbond,CGWB,18,Assam,282,CACHAR,UDARBOND,UDARBOND,Moinarbond,-,-,-,-,-,-,24.87972222,92.88472222,30-05-2021 08:00,7.74,410,"",0,167,"",42,"",3,"","","",144,27,19,27,"","","","","","","","","","",""
1279,Moranhat,CGWB,18,Assam,300,SIVSAGAR,DEMOW,DEMOW,Moranhat,-,-,-,-,-,-,27.06527778,94.71250000,25-05-2005 00:00,7.26,488,"",0,159,"","","",61,"","","",215,64,13,"","",0.17,"","","","","","","","",""
1280,Moranhat,CGWB,18,Assam,300,SIVSAGAR,DEMOW,DEMOW,Moranhat,-,-,-,-,-,-,27.06527778,94.71250000,25-05-2006 00:00,7.46,442,"",0,189,"","","",1,"","","",160,52,7.3,"","",0.18,"","","","","","","","",""
1281,Moranhat,CGWB,18,Assam,300,SIVSAGAR,DEMOW,DEMOW,Moranhat,-,-,-,-,-,-,27.06527778,94.71250000,25-05-2007 00:00,7.52,89,"",0,43,"","","",8,"","","",30,6,3.6,"","",0.02,"","","","","","","","",""
1282,Moranhat,CGWB,18,Assam,300,SIVSAGAR,DEMOW,DEMOW,Moranhat,-,-,-,-,-,-,27.06527778,94.71250000,25-05-2010 00:00,8,510,"",0,216,"","","",1.3,"","","",156,51.6,6.55,21.3,"",0.51,"","","","","","","","",""
1283,Moranhat,CGWB,18,Assam,300,SIVSAGAR,DEMOW,DEMOW,Moranhat,-,-,-,-,-,-,27.06527778,94.71250000,25-05-2013 00:00,8,440,"",0,216,177.1,"","",1.3,"","","",156,51.6,6.55,75,"",0.51,"","","","","","","","",""
1284,Moranhat,CGWB,18,Assam,300,SIVSAGAR,DEMOW,DEMOW,Moranhat,-,-,-,-,-,-,27.06527778,94.71250000,25-05-2014 00:00,8.2,279,"","",52,42.62,45.6,"",11.8,"","","",100,24,9.75,16.3,"",0.18,"","","","","","","","",""
1285,Moranhat,CGWB,18,Assam,300,SIVSAGAR,DEMOW,DEMOW,Moranhat,-,-,-,-,-,-,27.06527778,94.71250000,25-05-2015 00:00,8.32,367.4,"",24,24,59.67,58,"",42.5,"","","",56,16,3.91,51.85,"",1.7,"","","","","","","","",""
1286,Morigaon,CGWB,18,Assam,296,MARIGAON,MARIGAON,MARIGAON,Morigaon,-,-,-,-,-,-,26.26138889,92.38138889,25-05-2005 00:00,7.16,505,"",0,232,"","","",11,"","","",195,62,9.7,"","",0.92,"","","","","","","","",""
1287,Morigaon,CGWB,18,Assam,296,MARIGAON,MARIGAON,MARIGAON,Morigaon,-,-,-,-,-,-,26.26138889,92.38138889,25-05-2006 00:00,7.04,499,"",0,183,"","","",30,"","","",135,44,6.1,"","",1.05,"","","","","","","","",""
1288,Morigaon,CGWB,18,Assam,296,MARIGAON,MARIGAON,MARIGAON,Morigaon,-,-,-,-,-,-,26.26138889,92.38138889,25-05-2007 00:00,7.4,310,"",0,159,"","","","","","","",125,32,11,"","",0.94,"","","","","","","","",""
1289,Morigaon,CGWB,18,Assam,296,MARIGAON,MARIGAON,MARIGAON,Morigaon,-,-,-,-,-,-,26.26138889,92.38138889,25-05-2008 00:00,7.4,310,"",0,159,"","","","","","","",125,32,11,"","",0.94,"","","","","","","","",""
1290,Morigaon,CGWB,18,Assam,296,MARIGAON,MARIGAON,MARIGAON,Morigaon,-,-,-,-,-,-,26.26138889,92.38138889,25-05-2009 00:00,8.25,529,"",0,98,80.3,"","",25,"","","",155,32,18.27,"","",0.1,"","","","","","","","",""
1291,Morigaon,CGWB,18,Assam,296,MARIGAON,MARIGAON,MARIGAON,Morigaon,-,-,-,-,-,-,26.26138889,92.38138889,25-05-2010 00:00,8.7,300,"",32,84,"","","",6.94,"","","",100,25.6,8.73,11.8,"","","","","","","","","","",""
1292,Morigaon,CGWB,18,Assam,296,MARIGAON,MARIGAON,MARIGAON,Morigaon,-,-,-,-,-,-,26.26138889,92.38138889,25-05-2013 00:00,8.5,260,"",32,84,122.2,"","",6.94,"","","",100,25.6,8.78,90.5,"","","","","","","","","","",""
1293,Morigaon,CGWB,18,Assam,296,MARIGAON,MARIGAON,MARIGAON,Morigaon,-,-,-,-,-,-,26.26138889,92.38138889,25-05-2014 00:00,9,274.4,"",24,116,135.08,22,"",3.18,"","","",124,12.8,22.38,12.8,"",14.2,"","","","","","","","",""
1294,Morigaon,CGWB,18,Assam,296,MARIGAON,MARIGAON,MARIGAON,Morigaon,-,-,-,-,-,-,26.26138889,92.38138889,25-05-2016 00:00,8.3,254.2,144.3,10,85,95,30,"",33.6,"","","",120,28,12.1,16.33,"",3.83,"","","","","","","","",""
1295,Morigaon,CGWB,18,Assam,296,MARIGAON,MARIGAON,MARIGAON,Morigaon,-,-,-,-,-,-,26.26138889,92.38138889,25-05-2017 00:00,7.69,210.9,139.19,"",90,90,39,"",3.580539,"","","",85,16,10.92233,19.93,"",0.56,"","","","","","","","",""
1296,Nadeorigaon,CGWB,18,Assam,297,NAGAON,SAMAGURI,SAMAGURI,Nadeorigaon,-,-,-,-,-,-,26.08750000,92.78333333,25-05-2005 00:00,7.12,172,"",0,67,"","","",0,"","","",60,16,4.9,"","",0.47,"","","","","","","","",""
1297,Nadeorigaon,CGWB,18,Assam,297,NAGAON,SAMAGURI,SAMAGURI,Nadeorigaon,-,-,-,-,-,-,26.08750000,92.78333333,25-05-2007 00:00,7.64,546,"",0,195,"","","",22,"","","",195,17,3,"","",1.39,"","","","","","","","",""
1298,Nadeorigaon,CGWB,18,Assam,297,NAGAON,SAMAGURI,SAMAGURI,Nadeorigaon,-,-,-,-,-,-,26.08750000,92.78333333,25-05-2009 00:00,8.35,147,"",3,73,64.8,"","",5,"","","",60,13,6.7,"","",0.52,"","","","","","","","",""
1299,Nadeorigaon,CGWB,18,Assam,297,NAGAON,SAMAGURI,SAMAGURI,Nadeorigaon,-,-,-,-,-,-,26.08750000,92.78333333,25-05-2015 00:00,8.3,487.2,"",64,80,172.24,217,"",19.8,"","","",228,25.6,39.9,117.36,"",0.12,"","","","","","","","",""
1300,Nagrijuli,CGWB,18,Assam,291,KAMRUP,GORESWAR,GORESWAR,Nagrijuli,-,-,-,-,-,-,26.64722222,91.73333333,25-05-2005 00:00,7.55,722,"",0,67,"","","",69,"","","",180,58,8.5,"","",0.3,"","","","","","","","",""
1301,Naoboisa,CGWB,18,Assam,295,LAKHIMPUR,NOWBOICHA,NOWBOICHA,Naoboisa,-,-,-,-,-,-,27.16861111,94.02305556,25-05-2005 00:00,7.46,289,"",0,250,"","","",23,"","","",220,80,4.9,"","",0.14,"","","","","","","","",""
1302,Naoboisa,CGWB,18,Assam,295,LAKHIMPUR,NOWBOICHA,NOWBOICHA,Naoboisa,-,-,-,-,-,-,27.16861111,94.02305556,25-05-2008 00:00,8.37,356,"","",140,"","","",3,"","","",140,36,12,"","","","","","","","","","","",""
1303,Naoboisa,CGWB,18,Assam,295,LAKHIMPUR,NOWBOICHA,NOWBOICHA,Naoboisa,-,-,-,-,-,-,27.16861111,94.02305556,25-05-2009 00:00,8.15,303,"",0,209.1,171.4,"","",5,"","","",325,44,52.33,"","",5.19,"","","","","","","","",""
1304,Narayanpur,CGWB,18,Assam,295,LAKHIMPUR,NARAYANPUR,NARAYANPUR,Narayanpur,-,-,-,-,-,-,26.96222222,93.85722222,25-05-2005 00:00,7.42,166,"",0,110,"","","",15,"","","",80,26,3.6,"","",0.42,"","","","","","","","",""
1305,Narayanpur,CGWB,18,Assam,295,LAKHIMPUR,NARAYANPUR,NARAYANPUR,Narayanpur,-,-,-,-,-,-,26.96222222,93.85722222,25-05-2006 00:00,6.76,272,"",0,116,"","","",9,"","","",95,29.4,5.16,"","",0.53,"","","","","","","","",""
1306,Narayanpur,CGWB,18,Assam,295,LAKHIMPUR,NARAYANPUR,NARAYANPUR,Narayanpur,-,-,-,-,-,-,26.96222222,93.85722222,25-05-2008 00:00,8.11,401,"",0,179,"","","",4,"","","",130,38,9,"","",0.58,"","","","","","","","",""
1307,Narayanpur,CGWB,18,Assam,295,LAKHIMPUR,NARAYANPUR,NARAYANPUR,Narayanpur,-,-,-,-,-,-,26.96222222,93.85722222,25-05-2009 00:00,8.38,296,"",6,159.9,141.1,"","",10,"","","",170,42,15.85,"","",1.34,"","","","","","","","",""
1308,Narayanpur,CGWB,18,Assam,295,LAKHIMPUR,NARAYANPUR,NARAYANPUR,Narayanpur,-,-,-,-,-,-,26.96222222,93.85722222,25-05-2014 00:00,8.3,314.4,"",24,88,112.13,41.7,"",10.91,"","","",188,43.2,19.5,4.5,"",1.18,"","","","","","","","",""
1309,Narayanpur,CGWB,18,Assam,295,LAKHIMPUR,NARAYANPUR,NARAYANPUR,Narayanpur,-,-,-,-,-,-,26.96222222,93.85722222,25-05-2015 00:00,7.5,134.9,"","",64,52.46,22,"",10,"","","",32,8,2.93,20.77,"",3.39,"","","","","","","","",""
1310,Narayanpur,CGWB,18,Assam,295,LAKHIMPUR,NARAYANPUR,NARAYANPUR,Narayanpur,-,-,-,-,-,-,26.96222222,93.85722222,25-05-2016 00:00,7.8,234,116.9,0,75,75,17.5,"",13.7,"","","",75,6,14.6,8.3,"",7.28,"","","","","","","","",""
1311,Nasatra,CGWB,18,Assam,296,MARIGAON,MARIGAON,MARIGAON,Nasatra,-,-,-,-,-,-,26.22500000,92.21666667,25-05-2007 00:00,7.4,845,"",0,378,"","","","","","","",290,62,33,"","",0.34,"","","","","","","","",""
1312,Nasatra,CGWB,18,Assam,296,MARIGAON,MARIGAON,MARIGAON,Nasatra,-,-,-,-,-,-,26.22500000,92.21666667,25-05-2008 00:00,7.4,845,"",0,378,"","","","","","","",290,62,33,"","",0.34,"","","","","","","","",""
1313,Nasatra,CGWB,18,Assam,296,MARIGAON,MARIGAON,MARIGAON,Nasatra,-,-,-,-,-,-,26.22500000,92.21666667,25-05-2009 00:00,8.12,572,"",0,135,110.7,"","",31,"","","",210,48,21.94,"","",0.98,"","","","","","","","",""
1314,Nasatra,CGWB,18,Assam,296,MARIGAON,MARIGAON,MARIGAON,Nasatra,-,-,-,-,-,-,26.22500000,92.21666667,25-05-2015 00:00,8.3,178.3,"",72,104,205.25,68,"",1,"","","",192,20.8,34.06,45,"",0.39,"","","","","","","","",""
1315,Naukata,CGWB,18,Assam,616,Baksa,-,-,-,-,-,-,-,-,-,26.63700000,91.72600000,30-05-2019 08:00,7.92,159.8,"",0,109.88784,"",24.815,"","","","","",85,22.0176,7.270874,10.08,"","","","","","","","","","",""
1316,Naukata,CGWB,18,Assam,616,Baksa,-,-,-,-,-,-,-,-,-,26.63700000,91.72600000,30-05-2020 08:00,7.92,159.8,"","",109.88784,"",24.815,"","","","","","",22.0176,7.270874,10.08,"","","","","","","","","","",""
1317,Nelle,CGWB,18,Assam,296,MARIGAON,MARIGAON,MARIGAON,Nelle,-,-,-,-,-,-,26.08333333,92.29166667,25-05-2006 00:00,7.04,549,"",0,165,"","","",22,"","","",155,46,9.7,"","",1.19,"","","","","","","","",""
1318,Nelle,CGWB,18,Assam,296,MARIGAON,MARIGAON,MARIGAON,Nelle,-,-,-,-,-,-,26.08333333,92.29166667,25-05-2007 00:00,7.68,533,"",0,122,"","","",29,"","","",170,44,14,"","",0.22,"","","","","","","","",""
1319,Nelle,CGWB,18,Assam,296,MARIGAON,MARIGAON,MARIGAON,Nelle,-,-,-,-,-,-,26.08333333,92.29166667,25-05-2008 00:00,7.6,578,"",0,183,"","","","","","","",180,38,21,"","",1.53,"","","","","","","","",""
1320,Nelle,CGWB,18,Assam,296,MARIGAON,MARIGAON,MARIGAON,Nelle,-,-,-,-,-,-,26.08333333,92.29166667,25-05-2009 00:00,8.25,544,"",0,93,76.2,"","",23,"","","",165,32,20.71,"","",0.7,"","","","","","","","",""
1321,Nelle,CGWB,18,Assam,296,MARIGAON,MARIGAON,MARIGAON,Nelle,-,-,-,-,-,-,26.08333333,92.29166667,25-05-2011 00:00,7.34,444,"",0,141.45,"","","",19,"","","",175,38,20,34,"",0.53,"","","","","","","","",""
1322,Nelle,CGWB,18,Assam,296,MARIGAON,MARIGAON,MARIGAON,Nelle,-,-,-,-,-,-,26.08333333,92.29166667,25-05-2012 00:00,7.34,444,"",0,141,115.6,"","",19,"","","",175,38,19.5,34,"",0.55,"","","","","","","","",""
1323,Nelle,CGWB,18,Assam,296,MARIGAON,MARIGAON,MARIGAON,Nelle,-,-,-,-,-,-,26.08333333,92.29166667,25-05-2014 00:00,7.8,94,"","",44,36.07,18,"",1.62,"","","",36,9.6,2.93,12.3,"",0.68,"","","","","","","","",""
1324,Nelle,CGWB,18,Assam,296,MARIGAON,MARIGAON,MARIGAON,Nelle,-,-,-,-,-,-,26.08333333,92.29166667,25-05-2016 00:00,7.1,108.2,55.88,0,35,35,33,"",33.2,"","","",70,8,12.1,20.08,"",0.1,"","","","","","","","",""
1325,Nelle,CGWB,18,Assam,296,MARIGAON,MARIGAON,MARIGAON,Nelle,-,-,-,-,-,-,26.08333333,92.29166667,25-05-2018 00:00,6.689,90.3,53.8,0,105.084,105.084,74.445,"",10.0945,"",0,"",185,42.0336,19.397087,4.86,"",0.2528,0,"","","","","","","",""
1326,N.lakhipur(old),CGWB,18,Assam,295,LAKHIMPUR,NORTH LAKHIMPUR,NORTH LAKHIMPUR,N.lakhipur(old),-,-,-,-,-,-,27.21666667,94.10833333,25-05-2005 00:00,7.38,120,"",0,55,"","","",6,"","","",55,16,3.6,"","",0.68,"","","","","","","","",""
1327,N.lakhipur(old),CGWB,18,Assam,295,LAKHIMPUR,NORTH LAKHIMPUR,NORTH LAKHIMPUR,N.lakhipur(old),-,-,-,-,-,-,27.21666667,94.10833333,25-05-2006 00:00,7.02,208,"",0,49,"","","",6,"","","",60,14.7,5.58,"","",0.24,"","","","","","","","",""
1328,N.lakhipur(old),CGWB,18,Assam,295,LAKHIMPUR,NORTH LAKHIMPUR,NORTH LAKHIMPUR,N.lakhipur(old),-,-,-,-,-,-,27.21666667,94.10833333,25-05-2008 00:00,8.07,160,"",0,49,"","","",8,"","","",90,8,17,"","",0.2,"","","","","","","","",""
1329,N.lakhipur(old),CGWB,18,Assam,295,LAKHIMPUR,NORTH LAKHIMPUR,NORTH LAKHIMPUR,N.lakhipur(old),-,-,-,-,-,-,27.21666667,94.10833333,25-05-2009 00:00,8.38,114,"",9,79.95,80.5,"","",20,"","","",140,12,26.76,"","",5.4,"","","","","","","","",""
1330,N.lakhipur(old),CGWB,18,Assam,295,LAKHIMPUR,NORTH LAKHIMPUR,NORTH LAKHIMPUR,N.lakhipur(old),-,-,-,-,-,-,27.21666667,94.10833333,25-05-2014 00:00,6.5,310.2,"","",20,16.39,45.9,"",1.62,"","","",80,6.4,15.57,2.5,"",1.3,"","","","","","","","",""
1331,N.lakhipur(old),CGWB,18,Assam,295,LAKHIMPUR,NORTH LAKHIMPUR,NORTH LAKHIMPUR,N.lakhipur(old),-,-,-,-,-,-,27.21666667,94.10833333,25-05-2015 00:00,8.5,69.09,"",16,20,43.06,14,"",6.7,"","","",28,8,1.95,9.87,"",1.38,"","","","","","","","",""
1332,North salmara,CGWB,18,Assam,281,BONGAIGAON,SRIJANGRAM,SRIJANGRAM,North salmara,-,-,-,-,-,-,26.35833333,90.61666667,25-05-2005 00:00,7.6,240,"",0,49,"","","",10,"","","",50,16,2.4,"","",1.14,"","","","","","","","",""
1333,North salmara,CGWB,18,Assam,281,BONGAIGAON,SRIJANGRAM,SRIJANGRAM,North salmara,-,-,-,-,-,-,26.35833333,90.61666667,25-05-2006 00:00,7.12,105,"",0,43,"","","",5,"","","",25,16,3.6,"","",0.53,"","","","","","","","",""
1334,North salmara,CGWB,18,Assam,281,BONGAIGAON,SRIJANGRAM,SRIJANGRAM,North salmara,-,-,-,-,-,-,26.35833333,90.61666667,25-05-2007 00:00,7.81,198,"",0,103,"","","",9,"","","",60,9,10,"","",0.94,"","","","","","","","",""
1335,North salmara,CGWB,18,Assam,281,BONGAIGAON,SRIJANGRAM,SRIJANGRAM,North salmara,-,-,-,-,-,-,26.35833333,90.61666667,25-05-2010 00:00,7.8,131,"",0,52,"","","",20.73,"","","",48,14.4,2.91,5.29,"",0.32,"","","","","","","","",""
1336,North salmara,CGWB,18,Assam,281,BONGAIGAON,SRIJANGRAM,SRIJANGRAM,North salmara,-,-,-,-,-,-,26.35833333,90.61666667,25-05-2013 00:00,7.8,131,"",0,52,42.6,"","",20.73,"","","",48,14.4,2.94,20,"",0.32,"","","","","","","","",""
1337,North salmara,CGWB,18,Assam,281,BONGAIGAON,SRIJANGRAM,SRIJANGRAM,North salmara,-,-,-,-,-,-,26.35833333,90.61666667,25-05-2014 00:00,8.2,146,"","",52,42.62,19.9,"",4.6,"","","",36,8,3.9,15.6,"",0.46,"","","","","","","","",""
1338,North salmara,CGWB,18,Assam,281,BONGAIGAON,SRIJANGRAM,SRIJANGRAM,North salmara,-,-,-,-,-,-,26.35833333,90.61666667,25-05-2015 00:00,7.2,109.2,"","",105,86.07,57.8,"",1,"","","",44,6.4,6.82,39.2,"",0.05,"","","","","","","","",""
1339,North salmara,CGWB,18,Assam,281,BONGAIGAON,SRIJANGRAM,SRIJANGRAM,North salmara,-,-,-,-,-,-,26.35833333,90.61666667,25-05-2016 00:00,7.3,123.1,66.14,0,40,40,21.27,"",2.822156,"","","",25,4,3.6,12.07,"",0.51,"","","","","","","","",""
1340,North salmara,CGWB,18,Assam,281,BONGAIGAON,SRIJANGRAM,SRIJANGRAM,North salmara,-,-,-,-,-,-,26.35833333,90.61666667,25-05-2018 00:00,6.624,209.7,107.1,0,40.032,40.032,35.45,"",2.7625,"",0,"",30,6.0048,3.637864,20.63,"",0.4273,0,"","","","","","","",""
1341,North salmara,CGWB,18,Assam,281,BONGAIGAON,SRIJANGRAM,SRIJANGRAM,North salmara,-,-,-,-,-,-,26.35833333,90.61666667,30-05-2021 08:00,9.07,980,"",72,341.6,"",14.2,"",120,0,"","",130,36,9.728,195,"","","","","","","","","","",""
1342,Oating,CGWB,18,Assam,288,GOLAGHAT,GOLAGHAT,GOLAGHAT,Oating,-,-,-,-,-,-,26.43333333,94.00833333,25-05-2005 00:00,7.06,310,"",0,67,"","","",14,"","","",50,14,3.6,"","",1.05,"","","","","","","","",""
1343,Oating,CGWB,18,Assam,288,GOLAGHAT,GOLAGHAT,GOLAGHAT,Oating,-,-,-,-,-,-,26.43333333,94.00833333,25-05-2006 00:00,7.24,233,"",0,49,"","","",24,"","","",45,12,3.6,"","",0.98,"","","","","","","","",""
1344,Oating,CGWB,18,Assam,288,GOLAGHAT,GOLAGHAT,GOLAGHAT,Oating,-,-,-,-,-,-,26.43333333,94.00833333,25-05-2007 00:00,7.6,153,"",0,31,"","","",0,"","","",50,10,6.1,"","",0.13,"","","","","","","","",""
1345,Oating,CGWB,18,Assam,288,GOLAGHAT,GOLAGHAT,GOLAGHAT,Oating,-,-,-,-,-,-,26.43333333,94.00833333,25-05-2008 00:00,8.18,653,"",0,219,"","","",6,"","","",190,52,14,"","","","","","","","","","","",""
1346,Oating,CGWB,18,Assam,288,GOLAGHAT,GOLAGHAT,GOLAGHAT,Oating,-,-,-,-,-,-,26.43333333,94.00833333,25-05-2011 00:00,8.04,500,"",0,120,"","","","","","","",120,20,17.5,24,"","","","","","","","","","",""
1347,Oating,CGWB,18,Assam,288,GOLAGHAT,GOLAGHAT,GOLAGHAT,Oating,-,-,-,-,-,-,26.43333333,94.00833333,25-05-2012 00:00,8.04,300,"",0,120,98.4,"","","","","","",120,20,17.5,34,"","","","","","","","","","",""
1348,Oating,CGWB,18,Assam,288,GOLAGHAT,GOLAGHAT,GOLAGHAT,Oating,-,-,-,-,-,-,26.43333333,94.00833333,25-05-2014 00:00,8.3,302,"",16,60,75.85,51.6,"",1,"","","",64,19.2,3.91,35,"",0.64,"","","","","","","","",""
1349,Oating,CGWB,18,Assam,288,GOLAGHAT,GOLAGHAT,GOLAGHAT,Oating,-,-,-,-,-,-,26.43333333,94.00833333,25-05-2015 00:00,8.3,454,"",96,44,196.07,44,"",33.4,"","","",40,11.2,2.93,92.08,"",5.59,"","","","","","","","",""
1350,Oating,CGWB,18,Assam,288,GOLAGHAT,GOLAGHAT,GOLAGHAT,Oating,-,-,-,-,-,-,26.43333333,94.00833333,25-05-2016 00:00,8.3,401.2,202.4,10,70,80,53.175,"",9.716547,"","","",135,20,20.6,15.82,"",3.29,"","","","","","","","",""
1351,Oating,CGWB,18,Assam,288,GOLAGHAT,GOLAGHAT,GOLAGHAT,Oating,-,-,-,-,-,-,26.43333333,94.00833333,25-05-2018 00:00,6.67,0,"",0,61,50.04,0,"",0,"",0,"",90,0,12.128155,0,"",0,"","","","","","","","",""
1352,Oating,CGWB,18,Assam,288,GOLAGHAT,GOLAGHAT,GOLAGHAT,Oating,-,-,-,-,-,-,26.43333333,94.00833333,30-05-2019 08:00,8.41,1052,"",60,464.06848,"",99.26,"","","","","",40,8.0064,4.8504853,176.28,"","","","","","","","","","",""
1353,Oating,CGWB,18,Assam,288,GOLAGHAT,GOLAGHAT,GOLAGHAT,Oating,-,-,-,-,-,-,26.43333333,94.00833333,30-05-2020 08:00,8.41,1052,"","",464.06848,"",99.26,"","","","","","",8.0064,4.8504853,176.28,"","","","","","","","","","",""
1354,Orang,CGWB,18,Assam,283,DARRANG,MAZBAT,MAZBAT,Orang,-,-,-,-,-,-,26.71388889,92.32500000,25-05-2005 00:00,7.05,159,"",0,37,"","","",12,"","","",45,14,2.4,"","",0.42,"","","","","","","","",""
1355,Orang,CGWB,18,Assam,283,DARRANG,MAZBAT,MAZBAT,Orang,-,-,-,-,-,-,26.71388889,92.32500000,25-05-2006 00:00,7.27,164,"",0,67,"","","",3,"","","",50,16,2.4,"","",1.74,"","","","","","","","",""
1356,Orang,CGWB,18,Assam,283,DARRANG,MAZBAT,MAZBAT,Orang,-,-,-,-,-,-,26.71388889,92.32500000,25-05-2007 00:00,8.01,177,"",0,42,"","","",12,"","","",55,13,6,"","",0.97,"","","","","","","","",""
1357,Orang,CGWB,18,Assam,283,DARRANG,MAZBAT,MAZBAT,Orang,-,-,-,-,-,-,26.71388889,92.32500000,25-05-2008 00:00,7.34,170,"",0,36.6,"","","",12,"","","",50,10,6.07,"","",0.25,"","","","","","","","",""
1358,Orang,CGWB,18,Assam,283,DARRANG,MAZBAT,MAZBAT,Orang,-,-,-,-,-,-,26.71388889,92.32500000,25-05-2014 00:00,8.5,149,"",40,48,106.01,53.6,"",13.7,"","","",164,30.4,21.43,12.3,"",2.79,"","","","","","","","",""
1359,Orang,CGWB,18,Assam,283,DARRANG,MAZBAT,MAZBAT,Orang,-,-,-,-,-,-,26.71388889,92.32500000,25-05-2015 00:00,7.2,107.7,"","",44,36.07,36,"",14.5,"","","",32,12,0.5,25.16,"",4.4,"","","","","","","","",""
1360,Orang,CGWB,18,Assam,283,DARRANG,MAZBAT,MAZBAT,Orang,-,-,-,-,-,-,26.71388889,92.32500000,25-05-2016 00:00,8.3,320.7,178.3,20,130,150,17.725,"",1.9196649,"","","",130,42,6.1,10.87,"",0.92,"","","","","","","","",""
1361,Orang,CGWB,18,Assam,283,DARRANG,MAZBAT,MAZBAT,Orang,-,-,-,-,-,-,26.71388889,92.32500000,30-05-2019 08:00,8.01,259.1,"",0,122.0976,"",10.635,"","","","","",110,26.0208,10.909709,11.7,"","","","","","","","","","",""
1362,Orang,CGWB,18,Assam,283,DARRANG,MAZBAT,MAZBAT,Orang,-,-,-,-,-,-,26.71388889,92.32500000,30-05-2020 08:00,8.01,259.1,"","",122.0976,"",10.635,"","","","","","",26.0208,10.909709,11.7,"","","","","","","","","","",""
1363,Pahukata,CGWB,18,Assam,297,NAGAON,-,-,-,-,-,-,-,-,-,26.40194000,92.80861100,30-05-2021 08:00,8.37,1723,"",24,378.324,"",159.525,"",270,0,"","",390,28,77,170,"","","","","","","","","","",""
1364,Palanghat,CGWB,18,Assam,282,CACHAR,SONAI,SONAI,Palanghat,-,-,-,-,-,-,24.65250000,92.88611111,25-05-2006 00:00,6.9,339,"",0,122,"","","",11,"","","",115,26,12,"","",0.48,"","","","","","","","",""
1365,Palanghat,CGWB,18,Assam,282,CACHAR,SONAI,SONAI,Palanghat,-,-,-,-,-,-,24.65250000,92.88611111,25-05-2007 00:00,7.98,278,"",0,103,"","","",11,"","","",95,26,7,"","",0.6,"","","","","","","","",""
1366,Palanghat,CGWB,18,Assam,282,CACHAR,SONAI,SONAI,Palanghat,-,-,-,-,-,-,24.65250000,92.88611111,25-05-2009 00:00,8.62,308,"",12,196.8,181.3,"","",5,"","","",195,28,30.43,"","",0.39,"","","","","","","","",""
1367,Palanghat,CGWB,18,Assam,282,CACHAR,SONAI,SONAI,Palanghat,-,-,-,-,-,-,24.65250000,92.88611111,25-05-2011 00:00,7.71,70,"",0,67.6,"","","","","","","",95,6,1.25,1,"","","","","","","","","","",""
1368,Palanghat,CGWB,18,Assam,282,CACHAR,SONAI,SONAI,Palanghat,-,-,-,-,-,-,24.65250000,92.88611111,25-05-2012 00:00,7.71,70,"",0,67.6,55.4,"","","","","","",95,6,19.46,1,"","","","","","","","","","",""
1369,Palanghat,CGWB,18,Assam,282,CACHAR,SONAI,SONAI,Palanghat,-,-,-,-,-,-,24.65250000,92.88611111,25-05-2017 00:00,8.3,489.5,323.07,30,120,150,53.18,"",11.2,"","","",150,38,13.349515,14.63,"",1.08,2.5,"","","","","","","",""
1370,Palanghat,CGWB,18,Assam,282,CACHAR,SONAI,SONAI,Palanghat,-,-,-,-,-,-,24.65250000,92.88611111,25-05-2018 00:00,7.16,345.3,179.4,0,120.096,120.096,56.72,"",4.6757,"",0,"",110,18.0144,15.7679615,15.59,"",1.2235,0,"","","","","","","",""
1371,Palanghat,CGWB,18,Assam,282,CACHAR,SONAI,SONAI,Palanghat,-,-,-,-,-,-,24.65250000,92.88611111,30-05-2021 08:00,8.04,1172,761.8,0,416.691,"",108.89695,"",10,0.21,"","",505,146,34.048,29,"","","","","","","","","","",""
1372,Pallimangal,CGWB,18,Assam,293,KARIMGANJ,PATHARKANDI,PATHARKANDI,Pallimangal,-,-,-,-,-,-,24.66666667,92.37083333,25-05-2006 00:00,7.6,410,"",0,140,"","","",54,"","","",135,40,8.5,"","",1.17,"","","","","","","","",""
1373,Paltan bazar,CGWB,18,Assam,291,KAMRUP,CHANDRAPUR,CHANDRAPUR,Paltan bazar,-,-,-,-,-,-,26.17833333,91.75638889,25-05-2005 00:00,7.57,750,"",0,244,200,"","",47,"","","",285,68,28.04,"","",0.89,"","","","","","","","",""
1374,Paltan bazar,CGWB,18,Assam,291,KAMRUP,CHANDRAPUR,CHANDRAPUR,Paltan bazar,-,-,-,-,-,-,26.17833333,91.75638889,25-05-2008 00:00,8.1,1009,"",0,301.35,"","","",50,"","","",250,58,25.5,"","","","","","","","","","","",""
1375,Paltan bazar,CGWB,18,Assam,291,KAMRUP,CHANDRAPUR,CHANDRAPUR,Paltan bazar,-,-,-,-,-,-,26.17833333,91.75638889,25-05-2010 00:00,8.4,1063,"",56,264,"","","",33.4,"","","",316,32,57.28,91.7,"","","","","","","","","","",""
1376,Paltan bazar,CGWB,18,Assam,291,KAMRUP,CHANDRAPUR,CHANDRAPUR,Paltan bazar,-,-,-,-,-,-,26.17833333,91.75638889,25-05-2013 00:00,8.4,900,"",56,264,309.7,"","",33.4,"","","",316,32,57.28,45,"","","","","","","","","","",""
1377,Paltan bazar,CGWB,18,Assam,291,KAMRUP,CHANDRAPUR,CHANDRAPUR,Paltan bazar,-,-,-,-,-,-,26.17833333,91.75638889,25-05-2014 00:00,8.6,812,"",8,228,200.22,119.1,"",77.14,"","","",260,44.8,36.04,83.9,"",0.18,"","","","","","","","",""
1378,Paltan bazar,CGWB,18,Assam,291,KAMRUP,CHANDRAPUR,CHANDRAPUR,Paltan bazar,-,-,-,-,-,-,26.17833333,91.75638889,25-05-2015 00:00,8.7,1216,"",48,206,248.85,75.6,"",187,"","","",264,30.4,45.75,99,"",0.55,"","","","","","","","",""
1379,Paltan bazar,CGWB,18,Assam,291,KAMRUP,CHANDRAPUR,CHANDRAPUR,Paltan bazar,-,-,-,-,-,-,26.17833333,91.75638889,25-05-2016 00:00,8.3,1249,635.4,10,385,395,116.985,"",3.010185,"","","",250,40,36.4,91.91,"","","","","","","","","","",""
1380,Paltan bazar,CGWB,18,Assam,291,KAMRUP,CHANDRAPUR,CHANDRAPUR,Paltan bazar,-,-,-,-,-,-,26.17833333,91.75638889,25-05-2018 00:00,6.963,529.9,282.5,0,125.1,125.1,81.535,"",22.4256,"",0,"",185,56.0448,10.895145,9.54,"",0.0784,0,"","","","","","","",""
1381,Panbari,CGWB,18,Assam,285,DHUBRI,DHUBRI,DHUBRI,Panbari,-,-,-,-,-,-,26.15000000,90.05000000,25-05-2005 00:00,7.8,210,"",0,98,"","","",6,"","","",80,26,3.6,"","",0.39,"","","","","","","","",""
1382,Panbari,CGWB,18,Assam,285,DHUBRI,DHUBRI,DHUBRI,Panbari,-,-,-,-,-,-,26.15000000,90.05000000,25-05-2006 00:00,7.09,111,"",0,55,"","","",2,"","","",30,10,1.2,"","",0.09,"","","","","","","","",""
1383,Panbari,CGWB,18,Assam,285,DHUBRI,DHUBRI,DHUBRI,Panbari,-,-,-,-,-,-,26.15000000,90.05000000,25-05-2007 00:00,6.97,332,"",0,109,"","","",7,"","","",85,31,2,"","",0.07,"","","","","","","","",""
1384,Panbari,CGWB,18,Assam,285,DHUBRI,DHUBRI,DHUBRI,Panbari,-,-,-,-,-,-,26.15000000,90.05000000,25-05-2014 00:00,8.3,144,"","",28,22.95,19.9,"",2.9,"","","",40,11.2,2.93,5.99,"","","","","","","","","","",""
1385,Panbari,CGWB,18,Assam,285,DHUBRI,DHUBRI,DHUBRI,Panbari,-,-,-,-,-,-,26.15000000,90.05000000,25-05-2015 00:00,8.35,288.9,"",24,72,99.02,44,"",17.8,"","","",104,11.2,18.49,37.71,"","","","","","","","","","",""
1386,Panbari,CGWB,18,Assam,285,DHUBRI,DHUBRI,DHUBRI,Panbari,-,-,-,-,-,-,26.15000000,90.05000000,25-05-2016 00:00,8,248,132,0,90,90,27.5,"",23,"","","",115,38,4.9,10.46,"",1.5,"","","","","","","","",""
1387,Panchgram,CGWB,18,Assam,289,HAILAKANDI,ALGAPUR,ALGAPUR,Panchgram,-,-,-,-,-,-,24.85833333,92.60055556,25-05-2007 00:00,7.73,448,"",0,140,"","","",36,"","","",95,18,10,"","",0.4,"","","","","","","","",""
1388,Panchgram,CGWB,18,Assam,289,HAILAKANDI,ALGAPUR,ALGAPUR,Panchgram,-,-,-,-,-,-,24.85833333,92.60055556,25-05-2009 00:00,7.69,70,"",0,24.6,20.2,"","",44,"","","",210,10,44.99,"","",1.03,"","","","","","","","",""
1389,Panchgram,CGWB,18,Assam,289,HAILAKANDI,ALGAPUR,ALGAPUR,Panchgram,-,-,-,-,-,-,24.85833333,92.60055556,25-05-2011 00:00,7.44,257,"",0,30.75,"","","","","","","",105,16,19.5,21,"","","","","","","","","","",""
1390,Panchgram,CGWB,18,Assam,289,HAILAKANDI,ALGAPUR,ALGAPUR,Panchgram,-,-,-,-,-,-,24.85833333,92.60055556,25-05-2012 00:00,7.44,257,"",0,30.7,25.2,"","","","","","",105,16,15.82,21,"","","","","","","","","","",""
1391,Panchgram,CGWB,18,Assam,289,HAILAKANDI,ALGAPUR,ALGAPUR,Panchgram,-,-,-,-,-,-,24.85833333,92.60055556,25-05-2016 00:00,8.3,259,120.4,30,30,60,32.5,"",1.7,"","","",50,12,4.9,25.46,"",6.09,"","","","","","","","",""
1392,Panchgram,CGWB,18,Assam,289,HAILAKANDI,ALGAPUR,ALGAPUR,Panchgram,-,-,-,-,-,-,24.85833333,92.60055556,25-05-2017 00:00,7.62,302.7,199.78,"",65,65,42.54,"",7.2721715,"","","",75,12,10.92233,5.12,"",1.74,8.5,"","","","","","","",""
1393,Panchgram,CGWB,18,Assam,289,HAILAKANDI,ALGAPUR,ALGAPUR,Panchgram,-,-,-,-,-,-,24.85833333,92.60055556,30-05-2019 08:00,7.43,802,818.938,0,286.7,"",124.075,"","","","","",300,70,30.375,39,"","","","","","","","","","",""
1394,Panchgram,CGWB,18,Assam,289,HAILAKANDI,ALGAPUR,ALGAPUR,Panchgram,-,-,-,-,-,-,24.85833333,92.60055556,30-05-2020 08:00,7.43,802,"","",286.7,"",124.075,"","","","","","",70,30.375,39,"","","","","","","","","","",""
1395,Paneri,CGWB,18,Assam,283,DARRANG,KALAIGAON,KALAIGAON,Paneri,-,-,-,-,-,-,26.72083333,91.91666667,25-05-2006 00:00,7.16,174,"",0,67,"","","",17,"","","",60,20,2.4,"","",0.27,"","","","","","","","",""
1396,Paneri,CGWB,18,Assam,283,DARRANG,KALAIGAON,KALAIGAON,Paneri,-,-,-,-,-,-,26.72083333,91.91666667,25-05-2007 00:00,7.71,558,"",0,262,"","","",11,"","","",150,40,12,"","",0.87,"","","","","","","","",""
1397,Paneri,CGWB,18,Assam,283,DARRANG,KALAIGAON,KALAIGAON,Paneri,-,-,-,-,-,-,26.72083333,91.91666667,25-05-2008 00:00,8.07,176,"",0,61,"","","",18,"","","",65,16,6.07,"","",0.21,"","","","","","","","",""
1398,Paneri,CGWB,18,Assam,283,DARRANG,KALAIGAON,KALAIGAON,Paneri,-,-,-,-,-,-,26.72083333,91.91666667,25-05-2016 00:00,7.6,136.2,70.82,0,80,80,12.5,"",16.4,"","","",60,12,7.3,18.58,"",0.16,"","","","","","","","",""
1399,Paneri,CGWB,18,Assam,283,DARRANG,KALAIGAON,KALAIGAON,Paneri,-,-,-,-,-,-,26.72083333,91.91666667,25-05-2018 00:00,6.679,130.6,77.8,0,55.044,55.044,7.09,"",24.1434,"",0,"",55,14.0112,4.847573,12.83,"",0.2574,0,"","","","","","","",""
1400,Paneri,CGWB,18,Assam,283,DARRANG,KALAIGAON,KALAIGAON,Paneri,-,-,-,-,-,-,26.72083333,91.91666667,30-05-2019 08:00,7.52,138.4,"",0,54.94392,"",28.36,"","","","","",65,10.008,9.703883,12.79,"","","","","","","","","","",""
1401,Paneri,CGWB,18,Assam,283,DARRANG,KALAIGAON,KALAIGAON,Paneri,-,-,-,-,-,-,26.72083333,91.91666667,30-05-2020 08:00,7.52,138.4,"","",54.94392,"",28.36,"","","","","","",10.008,9.703883,12.79,"","","","","","","","","","",""
1402,Paneri,CGWB,18,Assam,283,DARRANG,KALAIGAON,KALAIGAON,Paneri,-,-,-,-,-,-,26.72083333,91.91666667,30-05-2021 08:00,7.45,1590,1033.5,0,439.2,"",241.06,"",93.12,0.02,"","",560,88,82.688,150,"","","","","","","","","","",""
1403,Paneri tg,CGWB,18,Assam,283,DARRANG,KALAIGAON,KALAIGAON,Paneri tg,-,-,-,-,-,-,26.75000000,91.91666667,25-05-2015 00:00,7.34,117.3,"","",72,59.02,36,"",25.7,"","","",60,11.2,7.79,35.05,"",0.11,"","","","","","","","",""
1404,Paneri tg,CGWB,18,Assam,283,DARRANG,KALAIGAON,KALAIGAON,Paneri tg,-,-,-,-,-,-,26.75000000,91.91666667,25-05-2016 00:00,7.6,337.6,163.8,16,16,32,156.5,"",20.2,"","","",140,28,16.5,45.2,"",5.98,"","","","","","","","",""
1405,Panigaon,CGWB,18,Assam,295,LAKHIMPUR,NORTH LAKHIMPUR,NORTH LAKHIMPUR,Panigaon,-,-,-,-,-,-,27.11666667,94.11166667,25-05-2005 00:00,7.95,283,"",0,165,"","","",32,"","","",145,46,7.3,"","",0.83,"","","","","","","","",""
1406,Panigaon,CGWB,18,Assam,295,LAKHIMPUR,NORTH LAKHIMPUR,NORTH LAKHIMPUR,Panigaon,-,-,-,-,-,-,27.11666667,94.11166667,25-05-2006 00:00,7.11,473,"",0,202,"","","",16,"","","",155,46.2,9.48,"","",0.17,"","","","","","","","",""
1407,Panigaon,CGWB,18,Assam,295,LAKHIMPUR,NORTH LAKHIMPUR,NORTH LAKHIMPUR,Panigaon,-,-,-,-,-,-,27.11666667,94.11166667,25-05-2008 00:00,7.98,230,"",0,103,"","","",2,"","","",75,18,7,"","",0.18,"","","","","","","","",""
1408,Panigaon,CGWB,18,Assam,295,LAKHIMPUR,NORTH LAKHIMPUR,NORTH LAKHIMPUR,Panigaon,-,-,-,-,-,-,27.11666667,94.11166667,25-05-2009 00:00,8.27,133,"",0,78.95,64.7,"","",11,"","","",230,14,47.43,"","",0.49,"","","","","","","","",""
1409,Panigaon,CGWB,18,Assam,295,LAKHIMPUR,NORTH LAKHIMPUR,NORTH LAKHIMPUR,Panigaon,-,-,-,-,-,-,27.11666667,94.11166667,25-05-2010 00:00,8.2,181,"",0,100,"","","",10.55,"","","",92,24,7.77,8.8,"",8.9,"","","","","","","","",""
1410,Panigaon,CGWB,18,Assam,295,LAKHIMPUR,NORTH LAKHIMPUR,NORTH LAKHIMPUR,Panigaon,-,-,-,-,-,-,27.11666667,94.11166667,25-05-2013 00:00,8.2,145,"",0,100,82,"","",10.55,"","","",78,24,4.41,10.3,"",3.9,"","","","","","","","",""
1411,Panigaon,CGWB,18,Assam,295,LAKHIMPUR,NORTH LAKHIMPUR,NORTH LAKHIMPUR,Panigaon,-,-,-,-,-,-,27.11666667,94.11166667,25-05-2014 00:00,8.3,191.4,"",24,68,95.74,46.3,"",8.99,"","","",144,27.2,18.51,4,"",13.06,"","","","","","","","",""
1412,Panigaon,CGWB,18,Assam,295,LAKHIMPUR,NORTH LAKHIMPUR,NORTH LAKHIMPUR,Panigaon,-,-,-,-,-,-,27.11666667,94.11166667,25-05-2015 00:00,8.9,173.1,"",24,52,82.62,24,"",13.6,"","","",44,9.6,4.87,36.34,"",0.52,"","","","","","","","",""
1413,Panigaon,CGWB,18,Assam,295,LAKHIMPUR,NORTH LAKHIMPUR,NORTH LAKHIMPUR,Panigaon,-,-,-,-,-,-,27.11666667,94.11166667,25-05-2016 00:00,7.6,151.9,76.46,0,75,75,10,"",11.1,"","","",60,8,9.7,8.06,"",10.14,"","","","","","","","",""
1414,Panigaon,CGWB,18,Assam,295,LAKHIMPUR,NORTH LAKHIMPUR,NORTH LAKHIMPUR,Panigaon,-,-,-,-,-,-,27.11666667,94.11166667,30-05-2021 08:00,8.05,1710,1111.5,0,415,"",216,"",165,0.15,"","",285,54,36.48,263,"","","","","","","","","","",""
1415,Panikhaiti,CGWB,18,Assam,291,KAMRUP,DISPUR,DISPUR,Panikhaiti,-,-,-,-,-,-,26.19166667,91.88333333,25-05-2005 00:00,7.39,1380,"",0,146,"","","","","","","",300,66,33,"","",0.18,"","","","","","","","",""
1416,Panikhaiti,CGWB,18,Assam,291,KAMRUP,DISPUR,DISPUR,Panikhaiti,-,-,-,-,-,-,26.19166667,91.88333333,25-05-2008 00:00,7.78,950,"",0,239.85,"","","",120,"","","",400,74,52.2,"","","","","","","","","","","",""
1417,Panikhaiti,CGWB,18,Assam,291,KAMRUP,DISPUR,DISPUR,Panikhaiti,-,-,-,-,-,-,26.19166667,91.88333333,25-05-2016 00:00,7.8,450.2,225.5,0,180,180,17.725,"",4.7964587,"","","",170,36,19.4,9.13,"","","","","","","","","","",""
1418,Panikhaiti,CGWB,18,Assam,291,KAMRUP,DISPUR,DISPUR,Panikhaiti,-,-,-,-,-,-,26.19166667,91.88333333,25-05-2018 00:00,7.58,468.6,261.6,0,165.132,165.132,77.99,"",38.1154,"",0,"",135,42.0336,7.261165,42.06,"",0.0716,0,"","","","","","","",""
1419,Panitola,CGWB,18,Assam,302,TINSUKIA,TINSUKIA,TINSUKIA,Panitola,-,-,-,-,-,-,27.49305556,95.26000000,25-05-2005 00:00,7.4,460,"",0,146,"","","",33,"","","",135,44,6.1,"","",0.15,"","","","","","","","",""
1420,Panitola,CGWB,18,Assam,302,TINSUKIA,TINSUKIA,TINSUKIA,Panitola,-,-,-,-,-,-,27.49305556,95.26000000,25-05-2007 00:00,7.59,750,"",0,146,"","","","","","","",230,80,6,"","",1.32,"","","","","","","","",""
1421,Panitola,CGWB,18,Assam,302,TINSUKIA,TINSUKIA,TINSUKIA,Panitola,-,-,-,-,-,-,27.49305556,95.26000000,25-05-2008 00:00,8.1,478,"",0,158.6,"","","",20,"","","",145,40,10.9,"","",0.86,"","","","","","","","",""
1422,Panitola,CGWB,18,Assam,302,TINSUKIA,TINSUKIA,TINSUKIA,Panitola,-,-,-,-,-,-,27.49305556,95.26000000,25-05-2009 00:00,8.13,90,"",0,86.1,70.6,"","",39,"","","",190,18,35.28,"","",1.21,"","","","","","","","",""
1423,Panitola,CGWB,18,Assam,302,TINSUKIA,TINSUKIA,TINSUKIA,Panitola,-,-,-,-,-,-,27.49305556,95.26000000,25-05-2010 00:00,8.5,494,"",48,104,"","","",20.58,"","","",152,38.4,13.59,14.5,"",0.09,"","","","","","","","",""
1424,Panitola,CGWB,18,Assam,302,TINSUKIA,TINSUKIA,TINSUKIA,Panitola,-,-,-,-,-,-,27.49305556,95.26000000,25-05-2012 00:00,8.5,494,"",48,104,165.3,"","",20.58,"","","",152,38.4,13.66,11,"",0.09,"","","","","","","","",""
1425,Panitola,CGWB,18,Assam,302,TINSUKIA,TINSUKIA,TINSUKIA,Panitola,-,-,-,-,-,-,27.49305556,95.26000000,25-05-2013 00:00,8.7,511,"",80,92,208.7,"","",16.97,"","","",142,39.2,10.6,32.5,"",1.17,"","","","","","","","",""
1426,Panitola,CGWB,18,Assam,302,TINSUKIA,TINSUKIA,TINSUKIA,Panitola,-,-,-,-,-,-,27.49305556,95.26000000,25-05-2014 00:00,8.4,201.5,"",56,80,158.91,48,"",42.8,"","","",188,32,26.3,30.5,"","","","","","","","","","",""
1427,Panitola,CGWB,18,Assam,302,TINSUKIA,TINSUKIA,TINSUKIA,Panitola,-,-,-,-,-,-,27.49305556,95.26000000,25-05-2016 00:00,8.3,500.2,253.2,20,110,130,46.085,"",3.1890018,"","","",145,42,9.7,22.39,"",0.23,"","","","","","","","",""
1428,Panitola,CGWB,18,Assam,302,TINSUKIA,TINSUKIA,TINSUKIA,Panitola,-,-,-,-,-,-,27.49305556,95.26000000,25-05-2017 00:00,7.73,314.4,207.5,"",110,110,17.73,"",38.73488,"","","",135,36,10.92233,11.28,"",0.23,36.315,"","","","","","","",""
1429,Panitola,CGWB,18,Assam,302,TINSUKIA,TINSUKIA,TINSUKIA,Panitola,-,-,-,-,-,-,27.49305556,95.26000000,30-05-2019 08:00,7.59,406.8,"",0,195.35616,"",35.45,"","","","","",150,26.0208,20.618446,25.8,"","","","","","","","","","",""
1430,Panitola,CGWB,18,Assam,302,TINSUKIA,TINSUKIA,TINSUKIA,Panitola,-,-,-,-,-,-,27.49305556,95.26000000,30-05-2020 08:00,7.59,406.8,"","",195.35616,"",35.45,"","","","","","",26.0208,20.618446,25.8,"","","","","","","","","","",""
1431,Panitola,CGWB,18,Assam,302,TINSUKIA,TINSUKIA,TINSUKIA,Panitola,-,-,-,-,-,-,27.49305556,95.26000000,30-05-2021 08:00,7.74,630,409.5,0,340,"",42.54,"",14,0.02,"","",270,40,41.344,38.2,"","","","","","","","","","",""
1432,Pathalipam,CGWB,18,Assam,295,LAKHIMPUR,KADAM,KADAM,Pathalipam,-,-,-,-,-,-,27.44166667,94.28333333,25-05-2005 00:00,7.49,75,"",0,24,"","","",18,"","","",30,10,1.2,"","",0.09,"","","","","","","","",""
1433,Pathalipam,CGWB,18,Assam,295,LAKHIMPUR,KADAM,KADAM,Pathalipam,-,-,-,-,-,-,27.44166667,94.28333333,25-05-2006 00:00,6.92,119,"",0,25,"","","",11,"","","",55,12.6,5.64,"","",0.13,"","","","","","","","",""
1434,Pathalipam,CGWB,18,Assam,295,LAKHIMPUR,KADAM,KADAM,Pathalipam,-,-,-,-,-,-,27.44166667,94.28333333,25-05-2007 00:00,8.16,73,"",0,53.35,43.7,"","",19,"","","",65,14,7.31,"","",0.25,"","","","","","","","",""
1435,Pathalipam,CGWB,18,Assam,295,LAKHIMPUR,KADAM,KADAM,Pathalipam,-,-,-,-,-,-,27.44166667,94.28333333,25-05-2008 00:00,8.35,129,"","",24,"","","",20,"","","",45,8,6,"","","","","","","","","","","",""
1436,Pathalipam,CGWB,18,Assam,295,LAKHIMPUR,KADAM,KADAM,Pathalipam,-,-,-,-,-,-,27.44166667,94.28333333,25-05-2010 00:00,8,94.3,"",0,72,"","","",10.86,"","","",50,12.8,4.37,5.3,"","","","","","","","","","",""
1437,Pathalipam,CGWB,18,Assam,295,LAKHIMPUR,KADAM,KADAM,Pathalipam,-,-,-,-,-,-,27.44166667,94.28333333,25-05-2013 00:00,8,94.3,"",0,72,59,"","",10.86,"","","",50,12.8,4.39,32,"","","","","","","","","","",""
1438,Pathalipam,CGWB,18,Assam,295,LAKHIMPUR,KADAM,KADAM,Pathalipam,-,-,-,-,-,-,27.44166667,94.28333333,25-05-2014 00:00,7.3,91.6,"","",28,22.95,56.9,"",4.28,"","","",92,9.6,16.54,5.1,"",0.09,"","","","","","","","",""
1439,Pathalipam,CGWB,18,Assam,295,LAKHIMPUR,KADAM,KADAM,Pathalipam,-,-,-,-,-,-,27.44166667,94.28333333,25-05-2015 00:00,7.4,224,"","",84,68.85,24,"",15,"","","",68,20.8,3.92,10.41,"",0.07,"","","","","","","","",""
1440,Pathalipam,CGWB,18,Assam,295,LAKHIMPUR,KADAM,KADAM,Pathalipam,-,-,-,-,-,-,27.44166667,94.28333333,25-05-2016 00:00,7.5,108,54.3,0,40,40,7.5,"",18.8,"","","",55,18,2.4,5.17,"",0.73,"","","","","","","","",""
1441,Pathalipam,CGWB,18,Assam,295,LAKHIMPUR,KADAM,KADAM,Pathalipam,-,-,-,-,-,-,27.44166667,94.28333333,25-05-2018 00:00,7.21,140.6,74.17,0,36.6,30.024,95.715,"",13.2327,"",0,"",55,6.0048,9.705825,44.68,"",0.4399,0,"","","","","","","",""
1442,Pathalipam,CGWB,18,Assam,295,LAKHIMPUR,KADAM,KADAM,Pathalipam,-,-,-,-,-,-,27.44166667,94.28333333,30-05-2021 08:00,7.25,2450,1592.5,0,195.2,"",482.12,"",85,0.23,"","",920,272,58.368,131.4,"","","","","","","","","","",""
1443,Pathalipam II,CGWB,18,Assam,295,LAKHIMPUR,-,-,-,-,-,-,-,-,-,27.44000000,94.21000000,30-05-2021 08:00,7.45,1950,1267.5,0,488,"",340.32,"",160,0.05,"","",600,80,97.28,220,"","","","","","","","","","",""
1444,Phonglangso,CGWB,18,Assam,292,KARBI ANGLONG,-,-,-,-,-,-,-,-,-,26.00944000,93.26222000,30-05-2021 08:00,7.9,400,"",0,244,"",23,"",12,"","","",66,27,29,20,"","","","","","","","","","",""
1445,Phulaguri,CGWB,18,Assam,297,NAGAON,Kaliabar,Kaliabar,Phulaguri,-,-,-,-,-,-,26.57777778,93.18527778,25-05-2006 00:00,7.5,345,"",0,201,"","","",4,"","","",140,52,2.4,"","","","","","","","","","","",""
1446,Phulaguri,CGWB,18,Assam,297,NAGAON,Kaliabar,Kaliabar,Phulaguri,-,-,-,-,-,-,26.57777778,93.18527778,25-05-2007 00:00,7.58,92,"",0,49,"","","",8,"","","",30,10,1.2,"","",0.15,"","","","","","","","",""
1447,Phulaguri,CGWB,18,Assam,297,NAGAON,Kaliabar,Kaliabar,Phulaguri,-,-,-,-,-,-,26.57777778,93.18527778,25-05-2008 00:00,6.8,680,"",0,317,"","","","","","","",200,40,24,"","",1.77,"","","","","","","","",""
1448,Phulaguri,CGWB,18,Assam,297,NAGAON,Kaliabar,Kaliabar,Phulaguri,-,-,-,-,-,-,26.57777778,93.18527778,25-05-2010 00:00,7.5,229,"",0,48,"","","",5.22,"","","",84,15.2,11.1,17.7,"",0.14,"","","","","","","","",""
1449,Phulaguri,CGWB,18,Assam,297,NAGAON,Kaliabar,Kaliabar,Phulaguri,-,-,-,-,-,-,26.57777778,93.18527778,25-05-2013 00:00,7.5,209,"",0,48,39.3,"","",5.22,"","","",84,15.2,11.2,10.4,"",0.14,"","","","","","","","",""
1450,Phulaguri,CGWB,18,Assam,297,NAGAON,Kaliabar,Kaliabar,Phulaguri,-,-,-,-,-,-,26.57777778,93.18527778,25-05-2014 00:00,8.3,183.3,"",64,96,185.36,21.8,"",15.2,"","","",168,33.6,20.46,22,"",0.04,"","","","","","","","",""
1451,Phulaguri,CGWB,18,Assam,297,NAGAON,Kaliabar,Kaliabar,Phulaguri,-,-,-,-,-,-,26.57777778,93.18527778,25-05-2015 00:00,8.3,183.3,"",64,96,185.36,30,"",15.2,"","","",168,33.6,20.46,25.9,"",0.04,"","","","","","","","",""
1452,Phulaguri,CGWB,18,Assam,297,NAGAON,Kaliabar,Kaliabar,Phulaguri,-,-,-,-,-,-,26.57777778,93.18527778,25-05-2016 00:00,7.7,96.22,52.55,0,55,55,12.5,"",1.4,"","","",40,2,8.5,12.29,"",0.29,"","","","","","","","",""
1453,Phuloni,CGWB,18,Assam,292,KARBI ANGLONG,PHULONI,PHULONI,Phuloni,-,-,-,-,-,-,26.18222222,93.14694444,25-05-2005 00:00,"","","",0,"","","","","","","","","","","","","",0.9,"","","","","","","","",""
1454,Phuloni,CGWB,18,Assam,292,KARBI ANGLONG,PHULONI,PHULONI,Phuloni,-,-,-,-,-,-,26.18222222,93.14694444,25-05-2007 00:00,7.42,507,"",0,207,"","","",12,"","","",170,48,12,"","",0.9,"","","","","","","","",""
1455,Phuloni,CGWB,18,Assam,292,KARBI ANGLONG,PHULONI,PHULONI,Phuloni,-,-,-,-,-,-,26.18222222,93.14694444,25-05-2009 00:00,8.03,228,"",0,68,55.7,"","",9,"","","",60,16,4.88,"","",1.64,"","","","","","","","",""
1456,Phuloni,CGWB,18,Assam,292,KARBI ANGLONG,PHULONI,PHULONI,Phuloni,-,-,-,-,-,-,26.18222222,93.14694444,25-05-2014 00:00,8.3,284.7,"",48,112,171.8,32.4,"",1.1,"","","",180,16,34.06,10.9,"",0.36,"","","","","","","","",""
1457,Phuloni,CGWB,18,Assam,292,KARBI ANGLONG,PHULONI,PHULONI,Phuloni,-,-,-,-,-,-,26.18222222,93.14694444,25-05-2015 00:00,8.32,128.1,"",160,28,289.62,19.9,"",13.8,"","","",184,6.4,40.85,39.11,"",0.15,"","","","","","","","",""
1458,Phuloni,CGWB,18,Assam,292,KARBI ANGLONG,PHULONI,PHULONI,Phuloni,-,-,-,-,-,-,26.18222222,93.14694444,25-05-2016 00:00,8.6,444.3,251,20,100,120,47.5,"",24,"","","",210,40,26.7,6.08,"",0.61,"","","","","","","","",""
1459,Phuloni,CGWB,18,Assam,292,KARBI ANGLONG,PHULONI,PHULONI,Phuloni,-,-,-,-,-,-,26.18222222,93.14694444,25-05-2017 00:00,8.3,636.2,419.89,40,265,305,56.72,"",2.9628644,"","","",220,62,15.776699,49.93,"",0.85,"","","","","","","","",""
1460,Phuloni,CGWB,18,Assam,292,KARBI ANGLONG,PHULONI,PHULONI,Phuloni,-,-,-,-,-,-,26.18222222,93.14694444,30-05-2021 08:00,7.5,125,"",0,49,"",7,"",16,"","","",20,8,7,9,"","","","","","","","","","",""
1461,Poilapul,CGWB,18,Assam,282,CACHAR,SONAI,SONAI,Poilapul,-,-,-,-,-,-,24.73111111,92.89027778,25-05-2006 00:00,6.6,295,"",0,24,"","","",11,"","","",60,18,3.6,"","",0.57,"","","","","","","","",""
1462,Poilapul,CGWB,18,Assam,282,CACHAR,SONAI,SONAI,Poilapul,-,-,-,-,-,-,24.73111111,92.89027778,25-05-2007 00:00,7.65,219,"",0,49,"","","",4,"","","",65,18,5,"","",2.04,"","","","","","","","",""
1463,Poilapul,CGWB,18,Assam,282,CACHAR,SONAI,SONAI,Poilapul,-,-,-,-,-,-,24.73111111,92.89027778,25-05-2011 00:00,7.42,178,"",0,55.35,"","","","","","","",80,18,1.25,7,"","","","","","","","","","",""
1464,Poilapul,CGWB,18,Assam,282,CACHAR,SONAI,SONAI,Poilapul,-,-,-,-,-,-,24.73111111,92.89027778,25-05-2012 00:00,7.42,178,"",0,55.35,45.4,"","","","","","",80,18,1.25,7,"","","","","","","","","","",""
1465,Poilapul,CGWB,18,Assam,282,CACHAR,SONAI,SONAI,Poilapul,-,-,-,-,-,-,24.73111111,92.89027778,25-05-2014 00:00,8.24,123,"","",44,36.07,34,"","","","","",80,14.4,10.72,1.94,"",0.34,"","","","","","","","",""
1466,Poilapul,CGWB,18,Assam,282,CACHAR,SONAI,SONAI,Poilapul,-,-,-,-,-,-,24.73111111,92.89027778,25-05-2015 00:00,8.23,88,"","",16,13.11,82,"",5.8,"","","",52,19.2,5.9,32.54,"",1.88,"","","","","","","","",""
1467,Poilapul,CGWB,18,Assam,282,CACHAR,SONAI,SONAI,Poilapul,-,-,-,-,-,-,24.73111111,92.89027778,25-05-2016 00:00,7.5,104.3,53.5,0,55,55,20,"",3.5,"","","",60,12,7.3,5.89,"",4.52,"","","","","","","","",""
1468,Poilapul,CGWB,18,Assam,282,CACHAR,SONAI,SONAI,Poilapul,-,-,-,-,-,-,24.73111111,92.89027778,25-05-2017 00:00,7.36,119.2,78.67,"",45,45,17.73,"",3.464588,"","","",40,12,2.4271846,6.09,"",3.26,3.5,"","","","","","","",""
1469,Poilapul,CGWB,18,Assam,282,CACHAR,SONAI,SONAI,Poilapul,-,-,-,-,-,-,24.73111111,92.89027778,25-05-2018 00:00,7.156,795.1,416,0,5.004,5.004,102.805,"",8.3628,"",0,"",170,30.024,23.04369,3.4,"",3.3462,0,"","","","","","","",""
1470,Pub Bengabari,CGWB,18,Assam,616,Baksa,-,-,-,-,-,-,-,-,-,26.67900000,91.34700000,30-05-2019 08:00,7.47,70.03,"",0,48.83904,"",14.18,"","","","","",45,8.0064,6.064078,5.72,"","","","","","","","","","",""
1471,Pub Bengabari,CGWB,18,Assam,616,Baksa,-,-,-,-,-,-,-,-,-,26.67900000,91.34700000,30-05-2020 08:00,7.47,70.03,"","",48.83904,"",14.18,"","","","","","",8.0064,6.064078,5.72,"","","","","","","","","","",""
1472,Rajabari te,CGWB,18,Assam,300,SIVSAGAR,DEMOW,DEMOW,Rajabari te,-,-,-,-,-,-,27.06250000,94.69166667,25-05-2005 00:00,7.56,635,"",0,195,"","","",44,"","","",175,48,13,"","",0.35,"","","","","","","","",""
1473,Rajabari te,CGWB,18,Assam,300,SIVSAGAR,DEMOW,DEMOW,Rajabari te,-,-,-,-,-,-,27.06250000,94.69166667,25-05-2006 00:00,8.08,585,"",0,85,"","","",62,"","","",120,38,8.5,"","",0.84,"","","","","","","","",""
1474,Rajabari te,CGWB,18,Assam,300,SIVSAGAR,DEMOW,DEMOW,Rajabari te,-,-,-,-,-,-,27.06250000,94.69166667,25-05-2007 00:00,7.58,88,"",0,49,"","","",8,"","","",30,8,2.4,"","",0.12,"","","","","","","","",""
1475,Rajabari te,CGWB,18,Assam,300,SIVSAGAR,DEMOW,DEMOW,Rajabari te,-,-,-,-,-,-,27.06250000,94.69166667,25-05-2008 00:00,7.98,541,"",0,158,"","","",27,"","","",255,54,30,"","",0.13,"","","","","","","","",""
1476,Rajapara,CGWB,18,Assam,291,KAMRUP,BOKO,BOKO,Rajapara,-,-,-,-,-,-,25.94416667,91.11805556,25-05-2005 00:00,7.92,310,"",0,37,"","","",7,"","","",65,12,8.5,"","",3.52,"","","","","","","","",""
1477,Rajapara,CGWB,18,Assam,291,KAMRUP,BOKO,BOKO,Rajapara,-,-,-,-,-,-,25.94416667,91.11805556,25-05-2006 00:00,7.29,262,"",0,24,"","","",7,"","","",45,14,2.4,"","",0.26,"","","","","","","","",""
1478,Rajapara,CGWB,18,Assam,291,KAMRUP,BOKO,BOKO,Rajapara,-,-,-,-,-,-,25.94416667,91.11805556,25-05-2007 00:00,7.82,423,"",0,115,"","","",13,"","","",35,12,2,"","",0.29,"","","","","","","","",""
1479,Rajapara,CGWB,18,Assam,291,KAMRUP,BOKO,BOKO,Rajapara,-,-,-,-,-,-,25.94416667,91.11805556,25-05-2015 00:00,8.33,186.3,"",48,132,188.2,20,"",10.7,"","","",100,27.2,7.81,49.06,"",1.88,"","","","","","","","",""
1480,Rajapara,CGWB,18,Assam,291,KAMRUP,BOKO,BOKO,Rajapara,-,-,-,-,-,-,25.94416667,91.11805556,25-05-2016 00:00,8.6,367.1,196.2,50,140,190,22.5,"",1,"","","",90,14,13.3,64.9,"",1.21,"","","","","","","","",""
1481,Rajapara,CGWB,18,Assam,291,KAMRUP,BOKO,BOKO,Rajapara,-,-,-,-,-,-,25.94416667,91.11805556,30-05-2021 08:00,7.8,160,"",0,61,"",9,"",1,"","","",41,16,4,15,"","","","","","","","","","",""
1482,Rajoi tg,CGWB,18,Assam,290,JORHAT,JORHAT EAST,JORHAT EAST,Rajoi tg,-,-,-,-,-,-,26.73333333,94.33333333,25-05-2005 00:00,"","","","","","","","","","","","","","","","","",0.23,"","","","","","","","",""
1483,Rajoi tg,CGWB,18,Assam,290,JORHAT,JORHAT EAST,JORHAT EAST,Rajoi tg,-,-,-,-,-,-,26.73333333,94.33333333,25-05-2007 00:00,8.11,916,"",0,256,"","","",56,"","","",235,60,20,"","",0.07,"","","","","","","","",""
1484,Rajoi tg,CGWB,18,Assam,290,JORHAT,JORHAT EAST,JORHAT EAST,Rajoi tg,-,-,-,-,-,-,26.73333333,94.33333333,25-05-2008 00:00,8.11,916,"",0,256,"","","",56,"","","",235,60,20,"","",0.07,"","","","","","","","",""
1485,Rakesh nagar,CGWB,18,Assam,293,KARIMGANJ,BADARPUR,BADARPUR,Rakesh nagar,-,-,-,-,-,-,24.84861111,92.50694444,25-05-2008 00:00,7.97,142,"",0,18,"","","",3,"","","",75,24,4,"","",0.35,"","","","","","","","",""
1486,Rangagora guijn,CGWB,18,Assam,302,TINSUKIA,TINSUKIA,TINSUKIA,Rangagora guijn,-,-,-,-,-,-,27.57277778,95.32944444,25-05-2005 00:00,6.29,120,"",0,37,"","","",6,"","","",35,12,1.2,"","",0.14,"","","","","","","","",""
1487,Rangagora guijn,CGWB,18,Assam,302,TINSUKIA,TINSUKIA,TINSUKIA,Rangagora guijn,-,-,-,-,-,-,27.57277778,95.32944444,25-05-2007 00:00,7.93,253,"",0,6.1,"","","",11,"","","",75,20,6,"","",0.61,"","","","","","","","",""
1488,Rangagora guijn,CGWB,18,Assam,302,TINSUKIA,TINSUKIA,TINSUKIA,Rangagora guijn,-,-,-,-,-,-,27.57277778,95.32944444,25-05-2008 00:00,7.93,233,"",0,61,"","","",11,"","","",75,20,6,"","",0.61,"","","","","","","","",""
1489,Rangagora guijn,CGWB,18,Assam,302,TINSUKIA,TINSUKIA,TINSUKIA,Rangagora guijn,-,-,-,-,-,-,27.57277778,95.32944444,25-05-2010 00:00,8.2,195,"",0,60,"","","",1.3,"","","",64,19.2,3.88,39.3,"",1.47,"","","","","","","","",""
1490,Rangagora guijn,CGWB,18,Assam,302,TINSUKIA,TINSUKIA,TINSUKIA,Rangagora guijn,-,-,-,-,-,-,27.57277778,95.32944444,25-05-2013 00:00,8.2,155,"",0,60,49.2,"","",1.3,"","","",64,19.2,3.88,26,"",1.47,"","","","","","","","",""
1491,Rangapara,CGWB,18,Assam,301,SONITPUR,TEZPUR,TEZPUR,Rangapara,-,-,-,-,-,-,26.73611111,92.68472222,25-05-2005 00:00,7.5,821,"",0,287,"","","",27,"","","",235,70,15,"","",0.6,"","","","","","","","",""
1492,Rangapara,CGWB,18,Assam,301,SONITPUR,TEZPUR,TEZPUR,Rangapara,-,-,-,-,-,-,26.73611111,92.68472222,25-05-2006 00:00,5.88,635,"",0,238,"","","",18,"","","",195,50.4,16.56,"","",1.24,"","","","","","","","",""
1493,Rangapara,CGWB,18,Assam,301,SONITPUR,TEZPUR,TEZPUR,Rangapara,-,-,-,-,-,-,26.73611111,92.68472222,25-05-2008 00:00,8.1,768,"",0,268,"","","",27,"","","",150,56,3,"","",1.52,"","","","","","","","",""
1494,Rangapara,CGWB,18,Assam,301,SONITPUR,TEZPUR,TEZPUR,Rangapara,-,-,-,-,-,-,26.73611111,92.68472222,25-05-2009 00:00,8.73,774,"",21,258.3,246.7,"","",40,"","","",130,23,17.65,"","",2.94,"","","","","","","","",""
1495,Rangia,CGWB,18,Assam,291,KAMRUP,RANGIA,RANGIA,Rangia,-,-,-,-,-,-,26.45833333,91.61666667,25-05-2005 00:00,7.36,625,"",0,281,"","","",18,"","","",210,54,18,"","",0.78,"","","","","","","","",""
1496,Rangia,CGWB,18,Assam,291,KAMRUP,RANGIA,RANGIA,Rangia,-,-,-,-,-,-,26.45833333,91.61666667,25-05-2006 00:00,7.54,453,"",0,220,"","","",14,"","","",155,46,9.7,"","",0.47,"","","","","","","","",""
1497,Rangia,CGWB,18,Assam,291,KAMRUP,RANGIA,RANGIA,Rangia,-,-,-,-,-,-,26.45833333,91.61666667,25-05-2007 00:00,7.7,1097,"",0,360,"","","",37,"","","",270,51,24,"","",0.39,"","","","","","","","",""
1498,Rangia,CGWB,18,Assam,291,KAMRUP,RANGIA,RANGIA,Rangia,-,-,-,-,-,-,26.45833333,91.61666667,25-05-2008 00:00,7.7,1097,"",0,360,"","","",37,"","","",270,51,24,"","",0.39,"","","","","","","","",""
1499,Rangia,CGWB,18,Assam,291,KAMRUP,RANGIA,RANGIA,Rangia,-,-,-,-,-,-,26.45833333,91.61666667,25-05-2016 00:00,8.3,233.4,126.5,20,95,115,17.725,"",5.720934,"","","",40,4,7.3,21.1,"",5.27,"","","","","","","","",""
1500,Rangia,CGWB,18,Assam,291,KAMRUP,RANGIA,RANGIA,Rangia,-,-,-,-,-,-,26.45833333,91.61666667,25-05-2018 00:00,7.272,212.7,114.7,0,100.08,100.08,17.725,"",3.9797,"",0,"",95,18.0144,12.127185,10.01,"",2.2425,0,"","","","","","","",""
1501,Rani,CGWB,18,Assam,291,KAMRUP,PALASBARI,PALASBARI,Rani,-,-,-,-,-,-,26.08333333,91.66666667,25-05-2005 00:00,7.28,110,"",0,43,"","","",4,"","","",50,10,6.1,"","",0.66,"","","","","","","","",""
1502,Rani,CGWB,18,Assam,291,KAMRUP,PALASBARI,PALASBARI,Rani,-,-,-,-,-,-,26.08333333,91.66666667,25-05-2006 00:00,7.16,121,"",0,37,"","","",3,"","","",30,8,2.4,"","",0.24,"","","","","","","","",""
1503,Rani,CGWB,18,Assam,291,KAMRUP,PALASBARI,PALASBARI,Rani,-,-,-,-,-,-,26.08333333,91.66666667,25-05-2007 00:00,7.26,138,"",0,31,"","","",5,"","","",75,7,14,"","",0.1,"","","","","","","","",""
1504,Rani,CGWB,18,Assam,291,KAMRUP,PALASBARI,PALASBARI,Rani,-,-,-,-,-,-,26.08333333,91.66666667,25-05-2008 00:00,8.08,284,"",0,147.6,"","","",5,"","","",85,20,8.5,"","",1.35,"","","","","","","","",""
1505,Rani,CGWB,18,Assam,291,KAMRUP,PALASBARI,PALASBARI,Rani,-,-,-,-,-,-,26.08333333,91.66666667,25-05-2009 00:00,8.28,473,"",9,185,166.6,"","",25,"","","",200,44,21.94,"","",0.07,"","","","","","","","",""
1506,Rani,CGWB,18,Assam,291,KAMRUP,PALASBARI,PALASBARI,Rani,-,-,-,-,-,-,26.08333333,91.66666667,25-05-2010 00:00,7.2,105,"",0,36,"","","",5.38,"","","",33,6,4.36,5.86,"",0.32,"","","","","","","","",""
1507,Rani,CGWB,18,Assam,291,KAMRUP,PALASBARI,PALASBARI,Rani,-,-,-,-,-,-,26.08333333,91.66666667,25-05-2011 00:00,7.78,82,"",0,48.2,"","","","","","","",110,10,21.25,3,"","","","","","","","","","",""
1508,Rani,CGWB,18,Assam,291,KAMRUP,PALASBARI,PALASBARI,Rani,-,-,-,-,-,-,26.08333333,91.66666667,25-05-2012 00:00,7.78,82,"",0,49.2,40.3,"","","","","","",110,10,20.68,3,"","","","","","","","","","",""
1509,Rani,CGWB,18,Assam,291,KAMRUP,PALASBARI,PALASBARI,Rani,-,-,-,-,-,-,26.08333333,91.66666667,25-05-2013 00:00,7.2,105,"",0,36,29.5,"","",5.38,"","","",33,6,4.38,8.4,"",0.32,"","","","","","","","",""
1510,Rani,CGWB,18,Assam,291,KAMRUP,PALASBARI,PALASBARI,Rani,-,-,-,-,-,-,26.08333333,91.66666667,25-05-2015 00:00,7.8,62.9,"","",32,26.23,4,"",1.6,"","","",28,6.4,2.93,1.69,"","","","","","","","","","",""
1511,Rani,CGWB,18,Assam,291,KAMRUP,PALASBARI,PALASBARI,Rani,-,-,-,-,-,-,26.08333333,91.66666667,25-05-2016 00:00,8.4,525.1,282.3,50,130,180,70,"",4.9,"","","",215,30,34,32.69,"",0.94,"","","","","","","","",""
1512,Rani,CGWB,18,Assam,291,KAMRUP,PALASBARI,PALASBARI,Rani,-,-,-,-,-,-,26.08333333,91.66666667,25-05-2018 00:00,7.831,142.9,76.07,0,40.032,40.032,31.905,"",17.444,"",0,"",40,10.008,3.6359224,18.72,"",0.2517,0,"","","","","","","",""
1513,Rani II,CGWB,18,Assam,618,Kamrup Metropolitan,-,-,-,-,-,-,-,-,-,26.06861100,91.60611100,30-05-2021 08:00,8.21,210,"",0,114.4,"",15.1,"",15.6,"","","",80.4,16.7,9.39,18.8,"","","","","","","","","","",""
1514,Razabazar,CGWB,18,Assam,282,CACHAR,SONAI,SONAI,Razabazar,-,-,-,-,-,-,24.73111111,92.89027778,25-05-2006 00:00,6.8,250,"",0,43,"","","",12,"","","",100,14,16,"","",2.54,"","","","","","","","",""
1515,Razabazar,CGWB,18,Assam,282,CACHAR,SONAI,SONAI,Razabazar,-,-,-,-,-,-,24.73111111,92.89027778,25-05-2007 00:00,7.8,273,"",0,67,"","","",15,"","","",75,14,10,"","",3.85,"","","","","","","","",""
1516,Razabazar,CGWB,18,Assam,282,CACHAR,SONAI,SONAI,Razabazar,-,-,-,-,-,-,24.73111111,92.89027778,25-05-2009 00:00,8.02,335,"",0,237.7,194.8,"","",7,"","","",235,6,53.5,"","",0.35,"","","","","","","","",""
1517,Razabazar,CGWB,18,Assam,282,CACHAR,SONAI,SONAI,Razabazar,-,-,-,-,-,-,24.73111111,92.89027778,25-05-2014 00:00,8.3,132,"",24,92,115.41,56,"",14.2,"","","",172,44.8,14.64,18.21,"","","","","","","","","","",""
1518,Razabazar,CGWB,18,Assam,282,CACHAR,SONAI,SONAI,Razabazar,-,-,-,-,-,-,24.73111111,92.89027778,25-05-2015 00:00,7.9,455.9,"","",92,75.41,96,"",99.2,"","","",188,41.6,20.47,34.46,"",0.57,"","","","","","","","",""
1519,Razabazar,CGWB,18,Assam,282,CACHAR,SONAI,SONAI,Razabazar,-,-,-,-,-,-,24.73111111,92.89027778,25-05-2016 00:00,7.6,382.7,195.8,0,85,85,40,"",15.7,"","","",145,46,7.3,2.45,"",0.92,"","","","","","","","",""
1520,Razabazar,CGWB,18,Assam,282,CACHAR,SONAI,SONAI,Razabazar,-,-,-,-,-,-,24.73111111,92.89027778,25-05-2017 00:00,8.6,499.9,329.93,50,115,165,53.18,"",16.658258,"","","",150,46,8.495146,33.75,"",2.88,3.5,"","","","","","","",""
1521,Razabazar,CGWB,18,Assam,282,CACHAR,SONAI,SONAI,Razabazar,-,-,-,-,-,-,24.73111111,92.89027778,25-05-2018 00:00,6.626,518.2,292.2,0,70.056,70.056,109.895,"",5.3819,"",0,"",150,26.0208,20.618446,25.76,"",0.1049,0,"","","","","","","",""
1522,R.k.nagar,CGWB,18,Assam,293,KARIMGANJ,RAMKRISHNA NAGAR,RAMKRISHNA NAGAR,R.k.nagar,-,-,-,-,-,-,24.53888889,92.48333333,25-05-2006 00:00,4.7,"","","","","","","","","","","","","","","","",5.4,"","","","","","","","",""
1523,R.k.nagar,CGWB,18,Assam,293,KARIMGANJ,RAMKRISHNA NAGAR,RAMKRISHNA NAGAR,R.k.nagar,-,-,-,-,-,-,24.53888889,92.48333333,25-05-2007 00:00,7.97,142,"",0,18,"","","",3,"","","",75,24,4,"","",3.5,"","","","","","","","",""
1524,R.k.nagar,CGWB,18,Assam,293,KARIMGANJ,RAMKRISHNA NAGAR,RAMKRISHNA NAGAR,R.k.nagar,-,-,-,-,-,-,24.53888889,92.48333333,25-05-2009 00:00,8.1,58,"",0,55.35,45.4,"","",2,"","","",80,10,13.38,"","",0.3,"","","","","","","","",""
1525,R.k.nagar,CGWB,18,Assam,293,KARIMGANJ,RAMKRISHNA NAGAR,RAMKRISHNA NAGAR,R.k.nagar,-,-,-,-,-,-,24.53888889,92.48333333,25-05-2014 00:00,7.8,35,"","",52,42.62,24,"",1.5,"","","",80,14.4,10.72,1.86,"","","","","","","","","","",""
1526,R.k.nagar,CGWB,18,Assam,293,KARIMGANJ,RAMKRISHNA NAGAR,RAMKRISHNA NAGAR,R.k.nagar,-,-,-,-,-,-,24.53888889,92.48333333,25-05-2015 00:00,8.13,90.21,"","",28,22.95,60,"",1.4,"","","",52,11.2,5.85,15.83,"",0.1,"","","","","","","","",""
1527,R.k.nagar,CGWB,18,Assam,293,KARIMGANJ,RAMKRISHNA NAGAR,RAMKRISHNA NAGAR,R.k.nagar,-,-,-,-,-,-,24.53888889,92.48333333,25-05-2016 00:00,7.9,136.3,63.87,0,50,50,15,"",12.4,"","","",65,16,6.1,5.75,"",0.15,"","","","","","","","",""
1528,R.k.nagar,CGWB,18,Assam,293,KARIMGANJ,RAMKRISHNA NAGAR,RAMKRISHNA NAGAR,R.k.nagar,-,-,-,-,-,-,24.53888889,92.48333333,25-05-2017 00:00,8.32,364.9,240.83,50,150,200,31.91,"",1.0617675,"","","",145,22,21.84466,31.82,"",5.33,"","","","","","","","",""
1529,R.k.nagar,CGWB,18,Assam,293,KARIMGANJ,RAMKRISHNA NAGAR,RAMKRISHNA NAGAR,R.k.nagar,-,-,-,-,-,-,24.53888889,92.48333333,25-05-2018 00:00,6.569,210.3,113.1,0,35.028,35.028,88.625,"",25.6009,"",0,"",75,14.0112,9.7019415,29.37,"",0.2012,0,"","","","","","","",""
1530,Rongdoi,CGWB,18,Assam,290,JORHAT,JORHAT WEST,JORHAT WEST,Rongdoi,-,-,-,-,-,-,26.82777778,94.25000000,25-05-2005 00:00,"","","","","","","","","","","","","","","","","",0.62,"","","","","","","","",""
1531,Rongjuli,CGWB,18,Assam,287,GOALPARA,RANGJULI,RANGJULI,Rongjuli,-,-,-,-,-,-,25.96944444,90.94444444,25-05-2000 00:00,6.4,135,"",0,40,"","","","","","","",60,43,5,11,"",0.004,"","","","","","","","",""
1532,Rongjuli,CGWB,18,Assam,287,GOALPARA,RANGJULI,RANGJULI,Rongjuli,-,-,-,-,-,-,25.96944444,90.94444444,25-05-2005 00:00,7.23,152,"",0,49,"","","",9,"","","",45,16,1.2,"","",1.41,"","","","","","","","",""
1533,Rongjuli,CGWB,18,Assam,287,GOALPARA,RANGJULI,RANGJULI,Rongjuli,-,-,-,-,-,-,25.96944444,90.94444444,25-05-2006 00:00,7.04,142,"",0,49,"","","",9,"","","",40,14,1.2,"","",0.48,"","","","","","","","",""
1534,Rongjuli,CGWB,18,Assam,287,GOALPARA,RANGJULI,RANGJULI,Rongjuli,-,-,-,-,-,-,25.96944444,90.94444444,25-05-2007 00:00,7.75,127,"",0,55,"","","",12,"","","",50,14,4,"","",0.17,"","","","","","","","",""
1535,Rongjuli,CGWB,18,Assam,287,GOALPARA,RANGJULI,RANGJULI,Rongjuli,-,-,-,-,-,-,25.96944444,90.94444444,25-05-2008 00:00,7.98,183,"",0,86,"","","",0,"","","",100,20,12.2,"","",0.17,"","","","","","","","",""
1536,Rongjuli,CGWB,18,Assam,287,GOALPARA,RANGJULI,RANGJULI,Rongjuli,-,-,-,-,-,-,25.96944444,90.94444444,25-05-2009 00:00,8.02,158,"",0,67.65,55.5,"","",11,"","","",75,18,7.32,"","","","","","","","","","","",""
1537,Rongjuli,CGWB,18,Assam,287,GOALPARA,RANGJULI,RANGJULI,Rongjuli,-,-,-,-,-,-,25.96944444,90.94444444,25-05-2015 00:00,8.3,86.8,"",40,68,122.4,20,"",2.09,"","","",96,36,1.5,26.5,"",0.17,"","","","","","","","",""
1538,Rongjuli,CGWB,18,Assam,287,GOALPARA,RANGJULI,RANGJULI,Rongjuli,-,-,-,-,-,-,25.96944444,90.94444444,25-05-2016 00:00,8.3,160.8,84.98,10,80,90,20,"",3.2,"","","",80,12,12.1,12.93,"",7.81,"","","","","","","","",""
1539,Rongjuli,CGWB,18,Assam,287,GOALPARA,RANGJULI,RANGJULI,Rongjuli,-,-,-,-,-,-,25.96944444,90.94444444,25-05-2018 00:00,7.465,112.3,59.65,0,40.032,40.032,21.27,"",16.647,"",0,"",40,10.008,3.6359224,13.54,"",0.1067,0,"","","","","","","",""
1540,Rongjuli,CGWB,18,Assam,287,GOALPARA,RANGJULI,RANGJULI,Rongjuli,-,-,-,-,-,-,25.96944444,90.94444444,30-05-2019 08:00,7.85,134.4,"",0,85.46832,"",10.635,"","","","","",75,12.0096,10.916505,15.37,"","","","","","","","","","",""
1541,Rongjuli,CGWB,18,Assam,287,GOALPARA,RANGJULI,RANGJULI,Rongjuli,-,-,-,-,-,-,25.96944444,90.94444444,30-05-2020 08:00,7.85,134.4,"","",85.46832,"",10.635,"","","","","","",12.0096,10.916505,15.37,"","","","","","","","","","",""
1542,Rongjuli,CGWB,18,Assam,287,GOALPARA,RANGJULI,RANGJULI,Rongjuli,-,-,-,-,-,-,25.96944444,90.94444444,30-05-2021 08:00,7.9,300,"",0,92,"",37,"",16,"","","",82,33,13,15,"","","","","","","","","","",""
1543,Rowta chariali,CGWB,18,Assam,283,DARRANG,UDALGURI,UDALGURI,Rowta chariali,-,-,-,-,-,-,26.70055556,92.21666667,25-05-2005 00:00,7.73,609,"",0,201,"","","",20,"","","",170,62,3.6,"","",0.54,"","","","","","","","",""
1544,Rowta chariali,CGWB,18,Assam,283,DARRANG,UDALGURI,UDALGURI,Rowta chariali,-,-,-,-,-,-,26.70055556,92.21666667,25-05-2006 00:00,7.55,542,"",0,220,"","","",12,"","","",150,48,7.3,"","",0.93,"","","","","","","","",""
1545,Rowta chariali,CGWB,18,Assam,283,DARRANG,UDALGURI,UDALGURI,Rowta chariali,-,-,-,-,-,-,26.70055556,92.21666667,25-05-2007 00:00,7.84,580,"",0,128.1,"","","",17,"","","",170,54,8.5,"","",0.16,"","","","","","","","",""
1546,Rowta chariali,CGWB,18,Assam,283,DARRANG,UDALGURI,UDALGURI,Rowta chariali,-,-,-,-,-,-,26.70055556,92.21666667,25-05-2008 00:00,7.84,580,"",0,128.1,"","","",17,"","","",170,54,8.5,"","",0.16,"","","","","","","","",""
1547,Rowta chariali,CGWB,18,Assam,283,DARRANG,UDALGURI,UDALGURI,Rowta chariali,-,-,-,-,-,-,26.70055556,92.21666667,25-05-2011 00:00,6.89,738,"",0,36.9,"","","","","","","",230,54,23.75,29,"","","","","","","","","","",""
1548,Rowta chariali,CGWB,18,Assam,283,DARRANG,UDALGURI,UDALGURI,Rowta chariali,-,-,-,-,-,-,26.70055556,92.21666667,25-05-2012 00:00,6.84,738,"",0,36.9,30.3,"","","","","","",230,54,23.7,29,"","","","","","","","","","",""
1549,Rowta chariali,CGWB,18,Assam,283,DARRANG,UDALGURI,UDALGURI,Rowta chariali,-,-,-,-,-,-,26.70055556,92.21666667,25-05-2015 00:00,8.32,143.3,"",24,68,95.74,50,"",8.8,"","","",100,24,9.75,30.35,"",0.08,"","","","","","","","",""
1550,Rowta chariali,CGWB,18,Assam,283,DARRANG,UDALGURI,UDALGURI,Rowta chariali,-,-,-,-,-,-,26.70055556,92.21666667,25-05-2016 00:00,8.4,455.6,238.8,30,140,170,40,"",8.2,"","","",160,36,17,30.05,"",1.77,"","","","","","","","",""
1551,Rowta chariali,CGWB,18,Assam,283,DARRANG,UDALGURI,UDALGURI,Rowta chariali,-,-,-,-,-,-,26.70055556,92.21666667,25-05-2018 00:00,6.758,440.1,387.4,0,170.136,170.136,70.9,"",61.2558,"",0,"",195,50.04,16.966019,45.31,"",0.6689,0,"","","","","","","",""
1552,Rowta chariali,CGWB,18,Assam,283,DARRANG,UDALGURI,UDALGURI,Rowta chariali,-,-,-,-,-,-,26.70055556,92.21666667,30-05-2019 08:00,7.87,297.7,"",0,146.51712,"",24.815,"","","","","",130,40.032,7.262136,9.41,"","","","","","","","","","",""
1553,Rowta chariali,CGWB,18,Assam,283,DARRANG,UDALGURI,UDALGURI,Rowta chariali,-,-,-,-,-,-,26.70055556,92.21666667,30-05-2020 08:00,7.87,297.7,"","",146.51712,"",24.815,"","","","","","",40.032,7.262136,9.41,"","","","","","","","","","",""
1554,Rowta chariali,CGWB,18,Assam,283,DARRANG,UDALGURI,UDALGURI,Rowta chariali,-,-,-,-,-,-,26.70055556,92.21666667,30-05-2021 08:00,8.06,550,357.5,0,159,"",64,"",48,0.01,"","",160,36,17.024,51,"","","","","","","","","","",""
1555,Runikhata,CGWB,18,Assam,294,KOKRAJHAR,SIDLI,SIDLI,Runikhata,-,-,-,-,-,-,26.63333333,90.38333333,25-05-2006 00:00,7.05,104,"",0,49,"","","",2,"","","",40,10,3.6,"","",3,"","","","","","","","",""
1556,Runikhata,CGWB,18,Assam,294,KOKRAJHAR,SIDLI,SIDLI,Runikhata,-,-,-,-,-,-,26.63333333,90.38333333,30-05-2021 08:00,7.87,1410,916.5,0,305,"",191,"",164,0.02,"","",310,56,41.344,176,"","","","","","","","","","",""
1557,Rupshi,CGWB,18,Assam,285,DHUBRI,GOLOKGANJ,GOLOKGANJ,Rupshi,-,-,-,-,-,-,26.06638889,89.82916667,25-05-2007 00:00,7.34,185,"",0,91,"","","",2,"","","",30,7,4,"","",0.52,"","","","","","","","",""
1558,Rupshi,CGWB,18,Assam,285,DHUBRI,GOLOKGANJ,GOLOKGANJ,Rupshi,-,-,-,-,-,-,26.06638889,89.82916667,25-05-2014 00:00,8.5,746,"",104,128,278.25,103.2,"",20.6,"","","",184,27.2,28.24,90.3,"","","","","","","","","","",""
1559,Rupshi,CGWB,18,Assam,285,DHUBRI,GOLOKGANJ,GOLOKGANJ,Rupshi,-,-,-,-,-,-,26.06638889,89.82916667,25-05-2015 00:00,7.33,144.6,"","",40,32.79,60,"",6.8,"","","",40,8,4.87,27.51,"","","","","","","","","","",""
1560,Rupshi,CGWB,18,Assam,285,DHUBRI,GOLOKGANJ,GOLOKGANJ,Rupshi,-,-,-,-,-,-,26.06638889,89.82916667,25-05-2016 00:00,7.9,445.3,250.5,8,48,56,"","",13.7,"","","",85,24,6.1,58.9,"",0,"","","","","","","","",""
1561,Rupshi,CGWB,18,Assam,285,DHUBRI,GOLOKGANJ,GOLOKGANJ,Rupshi,-,-,-,-,-,-,26.06638889,89.82916667,30-05-2021 08:00,8.6,172,"",0,100.2,"",13.5,"",12.8,"","","",83.3,20.88,7.56,12.2,"","","","","","","","","","",""
1562,Saklatinga tg,CGWB,18,Assam,290,JORHAT,JORHAT WEST,-,-,-,-,-,-,-,-,26.71666667,94.06666667,25-05-2005 00:00,"","","","","","","","","","","","","","","","","",0.27,"","","","","","","","",""
1563,Saklatinga tg,CGWB,18,Assam,290,JORHAT,JORHAT WEST,-,-,-,-,-,-,-,-,26.71666667,94.06666667,25-05-2006 00:00,7.99,583,"",0,73,"","","",59,"","","",120,28,15,"","",0.52,"","","","","","","","",""
1564,Saklatinga tg,CGWB,18,Assam,290,JORHAT,JORHAT WEST,-,-,-,-,-,-,-,-,26.71666667,94.06666667,25-05-2008 00:00,8.11,770,"",0,201,"","","",54,"","","",205,58,14,"","",0.04,"","","","","","","","",""
1565,Saklatinga Tg,CGWB,18,Assam,290,JORHAT,JORHAT WEST,JORHAT WEST,Saklatinga Tg,-,-,-,-,-,-,26.72000000,94.05666667,25-05-2007 00:00,8.01,861,"",0,256,"","","",55,"","","",220,64,14,"","","","","","","","","","","",""
1566,Saklatinga Tg,CGWB,18,Assam,290,JORHAT,JORHAT WEST,JORHAT WEST,Saklatinga Tg,-,-,-,-,-,-,26.72000000,94.05666667,25-05-2008 00:00,8.01,861,"",0,256,"","","",55,"","","",220,64,14,"","","","","","","","","","","",""
1567,Saklatinga Tg,CGWB,18,Assam,290,JORHAT,JORHAT WEST,JORHAT WEST,Saklatinga Tg,-,-,-,-,-,-,26.72000000,94.05666667,25-05-2011 00:00,8.43,349,"",18,246,"","","","","","","",245,20,48.75,45,"","","","","","","","","","",""
1568,Saklatinga Tg,CGWB,18,Assam,290,JORHAT,JORHAT WEST,JORHAT WEST,Saklatinga Tg,-,-,-,-,-,-,26.72000000,94.05666667,25-05-2012 00:00,8.43,349,"",18,246,231.6,"","","","","","",245,20,47.43,45,"","","","","","","","","","",""
1569,Salkocha,CGWB,18,Assam,285,DHUBRI,BAGRIBARI,BAGRIBARI,Salkocha,-,-,-,-,-,-,26.19027778,90.10583333,25-05-2006 00:00,7.21,221,"",0,85,"","","",12,"","","",65,18,4.9,"","",0.03,"","","","","","","","",""
1570,Salpara,CGWB,18,Assam,287,GOALPARA,-,-,-,-,-,-,-,-,-,26.01278000,90.70083000,30-05-2021 08:00,8.08,230,"",0,137.7,"",20.2,"",11.6,"","","",122.2,29.23,11.95,14.1,"","","","","","","","","","",""
1571,Samanta Pathar,CGWB,18,Assam,618,Kamrup Metropolitan,-,-,-,-,-,-,-,-,-,26.11888900,91.98000000,30-05-2021 08:00,7.41,1450,"",0,449,"",177,"",68,"","","",471,127,37,109,"","","","","","","","","","",""
1572,Samuguri,CGWB,18,Assam,297,NAGAON,SAMAGURI,SAMAGURI,Samuguri,-,-,-,-,-,-,26.40833333,92.82916667,25-05-2005 00:00,7.61,550,"",0,56,"","","",24,"","","",215,38,29,"","",0.3,"","","","","","","","",""
1573,Samuguri,CGWB,18,Assam,297,NAGAON,SAMAGURI,SAMAGURI,Samuguri,-,-,-,-,-,-,26.40833333,92.82916667,25-05-2006 00:00,7.19,384,"",0,165,"","","",10,"","","",130,30,13,"","",0.14,"","","","","","","","",""
1574,Samuguri,CGWB,18,Assam,297,NAGAON,SAMAGURI,SAMAGURI,Samuguri,-,-,-,-,-,-,26.40833333,92.82916667,25-05-2007 00:00,7.83,570,"",0,170,"","","",19,"","","",170,44,6,"","",2.63,"","","","","","","","",""
1575,Samuguri,CGWB,18,Assam,297,NAGAON,SAMAGURI,SAMAGURI,Samuguri,-,-,-,-,-,-,26.40833333,92.82916667,25-05-2008 00:00,7.8,894,"",0,317,"","","","","","","",285,40,45,"","",0.56,"","","","","","","","",""
1576,Samuguri,CGWB,18,Assam,297,NAGAON,SAMAGURI,SAMAGURI,Samuguri,-,-,-,-,-,-,26.40833333,92.82916667,25-05-2009 00:00,8.48,784,"",9,307,266.6,"","",17,"","","",175,40,18.28,"","",0.31,"","","","","","","","",""
1577,Samuguri,CGWB,18,Assam,297,NAGAON,SAMAGURI,SAMAGURI,Samuguri,-,-,-,-,-,-,26.40833333,92.82916667,25-05-2010 00:00,8.7,558,"",24,168,"","","",14.15,"","","",172,44.8,14.5,30.4,"","","","","","","","","","",""
1578,Samuguri,CGWB,18,Assam,297,NAGAON,SAMAGURI,SAMAGURI,Samuguri,-,-,-,-,-,-,26.40833333,92.82916667,25-05-2011 00:00,8.05,760,"",0,307.5,"","","",24,"","","",275,30,50,49,"",0.2,"","","","","","","","",""
1579,Samuguri,CGWB,18,Assam,297,NAGAON,SAMAGURI,SAMAGURI,Samuguri,-,-,-,-,-,-,26.40833333,92.82916667,25-05-2012 00:00,8.05,760,"",0,307,251.6,"","",24,"","","",275,30,48.66,49,"",0.2,"","","","","","","","",""
1580,Samuguri,CGWB,18,Assam,297,NAGAON,SAMAGURI,SAMAGURI,Samuguri,-,-,-,-,-,-,26.40833333,92.82916667,25-05-2013 00:00,8.7,558,"",24,168,177.7,"","",14.15,"","","",172,44.8,14.64,60,"","","","","","","","","","",""
1581,Samuguri,CGWB,18,Assam,297,NAGAON,SAMAGURI,SAMAGURI,Samuguri,-,-,-,-,-,-,26.40833333,92.82916667,25-05-2014 00:00,9,436,"",40,132,174.86,64,"",4.12,"","","",160,43.2,12.7,38.7,"",0.43,"","","","","","","","",""
1582,Samuguri,CGWB,18,Assam,297,NAGAON,SAMAGURI,SAMAGURI,Samuguri,-,-,-,-,-,-,26.40833333,92.82916667,25-05-2015 00:00,8.3,207.3,"",80,112,225.14,66,"",1.1,"","","",224,40,30.2,29.05,"",2.13,"","","","","","","","",""
1583,Samuguri,CGWB,18,Assam,297,NAGAON,SAMAGURI,SAMAGURI,Samuguri,-,-,-,-,-,-,26.40833333,92.82916667,25-05-2016 00:00,8.5,289.5,162.4,30,175,205,20,"",48.2,"","","",170,32,21.8,28.33,"",1.43,"","","","","","","","",""
1584,Sapekhati,CGWB,18,Assam,300,SIVSAGAR,SONARI,SONARI,Sapekhati,-,-,-,-,-,-,27.08333333,95.20000000,25-05-2005 00:00,7.23,149,"",0,43,"","","",16,"","","",40,12,2.4,"","",0.81,"","","","","","","","",""
1585,Sapekhati,CGWB,18,Assam,300,SIVSAGAR,SONARI,SONARI,Sapekhati,-,-,-,-,-,-,27.08333333,95.20000000,25-05-2006 00:00,7.53,603,"",0,220,"","","",59,"","","",205,50,19,"","",1.22,"","","","","","","","",""
1586,Sapekhati,CGWB,18,Assam,300,SIVSAGAR,SONARI,SONARI,Sapekhati,-,-,-,-,-,-,27.08333333,95.20000000,25-05-2007 00:00,7.54,90,"",0,55,"","","",7,"","","",40,8,4.9,"","",0.12,"","","","","","","","",""
1587,Sapekhati,CGWB,18,Assam,300,SIVSAGAR,SONARI,SONARI,Sapekhati,-,-,-,-,-,-,27.08333333,95.20000000,25-05-2008 00:00,8.17,450,"",0,146,"","","",9,"","","",175,44,16,"","",0.02,"","","","","","","","",""
1588,Sapekhati,CGWB,18,Assam,300,SIVSAGAR,SONARI,SONARI,Sapekhati,-,-,-,-,-,-,27.08333333,95.20000000,25-05-2014 00:00,8.6,207,"",40,72,125.68,125.1,"",3.8,"","","",132,41.6,6.86,55.6,"",0.17,"","","","","","","","",""
1589,Sapekhati,CGWB,18,Assam,300,SIVSAGAR,SONARI,SONARI,Sapekhati,-,-,-,-,-,-,27.08333333,95.20000000,25-05-2015 00:00,8.29,198.2,"",24,64,92.46,20,"",2.4,"","","",60,12.8,6.82,14.48,"",13.3,"","","","","","","","",""
1590,Sapekhati,CGWB,18,Assam,300,SIVSAGAR,SONARI,SONARI,Sapekhati,-,-,-,-,-,-,27.08333333,95.20000000,25-05-2016 00:00,7.9,158.4,85.34,0,65,65,30,"",3.2,"","","",85,12,13.3,8.77,"",0.18,"","","","","","","","",""
1591,Saphapani,CGWB,18,Assam,292,KARBI ANGLONG,-,-,-,-,-,-,-,-,-,26.19667000,93.79528000,30-05-2021 08:00,7.4,90,"",0,43,"",5,"",1,"","","",10,4,2,12,"","","","","","","","","","",""
1592,Sarapara,CGWB,18,Assam,287,GOALPARA,-,-,-,-,-,-,-,-,-,25.97139000,90.95250000,30-05-2021 08:00,8,250,"",0,116,"",14,"",15,"","","",77,31,5,15,"","","","","","","","","","",""
1593,Sarkaribari,CGWB,18,Assam,293,KARIMGANJ,RAMKRISHNA NAGAR,RAMKRISHNA NAGAR,Sarkaribari,-,-,-,-,-,-,24.56250000,92.41388889,25-05-2006 00:00,4.6,"","",0,"","","","","","","","","","","","","",2.51,"","","","","","","","",""
1594,Sarkaribari,CGWB,18,Assam,293,KARIMGANJ,RAMKRISHNA NAGAR,RAMKRISHNA NAGAR,Sarkaribari,-,-,-,-,-,-,24.56250000,92.41388889,25-05-2007 00:00,7.98,179,"",0,67,"","","",1,"","","",75,10,12,"","",1.26,"","","","","","","","",""
1595,Sarkaribari,CGWB,18,Assam,293,KARIMGANJ,RAMKRISHNA NAGAR,RAMKRISHNA NAGAR,Sarkaribari,-,-,-,-,-,-,24.56250000,92.41388889,25-05-2008 00:00,7.98,179,"",0,67,"","","",1,"","","",75,10,12,"","",1.26,"","","","","","","","",""
1596,Sarkaribari,CGWB,18,Assam,293,KARIMGANJ,RAMKRISHNA NAGAR,RAMKRISHNA NAGAR,Sarkaribari,-,-,-,-,-,-,24.56250000,92.41388889,25-05-2009 00:00,8.25,137,"",0,123,100.8,"","",2,"","","",80,10,13.38,"","",7.96,"","","","","","","","",""
1597,Sarkaribari,CGWB,18,Assam,293,KARIMGANJ,RAMKRISHNA NAGAR,RAMKRISHNA NAGAR,Sarkaribari,-,-,-,-,-,-,24.56250000,92.41388889,25-05-2014 00:00,8.17,75.25,"","",76,62.3,39,"",1,"","","",100,12.8,16.55,7.86,"",0.44,"","","","","","","","",""
1598,Sarkaribari,CGWB,18,Assam,293,KARIMGANJ,RAMKRISHNA NAGAR,RAMKRISHNA NAGAR,Sarkaribari,-,-,-,-,-,-,24.56250000,92.41388889,25-05-2015 00:00,7.9,131.6,"","",92,75.41,56,"",1.2,"","","",76,16,8.77,24.9,"",0.92,"","","","","","","","",""
1599,Sarkaribari,CGWB,18,Assam,293,KARIMGANJ,RAMKRISHNA NAGAR,RAMKRISHNA NAGAR,Sarkaribari,-,-,-,-,-,-,24.56250000,92.41388889,25-05-2016 00:00,8.3,161.1,75.59,40,25,65,15,"",9.7,"","","",55,10,7.3,21.8,"",4.94,"","","","","","","","",""
1600,Sarkaribari,CGWB,18,Assam,293,KARIMGANJ,RAMKRISHNA NAGAR,RAMKRISHNA NAGAR,Sarkaribari,-,-,-,-,-,-,24.56250000,92.41388889,25-05-2017 00:00,8.4,452.9,298.91,50,115,165,53.18,"",4.1725163,"","","",165,24,25.485437,28.47,"",1.91,"","","","","","","","",""
1601,Sarkaribari,CGWB,18,Assam,293,KARIMGANJ,RAMKRISHNA NAGAR,RAMKRISHNA NAGAR,Sarkaribari,-,-,-,-,-,-,24.56250000,92.41388889,25-05-2018 00:00,6.607,109.8,58.73,0,45.036,45.036,24.815,"",15.0059,"",0,"",40,10.008,3.6359224,15.07,"",0.9795,0,"","","","","","","",""
1602,Sarkaribari,CGWB,18,Assam,293,KARIMGANJ,RAMKRISHNA NAGAR,RAMKRISHNA NAGAR,Sarkaribari,-,-,-,-,-,-,24.56250000,92.41388889,30-05-2021 08:00,7.69,2085,1355.25,0,481.9,"",309.36633,"",142,"","","",370,112,21.888,312,"","","","","","","","","","",""
1603,Sarupeta,CGWB,18,Assam,280,BARPETA,BAJALI,BAJALI,Sarupeta,-,-,-,-,-,-,26.49861111,91.07500000,25-05-2005 00:00,7.4,650,"",0,378,"","","",28,"","","",285,82,19,"","",0.27,"","","","","","","","",""
1604,Sarupeta,CGWB,18,Assam,280,BARPETA,BAJALI,BAJALI,Sarupeta,-,-,-,-,-,-,26.49861111,91.07500000,25-05-2006 00:00,7.59,529,"",0,256,"","","",21,"","","",245,42,34,"","",0.03,"","","","","","","","",""
1605,Sarupeta,CGWB,18,Assam,280,BARPETA,BAJALI,BAJALI,Sarupeta,-,-,-,-,-,-,26.49861111,91.07500000,25-05-2007 00:00,8.13,806,"",0,403,"","","",19,"","","",390,92,39,"","",0.25,"","","","","","","","",""
1606,Sarupeta,CGWB,18,Assam,280,BARPETA,BAJALI,BAJALI,Sarupeta,-,-,-,-,-,-,26.49861111,91.07500000,25-05-2011 00:00,8.2,605,"",0,393.6,"","","","","","","",255,26,47.5,15,"","","","","","","","","","",""
1607,Sarupeta,CGWB,18,Assam,280,BARPETA,BAJALI,BAJALI,Sarupeta,-,-,-,-,-,-,26.49861111,91.07500000,25-05-2012 00:00,8.2,605,"",0,393,322.1,"","","","","","",255,26,46.23,15,"","","","","","","","","","",""
1608,Sarupeta,CGWB,18,Assam,280,BARPETA,BAJALI,BAJALI,Sarupeta,-,-,-,-,-,-,26.49861111,91.07500000,25-05-2015 00:00,8.5,205,"",40,64,119.13,15.9,"",5.8,"","","",120,40,4.91,9.8,"",0.11,"","","","","","","","",""
1609,Sarupeta,CGWB,18,Assam,280,BARPETA,BAJALI,BAJALI,Sarupeta,-,-,-,-,-,-,26.49861111,91.07500000,25-05-2018 00:00,8.3,443.7,231,50,150.16,200.16,21.27,"",2.7109,"",0,"",205,50.04,19.393204,3.15,"",0.0369,0,"","","","","","","",""
1610,Sarupeta,CGWB,18,Assam,280,BARPETA,BAJALI,BAJALI,Sarupeta,-,-,-,-,-,-,26.49861111,91.07500000,30-05-2021 08:00,8.64,418,"",48,158.6,"",21.3,"",0,0,"","",110,20,14.592,57,"","","","","","","","","","",""
1611,Selenghat,CGWB,18,Assam,290,JORHAT,JORHAT EAST,JORHAT EAST,Selenghat,-,-,-,-,-,-,26.70833333,94.50000000,25-05-2005 00:00,6.99,268,"",0,73,"","","",14,"","","",90,12,15,"","",0.23,"","","","","","","","",""
1612,Selenghat,CGWB,18,Assam,290,JORHAT,JORHAT EAST,JORHAT EAST,Selenghat,-,-,-,-,-,-,26.70833333,94.50000000,25-05-2007 00:00,8.11,770,"",0,201,"","","",54,"","","",205,58,14,"","",0.04,"","","","","","","","",""
1613,Serfanguri,CGWB,18,Assam,294,KOKRAJHAR,GOSSAIGAON,GOSSAIGAON,Serfanguri,-,-,-,-,-,-,26.56916667,90.15000000,25-05-2006 00:00,7.13,165,"",0,92,"","","",2,"","","",75,16,8.5,"","",0.38,"","","","","","","","",""
1614,Serfanguri,CGWB,18,Assam,294,KOKRAJHAR,GOSSAIGAON,GOSSAIGAON,Serfanguri,-,-,-,-,-,-,26.56916667,90.15000000,25-05-2007 00:00,7.36,203,"",0,116,"","","",7,"","","",85,26,4.9,"","",3.67,"","","","","","","","",""
1615,Serfanguri,CGWB,18,Assam,294,KOKRAJHAR,GOSSAIGAON,GOSSAIGAON,Serfanguri,-,-,-,-,-,-,26.56916667,90.15000000,25-05-2008 00:00,6.69,190,"",0,61,50,"","",2,"","","",90,21,9.14,"","",1.2,"","","","","","","","",""
1616,Serfanguri,CGWB,18,Assam,294,KOKRAJHAR,GOSSAIGAON,GOSSAIGAON,Serfanguri,-,-,-,-,-,-,26.56916667,90.15000000,30-05-2021 08:00,8.48,1070,"",12,268.488,"",20.8446,"",278,0,"","",190.152,32.064,26.752,170,"","","","","","","","","","",""
1617,Shivtila,CGWB,18,Assam,282,CACHAR,SONAI,SONAI,Shivtila,-,-,-,-,-,-,24.73111111,92.89027778,25-05-2007 00:00,7.28,168,"",0,24,"","","",4,"","","",70,14,9,"","",1.33,"","","","","","","","",""
1618,Shivtila,CGWB,18,Assam,282,CACHAR,SONAI,SONAI,Shivtila,-,-,-,-,-,-,24.73111111,92.89027778,25-05-2009 00:00,7.2,261,"",0,"","","","","","","","",120,10,23.11,"","",2.26,"","","","","","","","",""
1619,Shivtila,CGWB,18,Assam,282,CACHAR,SONAI,SONAI,Shivtila,-,-,-,-,-,-,24.73111111,92.89027778,25-05-2011 00:00,7.5,111,"",0,30.75,"","","","","","","",445,12,103.7,11,"","","","","","","","","","",""
1620,Shivtila,CGWB,18,Assam,282,CACHAR,SONAI,SONAI,Shivtila,-,-,-,-,-,-,24.73111111,92.89027778,25-05-2012 00:00,7.5,111,"",0,30.75,25.2,"","","","","","",445,12,100.91,11,"","","","","","","","","","",""
1621,Shivtila,CGWB,18,Assam,282,CACHAR,SONAI,SONAI,Shivtila,-,-,-,-,-,-,24.73111111,92.89027778,25-05-2014 00:00,7.95,193,"","",28,22.95,72,"",4.75,"","","",128,14.4,22.39,4.2,"",2.92,"","","","","","","","",""
1622,Shivtila,CGWB,18,Assam,282,CACHAR,SONAI,SONAI,Shivtila,-,-,-,-,-,-,24.73111111,92.89027778,25-05-2015 00:00,8.3,301.2,"",32,88,125.46,146,"",22,"","","",116,32,8.79,69.85,"",4.46,"","","","","","","","",""
1623,Shivtila,CGWB,18,Assam,282,CACHAR,SONAI,SONAI,Shivtila,-,-,-,-,-,-,24.73111111,92.89027778,25-05-2016 00:00,7.1,255.6,131.1,0,65,65,27.5,"",20.3,"","","",85,10,14.6,8.87,"",2,"","","","","","","","",""
1624,Shivtila,CGWB,18,Assam,282,CACHAR,SONAI,SONAI,Shivtila,-,-,-,-,-,-,24.73111111,92.89027778,25-05-2017 00:00,7.44,220.9,145.79,"",40,40,31.91,"",4.4758697,"","","",50,10,6.067961,4.45,"",0.59,1.5,"","","","","","","",""
1625,Shivtila,CGWB,18,Assam,282,CACHAR,SONAI,SONAI,Shivtila,-,-,-,-,-,-,24.73111111,92.89027778,25-05-2018 00:00,7.106,467.1,247.6,0,135.108,135.108,53.175,"",36.1063,"",0,"",185,28.0224,27.899029,13.51,"",0.1406,0,"","","","","","","",""
1626,Shrigauri,CGWB,18,Assam,293,KARIMGANJ,BADARPUR,BADARPUR,Shrigauri,-,-,-,-,-,-,24.86111111,92.55833333,25-05-2007 00:00,8.17,424,"",0,176,"","","",14,"","","",140,46,6,"","",0.28,"","","","","","","","",""
1627,Shrigauri,CGWB,18,Assam,293,KARIMGANJ,BADARPUR,BADARPUR,Shrigauri,-,-,-,-,-,-,24.86111111,92.55833333,25-05-2008 00:00,8.17,424,"",0,176,"","","",14,"","","",140,46,6,"","",0.28,"","","","","","","","",""
1628,Shrigauri,CGWB,18,Assam,293,KARIMGANJ,BADARPUR,BADARPUR,Shrigauri,-,-,-,-,-,-,24.86111111,92.55833333,25-05-2009 00:00,8.37,328,"",9,234.85,207.5,"","",10,"","","",265,16,54.72,"","",0.12,"","","","","","","","",""
1629,Shripur Deor,CGWB,18,Assam,616,Baksa,-,-,-,-,-,-,-,-,-,26.61800000,91.34400000,30-05-2019 08:00,7.69,164.5,"",0,91.5732,"",31.905,"","","","","",90,20.016,9.699029,12.2,"","","","","","","","","","",""
1630,Shripur Deor,CGWB,18,Assam,616,Baksa,-,-,-,-,-,-,-,-,-,26.61800000,91.34400000,30-05-2020 08:00,7.69,164.5,"","",91.5732,"",31.905,"","","","","","",20.016,9.699029,12.2,"","","","","","","","","","",""
1631,Sibsagar,CGWB,18,Assam,300,SIVSAGAR,SIBSAGAR,SIBSAGAR,Sibsagar,-,-,-,-,-,-,26.99166667,94.63333333,25-05-2005 00:00,7.31,859,"",0,360,"","","",25,"","","",315,84,26,"","",0.54,"","","","","","","","",""
1632,Sibsagar,CGWB,18,Assam,300,SIVSAGAR,SIBSAGAR,SIBSAGAR,Sibsagar,-,-,-,-,-,-,26.99166667,94.63333333,25-05-2006 00:00,7.54,523,"",0,189,"","","",47,"","","",175,52,11,"","",1.43,"","","","","","","","",""
1633,Sibsagar,CGWB,18,Assam,300,SIVSAGAR,SIBSAGAR,SIBSAGAR,Sibsagar,-,-,-,-,-,-,26.99166667,94.63333333,25-05-2007 00:00,7.84,91,"",0,55,"","","",8,"","","",30,10,1.2,"","",0.18,"","","","","","","","",""
1634,Sibsagar,CGWB,18,Assam,300,SIVSAGAR,SIBSAGAR,SIBSAGAR,Sibsagar,-,-,-,-,-,-,26.99166667,94.63333333,25-05-2008 00:00,8.02,998,"",0,347,"","","",44,"","","",300,58,37,"","","","","","","","","","","",""
1635,Sibsagar,CGWB,18,Assam,300,SIVSAGAR,SIBSAGAR,SIBSAGAR,Sibsagar,-,-,-,-,-,-,26.99166667,94.63333333,25-05-2010 00:00,8,230,"",0,116,"","","",66.17,"","","",66,7.6,11.4,15.8,"","","","","","","","","","",""
1636,Sibsagar,CGWB,18,Assam,300,SIVSAGAR,SIBSAGAR,SIBSAGAR,Sibsagar,-,-,-,-,-,-,26.99166667,94.63333333,25-05-2013 00:00,8,200,"",0,116,95.1,"","",0.17,"","","",66,7.6,11.44,9.04,"","","","","","","","","","",""
1637,Sibsagar,CGWB,18,Assam,300,SIVSAGAR,SIBSAGAR,SIBSAGAR,Sibsagar,-,-,-,-,-,-,26.99166667,94.63333333,25-05-2014 00:00,8.6,975,"",48,236,273.44,23.8,"",38.9,"","","",280,52.8,36.05,42,"",0.39,"","","","","","","","",""
1638,Sibsagar,CGWB,18,Assam,300,SIVSAGAR,SIBSAGAR,SIBSAGAR,Sibsagar,-,-,-,-,-,-,26.99166667,94.63333333,25-05-2015 00:00,8.38,817.9,"",48,256,289.84,122,"",69.3,"","","",260,56,29.24,101.25,"",0.6,"","","","","","","","",""
1639,Sibsagar,CGWB,18,Assam,300,SIVSAGAR,SIBSAGAR,SIBSAGAR,Sibsagar,-,-,-,-,-,-,26.99166667,94.63333333,25-05-2016 00:00,8.4,671.5,395.1,40,215,255,75,"",13.8,"","","",270,34,44.9,50.07,"",0.9,"","","","","","","","",""
1640,Sibsagar,CGWB,18,Assam,300,SIVSAGAR,SIBSAGAR,SIBSAGAR,Sibsagar,-,-,-,-,-,-,26.99166667,94.63333333,30-05-2019 08:00,8.38,908.6,"",24,311.3879,"",106.35,"","","","","",330,10.008,74.02427,46.99,"","","","","","","","","","",""
1641,Sibsagar,CGWB,18,Assam,300,SIVSAGAR,SIBSAGAR,SIBSAGAR,Sibsagar,-,-,-,-,-,-,26.99166667,94.63333333,30-05-2020 08:00,8.38,908.6,"","",311.3879,"",106.35,"","","","","","",10.008,74.02427,46.99,"","","","","","","","","","",""
1642,Sidli,CGWB,18,Assam,294,KOKRAJHAR,SIDLI,SIDLI,Sidli,-,-,-,-,-,-,26.53333333,90.46666667,25-05-2006 00:00,7.21,272,"",0,98,"","","",10,"","","",45,14,2.4,"","",0.05,"","","","","","","","",""
1643,Sidli,CGWB,18,Assam,294,KOKRAJHAR,SIDLI,SIDLI,Sidli,-,-,-,-,-,-,26.53333333,90.46666667,25-05-2007 00:00,7.38,176,"",0,73,"","","",1,"","","",90,18,11,"","",4.44,"","","","","","","","",""
1644,Sidli,CGWB,18,Assam,294,KOKRAJHAR,SIDLI,SIDLI,Sidli,-,-,-,-,-,-,26.53333333,90.46666667,25-05-2015 00:00,8.35,467.2,"",32,92,128.74,173.9,"",46.9,"","","",148,43.2,9.78,73.55,"","","","","","","","","","",""
1645,Silanijan,CGWB,18,Assam,292,KARBI ANGLONG,DIPHU,DIPHU,Silanijan,-,-,-,-,-,-,26.31666667,93.87500000,25-05-2005 00:00,7.05,320,"",0,37,"","","",6,"","","",30,10,1.2,"","",0.27,"","","","","","","","",""
1646,Silanijan,CGWB,18,Assam,292,KARBI ANGLONG,DIPHU,DIPHU,Silanijan,-,-,-,-,-,-,26.31666667,93.87500000,25-05-2006 00:00,6.98,418,"",0,24,"","","",9,"","","",70,16,7.3,"","",0.29,"","","","","","","","",""
1647,Silanijan,CGWB,18,Assam,292,KARBI ANGLONG,DIPHU,DIPHU,Silanijan,-,-,-,-,-,-,26.31666667,93.87500000,25-05-2007 00:00,7.61,433,"",0,79,"","","",12,"","","",120,28,12,"","",0.06,"","","","","","","","",""
1648,Silanijan,CGWB,18,Assam,292,KARBI ANGLONG,DIPHU,DIPHU,Silanijan,-,-,-,-,-,-,26.31666667,93.87500000,25-05-2008 00:00,7.63,433,"",0,79,"","","",12,"","","",120,28,12,"","",0.06,"","","","","","","","",""
1649,Silanijan,CGWB,18,Assam,292,KARBI ANGLONG,DIPHU,DIPHU,Silanijan,-,-,-,-,-,-,26.31666667,93.87500000,25-05-2010 00:00,6.7,301,"",0,28,"","","",6.16,"","","",36,6.4,4.85,35.6,"",0.55,"","","","","","","","",""
1650,Silanijan,CGWB,18,Assam,292,KARBI ANGLONG,DIPHU,DIPHU,Silanijan,-,-,-,-,-,-,26.31666667,93.87500000,25-05-2012 00:00,7.85,359,"",0,79.9,65.5,"","","","","","",160,16,29.2,47,"","","","","","","","","","",""
1651,Silanijan,CGWB,18,Assam,292,KARBI ANGLONG,DIPHU,DIPHU,Silanijan,-,-,-,-,-,-,26.31666667,93.87500000,25-05-2013 00:00,6.7,251,"",0,28,23,"","",16.16,"","","",36,6.4,4.87,10,"",0.55,"","","","","","","","",""
1652,Silanijan,CGWB,18,Assam,292,KARBI ANGLONG,DIPHU,DIPHU,Silanijan,-,-,-,-,-,-,26.31666667,93.87500000,25-05-2014 00:00,7.9,257,"","",56,45.9,76,"",4.44,"","","",36,9.6,2.93,46.5,"",1.2,"","","","","","","","",""
1653,Silanijan,CGWB,18,Assam,292,KARBI ANGLONG,DIPHU,DIPHU,Silanijan,-,-,-,-,-,-,26.31666667,93.87500000,25-05-2015 00:00,8.2,288.6,"","",24,19.67,72,"",20.8,"","","",24,3.2,19.2,23.18,"",0.16,"","","","","","","","",""
1654,Silanijan,CGWB,18,Assam,292,KARBI ANGLONG,DIPHU,DIPHU,Silanijan,-,-,-,-,-,-,26.31666667,93.87500000,25-05-2016 00:00,7.1,248.4,139.2,0,100,100,77.99,"",5,"","","",95,30,4.9,44.56,"",0.17,"","","","","","","","",""
1655,Silanijan,CGWB,18,Assam,292,KARBI ANGLONG,DIPHU,DIPHU,Silanijan,-,-,-,-,-,-,26.31666667,93.87500000,25-05-2018 00:00,6.71,240.2,128.1,0,35.028,35.028,70.9,"",13.934,"",0,"",65,10.008,9.703883,26.86,"",0.0101,0,"","","","","","","",""
1656,Silanijan,CGWB,18,Assam,292,KARBI ANGLONG,DIPHU,DIPHU,Silanijan,-,-,-,-,-,-,26.31666667,93.87500000,30-05-2019 08:00,7.73,225,"",0,24.41952,"",77.99,"","","","","",30,4.0032,4.852427,46.12,"","","","","","","","","","",""
1657,Silanijan,CGWB,18,Assam,292,KARBI ANGLONG,DIPHU,DIPHU,Silanijan,-,-,-,-,-,-,26.31666667,93.87500000,30-05-2020 08:00,7.73,225,"","",24.41952,"",77.99,"","","","","","",4.0032,4.852427,46.12,"","","","","","","","","","",""
1658,Silanijan,CGWB,18,Assam,292,KARBI ANGLONG,DIPHU,DIPHU,Silanijan,-,-,-,-,-,-,26.31666667,93.87500000,30-05-2021 08:00,7.95,236,"",0,43.92,"",36.93,"",22.3,"","","",54,11.6,6,25.9,"","","","","","","","","","",""
1659,Silapathar,CGWB,18,Assam,284,DHEMAJI,DHEMAJI,DHEMAJI,Silapathar,-,-,-,-,-,-,27.50000000,94.54444444,25-05-2006 00:00,6.15,268,"",0,104,"","","",8,"","","",110,32.9,6.66,"","",4.5,"","","","","","","","",""
1660,Silapathar,CGWB,18,Assam,284,DHEMAJI,DHEMAJI,DHEMAJI,Silapathar,-,-,-,-,-,-,27.50000000,94.54444444,25-05-2008 00:00,8.19,334,"",0,158,"","","",6,"","","",140,40,10,"","",4.7,"","","","","","","","",""
1661,Silapathar,CGWB,18,Assam,284,DHEMAJI,DHEMAJI,DHEMAJI,Silapathar,-,-,-,-,-,-,27.50000000,94.54444444,25-05-2009 00:00,8.67,225,"",18,172.2,171.2,"","",11,"","","",200,40,24.36,"","",1.8,"","","","","","","","",""
1662,Silapathar,CGWB,18,Assam,284,DHEMAJI,DHEMAJI,DHEMAJI,Silapathar,-,-,-,-,-,-,27.50000000,94.54444444,25-05-2010 00:00,8.3,294,"",16,120,"","","",7.1,"","","",162,44.8,12.1,5.6,"",1.01,"","","","","","","","",""
1663,Silapathar,CGWB,18,Assam,284,DHEMAJI,DHEMAJI,DHEMAJI,Silapathar,-,-,-,-,-,-,27.50000000,94.54444444,25-05-2013 00:00,8.3,274,"",16,120,125,"","",7.1,"","","",162,44.8,12.21,27.8,"",1.01,"","","","","","","","",""
1664,Silapathar,CGWB,18,Assam,284,DHEMAJI,DHEMAJI,DHEMAJI,Silapathar,-,-,-,-,-,-,27.50000000,94.54444444,25-05-2014 00:00,7.36,193,"","",100,81.97,52.6,"",6.6,"","","",152,32,17.54,3.55,"",0.19,"","","","","","","","",""
1665,Silchar,CGWB,18,Assam,282,CACHAR,SILCHAR,SILCHAR,Silchar,-,-,-,-,-,-,24.81250000,92.80000000,25-05-2006 00:00,6.8,510,"",0,134,"","","",24,"","","",140,54,1.2,"","",0.24,"","","","","","","","",""
1666,Silchar,CGWB,18,Assam,282,CACHAR,SILCHAR,SILCHAR,Silchar,-,-,-,-,-,-,24.81250000,92.80000000,25-05-2007 00:00,7.73,226,"",0,36,"","","",4,"","","",45,16,1,"","",0.6,"","","","","","","","",""
1667,Silchar,CGWB,18,Assam,282,CACHAR,SILCHAR,SILCHAR,Silchar,-,-,-,-,-,-,24.81250000,92.80000000,25-05-2009 00:00,8.38,382,"",15,233.7,216.6,"","",14,"","","",265,32,45.02,"","",0.41,"","","","","","","","",""
1668,Silghat,CGWB,18,Assam,297,NAGAON,Kaliabar,Kaliabar,Silghat,-,-,-,-,-,-,26.59222222,92.93444444,25-05-2005 00:00,7.34,685,"",0,287,235.3,"","","","","","",220,56,19.52,"","",0.21,"","","","","","","","",""
1669,Silghat,CGWB,18,Assam,297,NAGAON,Kaliabar,Kaliabar,Silghat,-,-,-,-,-,-,26.59222222,92.93444444,25-05-2006 00:00,7.35,689,"",0,256,"","","",19,"","","",205,52,18,"","",0.17,"","","","","","","","",""
1670,Silghat,CGWB,18,Assam,297,NAGAON,Kaliabar,Kaliabar,Silghat,-,-,-,-,-,-,26.59222222,92.93444444,25-05-2007 00:00,7.86,432,"",0,91,"","","",21,"","","",165,50,9,"","",0.24,"","","","","","","","",""
1671,Silghat,CGWB,18,Assam,297,NAGAON,Kaliabar,Kaliabar,Silghat,-,-,-,-,-,-,26.59222222,92.93444444,25-05-2008 00:00,7.6,622,"",0,299,"","","","","","","",225,64,23,"","",0.64,"","","","","","","","",""
1672,Silghat,CGWB,18,Assam,297,NAGAON,Kaliabar,Kaliabar,Silghat,-,-,-,-,-,-,26.59222222,92.93444444,25-05-2009 00:00,8.28,704,"",0,264,216.4,"","",26,"","","",160,38,15.85,"","",1.58,"","","","","","","","",""
1673,Silghat,CGWB,18,Assam,297,NAGAON,Kaliabar,Kaliabar,Silghat,-,-,-,-,-,-,26.59222222,92.93444444,25-05-2011 00:00,8.2,658,"",0,369,"","","",18,"","","",270,28,50,42,"",0.06,"","","","","","","","",""
1674,Silghat,CGWB,18,Assam,297,NAGAON,Kaliabar,Kaliabar,Silghat,-,-,-,-,-,-,26.59222222,92.93444444,25-05-2012 00:00,8.2,658,"",0,369,302.5,"","",18,"","","",270,28,48.66,42,"",0.06,"","","","","","","","",""
1675,Silghat,CGWB,18,Assam,297,NAGAON,Kaliabar,Kaliabar,Silghat,-,-,-,-,-,-,26.59222222,92.93444444,25-05-2014 00:00,8.9,601.5,"",48,152,204.59,54,"",11.64,"","","",240,30.4,39.91,26.17,"",0.44,"","","","","","","","",""
1676,Silghat,CGWB,18,Assam,297,NAGAON,Kaliabar,Kaliabar,Silghat,-,-,-,-,-,-,26.59222222,92.93444444,25-05-2015 00:00,8.4,255.7,"",64,120,205.03,74,"",19.9,"","","",264,43.2,37.98,29.34,"",0.51,"","","","","","","","",""
1677,Silghat,CGWB,18,Assam,297,NAGAON,Kaliabar,Kaliabar,Silghat,-,-,-,-,-,-,26.59222222,92.93444444,25-05-2016 00:00,8.7,512.1,290.4,40,225,265,47.5,"",2.7,"","","",260,48,34,40.88,"",0.1,"","","","","","","","",""
1678,Silghat,CGWB,18,Assam,297,NAGAON,Kaliabar,Kaliabar,Silghat,-,-,-,-,-,-,26.59222222,92.93444444,25-05-2017 00:00,8.5,578.5,381.81,20,260,280,39,"",2.6811345,"","","",240,52,26.69903,22.81,"",1.15,"","","","","","","","",""
1679,Silghat,CGWB,18,Assam,297,NAGAON,Kaliabar,Kaliabar,Silghat,-,-,-,-,-,-,26.59222222,92.93444444,30-05-2021 08:00,8.92,495,"",60,219.672,"",6.9482,"",0,0,"","",90.072,12.024,14.592,92,"","","","","","","","","","",""
1680,Siljuri,CGWB,18,Assam,292,KARBI ANGLONG,DIPHU,DIPHU,Siljuri,-,-,-,-,-,-,26.54166667,93.45000000,25-05-2005 00:00,7.18,505,"",0,177,"","","",27,"","","",155,42,12,"","",0.5,"","","","","","","","",""
1681,Siljuri,CGWB,18,Assam,292,KARBI ANGLONG,DIPHU,DIPHU,Siljuri,-,-,-,-,-,-,26.54166667,93.45000000,25-05-2006 00:00,7.56,586,"",0,305,"","","",11,"","","",200,60,12,"","",1.13,"","","","","","","","",""
1682,Siljuri,CGWB,18,Assam,292,KARBI ANGLONG,DIPHU,DIPHU,Siljuri,-,-,-,-,-,-,26.54166667,93.45000000,25-05-2007 00:00,8.18,680,"",0,237,"","","",9,"","","",195,48,18,"","",0.07,"","","","","","","","",""
1683,Siljuri,CGWB,18,Assam,292,KARBI ANGLONG,DIPHU,DIPHU,Siljuri,-,-,-,-,-,-,26.54166667,93.45000000,25-05-2008 00:00,8.18,680,"",0,237,"","","",9,"","","",195,48,18,"","",0.07,"","","","","","","","",""
1684,Silkuri,CGWB,18,Assam,282,CACHAR,SILCHAR,SILCHAR,Silkuri,-,-,-,-,-,-,24.71666667,92.78333333,25-05-2006 00:00,7,61,"",0,24,"","","",2,"","","",25,8,1.2,"","",0.63,"","","","","","","","",""
1685,Silkuri,CGWB,18,Assam,282,CACHAR,SILCHAR,SILCHAR,Silkuri,-,-,-,-,-,-,24.71666667,92.78333333,25-05-2007 00:00,7.69,364,"",0,55,"","","",18,"","","",85,16,11,"","",1.51,"","","","","","","","",""
1686,Siripani,CGWB,18,Assam,284,DHEMAJI,DHEMAJI,DHEMAJI,Siripani,-,-,-,-,-,-,27.50000000,94.54444444,25-05-2005 00:00,7.26,286,"",0,177,"","","",15,"","","",130,32,12,"","",0.42,"","","","","","","","",""
1687,Siripani,CGWB,18,Assam,284,DHEMAJI,DHEMAJI,DHEMAJI,Siripani,-,-,-,-,-,-,27.50000000,94.54444444,25-05-2006 00:00,6.22,358,"",0,140,"","","",13,"","","",90,31.5,2.7,"","",1.03,"","","","","","","","",""
1688,Siripani,CGWB,18,Assam,284,DHEMAJI,DHEMAJI,DHEMAJI,Siripani,-,-,-,-,-,-,27.50000000,94.54444444,25-05-2008 00:00,8.16,312,"",0,134,"","","",10,"","","",50,14,4,"","",1.08,"","","","","","","","",""
1689,Siripani,CGWB,18,Assam,284,DHEMAJI,DHEMAJI,DHEMAJI,Siripani,-,-,-,-,-,-,27.50000000,94.54444444,25-05-2009 00:00,8.55,228,"",12,195.3,180.1,"","",20,"","","",260,26,47.44,"","",5.2,"","","","","","","","",""
1690,Sisibargaon,CGWB,18,Assam,284,DHEMAJI,DHEMAJI,DHEMAJI,Sisibargaon,-,-,-,-,-,-,27.50000000,94.54444444,25-05-2005 00:00,7.23,187,"",0,134,"","","",17,"","","",120,36,7.3,"","",3.9,"","","","","","","","",""
1691,Sisibargaon,CGWB,18,Assam,284,DHEMAJI,DHEMAJI,DHEMAJI,Sisibargaon,-,-,-,-,-,-,27.50000000,94.54444444,25-05-2006 00:00,6.27,334,"",0,165,"","","",8,"","","",145,37.8,12.12,"","",7.4,"","","","","","","","",""
1692,Sisibargaon,CGWB,18,Assam,284,DHEMAJI,DHEMAJI,DHEMAJI,Sisibargaon,-,-,-,-,-,-,27.50000000,94.54444444,25-05-2008 00:00,8.23,285,"",0,128,"","","",7,"","","",165,36,18,"","",6.2,"","","","","","","","",""
1693,Sisibargaon,CGWB,18,Assam,284,DHEMAJI,DHEMAJI,DHEMAJI,Sisibargaon,-,-,-,-,-,-,27.50000000,94.54444444,25-05-2009 00:00,8.64,222,"",18,147.6,151,"","",20,"","","",315,34,55.96,"","",4.8,"","","","","","","","",""
1694,Sisibargaon,CGWB,18,Assam,284,DHEMAJI,DHEMAJI,DHEMAJI,Sisibargaon,-,-,-,-,-,-,27.50000000,94.54444444,25-05-2014 00:00,8.4,236.4,"",16,76,88.96,34.2,"",7.57,"","","",100,40,0.05,16.1,"","","","","","","","","","",""
1695,Sisibargaon,CGWB,18,Assam,284,DHEMAJI,DHEMAJI,DHEMAJI,Sisibargaon,-,-,-,-,-,-,27.50000000,94.54444444,25-05-2015 00:00,8.07,85.12,"","",48,39.34,20,"",4.6,"","","",36,8,3.9,13.59,"","","","","","","","","","",""
1696,Sisibargaon,CGWB,18,Assam,284,DHEMAJI,DHEMAJI,DHEMAJI,Sisibargaon,-,-,-,-,-,-,27.50000000,94.54444444,25-05-2016 00:00,7.8,109,51.09,0,40,40,10,"",6.4,"","","",40,12,2.4,5.44,"",0.72,"","","","","","","","",""
1697,Sonaimukh,CGWB,18,Assam,282,CACHAR,SONAI,SONAI,Sonaimukh,-,-,-,-,-,-,24.73111111,92.89027778,25-05-2009 00:00,8.54,322,"",15,221.4,206.5,"","",7,"","","",360,6,83.89,"","",0.91,"","","","","","","","",""
1698,Sonapur,CGWB,18,Assam,291,KAMRUP,SONAPUR,SONAPUR,Sonapur,-,-,-,-,-,-,26.11666667,92.00833333,25-05-2005 00:00,6.92,130,"",0,55,45.1,"","",2,"","","",35,7,4.26,"","","","","","","","","","","",""
1699,Sonapur,CGWB,18,Assam,291,KAMRUP,SONAPUR,SONAPUR,Sonapur,-,-,-,-,-,-,26.11666667,92.00833333,25-05-2006 00:00,6.73,435,"",0,24,"","","",12,"","","",130,20,19,"","",0.29,"","","","","","","","",""
1700,Sonapur,CGWB,18,Assam,291,KAMRUP,SONAPUR,SONAPUR,Sonapur,-,-,-,-,-,-,26.11666667,92.00833333,25-05-2007 00:00,7.64,168,"",0,18,"","","",16,"","","",95,25,7,"","",0.41,"","","","","","","","",""
1701,Sonapur,CGWB,18,Assam,291,KAMRUP,SONAPUR,SONAPUR,Sonapur,-,-,-,-,-,-,26.11666667,92.00833333,25-05-2008 00:00,7.1,315,"",0,43,"","","","","","","",75,20,9.7,"","",0.37,"","","","","","","","",""
1702,Sonapur,CGWB,18,Assam,291,KAMRUP,SONAPUR,SONAPUR,Sonapur,-,-,-,-,-,-,26.11666667,92.00833333,25-05-2009 00:00,7.81,280,"",0,43,35.3,"","",31,"","","",65,10,9.74,"","",0.97,"","","","","","","","",""
1703,Sonapur,CGWB,18,Assam,291,KAMRUP,SONAPUR,SONAPUR,Sonapur,-,-,-,-,-,-,26.11666667,92.00833333,25-05-2011 00:00,6.98,268,"",0,36.9,"","","",24,"","","",80,12,12.5,23,"",0.51,"","","","","","","","",""
1704,Sonapur,CGWB,18,Assam,291,KAMRUP,SONAPUR,SONAPUR,Sonapur,-,-,-,-,-,-,26.11666667,92.00833333,25-05-2012 00:00,6.98,268,"",0,36.9,30.3,"","",24,"","","",80,12,12.17,23,"",0.51,"","","","","","","","",""
1705,Sonapur,CGWB,18,Assam,291,KAMRUP,SONAPUR,SONAPUR,Sonapur,-,-,-,-,-,-,26.11666667,92.00833333,25-05-2014 00:00,6.5,133.2,"","",48,39.34,65,"",1.1,"","","",56,17.6,2.94,21.29,"",0.04,"","","","","","","","",""
1706,Sonapur,CGWB,18,Assam,291,KAMRUP,SONAPUR,SONAPUR,Sonapur,-,-,-,-,-,-,26.11666667,92.00833333,25-05-2016 00:00,6.4,150.6,86.79,0,45,45,47.5,"",11.6,"","","",80,8,14.6,12.95,"",0.85,"","","","","","","","",""
1707,Sonapur,CGWB,18,Assam,291,KAMRUP,SONAPUR,SONAPUR,Sonapur,-,-,-,-,-,-,26.11666667,92.00833333,25-05-2017 00:00,6.76,338.1,223.15,"",70,70,42.54,"",11.596835,"","","",80,22,6.067961,19.15,"",1.27,"","","","","","","","",""
1708,Sonapur,CGWB,18,Assam,291,KAMRUP,SONAPUR,SONAPUR,Sonapur,-,-,-,-,-,-,26.11666667,92.00833333,30-05-2021 08:00,7.58,950,"",0,349,"",105,"",22,"","","",324,73,34,68,"","","","","","","","","","",""
1709,Sonapur II,CGWB,18,Assam,618,Kamrup Metropolitan,-,-,-,-,-,-,-,-,-,26.11916700,91.96333300,30-05-2019 08:00,7.08,292.5,"",0,36.62928,"",106.35,"","","","","",55,10.008,7.276699,58.35,"","","","","","","","","","",""
1710,Sonapur II,CGWB,18,Assam,618,Kamrup Metropolitan,-,-,-,-,-,-,-,-,-,26.11916700,91.96333300,30-05-2020 08:00,7.08,292.5,"","",36.62928,"",106.35,"","","","","","",10.008,7.276699,58.35,"","","","","","","","","","",""
1711,Sootia,CGWB,18,Assam,301,SONITPUR,NADUAR,NADUAR,Sootia,-,-,-,-,-,-,26.73333333,93.04166667,25-05-2005 00:00,7.56,205,"",0,116,"","","",16,"","","",75,12,11,"","",1.64,"","","","","","","","",""
1712,Sootia,CGWB,18,Assam,301,SONITPUR,NADUAR,NADUAR,Sootia,-,-,-,-,-,-,26.73333333,93.04166667,25-05-2008 00:00,8.04,395,"",0,97,"","","",14,"","","",135,32,13,"","",0.91,"","","","","","","","",""
1713,Sootia,CGWB,18,Assam,301,SONITPUR,NADUAR,NADUAR,Sootia,-,-,-,-,-,-,26.73333333,93.04166667,25-05-2009 00:00,8.68,276,"",9,110.7,105.7,"","",17,"","","",200,26,32.85,"","",0.87,"","","","","","","","",""
1714,Sootia,CGWB,18,Assam,301,SONITPUR,NADUAR,NADUAR,Sootia,-,-,-,-,-,-,26.73333333,93.04166667,25-05-2010 00:00,7.8,185,"",0,88,"","","",3.65,"","","",78,17.6,8.25,11.7,"",9.2,"","","","","","","","",""
1715,Sootia,CGWB,18,Assam,301,SONITPUR,NADUAR,NADUAR,Sootia,-,-,-,-,-,-,26.73333333,93.04166667,25-05-2013 00:00,7.8,185,"",0,88,72.1,"","",3.65,"","","",78,17.6,8.29,25,"",2.2,"","","","","","","","",""
1716,Sootia,CGWB,18,Assam,301,SONITPUR,NADUAR,NADUAR,Sootia,-,-,-,-,-,-,26.73333333,93.04166667,25-05-2014 00:00,8.4,137.3,"",24,76,102.3,52,"",10.86,"","","",152,30.4,18.51,4.9,"",8.13,"","","","","","","","",""
1717,Sootia,CGWB,18,Assam,301,SONITPUR,NADUAR,NADUAR,Sootia,-,-,-,-,-,-,26.73333333,93.04166667,25-05-2015 00:00,8.31,490.7,"",56,104,178.58,44,"",3.4,"","","",164,33.6,19.49,37.38,"",1.17,"","","","","","","","",""
1718,Sootia,CGWB,18,Assam,301,SONITPUR,NADUAR,NADUAR,Sootia,-,-,-,-,-,-,26.73333333,93.04166667,25-05-2017 00:00,8.08,271.5,179.19,"",90,90,46.09,"",4.5372925,"","","",100,12,16.990292,12.73,"",4.65,"","","","","","","","",""
1719,Sorbhog,CGWB,18,Assam,280,BARPETA,BARNAGAR,BARNAGAR,Sorbhog,-,-,-,-,-,-,26.47500000,90.90277778,25-05-2005 00:00,7.1,170,"",0,61,"","","",11,"","","",65,22,2.4,"","",0.36,"","","","","","","","",""
1720,Sorbhog,CGWB,18,Assam,280,BARPETA,BARNAGAR,BARNAGAR,Sorbhog,-,-,-,-,-,-,26.47500000,90.90277778,25-05-2010 00:00,8.3,198,"",24,192,"","","",18.85,"","","",210,47.6,22,27.4,"","","","","","","","","","",""
1721,Sorbhog,CGWB,18,Assam,280,BARPETA,BARNAGAR,BARNAGAR,Sorbhog,-,-,-,-,-,-,26.47500000,90.90277778,25-05-2013 00:00,8.3,158,"",24,192,197.4,"","",18.8,"","","",210,47.6,22,12,"","","","","","","","","","",""
1722,Sorbhog,CGWB,18,Assam,280,BARPETA,BARNAGAR,BARNAGAR,Sorbhog,-,-,-,-,-,-,26.47500000,90.90277778,25-05-2015 00:00,8.3,454.6,"",40,96,145.36,70,"",13.1,"","","",164,24,25.31,25.68,"",3.89,"","","","","","","","",""
1723,Sorbhog,CGWB,18,Assam,280,BARPETA,BARNAGAR,BARNAGAR,Sorbhog,-,-,-,-,-,-,26.47500000,90.90277778,25-05-2016 00:00,8.3,402.1,213.7,30,135,165,20,"",25.2,"","","",220,34,32.8,3.96,"",0.66,"","","","","","","","",""
1724,Sorbhog,CGWB,18,Assam,280,BARPETA,BARNAGAR,BARNAGAR,Sorbhog,-,-,-,-,-,-,26.47500000,90.90277778,25-05-2018 00:00,8.31,643.3,334,40,170.168,210.168,42.54,"",22.0466,"",0,"",210,58.0464,15.748544,25.56,"",0.0196,0,"","","","","","","",""
1725,Sorbhog,CGWB,18,Assam,280,BARPETA,BARNAGAR,BARNAGAR,Sorbhog,-,-,-,-,-,-,26.47500000,90.90277778,30-05-2021 08:00,8.38,294,"",12,134.244,"",20.8446,"",0,0,"","",100.08,24.048,9.728,35,"","","","","","","","","","",""
1726,Sualkuchi,CGWB,18,Assam,291,KAMRUP,PALASBARI,PALASBARI,Sualkuchi,-,-,-,-,-,-,26.17083333,91.58472222,25-05-2005 00:00,7.5,1315,"",0,445,"","","",49,"","","",335,46,53,"","",0.02,"","","","","","","","",""
1727,Sualkuchi,CGWB,18,Assam,291,KAMRUP,PALASBARI,PALASBARI,Sualkuchi,-,-,-,-,-,-,26.17083333,91.58472222,25-05-2006 00:00,7.38,1571,"",0,628,"","","",45,"","","",480,136,34,"","",0.45,"","","","","","","","",""
1728,Sualkuchi,CGWB,18,Assam,291,KAMRUP,PALASBARI,PALASBARI,Sualkuchi,-,-,-,-,-,-,26.17083333,91.58472222,25-05-2007 00:00,7.8,687,"",0,256,"","","",35,"","","",145,46,8,"","",0.6,"","","","","","","","",""
1729,Sualkuchi,CGWB,18,Assam,291,KAMRUP,PALASBARI,PALASBARI,Sualkuchi,-,-,-,-,-,-,26.17083333,91.58472222,25-05-2008 00:00,7.51,2410,"",0,171,"","","",42,"","","",600,136,64,"","",0.23,"","","","","","","","",""
1730,Sualkuchi,CGWB,18,Assam,291,KAMRUP,PALASBARI,PALASBARI,Sualkuchi,-,-,-,-,-,-,26.17083333,91.58472222,25-05-2011 00:00,8,1560,"",0,608.85,"","","","","","","",470,12,110,83,"","","","","","","","","","",""
1731,Sualkuchi,CGWB,18,Assam,291,KAMRUP,PALASBARI,PALASBARI,Sualkuchi,-,-,-,-,-,-,26.17083333,91.58472222,25-05-2012 00:00,8,1560,"",0,608,498.4,"","","","","","",470,12,110,83,"","","","","","","","","","",""
1732,Sualkuchi,CGWB,18,Assam,291,KAMRUP,PALASBARI,PALASBARI,Sualkuchi,-,-,-,-,-,-,26.17083333,91.58472222,25-05-2014 00:00,8.8,1041,"",88,308,399.13,150.9,"",30.4,"","","",384,124.8,17.66,96,"","","","","","","","","","",""
1733,Sualkuchi,CGWB,18,Assam,291,KAMRUP,PALASBARI,PALASBARI,Sualkuchi,-,-,-,-,-,-,26.17083333,91.58472222,25-05-2015 00:00,8.38,293.3,"",32,92,128.74,6,"",22,"","","",72,14.4,8.77,33.06,"",0.38,"","","","","","","","",""
1734,Sualkuchi,CGWB,18,Assam,291,KAMRUP,PALASBARI,PALASBARI,Sualkuchi,-,-,-,-,-,-,26.17083333,91.58472222,25-05-2016 00:00,8.3,1779,926.7,80,240,320,212.7,"",15.874491,"","","",360,16,77.7,90.18,"",1.5,"","","","","","","","",""
1735,Sualkuchi,CGWB,18,Assam,291,KAMRUP,PALASBARI,PALASBARI,Sualkuchi,-,-,-,-,-,-,26.17083333,91.58472222,25-05-2018 00:00,8.321,1865,990,30,225.204,255.204,184.34,"",85.173,"",0,"",370,72.0576,46.081554,99.42,"",0.0593,0,"","","","","","","",""
1736,Sulung p.o.,CGWB,18,Assam,297,NAGAON,SAMAGURI,SAMAGURI,Sulung p.o.,-,-,-,-,-,-,26.40833333,92.82916667,25-05-2005 00:00,7.32,682,"",0,28,"","","",9,"","","",200,52,17,"","",0.06,"","","","","","","","",""
1737,Sulung p.o.,CGWB,18,Assam,297,NAGAON,SAMAGURI,SAMAGURI,Sulung p.o.,-,-,-,-,-,-,26.40833333,92.82916667,25-05-2006 00:00,7.03,281,"",0,73,"","","",2,"","","",35,8,3.6,"","",0.88,"","","","","","","","",""
1738,Sulung p.o.,CGWB,18,Assam,297,NAGAON,SAMAGURI,SAMAGURI,Sulung p.o.,-,-,-,-,-,-,26.40833333,92.82916667,25-05-2007 00:00,7.6,692,"",0,287,"","","","","","","",225,54,22,"","",0.4,"","","","","","","","",""
1739,Sulung p.o.,CGWB,18,Assam,297,NAGAON,SAMAGURI,SAMAGURI,Sulung p.o.,-,-,-,-,-,-,26.40833333,92.82916667,25-05-2008 00:00,7.6,692,"",0,287,"","","","","","","",225,54,22,"","",0.4,"","","","","","","","",""
1740,Sulung p.o.,CGWB,18,Assam,297,NAGAON,SAMAGURI,SAMAGURI,Sulung p.o.,-,-,-,-,-,-,26.40833333,92.82916667,25-05-2009 00:00,8.24,619,"",0,221,181.2,"","",22,"","","",165,42,14.64,"","",1.24,"","","","","","","","",""
1741,Sulung p.o.,CGWB,18,Assam,297,NAGAON,SAMAGURI,SAMAGURI,Sulung p.o.,-,-,-,-,-,-,26.40833333,92.82916667,25-05-2011 00:00,7.81,495,"",0,215.25,"","","",13,"","","",170,38,18.75,44,"",0.46,"","","","","","","","",""
1742,Sulung p.o.,CGWB,18,Assam,297,NAGAON,SAMAGURI,SAMAGURI,Sulung p.o.,-,-,-,-,-,-,26.40833333,92.82916667,25-05-2012 00:00,7.81,495,"",0,215,176.2,"","",13,"","","",170,38,18.28,44,"",0.46,"","","","","","","","",""
1743,Sulung p.o.,CGWB,18,Assam,297,NAGAON,SAMAGURI,SAMAGURI,Sulung p.o.,-,-,-,-,-,-,26.40833333,92.82916667,25-05-2014 00:00,9,507,"",48,124,181.64,72,"",8.67,"","","",160,27.2,22.4,42.9,"",0.91,"","","","","","","","",""
1744,Sulung p.o.,CGWB,18,Assam,297,NAGAON,SAMAGURI,SAMAGURI,Sulung p.o.,-,-,-,-,-,-,26.40833333,92.82916667,25-05-2015 00:00,8.3,271.3,"",56,104,178.58,80,"",14.6,"","","",172,14.4,33.08,64.22,"",0.17,"","","","","","","","",""
1745,Sulung p.o.,CGWB,18,Assam,297,NAGAON,SAMAGURI,SAMAGURI,Sulung p.o.,-,-,-,-,-,-,26.40833333,92.82916667,25-05-2016 00:00,8.4,578.3,328.9,40,225,265,72.5,"",15,"","","",240,32,38.8,70.21,"",0,"","","","","","","","",""
1746,Sulung p.o.,CGWB,18,Assam,297,NAGAON,SAMAGURI,SAMAGURI,Sulung p.o.,-,-,-,-,-,-,26.40833333,92.82916667,25-05-2017 00:00,8.5,794,524.04,30,265,295,102.81,"",1.2,"","","",220,36,31.553398,83.36,"",0.81,"","","","","","","","",""
1747,Sulung p.o.,CGWB,18,Assam,297,NAGAON,SAMAGURI,SAMAGURI,Sulung p.o.,-,-,-,-,-,-,26.40833333,92.82916667,25-05-2018 00:00,7.322,310.1,184.8,0,80.064,80.064,28.36,"",45.2994,"",0,"",115,32.0256,8.479611,13.07,"",0.9633,0,"","","","","","","",""
1748,Swarghati,CGWB,18,Assam,292,KARBI ANGLONG,-,-,-,-,-,-,-,-,-,26.20277800,93.10638900,30-05-2021 08:00,7.9,300,"",0,92,"",16,"",41,"","","",56,22,17,12,"","","","","","","","","","",""
1749,Tamarhat,CGWB,18,Assam,285,DHUBRI,GOLOKGANJ,GOLOKGANJ,Tamarhat,-,-,-,-,-,-,26.19166667,89.86666667,25-05-2011 00:00,8.25,367,"",0,202.95,"","","","","","","",195,50,17.5,13,"","","","","","","","","","",""
1750,Tamarhat,CGWB,18,Assam,285,DHUBRI,GOLOKGANJ,GOLOKGANJ,Tamarhat,-,-,-,-,-,-,26.19166667,89.86666667,25-05-2012 00:00,8.25,367,"",0,202,165.6,"","","","","","",195,50,17.5,13,"","","","","","","","","","",""
1751,Tamulpur,CGWB,18,Assam,298,NALBARI,TAMULPUR,TAMULPUR,Tamulpur,-,-,-,-,-,-,26.63055556,91.57083333,25-05-2005 00:00,7.66,511,"",0,122,"","","",31,"","","",120,38,6.1,"","",0.2,"","","","","","","","",""
1752,Tamulpur,CGWB,18,Assam,298,NALBARI,TAMULPUR,TAMULPUR,Tamulpur,-,-,-,-,-,-,26.63055556,91.57083333,25-05-2006 00:00,7.36,765,"",0,348,"","","",28,"","","",301,30,58,"","",0.2,"","","","","","","","",""
1753,Tamulpur,CGWB,18,Assam,298,NALBARI,TAMULPUR,TAMULPUR,Tamulpur,-,-,-,-,-,-,26.63055556,91.57083333,25-05-2007 00:00,7.57,585,"",0,219,"","","",13,"","","",160,42,13,"","",0.61,"","","","","","","","",""
1754,Tamulpur,CGWB,18,Assam,298,NALBARI,TAMULPUR,TAMULPUR,Tamulpur,-,-,-,-,-,-,26.63055556,91.57083333,25-05-2012 00:00,7.98,193,"",0,104,85.3,"","","","","","",140,20,21.91,14,"","","","","","","","","","",""
1755,Tamulpur,CGWB,18,Assam,298,NALBARI,TAMULPUR,TAMULPUR,Tamulpur,-,-,-,-,-,-,26.63055556,91.57083333,25-05-2014 00:00,8.4,214,"",24,84,108.85,31.8,"",7.1,"","","",100,35.2,2.96,25,"",1.8,"","","","","","","","",""
1756,Tamulpur,CGWB,18,Assam,298,NALBARI,TAMULPUR,TAMULPUR,Tamulpur,-,-,-,-,-,-,26.63055556,91.57083333,25-05-2015 00:00,8.36,345.8,"",32,64,105.79,96,"",7.4,"","","",144,17.6,24.33,52.5,"",0.04,"","","","","","","","",""
1757,Tamulpur,CGWB,18,Assam,298,NALBARI,TAMULPUR,TAMULPUR,Tamulpur,-,-,-,-,-,-,26.63055556,91.57083333,25-05-2016 00:00,8.3,445.8,242.4,30,110,140,35.45,"",11.330461,"","","",150,32,17,20.34,"",0.24,"","","","","","","","",""
1758,Tamulpur,CGWB,18,Assam,298,NALBARI,TAMULPUR,TAMULPUR,Tamulpur,-,-,-,-,-,-,26.63055556,91.57083333,25-05-2018 00:00,8.393,449.6,237.3,40,125.132,165.132,28.36,"",20.8598,"",0,"",155,50.04,7.257282,25.96,"",0.0082,0,"","","","","","","",""
1759,Tamulpur,CGWB,18,Assam,298,NALBARI,TAMULPUR,TAMULPUR,Tamulpur,-,-,-,-,-,-,26.63055556,91.57083333,30-05-2021 08:00,7.7,4410,2866.5,0,610,"",606,"",432,0.03,"","",350,60,48.64,590,"","","","","","","","","","",""
1760,Tangla,CGWB,18,Assam,283,DARRANG,KALAIGAON,KALAIGAON,Tangla,-,-,-,-,-,-,26.65833333,91.88333333,25-05-2005 00:00,7.69,825,"",0,146,"","","",30,"","","",180,48,15,"","",0.35,"","","","","","","","",""
1761,Tangla,CGWB,18,Assam,283,DARRANG,KALAIGAON,KALAIGAON,Tangla,-,-,-,-,-,-,26.65833333,91.88333333,25-05-2006 00:00,7.25,595,"",0,110,"","","",28,"","","",220,34,8.5,"","",0.09,"","","","","","","","",""
1762,Tangla,CGWB,18,Assam,283,DARRANG,KALAIGAON,KALAIGAON,Tangla,-,-,-,-,-,-,26.65833333,91.88333333,25-05-2007 00:00,7.45,480,"",0,86,"","","",25,"","","",95,22,9.72,"","",0.35,"","","","","","","","",""
1763,Tangla,CGWB,18,Assam,283,DARRANG,KALAIGAON,KALAIGAON,Tangla,-,-,-,-,-,-,26.65833333,91.88333333,25-05-2008 00:00,7.45,480,"",0,86,"","","",25,"","","",95,22,27.2,"","",0.36,"","","","","","","","",""
1764,Tangla,CGWB,18,Assam,283,DARRANG,KALAIGAON,KALAIGAON,Tangla,-,-,-,-,-,-,26.65833333,91.88333333,25-05-2011 00:00,8.12,443,"",0,67.65,"","","","","","","",140,24,20,42,"","","","","","","","","","",""
1765,Tangla,CGWB,18,Assam,283,DARRANG,KALAIGAON,KALAIGAON,Tangla,-,-,-,-,-,-,26.65833333,91.88333333,25-05-2012 00:00,8.12,443,"",0,67.6,55.4,"","","","","","",140,24,19.48,42,"","","","","","","","","","",""
1766,Tangla,CGWB,18,Assam,283,DARRANG,KALAIGAON,KALAIGAON,Tangla,-,-,-,-,-,-,26.65833333,91.88333333,25-05-2014 00:00,8.5,426,"",40,12,76.5,35.7,"",29.8,"","","",80,30.4,1.01,25,"",1.13,"","","","","","","","",""
1767,Tangla,CGWB,18,Assam,283,DARRANG,KALAIGAON,KALAIGAON,Tangla,-,-,-,-,-,-,26.65833333,91.88333333,25-05-2015 00:00,7.8,159.6,"","",84,68.85,91.9,"",21.2,"","","",232,62.4,18.55,2.3,"",0.66,"","","","","","","","",""
1768,Tangla,CGWB,18,Assam,283,DARRANG,KALAIGAON,KALAIGAON,Tangla,-,-,-,-,-,-,26.65833333,91.88333333,25-05-2016 00:00,7.6,303.9,170.1,0,85,85,24.815,"",12.400884,"","","",95,28,6.1,12.3,"",0.27,"","","","","","","","",""
1769,Telem,CGWB,18,Assam,284,DHEMAJI,JONAI,JONAI,Telem,-,-,-,-,-,-,27.71250000,95.05555556,25-05-2005 00:00,7.35,101,"",0,85,"","","",7,"","","",65,24,1.2,"","",0.23,"","","","","","","","",""
1770,Telem,CGWB,18,Assam,284,DHEMAJI,JONAI,JONAI,Telem,-,-,-,-,-,-,27.71250000,95.05555556,25-05-2006 00:00,6.21,216,"",0,116,"","","",3,"","","",105,27.3,8.82,"","",0.34,"","","","","","","","",""
1771,Telem,CGWB,18,Assam,284,DHEMAJI,JONAI,JONAI,Telem,-,-,-,-,-,-,27.71250000,95.05555556,25-05-2008 00:00,8.02,212,"",0,85,"","","",3,"","","",70,20,5,"","",0.41,"","","","","","","","",""
1772,Telem,CGWB,18,Assam,284,DHEMAJI,JONAI,JONAI,Telem,-,-,-,-,-,-,27.71250000,95.05555556,25-05-2009 00:00,8.59,126,"",12,110.7,110.7,"","",5,"","","",185,30,26.78,"","",0.08,"","","","","","","","",""
1773,Telem,CGWB,18,Assam,284,DHEMAJI,JONAI,JONAI,Telem,-,-,-,-,-,-,27.71250000,95.05555556,25-05-2014 00:00,7.62,111,"","",60,49.18,55.6,"",4.17,"","","",152,24,16,2.06,"",0.34,"","","","","","","","",""
1774,Telem,CGWB,18,Assam,284,DHEMAJI,JONAI,JONAI,Telem,-,-,-,-,-,-,27.71250000,95.05555556,25-05-2015 00:00,8.4,101.3,"",16,40,59.45,12,"",11,"","","",24,9.6,1.02,22.86,"",0.48,"","","","","","","","",""
1775,Telia bebejia,CGWB,18,Assam,297,NAGAON,RUPAHI,RUPAHI,Telia bebejia,-,-,-,-,-,-,26.41666667,92.61666667,25-05-2009 00:00,8.22,520,"",0,104,85.3,"","",12,"","","",105,27,9.15,"","",0.22,"","","","","","","","",""
1776,Telia bebejia,CGWB,18,Assam,297,NAGAON,RUPAHI,RUPAHI,Telia bebejia,-,-,-,-,-,-,26.41666667,92.61666667,30-05-2021 08:00,8.9,800,"",60,402.732,"",34.741,"",0,0,"","",160.128,4.008,36.48,104,"","","","","","","","","","",""
1777,Terangaon,CGWB,18,Assam,292,KARBI ANGLONG,-,-,-,-,-,-,-,-,-,26.01722000,93.38167000,30-05-2021 08:00,7.82,350,"",0,237.8,"",15.7,"",3.6,"","","",194.4,58.45,11.77,8.9,"","","","","","","","","","",""
1778,Tezpur,CGWB,18,Assam,301,SONITPUR,TEZPUR,TEZPUR,Tezpur,-,-,-,-,-,-,26.62500000,92.80000000,25-05-2005 00:00,7.56,341,"",0,134,"","","",13,"","","",120,40,4.9,"","",0.12,"","","","","","","","",""
1779,Tezpur,CGWB,18,Assam,301,SONITPUR,TEZPUR,TEZPUR,Tezpur,-,-,-,-,-,-,26.62500000,92.80000000,25-05-2006 00:00,6.27,251,"",0,79,"","","",6,"","","",145,27.3,18.3,"","",0.18,"","","","","","","","",""
1780,Tezpur,CGWB,18,Assam,301,SONITPUR,TEZPUR,TEZPUR,Tezpur,-,-,-,-,-,-,26.62500000,92.80000000,25-05-2008 00:00,8.21,424,"",0,104,"","","",8,"","","",275,30,48,"","",0.15,"","","","","","","","",""
1781,Tezpur,CGWB,18,Assam,301,SONITPUR,TEZPUR,TEZPUR,Tezpur,-,-,-,-,-,-,26.62500000,92.80000000,25-05-2009 00:00,8.65,264,"",9,110.7,105.7,"","",12,"","","",160,28,21.92,"","","","","","","","","","","",""
1782,Tezpur,CGWB,18,Assam,301,SONITPUR,TEZPUR,TEZPUR,Tezpur,-,-,-,-,-,-,26.62500000,92.80000000,25-05-2010 00:00,8.3,335,"",8,124,"","","",3.97,"","","",120,33.6,8.74,22.3,"",0.58,"","","","","","","","",""
1783,Tezpur,CGWB,18,Assam,301,SONITPUR,TEZPUR,TEZPUR,Tezpur,-,-,-,-,-,-,26.62500000,92.80000000,25-05-2013 00:00,8.3,321,"",8,124,115,"","",3.97,"","","",120,33.6,8.79,7.8,"",0.58,"","","","","","","","",""
1784,Tezpur,CGWB,18,Assam,301,SONITPUR,TEZPUR,TEZPUR,Tezpur,-,-,-,-,-,-,26.62500000,92.80000000,25-05-2014 00:00,8.3,336.8,"",16,96,105.36,68.3,"",0.99,"","","",188,40,21.44,10.3,"",0.07,"","","","","","","","",""
1785,Tezpur,CGWB,18,Assam,301,SONITPUR,TEZPUR,TEZPUR,Tezpur,-,-,-,-,-,-,26.62500000,92.80000000,25-05-2015 00:00,8.31,403.5,"",40,80,132.24,70,"",21.8,"","","",108,25.6,10.73,47.85,"",0.03,"","","","","","","","",""
1786,Tezpur,CGWB,18,Assam,301,SONITPUR,TEZPUR,TEZPUR,Tezpur,-,-,-,-,-,-,26.62500000,92.80000000,25-05-2016 00:00,8.3,374.2,188.2,30,80,110,40,"",14.3,"","","",100,26,8.5,35.59,"",0.16,"","","","","","","","",""
1787,Tezpur,CGWB,18,Assam,301,SONITPUR,TEZPUR,TEZPUR,Tezpur,-,-,-,-,-,-,26.62500000,92.80000000,25-05-2017 00:00,8.28,482.3,318.32,"",115,115,70.9,"",6.4103727,"","","",125,32,10.92233,34.05,"","","","","","","","","","",""
1788,Tezpur,CGWB,18,Assam,301,SONITPUR,TEZPUR,TEZPUR,Tezpur,-,-,-,-,-,-,26.62500000,92.80000000,25-05-2018 00:00,8.31,472.9,255.1,12,122,120.096,56.72,"",19.5334,"",0,"",160,38.0304,15.758252,35.93,"",0.1593,0,"","","","","","","",""
1789,Thekerabari,CGWB,18,Assam,283,DARRANG,Pachim-Mangaldoi,Pachim-Mangaldoi,Thekerabari,-,-,-,-,-,-,26.50000000,92.12500000,25-05-2006 00:00,7.28,211,"",0,116,"","","",7,"","","",40,12,2.4,"","",0.09,"","","","","","","","",""
1790,Thekerabari,CGWB,18,Assam,283,DARRANG,Pachim-Mangaldoi,Pachim-Mangaldoi,Thekerabari,-,-,-,-,-,-,26.50000000,92.12500000,25-05-2007 00:00,7.96,230,"",0,55,"","","",5,"","","",100,14,16,"","",0.22,"","","","","","","","",""
1791,Thekerabari,CGWB,18,Assam,283,DARRANG,Pachim-Mangaldoi,Pachim-Mangaldoi,Thekerabari,-,-,-,-,-,-,26.50000000,92.12500000,25-05-2008 00:00,7.96,230,"",0,55,"","","",5,"","","",100,14,16,"","",0.22,"","","","","","","","",""
1792,Thekerabari,CGWB,18,Assam,283,DARRANG,Pachim-Mangaldoi,Pachim-Mangaldoi,Thekerabari,-,-,-,-,-,-,26.50000000,92.12500000,25-05-2011 00:00,7.73,196,"",0,55.35,"","","","","","","",100,8,20,22,"","","","","","","","","","",""
1793,Thekerabari,CGWB,18,Assam,283,DARRANG,Pachim-Mangaldoi,Pachim-Mangaldoi,Thekerabari,-,-,-,-,-,-,26.50000000,92.12500000,25-05-2012 00:00,7.73,196,"",0,55.35,45.4,"","","","","","",100,8,20,22,"","","","","","","","","","",""
1794,Thekerabari,CGWB,18,Assam,283,DARRANG,Pachim-Mangaldoi,Pachim-Mangaldoi,Thekerabari,-,-,-,-,-,-,26.50000000,92.12500000,25-05-2014 00:00,8.4,258,"",24,32,66.23,31.8,"",11,"","","",92,20.8,9.75,13,"",0.05,"","","","","","","","",""
1795,Thekerabari,CGWB,18,Assam,283,DARRANG,Pachim-Mangaldoi,Pachim-Mangaldoi,Thekerabari,-,-,-,-,-,-,26.50000000,92.12500000,25-05-2016 00:00,8.3,538.8,292.8,20,70,90,56.72,"",19.230804,"","","",130,26,15.8,30.14,"",0.47,"","","","","","","","",""
1796,Thekerabari,CGWB,18,Assam,283,DARRANG,Pachim-Mangaldoi,Pachim-Mangaldoi,Thekerabari,-,-,-,-,-,-,26.50000000,92.12500000,25-05-2018 00:00,7.482,420.8,220.5,0,140.112,140.112,49.63,"",2.9385,"",0,"",105,26.0208,9.696116,39.18,"",0.1702,0,"","","","","","","",""
1797,Tihu,CGWB,18,Assam,298,NALBARI,KAMARKUCHI,KAMARKUCHI,Tihu,-,-,-,-,-,-,26.37166667,91.44500000,25-05-2005 00:00,7.75,741,"",0,232,"","","",33,"","","",125,46,2.4,"","",1.98,"","","","","","","","",""
1798,Tihu,CGWB,18,Assam,298,NALBARI,KAMARKUCHI,KAMARKUCHI,Tihu,-,-,-,-,-,-,26.37166667,91.44500000,25-05-2006 00:00,7.51,761,"",0,384,"","","",9,"","","",250,68,19,"","",1.4,"","","","","","","","",""
1799,Tihu,CGWB,18,Assam,298,NALBARI,KAMARKUCHI,KAMARKUCHI,Tihu,-,-,-,-,-,-,26.37166667,91.44500000,25-05-2007 00:00,7.39,672,"",0,195,"","","",30,"","","",145,29,18,"","",2.05,"","","","","","","","",""
1800,Tihu,CGWB,18,Assam,298,NALBARI,KAMARKUCHI,KAMARKUCHI,Tihu,-,-,-,-,-,-,26.37166667,91.44500000,25-05-2008 00:00,7.87,512,"",0,317.2,"","","",27,"","","",220,16,41,"","",2.81,"","","","","","","","",""
1801,Tihu,CGWB,18,Assam,298,NALBARI,KAMARKUCHI,KAMARKUCHI,Tihu,-,-,-,-,-,-,26.37166667,91.44500000,25-05-2011 00:00,8.48,617,"",18,325.95,"","","","","","","",255,14,95,40,"","","","","","","","","","",""
1802,Tihu,CGWB,18,Assam,298,NALBARI,KAMARKUCHI,KAMARKUCHI,Tihu,-,-,-,-,-,-,26.37166667,91.44500000,25-05-2012 00:00,8.48,617,"",18,325,296.4,"","","","","","",255,14,53.51,40,"","","","","","","","","","",""
1803,Tihu,CGWB,18,Assam,298,NALBARI,KAMARKUCHI,KAMARKUCHI,Tihu,-,-,-,-,-,-,26.37166667,91.44500000,25-05-2015 00:00,8.29,211.1,"",24,100,121.97,12,"",24,"","","",72,19.2,5.86,32.9,"",0.36,"","","","","","","","",""
1804,Tihu,CGWB,18,Assam,298,NALBARI,KAMARKUCHI,KAMARKUCHI,Tihu,-,-,-,-,-,-,26.37166667,91.44500000,25-05-2016 00:00,8.3,390.3,205.9,20,145,165,30,"",9.3,"","","",155,36,15.8,23.88,"",0.34,"","","","","","","","",""
1805,Tihu,CGWB,18,Assam,298,NALBARI,KAMARKUCHI,KAMARKUCHI,Tihu,-,-,-,-,-,-,26.37166667,91.44500000,25-05-2018 00:00,8.281,596.4,313.1,30,160.152,190.152,24.815,"",12.2229,"",0,"",185,56.0448,10.895145,25.19,"",0.3769,0,"","","","","","","",""
1806,Tinsukia,CGWB,18,Assam,302,TINSUKIA,TINSUKIA,TINSUKIA,Tinsukia,-,-,-,-,-,-,27.47500000,95.36666667,25-05-2005 00:00,7.46,940,"",0,201,"","","",73,"","","",325,88,26,"","",0.39,"","","","","","","","",""
1807,Tinsukia,CGWB,18,Assam,302,TINSUKIA,TINSUKIA,TINSUKIA,Tinsukia,-,-,-,-,-,-,27.47500000,95.36666667,25-05-2007 00:00,8.03,887,"",0,195.2,"","","",90,"","","",300,92,17,"","",0.12,"","","","","","","","",""
1808,Tinsukia,CGWB,18,Assam,302,TINSUKIA,TINSUKIA,TINSUKIA,Tinsukia,-,-,-,-,-,-,27.47500000,95.36666667,25-05-2008 00:00,8.03,887,"",0,195.2,"","","",90,"","","",300,92,17,"","",0.12,"","","","","","","","",""
1809,Tinsukia,CGWB,18,Assam,302,TINSUKIA,TINSUKIA,TINSUKIA,Tinsukia,-,-,-,-,-,-,27.47500000,95.36666667,25-05-2009 00:00,7.82,39,"",0,38.9,31.9,"","",3,"","","",145,12,27.97,"","",0.45,"","","","","","","","",""
1810,Tinsukia,CGWB,18,Assam,302,TINSUKIA,TINSUKIA,TINSUKIA,Tinsukia,-,-,-,-,-,-,27.47500000,95.36666667,25-05-2010 00:00,8.3,751,"",40,160,"","","",50.19,"","","",272,44.8,38.83,60.5,"",0.29,"","","","","","","","",""
1811,Tinsukia,CGWB,18,Assam,302,TINSUKIA,TINSUKIA,TINSUKIA,Tinsukia,-,-,-,-,-,-,27.47500000,95.36666667,25-05-2012 00:00,8.3,751,"",40,160,197.8,"","",2.19,"","","",272,"",66.13,"","","","","","","","","","","",""
1812,Tinsukia,CGWB,18,Assam,302,TINSUKIA,TINSUKIA,TINSUKIA,Tinsukia,-,-,-,-,-,-,27.47500000,95.36666667,25-05-2013 00:00,8.3,816,"",48,120,178.4,"","",27.84,"","","",204,60.8,12.6,31.5,"",0.99,"","","","","","","","",""
1813,Tinsukia,CGWB,18,Assam,302,TINSUKIA,TINSUKIA,TINSUKIA,Tinsukia,-,-,-,-,-,-,27.47500000,95.36666667,25-05-2014 00:00,8.3,308.1,"",56,64,145.79,86,"",56.3,"","","",252,40,37,36.2,"","","","","","","","","","",""
1814,Tinsukia,CGWB,18,Assam,302,TINSUKIA,TINSUKIA,TINSUKIA,Tinsukia,-,-,-,-,-,-,27.47500000,95.36666667,25-05-2016 00:00,7.8,760.1,386.2,0,105,105,50,"",60.8,"","","",235,58,21.8,5,"",1.01,"","","","","","","","",""
1815,Tinsukia,CGWB,18,Assam,302,TINSUKIA,TINSUKIA,TINSUKIA,Tinsukia,-,-,-,-,-,-,27.47500000,95.36666667,25-05-2018 00:00,7.056,956.5,498.1,0,160.128,160.128,134.71,"",62.8715,"",0,"",295,54.0432,38.80874,33.51,"",0.3828,0,"","","","","","","",""
1816,Tinsukia,CGWB,18,Assam,302,TINSUKIA,TINSUKIA,TINSUKIA,Tinsukia,-,-,-,-,-,-,27.47500000,95.36666667,30-05-2021 08:00,7.68,520,338,0,207.4,"",42.54,"",6,0.02,"","",210,60,14.592,20.1,"","","","","","","","","","",""
1817,Tipamia,CGWB,18,Assam,290,JORHAT,TITABOR,TITABOR,Tipamia,-,-,-,-,-,-,26.53333333,94.18333333,25-05-2007 00:00,8.07,684,"",0,183,"","","",54,"","","",225,62,17,"","","","","","","","","","","",""
1818,Tipamia,CGWB,18,Assam,290,JORHAT,TITABOR,TITABOR,Tipamia,-,-,-,-,-,-,26.53333333,94.18333333,25-05-2008 00:00,8.07,684,"",0,183,"","","",54,"","","",225,62,17,"","","","","","","","","","","",""
1819,Tirap gate,CGWB,18,Assam,302,TINSUKIA,MARGHERITA,MARGHERITA,Tirap gate,-,-,-,-,-,-,27.33111111,95.85305556,25-05-2005 00:00,7.22,265,"",0,85,"","","",41,"","","",75,20,6.1,"","",3.68,"","","","","","","","",""
1820,Tirap gate,CGWB,18,Assam,302,TINSUKIA,MARGHERITA,MARGHERITA,Tirap gate,-,-,-,-,-,-,27.33111111,95.85305556,25-05-2007 00:00,7.02,230,"",0,67,"","","","","","","",75,27,2,"","",0.69,"","","","","","","","",""
1821,Tirap gate,CGWB,18,Assam,302,TINSUKIA,MARGHERITA,MARGHERITA,Tirap gate,-,-,-,-,-,-,27.33111111,95.85305556,25-05-2009 00:00,8.54,188,"",30,184.5,201.2,"","",9,"","","",200,28,31.64,"","",3.98,"","","","","","","","",""
1822,Tirap gate,CGWB,18,Assam,302,TINSUKIA,MARGHERITA,MARGHERITA,Tirap gate,-,-,-,-,-,-,27.33111111,95.85305556,25-05-2010 00:00,8.1,223,"",0,32,"","","",18.85,"","","",48,11.2,4.85,13.8,"",0.37,"","","","","","","","",""
1823,Tirap gate,CGWB,18,Assam,302,TINSUKIA,MARGHERITA,MARGHERITA,Tirap gate,-,-,-,-,-,-,27.33111111,95.85305556,25-05-2013 00:00,8.1,185,"",0,32,26.2,"","",18.85,"","","",48,11.2,4.85,27,"",0.37,"","","","","","","","",""
1824,Tirap gate,CGWB,18,Assam,302,TINSUKIA,MARGHERITA,MARGHERITA,Tirap gate,-,-,-,-,-,-,27.33111111,95.85305556,25-05-2014 00:00,7,135.2,"","",44,36.07,44,"",40.3,"","","",88,17.6,10.72,20.5,"","","","","","","","","","",""
1825,Tirap gate,CGWB,18,Assam,302,TINSUKIA,MARGHERITA,MARGHERITA,Tirap gate,-,-,-,-,-,-,27.33111111,95.85305556,25-05-2016 00:00,7.5,173.4,87.67,0,40,40,10.635,"",30.49418,"","","",55,6,9.7,5.15,"",10.11,"","","","","","","","",""
1826,Tirap gate,CGWB,18,Assam,302,TINSUKIA,MARGHERITA,MARGHERITA,Tirap gate,-,-,-,-,-,-,27.33111111,95.85305556,25-05-2018 00:00,6.528,224.5,120.1,0,45.036,45.036,31.905,"",4.3087,"",0,"",70,10.008,10.917476,8.12,"",0.808,0,"","","","","","","",""
1827,Tirap gate,CGWB,18,Assam,302,TINSUKIA,MARGHERITA,MARGHERITA,Tirap gate,-,-,-,-,-,-,27.33111111,95.85305556,30-05-2019 08:00,7.77,207.1,"",0,42.73416,"",31.905,"","","","","",55,10.008,7.276699,27.71,"","","","","","","","","","",""
1828,Tirap gate,CGWB,18,Assam,302,TINSUKIA,MARGHERITA,MARGHERITA,Tirap gate,-,-,-,-,-,-,27.33111111,95.85305556,30-05-2020 08:00,7.77,207.1,"","",42.73416,"",31.905,"","","","","","",10.008,7.276699,27.71,"","","","","","","","","","",""
1829,Tirap gate,CGWB,18,Assam,302,TINSUKIA,MARGHERITA,MARGHERITA,Tirap gate,-,-,-,-,-,-,27.33111111,95.85305556,30-05-2021 08:00,7.87,3845,2499.25,0,732,"",518,"",492,0.01,"","",430,64,65.664,684,"","","","","","","","","","",""
1830,Titabor,CGWB,18,Assam,290,JORHAT,TITABOR,TITABOR,Titabor,-,-,-,-,-,-,26.53333333,94.18333333,25-05-2005 00:00,7.31,568,"",0,220,"","","",69,"","","",215,58,17,"","",0.08,"","","","","","","","",""
1831,Titabor,CGWB,18,Assam,290,JORHAT,TITABOR,TITABOR,Titabor,-,-,-,-,-,-,26.53333333,94.18333333,25-05-2006 00:00,7.05,458,"",0,195,"","","",41,"","","",170,58,6.1,"","",0.2,"","","","","","","","",""
1832,Titabor,CGWB,18,Assam,290,JORHAT,TITABOR,TITABOR,Titabor,-,-,-,-,-,-,26.53333333,94.18333333,25-05-2007 00:00,8.1,781,"",0,201,"","","",55,"","","",230,58,20,"","",0.02,"","","","","","","","",""
1833,Titabor,CGWB,18,Assam,290,JORHAT,TITABOR,TITABOR,Titabor,-,-,-,-,-,-,26.53333333,94.18333333,25-05-2008 00:00,8.1,781,"",0,201,"","","",55,"","","",230,58,20,"","",0.02,"","","","","","","","",""
1834,Titabor,CGWB,18,Assam,290,JORHAT,TITABOR,TITABOR,Titabor,-,-,-,-,-,-,26.53333333,94.18333333,25-05-2010 00:00,7.8,862,"",0,104,"","","",6.47,"","","",229,36.8,33.2,65.9,"",2.02,"","","","","","","","",""
1835,Titabor,CGWB,18,Assam,290,JORHAT,TITABOR,TITABOR,Titabor,-,-,-,-,-,-,26.53333333,94.18333333,25-05-2013 00:00,7.8,802,"",0,104,85.3,"","",12.47,"","","",126,36.8,8.31,1.3,"",0.02,"","","","","","","","",""
1836,Titabor,CGWB,18,Assam,290,JORHAT,TITABOR,TITABOR,Titabor,-,-,-,-,-,-,26.53333333,94.18333333,25-05-2014 00:00,8.6,635,"",88,116,241.75,71.5,"",30,"","","",220,40,29.22,60,"",0.23,"","","","","","","","",""
1837,Titabor,CGWB,18,Assam,290,JORHAT,TITABOR,TITABOR,Titabor,-,-,-,-,-,-,26.53333333,94.18333333,25-05-2015 00:00,8.31,450,"",40,72,125.68,60,"",52.9,"","","",56,16,3.91,64.25,"",0.8,"","","","","","","","",""
1838,Titabor,CGWB,18,Assam,290,JORHAT,TITABOR,TITABOR,Titabor,-,-,-,-,-,-,26.53333333,94.18333333,25-05-2016 00:00,8.3,702.3,355.7,60,185,245,60.265,"",8.306331,"","","",150,46,8.5,58.1,"",0.49,"","","","","","","","",""
1839,Titabor,CGWB,18,Assam,290,JORHAT,TITABOR,TITABOR,Titabor,-,-,-,-,-,-,26.53333333,94.18333333,25-05-2018 00:00,8.54,726.4,397.2,30,140.136,170.136,31.905,"",27.8742,"",0,"",220,68.0544,12.102913,17.22,"",0.4536,0,"","","","","","","",""
1840,Titabor,CGWB,18,Assam,290,JORHAT,TITABOR,TITABOR,Titabor,-,-,-,-,-,-,26.53333333,94.18333333,30-05-2019 08:00,8.37,613.9,"",24,207.60497,"",74.445,"","","","","",245,18.0144,48.53495,30.24,"","","","","","","","","","",""
1841,Titabor,CGWB,18,Assam,290,JORHAT,TITABOR,TITABOR,Titabor,-,-,-,-,-,-,26.53333333,94.18333333,30-05-2020 08:00,8.37,613.9,"","",207.60497,"",74.445,"","","","","","",18.0144,48.53495,30.24,"","","","","","","","","","",""
1842,Tolakbari,CGWB,18,Assam,301,SONITPUR,-,-,-,-,-,-,-,-,-,26.70000000,92.95000000,30-05-2019 08:00,8.19,374.8,"",0,109.88784,"",74.445,"","","","","",85,24.0192,6.0563107,48.79,"","","","","","","","","","",""
1843,Tolakbari,CGWB,18,Assam,301,SONITPUR,-,-,-,-,-,-,-,-,-,26.70000000,92.95000000,30-05-2020 08:00,8.19,374.8,"","",109.88784,"",74.445,"","","","","","",24.0192,6.0563107,48.79,"","","","","","","","","","",""
1844,Topatoli,CGWB,18,Assam,291,KAMRUP,SONAPUR,SONAPUR,Topatoli,-,-,-,-,-,-,26.10833333,92.11666667,25-05-2005 00:00,7.47,415,"",0,85,"","","",39,"","","",115,22,15,"","",0.62,"","","","","","","","",""
1845,Topatoli,CGWB,18,Assam,291,KAMRUP,SONAPUR,SONAPUR,Topatoli,-,-,-,-,-,-,26.10833333,92.11666667,25-05-2006 00:00,6.85,389,"",0,85,"","","",37,"","","",100,26,8.5,"","",0.18,"","","","","","","","",""
1846,Topatoli,CGWB,18,Assam,291,KAMRUP,SONAPUR,SONAPUR,Topatoli,-,-,-,-,-,-,26.10833333,92.11666667,25-05-2007 00:00,7.59,230,"",0,84.4,"","","",3,"","","",65,14,7.29,"","",3,"","","","","","","","",""
1847,Topatoli,CGWB,18,Assam,291,KAMRUP,SONAPUR,SONAPUR,Topatoli,-,-,-,-,-,-,26.10833333,92.11666667,25-05-2008 00:00,7.8,395,"",0,122,"","","","","","","",215,28,11,"","",3.21,"","","","","","","","",""
1848,Topatoli,CGWB,18,Assam,291,KAMRUP,SONAPUR,SONAPUR,Topatoli,-,-,-,-,-,-,26.10833333,92.11666667,25-05-2014 00:00,8.3,212.5,"",72,132,228.2,22,"",1,"","","",152,38.4,13.66,41,"",0.03,"","","","","","","","",""
1849,Topatoli N,CGWB,18,Assam,291,KAMRUP,SONAPUR,SONAPUR,Topatoli N,-,-,-,-,-,-,26.11027778,92.13638889,25-05-2009 00:00,7.97,261,"",0,31,25.4,"","",16,"","","",115,21,15.22,"","",1.02,"","","","","","","","",""
1850,Tupia,CGWB,18,Assam,301,SONITPUR,-,-,-,-,-,-,-,-,-,26.80000000,92.91000000,30-05-2019 08:00,7.79,134.3,"",0,36.62928,"",35.45,"","","","","",35,12.01,1.21,19.89,"","","","","","","","","","",""
1851,Tupia,CGWB,18,Assam,301,SONITPUR,-,-,-,-,-,-,-,-,-,26.80000000,92.91000000,30-05-2020 08:00,7.79,134.3,"","",36.62928,"",35.45,"","","","","","",12.01,1.21,19.89,"","","","","","","","","","",""
1852,Tupia,CGWB,18,Assam,301,SONITPUR,-,-,-,-,-,-,-,-,-,26.80000000,92.91000000,30-05-2021 08:00,7.63,1350,877.5,0,390.4,"",163.07,"",24,0.58,"","",310,40,51.072,120,"","","","","","","","","","",""
1853,Udalguri,CGWB,18,Assam,283,DARRANG,UDALGURI,UDALGURI,Udalguri,-,-,-,-,-,-,26.75000000,92.10833333,25-05-2005 00:00,7.29,239,"",0,85,"","","",10,"","","",75,24,3.6,"","",4.2,"","","","","","","","",""
1854,Udalguri,CGWB,18,Assam,283,DARRANG,UDALGURI,UDALGURI,Udalguri,-,-,-,-,-,-,26.75000000,92.10833333,25-05-2006 00:00,7.05,145,"",0,31,"","","",14,"","","",40,14,1.2,"","",0.09,"","","","","","","","",""
1855,Udalguri,CGWB,18,Assam,283,DARRANG,UDALGURI,UDALGURI,Udalguri,-,-,-,-,-,-,26.75000000,92.10833333,25-05-2007 00:00,7.61,1100,"",0,360,"","","",36,"","","",270,38,43,"","",0.07,"","","","","","","","",""
1856,Udalguri,CGWB,18,Assam,283,DARRANG,UDALGURI,UDALGURI,Udalguri,-,-,-,-,-,-,26.75000000,92.10833333,25-05-2008 00:00,7.61,1100,"",0,360,"","","",36,"","","",270,38,43,"","",0.07,"","","","","","","","",""
1857,Udalguri,CGWB,18,Assam,283,DARRANG,UDALGURI,UDALGURI,Udalguri,-,-,-,-,-,-,26.75000000,92.10833333,25-05-2011 00:00,8.22,705,"",0,252.15,"","","","","","","",220,22,41.25,43,"","","","","","","","","","",""
1858,Udalguri,CGWB,18,Assam,283,DARRANG,UDALGURI,UDALGURI,Udalguri,-,-,-,-,-,-,26.75000000,92.10833333,25-05-2012 00:00,8.22,705,"",0,252.1,206.6,"","","","","","",220,22,41.2,43,"","","","","","","","","","",""
1859,Udalguri,CGWB,18,Assam,283,DARRANG,UDALGURI,UDALGURI,Udalguri,-,-,-,-,-,-,26.75000000,92.10833333,25-05-2015 00:00,8.8,66.8,"",40,120,165.03,59.6,"",16,"","","",180,56,9.79,33.9,"",1.02,"","","","","","","","",""
1860,Udalguri,CGWB,18,Assam,283,DARRANG,UDALGURI,UDALGURI,Udalguri,-,-,-,-,-,-,26.75000000,92.10833333,25-05-2016 00:00,8.3,586.2,309.7,30,100,130,87.5,"",13.1,"","","",95,14,14.6,76.96,"",0.32,"","","","","","","","",""
1861,Ujanborbori,CGWB,18,Assam,280,BARPETA,SARUPETA,SARUPETA,Ujanborbori,-,-,-,-,-,-,26.60000000,91.10000000,25-05-2006 00:00,7.61,295,"",0,165,"","","",5,"","","",140,40,9.7,"","",0.02,"","","","","","","","",""
1862,Zebra Khua,CGWB,18,Assam,297,NAGAON,SAMAGURI,SAMAGURI,Zebra Khua,-,-,-,-,-,-,26.14138889,92.81972222,30-05-2021 08:00,7.44,350,"",0,151,"",26,"",5,"","","",135,25,18,15,"","","","","","","","","","",""
1863,Zoo narangi rd,CGWB,18,Assam,291,KAMRUP,CHANDRAPUR,CHANDRAPUR,Zoo narangi rd,-,-,-,-,-,-,26.17500000,91.78611111,25-05-2005 00:00,7.44,490,"",0,116,"","","",14,"","","",135,34,12,"","",0.9,"","","","","","","","",""
1864,Zoo narangi rd,CGWB,18,Assam,291,KAMRUP,CHANDRAPUR,CHANDRAPUR,Zoo narangi rd,-,-,-,-,-,-,26.17500000,91.78611111,25-05-2006 00:00,7.27,581,"",0,134,"","","",28,"","","",140,36,12,"","",0.12,"","","","","","","","",""
1865,Zoo narangi rd,CGWB,18,Assam,291,KAMRUP,CHANDRAPUR,CHANDRAPUR,Zoo narangi rd,-,-,-,-,-,-,26.17500000,91.78611111,25-05-2008 00:00,7.98,428,"",0,123,"","","",7,"","","",115,16,18.2,"","",0.03,"","","","","","","","",""
1866,Zoo narangi rd,CGWB,18,Assam,291,KAMRUP,CHANDRAPUR,CHANDRAPUR,Zoo narangi rd,-,-,-,-,-,-,26.17500000,91.78611111,25-05-2009 00:00,8.02,595,"",0,184,150.8,"","",0,"","","",170,30,23.13,"","",1.3,"","","","","","","","",""
1867,Zoo narangi rd,CGWB,18,Assam,291,KAMRUP,CHANDRAPUR,CHANDRAPUR,Zoo narangi rd,-,-,-,-,-,-,26.17500000,91.78611111,25-05-2010 00:00,8.3,942.8,"",44,58,"","","",35.46,"","","",156,30.4,19.4,78.5,"",0.52,"","","","","","","","",""
1868,Zoo narangi rd,CGWB,18,Assam,291,KAMRUP,CHANDRAPUR,CHANDRAPUR,Zoo narangi rd,-,-,-,-,-,-,26.17500000,91.78611111,25-05-2011 00:00,8.44,983,"",27,276.75,"","","","","","","",290,32,52.5,66,"","","","","","","","","","",""
1869,Zoo narangi rd,CGWB,18,Assam,291,KAMRUP,CHANDRAPUR,CHANDRAPUR,Zoo narangi rd,-,-,-,-,-,-,26.17500000,91.78611111,25-05-2012 00:00,8.24,983,"",0,276.7,226.8,"","","","","","",290,32,52.5,66,"","","","","","","","","","",""
1870,Zoo narangi rd,CGWB,18,Assam,291,KAMRUP,CHANDRAPUR,CHANDRAPUR,Zoo narangi rd,-,-,-,-,-,-,26.17500000,91.78611111,25-05-2013 00:00,8.3,942,"",44,58,120.9,"","",35.46,"","","",156,30.4,19.49,12,"",0.52,"","","","","","","","",""
1871,Zoo narangi rd,CGWB,18,Assam,291,KAMRUP,CHANDRAPUR,CHANDRAPUR,Zoo narangi rd,-,-,-,-,-,-,26.17500000,91.78611111,25-05-2014 00:00,8,745,"","",252,206.56,115.1,"",33.27,"","","",220,11.2,46.69,86.6,"",1.26,"","","","","","","","",""
1872,Zoo narangi rd,CGWB,18,Assam,291,KAMRUP,CHANDRAPUR,CHANDRAPUR,Zoo narangi rd,-,-,-,-,-,-,26.17500000,91.78611111,25-05-2015 00:00,8.31,612.7,"",16,148,147.98,20,"",54.7,"","","",92,22.4,8.78,37.93,"",0.05,"","","","","","","","",""
1873,Zoo narangi rd,CGWB,18,Assam,291,KAMRUP,CHANDRAPUR,CHANDRAPUR,Zoo narangi rd,-,-,-,-,-,-,26.17500000,91.78611111,25-05-2016 00:00,7.7,1171,585.5,0,295,295,148.89,"",6.5827327,"","","",200,34,27.9,103.23,"","","","","","","","","","",""
1874,Zoo narangi rd,CGWB,18,Assam,291,KAMRUP,CHANDRAPUR,CHANDRAPUR,Zoo narangi rd,-,-,-,-,-,-,26.17500000,91.78611111,25-05-2018 00:00,6.867,232,123.4,0,80.064,80.064,21.27,"",21.8629,"",0,"",100,22.0176,10.911651,11.45,"",0.2006,0,"","","","","","","",""
