SlNo,Station,Agency,State LGD Code,State,District LGD Code,District,Tehsil,Block,Village,River,Basin,Tributary,Subtributary,SubSubtributary,Local River,Latitude,Longitude,Data Acquisition Time,Potential of Hydrogen (pH),Electric Conductivity (μS/cm),Total Dissolved Solids (mg/L),Carbonate (mg/L),Bicarbonate (mg/L),Total Alkalinity (mg/L as CaCO3),Chloride (mg/L),Nitrate N (mgN/L),Sulphate (mg/L),Phosphate(mg/L),Silica(mg/L),Fluoride (mg/L),Total Hardness (mgCaCO3/L),Calcium (mg/L),Magnesium (mg/L),Sodium (mg/L),Potassium (mg/L),Iron(mg/L),Arsenic (mg/L),Uranium(mg/L),Manganese (mg/L),Copper (mg/L),Lead (mg/L),Zinc (mg/L),Nickel (mg/L),Cadmium (mg/L),Chromium (mg/L)
1,Adhaura,CGWB,10,Bihar,200,KAIMUR,ADHAURA,ADHAURA,Adhaura,-,-,-,-,-,-,24.68277778,83.61777778,25-05-2012 00:00,7.4,1240,"",0,360,"",42.54,"",42.96,"","","",496,94.58,62.4,"","","","","","","","","","","",""
2,Adrahch,CGWB,10,Bihar,216,SAHARSA,SOUR BAZAR,SOUR BAZAR,Adrahch,-,-,-,-,-,-,25.78222222,86.68472222,25-05-2013 00:00,8.34,478,"",12,201.3,"",39,"",2.5,"","","",145,8,30.4,37.6,"","","","","","","","","","",""
3,Agwanpur,CGWB,10,Bihar,212,PATNA,BARH,BARH,Agwanpur,-,-,-,-,-,-,25.45138889,85.73166667,30-05-2019 08:00,8.571,465.4,376.675,3,213.6708,"",38.995,"","","","","",150,28.0224,19.403883,56.36,"","","","","","","","","","",""
4,Agwanpur,CGWB,10,Bihar,212,PATNA,BARH,BARH,Agwanpur,-,-,-,-,-,-,25.45138889,85.73166667,30-05-2020 08:00,8.571,465.4,"","",213.6708,"",38.995,"","","","","","",28.0224,19.403883,56.36,"","","","","","","","","","",""
5,Akauna,CGWB,10,Bihar,196,GAYA,AMAS,AMAS,Akauna,-,-,-,-,-,-,24.57555556,84.77555556,30-05-2019 08:00,8.02,545,518.05,0,264,"",17.75,"","","","","",185,66,4.86,35,"","","","","","","","","","",""
6,Akauna,CGWB,10,Bihar,196,GAYA,AMAS,AMAS,Akauna,-,-,-,-,-,-,24.57555556,84.77555556,30-05-2020 08:00,8.02,545,"","",264,"",17.75,"","","","","","",66,4.86,35,"","","","","","","","","","",""
7,Akbarnagar stn,CGWB,10,Bihar,192,BHAGALPUR,SULTANGANJ,SULTANGANJ,Akbarnagar stn,-,-,-,-,-,-,25.22500000,86.80833333,25-05-2005 00:00,8.39,680,"",18,122,"",75,"","","","","",160,20,26.77,64,"","","","","","","","","","",""
8,Akbarnagar stn,CGWB,10,Bihar,192,BHAGALPUR,SULTANGANJ,SULTANGANJ,Akbarnagar stn,-,-,-,-,-,-,25.22500000,86.80833333,25-05-2007 00:00,8.61,1396,"",30,585,529.5,184.6,"","","","","",420,28,85,157.5,"","","","","","","","","","",""
9,Akbarnagar stn,CGWB,10,Bihar,192,BHAGALPUR,SULTANGANJ,SULTANGANJ,Akbarnagar stn,-,-,-,-,-,-,25.22500000,86.80833333,25-05-2008 00:00,7.94,1400,"",0,232,"",185,"","","","","",375,100,30,115,"","","","","","","","","","",""
10,Akbarnagar stn,CGWB,10,Bihar,192,BHAGALPUR,SULTANGANJ,SULTANGANJ,Akbarnagar stn,-,-,-,-,-,-,25.22500000,86.80833333,25-05-2009 00:00,"",904,"",6,238,"",124,"","","","","",220,54,20.73,52,"","","","","","","","","","",""
11,Akbarnagar stn,CGWB,10,Bihar,192,BHAGALPUR,SULTANGANJ,SULTANGANJ,Akbarnagar stn,-,-,-,-,-,-,25.22500000,86.80833333,25-05-2010 00:00,"",1607,"",0,634,"",177,"","","","","",575,114,70,87,"","","","","","","","","","",""
12,Akbarnagar stn,CGWB,10,Bihar,192,BHAGALPUR,SULTANGANJ,SULTANGANJ,Akbarnagar stn,-,-,-,-,-,-,25.22500000,86.80833333,25-05-2011 00:00,8.23,1607,"",0,634,"",177,"","","","","",575,114,70.65,87,"","","","","","","","","","",""
13,Akbarnagar stn,CGWB,10,Bihar,192,BHAGALPUR,SULTANGANJ,SULTANGANJ,Akbarnagar stn,-,-,-,-,-,-,25.22500000,86.80833333,25-05-2012 00:00,8.23,1607,"",0,634,"",177,"","","","","",575,114,70,87,"","","","","","","","","","",""
14,Akbarnagar stn,CGWB,10,Bihar,192,BHAGALPUR,SULTANGANJ,SULTANGANJ,Akbarnagar stn,-,-,-,-,-,-,25.22500000,86.80833333,25-05-2016 00:00,7.46,452,293.8,0,227.55,"",35.45,"",35.6,"",20.44,"",160,22,25.51,41.25,"","","","","","","","","","",""
15,Akbarpur,CGWB,10,Bihar,210,NAWADA,AKBARPUR,AKBARPUR,Akbarpur,-,-,-,-,-,-,24.75000000,85.53750000,25-05-2005 00:00,7.54,1330,"",0,567,"",82,"","","","","",365,52,57.2,133,"","","","","","","","","","",""
16,Akbarpur in bdo,CGWB,10,Bihar,215,ROHTAS,ROHTAS,ROHTAS,Akbarpur in bdo,-,-,-,-,-,-,24.65833333,83.94583333,25-05-2002 00:00,8.39,240,"","","","","","","","","","","","","","","","","","","","","","","","",""
17,Akbarpur in bdo,CGWB,10,Bihar,215,ROHTAS,ROHTAS,ROHTAS,Akbarpur in bdo,-,-,-,-,-,-,24.65833333,83.94583333,25-05-2013 00:00,7.84,572,"",0,195.2,"",53.2,"",17.5,"","","",145,18,24.3,40.6,"","","","","","","","","","",""
18,Akbarpur in bdo,CGWB,10,Bihar,215,ROHTAS,ROHTAS,ROHTAS,Akbarpur in bdo,-,-,-,-,-,-,24.65833333,83.94583333,25-05-2016 00:00,7.77,560,364,0,332.1,"",17.72,"",6.7,"",4.46,"",230,54,23.08,25.86,"","","","","","","","","","",""
19,Alubikha,CGWB,10,Bihar,199,JEHANABAD,MAKHDUMPUR,MAKHDUMPUR,Alubikha,-,-,-,-,-,-,25.06666667,85.01333333,30-05-2019 08:00,8.44,2110,251.55,9,683.2,"",127.8,"","","","","",660,64,121.5,109,"","","","","","","","","","",""
20,Alubikha,CGWB,10,Bihar,199,JEHANABAD,MAKHDUMPUR,MAKHDUMPUR,Alubikha,-,-,-,-,-,-,25.06666667,85.01333333,30-05-2020 08:00,8.44,2110,"","",683.2,"",127.8,"","","","","","",64,121.5,109,"","","","","","","","","","",""
21,Alubikha,CGWB,10,Bihar,199,JEHANABAD,MAKHDUMPUR,MAKHDUMPUR,Alubikha,-,-,-,-,-,-,25.06666667,85.01333333,30-05-2021 08:00,8,1800,"",0,372,"",362,"",115,"","","",439,80,57,255,"","","","","","","","","","",""
22,Amarpur ps,CGWB,10,Bihar,190,BANKA,AMARPUR,AMARPUR,Amarpur,-,-,-,-,-,-,25.05416667,86.90416667,25-05-2005 00:00,8.38,950,"",24,128,"",124,"","","","","",160,24,24.34,115,"","","","","","","","","","",""
23,Amarpur ps,CGWB,10,Bihar,190,BANKA,AMARPUR,AMARPUR,Amarpur,-,-,-,-,-,-,25.05416667,86.90416667,25-05-2007 00:00,8.04,1468,"","",615,1140.2,173.9,"","","","","",370,68,48.6,140,"","","","","","","","","","",""
24,Amarpur ps,CGWB,10,Bihar,190,BANKA,AMARPUR,AMARPUR,Amarpur,-,-,-,-,-,-,25.05416667,86.90416667,25-05-2008 00:00,8.53,920,"",12,214,"",121,"","","","","",205,32,30,85,"","","","","","","","","","",""
25,Amarpur ps,CGWB,10,Bihar,190,BANKA,AMARPUR,AMARPUR,Amarpur,-,-,-,-,-,-,25.05416667,86.90416667,25-05-2010 00:00,8.11,1268,"",0,372,"",145,"","","","","",355,86,34,92,"","","","","","","","","","",""
26,Amarpur ps,CGWB,10,Bihar,190,BANKA,AMARPUR,AMARPUR,Amarpur,-,-,-,-,-,-,25.05416667,86.90416667,25-05-2011 00:00,8.1,1268,"",0,372,"",145,"","","","","",355,86,34.14,92,"","","","","","","","","","",""
27,Amarpur ps,CGWB,10,Bihar,190,BANKA,AMARPUR,AMARPUR,Amarpur,-,-,-,-,-,-,25.05416667,86.90416667,25-05-2013 00:00,8.2,1920,"",0,610,"",206,"",86,"","","",450,136,26.91,158,"","","","","","","","","","",""
28,Amarpur ps,CGWB,10,Bihar,190,BANKA,AMARPUR,AMARPUR,Amarpur,-,-,-,-,-,-,25.05416667,86.90416667,25-05-2016 00:00,7.74,780,507,0,172.3,"",67.35,"",65.95,"",20.67,"",180,30,25.51,54.76,"","","","","","","","","","",""
29,Amaur,CGWB,10,Bihar,214,PURNIA,AMOUR,AMOUR,Amaur,-,-,-,-,-,-,25.96111111,87.72500000,25-05-2000 00:00,8.55,489,"",30,256,"",21,"","","","","",220,28,36,40,"","","","","","","","","","",""
30,Amaur,CGWB,10,Bihar,214,PURNIA,AMOUR,AMOUR,Amaur,-,-,-,-,-,-,25.95833333,87.71250000,25-05-2002 00:00,8.93,669,"","","","","","","","","","","","","","","","","","","","","","","","",""
31,Amaur,CGWB,10,Bihar,214,PURNIA,AMOUR,AMOUR,Amaur,-,-,-,-,-,-,25.95833333,87.71250000,25-05-2003 00:00,6.35,620,"","","","","","","","","","","","","","","","","","","","","","","","",""
32,Amaur,CGWB,10,Bihar,214,PURNIA,AMOUR,AMOUR,Amaur,-,-,-,-,-,-,25.95833333,87.71250000,25-05-2016 00:00,7.72,247,"",0,53.68,"",24.822,"",56.87,"",11.65,"",70,16,7.2,25.29,"","","","","","","","","","",""
33,Amawan,CGWB,10,Bihar,215,ROHTAS,SHEOSAGAR,SHEOSAGAR,Amawan,-,-,-,-,-,-,24.97444444,83.95555556,25-05-2007 00:00,8.67,744,"",54,146,209.7,71,"","","","","",110,10,21,110,"","","","","","","","","","",""
34,Amawan,CGWB,10,Bihar,215,ROHTAS,SHEOSAGAR,SHEOSAGAR,Amawan,-,-,-,-,-,-,24.97444444,83.95555556,25-05-2010 00:00,"",687,"",0,293,"",60,"","","","","",135,18,22,86,"","","","","","","","","","",""
35,Amawan,CGWB,10,Bihar,215,ROHTAS,SHEOSAGAR,SHEOSAGAR,Amawan,-,-,-,-,-,-,24.97444444,83.95555556,25-05-2011 00:00,7.5,687,"",0,293,"",60,"","","","","",135,18,21.9,86,"","","","","","","","","","",""
36,Amawan,CGWB,10,Bihar,215,ROHTAS,SHEOSAGAR,SHEOSAGAR,Amawan,-,-,-,-,-,-,24.97444444,83.95555556,25-05-2012 00:00,7.46,740,"",0,340,"",96.42,"",51.58,"","","",228,38.47,31.68,"","","","","","","","","","","",""
37,Amawan,CGWB,10,Bihar,215,ROHTAS,SHEOSAGAR,SHEOSAGAR,Amawan,-,-,-,-,-,-,24.97444444,83.95555556,25-05-2016 00:00,7.67,2510,1631.5,0,412.05,"",450.21,"",99.43,"",4.15,"",565,70,94.77,161.45,"","","","","","","","","","",""
38,Ambari,CGWB,10,Bihar,219,SHEIKHPURA,BARBIGHA,BARBIGHA,Ambari,-,-,-,-,-,-,25.14000000,85.69944444,25-05-2013 00:00,7.27,930,"",0,415,"",57,"",0,"","","",270,52,34.1,46,"","","","","","","","","","",""
39,Ambari,CGWB,10,Bihar,219,SHEIKHPURA,BARBIGHA,BARBIGHA,Ambari,-,-,-,-,-,-,25.14000000,85.69944444,25-05-2016 00:00,6.88,1830,1189.5,0,251.33,"",294.35,"",218.17,"",24,"",280,64,29.16,131.72,"","","","","","","","","","",""
40,Ambari,CGWB,10,Bihar,219,SHEIKHPURA,BARBIGHA,BARBIGHA,Ambari,-,-,-,-,-,-,25.14000000,85.69944444,30-05-2019 08:00,8.1,387,395.2,0,122,"",53.2,"","","","","",115,20,16,35,"","","","","","","","","","",""
41,Ambari,CGWB,10,Bihar,219,SHEIKHPURA,BARBIGHA,BARBIGHA,Ambari,-,-,-,-,-,-,25.14000000,85.69944444,30-05-2020 08:00,8.1,387,"","",122,"",53.2,"","","","","","",20,16,35,"","","","","","","","","","",""
42,Ambari,CGWB,10,Bihar,219,SHEIKHPURA,BARBIGHA,BARBIGHA,Ambari,-,-,-,-,-,-,25.14000000,85.69944444,30-05-2021 08:00,8.2,520,"",0,232,"",33,"",28,"","","",204,53,17,20,"","","","","","","","","","",""
43,Ambedkar Nagar,CGWB,10,Bihar,198,JAMUI,JHAJHA,JHAJHA,Ambedkar Nagar,-,-,-,-,-,-,24.79444444,86.36027778,30-05-2019 08:00,7.9,588,569.4,0,155,"",49,"","","","","",194,59,11.30136,29,"","","","","","","","","","",""
44,Ambedkar Nagar,CGWB,10,Bihar,198,JAMUI,JHAJHA,JHAJHA,Ambedkar Nagar,-,-,-,-,-,-,24.79444444,86.36027778,30-05-2020 08:00,7.9,588,"","",155,"",49,"","","","","","",59,11.30136,29,"","","","","","","","","","",""
45,Ambwalia,CGWB,10,Bihar,215,ROHTAS,KARGAHAR,KARGAHAR,Ambwalia,-,-,-,-,-,-,25.07500000,83.94583333,25-05-2002 00:00,8.76,352,"","","","","","","","","","","","","","","","","","","","","","","","",""
46,Ambwalia,CGWB,10,Bihar,215,ROHTAS,KARGAHAR,KARGAHAR,Ambwalia,-,-,-,-,-,-,25.07500000,83.94583333,25-05-2011 00:00,7.5,271,"",0,134,"",14,"","","","","",105,32,6.12,11,"","","","","","","","","","",""
47,Ambwalia,CGWB,10,Bihar,215,ROHTAS,KARGAHAR,KARGAHAR,Ambwalia,-,-,-,-,-,-,25.07500000,83.94583333,25-05-2012 00:00,7.41,830,"",0,20,"",68.06,"",50.25,"","","",328,19.23,67.2,"","","","","","","","","","","",""
48,Ambwalia,CGWB,10,Bihar,215,ROHTAS,KARGAHAR,KARGAHAR,Ambwalia,-,-,-,-,-,-,25.07500000,83.94583333,25-05-2013 00:00,7.92,700,"",0,317.2,"",31.9,"",0,"","","",105,12,18.2,98.2,"","","","","","","","","","",""
49,Ambwalia,CGWB,10,Bihar,215,ROHTAS,KARGAHAR,KARGAHAR,Ambwalia,-,-,-,-,-,-,25.07500000,83.94583333,25-05-2016 00:00,8.13,442,"",0,244,"",14,"",9,"",7.1,"",170,14,32,29,"","","","","","","","","","",""
50,Ambwalia,CGWB,10,Bihar,215,ROHTAS,KARGAHAR,KARGAHAR,Ambwalia,-,-,-,-,-,-,25.07500000,83.94583333,30-05-2019 08:00,7.9,878,330.85,0,415,"",19,"","","","","",292,36,49.09408,62,"","","","","","","","","","",""
51,Ambwalia,CGWB,10,Bihar,215,ROHTAS,KARGAHAR,KARGAHAR,Ambwalia,-,-,-,-,-,-,25.07500000,83.94583333,30-05-2020 08:00,7.9,878,"","",415,"",19,"","","","","","",36,49.09408,62,"","","","","","","","","","",""
52,Amhara,CGWB,10,Bihar,212,PATNA,BIHTA,BIHTA,Amhara,-,-,-,-,-,-,25.51916667,84.85416667,30-05-2019 08:00,8.2,256,154.05,0,92,"",28.4,"","","","","",100,22,11,11,"","","","","","","","","","",""
53,Amhara,CGWB,10,Bihar,212,PATNA,BIHTA,BIHTA,Amhara,-,-,-,-,-,-,25.51916667,84.85416667,30-05-2020 08:00,8.2,256,"","",92,"",28.4,"","","","","","",22,11,11,"","","","","","","","","","",""
54,Amhara,CGWB,10,Bihar,212,PATNA,BIHTA,BIHTA,Amhara,-,-,-,-,-,-,25.51916667,84.85416667,30-05-2021 08:00,8.08,400,"",0,159,"",35,"",1,"","","",123,29,12,20,"","","","","","","","","","",""
55,Ammi,CGWB,10,Bihar,218,SARAN,DIGHWARA,DIGHWARA,Ammi,-,-,-,-,-,-,25.74388889,84.95777778,25-05-2001 00:00,7.32,1020,"",0,488,"",64,"","","","","",410,32,80,39,"","","","","","","","","","",""
56,Ammi,CGWB,10,Bihar,218,SARAN,DIGHWARA,DIGHWARA,Ammi,-,-,-,-,-,-,25.74166667,84.96250000,25-05-2002 00:00,8.63,524,"","","","","","","","","","","","","","","","","","","","","","","","",""
57,Ammi,CGWB,10,Bihar,218,SARAN,DIGHWARA,DIGHWARA,Ammi,-,-,-,-,-,-,25.74166667,84.96250000,25-05-2008 00:00,7.56,860,"",0,348,"",64,"","","","","",370,52,58,21,"","","","","","","","","","",""
58,Ammi,CGWB,10,Bihar,218,SARAN,DIGHWARA,DIGHWARA,Ammi,-,-,-,-,-,-,25.74166667,84.96250000,25-05-2009 00:00,"",2050,"",24,354,"",391,"","","","","",500,86,69,230,"","","","","","","","","","",""
59,Ammi,CGWB,10,Bihar,218,SARAN,DIGHWARA,DIGHWARA,Ammi,-,-,-,-,-,-,25.74166667,84.96250000,25-05-2010 00:00,"",934,"",0,366,"",89,"","","","","",240,24,44,50,"","","","","","","","","","",""
60,Ammi,CGWB,10,Bihar,218,SARAN,DIGHWARA,DIGHWARA,Ammi,-,-,-,-,-,-,25.74166667,84.96250000,25-05-2011 00:00,8.4,1735,"",12,689.3,"",241.4,"","","","","",450,46,81.5,212,"","","","","","","","","","",""
61,Ammi,CGWB,10,Bihar,218,SARAN,DIGHWARA,DIGHWARA,Ammi,-,-,-,-,-,-,25.74166667,84.96250000,25-05-2013 00:00,7.39,849,"",0,359.9,"",56.7,"",8.5,"","","",200,24,34,82,"","","","","","","","","","",""
62,Ammi,CGWB,10,Bihar,218,SARAN,DIGHWARA,DIGHWARA,Ammi,-,-,-,-,-,-,25.74166667,84.96250000,25-05-2016 00:00,8.06,895,581.75,0,258.3,"",106.35,"",21.62,"",6,"",380,72,48.6,30.33,"","","","","","","","","","",""
63,Amour,CGWB,10,Bihar,214,PURNIA,AMOUR,AMOUR,Amaur,-,-,-,-,-,-,25.96722222,87.71722222,30-05-2019 08:00,7.98,528,182,0,205,"",28.4,"","","","","",155,28,20.655,38.18,"","","","","","","","","","",""
64,Amour,CGWB,10,Bihar,214,PURNIA,AMOUR,AMOUR,Amaur,-,-,-,-,-,-,25.96722222,87.71722222,30-05-2020 08:00,7.98,528,"","",205,"",28.4,"","","","","","",28,20.655,38.18,"","","","","","","","","","",""
65,Amri Kukran E,CGWB,10,Bihar,214,PURNIA,DHAMDAHA,DHAMDAHA,Amri Kukran E,-,-,-,-,-,-,25.78694444,87.17583333,25-05-2012 00:00,7.61,360,"",0,280,"",62.37,"",63.6,"","","",276,56.1,33.07,"","","","","","","","","","","",""
66,Amri Kukran E,CGWB,10,Bihar,214,PURNIA,DHAMDAHA,DHAMDAHA,Amri Kukran E,-,-,-,-,-,-,25.78694444,87.17583333,25-05-2013 00:00,7.32,983,"",0,378.2,"",74.4,"",2.1,"","","",180,18,32.84,50.9,"","","","","","","","","","",""
67,Amri Kukran E,CGWB,10,Bihar,214,PURNIA,DHAMDAHA,DHAMDAHA,Amri Kukran E,-,-,-,-,-,-,25.78694444,87.17583333,25-05-2016 00:00,8.07,825,"",0,372.1,"",46.098,"",19.76,"",9.45,"",340,18,70.8,31.97,"","","","","","","","","","",""
68,A N College,CGWB,10,Bihar,212,PATNA,PATNA RURAL (A),PATNA RURAL (A),A N College,-,-,-,-,-,-,25.61944444,85.11055556,30-05-2021 08:00,7.81,240,"",0,122,"",7,"",5,"","","",85,22,7,15,"","","","","","","","","","",""
69,Andar,CGWB,10,Bihar,222,SIWAN,ANDAR,ANDAR,Andar,-,-,-,-,-,-,26.10833333,84.29583333,25-05-2002 00:00,8.17,471,"","","","","","","","","","","","","","","","","","","","","","","","",""
70,Andar,CGWB,10,Bihar,222,SIWAN,ANDAR,ANDAR,Andar,-,-,-,-,-,-,26.10416667,84.29583333,25-05-2007 00:00,8.52,1050,"",48,378,389.8,64,"","","","","",325,80,30,80,"","","","","","","","","","",""
71,Andar,CGWB,10,Bihar,222,SIWAN,ANDAR,ANDAR,Andar,-,-,-,-,-,-,26.10416667,84.29583333,25-05-2008 00:00,7.87,700,"",0,366,"",11,"","","","","",235,52,26,44,"","","","","","","","","","",""
72,Andar,CGWB,10,Bihar,222,SIWAN,ANDAR,ANDAR,Andar,-,-,-,-,-,-,26.10833333,84.29583333,25-05-2009 00:00,"",1320,"",18,439,"",160,"","","","","",300,52,41,152,"","","","","","","","","","",""
73,Andar,CGWB,10,Bihar,222,SIWAN,ANDAR,ANDAR,Andar,-,-,-,-,-,-,26.10416667,84.29583333,25-05-2010 00:00,"",1675,"",0,579,"",248,"","","","","",510,94,67,120,"","","","","","","","","","",""
74,Andar,CGWB,10,Bihar,222,SIWAN,ANDAR,ANDAR,Andar,-,-,-,-,-,-,26.10833333,84.29583333,25-05-2011 00:00,8.3,1646,"","",591.7,"",305.3,"","","","","",550,26,117.95,135,"","","","","","","","","","",""
75,Andar,CGWB,10,Bihar,222,SIWAN,ANDAR,ANDAR,Andar,-,-,-,-,-,-,26.10833333,84.29583333,25-05-2012 00:00,8.27,356,"",0,172.2,"",17.33,"","","","","",145,12,28,9,"","","","","","","","","","",""
76,Andar,CGWB,10,Bihar,222,SIWAN,ANDAR,ANDAR,Andar,-,-,-,-,-,-,26.10833333,84.29583333,25-05-2013 00:00,8.02,363,"",0,146.4,"",14.2,"",17.9,"","","",140,20,21.91,9,"","","","","","","","","","",""
77,Andar,CGWB,10,Bihar,222,SIWAN,ANDAR,ANDAR,Andar,-,-,-,-,-,-,26.10416667,84.29583333,25-05-2016 00:00,8.24,345,224.25,0,146,"",14,"",13,"",26.36,"",155,20,25.51,9,"","","","","","","","","","",""
78,Andauli,CGWB,10,Bihar,223,SUPAUL,MARAUNA,MARAUNA,Andauli,-,-,-,-,-,-,26.09722222,86.59833333,30-05-2019 08:00,8.23,254,366.6,0,147.6,"",3.47,"","","","","",104.87213,12.097,18.135,6.137,"","","","","","","","","","",""
79,Andauli,CGWB,10,Bihar,223,SUPAUL,MARAUNA,MARAUNA,Andauli,-,-,-,-,-,-,26.09722222,86.59833333,30-05-2020 08:00,8.23,254,"","",147.6,"",3.47,"","","","","","",12.097,18.135,6.137,"","","","","","","","","","",""
80,Anikut,CGWB,10,Bihar,215,ROHTAS,DEHRI,DEHRI,Anikut,-,-,-,-,-,-,24.89138889,84.17777778,25-05-2013 00:00,8.17,516,"",0,244,"",35.5,"",0,"","","",145,18,24.3,51.6,"","","","","","","","","","",""
81,Anikut,CGWB,10,Bihar,215,ROHTAS,DEHRI,DEHRI,Anikut,-,-,-,-,-,-,24.89138889,84.17777778,25-05-2016 00:00,8.48,347,225.55,12,135.3,"",14.18,"",11.5,"",8.66,"",95,30,4.86,31.89,"","","","","","","","","","",""
82,Ankuri Bazar,CGWB,10,Bihar,209,NALANDA,ISLAMPUR,ISLAMPUR,Ankuri Bazar,-,-,-,-,-,-,25.04500000,85.26555556,25-05-2013 00:00,8.2,1802,"",0,952,"",191,"",35,"","","",350,28,68.11,336,"","","","","","","","","","",""
83,Ankuri Bazar,CGWB,10,Bihar,209,NALANDA,ISLAMPUR,ISLAMPUR,Ankuri Bazar,-,-,-,-,-,-,25.04500000,85.26555556,25-05-2016 00:00,7.78,744,483.6,0,258.3,"",67.35,"",34,"",36,"",165,30,24.3,81,"","","","","","","","","","",""
84,Ankuri Bazar,CGWB,10,Bihar,209,NALANDA,ISLAMPUR,ISLAMPUR,Ankuri Bazar,-,-,-,-,-,-,25.04500000,85.26555556,30-05-2019 08:00,8,402,1362.4,0,214,"",17.7,"","","","","",150,40,12,28,"","","","","","","","","","",""
85,Ankuri Bazar,CGWB,10,Bihar,209,NALANDA,ISLAMPUR,ISLAMPUR,Ankuri Bazar,-,-,-,-,-,-,25.04500000,85.26555556,30-05-2020 08:00,8,402,"","",214,"",17.7,"","","","","","",40,12,28,"","","","","","","","","","",""
86,Ankuri Bazar,CGWB,10,Bihar,209,NALANDA,ISLAMPUR,ISLAMPUR,Ankuri Bazar,-,-,-,-,-,-,25.04500000,85.26555556,30-05-2021 08:00,8.3,1600,"",0,653,"",153,"",48,"","","",423,31,83,195,"","","","","","","","","","",""
87,Araria,CGWB,10,Bihar,188,ARARIA,ARARIA,ARARIA,Araria,-,-,-,-,-,-,26.13750000,87.42916667,25-05-2004 00:00,7.51,410,"",0,153,"",43,"","","","","",149,41,11,34,"","","","","","","","","","",""
88,Araria,CGWB,10,Bihar,188,ARARIA,ARARIA,ARARIA,Araria,-,-,-,-,-,-,26.13750000,87.42916667,25-05-2005 00:00,7.49,320,"",0,104,"",25,"","","","","",115,24,13.4,9.4,"","","","","","","","","","",""
89,Araria,CGWB,10,Bihar,188,ARARIA,ARARIA,ARARIA,Araria,-,-,-,-,-,-,26.13750000,87.42916667,25-05-2007 00:00,8.46,450,"",18,122,130,46,"","","","","",145,32,16,25,"","","","","","","","","","",""
90,Araria,CGWB,10,Bihar,188,ARARIA,ARARIA,ARARIA,Araria,-,-,-,-,-,-,26.13750000,87.42916667,25-05-2008 00:00,7.7,100,"",0,43,"",11,"","","","","",30,12,0.01,8,"","","","","","","","","","",""
91,Araria,CGWB,10,Bihar,188,ARARIA,ARARIA,ARARIA,Araria,-,-,-,-,-,-,26.13750000,87.42916667,25-05-2011 00:00,7.2,507,"",0,134.2,"",49.7,"","","","","",135,32,13.41,37,"","","","","","","","","","",""
92,Araria,CGWB,10,Bihar,188,ARARIA,ARARIA,ARARIA,Araria,-,-,-,-,-,-,26.13750000,87.42916667,25-05-2013 00:00,7.36,434,"",0,152.5,"",35.5,"",8.3,"","","",75,12,10.96,40.3,"","","","","","","","","","",""
93,Araria,CGWB,10,Bihar,188,ARARIA,ARARIA,ARARIA,Araria,-,-,-,-,-,-,26.13750000,87.42916667,25-05-2016 00:00,7.58,521,"",0,155.55,"",53.19,"",5.86,"",16.32,"",155,36,15.6,35.32,"","","","","","","","","","",""
94,Araria,CGWB,10,Bihar,188,ARARIA,ARARIA,ARARIA,Araria,-,-,-,-,-,-,26.13750000,87.42916667,30-05-2019 08:00,8.45,1158,418.6,12,129.15,"",127.8,"","","","","",305,50,43.74,115.9,"","","","","","","","","","",""
95,Araria,CGWB,10,Bihar,188,ARARIA,ARARIA,ARARIA,Araria,-,-,-,-,-,-,26.13750000,87.42916667,30-05-2020 08:00,8.45,1158,"","",129.15,"",127.8,"","","","","","",50,43.74,115.9,"","","","","","","","","","",""
96,Ardhra Chowki,CGWB,10,Bihar,212,PATNA,BIKRAM,BIKRAM,Andhra Chowki,-,-,-,-,-,-,25.46611111,84.89833333,25-05-2013 00:00,7.74,526,"",0,292.8,"",17.7,"",3.2,"","","",180,16,34.06,34.9,"","","","","","","","","","",""
97,Areraj,CGWB,10,Bihar,213,PURBA CHAMPARAN,ARERAJ,ARERAJ,Areraj,-,-,-,-,-,-,26.55333333,84.67111111,25-05-2008 00:00,8.09,1100,"",0,354,"",138,"","","","","",315,64,37.76,94,"","","","","","","","","","",""
98,Areraj,CGWB,10,Bihar,213,PURBA CHAMPARAN,ARERAJ,ARERAJ,Areraj,-,-,-,-,-,-,26.55333333,84.67111111,25-05-2009 00:00,"",302,"",12,152,"",3.5,"","","","","",80,10,13,43,"","","","","","","","","","",""
99,Areraj,CGWB,10,Bihar,213,PURBA CHAMPARAN,ARERAJ,ARERAJ,Areraj,-,-,-,-,-,-,26.55333333,84.67111111,25-05-2010 00:00,"",485,"",0,244,"","","","","","","",200,34,29,22,"","","","","","","","","","",""
100,Areraj,CGWB,10,Bihar,213,PURBA CHAMPARAN,ARERAJ,ARERAJ,Areraj,-,-,-,-,-,-,26.55333333,84.67111111,25-05-2013 00:00,8.28,610,"",0,159,"",85,"",52,"","","",180,32,24.35,55,"","","","","","","","","","",""
101,Areraj,CGWB,10,Bihar,213,PURBA CHAMPARAN,ARERAJ,ARERAJ,Areraj,-,-,-,-,-,-,26.55333333,84.67111111,25-05-2016 00:00,7.19,1006,"",0,397,"",85,"",74.3,"",18.7,"",390,76,48,61,"","","","","","","","","","",""
102,Areraj1,CGWB,10,Bihar,213,PURBA CHAMPARAN,ARERAJ,ARERAJ,Areraj,-,-,-,-,-,-,26.55277778,84.67111111,25-05-2000 00:00,7.93,583,"",0,397,"",18,"","","","","",145,24,21,56,"","","","","","","","","","",""
103,Areraj1,CGWB,10,Bihar,213,PURBA CHAMPARAN,ARERAJ,ARERAJ,Areraj,-,-,-,-,-,-,26.55277778,84.67111111,25-05-2001 00:00,7.75,1360,"",0,427,"",156,"","","","","",380,116,22,115,"","","","","","","","","","",""
104,Ariari,CGWB,10,Bihar,219,SHEIKHPURA,-,-,-,-,-,-,-,-,-,25.04888900,85.85972200,30-05-2021 08:00,8.4,1550,"",3,555,"",174,"",57,"","","",265,31,45,240,"","","","","","","","","","",""
105,Arma,CGWB,10,Bihar,204,LAKHISARAI,SURAJGARHA,SURAJGARHA,Arma,-,-,-,-,-,-,25.20000000,86.24638889,30-05-2019 08:00,7.7,2108,534.3,0,201,"",669,"","","","","",985,146,151,18,"","","","","","","","","","",""
106,Arma,CGWB,10,Bihar,204,LAKHISARAI,SURAJGARHA,SURAJGARHA,Arma,-,-,-,-,-,-,25.20000000,86.24638889,30-05-2020 08:00,7.7,2108,"","",201,"",669,"","","","","","",146,151,18,"","","","","","","","","","",""
107,Arwal,CGWB,10,Bihar,199,JEHANABAD,ARWAL,ARWAL,Arwal,-,-,-,-,-,-,25.25194444,84.67361111,25-05-2001 00:00,8.48,990,"",30,128,"",138,"","","","","",280,48,39,83,"","","","","","","","","","",""
108,Arwal,CGWB,10,Bihar,199,JEHANABAD,ARWAL,ARWAL,Arwal,-,-,-,-,-,-,25.25194444,84.67361111,25-05-2010 00:00,"",891,"",0,506,"",18,"","","","","",140,14,28,145,"","","","","","","","","","",""
109,Arwal,CGWB,10,Bihar,199,JEHANABAD,ARWAL,ARWAL,Arwal,-,-,-,-,-,-,25.25416667,84.67916667,25-05-2011 00:00,7.26,1180,"",0,512,"",103,"","","","","",300,68,31.69,59,"","","","","","","","","","",""
110,Arwal,CGWB,10,Bihar,199,JEHANABAD,ARWAL,ARWAL,Arwal,-,-,-,-,-,-,25.25416667,84.67916667,25-05-2012 00:00,8.19,693,"",0,195.232,"",70.92,"","","","","",240,56.112,24.36,44,"","","","","","","","","","",""
111,Arwal,CGWB,10,Bihar,199,JEHANABAD,ARWAL,ARWAL,Arwal,-,-,-,-,-,-,25.25416667,84.67916667,25-05-2013 00:00,8.19,693,"",0,195.2,"",70.9,"",0,"","","",240,56.1,24.32,44,"","","","","","","","","","",""
112,Arwal,CGWB,10,Bihar,199,JEHANABAD,ARWAL,ARWAL,Arwal,-,-,-,-,-,-,25.25194444,84.67361111,25-05-2016 00:00,7.73,632,410.8,0,196.8,"",46.07,"",34.1,"",5.01,"",110,40,2.43,65.94,"","","","","","","","","","",""
113,Arwal,CGWB,10,Bihar,199,JEHANABAD,ARWAL,ARWAL,Arwal,-,-,-,-,-,-,25.25416667,84.67916667,25-05-2016 00:00,7.73,632,410.8,0,196.8,"",46.07,"",34.1,"",5.01,"",110,40,2.43,65.94,"","","","","","","","","","",""
114,Asarganj,CGWB,10,Bihar,192,BHAGALPUR,SULTANGANJ,SULTANGANJ,Asarganj,-,-,-,-,-,-,25.13055556,86.68555556,25-05-2005 00:00,8.54,1330,"",42,201,"",178,"","","","","",300,68,31.69,115,"","","","","","","","","","",""
115,Asarganj,CGWB,10,Bihar,192,BHAGALPUR,SULTANGANJ,SULTANGANJ,Asarganj,-,-,-,-,-,-,25.13055556,86.68555556,25-05-2009 00:00,"",890,"",0,329,"",82,"","","","","",170,42,15.85,53,"","","","","","","","","","",""
116,Asarganj,CGWB,10,Bihar,192,BHAGALPUR,SULTANGANJ,SULTANGANJ,Asarganj,-,-,-,-,-,-,25.13055556,86.68555556,25-05-2011 00:00,8.4,555,"","",213,"",50,"","","","","",170,46,13.43,38,"","","","","","","","","","",""
117,Asarganj,CGWB,10,Bihar,192,BHAGALPUR,SULTANGANJ,SULTANGANJ,Asarganj,-,-,-,-,-,-,25.13055556,86.68555556,25-05-2012 00:00,8.7,555,"",6,213,"",50,"","","","","",170,46,13,38,"","","","","","","","","","",""
118,Asarganj,CGWB,10,Bihar,192,BHAGALPUR,SULTANGANJ,SULTANGANJ,Asarganj,-,-,-,-,-,-,25.13055556,86.68555556,25-05-2013 00:00,7.44,2330,"",0,769,"",284,"",72,"","","",490,116,48.77,184,"","","","","","","","","","",""
119,Asarganj,CGWB,10,Bihar,192,BHAGALPUR,SULTANGANJ,SULTANGANJ,Asarganj,-,-,-,-,-,-,25.13055556,86.68555556,25-05-2016 00:00,8.07,1736,1128.4,0,424.35,"",226.88,"",104.83,"",10.76,"",460,16,102.06,123,"","","","","","","","","","",""
120,Asarganj,CGWB,10,Bihar,192,BHAGALPUR,SULTANGANJ,SULTANGANJ,Asarganj,-,-,-,-,-,-,25.13055556,86.68555556,30-05-2019 08:00,8,1800,490.75,0,510,"",179,"","","","","",415,37,78,122,"","","","","","","","","","",""
121,Asarganj,CGWB,10,Bihar,192,BHAGALPUR,SULTANGANJ,SULTANGANJ,Asarganj,-,-,-,-,-,-,25.13055556,86.68555556,30-05-2020 08:00,8,1800,"","",510,"",179,"","","","","","",37,78,122,"","","","","","","","","","",""
122,Asthwan,CGWB,10,Bihar,209,NALANDA,ASTHAWAN,ASTHAWAN,Asthwan,-,-,-,-,-,-,25.21694444,85.62527778,25-05-2013 00:00,7.1,1232,"",0,479,"",128,"",8.4,"","","",400,94,40.23,100,"","","","","","","","","","",""
123,Asthwan,CGWB,10,Bihar,209,NALANDA,ASTHAWAN,ASTHAWAN,Asthwan,-,-,-,-,-,-,25.21694444,85.62527778,25-05-2016 00:00,8.02,1371,891.15,0,510.45,"",109.89,"",31,"",43,"",415,104,38.88,121,"","","","","","","","","","",""
124,Aurai,CGWB,10,Bihar,208,MUZAFFARPUR,AURAI,AURAI,Aurai,-,-,-,-,-,-,26.31666667,85.58750000,25-05-2003 00:00,7.87,320,"","","","","","","","","","","","","","","","","","","","","","","","",""
125,Aurai,CGWB,10,Bihar,208,MUZAFFARPUR,AURAI,AURAI,Aurai,-,-,-,-,-,-,26.31666667,85.58333333,25-05-2010 00:00,"",593,"",0,262,"",39,"","","","","",150,50,6,60,"","","","","","","","","","",""
126,Aurai,CGWB,10,Bihar,208,MUZAFFARPUR,AURAI,AURAI,Aurai,-,-,-,-,-,-,26.31666667,85.58750000,25-05-2011 00:00,8.25,740,"",0,275,"",57,"","","","","",275,76,20.76,42,"","","","","","","","","","",""
127,Aurai,CGWB,10,Bihar,208,MUZAFFARPUR,AURAI,AURAI,Aurai,-,-,-,-,-,-,26.31666667,85.58750000,25-05-2012 00:00,8.6,550,"",12,220,"",43,"","","","","",190,8,41.34,39,"","","","","","","","","","",""
128,Aurai,CGWB,10,Bihar,208,MUZAFFARPUR,AURAI,AURAI,Aurai,-,-,-,-,-,-,26.31666667,85.58333333,25-05-2016 00:00,7.06,308,"",0,128,"",7,"",18.5,"",1.9,"",80,18,8,20,"","","","","","","","","","",""
129,Aurai,CGWB,10,Bihar,208,MUZAFFARPUR,AURAI,AURAI,Aurai,-,-,-,-,-,-,26.31666667,85.58333333,30-05-2019 08:00,8,267,376.35,0,67,"",42.5,"","","","","",95,32,4,14,"","","","","","","","","","",""
130,Aurai,CGWB,10,Bihar,208,MUZAFFARPUR,AURAI,AURAI,Aurai,-,-,-,-,-,-,26.31666667,85.58333333,30-05-2020 08:00,8,267,"","",67,"",42.5,"","","","","","",32,4,14,"","","","","","","","","","",""
131,Auraiya,CGWB,10,Bihar,215,ROHTAS,NAWHATTA,NAWHATTA,Auraiya,-,-,-,-,-,-,24.56805556,83.88333333,30-05-2019 08:00,7.9,509,663.65,0,177,"",28,"","","","","",210,18,40,8,"","","","","","","","","","",""
132,Auraiya,CGWB,10,Bihar,215,ROHTAS,NAWHATTA,NAWHATTA,Auraiya,-,-,-,-,-,-,24.56805556,83.88333333,30-05-2020 08:00,7.9,509,"","",177,"",28,"","","","","","",18,40,8,"","","","","","","","","","",""
133,Aurangabad,CGWB,10,Bihar,189,AURANGABAD,AURANGABAD,AURANGABAD,Aurangabad,-,-,-,-,-,-,24.74666667,84.37111111,25-05-2000 00:00,8.42,458,"",18,293,"",25,"","","","","",145,18,24,14,"","","","","","","","","","",""
134,Aurangabad,CGWB,10,Bihar,189,AURANGABAD,AURANGABAD,AURANGABAD,Aurangabad,-,-,-,-,-,-,24.76666667,84.37500000,25-05-2002 00:00,8.33,1476,"","","","","","","","","","","","","","","","","","","","","","","","",""
135,Aurangabad,CGWB,10,Bihar,189,AURANGABAD,AURANGABAD,AURANGABAD,Aurangabad,-,-,-,-,-,-,24.76666667,84.37500000,25-05-2003 00:00,7.04,1760,"","","","","","","","","","","","","","","","","","","","","","","","",""
136,Aurangabad,CGWB,10,Bihar,189,AURANGABAD,AURANGABAD,AURANGABAD,Aurangabad,-,-,-,-,-,-,24.76666667,84.37500000,25-05-2005 00:00,7.75,770,"",0,433,"",85,"","","","","",268,14,56,60,"","","","","","","","","","",""
137,Aurangabad,CGWB,10,Bihar,189,AURANGABAD,AURANGABAD,AURANGABAD,Aurangabad,-,-,-,-,-,-,24.76666667,84.37500000,25-05-2012 00:00,7.47,1190,"",0,240,"",25.52,"",56.92,"","","",176,14.42,33.6,"","","","","","","","","","","",""
138,Aurangabad,CGWB,10,Bihar,189,AURANGABAD,AURANGABAD,AURANGABAD,Aurangabad,-,-,-,-,-,-,24.76666667,84.37500000,25-05-2013 00:00,7.57,2002,"",0,616.1,"",280.1,"",56.9,"","","",560,84,85.2,208,"","","","","","","","","","",""
139,Aurangabad,CGWB,10,Bihar,189,AURANGABAD,AURANGABAD,AURANGABAD,Aurangabad,-,-,-,-,-,-,24.74666667,84.37111111,25-05-2016 00:00,7.69,1906,1238.9,0,578.1,"",223.33,"",75.49,"",4.52,"",410,80,51.03,182.08,"","","","","","","","","","",""
140,Aurangabad,CGWB,10,Bihar,189,AURANGABAD,AURANGABAD,AURANGABAD,Aurangabad,-,-,-,-,-,-,24.76666667,84.37500000,25-05-2016 00:00,7.69,1906,1238.9,0,578.1,"",223.33,"",75.49,"",4.52,"",410,80,51.03,182.08,"","","","","","","","","","",""
141,Aurangabad,CGWB,10,Bihar,189,AURANGABAD,AURANGABAD,AURANGABAD,Aurangabad,-,-,-,-,-,-,24.76666667,84.37500000,30-05-2019 08:00,8.06,3270,351,0,927.2,"",358.55,"","","","","",1255,58,269.73,145,"","","","","","","","","","",""
142,Aurangabad,CGWB,10,Bihar,189,AURANGABAD,AURANGABAD,AURANGABAD,Aurangabad,-,-,-,-,-,-,24.76666667,84.37500000,30-05-2020 08:00,8.06,3270,"","",927.2,"",358.55,"","","","","","",58,269.73,145,"","","","","","","","","","",""
143,Aurangabad,CGWB,10,Bihar,189,AURANGABAD,AURANGABAD,AURANGABAD,Aurangabad,-,-,-,-,-,-,24.76666667,84.37500000,30-05-2021 08:00,7.45,1130,"",0,67,"",232,"",134,"","","",360,84,36,70,"","","","","","","","","","",""
144,Badalpura,CGWB,10,Bihar,191,BEGUSARAI,MATIHANI,MATIHANI,Badalpura,-,-,-,-,-,-,25.37638889,86.15055556,30-05-2019 08:00,8.43,520,1102.4,24,244.1952,"",42.54,"","","","","",220,44.0352,26.67767,27.22,"","","","","","","","","","",""
145,Badalpura,CGWB,10,Bihar,191,BEGUSARAI,MATIHANI,MATIHANI,Badalpura,-,-,-,-,-,-,25.37638889,86.15055556,30-05-2020 08:00,8.43,520,"","",244.1952,"",42.54,"","","","","","",44.0352,26.67767,27.22,"","","","","","","","","","",""
146,Badi Balia,CGWB,10,Bihar,191,BEGUSARAI,BALIA,-,-,-,-,-,-,-,-,25.42083300,86.27416700,30-05-2019 08:00,8.344,1696,697.45,30,341.8733,"",319.05,"","","","","",455,52.0416,78.85825,192.86,"","","","","","","","","","",""
147,Badi Balia,CGWB,10,Bihar,191,BEGUSARAI,BALIA,-,-,-,-,-,-,-,-,25.42083300,86.27416700,30-05-2020 08:00,8.344,1696,"","",341.8733,"",319.05,"","","","","","",52.0416,78.85825,192.86,"","","","","","","","","","",""
148,Bagaha,CGWB,10,Bihar,211,PASHCHIM CHAMPARAN,NARKATIAGANJ,NARKATIAGANJ,Bagaha,-,-,-,-,-,-,27.09583333,84.41666667,25-05-2007 00:00,7.48,1190,"","",342,280.3,71,"",41,"","","",510,120,51,31,"","","","","","","","","","",""
149,Bagaha,CGWB,10,Bihar,211,PASHCHIM CHAMPARAN,NARKATIAGANJ,NARKATIAGANJ,Bagaha,-,-,-,-,-,-,27.09583333,84.41666667,25-05-2016 00:00,7.32,951,"",0,421,"",57,"",38.7,"",5.9,"",365,76,42,48,"","","","","","","","","","",""
150,Bagen Bazar,CGWB,10,Bihar,194,BUXAR,BARHAMPUR,BARHAMPUR,Bagen Bazar,-,-,-,-,-,-,25.50111111,84.29277778,30-05-2019 08:00,8,755,778.05,0,311,"",18,"","","","","",299,59,36.82056,22,"","","","","","","","","","",""
151,Bagen Bazar,CGWB,10,Bihar,194,BUXAR,BARHAMPUR,BARHAMPUR,Bagen Bazar,-,-,-,-,-,-,25.50111111,84.29277778,30-05-2020 08:00,8,755,"","",311,"",18,"","","","","","",59,36.82056,22,"","","","","","","","","","",""
152,Bagen Bazar,CGWB,10,Bihar,194,BUXAR,BARHAMPUR,BARHAMPUR,Bagen Bazar,-,-,-,-,-,-,25.50111111,84.29277778,30-05-2021 08:00,8.03,350,"",0,163,"",11,"",20,"","","",160,39,15,5,"","","","","","","","","","",""
153,Bagrash,CGWB,10,Bihar,191,BEGUSARAI,BAKHRI,BAKHRI,Bagrash,-,-,-,-,-,-,25.56750000,86.19305556,25-05-2013 00:00,8.06,434,"",0,213.5,"",28.4,"",2.1,"","","",135,6,29.18,16,"","","","","","","","","","",""
154,Bagrash,CGWB,10,Bihar,191,BEGUSARAI,BAKHRI,BAKHRI,Bagrash,-,-,-,-,-,-,25.56750000,86.19305556,25-05-2016 00:00,7.21,696,452.4,0,305,"",31.914,"",15.5,"",0,"",290,24,55.2,15,"","","","","","","","","","",""
155,Bahadurganj,CGWB,10,Bihar,203,KISHANGANJ,BAHADURGANJ,BAHADURGANJ,Bahadurganj,-,-,-,-,-,-,26.26250000,87.83750000,25-05-2003 00:00,6.33,150,"","","","","","","","","","","","","","","","","","","","","","","","",""
156,Bahadurganj,CGWB,10,Bihar,203,KISHANGANJ,BAHADURGANJ,BAHADURGANJ,Bahadurganj,-,-,-,-,-,-,26.26250000,87.83750000,25-05-2005 00:00,7.73,140,"",0,55,"",7.1,"","","","","",45,8,6.09,6.4,"","","","","","","","","","",""
157,Bahadurganj,CGWB,10,Bihar,203,KISHANGANJ,BAHADURGANJ,BAHADURGANJ,Bahadurganj,-,-,-,-,-,-,26.26250000,87.83750000,25-05-2007 00:00,7.9,280,"","",98,80.3,25,"","","","","",105,36,3.6,9.9,"","","","","","","","","","",""
158,Bahadurganj,CGWB,10,Bihar,203,KISHANGANJ,BAHADURGANJ,BAHADURGANJ,Bahadurganj,-,-,-,-,-,-,26.26250000,87.83750000,25-05-2008 00:00,8.4,204,"",12,92,"",36,"","","","","",55,14,4.88,17,"","","","","","","","","","",""
159,Bahadurganj,CGWB,10,Bihar,203,KISHANGANJ,BAHADURGANJ,BAHADURGANJ,Bahadurganj,-,-,-,-,-,-,26.26250000,87.83750000,25-05-2009 00:00,"",250,"",0,79,"",25,"","","","","",75,20,6.1,18,"","","","","","","","","","",""
160,Bahadurganj,CGWB,10,Bihar,203,KISHANGANJ,BAHADURGANJ,BAHADURGANJ,Bahadurganj,-,-,-,-,-,-,26.26250000,87.83750000,25-05-2011 00:00,7.09,558,"",0,286.7,"",31.95,"","","","","",175,26,26.78,39,"","","","","","","","","","",""
161,Bahadurganj,CGWB,10,Bihar,203,KISHANGANJ,BAHADURGANJ,BAHADURGANJ,Bahadurganj,-,-,-,-,-,-,26.26250000,87.83750000,25-05-2013 00:00,7.07,389,"",0,103.7,"",49.6,"",4.7,"","","",85,16,10.96,34.7,"","","","","","","","","","",""
162,Bahadurganj,CGWB,10,Bihar,203,KISHANGANJ,BAHADURGANJ,BAHADURGANJ,Bahadurganj,-,-,-,-,-,-,26.26250000,87.83750000,25-05-2016 00:00,8.23,549,"",0,128.1,"",88.65,"",18.67,"",19.21,"",145,18,24,57.82,"","","","","","","","","","",""
163,Bahadurganj B,CGWB,10,Bihar,203,KISHANGANJ,BAHADURGANJ,BAHADURGANJ,Bahadurganj B,-,-,-,-,-,-,26.29944444,87.80972222,30-05-2019 08:00,8.4,296,265.2,6,146.4,"",10.65,"","","","","",100,28,7.29,17.05,"","","","","","","","","","",""
164,Bahadurganj B,CGWB,10,Bihar,203,KISHANGANJ,BAHADURGANJ,BAHADURGANJ,Bahadurganj B,-,-,-,-,-,-,26.29944444,87.80972222,30-05-2020 08:00,8.4,296,"","",146.4,"",10.65,"","","","","","",28,7.29,17.05,"","","","","","","","","","",""
165,Bahaura,CGWB,10,Bihar,215,ROHTAS,KARAKAT,KARAKAT,Bahaura,-,-,-,-,-,-,25.10361111,84.30916667,25-05-2013 00:00,8.17,440,"",0,225.7,"",17.7,"",2.4,"","","",150,18,25.5,40.1,"","","","","","","","","","",""
166,Bahaura,CGWB,10,Bihar,215,ROHTAS,KARAKAT,KARAKAT,Bahaura,-,-,-,-,-,-,25.10361111,84.30916667,25-05-2016 00:00,8.14,400,"",0,183,"",18,"",13,"",7,"",150,20,24,14,"","","","","","","","","","",""
167,Bahaura,CGWB,10,Bihar,215,ROHTAS,KARAKAT,KARAKAT,Bahaura,-,-,-,-,-,-,25.10361111,84.30916667,30-05-2019 08:00,8,1021,529.75,0,419,"",75,"","","","","",400,65,57.722,41,"","","","","","","","","","",""
168,Bahaura,CGWB,10,Bihar,215,ROHTAS,KARAKAT,KARAKAT,Bahaura,-,-,-,-,-,-,25.10361111,84.30916667,30-05-2020 08:00,8,1021,"","",419,"",75,"","","","","","",65,57.722,41,"","","","","","","","","","",""
169,Bahera,CGWB,10,Bihar,195,DARBHANGA,BENIPUR,BENIPUR,Bahera,-,-,-,-,-,-,26.07083333,86.12083333,25-05-2001 00:00,8.72,550,"",15,244,"",14,"","","","","",85,14,12,67,"","","","","","","","","","",""
170,Bahera,CGWB,10,Bihar,195,DARBHANGA,BENIPUR,BENIPUR,Bahera,-,-,-,-,-,-,26.06666667,86.13333333,25-05-2008 00:00,8.82,700,"",30,305,"",7.1,"","","","","",165,32,21,80,"","","","","","","","","","",""
171,Bahera,CGWB,10,Bihar,195,DARBHANGA,BENIPUR,BENIPUR,Bahera,-,-,-,-,-,-,26.06666667,86.13333333,25-05-2013 00:00,7.9,1000,"",0,536.9,"",35.5,"",24,"","","",340,44.1,55.91,81,"","","","","","","","","","",""
172,Baheri,CGWB,10,Bihar,195,DARBHANGA,BIRAUL,BIRAUL,Baheri,-,-,-,-,-,-,25.94583333,86.07083333,25-05-2009 00:00,"",250,"",0,250,"",50,"","","","","",140,18,23.12,75,"","","","","","","","","","",""
173,Baheri,CGWB,10,Bihar,195,DARBHANGA,BIRAUL,BIRAUL,Baheri,-,-,-,-,-,-,25.94583333,86.07083333,25-05-2012 00:00,8.13,780,"",0,393.6,"",88.69,"","","","","",250,32,41.37,66,"","","","","","","","","","",""
174,Baheri,CGWB,10,Bihar,195,DARBHANGA,BIRAUL,BIRAUL,Baheri,-,-,-,-,-,-,25.94583333,86.07083333,25-05-2013 00:00,8.1,600,"",0,317.3,"",14.2,"",4.8,"","","",165,36.1,18.22,55,"","","","","","","","","","",""
175,Baheri1,CGWB,10,Bihar,195,DARBHANGA,BAHERI,BAHERI,Baheri,-,-,-,-,-,-,25.93888889,86.05250000,25-05-2007 00:00,8.44,750,"",48,293,320.2,14,"",3.8,"","","",240,72,15,58,"","","","","","","","","","",""
176,Baheri1,CGWB,10,Bihar,195,DARBHANGA,BAHERI,BAHERI,Baheri,-,-,-,-,-,-,25.93888889,86.05250000,25-05-2008 00:00,7.77,780,"",0,317,"",57,"","","","","",275,58,32,46,"","","","","","","","","","",""
177,Baheri1,CGWB,10,Bihar,195,DARBHANGA,BAHERI,BAHERI,Baheri,-,-,-,-,-,-,25.93888889,86.05250000,25-05-2010 00:00,"",910,"",0,403,"",85,"","","","","",290,58,35,74,"","","","","","","","","","",""
178,Baheri1,CGWB,10,Bihar,195,DARBHANGA,BAHERI,BAHERI,Baheri,-,-,-,-,-,-,25.93888889,86.05250000,25-05-2011 00:00,8.2,774,"",0,393.6,"",88.62,"","","","","",260,26,47.44,68,"","","","","","","","","","",""
179,Baidnathpur,CGWB,10,Bihar,216,SAHARSA,SOUR BAZAR,SOUR BAZAR,Baidnathpur,-,-,-,-,-,-,25.89444444,86.65833333,25-05-2000 00:00,8.12,575,"",0,366,"",21,"","","","","",265,40,40,39,"","","","","","","","","","",""
180,Baidnathpur,CGWB,10,Bihar,216,SAHARSA,SOUR BAZAR,SOUR BAZAR,Baidnathpur,-,-,-,-,-,-,25.89611111,86.65861111,25-05-2003 00:00,7.73,390,"","","","","","","","","","","","","","","","","","","","","","","","",""
181,Baidnathpur,CGWB,10,Bihar,216,SAHARSA,SOUR BAZAR,SOUR BAZAR,Baidnathpur,-,-,-,-,-,-,25.89611111,86.65861111,25-05-2005 00:00,7.77,730,"",0,220,"",43,"","","","","",220,36,31.65,43,"","","","","","","","","","",""
182,Baidnathpur,CGWB,10,Bihar,216,SAHARSA,SOUR BAZAR,SOUR BAZAR,Baidnathpur,-,-,-,-,-,-,25.89611111,86.65861111,25-05-2007 00:00,7.88,465,"","",152.5,125,39,"","","","","",110,32,7.3,38,"","","","","","","","","","",""
183,Baidnathpur,CGWB,10,Bihar,216,SAHARSA,SOUR BAZAR,SOUR BAZAR,Baidnathpur,-,-,-,-,-,-,25.89611111,86.65861111,25-05-2009 00:00,"",480,"",12,146,"",28,"","","","","",160,44,12.21,16,"","","","","","","","","","",""
184,Baidnathpur,CGWB,10,Bihar,216,SAHARSA,SOUR BAZAR,SOUR BAZAR,Baidnathpur,-,-,-,-,-,-,25.89611111,86.65861111,25-05-2011 00:00,6.86,315,"",0,134,"",25,"","","","","",90,24,7.32,20,"","","","","","","","","","",""
185,Baidnathpur,CGWB,10,Bihar,216,SAHARSA,SOUR BAZAR,SOUR BAZAR,Baidnathpur,-,-,-,-,-,-,25.89611111,86.65861111,25-05-2013 00:00,8.39,483,"",9,225.7,"",28.4,"",0.5,"","","",145,20,23.1,26.4,"","","","","","","","","","",""
186,Baidnathpur1,CGWB,10,Bihar,216,SAHARSA,SOUR BAZAR,SOUR BAZAR,Baidnathpur,-,-,-,-,-,-,25.89472222,86.65833333,25-05-2008 00:00,8.26,419,"",0,153,"",36,"","","","","",115,26,12,30,"","","","","","","","","","",""
187,Baidnathpur1,CGWB,10,Bihar,216,SAHARSA,SOUR BAZAR,SOUR BAZAR,Baidnathpur,-,-,-,-,-,-,25.89472222,86.65833333,25-05-2010 00:00,"",400,"",0,183,"",14,"","","","","",175,34,22,2,"","","","","","","","","","",""
188,Baidnathpur1,CGWB,10,Bihar,216,SAHARSA,SOUR BAZAR,SOUR BAZAR,Baidnathpur,-,-,-,-,-,-,25.89472222,86.65833333,25-05-2011 00:00,6.98,470,"",0,262,"",11,"","","","","",165,24,25.56,28,"","","","","","","","","","",""
189,Baidyanathpur,CGWB,10,Bihar,216,SAHARSA,SOUR BAZAR,SOUR BAZAR,Baidyanathpur,-,-,-,-,-,-,25.89583333,86.65833333,25-05-2009 00:00,"",480,"",12,146,"",28,"","","","","",160,44,12,16,"","","","","","","","","","",""
190,Bairbigha,CGWB,10,Bihar,199,JEHANABAD,KARPI,KARPI,Bairbigha,-,-,-,-,-,-,25.14833333,84.70694444,30-05-2019 08:00,8.26,387,345.15,0,207.4,"",10.65,"","","","","",150,50,6.075,17,"","","","","","","","","","",""
191,Bairbigha,CGWB,10,Bihar,199,JEHANABAD,KARPI,KARPI,Bairbigha,-,-,-,-,-,-,25.14833333,84.70694444,30-05-2020 08:00,8.26,387,"","",207.4,"",10.65,"","","","","","",50,6.075,17,"","","","","","","","","","",""
192,Bairbigha,CGWB,10,Bihar,199,JEHANABAD,KARPI,KARPI,Bairbigha,-,-,-,-,-,-,25.14833333,84.70694444,30-05-2021 08:00,8.2,520,"",0,128,"",72,"",34,"","","",219,76,7,17,"","","","","","","","","","",""
193,Bairgania,CGWB,10,Bihar,221,SITAMARHI,NANPUR,NANPUR,Bairgania,-,-,-,-,-,-,26.47083333,85.67083333,25-05-2004 00:00,7.39,1430,"",0,500,"",220,"","","","","",398,92,40,200,"","","","","","","","","","",""
194,Bairiya Bazar,CGWB,10,Bihar,213,PURBA CHAMPARAN,TURKAULIA,TURKAULIA,Bairiya,-,-,-,-,-,-,26.61000000,84.84361111,30-05-2019 08:00,8,1626,282.1,0,549,"",219.8,"","","","","",450,54,77,168,"","","","","","","","","","",""
195,Bairiya Bazar,CGWB,10,Bihar,213,PURBA CHAMPARAN,TURKAULIA,TURKAULIA,Bairiya,-,-,-,-,-,-,26.61000000,84.84361111,30-05-2020 08:00,8,1626,"","",549,"",219.8,"","","","","","",54,77,168,"","","","","","","","","","",""
196,Baisi1,CGWB,10,Bihar,214,PURNIA,BAISI,BAISI,Baisi,-,-,-,-,-,-,25.88361111,87.74166667,25-05-2001 00:00,7.84,130,"",0,55,"",11,"","","","","",40,10,3.6,7.6,"","","","","","","","","","",""
197,Baisi1,CGWB,10,Bihar,214,PURNIA,BAISI,BAISI,Baisi,-,-,-,-,-,-,25.88333333,87.74166667,25-05-2004 00:00,7.69,900,"",0,262,"",156,"","","","","",273,58,31,10,"","","","","","","","","","",""
198,Baisi1,CGWB,10,Bihar,214,PURNIA,BAISI,BAISI,Baisi,-,-,-,-,-,-,25.88333333,87.74166667,25-05-2005 00:00,7.48,1050,"",0,256,"",178,"","","","","",305,68,32.91,87,"","","","","","","","","","",""
199,Baisi1,CGWB,10,Bihar,214,PURNIA,BAISI,BAISI,Baisi,-,-,-,-,-,-,25.88361111,87.74166667,25-05-2007 00:00,8.21,950,"","",226,185.3,178,"","","","","",260,62,26,92,"","","","","","","","","","",""
200,Baisi1,CGWB,10,Bihar,214,PURNIA,BAISI,BAISI,Baisi,-,-,-,-,-,-,25.88333333,87.74166667,25-05-2008 00:00,8.3,1377,"","",183,"",309,"","","","","",195,26,31.64,287,"","","","","","","","","","",""
201,Baisi1,CGWB,10,Bihar,214,PURNIA,BAISI,BAISI,Baisi,-,-,-,-,-,-,25.88333333,87.74166667,25-05-2009 00:00,"",1100,"",0,311,"",178,"","","","","",285,54,36,110,"","","","","","","","","","",""
202,Baisi1,CGWB,10,Bihar,214,PURNIA,BAISI,BAISI,Baisi,-,-,-,-,-,-,25.88333333,87.74166667,25-05-2012 00:00,7.34,360,"",0,200,"",269.42,"",35.68,"","","",204,30.45,31.13,"","","","","","","","","","","",""
203,Baisi1,CGWB,10,Bihar,214,PURNIA,BAISI,BAISI,Baisi,-,-,-,-,-,-,25.88333333,87.74166667,25-05-2016 00:00,7.83,1138,"",0,279.99,"",209.214,"",3.41,"",4.69,"",50,12,4.8,270,"","","","","","","","","","",""
204,Baisi2,CGWB,10,Bihar,214,PURNIA,BAISI,BAISI,Baisi,-,-,-,-,-,-,25.88333333,87.74166667,25-05-2008 00:00,8.3,1377,"","",183,"",309,"","","","","",195,26,32,287,"","","","","","","","","","",""
205,Baisi2,CGWB,10,Bihar,214,PURNIA,BAISI,BAISI,Baisi,-,-,-,-,-,-,25.88333333,87.74166667,25-05-2011 00:00,7.1,1139,"",0,317.2,"",184.6,"","","","","",245,34,38.94,115,"","","","","","","","","","",""
206,Baisi2,CGWB,10,Bihar,214,PURNIA,BAISI,BAISI,Baisi,-,-,-,-,-,-,25.88333333,87.74166667,25-05-2013 00:00,7.3,1305,"",0,402.6,"",202.1,"",2.5,"","","",295,40,47.4,159.6,"","","","","","","","","","",""
207,Bajidpur,CGWB,10,Bihar,217,SAMASTIPUR,PATORI,PATORI,Bajidpur,-,-,-,-,-,-,25.58750000,85.60833333,25-05-2002 00:00,8.65,772,"","","","","","","","","","","","","","","","","","","","","","","","",""
208,Bajidpur,CGWB,10,Bihar,217,SAMASTIPUR,PATORI,PATORI,Bajidpur,-,-,-,-,-,-,25.58750000,85.60833333,25-05-2006 00:00,7.49,1760,"","",207,"",213,"","","","","",500,82,72,170,"","","","","","","","","","",""
209,Bajidpur,CGWB,10,Bihar,217,SAMASTIPUR,PATORI,PATORI,Bajidpur,-,-,-,-,-,-,25.58750000,85.60833333,25-05-2011 00:00,7.84,1734,"",0,571.95,"",258.78,"","","","","",555,14,126.45,103,"","","","","","","","","","",""
210,Bajidpur,CGWB,10,Bihar,217,SAMASTIPUR,PATORI,PATORI,Bajidpur,-,-,-,-,-,-,25.58750000,85.60833333,25-05-2013 00:00,7,1579,"",0,622,"",43,"",240,"","","",600,152,88,110,"","","","","","","","","","",""
211,Bajidpur,CGWB,10,Bihar,217,SAMASTIPUR,PATORI,PATORI,Bajidpur,-,-,-,-,-,-,25.58750000,85.60833333,30-05-2019 08:00,8,1500,238.55,0,336,"",283.6,"","","","","",550,144,46,92,"","","","","","","","","","",""
212,Bajidpur,CGWB,10,Bihar,217,SAMASTIPUR,PATORI,PATORI,Bajidpur,-,-,-,-,-,-,25.58750000,85.60833333,30-05-2020 08:00,8,1500,"","",336,"",283.6,"","","","","","",144,46,92,"","","","","","","","","","",""
213,Bakhari/salauna,CGWB,10,Bihar,191,BEGUSARAI,BAKHRI,BAKHRI,Bakhari/salauna,-,-,-,-,-,-,25.60333333,86.25777778,25-05-2000 00:00,8.55,1000,"",66,281,"",92,"","","","","",305,88,21,68,"","","","","","","","","","",""
214,Bakhari/salauna,CGWB,10,Bihar,191,BEGUSARAI,BAKHRI,BAKHRI,Bakhari/salauna,-,-,-,-,-,-,25.58777778,86.25861111,25-05-2008 00:00,7.7,1225,"",0,427,"",142,"","","","","",335,68,40,118,"","","","","","","","","","",""
215,Bakhari/salauna,CGWB,10,Bihar,191,BEGUSARAI,BAKHRI,BAKHRI,Bakhari/salauna,-,-,-,-,-,-,25.58777778,86.25861111,25-05-2010 00:00,"",1460,"",0,573,"",153,"","","","","",420,94,45,120,"","","","","","","","","","",""
216,Bakhari/salauna,CGWB,10,Bihar,191,BEGUSARAI,BAKHRI,BAKHRI,Bakhari/salauna,-,-,-,-,-,-,25.58777778,86.25861111,25-05-2016 00:00,6.98,1161,754.65,0,329,"",117.018,"",80.2,"",1.1,"",375,40,66,71,"","","","","","","","","","",""
217,Bakhorapur,CGWB,10,Bihar,193,BHOJPUR,BARHARA,BARHARA,Bakhorapur,-,-,-,-,-,-,25.66805556,84.69277778,30-05-2019 08:00,8,431,468.65,0,188,"",17,"","","","","",188,49,16,22,"","","","","","","","","","",""
218,Bakhorapur,CGWB,10,Bihar,193,BHOJPUR,BARHARA,BARHARA,Bakhorapur,-,-,-,-,-,-,25.66805556,84.69277778,30-05-2020 08:00,8,431,"","",188,"",17,"","","","","","",49,16,22,"","","","","","","","","","",""
219,Bakhorapur,CGWB,10,Bihar,193,BHOJPUR,BARHARA,BARHARA,Bakhorapur,-,-,-,-,-,-,25.66805556,84.69277778,30-05-2021 08:00,7.91,950,"",0,229,"",168,"",21,"","","",259,51,32,96.13,"","","","","","","","","","",""
220,Bakhri,CGWB,10,Bihar,191,BEGUSARAI,BAKHRI,BAKHRI,Bakhri,-,-,-,-,-,-,25.58750000,86.25833333,25-05-2003 00:00,7.41,680,"","","","","","","","","","","","","","","","","","","","","","","","",""
221,Bakhri,CGWB,10,Bihar,191,BEGUSARAI,BAKHRI,BAKHRI,Bakhri,-,-,-,-,-,-,25.58750000,86.25833333,25-05-2005 00:00,7.5,1000,"",0,500,"",43,"","","","","",390,108,29.31,38,"","","","","","","","","","",""
222,Bakhri,CGWB,10,Bihar,191,BEGUSARAI,BAKHRI,BAKHRI,Bakhri,-,-,-,-,-,-,25.58750000,86.25833333,25-05-2009 00:00,"",1240,"",0,458,"",124,"","","","","",460,116,41,58,"","","","","","","","","","",""
223,Bakhri,CGWB,10,Bihar,191,BEGUSARAI,BAKHRI,BAKHRI,Bakhri,-,-,-,-,-,-,25.58750000,86.25833333,25-05-2011 00:00,7.47,770,"",0,427,"",21,"","","","","",330,62,42.62,23,"","","","","","","","","","",""
224,Bakhri,CGWB,10,Bihar,191,BEGUSARAI,BAKHRI,BAKHRI,Bakhri,-,-,-,-,-,-,25.58750000,86.25833333,25-05-2012 00:00,7.7,740,"",0,427,"",11,"","","","","",345,18,72.96,10,"","","","","","","","","","",""
225,Bakhri,CGWB,10,Bihar,191,BEGUSARAI,BAKHRI,BAKHRI,Bakhri,-,-,-,-,-,-,25.58750000,86.25833333,25-05-2013 00:00,8.22,731,"",0,195.2,"",85.1,"",51.2,"","","",150,10,30.4,44.8,"","","","","","","","","","",""
226,Bakhtiarpur,CGWB,10,Bihar,212,PATNA,BAKHTIARPUR,BAKHTIARPUR,Bakhtiarpur,-,-,-,-,-,-,25.46250000,85.52916667,25-05-2012 00:00,8.6,600,"",36,146.424,"",49.644,"","","","","",150,8.016,31.64,70,"","","","","","","","","","",""
227,Bakhtiarpur,CGWB,10,Bihar,212,PATNA,BAKHTIARPUR,BAKHTIARPUR,Bakhtiarpur,-,-,-,-,-,-,25.46250000,85.52916667,25-05-2013 00:00,8.6,600,"",36,146.4,"",49.6,"",48,"","","",150,8,31.6,70,"","","","","","","","","","",""
228,Bakhtiarpur,CGWB,10,Bihar,212,PATNA,BAKHTIARPUR,BAKHTIARPUR,Bakhtiarpur,-,-,-,-,-,-,25.46250000,85.52916667,25-05-2016 00:00,7.59,487,316.55,0,209.1,"",31.9,"",43.72,"",10.99,"",175,12,35.23,37.01,"","","","","","","","","","",""
229,Bakhtiarpur,CGWB,10,Bihar,212,PATNA,BAKHTIARPUR,BAKHTIARPUR,Bakhtiarpur,-,-,-,-,-,-,25.46250000,85.52916667,30-05-2019 08:00,8.785,579.5,346.84,18,293.03424,"",49.63,"","","","","",145,12.0096,27.906796,103.21,"","","","","","","","","","",""
230,Bakhtiarpur,CGWB,10,Bihar,212,PATNA,BAKHTIARPUR,BAKHTIARPUR,Bakhtiarpur,-,-,-,-,-,-,25.46250000,85.52916667,30-05-2020 08:00,8.785,579.5,"","",293.03424,"",49.63,"","","","","","",12.0096,27.906796,103.21,"","","","","","","","","","",""
231,Bakhtiarpur,CGWB,10,Bihar,212,PATNA,BAKHTIARPUR,BAKHTIARPUR,Bakhtiarpur,-,-,-,-,-,-,25.46250000,85.52916667,30-05-2021 08:00,8.08,1110,"",0,356,"",155,"",7,"","","",368,41,65,83,"","","","","","","","","","",""
232,Baksama,CGWB,10,Bihar,224,VAISHALI,GORAUL,GORAUL,Baksama,-,-,-,-,-,-,25.87694444,85.37694444,30-05-2019 08:00,7.19,678,483.6,0,311.202,"",42.48,"","","","","",250,22,47.3928,21.71,"","","","","","","","","","",""
233,Baksama,CGWB,10,Bihar,224,VAISHALI,GORAUL,GORAUL,Baksama,-,-,-,-,-,-,25.87694444,85.37694444,30-05-2020 08:00,7.19,678,"","",311.202,"",42.48,"","","","","","",22,47.3928,21.71,"","","","","","","","","","",""
234,Baksama,CGWB,10,Bihar,224,VAISHALI,GORAUL,GORAUL,Baksama,-,-,-,-,-,-,25.87694444,85.37694444,30-05-2021 08:00,7.51,240,"",0,85,"",20,"",5,"","","",100,32,5,7,"","","","","","","","","","",""
235,Baktiarpur,CGWB,10,Bihar,212,PATNA,BAKHTIARPUR,BAKHTIARPUR,Baktiarpur,-,-,-,-,-,-,25.45833333,85.55000000,25-05-2007 00:00,7.85,730,"","",238,195.1,96,"","","","","",200,24,34,69,"","","","","","","","","","",""
236,Baktiarpur,CGWB,10,Bihar,212,PATNA,BAKHTIARPUR,BAKHTIARPUR,Baktiarpur,-,-,-,-,-,-,25.45833333,85.55000000,25-05-2010 00:00,"",1003,"",0,464,"",78,"","","","","",250,40,36,100,"","","","","","","","","","",""
237,Baleshara,CGWB,10,Bihar,218,SARAN,REVELGANJ,REVELGANJ,Baleshara,-,-,-,-,-,-,25.81777778,84.69277778,25-05-2002 00:00,8.23,1065,"","","","","","","","","","","","","","","","","","","","","","","","",""
238,Baleshara,CGWB,10,Bihar,218,SARAN,REVELGANJ,REVELGANJ,Baleshara,-,-,-,-,-,-,25.81777778,84.69277778,25-05-2013 00:00,7.1,1015,"",0,530.7,"",42.5,"",21.4,"","","",320,74,32.8,78,"","","","","","","","","","",""
239,Baleshara,CGWB,10,Bihar,218,SARAN,REVELGANJ,REVELGANJ,Baleshara,-,-,-,-,-,-,25.81777778,84.69277778,25-05-2016 00:00,7.85,1002,651.3,0,356.7,"",85.08,"",78.55,"",6.21,"",340,50,52.24,70.29,"","","","","","","","","","",""
240,Bali Pakar,CGWB,10,Bihar,212,PATNA,PALIGANJ,PALIGANJ,Bali Pakar,-,-,-,-,-,-,25.33333333,84.82666667,25-05-2012 00:00,8.25,242,"",0,134.222,"",3.546,"","","","","",90,20.04,9.74,11,"","","","","","","","","","",""
241,Bali Pakar,CGWB,10,Bihar,212,PATNA,PALIGANJ,PALIGANJ,Bali Pakar,-,-,-,-,-,-,25.33333333,84.82666667,25-05-2013 00:00,8.25,242,"",0,134.2,"",3.5,"",0,"","","",90,20,9.7,11,"","","","","","","","","","",""
242,Bali Pakar,CGWB,10,Bihar,212,PATNA,PALIGANJ,PALIGANJ,Bali Pakar,-,-,-,-,-,-,25.33333333,84.82666667,25-05-2016 00:00,8,1476,959.4,0,418.2,"",191.43,"",47.42,"",8.15,"",320,88,24.3,105.91,"","","","","","","","","","",""
243,Bali Pakar,CGWB,10,Bihar,212,PATNA,PALIGANJ,PALIGANJ,Bali Pakar,-,-,-,-,-,-,25.33333333,84.82666667,30-05-2021 08:00,8.07,320,"",0,116,"",37,"",0,"","","",120,28,12,16,"","","","","","","","","","",""
244,Balua,CGWB,10,Bihar,216,SAHARSA,MAHISHI,MAHISHI,Balua,-,-,-,-,-,-,25.88194444,86.46111111,25-05-2000 00:00,8.6,506,"",48,207,"",21,"","","","","",205,52,18,40,"","","","","","","","","","",""
245,Balua,CGWB,10,Bihar,223,SUPAUL,BASANTPUR,BASANTPUR,Balua,-,-,-,-,-,-,26.48694444,87.02194444,25-05-2003 00:00,7.6,730,"","","","","","","","","","","","","","","","","","","","","","","","",""
246,Balua,CGWB,10,Bihar,223,SUPAUL,BASANTPUR,BASANTPUR,Balua,-,-,-,-,-,-,26.48694444,87.02194444,25-05-2005 00:00,7.52,500,"",0,220,"",14,"","","","","",210,36,29.22,8,"","","","","","","","","","",""
247,Balua,CGWB,10,Bihar,216,SAHARSA,MAHISHI,MAHISHI,Balua,-,-,-,-,-,-,25.88194444,86.46111111,25-05-2008 00:00,8.27,388,"",0,214,"",14,"","","","","",160,44,12,22,"","","","","","","","","","",""
248,Balua,CGWB,10,Bihar,216,SAHARSA,MAHISHI,MAHISHI,Balua,-,-,-,-,-,-,25.88194444,86.46111111,25-05-2010 00:00,"",790,"",0,354,"",53,"","","","","",290,56,36,37,"","","","","","","","","","",""
249,Balua,CGWB,10,Bihar,223,SUPAUL,BASANTPUR,BASANTPUR,Balua,-,-,-,-,-,-,26.48694444,87.02194444,25-05-2011 00:00,6.95,720,"",0,403,"",21,"","","","","",255,38,38.95,41,"","","","","","","","","","",""
250,Balua,CGWB,10,Bihar,216,SAHARSA,MAHISHI,MAHISHI,Balua,-,-,-,-,-,-,25.88194444,86.46111111,25-05-2011 00:00,6.95,720,"",0,403,"",21,"","","","","",255,38,38.95,41,"","","","","","","","","","",""
251,Balua,CGWB,10,Bihar,223,SUPAUL,BASANTPUR,BASANTPUR,Balua,-,-,-,-,-,-,26.48694444,87.02194444,25-05-2012 00:00,7.41,377,"",0,214,"",11,"","","","","",170,16,32,5.4,"","","","","","","","","","",""
252,Balua,CGWB,10,Bihar,223,SUPAUL,BASANTPUR,BASANTPUR,Balua,-,-,-,-,-,-,26.48694444,87.02194444,25-05-2013 00:00,8.36,492,"",24,207.4,"",21.3,"",2,"","","",210,8,46.2,10.6,"","","","","","","","","","",""
253,Balua,CGWB,10,Bihar,216,SAHARSA,MAHISHI,MAHISHI,Balua,-,-,-,-,-,-,25.88194444,86.46111111,25-05-2016 00:00,7.94,614,"",0,281,"",35,"",25,"",5.1,"",250,42,35,26,"","","","","","","","","","",""
254,Balua,CGWB,10,Bihar,223,SUPAUL,BASANTPUR,BASANTPUR,Balua,-,-,-,-,-,-,26.48694444,87.02194444,25-05-2016 00:00,7.95,766,497.9,0,311,"",42.552,"",22,"",13.7,"",325,82,28.8,20,"","","","","","","","","","",""
255,Balua,CGWB,10,Bihar,193,BHOJPUR,BARHARA,BARHARA,Balua,-,-,-,-,-,-,25.49027778,84.55638889,30-05-2021 08:00,8.06,510,"",0,139,"",84,"",2,"","","",148,39,12,46,"","","","","","","","","","",""
256,Balua 1,CGWB,10,Bihar,223,SUPAUL,CHHATAPUR,CHHATAPUR,Balua,-,-,-,-,-,-,26.40444444,87.01305556,30-05-2019 08:00,7.99,564,356.2,0,289.05,"",28.7,"","","","","",169.97943,22,27.94,19.32,"","","","","","","","","","",""
257,Balua 1,CGWB,10,Bihar,223,SUPAUL,CHHATAPUR,CHHATAPUR,Balua,-,-,-,-,-,-,26.40444444,87.01305556,30-05-2020 08:00,7.99,564,"","",289.05,"",28.7,"","","","","","",22,27.94,19.32,"","","","","","","","","","",""
258,Balua Bazar,CGWB,10,Bihar,223,SUPAUL,CHHATAPUR,CHHATAPUR,Balua Bazar,-,-,-,-,-,-,26.36472222,87.03722222,25-05-2013 00:00,8.52,503,"",15,176.9,"",46.1,"",7.4,"","","",120,4,26.75,17.4,"","","","","","","","","","",""
259,Balua Bazar,CGWB,10,Bihar,223,SUPAUL,CHHATAPUR,CHHATAPUR,Balua Bazar,-,-,-,-,-,-,26.36472222,87.03722222,25-05-2016 00:00,7.88,378,245.7,0,134,"",31.914,"",26.5,"",4.6,"",130,20,19.2,20,"","","","","","","","","","",""
260,Bandipur,CGWB,10,Bihar,200,KAIMUR,RAMGARH,RAMGARH,Bandipur,-,-,-,-,-,-,25.28472222,83.69027778,25-05-2002 00:00,8.76,558,"","","","","","","","","","","","","","","","","","","","","","","","",""
261,Bandipur,CGWB,10,Bihar,200,KAIMUR,RAMGARH,RAMGARH,Bandipur,-,-,-,-,-,-,25.28472222,83.69027778,25-05-2005 00:00,8.04,900,"",0,366,"",50,"","","","","",360,58,52.34,37,"","","","","","","","","","",""
262,Bandipur,CGWB,10,Bihar,200,KAIMUR,RAMGARH,RAMGARH,Bandipur,-,-,-,-,-,-,25.28472222,83.69027778,25-05-2007 00:00,8.57,630,"",42,159,200.3,46,"","","","","",145,20,23,71,"","","","","","","","","","",""
263,Bandipur,CGWB,10,Bihar,200,KAIMUR,RAMGARH,RAMGARH,Bandipur,-,-,-,-,-,-,25.28472222,83.69027778,25-05-2008 00:00,8.21,853,"",0,286.7,"",49.7,"","","","","",365,44,62.05,42,"","","","","","","","","","",""
264,Bandipur,CGWB,10,Bihar,200,KAIMUR,RAMGARH,RAMGARH,Bandipur,-,-,-,-,-,-,25.28472222,83.69027778,25-05-2010 00:00,"",894,"",0,342,"",46,"","","","","",365,62,51,32,"","","","","","","","","","",""
265,Bandipur,CGWB,10,Bihar,200,KAIMUR,RAMGARH,RAMGARH,Bandipur,-,-,-,-,-,-,25.28472222,83.69027778,25-05-2011 00:00,7.5,894,"",0,342,"",46,"","","","","",365,62,51.13,32,"","","","","","","","","","",""
266,Bandipur,CGWB,10,Bihar,200,KAIMUR,RAMGARH,RAMGARH,Bandipur,-,-,-,-,-,-,25.28472222,83.69027778,25-05-2012 00:00,7.56,510,"",0,320,"",39.7,"",20.02,"","","",180,8.01,38.4,"","","","","","","","","","","",""
267,Bandipur,CGWB,10,Bihar,200,KAIMUR,RAMGARH,RAMGARH,Bandipur,-,-,-,-,-,-,25.28472222,83.69027778,25-05-2016 00:00,8.07,938,"",0,415,"",53,"",46,"",6.8,"",435,62,67,17,"","","","","","","","","","",""
268,Bandipur,CGWB,10,Bihar,200,KAIMUR,RAMGARH,RAMGARH,Bandipur,-,-,-,-,-,-,25.28472222,83.69027778,30-05-2019 08:00,7.8,802,533.65,0,264,"",71,"","","","","",218,11,47,67,"","","","","","","","","","",""
269,Bandipur,CGWB,10,Bihar,200,KAIMUR,RAMGARH,RAMGARH,Bandipur,-,-,-,-,-,-,25.28472222,83.69027778,30-05-2020 08:00,7.8,802,"","",264,"",71,"","","","","","",11,47,67,"","","","","","","","","","",""
270,Bangaon,CGWB,10,Bihar,221,SITAMARHI,BAJPATTI,BAJPATTI,Bangaon,-,-,-,-,-,-,26.54500000,85.63472222,25-05-2005 00:00,7.42,1500,"",0,464,"",142,"","","","","",410,48,70.57,140,"","","","","","","","","","",""
271,Bangaon,CGWB,10,Bihar,216,SAHARSA,KAHARA,KAHARA,Bangaon,-,-,-,-,-,-,25.85833333,86.53611111,25-05-2007 00:00,7.9,430,"","",201.3,165,39,"","","","","",190,48,17,22,"","","","","","","","","","",""
272,Bangaon,CGWB,10,Bihar,216,SAHARSA,KAHARA,KAHARA,Bangaon,-,-,-,-,-,-,25.85833333,86.53611111,25-05-2008 00:00,8,1000,"",0,366,"",117,"","","","","",270,46,38,110,"","","","","","","","","","",""
273,Bangaon,CGWB,10,Bihar,216,SAHARSA,KAHARA,KAHARA,Bangaon,-,-,-,-,-,-,25.85833333,86.53611111,25-05-2009 00:00,"",540,"",24,207,"",18,"","","","","",200,68,7.3,21,"","","","","","","","","","",""
274,Bangaon,CGWB,10,Bihar,216,SAHARSA,KAHARA,KAHARA,Bangaon,-,-,-,-,-,-,25.85833333,86.53611111,25-05-2010 00:00,"",770,"",0,354,"",36,"","","","","",280,40,44,32,"","","","","","","","","","",""
275,Bangaon,CGWB,10,Bihar,216,SAHARSA,KAHARA,KAHARA,Bangaon,-,-,-,-,-,-,25.85833333,86.53611111,25-05-2011 00:00,6.95,463,"",0,244,"",21,"","","","","",160,40,14.64,29,"","","","","","","","","","",""
276,Bangaon,CGWB,10,Bihar,216,SAHARSA,KAHARA,KAHARA,Bangaon,-,-,-,-,-,-,25.85833333,86.53611111,25-05-2012 00:00,7.75,930,"",0,"","","","","","","","",285,12,62,77,"","","","","","","","","","",""
277,Bangaon,CGWB,10,Bihar,216,SAHARSA,KAHARA,KAHARA,Bangaon,-,-,-,-,-,-,25.85833333,86.53611111,25-05-2013 00:00,8.25,538,"",0,219.6,"",46.1,"",3.6,"","","",135,8,27.9,52.6,"","","","","","","","","","",""
278,Bangaon,CGWB,10,Bihar,216,SAHARSA,KAHARA,KAHARA,Bangaon,-,-,-,-,-,-,25.85833333,86.53611111,25-05-2016 00:00,8.53,1466,952.9,24,488,"",124.11,"",61,"",0,"",455,60,73.2,101,"","","","","","","","","","",""
279,Bangra,CGWB,10,Bihar,197,GOPALGANJ,MANJHA,MANJHA,Bangra,-,-,-,-,-,-,26.37916667,84.44583333,25-05-2008 00:00,7.82,570,"",0,287,"",7.1,"","","","","",200,58,13,32,"","","","","","","","","","",""
280,Bangra,CGWB,10,Bihar,197,GOPALGANJ,MANJHA,MANJHA,Bangra,-,-,-,-,-,-,26.37916667,84.44583333,25-05-2010 00:00,"",1031,"",0,366,"",106,"","","","","",300,84,22,57,"","","","","","","","","","",""
281,Bangra,CGWB,10,Bihar,197,GOPALGANJ,MANJHA,MANJHA,Bangra,-,-,-,-,-,-,26.37916667,84.44583333,25-05-2016 00:00,8.28,448,291.2,0,209.1,"",7.09,"",22,"",33.76,"",120,14,21,34,"","","","","","","","","","",""
282,Bangra,CGWB,10,Bihar,197,GOPALGANJ,MANJHA,MANJHA,Bangra,-,-,-,-,-,-,26.37916667,84.44583333,30-05-2019 08:00,7.33,760,366.6,0,207.468,"",49.56,"","","","","",295,70,29.1648,34.56,"","","","","","","","","","",""
283,Bangra,CGWB,10,Bihar,197,GOPALGANJ,MANJHA,MANJHA,Bangra,-,-,-,-,-,-,26.37916667,84.44583333,30-05-2020 08:00,7.33,760,"","",207.468,"",49.56,"","","","","","",70,29.1648,34.56,"","","","","","","","","","",""
284,Baniapur,CGWB,10,Bihar,218,SARAN,BANIAPUR,BANIAPUR,Baniapur,-,-,-,-,-,-,25.99166667,84.70416667,25-05-2002 00:00,8.69,890,"","","","","","","","","","","","","","","","","","","","","","","","",""
285,Baniapur,CGWB,10,Bihar,218,SARAN,BANIAPUR,BANIAPUR,Baniapur,-,-,-,-,-,-,25.99166667,84.70416667,25-05-2009 00:00,"",2150,"",0,329,"",462,"","","","","",650,74,113,391,"","","","","","","","","","",""
286,Baniapur,CGWB,10,Bihar,218,SARAN,BANIAPUR,BANIAPUR,Baniapur,-,-,-,-,-,-,25.99166667,84.70416667,25-05-2012 00:00,7.39,1799,"",0,350.6,"",241.6,"","","","","",550,76,88,94,"","","","","","","","","","",""
287,Banka ps,CGWB,10,Bihar,190,BANKA,BANKA,BANKA,Banka ps,-,-,-,-,-,-,24.89583333,86.92083333,25-05-2005 00:00,7.7,780,"",0,226,"",99,"","","","","",210,48,21.94,74,"","","","","","","","","","",""
288,Banka ps,CGWB,10,Bihar,190,BANKA,BANKA,BANKA,Banka ps,-,-,-,-,-,-,24.89583333,86.92083333,25-05-2007 00:00,8.49,290,"","",305,250,17.7,"","","","","",100,28,7.33,33,"","","","","","","","","","",""
289,Banka ps,CGWB,10,Bihar,190,BANKA,BANKA,BANKA,Banka ps,-,-,-,-,-,-,24.89583333,86.92083333,25-05-2008 00:00,8.68,300,"",12,85,"",18,"","","","","",90,4,19,18,"","","","","","","","","","",""
290,Banka ps,CGWB,10,Bihar,190,BANKA,BANKA,BANKA,Banka ps,-,-,-,-,-,-,24.89583333,86.92083333,25-05-2009 00:00,"",336,"",0,146,"",28,"","","","","",120,30,11,26,"","","","","","","","","","",""
291,Banka ps,CGWB,10,Bihar,190,BANKA,BANKA,BANKA,Banka ps,-,-,-,-,-,-,24.89583333,86.92083333,25-05-2010 00:00,8.38,399,"",6,171,"",35,"","","","","",105,26,9.7,28,"","","","","","","","","","",""
292,Banka ps,CGWB,10,Bihar,190,BANKA,BANKA,BANKA,Banka ps,-,-,-,-,-,-,24.89583333,86.92083333,25-05-2011 00:00,8.38,399,"","",171,"",35,"","","","","",105,26,9.76,28,"","","","","","","","","","",""
293,Banka ps,CGWB,10,Bihar,190,BANKA,BANKA,BANKA,Banka ps,-,-,-,-,-,-,24.89583333,86.92083333,25-05-2012 00:00,8.38,399,"",6,171,"",35,"","","","","",105,26,9.7,28,"","","","","","","","","","",""
294,Banka ps,CGWB,10,Bihar,190,BANKA,BANKA,BANKA,Banka ps,-,-,-,-,-,-,24.89583333,86.92083333,25-05-2013 00:00,8.2,1920,"",0,610,"",206,"",86,"","","",450,136,26.91,158,"","","","","","","","","","",""
295,Banka ps,CGWB,10,Bihar,190,BANKA,BANKA,BANKA,Banka ps,-,-,-,-,-,-,24.89583333,86.92083333,25-05-2016 00:00,8.23,530,344.5,0,264.45,"",31.9,"",40.92,"",13.74,"",120,8,24.3,71.94,"","","","","","","","","","",""
296,Banke Bazar,CGWB,10,Bihar,196,GAYA,AMAS,AMAS,Banke Bazar,-,-,-,-,-,-,24.51694444,84.66666667,30-05-2019 08:00,8.03,797,919.75,0,301,"",49.7,"","","","","",175,62,4.86,95,"","","","","","","","","","",""
297,Banke Bazar,CGWB,10,Bihar,196,GAYA,AMAS,AMAS,Banke Bazar,-,-,-,-,-,-,24.51694444,84.66666667,30-05-2020 08:00,8.03,797,"","",301,"",49.7,"","","","","","",62,4.86,95,"","","","","","","","","","",""
298,Banmankhi,CGWB,10,Bihar,214,PURNIA,DHAMDAHA,DHAMDAHA,Banmankhi,-,-,-,-,-,-,25.73888889,87.20833333,25-05-2000 00:00,8.1,386,"",0,244,"",36,"","","","","",185,38,22,24,"","","","","","","","","","",""
299,Banmankhi,CGWB,10,Bihar,214,PURNIA,DHAMDAHA,DHAMDAHA,Banmankhi,-,-,-,-,-,-,25.73888889,87.20833333,25-05-2003 00:00,7.11,630,"","","","","","","","","","","","","","","","","","","","","","","","",""
300,Banmankhi,CGWB,10,Bihar,214,PURNIA,DHAMDAHA,DHAMDAHA,Banmankhi,-,-,-,-,-,-,25.73888889,87.20833333,25-05-2008 00:00,8.45,289,"",12,177,"",11,"","","","","",110,30,8.55,22,"","","","","","","","","","",""
301,Banmankhi,CGWB,10,Bihar,214,PURNIA,DHAMDAHA,DHAMDAHA,Banmankhi,-,-,-,-,-,-,25.73888889,87.20833333,25-05-2011 00:00,7.62,1319,"",0,488,"",152.66,"","","","","",275,38,43.81,105,"","","","","","","","","","",""
302,Banmankhi,CGWB,10,Bihar,214,PURNIA,DHAMDAHA,DHAMDAHA,Banmankhi,-,-,-,-,-,-,25.73888889,87.20833333,25-05-2012 00:00,7.29,360,"",0,360,"",170.16,"",55.22,"","","",272,24.04,51.55,"","","","","","","","","","","",""
303,Banmankhi,CGWB,10,Bihar,214,PURNIA,DHAMDAHA,DHAMDAHA,Banmankhi,-,-,-,-,-,-,25.73888889,87.20833333,25-05-2013 00:00,7.76,809,"",0,256.2,"",67.4,"",45.7,"","","",200,32,29.2,51.4,"","","","","","","","","","",""
304,Banmankhi,CGWB,10,Bihar,214,PURNIA,DHAMDAHA,DHAMDAHA,Banmankhi,-,-,-,-,-,-,25.73888889,87.20833333,25-05-2016 00:00,8.08,1267,"",0,466.04,"",141.84,"",5.95,"",16.32,"",60,20,2,255,"","","","","","","","","","",""
305,Banmankhi,CGWB,10,Bihar,214,PURNIA,DHAMDAHA,DHAMDAHA,Banmankhi,-,-,-,-,-,-,25.73888889,87.20833333,30-05-2019 08:00,8.14,280,330.2,0,144,"",7.1,"","","","","",110,18,15.795,9.75,"","","","","","","","","","",""
306,Banmankhi,CGWB,10,Bihar,214,PURNIA,DHAMDAHA,DHAMDAHA,Banmankhi,-,-,-,-,-,-,25.73888889,87.20833333,30-05-2020 08:00,8.14,280,"","",144,"",7.1,"","","","","","",18,15.795,9.75,"","","","","","","","","","",""
307,Bansbari,CGWB,10,Bihar,214,PURNIA,AMOUR,AMOUR,Bansbari,-,-,-,-,-,-,25.95833333,87.71250000,25-05-2004 00:00,7.82,640,"",0,237,"",89,"","","","","",199,49,18,56,"","","","","","","","","","",""
308,Bansbari,CGWB,10,Bihar,214,PURNIA,AMOUR,AMOUR,Bansbari,-,-,-,-,-,-,25.95833333,87.71250000,25-05-2005 00:00,8.01,630,"",0,207,"",64,"","","","","",175,44,15.86,43,"","","","","","","","","","",""
309,Bansbari,CGWB,10,Bihar,214,PURNIA,AMOUR,AMOUR,Bansbari,-,-,-,-,-,-,25.95833333,87.71250000,25-05-2007 00:00,7.95,210,"","",67,54.9,25,"","","","","",70,16,7.3,9.4,"","","","","","","","","","",""
310,Bansbari,CGWB,10,Bihar,214,PURNIA,AMOUR,AMOUR,Bansbari,-,-,-,-,-,-,25.95833333,87.71250000,25-05-2009 00:00,"",430,"",0,104,"",60,"","","","","",145,34,15,23,"","","","","","","","","","",""
311,Bansbari,CGWB,10,Bihar,214,PURNIA,AMOUR,AMOUR,Bansbari,-,-,-,-,-,-,25.95833333,87.71250000,25-05-2011 00:00,7.06,603,"",0,164.7,"",81.65,"","","","","",190,32,26.78,41,"","","","","","","","","","",""
312,Bansbari,CGWB,10,Bihar,214,PURNIA,AMOUR,AMOUR,Bansbari,-,-,-,-,-,-,25.95833333,87.71250000,25-05-2012 00:00,7.32,265,"",0,180,"",96.42,"",42.96,"","","",144,38.47,11.67,"","","","","","","","","","","",""
313,Bansbari,CGWB,10,Bihar,214,PURNIA,AMOUR,AMOUR,Bansbari,-,-,-,-,-,-,25.95833333,87.71250000,25-05-2013 00:00,7.37,1457,"",0,433.1,"",163.1,"",49.2,"","","",255,26,46.23,126.4,"","","","","","","","","","",""
314,Bansbari,CGWB,10,Bihar,214,PURNIA,AMOUR,AMOUR,Bansbari,-,-,-,-,-,-,25.95833333,87.71250000,25-05-2016 00:00,8.04,750,"",0,247.66,"",85.104,"",16.95,"",11.78,"",245,18,48,43.44,"","","","","","","","","","",""
315,Bansbari,CGWB,10,Bihar,214,PURNIA,AMOUR,AMOUR,Bansbari,-,-,-,-,-,-,25.95833333,87.71250000,30-05-2019 08:00,8.15,508,384.8,0,182,"",35.5,"","","","","",150,34,15.795,37.29,"","","","","","","","","","",""
316,Bansbari,CGWB,10,Bihar,214,PURNIA,AMOUR,AMOUR,Bansbari,-,-,-,-,-,-,25.95833333,87.71250000,30-05-2020 08:00,8.15,508,"","",182,"",35.5,"","","","","","",34,15.795,37.29,"","","","","","","","","","",""
317,Bansi Surajpur,CGWB,10,Bihar,199,JEHANABAD,KARPI,KARPI,Bansi Surajpur,-,-,-,-,-,-,25.11111111,84.66972222,30-05-2019 08:00,8.25,531,319.15,0,305,"",7.1,"","","","","",150,26,20.655,41,"","","","","","","","","","",""
318,Bansi Surajpur,CGWB,10,Bihar,199,JEHANABAD,KARPI,KARPI,Bansi Surajpur,-,-,-,-,-,-,25.11111111,84.66972222,30-05-2020 08:00,8.25,531,"","",305,"",7.1,"","","","","","",26,20.655,41,"","","","","","","","","","",""
319,Banspur pipra,CGWB,10,Bihar,211,PASHCHIM CHAMPARAN,GAUNAHA,GAUNAHA,Banspur pipra,-,-,-,-,-,-,27.16666667,84.50833333,25-05-2010 00:00,"",324,"",0,183,"",3.6,"","","","","",110,30,8.5,25,"","","","","","","","","","",""
320,Banspur pipra,CGWB,10,Bihar,211,PASHCHIM CHAMPARAN,GAUNAHA,GAUNAHA,Banspur pipra,-,-,-,-,-,-,27.16666667,84.50833333,25-05-2012 00:00,8.15,300,"",0,159,"",7,"","","","","",120,32,9.76,13,"","","","","","","","","","",""
321,Banspur pipra,CGWB,10,Bihar,211,PASHCHIM CHAMPARAN,GAUNAHA,GAUNAHA,Banspur pipra,-,-,-,-,-,-,27.16666667,84.50833333,25-05-2013 00:00,8.15,300,"",0,159,"",7,"",8,"","","",120,32,9.76,13,"","","","","","","","","","",""
322,Banspur pipra,CGWB,10,Bihar,211,PASHCHIM CHAMPARAN,GAUNAHA,GAUNAHA,Banspur pipra,-,-,-,-,-,-,27.16666667,84.50833333,25-05-2016 00:00,7.99,310,"",0,122,"",28,"",4,"",7.9,"",115,22,14,12,"","","","","","","","","","",""
323,Barahara,CGWB,10,Bihar,193,BHOJPUR,BARHARA,BARHARA,Barahara,-,-,-,-,-,-,25.68277778,84.72861111,30-05-2021 08:00,7.94,800,"",0,314,"",89,"",5,"","","",269,46,37,54.73,"","","","","","","","","","",""
324,Barahat,CGWB,10,Bihar,190,BANKA,BARAHAT,BARAHAT,Barahat,-,-,-,-,-,-,24.88333333,87.02083333,25-05-2005 00:00,8.24,470,"",0,183,"",32,"","","","","",110,16,17.04,48,"","","","","","","","","","",""
325,Barahat,CGWB,10,Bihar,190,BANKA,BARAHAT,BARAHAT,Barahat,-,-,-,-,-,-,24.88333333,87.02083333,25-05-2007 00:00,8.3,883,"","",738,604.9,102.9,"","","","","",250,60,24.39,56,"","","","","","","","","","",""
326,Barahat,CGWB,10,Bihar,190,BANKA,BARAHAT,BARAHAT,Barahat,-,-,-,-,-,-,24.88333333,87.02083333,25-05-2008 00:00,8.14,600,"",0,268,"",25,"","","","","",165,38,17,52,"","","","","","","","","","",""
327,Barahat,CGWB,10,Bihar,190,BANKA,BARAHAT,BARAHAT,Barahat,-,-,-,-,-,-,24.88333333,87.02083333,25-05-2009 00:00,"",650,"",18,317,"",21,"","","","","",230,18,45,38,"","","","","","","","","","",""
328,Barahat,CGWB,10,Bihar,190,BANKA,BARAHAT,BARAHAT,Barahat,-,-,-,-,-,-,24.88333333,87.02083333,25-05-2010 00:00,"",585,"",0,323,"",14,"","","","","",175,32,23,51,"","","","","","","","","","",""
329,Barahat,CGWB,10,Bihar,190,BANKA,BARAHAT,BARAHAT,Barahat,-,-,-,-,-,-,24.88333333,87.02083333,25-05-2011 00:00,7.94,585,"",0,323,"",14,"","","","","",175,32,23.14,51,"","","","","","","","","","",""
330,Barahat,CGWB,10,Bihar,190,BANKA,BARAHAT,BARAHAT,Barahat,-,-,-,-,-,-,24.88333333,87.02083333,25-05-2012 00:00,7.94,585,"",0,323,"",14,"","","","","",175,32,23.14,51,"","","","","","","","","","",""
331,Barahat,CGWB,10,Bihar,190,BANKA,BARAHAT,BARAHAT,Barahat,-,-,-,-,-,-,24.88333333,87.02083333,25-05-2013 00:00,7.97,945,"",0,415,"",64,"",0,"","","",250,32,41.37,92,"","","","","","","","","","",""
332,Barahat,CGWB,10,Bihar,190,BANKA,BARAHAT,BARAHAT,Barahat,-,-,-,-,-,-,24.88333333,87.02083333,25-05-2016 00:00,8.06,881,572.65,0,104.55,"",180.79,"",58.48,"",18.14,"",275,70,24.3,58.51,"","","","","","","","","","",""
333,Barahat,CGWB,10,Bihar,190,BANKA,BARAHAT,BARAHAT,Barahat,-,-,-,-,-,-,24.88333333,87.02083333,30-05-2019 08:00,7,619,563.55,0,241,"",38,"","","","","",118,11,21.99512,72,"","","","","","","","","","",""
334,Barahat,CGWB,10,Bihar,190,BANKA,BARAHAT,BARAHAT,Barahat,-,-,-,-,-,-,24.88333333,87.02083333,30-05-2020 08:00,7,619,"","",241,"",38,"","","","","","",11,21.99512,72,"","","","","","","","","","",""
335,Barari,CGWB,10,Bihar,201,KATIHAR,BARARI,BARARI,Barari,-,-,-,-,-,-,25.50000000,87.36777778,25-05-2007 00:00,8.36,330,"",24,98,120.3,11,"","","","","",120,26,13,9.4,"","","","","","","","","","",""
336,Barari,CGWB,10,Bihar,201,KATIHAR,BARARI,BARARI,Barari,-,-,-,-,-,-,25.49166667,87.36250000,25-05-2008 00:00,8.42,535,"",12,177,"",71,"","","","","",120,16,19,55,"","","","","","","","","","",""
337,Barari,CGWB,10,Bihar,201,KATIHAR,BARARI,BARARI,Barari,-,-,-,-,-,-,25.49166667,87.36250000,25-05-2009 00:00,"",830,"",0,366,"",64,"","","","","",290,54,38,51,"","","","","","","","","","",""
338,Barari,CGWB,10,Bihar,201,KATIHAR,BARARI,BARARI,Barari,-,-,-,-,-,-,25.49166667,87.36250000,25-05-2016 00:00,7.73,904,"",0,308.05,"",124.11,"",15.86,"",32.56,"",295,38,48,62.59,"","","","","","","","","","",""
339,Barari-1,CGWB,10,Bihar,201,KATIHAR,BARARI,BARARI,Barari,-,-,-,-,-,-,25.50444444,87.37500000,25-05-2008 00:00,8.42,535,"",12,177,"",71,"","","","","",120,16,19.47,55,"","","","","","","","","","",""
340,Barari-1,CGWB,10,Bihar,201,KATIHAR,BARARI,BARARI,Barari,-,-,-,-,-,-,25.50444444,87.37500000,25-05-2011 00:00,7.2,1156,"",0,408.7,"",149.1,"","","","","",320,68,36.55,90,"","","","","","","","","","",""
341,Barari-1,CGWB,10,Bihar,201,KATIHAR,BARARI,BARARI,Barari,-,-,-,-,-,-,25.50444444,87.37500000,25-05-2013 00:00,7.43,947,"",0,372.1,"",95.7,"",12.3,"","","",290,40,46.24,57,"","","","","","","","","","",""
342,Barauli,CGWB,10,Bihar,197,GOPALGANJ,BARAULI,BARAULI,Barauli,-,-,-,-,-,-,26.37916667,84.58750000,25-05-2002 00:00,8.62,375,"","","","","","","","","","","","","","","","","","","","","","","","",""
343,Barauli,CGWB,10,Bihar,197,GOPALGANJ,BARAULI,BARAULI,Barauli,-,-,-,-,-,-,26.37916667,84.58750000,25-05-2009 00:00,"",500,"",0,201,"",18,"","","","","",130,26,16,46,"","","","","","","","","","",""
344,Barauli,CGWB,10,Bihar,197,GOPALGANJ,BARAULI,BARAULI,Barauli,-,-,-,-,-,-,26.37916667,84.58750000,25-05-2010 00:00,"",503,"",0,281,"",14,"","","","","",215,46,24,13,"","","","","","","","","","",""
345,Barauli,CGWB,10,Bihar,197,GOPALGANJ,BARAULI,BARAULI,Barauli,-,-,-,-,-,-,26.37916667,84.58750000,25-05-2011 00:00,8.5,360,"",12,256.2,"",10.65,"","","","","",160,24,24.34,19,"","","","","","","","","","",""
346,Barauli,CGWB,10,Bihar,197,GOPALGANJ,BARAULI,BARAULI,Barauli,-,-,-,-,-,-,26.37916667,84.58750000,25-05-2013 00:00,8.5,436,"",12,208,"",10.7,"",12.7,"","","",160,24,24.34,29,"","","","","","","","","","",""
347,Barauli,CGWB,10,Bihar,197,GOPALGANJ,BARAULI,BARAULI,Barauli,-,-,-,-,-,-,26.37916667,84.58750000,25-05-2016 00:00,8.46,444,288.6,9,215.25,"",10.63,"",12.7,"",8,"",160,30,20.65,33,"","","","","","","","","","",""
348,Barauli,CGWB,10,Bihar,197,GOPALGANJ,BARAULI,BARAULI,Barauli,-,-,-,-,-,-,26.37916667,84.58750000,30-05-2021 08:00,8.94,2213,"",84,512.568,"",173.705,"",325,0,"","",140,12,27,480,"","","","","","","","","","",""
349,Barauni`0mile,CGWB,10,Bihar,191,BEGUSARAI,BARAUNI,BARAUNI,Barauni`0mile,-,-,-,-,-,-,25.42777778,86.02527778,25-05-2011 00:00,7.71,560,"",0,317,"",11,"","","","","",210,54,18.3,29,"","","","","","","","","","",""
350,Barauni`0mile,CGWB,10,Bihar,191,BEGUSARAI,BARAUNI,BARAUNI,Barauni`0mile,-,-,-,-,-,-,25.42777778,86.02527778,25-05-2016 00:00,6.71,787,511.55,0,360,"",49.644,"",16,"",3.8,"",300,22,58.8,38,"","","","","","","","","","",""
351,Baraun mile,CGWB,10,Bihar,191,BEGUSARAI,BACHHWARA,BACHHWARA,Barauni 0 mile,-,-,-,-,-,-,25.45833333,85.97083333,25-05-2003 00:00,8,1520,"","","","","","","","","","",458,"","","","","","","","","","","","","",""
352,Barbigha,CGWB,10,Bihar,219,SHEIKHPURA,BARBIGHA,BARBIGHA,Barbigha,-,-,-,-,-,-,25.21694444,85.73777778,25-05-2013 00:00,7.53,1083,"",0,390,"",135,"",0,"","","",330,76,34.13,87,"","","","","","","","","","",""
353,Barbigha,CGWB,10,Bihar,219,SHEIKHPURA,BARBIGHA,BARBIGHA,Barbigha,-,-,-,-,-,-,25.21694444,85.73777778,25-05-2016 00:00,7.3,1039,675.35,0,264.45,"",138.25,"",82.13,"",14,"",265,38,41,139,"","","","","","","","","","",""
354,Barh,CGWB,10,Bihar,212,PATNA,BARH,BARH,Barh,-,-,-,-,-,-,25.48277778,85.71388889,25-05-2000 00:00,8.16,1350,"",0,427,"",156,"","","","","",375,52,59.63,120,"","","","","","","","","","",""
355,Barh,CGWB,10,Bihar,212,PATNA,BARH,BARH,Barh,-,-,-,-,-,-,25.48277778,85.71388889,25-05-2001 00:00,8.55,1200,"",30,214,"",160,"","","","","",325,38,56,113,"","","","","","","","","","",""
356,Barh,CGWB,10,Bihar,212,PATNA,BARH,BARH,Barh,-,-,-,-,-,-,25.48277778,85.71388889,25-05-2007 00:00,8.21,1680,"","",299.9,1019.7,195.2,"","","","","",550,10.4,127.41,150,"","","","","","","","","","",""
357,Barh,CGWB,10,Bihar,212,PATNA,BARH,BARH,Barh,-,-,-,-,-,-,25.48277778,85.71388889,25-05-2016 00:00,7.48,544,353.6,0,319.8,"",21.27,"",32.82,"",18.23,"",145,18,24.3,68.61,"","","","","","","","","","",""
358,Barh1,CGWB,10,Bihar,212,PATNA,BARH,BARH,Barh,-,-,-,-,-,-,25.45833333,85.70416667,25-05-2005 00:00,7.82,720,"",0,232,"",85,"","","","","",190,36,24.36,74,"","","","","","","","","","",""
359,Barh1,CGWB,10,Bihar,212,PATNA,BARH,BARH,Barh,-,-,-,-,-,-,25.45833333,85.70416667,25-05-2008 00:00,8.45,830,"",30,189,"",121,"","","","","",220,22,40,83,"","","","","","","","","","",""
360,Barh1,CGWB,10,Bihar,212,PATNA,BARH,BARH,Barh,-,-,-,-,-,-,25.45833333,85.70416667,25-05-2010 00:00,7.77,634,"",0,311,"",43,"","","","","",185,40,21,60,"","","","","","","","","","",""
361,Barhaiya,CGWB,10,Bihar,204,LAKHISARAI,LAKHISARAI,LAKHISARAI,Barhaiya,-,-,-,-,-,-,25.21250000,86.03333333,25-05-2005 00:00,8.23,550,"",0,232,"",21,"","","","","",110,16,17.04,69,"","","","","","","","","","",""
362,Barhaiya,CGWB,10,Bihar,204,LAKHISARAI,LAKHISARAI,LAKHISARAI,Barhaiya,-,-,-,-,-,-,25.21250000,86.03333333,25-05-2009 00:00,"",430,"",12,220,"",7.1,"","","","","",110,16,17.04,44,"","","","","","","","","","",""
363,Barhaiya,CGWB,10,Bihar,204,LAKHISARAI,LAKHISARAI,LAKHISARAI,Barhaiya,-,-,-,-,-,-,25.21250000,86.03333333,25-05-2010 00:00,8.03,538,"",0,311,"",11,"","","","","",160,36,17,46,"","","","","","","","","","",""
364,Barhaiya,CGWB,10,Bihar,204,LAKHISARAI,LAKHISARAI,LAKHISARAI,Barhaiya,-,-,-,-,-,-,25.21250000,86.03333333,25-05-2011 00:00,8.03,538,"",0,311,"",11,"","","","","",160,36,17.06,46,"","","","","","","","","","",""
365,Barhaiya,CGWB,10,Bihar,204,LAKHISARAI,LAKHISARAI,LAKHISARAI,Barhaiya,-,-,-,-,-,-,25.21250000,86.03333333,25-05-2012 00:00,8.08,540,"",0,"","","","","","","","",160,36,17,46,"","","","","","","","","","",""
366,Barhaiya,CGWB,10,Bihar,204,LAKHISARAI,LAKHISARAI,LAKHISARAI,Barhaiya,-,-,-,-,-,-,25.21250000,86.03333333,25-05-2016 00:00,7.68,685,445.25,0,325.95,"",28.36,"",24.6,"",14.51,"",200,26,32.8,81.37,"","","","","","","","","","",""
367,Barhaiya,CGWB,10,Bihar,204,LAKHISARAI,LAKHISARAI,LAKHISARAI,Barhaiya,-,-,-,-,-,-,25.21250000,86.03333333,30-05-2019 08:00,7.5,822,490.1,0,302,"",79,"","","","","",201,16,39,86,"","","","","","","","","","",""
368,Barhaiya,CGWB,10,Bihar,204,LAKHISARAI,LAKHISARAI,LAKHISARAI,Barhaiya,-,-,-,-,-,-,25.21250000,86.03333333,30-05-2020 08:00,7.5,822,"","",302,"",79,"","","","","","",16,39,86,"","","","","","","","","","",""
369,Barhampur,CGWB,10,Bihar,194,BUXAR,BARHAMPUR,BARHAMPUR,Barhampur,-,-,-,-,-,-,25.59555556,84.30583333,25-05-2011 00:00,7.5,2300,"",0,244,"","","","","","","",680,50,135.24,196,"","","","","","","","","","",""
370,Barhampur,CGWB,10,Bihar,194,BUXAR,BARHAMPUR,BARHAMPUR,Barhampur,-,-,-,-,-,-,25.59555556,84.30583333,25-05-2012 00:00,7.51,580,"",0,240,"",133.29,"",22.94,"","","",220,32.06,33.6,"","","","","","","","","","","",""
371,Barhampur,CGWB,10,Bihar,194,BUXAR,BARHAMPUR,BARHAMPUR,Barhampur,-,-,-,-,-,-,25.59555556,84.30583333,25-05-2013 00:00,7.8,1554,"",0,433.1,"",244.6,"",15,"","","",135,6,29.18,308.4,"","","","","","","","","","",""
372,Barhampur,CGWB,10,Bihar,194,BUXAR,BARHAMPUR,BARHAMPUR,Barhampur,-,-,-,-,-,-,25.59555556,84.30583333,25-05-2016 00:00,8.55,824,"",36,268,"",67,"",47,"",6.8,"",345,54,50,25,"","","","","","","","","","",""
373,Bariarpur,CGWB,10,Bihar,207,MUNGER,DHARHARA,DHARHARA,Bariarpur,-,-,-,-,-,-,25.26666667,86.50000000,25-05-2009 00:00,"",928,"",12,201,"",114,"","","","","",315,34,56,63,"","","","","","","","","","",""
374,Bariarpur,CGWB,10,Bihar,207,MUNGER,DHARHARA,DHARHARA,Bariarpur,-,-,-,-,-,-,25.26666667,86.50000000,25-05-2010 00:00,8.43,767,"",12,409,"",14,"","","","","",200,26,33,87,"","","","","","","","","","",""
375,Bariarpur,CGWB,10,Bihar,207,MUNGER,DHARHARA,DHARHARA,Bariarpur,-,-,-,-,-,-,25.26666667,86.50000000,25-05-2013 00:00,7.64,1160,"",0,476,"",92,"",0,"","","",440,100,46.32,58,"","","","","","","","","","",""
376,Bariarpur,CGWB,10,Bihar,207,MUNGER,DHARHARA,DHARHARA,Bariarpur,-,-,-,-,-,-,25.26666667,86.50000000,25-05-2016 00:00,7.4,582,378.3,0,264.45,"",67.35,"",25.93,"",20.51,"",115,22,24.3,70.72,"","","","","","","","","","",""
377,Bariarpur1,CGWB,10,Bihar,207,MUNGER,JAMALPUR,JAMALPUR,Bariarpur,-,-,-,-,-,-,25.32888889,86.63777778,25-05-2011 00:00,8.43,767,"","",409,"",14,"","","","","",200,26,32.85,87,"","","","","","","","","","",""
378,Bariarpur1,CGWB,10,Bihar,207,MUNGER,JAMALPUR,JAMALPUR,Bariarpur,-,-,-,-,-,-,25.32888889,86.63777778,25-05-2012 00:00,8.4,767,"","",409,"",14,"","","","","",200,26,33,85,"","","","","","","","","","",""
379,Barieghu,CGWB,10,Bihar,191,BEGUSARAI,BEGUSARAI,-,-,-,-,-,-,-,-,25.40000000,86.14222200,30-05-2019 08:00,8.3,1073,340.145,39,476.18063,"",127.62,"","","","","",350,30.024,66.73301,112.57,"","","","","","","","","","",""
380,Barieghu,CGWB,10,Bihar,191,BEGUSARAI,BEGUSARAI,-,-,-,-,-,-,-,-,25.40000000,86.14222200,30-05-2020 08:00,8.3,1073,"","",476.18063,"",127.62,"","","","","","",30.024,66.73301,112.57,"","","","","","","","","","",""
381,Barka Rajpur,CGWB,10,Bihar,194,BUXAR,SIMRI,SIMRI,Barka Rajpur,-,-,-,-,-,-,25.68472222,84.12944444,30-05-2021 08:00,7.48,87.7,"",0,25.4,"",15.3,"",3.6,"","","",27.7,10.28,0.49,9.8,"","","","","","","","","","",""
382,Barsoni,CGWB,10,Bihar,214,PURNIA,PURNIA EAST,PURNIA EAST,Barsoni,-,-,-,-,-,-,25.80333333,87.58333333,30-05-2019 08:00,8.19,592,291.85,0,225,"",49.7,"","","","","",190,26,30.375,43.21,"","","","","","","","","","",""
383,Barsoni,CGWB,10,Bihar,214,PURNIA,PURNIA EAST,PURNIA EAST,Barsoni,-,-,-,-,-,-,25.80333333,87.58333333,30-05-2020 08:00,8.19,592,"","",225,"",49.7,"","","","","","",26,30.375,43.21,"","","","","","","","","","",""
384,Barun,CGWB,10,Bihar,189,AURANGABAD,BARUN,BARUN,Barun,-,-,-,-,-,-,24.89166667,84.24166667,25-05-2005 00:00,8.41,400,"",18,146,"",14,"","","","","",115,16,18.25,35,"","","","","","","","","","",""
385,Barun,CGWB,10,Bihar,189,AURANGABAD,BARUN,BARUN,Barun,-,-,-,-,-,-,24.86666667,84.21611111,25-05-2007 00:00,8.63,500,"",36,153,185.4,14,"","","","","",130,16,22,50,"","","","","","","","","","",""
386,Barun,CGWB,10,Bihar,189,AURANGABAD,BARUN,BARUN,Barun,-,-,-,-,-,-,24.86666667,84.21611111,25-05-2010 00:00,"",592,"",0,311,"",25,"","","","","",210,20,39,37,"","","","","","","","","","",""
387,Barun,CGWB,10,Bihar,189,AURANGABAD,BARUN,BARUN,Barun,-,-,-,-,-,-,24.89166667,84.24166667,25-05-2011 00:00,7.5,592,"",0,311,"",25,"","","","","",210,20,38.93,37,"","","","","","","","","","",""
388,Barun,CGWB,10,Bihar,189,AURANGABAD,BARUN,BARUN,Barun,-,-,-,-,-,-,24.89166667,84.24166667,25-05-2012 00:00,7.44,420,"",0,240,"",36.86,"",39.46,"","","",144,17.63,24,"","","","","","","","","","","",""
389,Barun,CGWB,10,Bihar,189,AURANGABAD,BARUN,BARUN,Barun,-,-,-,-,-,-,24.89166667,84.24166667,25-05-2013 00:00,7.24,686,"",0,250.1,"",31.9,"",39.5,"","","",240,40,34.09,34,"","","","","","","","","","",""
390,Barun,CGWB,10,Bihar,189,AURANGABAD,BARUN,BARUN,Barun,-,-,-,-,-,-,24.86666667,84.21611111,25-05-2016 00:00,7.6,610,396.5,0,295.5,"",42.54,"",20.66,"",4.65,"",195,40,23.08,69.51,"","","","","","","","","","",""
391,Barun,CGWB,10,Bihar,189,AURANGABAD,BARUN,BARUN,Barun,-,-,-,-,-,-,24.89166667,84.24166667,25-05-2016 00:00,7.6,610,396.5,0,295.5,"",42.54,"",20.66,"",4.65,"",195,40,23.08,69.51,"","","","","","","","","","",""
392,Barun,CGWB,10,Bihar,189,AURANGABAD,BARUN,BARUN,Barun,-,-,-,-,-,-,24.89166667,84.24166667,30-05-2019 08:00,8.21,540,858,0,225,"",21.3,"","","","","",130,24,17.01,54,"","","","","","","","","","",""
393,Barun,CGWB,10,Bihar,189,AURANGABAD,BARUN,BARUN,Barun,-,-,-,-,-,-,24.89166667,84.24166667,30-05-2020 08:00,8.21,540,"","",225,"",21.3,"","","","","","",24,17.01,54,"","","","","","","","","","",""
394,Barun,CGWB,10,Bihar,189,AURANGABAD,BARUN,BARUN,Barun,-,-,-,-,-,-,24.89166667,84.24166667,30-05-2021 08:00,8.54,830,"",15,285,"",89,"",3,"","","",287,90,15,49,"","","","","","","","","","",""
395,Baruna,CGWB,10,Bihar,193,BHOJPUR,SAHAR,SAHAR,Baruna,-,-,-,-,-,-,25.31888889,84.60416667,30-05-2021 08:00,7.65,150,"",0,61,"",15,"",2,"","","",55,18,2,4,"","","","","","","","","","",""
396,Basantpur,CGWB,10,Bihar,222,SIWAN,BASANTPUR,BASANTPUR,Basantpur,-,-,-,-,-,-,26.17138889,84.67555556,25-05-2002 00:00,7.94,943,"","","","","","","","","","","","","","","","","","","","","","","","",""
397,Basantpur,CGWB,10,Bihar,222,SIWAN,BASANTPUR,BASANTPUR,Basantpur,-,-,-,-,-,-,26.17083333,84.67083333,25-05-2007 00:00,8.44,530,"",18,244,230,11,"","","","","",185,18,34,30,"","","","","","","","","","",""
398,Basantpur,CGWB,10,Bihar,222,SIWAN,BASANTPUR,BASANTPUR,Basantpur,-,-,-,-,-,-,26.17138889,84.67555556,25-05-2009 00:00,"",860,"",0,293,"",107,"","","","","",250,76,15,69,"","","","","","","","","","",""
399,Basantpur,CGWB,10,Bihar,222,SIWAN,BASANTPUR,BASANTPUR,Basantpur,-,-,-,-,-,-,26.17083333,84.67083333,25-05-2010 00:00,"",1120,"",0,421,"",124,"","","","","",370,100,29,75,"","","","","","","","","","",""
400,Basantpur,CGWB,10,Bihar,222,SIWAN,BASANTPUR,BASANTPUR,Basantpur,-,-,-,-,-,-,26.17138889,84.67555556,25-05-2012 00:00,8.51,452,"",24,295.2,"",10.64,"","","","","",180,6,40,13,"","","","","","","","","","",""
401,Basantpur,CGWB,10,Bihar,222,SIWAN,BASANTPUR,BASANTPUR,Basantpur,-,-,-,-,-,-,26.17138889,84.67555556,25-05-2013 00:00,8.69,452,"",21,183,"",16,"",0,"","","",210,40,26.79,13,"","","","","","","","","","",""
402,Basantpur,CGWB,10,Bihar,202,KHAGARIA,CHAUTHAM,CHAUTHAM,Basantpur,-,-,-,-,-,-,25.50333333,86.58833333,25-05-2013 00:00,7.68,581,"",0,262.3,"",17.7,"",36.7,"","","",185,6,41.3,41.5,"","","","","","","","","","",""
403,Basantpur,CGWB,10,Bihar,222,SIWAN,BASANTPUR,BASANTPUR,Basantpur,-,-,-,-,-,-,26.17083333,84.67083333,25-05-2016 00:00,8.58,486,315.9,21,190.65,"",16,"",0,"",11.44,"",210,40,27,25,"","","","","","","","","","",""
404,Basantpur,CGWB,10,Bihar,202,KHAGARIA,CHAUTHAM,CHAUTHAM,Basantpur,-,-,-,-,-,-,25.50333333,86.58833333,25-05-2016 00:00,7.37,586,"",0,213.5,"",35.46,"",33.84,"",25.61,"",200,26,32.4,33.33,"","","","","","","","","","",""
405,Basantpur,CGWB,10,Bihar,201,KATIHAR,PRANPUR,PRANPUR,Basantpur,-,-,-,-,-,-,25.46611111,87.60194444,30-05-2021 08:00,7.96,870,"",0,281,"",155,"",18,"","","",189,43,20,112,"","","","","","","","","","",""
406,Baseta,CGWB,10,Bihar,196,GAYA,IMAMGANJ,IMAMGANJ,Baseta,-,-,-,-,-,-,24.43527778,84.53583333,30-05-2019 08:00,7.95,1415,1430,0,525,"",110.05,"","","","","",430,112,36.45,113,"","","","","","","","","","",""
407,Baseta,CGWB,10,Bihar,196,GAYA,IMAMGANJ,IMAMGANJ,Baseta,-,-,-,-,-,-,24.43527778,84.53583333,30-05-2020 08:00,7.95,1415,"","",525,"",110.05,"","","","","","",112,36.45,113,"","","","","","","","","","",""
408,Basrakazil,CGWB,10,Bihar,208,MUZAFFARPUR,PAROO,PAROO,Basrakazil,-,-,-,-,-,-,26.13555556,85.11888889,25-05-2007 00:00,8.05,800,"","",427,350,14,"",10,"","","",300,36,51,39,"","","","","","","","","","",""
409,Bastaul,CGWB,10,Bihar,201,KATIHAR,PRANPUR,PRANPUR,Bastaul,-,-,-,-,-,-,25.50000000,87.67416667,25-05-2003 00:00,7.01,540,"","","","","","","","","","","","","","","","","","","","","","","","",""
410,Bastaul,CGWB,10,Bihar,201,KATIHAR,PRANPUR,PRANPUR,Bastaul,-,-,-,-,-,-,25.50000000,87.67416667,25-05-2009 00:00,"",460,"",0,207,"",21,"","","","","",165,44,13,23,"","","","","","","","","","",""
411,Bastaul,CGWB,10,Bihar,201,KATIHAR,PRANPUR,PRANPUR,Bastaul,-,-,-,-,-,-,25.50000000,87.67416667,25-05-2011 00:00,7.41,332,"",0,140.3,"",24.85,"","","","","",120,28,12.19,22,"","","","","","","","","","",""
412,Bastaul,CGWB,10,Bihar,201,KATIHAR,PRANPUR,PRANPUR,Bastaul,-,-,-,-,-,-,25.50000000,87.67416667,25-05-2013 00:00,7.53,374,"",0,195.2,"",21.3,"",5.1,"","","",160,42,13.4,15.8,"","","","","","","","","","",""
413,Bastaul,CGWB,10,Bihar,201,KATIHAR,PRANPUR,PRANPUR,Bastaul,-,-,-,-,-,-,25.50000000,87.67416667,25-05-2016 00:00,8.01,561,"",0,178.12,"",70.92,"",40.98,"",29.41,"",195,20,34.8,39.23,"","","","","","","","","","",""
414,Bastual,CGWB,10,Bihar,201,KATIHAR,PRANPUR,PRANPUR,Bastual,-,-,-,-,-,-,25.50000000,87.67388889,25-05-2000 00:00,8.2,850,"",0,195,"",146,"","","","","",135,48,3.6,83,"","","","","","","","","","",""
415,Bastual,CGWB,10,Bihar,201,KATIHAR,PRANPUR,PRANPUR,Bastual,-,-,-,-,-,-,25.50000000,87.67388889,25-05-2001 00:00,7.85,660,"",0,232,"",60,"","","","","",435,58,17,22,"","","","","","","","","","",""
416,Bastual,CGWB,10,Bihar,201,KATIHAR,PRANPUR,PRANPUR,Bastual,-,-,-,-,-,-,25.50000000,87.67388889,25-05-2007 00:00,8.36,500,"",12,110,110.2,64,"","","","","",150,40,12,35,"","","","","","","","","","",""
417,Basudebpur,CGWB,10,Bihar,217,SAMASTIPUR,KALYANPUR,KALYANPUR,Basudebpur,-,-,-,-,-,-,25.91305556,85.77472222,30-05-2019 08:00,7.8,367,370.5,0,153,"",35.5,"","","","","",100,22,11,35,"","","","","","","","","","",""
418,Basudebpur,CGWB,10,Bihar,217,SAMASTIPUR,KALYANPUR,KALYANPUR,Basudebpur,-,-,-,-,-,-,25.91305556,85.77472222,30-05-2020 08:00,7.8,367,"","",153,"",35.5,"","","","","","",22,11,35,"","","","","","","","","","",""
419,Basudebpur,CGWB,10,Bihar,217,SAMASTIPUR,KALYANPUR,KALYANPUR,Basudebpur,-,-,-,-,-,-,25.91305556,85.77472222,30-05-2021 08:00,8.4,830,"",3,232,"",125,"",20,"","","",260,76,17,56,"","","","","","","","","","",""
420,Basudeva,CGWB,10,Bihar,216,SAHARSA,KAHARA,KAHARA,Basudeva,-,-,-,-,-,-,25.87305556,86.60611111,30-05-2019 08:00,8.445,513.3,115.765,15,183.1464,"",85.08,"","","","","",225,22.0176,41.251457,50.11,"","","","","","","","","","",""
421,Basudeva,CGWB,10,Bihar,216,SAHARSA,KAHARA,KAHARA,Basudeva,-,-,-,-,-,-,25.87305556,86.60611111,30-05-2020 08:00,8.445,513.3,"","",183.1464,"",85.08,"","","","","","",22.0176,41.251457,50.11,"","","","","","","","","","",""
422,Bathnaha 1,CGWB,10,Bihar,188,ARARIA,FORBESGANJ,-,-,-,-,-,-,-,-,26.34944444,87.23138889,25-05-2005 00:00,7.64,530,"",0,159,"",57,"","","","","",180,44,17.07,3.1,"","","","","","","","","","",""
423,Bathnaha 1,CGWB,10,Bihar,188,ARARIA,FORBESGANJ,-,-,-,-,-,-,-,-,26.34944444,87.23138889,25-05-2016 00:00,7.76,338,"",0,122.61,"",14.184,"",13.79,"",3.24,"",105,38,2.4,28.53,"","","","","","","","","","",""
424,Bathnaha_badres,CGWB,10,Bihar,188,ARARIA,FORBESGANJ,FORBESGANJ,Bathnaha(badres,-,-,-,-,-,-,26.33750000,87.25000000,25-05-2003 00:00,7.21,180,"","","","","","","","","","","","","","","","","","","","","","","","",""
425,Bathnaha_badres,CGWB,10,Bihar,188,ARARIA,FORBESGANJ,FORBESGANJ,Bathnaha(badres,-,-,-,-,-,-,26.33750000,87.25000000,25-05-2007 00:00,8.2,400,"","",122,100,36,"","","","","",150,36,15,24,"","","","","","","","","","",""
426,Bathnaha_badres,CGWB,10,Bihar,188,ARARIA,FORBESGANJ,FORBESGANJ,Bathnaha(badres,-,-,-,-,-,-,26.33750000,87.25000000,25-05-2008 00:00,8.69,757,"",24,214,"",121,"","","","","",180,18,32.84,66,"","","","","","","","","","",""
427,Bathnaha_badres,CGWB,10,Bihar,188,ARARIA,FORBESGANJ,FORBESGANJ,Bathnaha(badres,-,-,-,-,-,-,26.33750000,87.25000000,25-05-2011 00:00,7.42,259,"",0,103.7,"",21.3,"","","","","",105,22,12.18,10,"","","","","","","","","","",""
428,Bathnaha_badres,CGWB,10,Bihar,188,ARARIA,FORBESGANJ,FORBESGANJ,Bathnaha(badres,-,-,-,-,-,-,26.33750000,87.25000000,25-05-2012 00:00,7.63,340,"",0,220,"",39.7,"",32.89,"","","",187,47.38,16.72,"","","","","","","","","","","",""
429,Batia,CGWB,10,Bihar,198,JAMUI,SONO,SONO,Batia,-,-,-,-,-,-,24.63611111,86.36250000,25-05-2003 00:00,8.03,360,"","","","","","","","","","","","","","","","","","","","","","","","",""
430,Batia,CGWB,10,Bihar,198,JAMUI,SONO,SONO,Batia,-,-,-,-,-,-,24.63611111,86.36250000,25-05-2005 00:00,8.27,400,"",0,177,"",14,"","","","","",155,24,23.13,13,"","","","","","","","","","",""
431,Batia,CGWB,10,Bihar,198,JAMUI,SONO,SONO,Batia,-,-,-,-,-,-,24.63611111,86.36250000,25-05-2010 00:00,8.28,390,"",0,146,"",21,"","","","","",145,32,16,8,"","","","","","","","","","",""
432,Batia,CGWB,10,Bihar,198,JAMUI,SONO,SONO,Batia,-,-,-,-,-,-,24.63611111,86.36250000,25-05-2013 00:00,8.28,308,"",0,134,"",14,"",20,"","","",120,28,12.19,9.2,"","","","","","","","","","",""
433,Batia,CGWB,10,Bihar,198,JAMUI,SONO,SONO,Batia,-,-,-,-,-,-,24.63611111,86.36250000,25-05-2016 00:00,7.44,908,590.2,0,104.55,"",155.98,"",74.25,"",29.56,"",260,40,38.88,65.13,"","","","","","","","","","",""
434,Batia1,CGWB,10,Bihar,198,JAMUI,SONO,SONO,Batia,-,-,-,-,-,-,24.63638889,86.36277778,25-05-2011 00:00,8.18,490,"",0,128,"",53,"","","","","",190,42,20.72,14,"","","","","","","","","","",""
435,Batia1,CGWB,10,Bihar,198,JAMUI,SONO,SONO,Batia,-,-,-,-,-,-,24.63638889,86.36277778,25-05-2012 00:00,8.12,388,"",0,145,"",20,"","","","","",145,32,16,9,"","","","","","","","","","",""
436,Baunsi,CGWB,10,Bihar,190,BANKA,BAUSI,BAUSI,Baunsi,-,-,-,-,-,-,24.79888889,87.02527778,25-05-2005 00:00,7.5,1030,"",0,153,"",163,"","","","","",350,100,24.43,69,"","","","","","","","","","",""
437,Baunsi,CGWB,10,Bihar,190,BANKA,BAUSI,BAUSI,Baunsi,-,-,-,-,-,-,24.79888889,87.02527778,25-05-2009 00:00,"",1493,"",0,153,"",277,"","","","","",440,88,53,89,"","","","","","","","","","",""
438,Baunsi,CGWB,10,Bihar,190,BANKA,BAUSI,BAUSI,Baunsi,-,-,-,-,-,-,24.79888889,87.02527778,25-05-2016 00:00,7.57,606,393.9,0,202.95,"",38.99,"",61.16,"",16.36,"",170,34,18.22,41.37,"","","","","","","","","","",""
439,Baunsi,CGWB,10,Bihar,190,BANKA,BAUSI,BAUSI,Baunsi,-,-,-,-,-,-,24.79888889,87.02527778,30-05-2019 08:00,8,867,345.8,0,132,"",177,"","","","","",291,69,28.80024,59,"","","","","","","","","","",""
440,Baunsi,CGWB,10,Bihar,190,BANKA,BAUSI,BAUSI,Baunsi,-,-,-,-,-,-,24.79888889,87.02527778,30-05-2020 08:00,8,867,"","",132,"",177,"","","","","","",69,28.80024,59,"","","","","","","","","","",""
441,Baurahar Chowk,CGWB,10,Bihar,206,MADHUBANI,HARLAKHI,HARLAKHI,Baurahar,-,-,-,-,-,-,26.63916667,85.98472222,30-05-2019 08:00,7.9,705,217.1,0,295.2,"",64.07,"","","","","",208.17653,59.106,14.68,66.696,"","","","","","","","","","",""
442,Baurahar Chowk,CGWB,10,Bihar,206,MADHUBANI,HARLAKHI,HARLAKHI,Baurahar,-,-,-,-,-,-,26.63916667,85.98472222,30-05-2020 08:00,7.9,705,"","",295.2,"",64.07,"","","","","","",59.106,14.68,66.696,"","","","","","","","","","",""
443,Bausi pwdib,CGWB,10,Bihar,190,BANKA,BAUSI,BAUSI,Bausi pwdib,-,-,-,-,-,-,24.80833333,87.02500000,25-05-2008 00:00,7.81,1850,"",0,183,"",422,"","","","","",550,164,34,161,"","","","","","","","","","",""
444,Bausi pwdib,CGWB,10,Bihar,190,BANKA,BAUSI,BAUSI,Bausi pwdib,-,-,-,-,-,-,24.80833333,87.02500000,25-05-2010 00:00,"",1731,"",0,281,"",305,"","","","","",520,30,108,125,"","","","","","","","","","",""
445,Bausi pwdib,CGWB,10,Bihar,190,BANKA,BAUSI,BAUSI,Bausi pwdib,-,-,-,-,-,-,24.80833333,87.02500000,25-05-2011 00:00,7.6,1731,"",0,281,"",305,"","","","","",520,30,108.23,125,"","","","","","","","","","",""
446,Bausi pwdib,CGWB,10,Bihar,190,BANKA,BAUSI,BAUSI,Bausi pwdib,-,-,-,-,-,-,24.80833333,87.02500000,25-05-2012 00:00,7.6,1731,"",0,281,"",305,"","","","","",520,30,108,125,"","","","","","","","","","",""
447,Begusarai,CGWB,10,Bihar,191,BEGUSARAI,BARAUNI,BARAUNI,Begusarai,-,-,-,-,-,-,25.44777778,86.02777778,25-05-2005 00:00,7.05,1000,"",0,464,"",28,"","","","","",380,84,41.43,44,"","","","","","","","","","",""
448,Begusarai,CGWB,10,Bihar,191,BEGUSARAI,BARAUNI,BARAUNI,Begusarai,-,-,-,-,-,-,25.44777778,86.02777778,25-05-2009 00:00,"",930,"",0,494,"",14,"","","","","",400,120,24,21,"","","","","","","","","","",""
449,Begusarai,CGWB,10,Bihar,191,BEGUSARAI,BARAUNI,BARAUNI,Begusarai,-,-,-,-,-,-,25.44777778,86.02777778,25-05-2012 00:00,7.49,750,"",0,403,"",28,"","","","","",320,4,75.38,22,"","","","","","","","","","",""
450,Begusarai,CGWB,10,Bihar,191,BEGUSARAI,BARAUNI,BARAUNI,Begusarai,-,-,-,-,-,-,25.44777778,86.02777778,25-05-2016 00:00,7.24,452,293.8,0,189,"",17.73,"",26,"",0,"",205,32,30,1,"","","","","","","","","","",""
451,Begusarai,CGWB,10,Bihar,191,BEGUSARAI,BARAUNI,BARAUNI,Begusarai,-,-,-,-,-,-,25.44777778,86.02777778,30-05-2019 08:00,8.416,523.3,271.635,18,268.61472,"",60.265,"","","","","",250,40.032,36.388348,38.9,"","","","","","","","","","",""
452,Begusarai,CGWB,10,Bihar,191,BEGUSARAI,BARAUNI,BARAUNI,Begusarai,-,-,-,-,-,-,25.44777778,86.02777778,30-05-2020 08:00,8.416,523.3,"","",268.61472,"",60.265,"","","","","","",40.032,36.388348,38.9,"","","","","","","","","","",""
453,Begusarai,CGWB,10,Bihar,191,BEGUSARAI,BARAUNI,BARAUNI,Begusarai,-,-,-,-,-,-,25.44777778,86.02777778,30-05-2021 08:00,8.06,640,"",0,232,"",83,"",5,"","","",196,27,31,54,"","","","","","","","","","",""
454,Begusarai fc/ib,CGWB,10,Bihar,191,BEGUSARAI,BEGUSARAI,BEGUSARAI,Begusarai fc/ib,-,-,-,-,-,-,25.37916667,86.13750000,25-05-2003 00:00,8.24,300,"","","","","","","","","","","","","","","","","","","","","","","","",""
455,Begusarai fc/ib,CGWB,10,Bihar,191,BEGUSARAI,BEGUSARAI,BEGUSARAI,Begusarai fc/ib,-,-,-,-,-,-,25.37916667,86.13750000,25-05-2009 00:00,"",530,"",12,177,"",46,"","","","","",180,24,29,32,"","","","","","","","","","",""
456,Begusarai fc/ib,CGWB,10,Bihar,191,BEGUSARAI,BEGUSARAI,BEGUSARAI,Begusarai fc/ib,-,-,-,-,-,-,25.37916667,86.13750000,25-05-2010 00:00,"",1020,"",0,458,"",60,"","","","","",355,76,40,60,"","","","","","","","","","",""
457,Begusarai fc/ib,CGWB,10,Bihar,191,BEGUSARAI,BEGUSARAI,BEGUSARAI,Begusarai fc/ib,-,-,-,-,-,-,25.37916667,86.13750000,25-05-2012 00:00,7.49,750,"",0,403,"",28,"","","","","",320,4,75.38,22,"","","","","","","","","","",""
458,Begusarai fc/ib,CGWB,10,Bihar,191,BEGUSARAI,BEGUSARAI,BEGUSARAI,Begusarai fc/ib,-,-,-,-,-,-,25.37916667,86.13750000,25-05-2013 00:00,7.73,813,"",0,347.7,"",49.6,"",32.5,"","","",240,26,42.58,62.3,"","","","","","","","","","",""
459,Begusarai fc/ib,CGWB,10,Bihar,191,BEGUSARAI,BEGUSARAI,BEGUSARAI,Begusarai fc/ib,-,-,-,-,-,-,25.37916667,86.13750000,25-05-2016 00:00,7.05,1284,834.6,0,488,"",138.294,"",4.6,"",9.6,"",395,72,51.6,83,"","","","","","","","","","",""
460,Begusarai fc/ib,CGWB,10,Bihar,191,BEGUSARAI,BEGUSARAI,BEGUSARAI,Begusarai fc/ib,-,-,-,-,-,-,25.37916667,86.13750000,30-05-2019 08:00,8.788,417.9,392.86,18,207.56592,"",46.085,"","","","","",200,20.016,36.39806,33.91,"","","","","","","","","","",""
461,Begusarai fc/ib,CGWB,10,Bihar,191,BEGUSARAI,BEGUSARAI,BEGUSARAI,Begusarai fc/ib,-,-,-,-,-,-,25.37916667,86.13750000,30-05-2020 08:00,8.788,417.9,"","",207.56592,"",46.085,"","","","","","",20.016,36.39806,33.91,"","","","","","","","","","",""
462,Begusarai fc/ib,CGWB,10,Bihar,191,BEGUSARAI,BEGUSARAI,BEGUSARAI,Begusarai fc/ib,-,-,-,-,-,-,25.37916667,86.13750000,30-05-2021 08:00,7.51,230,"",0,91,"",17,"",5,"","","",81,16,10,12,"","","","","","","","","","",""
463,Belai,CGWB,10,Bihar,213,PURBA CHAMPARAN,CHIRAIYA,CHIRAIYA,Belai,-,-,-,-,-,-,26.70333333,85.07305556,30-05-2019 08:00,7.9,434,285.35,0,146,"",70.9,"","","","","",175,46,15,22,"","","","","","","","","","",""
464,Belai,CGWB,10,Bihar,213,PURBA CHAMPARAN,CHIRAIYA,CHIRAIYA,Belai,-,-,-,-,-,-,26.70333333,85.07305556,30-05-2020 08:00,7.9,434,"","",146,"",70.9,"","","","","","",46,15,22,"","","","","","","","","","",""
465,Bela(kalimandir,CGWB,10,Bihar,196,GAYA,BELAGANJ,BELAGANJ,Bela(kalimandir,-,-,-,-,-,-,24.98611111,84.99888889,25-05-2001 00:00,7.66,760,"",0,372,"",43,"","","","","",220,46,26,69,"","","","","","","","","","",""
466,Belsand,CGWB,10,Bihar,220,SHEOHAR,BELSAND,BELSAND,Belsand,-,-,-,-,-,-,26.44833333,85.42055556,30-05-2019 08:00,8.22,399,917.8,0,239.85,"",4.39,"","","","","",155,16,27.945,21.87,"","","","","","","","","","",""
467,Belsand,CGWB,10,Bihar,220,SHEOHAR,BELSAND,BELSAND,Belsand,-,-,-,-,-,-,26.44833333,85.42055556,30-05-2020 08:00,8.22,399,"","",239.85,"",4.39,"","","","","","",16,27.945,21.87,"","","","","","","","","","",""
468,Belthari,CGWB,10,Bihar,215,ROHTAS,KARGAHAR,KARGAHAR,Belthari,-,-,-,-,-,-,25.19194444,83.91750000,25-05-2013 00:00,8.8,502,"",15,225.7,"",24.8,"",4.2,"","","",140,26,18.2,60.8,"","","","","","","","","","",""
469,Belthari,CGWB,10,Bihar,215,ROHTAS,KARGAHAR,KARGAHAR,Belthari,-,-,-,-,-,-,25.19194444,83.91750000,25-05-2016 00:00,7.99,481,"",0,220,"",18,"",7,"",6,"",185,26,29,20,"","","","","","","","","","",""
470,Belthari,CGWB,10,Bihar,215,ROHTAS,KARGAHAR,KARGAHAR,Belthari,-,-,-,-,-,-,25.19194444,83.91750000,30-05-2019 08:00,8.3,815,707.2,7,245,"",83,"","","","","",267,18,53.95488,60,"","","","","","","","","","",""
471,Belthari,CGWB,10,Bihar,215,ROHTAS,KARGAHAR,KARGAHAR,Belthari,-,-,-,-,-,-,25.19194444,83.91750000,30-05-2020 08:00,8.3,815,"","",245,"",83,"","","","","","",18,53.95488,60,"","","","","","","","","","",""
472,Belwa,CGWB,10,Bihar,211,PASHCHIM CHAMPARAN,BAGAHA,BAGAHA,Belwa,-,-,-,-,-,-,27.08111111,84.17416667,25-05-2013 00:00,8.3,270,"","",146,"",7,"",5,"","","",120,40,4.91,8,"","","","","","","","","","",""
473,Belwa,CGWB,10,Bihar,211,PASHCHIM CHAMPARAN,BAGAHA,BAGAHA,Belwa,-,-,-,-,-,-,27.08111111,84.17416667,25-05-2016 00:00,7.48,364,"",0,128,"",32,"",9.4,"",0.9,"",125,20,18,16,"","","","","","","","","","",""
474,Belwa,CGWB,10,Bihar,211,PASHCHIM CHAMPARAN,BAGAHA,BAGAHA,Belwa,-,-,-,-,-,-,27.08111111,84.17416667,30-05-2019 08:00,7.9,670,331.5,0,329.508,"",10.62,"","","","","",315,72,32.8104,6.04,"","","","","","","","","","",""
475,Belwa,CGWB,10,Bihar,211,PASHCHIM CHAMPARAN,BAGAHA,BAGAHA,Belwa,-,-,-,-,-,-,27.08111111,84.17416667,30-05-2020 08:00,7.9,670,"","",329.508,"",10.62,"","","","","","",72,32.8104,6.04,"","","","","","","","","","",""
476,Benipatti,CGWB,10,Bihar,206,MADHUBANI,BENIPATTI,BENIPATTI,Benipatti,-,-,-,-,-,-,26.41388889,85.88000000,25-05-2001 00:00,8.21,430,"",0,232,"",14,"","","","","",125,38,7.3,35,"","","","","","","","","","",""
477,Benipatti,CGWB,10,Bihar,206,MADHUBANI,BENIPATTI,BENIPATTI,Benipatti,-,-,-,-,-,-,26.45833333,85.97083333,25-05-2002 00:00,8.02,309,"","","","","","","","","","","","","","","","","","","","","","","","",""
478,Benipatti,CGWB,10,Bihar,206,MADHUBANI,BENIPATTI,BENIPATTI,Benipatti,-,-,-,-,-,-,26.41388889,85.88000000,25-05-2007 00:00,8.23,500,"","",238,195.1,18,"",3.4,"","","",190,48,17,23,"","","","","","","","","","",""
479,Benipatti,CGWB,10,Bihar,206,MADHUBANI,BENIPATTI,BENIPATTI,Benipatti,-,-,-,-,-,-,26.45833333,85.97083333,25-05-2011 00:00,8.28,346,"",0,178.35,"",17.72,"","","","","",165,40,15.85,11,"","","","","","","","","","",""
480,Benipatti,CGWB,10,Bihar,206,MADHUBANI,BENIPATTI,BENIPATTI,Benipatti,-,-,-,-,-,-,26.45833333,85.97083333,25-05-2012 00:00,8.12,340,"",0,172,"",14,"","","","","",160,40,14.64,46,"","","","","","","","","","",""
481,Benipatti,CGWB,10,Bihar,206,MADHUBANI,BENIPATTI,BENIPATTI,Benipatti,-,-,-,-,-,-,26.45833333,85.97083333,25-05-2013 00:00,8.2,396,"",0,244,"",7.1,"",4.8,"","","",140,44.1,7.29,33,"","","","","","","","","","",""
482,Benipatti,CGWB,10,Bihar,206,MADHUBANI,BENIPATTI,BENIPATTI,Benipatti,-,-,-,-,-,-,26.45833333,85.97083333,30-05-2019 08:00,8.14,334,343.2,0,166.05,"",29.08,"","","","","",90,20,9.72,34.58,"","","","","","","","","","",""
483,Benipatti,CGWB,10,Bihar,206,MADHUBANI,BENIPATTI,BENIPATTI,Benipatti,-,-,-,-,-,-,26.45833333,85.97083333,30-05-2020 08:00,8.14,334,"","",166.05,"",29.08,"","","","","","",20,9.72,34.58,"","","","","","","","","","",""
484,Bentadih,CGWB,10,Bihar,206,MADHUBANI,KHAJAULI,KHAJAULI,Bentadih,-,-,-,-,-,-,26.45222222,86.13472222,30-05-2019 08:00,7.92,528,292.5,0,295.2,"",45.268,"","","","","",172.10167,26.974,25.434,49.408,"","","","","","","","","","",""
485,Bentadih,CGWB,10,Bihar,206,MADHUBANI,KHAJAULI,KHAJAULI,Bentadih,-,-,-,-,-,-,26.45222222,86.13472222,30-05-2020 08:00,7.92,528,"","",295.2,"",45.268,"","","","","","",26.974,25.434,49.408,"","","","","","","","","","",""
486,Bettiah,CGWB,10,Bihar,211,PASHCHIM CHAMPARAN,BETTIAH,BETTIAH,Bettiah,-,-,-,-,-,-,26.80000000,84.50000000,25-05-2001 00:00,7.09,1780,"",0,756,"",128,"","","","","",536,96,71,138,"","","","","","","","","","",""
487,Bettiah,CGWB,10,Bihar,211,PASHCHIM CHAMPARAN,BETTIAH,BETTIAH,Bettiah,-,-,-,-,-,-,26.79583333,84.50833333,25-05-2002 00:00,7.6,917,"","","","","","","","","","","","","","","","","","","","","","","","",""
488,Bettiah,CGWB,10,Bihar,211,PASHCHIM CHAMPARAN,BETTIAH,BETTIAH,Bettiah,-,-,-,-,-,-,26.79583333,84.50833333,25-05-2008 00:00,7.69,830,"",0,348,"",60,"","","","","",315,84,25.63,35,"","","","","","","","","","",""
489,Bettiah,CGWB,10,Bihar,211,PASHCHIM CHAMPARAN,BETTIAH,BETTIAH,Bettiah,-,-,-,-,-,-,26.79583333,84.50833333,25-05-2009 00:00,"",693,"",12,189,"",64,"","","","","",165,10,34,61,"","","","","","","","","","",""
490,Bettiah,CGWB,10,Bihar,211,PASHCHIM CHAMPARAN,BETTIAH,BETTIAH,Bettiah,-,-,-,-,-,-,26.79583333,84.50833333,25-05-2010 00:00,"",1281,"",0,518,"",96,"","","","","",375,86,39,70,"","","","","","","","","","",""
491,Bettiah,CGWB,10,Bihar,211,PASHCHIM CHAMPARAN,BETTIAH,BETTIAH,Bettiah,-,-,-,-,-,-,26.79583333,84.50833333,25-05-2012 00:00,8.13,790,"",0,244,"",78,"","","","","",260,40,39,65,"","","","","","","","","","",""
492,Bettiah,CGWB,10,Bihar,211,PASHCHIM CHAMPARAN,BETTIAH,BETTIAH,Bettiah,-,-,-,-,-,-,26.79583333,84.50833333,25-05-2013 00:00,8.13,790,"",0,244,"",78,"",8,"","","",260,40,38.95,65,"","","","","","","","","","",""
493,Bettiah,CGWB,10,Bihar,211,PASHCHIM CHAMPARAN,BETTIAH,BETTIAH,Bettiah,-,-,-,-,-,-,26.79583333,84.50833333,25-05-2016 00:00,7.27,655,"",0,299,"",39,"",15.5,"",4.1,"",270,80,17,19,"","","","","","","","","","",""
494,Bhabhua,CGWB,10,Bihar,200,KAIMUR,ADHAURA,ADHAURA,Bhabhua,-,-,-,-,-,-,24.81666667,83.57500000,25-05-2002 00:00,8.78,789,"","","","","","","","","","","","","","","","","","","","","","","","",""
495,Bhabhua,CGWB,10,Bihar,200,KAIMUR,ADHAURA,ADHAURA,Bhabhua,-,-,-,-,-,-,24.81666667,83.57500000,25-05-2009 00:00,"",435,"",0,213,"",25,"","","","","",180,22,30.42,48,"","","","","","","","","","",""
496,Bhabhua,CGWB,10,Bihar,200,KAIMUR,ADHAURA,ADHAURA,Bhabhua,-,-,-,-,-,-,24.81666667,83.57500000,25-05-2010 00:00,"",817,"",0,268,"",106,"","","","","",335,30,62,27,"","","","","","","","","","",""
497,Bhabhua,CGWB,10,Bihar,200,KAIMUR,ADHAURA,ADHAURA,Bhabhua,-,-,-,-,-,-,24.81666667,83.57500000,25-05-2011 00:00,7.5,817,"",0,268,"",106,"","","","","",335,30,63.25,27,"","","","","","","","","","",""
498,Bhabhua,CGWB,10,Bihar,200,KAIMUR,ADHAURA,ADHAURA,Bhabhua,-,-,-,-,-,-,24.81666667,83.57500000,25-05-2012 00:00,7.6,390,"",0,240,"",266.58,"",19.58,"","","",176,12.82,34.56,"","","","","","","","","","","",""
499,Bhabhua,CGWB,10,Bihar,200,KAIMUR,ADHAURA,ADHAURA,Bhabhua,-,-,-,-,-,-,24.81666667,83.57500000,25-05-2016 00:00,7.8,805,"",0,323,"",78,"",21,"",6,"",345,42,58,17,"","","","","","","","","","",""
500,Bhabhua,CGWB,10,Bihar,200,KAIMUR,ADHAURA,ADHAURA,Bhabhua,-,-,-,-,-,-,24.81666667,83.57500000,30-05-2019 08:00,7.8,821,440.7,0,341,"",64,"","","","","",272,36,44.23328,61,"","","","","","","","","","",""
501,Bhabhua,CGWB,10,Bihar,200,KAIMUR,ADHAURA,ADHAURA,Bhabhua,-,-,-,-,-,-,24.81666667,83.57500000,30-05-2020 08:00,7.8,821,"","",341,"",64,"","","","","","",36,44.23328,61,"","","","","","","","","","",""
502,Bhadeya,CGWB,10,Bihar,196,GAYA,BARACHATTI,BARACHATTI,Bhadeya,-,-,-,-,-,-,24.51861111,84.95361111,30-05-2019 08:00,7.96,2200,479.7,0,880,"",216.55,"","","","","",765,100,125.145,136,"","","","","","","","","","",""
503,Bhadeya,CGWB,10,Bihar,196,GAYA,BARACHATTI,BARACHATTI,Bhadeya,-,-,-,-,-,-,24.51861111,84.95361111,30-05-2020 08:00,7.96,2200,"","",880,"",216.55,"","","","","","",100,125.145,136,"","","","","","","","","","",""
504,Bhagalbari,CGWB,10,Bihar,203,KISHANGANJ,KOCHADHAMIN,KOCHADHAMIN,Bhagalbari,-,-,-,-,-,-,26.12611111,87.86000000,25-05-2009 00:00,"",280,"",0,110,"",18,"","","","","",75,20,6,23,"","","","","","","","","","",""
505,Bhagalbari,CGWB,10,Bihar,203,KISHANGANJ,KOCHADHAMIN,KOCHADHAMIN,Bhagalbari,-,-,-,-,-,-,26.12611111,87.86000000,25-05-2016 00:00,9.07,355,"",8.7,31.11,"",42.552,"",52.31,"",33.45,"",100,30,6,27.62,"","","","","","","","","","",""
506,Bhagalbari,CGWB,10,Bihar,203,KISHANGANJ,KOCHADHAMIN,KOCHADHAMIN,Bhagalbari,-,-,-,-,-,-,26.12611111,87.86000000,30-05-2019 08:00,8.34,408,353.6,3,48.8,"",21.3,"","","","","",145,40,10.935,24.96,"","","","","","","","","","",""
507,Bhagalbari,CGWB,10,Bihar,203,KISHANGANJ,KOCHADHAMIN,KOCHADHAMIN,Bhagalbari,-,-,-,-,-,-,26.12611111,87.86000000,30-05-2020 08:00,8.34,408,"","",48.8,"",21.3,"","","","","","",40,10.935,24.96,"","","","","","","","","","",""
508,Bhagalpur city,CGWB,10,Bihar,192,BHAGALPUR,JAGDISHPUR,JAGDISHPUR,Bhagalpur city,-,-,-,-,-,-,25.23333333,86.96666667,25-05-2000 00:00,8.24,534,"",0,226,"",78,"","","","","",230,32,27,230,"","","","","","","","","","",""
509,Bhagalpur city,CGWB,10,Bihar,192,BHAGALPUR,JAGDISHPUR,JAGDISHPUR,Bhagalpur city,-,-,-,-,-,-,25.22916667,86.97916667,25-05-2009 00:00,"",447,"",0,201,"",53,"","","","","",165,26,24,28,"","","","","","","","","","",""
510,Bhagalpur city,CGWB,10,Bihar,192,BHAGALPUR,JAGDISHPUR,JAGDISHPUR,Bhagalpur city,-,-,-,-,-,-,25.22916667,86.97916667,25-05-2010 00:00,7.83,633,"",0,293,"",50,"","","","","",235,34,36,35,"","","","","","","","","","",""
511,Bhagalpur city,CGWB,10,Bihar,192,BHAGALPUR,JAGDISHPUR,JAGDISHPUR,Bhagalpur city,-,-,-,-,-,-,25.22916667,86.97916667,25-05-2011 00:00,7.83,633,"",0,293,"",50,"","","","","",235,34,36.51,35,"","","","","","","","","","",""
512,Bhagalpur city,CGWB,10,Bihar,192,BHAGALPUR,JAGDISHPUR,JAGDISHPUR,Bhagalpur city,-,-,-,-,-,-,25.22916667,86.97916667,25-05-2012 00:00,7.83,633,"",0,293,"",50,"","","","","",235,34,36,35,"","","","","","","","","","",""
513,Bhagalpur city,CGWB,10,Bihar,192,BHAGALPUR,JAGDISHPUR,JAGDISHPUR,Bhagalpur city,-,-,-,-,-,-,25.22916667,86.97916667,25-05-2013 00:00,7.23,960,"",0,525,"",21,"",0,"","","",375,100,30.51,41,"","","","","","","","","","",""
514,Bhagar,CGWB,10,Bihar,222,SIWAN,SISWAN,SISWAN,Bhagar,-,-,-,-,-,-,26.11055556,84.51250000,25-05-2013 00:00,8.74,449,"",12,176.9,"",17.7,"",16,"","","",135,14,24.33,23,"","","","","","","","","","",""
515,Bhagar,CGWB,10,Bihar,222,SIWAN,SISWAN,SISWAN,Bhagar,-,-,-,-,-,-,26.11055556,84.51250000,30-05-2019 08:00,7,582,304.85,0,219.672,"",74.34,"","","","","",305,34,53.4688,2.88,"","","","","","","","","","",""
516,Bhagar,CGWB,10,Bihar,222,SIWAN,SISWAN,SISWAN,Bhagar,-,-,-,-,-,-,26.11055556,84.51250000,30-05-2020 08:00,7,582,"","",219.672,"",74.34,"","","","","","",34,53.4688,2.88,"","","","","","","","","","",""
517,Bhagawanpur,CGWB,10,Bihar,222,SIWAN,DARAULI,DARAULI,Bhagawanpur,-,-,-,-,-,-,26.09611111,84.06666667,25-05-2002 00:00,8.03,1021,"","","","","","","","","","","","","","","","","","","","","","","","",""
518,Bhagwanpur1,CGWB,10,Bihar,224,VAISHALI,GORAUL,GORAUL,Bhagwanpur,-,-,-,-,-,-,25.85416667,85.32083333,25-05-2002 00:00,8.03,1021,"","","","","","","","","","","","","","","","","","","","","","","","",""
519,Bhagwanpur1,CGWB,10,Bihar,224,VAISHALI,GORAUL,GORAUL,Bhagwanpur,-,-,-,-,-,-,25.85416667,85.32083333,25-05-2003 00:00,7.26,2700,"","","","","","","","","","","","","","","","","","","","","","","","",""
520,Bhagwanpur1,CGWB,10,Bihar,224,VAISHALI,GORAUL,GORAUL,Bhagwanpur,-,-,-,-,-,-,25.85416667,85.32083333,25-05-2007 00:00,7.78,2150,"","",110,90.2,476,"","","","","",550,114,64,230,"","","","","","","","","","",""
521,Bhagwanpur1,CGWB,10,Bihar,224,VAISHALI,GORAUL,GORAUL,Bhagwanpur,-,-,-,-,-,-,25.85416667,85.32083333,25-05-2010 00:00,"",847,"",0,317,"",99,"","","","","",210,22,38,62,"","","","","","","","","","",""
522,Bhagwanpur Chowk,CGWB,10,Bihar,208,MUZAFFARPUR,BARURAJ (MOTIPUR),BARURAJ (MOTIPUR),Bhagwanpur Chowk,-,-,-,-,-,-,26.27527778,85.11222222,25-05-2003 00:00,7.69,1950,"","","","","","","","","","","","","","","","","","","","","","","","",""
523,Bhagwanpur Chowk,CGWB,10,Bihar,208,MUZAFFARPUR,BARURAJ (MOTIPUR),BARURAJ (MOTIPUR),Bhagwanpur Chowk,-,-,-,-,-,-,26.27527778,85.11222222,25-05-2006 00:00,7.95,2120,"","",494,"",245,"","","","","",380,62,54.78,299,"","","","","","","","","","",""
524,Bhagwanpur Chowk,CGWB,10,Bihar,208,MUZAFFARPUR,BARURAJ (MOTIPUR),BARURAJ (MOTIPUR),Bhagwanpur Chowk,-,-,-,-,-,-,26.27527778,85.11222222,25-05-2007 00:00,8.19,2300,"","",531,435.3,234,"",280,"","","",370,52,58,340,"","","","","","","","","","",""
525,Bhagwanpur Chowk,CGWB,10,Bihar,208,MUZAFFARPUR,BARURAJ (MOTIPUR),BARURAJ (MOTIPUR),Bhagwanpur Chowk,-,-,-,-,-,-,26.27527778,85.11222222,25-05-2009 00:00,"",835,"",12,354,"",60,"","","","","",205,32,30.43,56,"","","","","","","","","","",""
526,Bhagwanpur Chowk,CGWB,10,Bihar,208,MUZAFFARPUR,BARURAJ (MOTIPUR),BARURAJ (MOTIPUR),Bhagwanpur Chowk,-,-,-,-,-,-,26.27527778,85.11222222,25-05-2011 00:00,8.3,2400,"","",537,"",255,"","","","","",470,70,71.81,336,"","","","","","","","","","",""
527,Bhagwanpur Chowk,CGWB,10,Bihar,208,MUZAFFARPUR,BARURAJ (MOTIPUR),BARURAJ (MOTIPUR),Bhagwanpur Chowk,-,-,-,-,-,-,26.27527778,85.11222222,25-05-2012 00:00,8.3,790,"","",159,"",78,"","","","","",200,16,39,90,"","","","","","","","","","",""
528,Bhagwanpur Chowk,CGWB,10,Bihar,208,MUZAFFARPUR,BARURAJ (MOTIPUR),BARURAJ (MOTIPUR),Bhagwanpur Chowk,-,-,-,-,-,-,26.27527778,85.11222222,25-05-2013 00:00,8.3,790,"","",159,"",78,"",152,"","","",200,16,38.92,90,"","","","","","","","","","",""
529,Bhagwanpur Chowk,CGWB,10,Bihar,208,MUZAFFARPUR,BARURAJ (MOTIPUR),BARURAJ (MOTIPUR),Bhagwanpur Chowk,-,-,-,-,-,-,26.27527778,85.11222222,25-05-2016 00:00,7.69,524,"",0,256,"",18,"",13.5,"",3.5,"",190,38,23,25,"","","","","","","","","","",""
530,Bhagwanpur Chowk,CGWB,10,Bihar,208,MUZAFFARPUR,BARURAJ (MOTIPUR),BARURAJ (MOTIPUR),Bhagwanpur Chowk,-,-,-,-,-,-,26.27527778,85.11222222,30-05-2021 08:00,7.58,375,"",0,71.98,"",44.316,"",22.53,"","","",83,17.6,9.36,29.99,"","","","","","","","","","",""
531,Bhakatiy Tola,CGWB,10,Bihar,213,PURBA CHAMPARAN,GHORASAHAN,GHORASAHAN,Bhakatiy Tola,-,-,-,-,-,-,26.78611111,85.10916667,30-05-2019 08:00,7.8,439,975,0,226,"",42.5,"","","","","",200,40,24,32,"","","","","","","","","","",""
532,Bhakatiy Tola,CGWB,10,Bihar,213,PURBA CHAMPARAN,GHORASAHAN,GHORASAHAN,Bhakatiy Tola,-,-,-,-,-,-,26.78611111,85.10916667,30-05-2020 08:00,7.8,439,"","",226,"",42.5,"","","","","","",40,24,32,"","","","","","","","","","",""
533,Bhaluhia (Garaul),CGWB,10,Bihar,224,VAISHALI,GORAUL,GORAUL,Bhaluhia (Garaul),-,-,-,-,-,-,25.92138889,85.29000000,25-05-2012 00:00,8.42,609,"",6,184.5,"",102.81,"","","","","",205,16,40,33,"","","","","","","","","","",""
534,Bhaluhia (Garaul),CGWB,10,Bihar,224,VAISHALI,GORAUL,GORAUL,Bhaluhia (Garaul),-,-,-,-,-,-,25.92138889,85.29000000,25-05-2016 00:00,7.65,833,541.45,0,369,"",35.45,"",0,"",9.05,"",290,18,59.53,50.65,"","","","","","","","","","",""
535,Bharatpura,CGWB,10,Bihar,212,PATNA,PALIGANJ,PALIGANJ,Bharatpura,-,-,-,-,-,-,25.31000000,84.82000000,25-05-2000 00:00,8.96,1180,"",54,372,"",89,"","","","","",275,40,40,120,"","","","","","","","","","",""
536,Bharatpura,CGWB,10,Bihar,212,PATNA,PALIGANJ,PALIGANJ,Bharatpura,-,-,-,-,-,-,25.31000000,84.82000000,25-05-2001 00:00,8.71,1400,"",60,482,"",99,"","","","","",220,20,41,214,"","","","","","","","","","",""
537,Bharatpura,CGWB,10,Bihar,212,PATNA,PALIGANJ,PALIGANJ,Bharatpura,-,-,-,-,-,-,25.31000000,84.82000000,25-05-2007 00:00,8.7,1120,"",60,378,409.8,92,"","","","","",215,14,44,154,"","","","","","","","","","",""
538,Bharatpura,CGWB,10,Bihar,212,PATNA,BIKRAM,BIKRAM,Bharatpura,-,-,-,-,-,-,25.34166667,84.86250000,25-05-2008 00:00,8.6,888,"",24,439,"",21,"","","","","",110,6,23.1,160,"","","","","","","","","","",""
539,Bharatpura,CGWB,10,Bihar,212,PATNA,BIKRAM,BIKRAM,Bharatpura,-,-,-,-,-,-,25.34166667,84.86250000,25-05-2012 00:00,8.99,870,"",72,317.252,"",21.276,"","","","","",100,8.016,19.47,153,"","","","","","","","","","",""
540,Bharatpura,CGWB,10,Bihar,212,PATNA,BIKRAM,BIKRAM,Bharatpura,-,-,-,-,-,-,25.34166667,84.86250000,25-05-2013 00:00,8.99,870,"",72,317.3,"",21.3,"",9.6,"","","",100,8,19.46,153,"","","","","","","","","","",""
541,Bharatpura,CGWB,10,Bihar,212,PATNA,BIKRAM,BIKRAM,Bharatpura,-,-,-,-,-,-,25.34166667,84.86250000,25-05-2016 00:00,8.5,1790,1163.5,18,516.6,"",205.6,"",61.67,"",4.38,"",425,30,85.05,149.54,"","","","","","","","","","",""
542,Bharatpura,CGWB,10,Bihar,212,PATNA,PALIGANJ,PALIGANJ,Bharatpura,-,-,-,-,-,-,25.31000000,84.82000000,25-05-2016 00:00,8.5,1790,1163.5,18,516.6,"",205.6,"",61.67,"",4.38,"",425,30,85.05,149.54,"","","","","","","","","","",""
543,Bharatpura,CGWB,10,Bihar,212,PATNA,BIKRAM,BIKRAM,Bharatpura,-,-,-,-,-,-,25.34166667,84.86250000,30-05-2019 08:00,8.14,876,711.75,0,460,"",31.95,"","","","","",180,20,31.59,110,"","","","","","","","","","",""
544,Bharatpura,CGWB,10,Bihar,212,PATNA,BIKRAM,BIKRAM,Bharatpura,-,-,-,-,-,-,25.34166667,84.86250000,30-05-2020 08:00,8.14,876,"","",460,"",31.95,"","","","","","",20,31.59,110,"","","","","","","","","","",""
545,Bharatpura,CGWB,10,Bihar,212,PATNA,BIKRAM,BIKRAM,Bharatpura,-,-,-,-,-,-,25.34166667,84.86250000,30-05-2021 08:00,7.69,1150,"",0,287,"",137,"",75,"","","",370,54,57,73,"","","","","","","","","","",""
546,Bhargama,CGWB,10,Bihar,188,ARARIA,BHARGAMA,BHARGAMA,Bhargama,-,-,-,-,-,-,26.05250000,87.15027778,30-05-2019 08:00,8.17,644,343.2,0,285,"",46.15,"","","","","",225,32,35.235,18.3,"","","","","","","","","","",""
547,Bhargama,CGWB,10,Bihar,188,ARARIA,BHARGAMA,BHARGAMA,Bhargama,-,-,-,-,-,-,26.05250000,87.15027778,30-05-2020 08:00,8.17,644,"","",285,"",46.15,"","","","","","",32,35.235,18.3,"","","","","","","","","","",""
548,Bhasanpatti,CGWB,10,Bihar,223,SUPAUL,CHHATAPUR,CHHATAPUR,Bhasanpatti,-,-,-,-,-,-,26.25833333,86.95000000,25-05-2008 00:00,8.29,277,"",0,226,"",7.1,"","","","","",90,12,15,35,"","","","","","","","","","",""
549,Bhasanpatti,CGWB,10,Bihar,223,SUPAUL,CHHATAPUR,CHHATAPUR,Bhasanpatti,-,-,-,-,-,-,26.25833333,86.95000000,25-05-2010 00:00,"",700,"",0,348,"",21,"","","","","",290,52,39,14,"","","","","","","","","","",""
550,Bhasanpatti,CGWB,10,Bihar,223,SUPAUL,CHHATAPUR,CHHATAPUR,Bhasanpatti,-,-,-,-,-,-,26.25833333,86.95000000,25-05-2011 00:00,6.85,850,"",0,366,"",82,"","","","","",290,46,42.6,51,"","","","","","","","","","",""
551,Bhasanpatti,CGWB,10,Bihar,223,SUPAUL,CHHATAPUR,CHHATAPUR,Bhasanpatti,-,-,-,-,-,-,26.25833333,86.95000000,25-05-2012 00:00,7.39,961,"",0,403,"",106,"","","","","",290,8,66,72,"","","","","","","","","","",""
552,Bhasanpatti,CGWB,10,Bihar,223,SUPAUL,CHHATAPUR,CHHATAPUR,Bhasanpatti,-,-,-,-,-,-,26.25833333,86.95000000,25-05-2013 00:00,8.4,180,"","",91.5,"",10.6,"",6.2,"","","",90,10,15.82,3.6,"","","","","","","","","","",""
553,Bhasanpatti,CGWB,10,Bihar,223,SUPAUL,CHHATAPUR,CHHATAPUR,Bhasanpatti,-,-,-,-,-,-,26.25833333,86.95000000,25-05-2016 00:00,8.06,305,198.25,0,128,"",0.56,"",29,"",0,"",150,34,15.6,7,"","","","","","","","","","",""
554,Bhawanipur,CGWB,10,Bihar,206,MADHUBANI,PANDAUL,PANDAUL,Bhawanipur,-,-,-,-,-,-,26.25000000,86.13333333,25-05-2004 00:00,7.51,570,"",0,359,"",39,"","","","","",156,40,14,85,"","","","","","","","","","",""
555,Bhawanipur,CGWB,10,Bihar,206,MADHUBANI,PANDAUL,PANDAUL,Bhawanipur,-,-,-,-,-,-,26.25000000,86.13333333,25-05-2005 00:00,7,620,"",0,281,"",28,"","","","","",250,32,41.37,17,"","","","","","","","","","",""
556,Bhawanipur,CGWB,10,Bihar,206,MADHUBANI,PANDAUL,PANDAUL,Bhawanipur,-,-,-,-,-,-,26.23750000,86.10277778,25-05-2006 00:00,8.91,570,"",30,177,"",18,"","","","","",110,12,19.47,75,"","","","","","","","","","",""
557,Bhawanipur,CGWB,10,Bihar,206,MADHUBANI,PANDAUL,PANDAUL,Bhawanipur,-,-,-,-,-,-,26.23750000,86.10277778,25-05-2008 00:00,8.12,670,"",0,348,"",14,"","","","","",170,40,17,68,"","","","","","","","","","",""
558,Bhawanipur,CGWB,10,Bihar,206,MADHUBANI,PANDAUL,PANDAUL,Bhawanipur,-,-,-,-,-,-,26.23750000,86.10277778,25-05-2010 00:00,"",610,"",0,366,"","","","","","","",205,36,28,43,"","","","","","","","","","",""
559,Bhawanipur,CGWB,10,Bihar,206,MADHUBANI,PANDAUL,PANDAUL,Bhawanipur,-,-,-,-,-,-,26.25000000,86.13333333,25-05-2012 00:00,7.07,629,"",0,166,"",42.5,"","","","","",205,56,15.79,46,"","","","","","","","","","",""
560,Bhawanipur,CGWB,10,Bihar,206,MADHUBANI,PANDAUL,PANDAUL,Bhawanipur,-,-,-,-,-,-,26.25000000,86.13333333,25-05-2013 00:00,8.1,472,"",0,280.6,"",7.1,"",9.6,"","","",70,8,12.17,85,"","","","","","","","","","",""
561,Bhawanipur,CGWB,10,Bihar,206,MADHUBANI,PANDAUL,PANDAUL,Bhawanipur,-,-,-,-,-,-,26.25000000,86.13333333,30-05-2019 08:00,7.97,450,447.85,0,270.6,"",12.755,"","","","","",107.03924,18.898,14.53,54.4,"","","","","","","","","","",""
562,Bhawanipur,CGWB,10,Bihar,206,MADHUBANI,PANDAUL,PANDAUL,Bhawanipur,-,-,-,-,-,-,26.25000000,86.13333333,30-05-2020 08:00,7.97,450,"","",270.6,"",12.755,"","","","","","",18.898,14.53,54.4,"","","","","","","","","","",""
563,Bhawanipur1,CGWB,10,Bihar,223,SUPAUL,BASANTPUR,BASANTPUR,Bhawanipur,-,-,-,-,-,-,26.48250000,87.03388889,25-05-2003 00:00,7.77,430,"","","","","","","","","","","","","","","","","","","","","","","","",""
564,Bhawanipur1,CGWB,10,Bihar,223,SUPAUL,BASANTPUR,BASANTPUR,Bhawanipur,-,-,-,-,-,-,26.48250000,87.03388889,25-05-2011 00:00,6.94,543,"",0,220,"",39,"","","","","",155,38,14.63,33,"","","","","","","","","","",""
565,Bhawanipur1,CGWB,10,Bihar,223,SUPAUL,BASANTPUR,BASANTPUR,Bhawanipur,-,-,-,-,-,-,26.48250000,87.03388889,25-05-2012 00:00,7.52,565,"",0,287,"",32,"","","","","",245,10,54,13,"","","","","","","","","","",""
566,Bhawanipur1,CGWB,10,Bihar,223,SUPAUL,BASANTPUR,BASANTPUR,Bhawanipur,-,-,-,-,-,-,26.48250000,87.03388889,25-05-2013 00:00,8.38,456,"",15,161.7,"",31.9,"",2.2,"","","",170,6,37.69,9.1,"","","","","","","","","","",""
567,Bhawanipur1,CGWB,10,Bihar,223,SUPAUL,BASANTPUR,BASANTPUR,Bhawanipur,-,-,-,-,-,-,26.48250000,87.03388889,25-05-2016 00:00,7.87,546,354.9,0,275,"",35.46,"",17.1,"",0,"",270,54,32.4,4,"","","","","","","","","","",""
568,Bhawanipur1,CGWB,10,Bihar,223,SUPAUL,BASANTPUR,BASANTPUR,Bhawanipur,-,-,-,-,-,-,26.48250000,87.03388889,30-05-2019 08:00,8.16,548,330.85,0,282.9,"",3.37,"","","","","",185,34,24.3,23.23,"","","","","","","","","","",""
569,Bhawanipur1,CGWB,10,Bihar,223,SUPAUL,BASANTPUR,BASANTPUR,Bhawanipur,-,-,-,-,-,-,26.48250000,87.03388889,30-05-2020 08:00,8.16,548,"","",282.9,"",3.37,"","","","","","",34,24.3,23.23,"","","","","","","","","","",""
570,Bheldi,CGWB,10,Bihar,218,SARAN,PARSA,PARSA,Bheldi,-,-,-,-,-,-,25.90500000,84.95333333,25-05-2008 00:00,7.69,2150,"",0,470,"",295,"","","","","",575,100,79,198,"","","","","","","","","","",""
571,Bhimnagar,CGWB,10,Bihar,223,SUPAUL,BASANTPUR,BASANTPUR,Bhimnagar,-,-,-,-,-,-,26.51666667,87.02694444,25-05-2003 00:00,7.78,480,"","","","","","","","","","","","","","","","","","","","","","","","",""
572,Bhimnagar,CGWB,10,Bihar,223,SUPAUL,BASANTPUR,BASANTPUR,Bhimnagar,-,-,-,-,-,-,26.51666667,87.02694444,25-05-2005 00:00,8.1,720,"",0,281,"",28,"","","","","",220,40,29.22,31,"","","","","","","","","","",""
573,Bhimnagar,CGWB,10,Bihar,223,SUPAUL,BASANTPUR,BASANTPUR,Bhimnagar,-,-,-,-,-,-,26.51666667,87.02694444,25-05-2007 00:00,7.65,421,"","",237.9,195,14.2,"","","","","",180,56,9.7,15,"","","","","","","","","","",""
574,Bhimnagar,CGWB,10,Bihar,223,SUPAUL,BASANTPUR,BASANTPUR,Bhimnagar,-,-,-,-,-,-,26.51666667,87.02694444,25-05-2008 00:00,8.2,324,"",0,201,"",7.1,"","","","","",155,44,11,17,"","","","","","","","","","",""
575,Bhimnagar,CGWB,10,Bihar,223,SUPAUL,BASANTPUR,BASANTPUR,Bhimnagar,-,-,-,-,-,-,26.51666667,87.02694444,25-05-2009 00:00,"",670,"",0,287,"",32,"","","","","",280,72,24,14,"","","","","","","","","","",""
576,Bhimnagar,CGWB,10,Bihar,223,SUPAUL,BASANTPUR,BASANTPUR,Bhimnagar,-,-,-,-,-,-,26.51666667,87.02694444,25-05-2010 00:00,"",1080,"",0,458,"",75,"","","","","",285,32,50,106,"","","","","","","","","","",""
577,Bhimnagar,CGWB,10,Bihar,223,SUPAUL,BASANTPUR,BASANTPUR,Bhimnagar,-,-,-,-,-,-,26.51666667,87.02694444,25-05-2011 00:00,7.54,345,"",0,189,"",11,"","","","","",135,28,15.84,14,"","","","","","","","","","",""
578,Bhimnagar,CGWB,10,Bihar,223,SUPAUL,BASANTPUR,BASANTPUR,Bhimnagar,-,-,-,-,-,-,26.51666667,87.02694444,25-05-2012 00:00,7.53,499,"",0,275,"",18,"","","","","",205,12,43,11,"","","","","","","","","","",""
579,Bhimnagar,CGWB,10,Bihar,223,SUPAUL,BASANTPUR,BASANTPUR,Bhimnagar,-,-,-,-,-,-,26.51666667,87.02694444,25-05-2013 00:00,8.37,476,"","",183,"",28.4,"",12.6,"","","",175,8,37.7,15.6,"","","","","","","","","","",""
580,Bhimnagar,CGWB,10,Bihar,223,SUPAUL,BASANTPUR,BASANTPUR,Bhimnagar,-,-,-,-,-,-,26.51666667,87.02694444,25-05-2016 00:00,8,505,328.25,0,195,"",46.098,"",19.6,"",9,"",235,36,34.8,5,"","","","","","","","","","",""
581,Bhimnagar,CGWB,10,Bihar,223,SUPAUL,BASANTPUR,BASANTPUR,Bhimnagar,-,-,-,-,-,-,26.51666667,87.02694444,30-05-2019 08:00,8.05,509,304.2,0,289.05,"",11.3,"","","","","",184.97943,36,23.08,18.56,"","","","","","","","","","",""
582,Bhimnagar,CGWB,10,Bihar,223,SUPAUL,BASANTPUR,BASANTPUR,Bhimnagar,-,-,-,-,-,-,26.51666667,87.02694444,30-05-2020 08:00,8.05,509,"","",289.05,"",11.3,"","","","","","",36,23.08,18.56,"","","","","","","","","","",""
583,Bhimpura,CGWB,10,Bihar,205,MADHEPURA,MADHEPURA,MADHEPURA,Bhimpura,-,-,-,-,-,-,25.90888889,86.83500000,30-05-2019 08:00,8.3,557.9,308.49,15,280.8245,"",53.175,"","","","","",290,50.04,40.024273,25.96,"","","","","","","","","","",""
584,Bhimpura,CGWB,10,Bihar,205,MADHEPURA,MADHEPURA,MADHEPURA,Bhimpura,-,-,-,-,-,-,25.90888889,86.83500000,30-05-2020 08:00,8.3,557.9,"","",280.8245,"",53.175,"","","","","","",50.04,40.024273,25.96,"","","","","","","","","","",""
585,Bhojpurwa,CGWB,10,Bihar,197,GOPALGANJ,BARAULI,BARAULI,Bhojpurwa,-,-,-,-,-,-,26.32055556,84.69777778,30-05-2019 08:00,7.13,564,801.45,0,189.162,"",74.34,"","","","","",170,50,10.9368,39.22,"","","","","","","","","","",""
586,Bhojpurwa,CGWB,10,Bihar,197,GOPALGANJ,BARAULI,BARAULI,Bhojpurwa,-,-,-,-,-,-,26.32055556,84.69777778,30-05-2020 08:00,7.13,564,"","",189.162,"",74.34,"","","","","","",50,10.9368,39.22,"","","","","","","","","","",""
587,Bhore,CGWB,10,Bihar,197,GOPALGANJ,BHOREY,BHOREY,Bhore,-,-,-,-,-,-,26.44166667,84.11250000,25-05-2002 00:00,7.98,821,"","","","","","","","","","","","","","","","","","","","","","","","",""
588,Bhore,CGWB,10,Bihar,197,GOPALGANJ,BHOREY,BHOREY,Bhore,-,-,-,-,-,-,26.44166667,84.11250000,25-05-2009 00:00,"",350,"",0,159,"",11,"","","","","",125,18,19,16,"","","","","","","","","","",""
589,Bhore,CGWB,10,Bihar,197,GOPALGANJ,BHOREY,BHOREY,Bhore,-,-,-,-,-,-,26.44166667,84.11250000,25-05-2010 00:00,"",335,"",0,195,"",3.6,"","","","","",150,30,18,11,"","","","","","","","","","",""
590,Bhore,CGWB,10,Bihar,197,GOPALGANJ,BHOREY,BHOREY,Bhore,-,-,-,-,-,-,26.44166667,84.11250000,25-05-2012 00:00,8.1,202,"",0,92.3,"",14.18,"","","","","",95,18,12,3,"","","","","","","","","","",""
591,Bhore,CGWB,10,Bihar,197,GOPALGANJ,BHOREY,BHOREY,Bhore,-,-,-,-,-,-,26.44166667,84.11250000,25-05-2013 00:00,8,212,"",0,91.5,"",14.2,"",0,"","","",95,18,12.18,3,"","","","","","","","","","",""
592,Bhore,CGWB,10,Bihar,197,GOPALGANJ,BHOREY,BHOREY,Bhore,-,-,-,-,-,-,26.44166667,84.11250000,25-05-2016 00:00,7.68,448,291.2,0,239.85,"",7.09,"",0,"",8.46,"",170,40,17.01,23.21,"","","","","","","","","","",""
593,Bhore,CGWB,10,Bihar,197,GOPALGANJ,BHOREY,BHOREY,Bhore,-,-,-,-,-,-,26.44166667,84.11250000,30-05-2019 08:00,7.06,1233,291.85,0,366.12,"",180.54,"","","","","",525,142,41.3168,36.9,"","","","","","","","","","",""
594,Bhore,CGWB,10,Bihar,197,GOPALGANJ,BHOREY,BHOREY,Bhore,-,-,-,-,-,-,26.44166667,84.11250000,30-05-2020 08:00,7.06,1233,"","",366.12,"",180.54,"","","","","","",142,41.3168,36.9,"","","","","","","","","","",""
595,Bhui,CGWB,10,Bihar,209,NALANDA,RAJGIR,RAJGIR,Bhui,-,-,-,-,-,-,25.10583333,85.41833333,30-05-2019 08:00,8,2096,618.8,0,488,"",425.4,"","","","","",465,38,90,267,"","","","","","","","","","",""
596,Bhui,CGWB,10,Bihar,209,NALANDA,RAJGIR,RAJGIR,Bhui,-,-,-,-,-,-,25.10583333,85.41833333,30-05-2020 08:00,8,2096,"","",488,"",425.4,"","","","","","",38,90,267,"","","","","","","","","","",""
597,Bhui,CGWB,10,Bihar,209,NALANDA,RAJGIR,RAJGIR,Bhui,-,-,-,-,-,-,25.10583333,85.41833333,30-05-2021 08:00,8.4,450,"",3,226,"",30,"",19.4,"","","",82,33,35,16,"","","","","","","","","","",""
598,Bhutahi,CGWB,10,Bihar,221,SITAMARHI,SONBARSA,SONBARSA,Bhutahi,-,-,-,-,-,-,26.72694444,85.54972222,30-05-2019 08:00,8.21,682,217.75,0,233.7,"",107.4,"","","","","",234.64331,4.31,54.4,50.85,"","","","","","","","","","",""
599,Bhutahi,CGWB,10,Bihar,221,SITAMARHI,SONBARSA,SONBARSA,Bhutahi,-,-,-,-,-,-,26.72694444,85.54972222,30-05-2020 08:00,8.21,682,"","",233.7,"",107.4,"","","","","","",4.31,54.4,50.85,"","","","","","","","","","",""
600,Bideshwar Asthan,CGWB,10,Bihar,206,MADHUBANI,JHANJHARPUR,JHANJHARPUR,Bideshwar Asthan,-,-,-,-,-,-,26.23861111,86.22222222,30-05-2019 08:00,7.8,689,950.95,0,295.2,"",75.254,"","","","","",179.2707,29.891,25.404,70.17,"","","","","","","","","","",""
601,Bideshwar Asthan,CGWB,10,Bihar,206,MADHUBANI,JHANJHARPUR,JHANJHARPUR,Bideshwar Asthan,-,-,-,-,-,-,26.23861111,86.22222222,30-05-2020 08:00,7.8,689,"","",295.2,"",75.254,"","","","","","",29.891,25.404,70.17,"","","","","","","","","","",""
602,Biharsharif,CGWB,10,Bihar,209,NALANDA,RAHUI,RAHUI,Biharsharif,-,-,-,-,-,-,25.35111111,85.54000000,25-05-2001 00:00,8.86,1400,"",36,189,"",252,"","","","","",215,24,38,198,"","","","","","","","","","",""
603,Biharsharif,CGWB,10,Bihar,209,NALANDA,RAHUI,RAHUI,Biharsharif,-,-,-,-,-,-,25.35111111,85.54000000,25-05-2007 00:00,8.64,1300,"",48,336,355.4,178,"","","","","",350,86,33,110,"","","","","","","","","","",""
604,Biharsharif,CGWB,10,Bihar,209,NALANDA,BIHARSHARIF,BIHAR,Biharsharif,-,-,-,-,-,-,25.20833333,85.51250000,25-05-2009 00:00,"",900,"",0,195,"",107,"","","","","",290,72,26.83,69,"","","","","","","","","","",""
605,Biharsharif,CGWB,10,Bihar,209,NALANDA,BIHARSHARIF,BIHAR,Biharsharif,-,-,-,-,-,-,25.20833333,85.51250000,25-05-2010 00:00,"",880,"",0,305,"",106,"","","","","",260,64,24,59,"","","","","","","","","","",""
606,Biharsharif,CGWB,10,Bihar,209,NALANDA,BIHARSHARIF,BIHAR,Biharsharif,-,-,-,-,-,-,25.20833333,85.51250000,25-05-2011 00:00,7.72,1080,"",0,390,"",110,"","","","","",360,88,34.15,80,"","","","","","","","","","",""
607,Biharsharif,CGWB,10,Bihar,209,NALANDA,BIHARSHARIF,BIHAR,Biharsharif,-,-,-,-,-,-,25.20833333,85.51250000,25-05-2012 00:00,8.22,720,"",0,146.424,"",120.564,"","","","","",240,36.072,36.52,56,"","","","","","","","","","",""
608,Biharsharif,CGWB,10,Bihar,209,NALANDA,BIHARSHARIF,BIHAR,Biharsharif,-,-,-,-,-,-,25.20833333,85.51250000,25-05-2013 00:00,8.22,720,"",0,146.4,"",120.6,"",33.6,"","","",240,36.1,36.45,56,"","","","","","","","","","",""
609,Biharsharif,CGWB,10,Bihar,209,NALANDA,BIHARSHARIF,BIHAR,Biharsharif,-,-,-,-,-,-,25.20833333,85.51250000,25-05-2016 00:00,8.51,1543,1002.95,21,565.8,"",113.4,"",48,"",33,"",455,80,61.96,130,"","","","","","","","","","",""
610,Bihiya,CGWB,10,Bihar,193,BHOJPUR,BEHEA,BEHEA,Bihiya,-,-,-,-,-,-,25.55000000,84.45833333,25-05-2002 00:00,8.83,369,"","","","","","","","","","","","","","","","","","","","","","","","",""
611,Bihiya,CGWB,10,Bihar,193,BHOJPUR,BEHEA,BEHEA,Bihiya,-,-,-,-,-,-,25.55000000,84.45833333,25-05-2004 00:00,7.35,480,"",0,226,"",43,"","","","","",191,24,31,43,"","","","","","","","","","",""
612,Bihiya,CGWB,10,Bihar,193,BHOJPUR,BEHEA,BEHEA,Bihiya,-,-,-,-,-,-,25.55000000,84.45833333,25-05-2005 00:00,8.87,470,"","",189,"",18,"","","","","",155,38,14.63,33,"","","","","","","","","","",""
613,Bihiya,CGWB,10,Bihar,193,BHOJPUR,BEHEA,BEHEA,Bihiya,-,-,-,-,-,-,25.55000000,84.45833333,25-05-2008 00:00,8.69,382,"",12,183,"",21,"","","","","",140,30,16,35,"","","","","","","","","","",""
614,Bihiya,CGWB,10,Bihar,193,BHOJPUR,BEHEA,BEHEA,Bihiya,-,-,-,-,-,-,25.55000000,84.45833333,25-05-2012 00:00,7.47,420,"",0,300,"",34.03,"",25.94,"","","",236,35.27,35.52,"","","","","","","","","","","",""
615,Bihiya,CGWB,10,Bihar,193,BHOJPUR,BEHEA,BEHEA,Bihiya,-,-,-,-,-,-,25.55000000,84.45833333,25-05-2016 00:00,8.02,653,"",0,287,"",32,"",31,"",4.3,"",255,24,47,28,"","","","","","","","","","",""
616,Bihiya,CGWB,10,Bihar,193,BHOJPUR,BEHEA,BEHEA,Bihiya,-,-,-,-,-,-,25.55000000,84.45833333,30-05-2019 08:00,8,721,484.25,0,311,"",34,"","","","","",261,51,32,21,"","","","","","","","","","",""
617,Bihiya,CGWB,10,Bihar,193,BHOJPUR,BEHEA,BEHEA,Bihiya,-,-,-,-,-,-,25.55000000,84.45833333,30-05-2020 08:00,8,721,"","",311,"",34,"","","","","","",51,32,21,"","","","","","","","","","",""
618,Bihpur ib,CGWB,10,Bihar,192,BHAGALPUR,BIHPUR,BIHPUR,Bihpur ib,-,-,-,-,-,-,25.39166667,86.94166667,25-05-2004 00:00,7.3,585,"",0,332,"",25,"","","","","",218,54,20,6.3,"","","","","","","","","","",""
619,Bihpur ib,CGWB,10,Bihar,192,BHAGALPUR,BIHPUR,BIHPUR,Bihpur ib,-,-,-,-,-,-,25.39166667,86.94166667,25-05-2008 00:00,8.38,600,"",12,140,"",75,"","","","","",230,40,32,23,"","","","","","","","","","",""
620,Bihpur ib,CGWB,10,Bihar,192,BHAGALPUR,BIHPUR,BIHPUR,Bihpur ib,-,-,-,-,-,-,25.39166667,86.94166667,25-05-2010 00:00,"",471,"",0,262,"",14,"","","","","",210,40,27,11,"","","","","","","","","","",""
621,Bihpur ib,CGWB,10,Bihar,192,BHAGALPUR,BIHPUR,BIHPUR,Bihpur ib,-,-,-,-,-,-,25.40000000,86.94166667,25-05-2011 00:00,7.41,886,"",0,414.8,"",24.85,"","","","","",240,30,40.15,40,"","","","","","","","","","",""
622,Bihpur ib,CGWB,10,Bihar,192,BHAGALPUR,BIHPUR,BIHPUR,Bihpur ib,-,-,-,-,-,-,25.39166667,86.94166667,25-05-2016 00:00,7.64,518,"",0,223.26,"",46.098,"",13.64,"",26.52,"",190,26,30,28.83,"","","","","","","","","","",""
623,Bikram,CGWB,10,Bihar,212,PATNA,BIKRAM,BIKRAM,Bikram,-,-,-,-,-,-,25.44666667,84.85583333,30-05-2019 08:00,8.1,250,154.7,0,92,"",28.4,"","","","","",100,38,1,10,"","","","","","","","","","",""
624,Bikram,CGWB,10,Bihar,212,PATNA,BIKRAM,BIKRAM,Bikram,-,-,-,-,-,-,25.44666667,84.85583333,30-05-2020 08:00,8.1,250,"","",92,"",28.4,"","","","","","",38,1,10,"","","","","","","","","","",""
625,Bikram,CGWB,10,Bihar,212,PATNA,BIKRAM,BIKRAM,Bikram,-,-,-,-,-,-,25.44666667,84.85583333,30-05-2021 08:00,7.78,270,"",0,105,"",22,"",6,"","","",98,28,7,15,"","","","","","","","","","",""
626,Bikramganj pp,CGWB,10,Bihar,215,ROHTAS,BIKRAMGANJ,BIKRAMGANJ,Bikramganj pp,-,-,-,-,-,-,25.22500000,84.25833333,25-05-2002 00:00,8.93,746,"","","","","","","","","","","","","","","","","","","","","","","","",""
627,Bikramganj pp,CGWB,10,Bihar,215,ROHTAS,BIKRAMGANJ,BIKRAMGANJ,Bikramganj pp,-,-,-,-,-,-,25.22500000,84.25833333,25-05-2007 00:00,8.67,930,"",48,183,230,107,"","","","","",105,16,16,153,"","","","","","","","","","",""
628,Bikramganj pp,CGWB,10,Bihar,215,ROHTAS,BIKRAMGANJ,BIKRAMGANJ,Bikramganj pp,-,-,-,-,-,-,25.22500000,84.25833333,25-05-2010 00:00,"",900,"",0,354,"",99,"","","","","",265,16,55,78,"","","","","","","","","","",""
629,Bikramganj pp,CGWB,10,Bihar,215,ROHTAS,BIKRAMGANJ,BIKRAMGANJ,Bikramganj pp,-,-,-,-,-,-,25.22500000,84.25833333,25-05-2011 00:00,7.5,900,"",0,354,"",99,"","","","","",265,16,54.72,78,"","","","","","","","","","",""
630,Bikramganj pp,CGWB,10,Bihar,215,ROHTAS,BIKRAMGANJ,BIKRAMGANJ,Bikramganj pp,-,-,-,-,-,-,25.22500000,84.25833333,25-05-2013 00:00,7.59,754,"",0,189.1,"",78,"",38.2,"","","",150,14,27.9,94.2,"","","","","","","","","","",""
631,Bikramganj pp,CGWB,10,Bihar,215,ROHTAS,BIKRAMGANJ,BIKRAMGANJ,Bikramganj pp,-,-,-,-,-,-,25.22500000,84.25833333,25-05-2016 00:00,7.94,768,"",0,268,"",67,"",32,"",9.8,"",315,24,61,17,"","","","","","","","","","",""
632,Bintoli,CGWB,10,Bihar,191,BEGUSARAI,SAHEBPUR KAMAL,SAHEBPUR KAMAL,Bintoli,-,-,-,-,-,-,25.42277778,86.40972222,25-05-2003 00:00,7.8,420,"","","","","","","","","","","","","","","","","","","","","","","","",""
633,Bintoli,CGWB,10,Bihar,191,BEGUSARAI,SAHEBPUR KAMAL,SAHEBPUR KAMAL,Bintoli,-,-,-,-,-,-,25.42277778,86.40972222,25-05-2007 00:00,8.41,384,"","",183,150,21.3,"","","","","",170,36,19.4,0.8,"","","","","","","","","","",""
634,Bintoli,CGWB,10,Bihar,191,BEGUSARAI,SAHEBPUR KAMAL,SAHEBPUR KAMAL,Bintoli,-,-,-,-,-,-,25.42277778,86.40972222,25-05-2009 00:00,"",600,"",18,189,"",43,"","","","","",180,28,27,35,"","","","","","","","","","",""
635,Bintoli,CGWB,10,Bihar,191,BEGUSARAI,SAHEBPUR KAMAL,SAHEBPUR KAMAL,Bintoli,-,-,-,-,-,-,25.42277778,86.40972222,25-05-2013 00:00,8.29,501,"",0,79.3,"",63.8,"",64.3,"","","",190,8,41.34,27.1,"","","","","","","","","","",""
636,Bintoli,CGWB,10,Bihar,191,BEGUSARAI,SAHEBPUR KAMAL,SAHEBPUR KAMAL,Bintoli,-,-,-,-,-,-,25.42277778,86.40972222,25-05-2016 00:00,7.39,709,460.85,0,207,"",92.196,"",25.4,"",4,"",325,52,46.8,9,"","","","","","","","","","",""
637,Birampur,CGWB,10,Bihar,193,BHOJPUR,KOILWAR,KOILWAR,Birampur,-,-,-,-,-,-,25.60333333,84.72472222,30-05-2019 08:00,7.9,745,625.3,0,242,"",82,"","","","","",292,55,33,49,"","","","","","","","","","",""
638,Birampur,CGWB,10,Bihar,193,BHOJPUR,KOILWAR,KOILWAR,Birampur,-,-,-,-,-,-,25.60333333,84.72472222,30-05-2020 08:00,7.9,745,"","",242,"",82,"","","","","","",55,33,49,"","","","","","","","","","",""
639,Birampur,CGWB,10,Bihar,193,BHOJPUR,KOILWAR,KOILWAR,Birampur,-,-,-,-,-,-,25.60333333,84.72472222,30-05-2021 08:00,8.1,510,"",0,211,"",38,"",12,"","","",123,26,14,58.8,"","","","","","","","","","",""
640,Birpur,CGWB,10,Bihar,223,SUPAUL,BASANTPUR,BASANTPUR,Birpur,-,-,-,-,-,-,26.09722222,86.59833333,30-05-2021 08:00,7.42,1940,"",0,556,"",309,"",24,"","","",616,125,74,160,"","","","","","","","","","",""
641,Bishambarpur,CGWB,10,Bihar,197,GOPALGANJ,MANJHA,MANJHA,Bishambarpur,-,-,-,-,-,-,26.35000000,84.48333333,30-05-2019 08:00,7.27,449,364,0,79.326,"",49.56,"","","","","",160,22,25.5192,24.54,"","","","","","","","","","",""
642,Bishambarpur,CGWB,10,Bihar,197,GOPALGANJ,MANJHA,MANJHA,Bishambarpur,-,-,-,-,-,-,26.35000000,84.48333333,30-05-2020 08:00,7.27,449,"","",79.326,"",49.56,"","","","","","",22,25.5192,24.54,"","","","","","","","","","",""
643,Bishambharpur,CGWB,10,Bihar,212,PATNA,PHULWARI,PHULWARI,Bishambharpur,-,-,-,-,-,-,25.57805556,84.89000000,30-05-2019 08:00,8.2,237,146.25,0,122,"",14.2,"","","","","",90,28,5,11,"","","","","","","","","","",""
644,Bishambharpur,CGWB,10,Bihar,212,PATNA,PHULWARI,PHULWARI,Bishambharpur,-,-,-,-,-,-,25.57805556,84.89000000,30-05-2020 08:00,8.2,237,"","",122,"",14.2,"","","","","","",28,5,11,"","","","","","","","","","",""
645,Bishambharpur,CGWB,10,Bihar,212,PATNA,PHULWARI,PHULWARI,Bishambharpur,-,-,-,-,-,-,25.57805556,84.89000000,30-05-2021 08:00,8.01,570,"",0,154,"",61,"",69,"","","",156,45,11,43.9,"","","","","","","","","","",""
646,Bishunpur,CGWB,10,Bihar,218,SARAN,EKMA,EKMA,Bishunpur,-,-,-,-,-,-,25.96527778,84.60361111,25-05-2011 00:00,8.87,808,"",24,396.5,"",71,"","","","","",335,24,66.89,48,"","","","","","","","","","",""
647,Bishunpur,CGWB,10,Bihar,218,SARAN,EKMA,EKMA,Bishunpur,-,-,-,-,-,-,25.96527778,84.60361111,25-05-2016 00:00,8,549,356.85,0,276.15,"",31.9,"",15,"",8.36,"",155,46,9.72,52.14,"","","","","","","","","","",""
648,Bithauli,CGWB,10,Bihar,195,DARBHANGA,BAHERI,BAHERI,Bithauli,-,-,-,-,-,-,26.01111111,86.08750000,30-05-2021 08:00,7.78,454,"",0,319.1,"",15.7,"",3.2,"","","",127.8,14.61,22.17,74,"","","","","","","","","","",""
649,Bitho Sharif,CGWB,10,Bihar,196,GAYA,GAYA TOWN,GAYA TOWN,Bitho Sharif,-,-,-,-,-,-,24.69388889,84.96416667,25-05-2012 00:00,8.2,470,"",0,244.04,"",21.276,"","","","","",140,28.056,17.05,40,"","","","","","","","","","",""
650,Bitho Sharif,CGWB,10,Bihar,196,GAYA,GAYA TOWN,GAYA TOWN,Bitho Sharif,-,-,-,-,-,-,24.69388889,84.96416667,25-05-2013 00:00,8.2,470,"",0,244,"",21.3,"",0,"","","",140,28.1,16.99,40,"","","","","","","","","","",""
651,Bitho Sharif,CGWB,10,Bihar,196,GAYA,GAYA TOWN,GAYA TOWN,Bitho Sharif,-,-,-,-,-,-,24.69388889,84.96416667,25-05-2016 00:00,8.15,542,352.3,0,104.55,"",56.35,"",76,"",17.21,"",130,24,17,55,"","","","","","","","","","",""
652,Bochaha,CGWB,10,Bihar,208,MUZAFFARPUR,BOCHAHA,BOCHAHA,Bochaha,-,-,-,-,-,-,26.16250000,85.45000000,25-05-2001 00:00,8.69,600,"",15,268,"",25,"","","","","",245,12,52,16,"","","","","","","","","","",""
653,Bochaha,CGWB,10,Bihar,208,MUZAFFARPUR,BOCHAHA,BOCHAHA,Bochaha,-,-,-,-,-,-,26.16250000,85.45000000,25-05-2007 00:00,8.42,780,"",48,207,249.7,43,"",12,"","","",320,52,46,18,"","","","","","","","","","",""
654,Bochaha,CGWB,10,Bihar,208,MUZAFFARPUR,BOCHAHA,BOCHAHA,Bochaha,-,-,-,-,-,-,26.16250000,85.45000000,25-05-2009 00:00,"",466,"",18,213,"",18,"","","","","",215,10,46,16,"","","","","","","","","","",""
655,Bochaha,CGWB,10,Bihar,208,MUZAFFARPUR,BOCHAHA,BOCHAHA,Bochaha,-,-,-,-,-,-,26.16250000,85.45000000,25-05-2011 00:00,7.45,1450,"",0,458,"",163,"","","","","",575,74,94.91,66,"","","","","","","","","","",""
656,Bochaha,CGWB,10,Bihar,208,MUZAFFARPUR,BOCHAHA,BOCHAHA,Bochaha,-,-,-,-,-,-,26.16250000,85.45000000,25-05-2012 00:00,8.23,530,"",0,275,"",18,"","","","","",230,12,48.64,13,"","","","","","","","","","",""
657,Bochaha,CGWB,10,Bihar,208,MUZAFFARPUR,BOCHAHA,BOCHAHA,Bochaha,-,-,-,-,-,-,26.16250000,85.45000000,25-05-2013 00:00,8.23,530,"",0,275,"",18,"",17,"","","",230,12,48.64,13,"","","","","","","","","","",""
658,Bochaha,CGWB,10,Bihar,208,MUZAFFARPUR,BOCHAHA,BOCHAHA,Bochaha,-,-,-,-,-,-,26.16250000,85.45000000,25-05-2016 00:00,7.92,448,"",0,177,"",25,"",30.7,"",1.2,"",180,40,19,13,"","","","","","","","","","",""
659,Bochaha,CGWB,10,Bihar,208,MUZAFFARPUR,BOCHAHA,BOCHAHA,Bochaha,-,-,-,-,-,-,26.16250000,85.45000000,30-05-2021 08:00,7.55,810,"",0,370,"",70,"",18,"","","",270,59,30,50,"","","","","","","","","","",""
660,Bodhgaya,CGWB,10,Bihar,196,GAYA,BODHGAYA,BODHGAYA,Bodhgaya,-,-,-,-,-,-,24.70000000,84.98333333,25-05-2008 00:00,8.22,1252,"",0,262,"",149,"","","","","",360,100,26.87,66,"","","","","","","","","","",""
661,Bodhgaya,CGWB,10,Bihar,196,GAYA,BODHGAYA,BODHGAYA,Bodhgaya,-,-,-,-,-,-,24.70000000,84.98333333,25-05-2010 00:00,"",620,"",0,287,"",46,"","","","","",180,48,15,54,"","","","","","","","","","",""
662,Bodhgaya,CGWB,10,Bihar,196,GAYA,BODHGAYA,BODHGAYA,Bodhgaya,-,-,-,-,-,-,24.70000000,84.98333333,25-05-2011 00:00,7.78,1140,"",0,342,"",17,"","","","","",380,58,57.21,66,"","","","","","","","","","",""
663,Bodhgaya,CGWB,10,Bihar,196,GAYA,BODHGAYA,BODHGAYA,Bodhgaya,-,-,-,-,-,-,24.70000000,84.98333333,25-05-2013 00:00,8.54,680,"",24,231.8,"",70.9,"",0,"","","",210,48.1,21.88,55,"","","","","","","","","","",""
664,Bodhgaya,CGWB,10,Bihar,196,GAYA,BODHGAYA,BODHGAYA,Bodhgaya,-,-,-,-,-,-,24.70000000,84.98333333,25-05-2016 00:00,7.23,905,588.25,0,393.6,"",53.12,"",81,"",13,"",285,40,44.95,91,"","","","","","","","","","",""
665,Bodh Gaya,CGWB,10,Bihar,196,GAYA,BODHGAYA,BODHGAYA,Bodh Gaya,-,-,-,-,-,-,24.70694444,84.99861111,25-05-2001 00:00,8.79,900,"",36,232,"",82,"","","","","",150,36,27,51,"","","","","","","","","","",""
666,Bodh Gaya,CGWB,10,Bihar,196,GAYA,BODHGAYA,BODHGAYA,Bodh Gaya,-,-,-,-,-,-,24.70000000,84.99166667,25-05-2002 00:00,8.51,856,"","","","","","","","","","","","","","","","","","","","","","","","",""
667,Bodh Gaya,CGWB,10,Bihar,196,GAYA,BODHGAYA,BODHGAYA,Bodh Gaya,-,-,-,-,-,-,24.70000000,84.99166667,25-05-2005 00:00,7.12,850,"",0,213,"",67,"","","","","",255,48,32.88,44,"","","","","","","","","","",""
668,Bodh Gaya,CGWB,10,Bihar,196,GAYA,BODHGAYA,BODHGAYA,Bodh Gaya,-,-,-,-,-,-,24.70000000,84.99166667,25-05-2009 00:00,"",1200,"",0,366,"",142,"","","","","",360,92,31.72,69,"","","","","","","","","","",""
669,Bodh Gaya,CGWB,10,Bihar,196,GAYA,BODHGAYA,BODHGAYA,Bodh Gaya,-,-,-,-,-,-,24.70000000,84.99166667,25-05-2012 00:00,8.54,680,"",24,231.838,"",70.92,"","","","","",210,48.096,21.92,55,"","","","","","","","","","",""
670,Bodh Gaya,CGWB,10,Bihar,196,GAYA,BODHGAYA,BODHGAYA,Bodh Gaya,-,-,-,-,-,-,24.70000000,84.99166667,30-05-2019 08:00,8.2,738,1054.3,0,356,"",42.6,"","","","","",155,38,14.58,86,"","","","","","","","","","",""
671,Bodh Gaya,CGWB,10,Bihar,196,GAYA,BODHGAYA,BODHGAYA,Bodh Gaya,-,-,-,-,-,-,24.70000000,84.99166667,30-05-2020 08:00,8.2,738,"","",356,"",42.6,"","","","","","",38,14.58,86,"","","","","","","","","","",""
672,Breja,CGWB,10,Bihar,218,SARAN,-,-,-,-,-,-,-,-,-,25.90444400,84.54000000,30-05-2019 08:00,6.97,529,404.95,0,195.264,"",63.72,"","","","","",255,46,34.0256,2.55,"","","","","","","","","","",""
673,Breja,CGWB,10,Bihar,218,SARAN,-,-,-,-,-,-,-,-,-,25.90444400,84.54000000,30-05-2020 08:00,6.97,529,"","",195.264,"",63.72,"","","","","","",46,34.0256,2.55,"","","","","","","","","","",""
674,B Sharif Rly Stn,CGWB,10,Bihar,209,NALANDA,BIHARSHARIF,BIHAR,B Sharif Rly Stn,-,-,-,-,-,-,25.20166667,85.53888889,25-05-2013 00:00,7.2,620,"",0,280,"",42.5,"",41.9,"","","",232,60.9,19.46,43.7,"","","","","","","","","","",""
675,B Sharif Rly Stn,CGWB,10,Bihar,209,NALANDA,BIHARSHARIF,BIHAR,B Sharif Rly Stn,-,-,-,-,-,-,25.20166667,85.53888889,25-05-2016 00:00,7.21,668,434.2,0,313.65,"",35.45,"",42,"",17,"",225,52,23.08,56,"","","","","","","","","","",""
676,Budhia Gola,CGWB,10,Bihar,214,PURNIA,BANMANKHI,BANMANKHI,Budhia Gola,-,-,-,-,-,-,25.89555556,87.28361111,25-05-2013 00:00,7.53,460,"",0,183,"",24.8,"",4.5,"","","",130,28,14.6,33.2,"","","","","","","","","","",""
677,Budhia Gola,CGWB,10,Bihar,214,PURNIA,BANMANKHI,BANMANKHI,Budhia Gola,-,-,-,-,-,-,25.89555556,87.28361111,25-05-2016 00:00,8.02,485,"",0,201.3,"",24.822,"",16.84,"",18.32,"",170,26,25.2,25.37,"","","","","","","","","","",""
678,Budhia Gola,CGWB,10,Bihar,214,PURNIA,BANMANKHI,BANMANKHI,Budhia Gola,-,-,-,-,-,-,25.89555556,87.28361111,30-05-2019 08:00,7.9,449,295.75,0,210,"",10.65,"","","","","",170,52,9.72,12.93,"","","","","","","","","","",""
679,Budhia Gola,CGWB,10,Bihar,214,PURNIA,BANMANKHI,BANMANKHI,Budhia Gola,-,-,-,-,-,-,25.89555556,87.28361111,30-05-2020 08:00,7.9,449,"","",210,"",10.65,"","","","","","",52,9.72,12.93,"","","","","","","","","","",""
680,Buxar(SSA),CGWB,10,Bihar,194,BUXAR,BUXAR,BUXAR,Buxar(SSA),-,-,-,-,-,-,25.57083333,84.01250000,25-05-2007 00:00,8.51,620,"",24,134,149.8,75,"","","","","",235,16,47,28,"","","","","","","","","","",""
681,Buxar(SSA),CGWB,10,Bihar,194,BUXAR,BUXAR,BUXAR,Buxar(SSA),-,-,-,-,-,-,25.57083333,84.01250000,25-05-2009 00:00,"",782,"",0,256,"",78,"","","","","",175,18,31.63,237,"","","","","","","","","","",""
682,Buxar(SSA),CGWB,10,Bihar,194,BUXAR,BUXAR,BUXAR,Buxar(SSA),-,-,-,-,-,-,25.57083333,84.01250000,25-05-2010 00:00,"",440,"",0,230,"",11,"","","","","",140,20,22,35,"","","","","","","","","","",""
683,Buxar(SSA),CGWB,10,Bihar,194,BUXAR,BUXAR,BUXAR,Buxar(SSA),-,-,-,-,-,-,25.57083333,84.01250000,25-05-2011 00:00,7.5,440,"",0,230,"",11,"","","","","",140,20,21.91,35,"","","","","","","","","","",""
684,Buxar(SSA),CGWB,10,Bihar,194,BUXAR,BUXAR,BUXAR,Buxar(SSA),-,-,-,-,-,-,25.57083333,84.01250000,25-05-2016 00:00,8.2,1067,"",0,244,"",177,"",42,"",1.3,"",470,66,73,16,"","","","","","","","","","",""
685,Chadia,CGWB,10,Bihar,214,PURNIA,BAISI,BAISI,Chadia,-,-,-,-,-,-,25.86055556,87.79444444,25-05-2012 00:00,7.56,1000,"",0,220,"",36.86,"",51.94,"","","",207,55.31,18.28,"","","","","","","","","","","",""
686,Chadia,CGWB,10,Bihar,214,PURNIA,BAISI,BAISI,Chadia,-,-,-,-,-,-,25.86055556,87.79444444,25-05-2013 00:00,7.35,1036,"",0,250.1,"",166.6,"",12.2,"","","",295,44,45,83.5,"","","","","","","","","","",""
687,Chadia,CGWB,10,Bihar,214,PURNIA,BAISI,BAISI,Chadia,-,-,-,-,-,-,25.86055556,87.79444444,25-05-2016 00:00,7.75,1345,"",0,327.57,"",226.944,"",32.64,"",25.65,"",65,26,0,274.7,"","","","","","","","","","",""
688,Chainpur,CGWB,10,Bihar,200,KAIMUR,CHAINPUR,CHAINPUR,Chainpur,-,-,-,-,-,-,25.04305556,83.50000000,25-05-2005 00:00,8.13,1300,"",0,274,"",195,"","","","","",425,34,82.71,95,"","","","","","","","","","",""
689,Chainpur,CGWB,10,Bihar,200,KAIMUR,CHAINPUR,CHAINPUR,Chainpur,-,-,-,-,-,-,25.04305556,83.50000000,25-05-2008 00:00,7.75,1599,"",0,481,"",231,"","","","","",505,106,58.48,135,"","","","","","","","","","",""
690,Chainpur,CGWB,10,Bihar,200,KAIMUR,CHAINPUR,CHAINPUR,Chainpur,-,-,-,-,-,-,25.04305556,83.50000000,25-05-2009 00:00,"",1060,"",0,250,"",149,"","","","","",350,24,70.54,170,"","","","","","","","","","",""
691,Chainpur,CGWB,10,Bihar,200,KAIMUR,CHAINPUR,CHAINPUR,Chainpur,-,-,-,-,-,-,25.04305556,83.50000000,25-05-2012 00:00,7.5,1140,"",0,260,"",51.04,"",52.79,"","","",416,8.01,96.04,"","","","","","","","","","","",""
692,Chainpur,CGWB,10,Bihar,200,KAIMUR,CHAINPUR,CHAINPUR,Chainpur,-,-,-,-,-,-,25.04305556,83.50000000,25-05-2016 00:00,7.99,1427,"",0,384,"",177,"",49,"",3.9,"",710,102,109,20,"","","","","","","","","","",""
693,Chakai,CGWB,10,Bihar,198,JAMUI,CHAKAI,CHAKAI,Chakai,-,-,-,-,-,-,24.54972222,86.40333333,25-05-2002 00:00,8.23,349,"","","","","","","","","","","","","","","","","","","","","","","","",""
694,Chakai,CGWB,10,Bihar,198,JAMUI,CHAKAI,CHAKAI,Chakai,-,-,-,-,-,-,24.54972222,86.40333333,25-05-2003 00:00,7.45,550,"","","","","","","","","","","","","","","","","","","","","","","","",""
695,Chakai,CGWB,10,Bihar,198,JAMUI,CHAKAI,CHAKAI,Chakai,-,-,-,-,-,-,24.54972222,86.40333333,25-05-2005 00:00,8.15,470,"","",116,"",57,"","","","","",185,38,21.93,17,"","","","","","","","","","",""
696,Chakai,CGWB,10,Bihar,198,JAMUI,CHAKAI,CHAKAI,Chakai,-,-,-,-,-,-,24.54972222,86.40333333,25-05-2007 00:00,7.86,560,"","",171,140.2,53,"","","","","",210,58,16,25,"","","","","","","","","","",""
697,Chakai,CGWB,10,Bihar,198,JAMUI,CHAKAI,CHAKAI,Chakai,-,-,-,-,-,-,24.54972222,86.40333333,25-05-2008 00:00,8.15,540,"",0,122,"",64,"","","","","",180,48,15,28,"","","","","","","","","","",""
698,Chakai,CGWB,10,Bihar,198,JAMUI,CHAKAI,CHAKAI,Chakai,-,-,-,-,-,-,24.54972222,86.40333333,25-05-2009 00:00,"",475,"",0,122,"",50,"","","","","",195,40,23.15,17,"","","","","","","","","","",""
699,Chakai,CGWB,10,Bihar,198,JAMUI,CHAKAI,CHAKAI,Chakai,-,-,-,-,-,-,24.54972222,86.40333333,25-05-2010 00:00,8.18,490,"",0,128,"",53,"","","","","",190,42,21,14,"","","","","","","","","","",""
700,Chakai,CGWB,10,Bihar,198,JAMUI,CHAKAI,CHAKAI,Chakai,-,-,-,-,-,-,24.54972222,86.40333333,25-05-2011 00:00,8.31,390,"","",146,"",21,"","","","","",145,32,15.84,8,"","","","","","","","","","",""
701,Chakai,CGWB,10,Bihar,198,JAMUI,CHAKAI,CHAKAI,Chakai,-,-,-,-,-,-,24.54972222,86.40333333,25-05-2012 00:00,8.18,490,"",0,128,"",53,"","","","","",190,42,20.72,14,"","","","","","","","","","",""
702,Chakai,CGWB,10,Bihar,198,JAMUI,CHAKAI,CHAKAI,Chakai,-,-,-,-,-,-,24.54972222,86.40333333,25-05-2016 00:00,7.53,841,546.65,0,172.2,"",127.62,"",75.21,"",30.86,"",290,42,44.95,42.64,"","","","","","","","","","",""
703,Chakai,CGWB,10,Bihar,198,JAMUI,CHAKAI,CHAKAI,Chakai,-,-,-,-,-,-,24.54972222,86.40333333,30-05-2019 08:00,7.6,876,371.15,0,108,"",138,"","","","","",232,42,30.86608,72,"","","","","","","","","","",""
704,Chakai,CGWB,10,Bihar,198,JAMUI,CHAKAI,CHAKAI,Chakai,-,-,-,-,-,-,24.54972222,86.40333333,30-05-2020 08:00,7.6,876,"","",108,"",138,"","","","","","",42,30.86608,72,"","","","","","","","","","",""
705,Chakand,CGWB,10,Bihar,196,GAYA,GAYA TOWN,GAYA TOWN,Chakand,-,-,-,-,-,-,24.87916667,84.98750000,25-05-2002 00:00,7.88,410,"","","","","","","","","","","","","","","","","","","","","","","","",""
706,Chakand,CGWB,10,Bihar,196,GAYA,GAYA TOWN,GAYA TOWN,Chakand,-,-,-,-,-,-,24.88222222,84.99583333,25-05-2007 00:00,7.97,790,"",0,232,190.2,96,"","","","","",285,74,24.4,41,"","","","","","","","","","",""
707,Chakand,CGWB,10,Bihar,196,GAYA,GAYA TOWN,GAYA TOWN,Chakand,-,-,-,-,-,-,24.87916667,84.98750000,25-05-2013 00:00,8.22,668,"",0,207.4,"",49.6,"",48,"","","",240,44.1,31.6,41,"","","","","","","","","","",""
708,Chakand,CGWB,10,Bihar,196,GAYA,GAYA TOWN,GAYA TOWN,Chakand,-,-,-,-,-,-,24.87916667,84.98750000,25-05-2016 00:00,8.12,630,409.5,0,270.6,"",42.54,"",15,"",20,"",190,22,34,70,"","","","","","","","","","",""
709,Chakia,CGWB,10,Bihar,213,PURBA CHAMPARAN,CHAKIA (PIPRA),CHAKIA (PIPRA),Chakia,-,-,-,-,-,-,26.42166667,85.05916667,25-05-2002 00:00,8.1,856,"","","","","","","","","","","","","","","","","","","","","","","","",""
710,Chakia,CGWB,10,Bihar,213,PURBA CHAMPARAN,CHAKIA (PIPRA),CHAKIA (PIPRA),Chakia,-,-,-,-,-,-,26.42166667,85.05916667,25-05-2008 00:00,8.21,650,"",0,305,"",32,"","","","","",235,40,23,35,"","","","","","","","","","",""
711,Chakia,CGWB,10,Bihar,213,PURBA CHAMPARAN,CHAKIA (PIPRA),CHAKIA (PIPRA),Chakia,-,-,-,-,-,-,26.42166667,85.05916667,25-05-2009 00:00,"",470,"",12,207,"",28,"","","","","",200,8,44,29,"","","","","","","","","","",""
712,Chakia,CGWB,10,Bihar,213,PURBA CHAMPARAN,CHAKIA (PIPRA),CHAKIA (PIPRA),Chakia,-,-,-,-,-,-,26.42166667,85.05916667,25-05-2010 00:00,"",826,"",0,421,"",39,"","","","","",335,56,47,29,"","","","","","","","","","",""
713,Chakia1,CGWB,10,Bihar,213,PURBA CHAMPARAN,CHAKIA (PIPRA),CHAKIA (PIPRA),Chakia,-,-,-,-,-,-,26.42083333,85.05833333,25-05-2008 00:00,8.21,650,"",0,305,"",32,"","","","","",235,40,32.87,35,"","","","","","","","","","",""
714,Chakia1,CGWB,10,Bihar,213,PURBA CHAMPARAN,CHAKIA (PIPRA),CHAKIA (PIPRA),Chakia,-,-,-,-,-,-,26.42083333,85.05833333,25-05-2011 00:00,8.3,840,"","",372,"",11,"","","","","",295,38,48.67,55,"","","","","","","","","","",""
715,Chakia1,CGWB,10,Bihar,213,PURBA CHAMPARAN,CHAKIA (PIPRA),CHAKIA (PIPRA),Chakia,-,-,-,-,-,-,26.42083333,85.05833333,25-05-2012 00:00,8.63,520,"",6,183,"",64,"","","","","",150,8,31.62,50,"","","","","","","","","","",""
716,Chakia1,CGWB,10,Bihar,213,PURBA CHAMPARAN,CHAKIA (PIPRA),CHAKIA (PIPRA),Chakia,-,-,-,-,-,-,26.42083333,85.05833333,25-05-2016 00:00,7.29,742,"",0,354,"",39,"",24.8,"",4.9,"",250,56,26,44,"","","","","","","","","","",""
717,Chandan,CGWB,10,Bihar,190,BANKA,CHANAN,CHANAN,Chanan,-,-,-,-,-,-,24.63722222,86.68527778,25-05-2013 00:00,7.55,680,"",0,305,"",43,"",0,"","","",230,76,9.82,41,"","","","","","","","","","",""
718,Chandaur Purbi,CGWB,10,Bihar,216,SAHARSA,SOUR BAZAR,SOUR BAZAR,Chandaur Purbi,-,-,-,-,-,-,25.85416667,86.67277778,25-05-2013 00:00,8.5,896,"",18,262.3,"",113.4,"",20.3,"","","",255,8,57.1,74,"","","","","","","","","","",""
719,Chandaur Purbi,CGWB,10,Bihar,216,SAHARSA,SOUR BAZAR,SOUR BAZAR,Chandaur Purbi,-,-,-,-,-,-,25.85416667,86.67277778,25-05-2016 00:00,8.33,512,332.8,9,214,"",53.19,"",0,"",12.9,"",150,42,10.8,50,"","","","","","","","","","",""
720,Chandawa,CGWB,10,Bihar,193,BHOJPUR,UDWANT NAGAR,UDWANTNAGAR,Chandawa,-,-,-,-,-,-,25.56250000,84.60416667,25-05-2004 00:00,7.68,1350,"",0,682,"",142,"","","","","",372,51,59,184,"","","","","","","","","","",""
721,Chandawa,CGWB,10,Bihar,193,BHOJPUR,UDWANT NAGAR,UDWANTNAGAR,Chandawa,-,-,-,-,-,-,25.56250000,84.60416667,25-05-2005 00:00,7.76,600,"",0,293,"",18,"","","","","",225,54,21.95,29,"","","","","","","","","","",""
722,Chandawa,CGWB,10,Bihar,193,BHOJPUR,UDWANT NAGAR,UDWANTNAGAR,Chandawa,-,-,-,-,-,-,25.56250000,84.60416667,25-05-2008 00:00,8.3,1233,"","",506,"",82,"","","","","",320,24,63,195,"","","","","","","","","","",""
723,Chandawa,CGWB,10,Bihar,193,BHOJPUR,UDWANT NAGAR,UDWANTNAGAR,Chandawa,-,-,-,-,-,-,25.56250000,84.60416667,25-05-2009 00:00,"",314,"",0,183,"",21,"","","","","",125,20,18.26,48,"","","","","","","","","","",""
724,Chandawa,CGWB,10,Bihar,193,BHOJPUR,UDWANT NAGAR,UDWANTNAGAR,Chandawa,-,-,-,-,-,-,25.56250000,84.60416667,25-05-2010 00:00,"",423,"",0,195,"",32,"","","","","",150,22,23,26,"","","","","","","","","","",""
725,Chandawa,CGWB,10,Bihar,193,BHOJPUR,UDWANT NAGAR,UDWANTNAGAR,Chandawa,-,-,-,-,-,-,25.56250000,84.60416667,25-05-2011 00:00,7.5,570,"",0,195,"",32,"","","","","",150,22,23.12,26,"","","","","","","","","","",""
726,Chandawa,CGWB,10,Bihar,193,BHOJPUR,UDWANT NAGAR,UDWANTNAGAR,Chandawa,-,-,-,-,-,-,25.56250000,84.60416667,25-05-2012 00:00,7.55,310,"",0,180,"",28.36,"",32.76,"","","",128,11.22,24,"","","","","","","","","","","",""
727,Chandawa,CGWB,10,Bihar,193,BHOJPUR,UDWANT NAGAR,UDWANTNAGAR,Chandawa,-,-,-,-,-,-,25.56250000,84.60416667,25-05-2016 00:00,8.03,448,"",0,220,"",18,"",6,"",36.6,"",180,46,16,17,"","","","","","","","","","",""
728,Chandawa,CGWB,10,Bihar,193,BHOJPUR,UDWANT NAGAR,UDWANTNAGAR,Chandawa,-,-,-,-,-,-,25.56250000,84.60416667,30-05-2021 08:00,8.11,280,"",0,127,"",19,"",3,"","","",103,27,9,11,"","","","","","","","","","",""
729,Chand Chowra Chowk,CGWB,10,Bihar,196,GAYA,GAYA TOWN,GAYA TOWN,Sangat Gali,-,-,-,-,-,-,24.76888889,85.00083333,30-05-2021 08:00,7.92,330,"",0,128,"",25,"",29,"","","",125,14,22,14,"","","","","","","","","","",""
730,Chand in p.s.,CGWB,10,Bihar,200,KAIMUR,CHAND,CHAND,Chand in p.s.,-,-,-,-,-,-,25.11250000,83.40000000,25-05-2008 00:00,7.84,1614,"",0,481,"",231,"","","","","",390,62,57,202,"","","","","","","","","","",""
731,Chand in p.s.,CGWB,10,Bihar,200,KAIMUR,CHAND,CHAND,Chand in p.s.,-,-,-,-,-,-,25.11250000,83.40000000,25-05-2010 00:00,"",1305,"",0,336,"",234,"","","","","",145,46,7.3,220,"","","","","","","","","","",""
732,Chand in p.s.,CGWB,10,Bihar,200,KAIMUR,CHAND,CHAND,Chand in p.s.,-,-,-,-,-,-,25.11250000,83.40000000,25-05-2011 00:00,7.5,1305,"",0,336,"",234,"","","","","",145,46,7.35,220,"","","","","","","","","","",""
733,Chand in p.s.,CGWB,10,Bihar,200,KAIMUR,CHAND,CHAND,Chand in p.s.,-,-,-,-,-,-,25.11250000,83.40000000,25-05-2016 00:00,8.17,774,"",0,140,"",46,"",9,"",9.6,"",130,12,24,25,"","","","","","","","","","",""
734,Chandpur Kala,CGWB,10,Bihar,224,VAISHALI,GORAUL,GORAUL,Chandpur Kala,-,-,-,-,-,-,25.92500000,85.34111111,30-05-2021 08:00,7.7,1550,"",0,268,"",316,"",135,"","","",138,55,108,81,"","","","","","","","","","",""
735,Chandramanita,CGWB,10,Bihar,198,JAMUI,JHAJHA,JHAJHA,Chandramanita,-,-,-,-,-,-,24.71805556,86.53416667,25-05-2003 00:00,7.66,1310,"","","","","","","","","","","","","","","","","","","","","","","","",""
736,Chandramanita,CGWB,10,Bihar,198,JAMUI,JHAJHA,JHAJHA,Chandramanita,-,-,-,-,-,-,24.71805556,86.53416667,25-05-2008 00:00,8.35,380,"",6,98,"",43,"","","","","",115,32,8.5,28,"","","","","","","","","","",""
737,Chandramanita,CGWB,10,Bihar,198,JAMUI,JHAJHA,JHAJHA,Chandramanita,-,-,-,-,-,-,24.71805556,86.53416667,25-05-2016 00:00,7.1,593,385.45,0,209.1,"",56.72,"",54.94,"",19.32,"",150,24,21.87,65.67,"","","","","","","","","","",""
738,Chandwa,CGWB,10,Bihar,193,BHOJPUR,UDWANT NAGAR,UDWANTNAGAR,Chandwa,-,-,-,-,-,-,25.56250000,84.61666667,25-05-2007 00:00,8.51,440,"",18,134,139.8,28,"","","","","",130,22,18.26,35,"","","","","","","","","","",""
739,Chanpatia,CGWB,10,Bihar,211,PASHCHIM CHAMPARAN,CHANPATIA,CHANPATIA,Chanpatia,-,-,-,-,-,-,26.93194444,84.55361111,25-05-2001 00:00,7.42,1250,"",0,342,"",156,"","","","","",450,104,46,63,"","","","","","","","","","",""
740,Chanpatia,CGWB,10,Bihar,211,PASHCHIM CHAMPARAN,CHANPATIA,CHANPATIA,Chanpatia,-,-,-,-,-,-,26.95416667,84.52916667,25-05-2002 00:00,7.67,367,"","","","","","","","","","","","","","","","","","","","","","","","",""
741,Chanpatia,CGWB,10,Bihar,211,PASHCHIM CHAMPARAN,CHANPATIA,CHANPATIA,Chanpatia,-,-,-,-,-,-,26.93194444,84.55361111,25-05-2007 00:00,7.66,1170,"","",317,259.8,142,"",74,"","","",420,100,41,69,"","","","","","","","","","",""
742,Chanpatia,CGWB,10,Bihar,211,PASHCHIM CHAMPARAN,CHANPATIA,CHANPATIA,Chanpatia,-,-,-,-,-,-,26.95416667,84.52916667,25-05-2008 00:00,7.63,1060,"",0,366,"",135,"","","","","",385,40,69.34,55,"","","","","","","","","","",""
743,Chanpatia,CGWB,10,Bihar,211,PASHCHIM CHAMPARAN,CHANPATIA,CHANPATIA,Chanpatia,-,-,-,-,-,-,26.93194444,84.55361111,25-05-2008 00:00,7.63,1060,"",0,366,"",135,"","","","","",385,40,69,55,"","","","","","","","","","",""
744,Chanpatia,CGWB,10,Bihar,211,PASHCHIM CHAMPARAN,CHANPATIA,CHANPATIA,Chanpatia,-,-,-,-,-,-,26.95416667,84.52916667,25-05-2009 00:00,"",927,"",0,122,"",135,"","","","","",260,24,49,74,"","","","","","","","","","",""
745,Chanpatia,CGWB,10,Bihar,211,PASHCHIM CHAMPARAN,CHANPATIA,CHANPATIA,Chanpatia,-,-,-,-,-,-,26.93194444,84.55361111,25-05-2010 00:00,"",618,"",0,335,"",7.1,"","","","","",230,38,33,24,"","","","","","","","","","",""
746,Chanpatia,CGWB,10,Bihar,211,PASHCHIM CHAMPARAN,CHANPATIA,CHANPATIA,Chanpatia,-,-,-,-,-,-,26.95416667,84.52916667,25-05-2012 00:00,8.06,340,"",0,171,"",7,"","","","","",130,20,19,18,"","","","","","","","","","",""
747,Chanpatia,CGWB,10,Bihar,211,PASHCHIM CHAMPARAN,CHANPATIA,CHANPATIA,Chanpatia,-,-,-,-,-,-,26.95416667,84.52916667,25-05-2013 00:00,8.06,340,"",0,171,"",7,"",20,"","","",130,20,19.47,18,"","","","","","","","","","",""
748,Chanpatia,CGWB,10,Bihar,211,PASHCHIM CHAMPARAN,CHANPATIA,CHANPATIA,Chanpatia,-,-,-,-,-,-,26.95416667,84.52916667,30-05-2019 08:00,7.64,510,601.9,0,244.08,"",10.62,"","","","","",210,28,34.0256,14.3,"","","","","","","","","","",""
749,Chanpatia,CGWB,10,Bihar,211,PASHCHIM CHAMPARAN,CHANPATIA,CHANPATIA,Chanpatia,-,-,-,-,-,-,26.95416667,84.52916667,30-05-2020 08:00,7.64,510,"","",244.08,"",10.62,"","","","","","",28,34.0256,14.3,"","","","","","","","","","",""
750,Chanwabe,CGWB,10,Bihar,197,GOPALGANJ,BHOREY,BHOREY,Chanwabe,-,-,-,-,-,-,26.46666667,84.17222222,25-05-2001 00:00,7.42,900,"",0,464,"",21,"","","","","",270,44,39,71,"","","","","","","","","","",""
751,Chanwabe,CGWB,10,Bihar,197,GOPALGANJ,MANJHA,MANJHA,Chanwabe,-,-,-,-,-,-,26.40000000,84.39583333,25-05-2008 00:00,7.84,500,"",0,238,"",18,"","","","","",165,50,9.7,30,"","","","","","","","","","",""
752,Chanwabe,CGWB,10,Bihar,197,GOPALGANJ,MANJHA,MANJHA,Chanwabe,-,-,-,-,-,-,26.40000000,84.39583333,25-05-2010 00:00,"",1048,"",0,384,"",114,"","","","","",330,62,42,82,"","","","","","","","","","",""
753,Chanwabe,CGWB,10,Bihar,197,GOPALGANJ,MANJHA,MANJHA,Chanwabe,-,-,-,-,-,-,26.40000000,84.39583333,25-05-2012 00:00,7.65,641,"",0,246,"",60.23,"","","","","",145,14,27,71,"","","","","","","","","","",""
754,Chanwabe,CGWB,10,Bihar,197,GOPALGANJ,MANJHA,MANJHA,Chanwabe,-,-,-,-,-,-,26.40000000,84.39583333,25-05-2013 00:00,7.45,601,"",0,244,"",60,"",42,"","","",145,14,26.76,71,"","","","","","","","","","",""
755,Chanwabe,CGWB,10,Bihar,197,GOPALGANJ,BHOREY,BHOREY,Chanwabe,-,-,-,-,-,-,26.46666667,84.17222222,25-05-2016 00:00,7.65,926,601.9,0,289.05,"",120.53,"",60.19,"",9.83,"",250,40,36.45,88.13,"","","","","","","","","","",""
756,Chatia,CGWB,10,Bihar,213,PURBA CHAMPARAN,CHIRAIYA,CHIRAIYA,Chatia,-,-,-,-,-,-,26.70333333,85.07277778,30-05-2019 08:00,8,422,208,0,231.876,"",10.62,"","","","","",105,30,7.2912,40,"","","","","","","","","","",""
757,Chatia,CGWB,10,Bihar,213,PURBA CHAMPARAN,CHIRAIYA,CHIRAIYA,Chatia,-,-,-,-,-,-,26.70333333,85.07277778,30-05-2020 08:00,8,422,"","",231.876,"",10.62,"","","","","","",30,7.2912,40,"","","","","","","","","","",""
758,Chausa,CGWB,10,Bihar,194,BUXAR,BUXAR,BUXAR,Chausa,-,-,-,-,-,-,25.50000000,83.90833333,25-05-2004 00:00,7.59,1540,"",0,595,"",185,"","","","","",547,14,123,116,"","","","","","","","","","",""
759,Chausa,CGWB,10,Bihar,194,BUXAR,BUXAR,BUXAR,Chausa,-,-,-,-,-,-,25.50000000,83.90833333,25-05-2010 00:00,"",1939,"",0,866,"",117,"","","","","",300,32,54,223,"","","","","","","","","","",""
760,Chausa,CGWB,10,Bihar,194,BUXAR,BUXAR,BUXAR,Chausa,-,-,-,-,-,-,25.50000000,83.90833333,25-05-2011 00:00,7.5,1939,"",0,866,"",117,"","","","","",300,32,53.53,223,"","","","","","","","","","",""
761,Chausa,CGWB,10,Bihar,194,BUXAR,BUXAR,BUXAR,Chausa,-,-,-,-,-,-,25.50000000,83.90833333,25-05-2012 00:00,7.59,1710,"",0,700,"",187.17,"",123.56,"","","",300,28.85,54.72,"","","","","","","","","","","",""
762,Chausa,CGWB,10,Bihar,194,BUXAR,BUXAR,BUXAR,Chausa,-,-,-,-,-,-,25.50000000,83.90833333,25-05-2016 00:00,8.61,565,"",45,153,"",25,"",12,"",8.6,"",175,16,32,31,"","","","","","","","","","",""
763,Chausa,CGWB,10,Bihar,194,BUXAR,BUXAR,BUXAR,Chausa,-,-,-,-,-,-,25.50000000,83.90833333,30-05-2019 08:00,7.9,1197,282.75,0,372,"",109,"","","","","",401,41,72.54744,69,"","","","","","","","","","",""
764,Chausa,CGWB,10,Bihar,194,BUXAR,BUXAR,BUXAR,Chausa,-,-,-,-,-,-,25.50000000,83.90833333,30-05-2020 08:00,7.9,1197,"","",372,"",109,"","","","","","",41,72.54744,69,"","","","","","","","","","",""
765,Chausa1,CGWB,10,Bihar,205,MADHEPURA,CHAUSA,CHAUSA,Chausa,-,-,-,-,-,-,25.51305556,87.03333333,25-05-2008 00:00,8,242,"",0,153,"",43,"","","","","",100,24,9.7,13,"","","","","","","","","","",""
766,Chausa1,CGWB,10,Bihar,205,MADHEPURA,CHAUSA,CHAUSA,Chausa,-,-,-,-,-,-,25.51305556,87.03333333,25-05-2011 00:00,6.82,460,"",0,207,"",39,"","","","","",165,36,18.28,25,"","","","","","","","","","",""
767,Chausa1,CGWB,10,Bihar,205,MADHEPURA,CHAUSA,CHAUSA,Chausa,-,-,-,-,-,-,25.51305556,87.03333333,25-05-2016 00:00,7.74,582,378.3,0,256,"",28.368,"",28,"",0.9,"",205,54,16.8,26,"","","","","","","","","","",""
768,Chausia,CGWB,10,Bihar,218,SARAN,SONEPUR,SONEPUR,Chausia,-,-,-,-,-,-,25.70777778,85.13472222,25-05-2013 00:00,7.37,657,"",0,280.6,"",39,"",17.5,"","","",160,32,19.4,62,"","","","","","","","","","",""
769,Chausia,CGWB,10,Bihar,218,SARAN,SONEPUR,SONEPUR,Chausia,-,-,-,-,-,-,25.70777778,85.13472222,25-05-2016 00:00,7.46,730,474.5,0,375.15,"",35.45,"",7,"",11.2,"",265,48,35.23,51.3,"","","","","","","","","","",""
770,Chautham,CGWB,10,Bihar,202,KHAGARIA,CHAUTHAM,CHAUTHAM,Chautham,-,-,-,-,-,-,25.52194444,86.64000000,25-05-2000 00:00,8.69,1300,"",54,268,"",206,"","","","","",235,20,45,176,"","","","","","","","","","",""
771,Chautham,CGWB,10,Bihar,202,KHAGARIA,CHAUTHAM,CHAUTHAM,Chautham,-,-,-,-,-,-,25.54583333,86.67500000,25-05-2003 00:00,8.12,600,"","","","","","","","","","","","","","","","","","","","","","","","",""
772,Chautham,CGWB,10,Bihar,202,KHAGARIA,CHAUTHAM,CHAUTHAM,Chautham,-,-,-,-,-,-,25.54583333,86.67500000,25-05-2005 00:00,7.33,800,"",0,390,"",14,"","","","","",330,64,41.41,23,"","","","","","","","","","",""
773,Chautham,CGWB,10,Bihar,202,KHAGARIA,CHAUTHAM,CHAUTHAM,Chautham,-,-,-,-,-,-,25.54583333,86.67500000,25-05-2007 00:00,7.6,707,"","",408.7,335,21.3,"","","","","",320,92,21.99,21,"","","","","","","","","","",""
774,Chautham,CGWB,10,Bihar,202,KHAGARIA,CHAUTHAM,CHAUTHAM,Chautham,-,-,-,-,-,-,25.52194444,86.64000000,25-05-2008 00:00,7.9,481,"",0,268,"",25,"","","","","",230,50,26,21,"","","","","","","","","","",""
775,Chautham,CGWB,10,Bihar,202,KHAGARIA,CHAUTHAM,CHAUTHAM,Chautham,-,-,-,-,-,-,25.54583333,86.67500000,25-05-2009 00:00,"",460,"",18,140,"",21,"","","","","",175,32,23,16,"","","","","","","","","","",""
776,Chautham,CGWB,10,Bihar,202,KHAGARIA,CHAUTHAM,CHAUTHAM,Chautham,-,-,-,-,-,-,25.54583333,86.67500000,25-05-2011 00:00,7.8,670,"",0,210,"",14,"","","","","",230,42,30.44,44,"","","","","","","","","","",""
777,Chautham,CGWB,10,Bihar,202,KHAGARIA,CHAUTHAM,CHAUTHAM,Chautham,-,-,-,-,-,-,25.54583333,86.67500000,25-05-2013 00:00,7.9,407,"",0,213.5,"",14.2,"",19.5,"","","",195,10,41.3,12,"","","","","","","","","","",""
778,Chautham,CGWB,10,Bihar,202,KHAGARIA,CHAUTHAM,CHAUTHAM,Chautham,-,-,-,-,-,-,25.52194444,86.64000000,25-05-2016 00:00,8.03,1011,657.15,0,488,"",74.466,"",13.9,"",7.9,"",255,60,25.2,105,"","","","","","","","","","",""
779,Chautham,CGWB,10,Bihar,202,KHAGARIA,CHAUTHAM,CHAUTHAM,Chautham,-,-,-,-,-,-,25.54583333,86.67500000,30-05-2019 08:00,8.102,615.4,685.75,0,274.7196,"",163.07,"","","","","",225,34.0272,33.964077,79.72,"","","","","","","","","","",""
780,Chautham,CGWB,10,Bihar,202,KHAGARIA,CHAUTHAM,CHAUTHAM,Chautham,-,-,-,-,-,-,25.54583333,86.67500000,30-05-2020 08:00,8.102,615.4,"","",274.7196,"",163.07,"","","","","","",34.0272,33.964077,79.72,"","","","","","","","","","",""
781,Chenari hospita,CGWB,10,Bihar,215,ROHTAS,CHENARI,CHENARI,Chenari hospita,-,-,-,-,-,-,24.92083333,83.79166667,25-05-2002 00:00,8.75,824,"","","","","","","","","","","","","","","","","","","","","","","","",""
782,Chenari hospita,CGWB,10,Bihar,215,ROHTAS,CHENARI,CHENARI,Chenari hospita,-,-,-,-,-,-,24.92083333,83.79166667,25-05-2008 00:00,8.23,613,"",0,275,"",57,"","","","","",270,42,40.17,31,"","","","","","","","","","",""
783,Chenari hospita,CGWB,10,Bihar,215,ROHTAS,CHENARI,CHENARI,Chenari hospita,-,-,-,-,-,-,24.92083333,83.79166667,25-05-2010 00:00,"",647,"",0,305,"",53,"","","","","",280,62,30,19,"","","","","","","","","","",""
784,Chenari hospita,CGWB,10,Bihar,215,ROHTAS,CHENARI,CHENARI,Chenari hospita,-,-,-,-,-,-,24.92083333,83.79166667,25-05-2011 00:00,7.5,647,"",0,305,"",53,"","","","","",280,62,30.47,19,"","","","","","","","","","",""
785,Chenari hospita,CGWB,10,Bihar,215,ROHTAS,CHENARI,CHENARI,Chenari hospita,-,-,-,-,-,-,24.92083333,83.79166667,25-05-2012 00:00,7.42,730,"",0,200,"",102.09,"",33.98,"","","",336,14.42,72,"","","","","","","","","","","",""
786,Chenari hospita,CGWB,10,Bihar,215,ROHTAS,CHENARI,CHENARI,Chenari hospita,-,-,-,-,-,-,24.92083333,83.79166667,25-05-2013 00:00,8.07,628,"",0,317.2,"",42.5,"",1.1,"","","",175,32,23.14,64.4,"","","","","","","","","","",""
787,Chenari hospita,CGWB,10,Bihar,215,ROHTAS,CHENARI,CHENARI,Chenari hospita,-,-,-,-,-,-,24.92083333,83.79166667,25-05-2016 00:00,7.58,719,467.35,0,221.4,"",85.08,"",24.96,"",6.03,"",205,56,15.79,57.66,"","","","","","","","","","",""
788,Cheriabariarpur,CGWB,10,Bihar,191,BEGUSARAI,CHERIA BARIARPUR,CHERIA BARIARPUR,Cheriabariarpur,-,-,-,-,-,-,25.58750000,86.10833333,25-05-2003 00:00,7.75,490,"","","","","","","","","","","","","","","","","","","","","","","","",""
789,Cheriabariarpur,CGWB,10,Bihar,191,BEGUSARAI,CHERIA BARIARPUR,CHERIA BARIARPUR,Cheriabariarpur,-,-,-,-,-,-,25.58000000,86.09583333,25-05-2007 00:00,8,1008,"","",378.2,310,85.2,"","","","","",390,72,51,67,"","","","","","","","","","",""
790,Cheriabariarpur,CGWB,10,Bihar,191,BEGUSARAI,CHERIA BARIARPUR,CHERIA BARIARPUR,Cheriabariarpur,-,-,-,-,-,-,25.58000000,86.09583333,25-05-2008 00:00,8.04,355,"",0,226,"",11,"","","","","",175,44,16,18,"","","","","","","","","","",""
791,Cheriabariarpur,CGWB,10,Bihar,191,BEGUSARAI,CHERIA BARIARPUR,CHERIA BARIARPUR,Cheriabariarpur,-,-,-,-,-,-,25.58750000,86.10833333,25-05-2009 00:00,"",560,"",0,"","","","","","","","",220,48,24,21,"","","","","","","","","","",""
792,Cheriabariarpur,CGWB,10,Bihar,191,BEGUSARAI,CHERIA BARIARPUR,CHERIA BARIARPUR,Cheriabariarpur,-,-,-,-,-,-,25.58000000,86.09583333,25-05-2010 00:00,"",980,"",0,488,"",43,"","","","","",410,110,33,30,"","","","","","","","","","",""
793,Cheriabariarpur,CGWB,10,Bihar,191,BEGUSARAI,CHERIA BARIARPUR,CHERIA BARIARPUR,Cheriabariarpur,-,-,-,-,-,-,25.58750000,86.10833333,25-05-2011 00:00,7.61,725,"",0,402,"",18,"","","","","",250,40,36.52,48,"","","","","","","","","","",""
794,Cheriabariarpur,CGWB,10,Bihar,191,BEGUSARAI,CHERIA BARIARPUR,CHERIA BARIARPUR,Cheriabariarpur,-,-,-,-,-,-,25.58750000,86.10833333,25-05-2012 00:00,7.59,1000,"",0,506,"",60,"","","","","",460,38,89,19,"","","","","","","","","","",""
795,Cheriabariarpur,CGWB,10,Bihar,191,BEGUSARAI,CHERIA BARIARPUR,CHERIA BARIARPUR,Cheriabariarpur,-,-,-,-,-,-,25.58750000,86.10833333,25-05-2013 00:00,7.7,482,"",0,262.3,"",14.2,"",12,"","","",225,2,53.49,9.7,"","","","","","","","","","",""
796,Cheriabariarpur,CGWB,10,Bihar,191,BEGUSARAI,CHERIA BARIARPUR,CHERIA BARIARPUR,Cheriabariarpur,-,-,-,-,-,-,25.58750000,86.10833333,30-05-2019 08:00,7.12,569,519.35,0,158.652,"",28.32,"","","","","",240,24,43.7472,17,"","","","","","","","","","",""
797,Cheriabariarpur,CGWB,10,Bihar,191,BEGUSARAI,CHERIA BARIARPUR,CHERIA BARIARPUR,Cheriabariarpur,-,-,-,-,-,-,25.58750000,86.10833333,30-05-2020 08:00,7.12,569,"","",158.652,"",28.32,"","","","","","",24,43.7472,17,"","","","","","","","","","",""
798,Chhapra,CGWB,10,Bihar,218,SARAN,CHAPRA,CHAPRA,Chhapra,-,-,-,-,-,-,25.78333333,84.73250000,25-05-2001 00:00,7.32,2060,"",0,744,"",178,"","","","","",560,40,112,163,"","","","","","","","","","",""
799,Chhapra,CGWB,10,Bihar,218,SARAN,CHAPRA,CHAPRA,Chhapra,-,-,-,-,-,-,25.77916667,84.70833333,25-05-2002 00:00,8.74,1144,"","","","","","","","","","","","","","","","","","","","","","","","",""
800,Chhapra,CGWB,10,Bihar,218,SARAN,CHAPRA,CHAPRA,Chhapra,-,-,-,-,-,-,25.77916667,84.70833333,25-05-2008 00:00,7.96,1180,"",0,488,"",64,"","","","","",350,106,21,76,"","","","","","","","","","",""
801,Chhapra,CGWB,10,Bihar,218,SARAN,CHAPRA,CHAPRA,Chhapra,-,-,-,-,-,-,25.77916667,84.70833333,25-05-2009 00:00,"",1330,"",30,299,"",142,"","","","","",240,86,6,161,"","","","","","","","","","",""
802,Chhapra,CGWB,10,Bihar,218,SARAN,CHAPRA,CHAPRA,Chhapra,-,-,-,-,-,-,25.77916667,84.70833333,25-05-2010 00:00,"",1326,"",0,525,"",153,"","","","","",320,54,45,112,"","","","","","","","","","",""
803,Chhapra,CGWB,10,Bihar,218,SARAN,CHAPRA,CHAPRA,Chhapra,-,-,-,-,-,-,25.77916667,84.70833333,25-05-2011 00:00,8.11,1240,"",0,518.5,"",159.75,"","","","","",390,90,40.23,104,"","","","","","","","","","",""
804,Chhapra,CGWB,10,Bihar,218,SARAN,CHAPRA,CHAPRA,Chhapra,-,-,-,-,-,-,25.77916667,84.70833333,25-05-2012 00:00,7.35,1385,"",0,510.5,"",138.26,"","","","","",275,10,61,147,"","","","","","","","","","",""
805,Chhapra,CGWB,10,Bihar,218,SARAN,CHAPRA,CHAPRA,Chhapra,-,-,-,-,-,-,25.77916667,84.70833333,25-05-2013 00:00,7.53,1289,"",0,488,"",131.2,"",20,"","","",295,38,48.6,117,"","","","","","","","","","",""
806,Chhapwa,CGWB,10,Bihar,213,PURBA CHAMPARAN,SUGAULI,SUGAULI,Chhapwa,-,-,-,-,-,-,26.72805556,84.79500000,25-05-2008 00:00,7.8,800,"",0,366,"",53,"","","","","",275,62,29.25,41,"","","","","","","","","","",""
807,Chhapwa,CGWB,10,Bihar,213,PURBA CHAMPARAN,SUGAULI,SUGAULI,Chhapwa,-,-,-,-,-,-,26.72805556,84.79500000,25-05-2010 00:00,"",441,"",0,256,"","","","","","","",130,34,11,40,"","","","","","","","","","",""
808,Chimanpur,CGWB,10,Bihar,222,SIWAN,BASANTPUR,BASANTPUR,Chimanpur,-,-,-,-,-,-,26.21833333,84.67111111,25-05-2002 00:00,8.37,515,"","","","","","","","","","","","","","","","","","","","","","","","",""
809,Chimanpur,CGWB,10,Bihar,222,SIWAN,BASANTPUR,BASANTPUR,Chimanpur,-,-,-,-,-,-,26.21833333,84.67111111,25-05-2013 00:00,7.94,784,"",0,305,"",78,"",0,"","","",195,32,28,83,"","","","","","","","","","",""
810,Chiraiya,CGWB,10,Bihar,213,PURBA CHAMPARAN,CHIRAIYA,CHIRAIYA,Chiraiya,-,-,-,-,-,-,26.69750000,85.07194444,25-05-2013 00:00,8.63,520,"",6,183,"",64,"",8,"","","",150,8,31.62,50,"","","","","","","","","","",""
811,Chiraiya,CGWB,10,Bihar,213,PURBA CHAMPARAN,CHIRAIYA,CHIRAIYA,Chiraiya,-,-,-,-,-,-,26.69750000,85.07194444,25-05-2016 00:00,7.06,357,"",0,183,"",14,"",14.6,"",3.9,"",145,24,20,16,"","","","","","","","","","",""
812,Chirand,CGWB,10,Bihar,218,SARAN,CHAPRA,CHAPRA,Chirand,-,-,-,-,-,-,25.80500000,84.72000000,25-05-2013 00:00,7.93,1689,"",0,402.6,"",241.1,"",51.7,"","","",590,88,89.9,78,"","","","","","","","","","",""
813,Chirand,CGWB,10,Bihar,218,SARAN,CHAPRA,CHAPRA,Chirand,-,-,-,-,-,-,25.80500000,84.72000000,25-05-2016 00:00,7.38,586,380.9,0,333,"",35.45,"",0,"",10.35,"",240,30,40,49,"","","","","","","","","","",""
814,Chirand,CGWB,10,Bihar,218,SARAN,CHAPRA,CHAPRA,Chirand,-,-,-,-,-,-,25.80500000,84.72000000,30-05-2021 08:00,8.19,223.8,"",0,148.6,"",14.3,"",14.5,"","","",105,24.66,10.55,18.5,"","","","","","","","","","",""
815,Chitakhal,CGWB,10,Bihar,222,SIWAN,GUTHANI,GUTHANI,Chitakhal,-,-,-,-,-,-,26.21277778,84.04500000,25-05-2002 00:00,8.1,410,"","","","","","","","","","","","","","","","","","","","","","","","",""
816,Chitakhal,CGWB,10,Bihar,222,SIWAN,GUTHANI,GUTHANI,Chitakhal,-,-,-,-,-,-,26.18333333,84.06666667,25-05-2010 00:00,"",342,"",0,195,"",7.1,"","","","","",145,30,17,14,"","","","","","","","","","",""
817,Chitakhal,CGWB,10,Bihar,222,SIWAN,GUTHANI,GUTHANI,Chitakhal,-,-,-,-,-,-,26.21277778,84.04500000,25-05-2011 00:00,8.86,860,"",24,579.6,"",39.05,"","","","","",345,34,63.26,45,"","","","","","","","","","",""
818,Chitakhal,CGWB,10,Bihar,222,SIWAN,GUTHANI,GUTHANI,Chitakhal,-,-,-,-,-,-,26.21277778,84.04500000,25-05-2012 00:00,8.35,292,"",6,147.6,"",21.27,"","","","","",105,8,21,12,"","","","","","","","","","",""
819,Chitakhal,CGWB,10,Bihar,222,SIWAN,GUTHANI,GUTHANI,Chitakhal,-,-,-,-,-,-,26.21277778,84.04500000,25-05-2013 00:00,8.25,266,"",0,140,"",10.6,"",0,"","","",80,6,15.81,22,"","","","","","","","","","",""
820,Chitakhal,CGWB,10,Bihar,222,SIWAN,GUTHANI,GUTHANI,Chitakhal,-,-,-,-,-,-,26.18333333,84.06666667,25-05-2016 00:00,8.03,300,195,0,134,"",11,"","","",29,"",80,6,18,16,"","","","","","","","","","",""
821,Daldali Bazar A,CGWB,10,Bihar,218,SARAN,CHAPRA,CHAPRA,Daldali Bazar A,-,-,-,-,-,-,25.72777778,84.85416667,25-05-2005 00:00,7.55,400,"",0,140,"",21,"","","","","",130,26,15.84,25,"","","","","","","","","","",""
822,Daldali Bazar A,CGWB,10,Bihar,218,SARAN,CHAPRA,CHAPRA,Daldali Bazar A,-,-,-,-,-,-,25.72777778,84.85416667,25-05-2016 00:00,6.93,932,605.8,0,375.15,"",35.45,"",68.57,"",7.81,"",325,28,61,71.4,"","","","","","","","","","",""
823,Daldali Bazar A,CGWB,10,Bihar,218,SARAN,CHAPRA,CHAPRA,Daldali Bazar A,-,-,-,-,-,-,25.72777778,84.85416667,30-05-2019 08:00,7.14,623,421.2,0,213.57,"",74.34,"","","","","",255,42,36.456,17.22,"","","","","","","","","","",""
824,Daldali Bazar A,CGWB,10,Bihar,218,SARAN,CHAPRA,CHAPRA,Daldali Bazar A,-,-,-,-,-,-,25.72777778,84.85416667,30-05-2020 08:00,7.14,623,"","",213.57,"",74.34,"","","","","","",42,36.456,17.22,"","","","","","","","","","",""
825,Dalsinghsarai,CGWB,10,Bihar,217,SAMASTIPUR,DALSINGHSARAI,DALSINGHSARAI,Dalsinghsarai,-,-,-,-,-,-,25.67083333,85.78750000,25-05-2002 00:00,8.73,1184,"","","","","","","","","","","","","","","","","","","","","","","","",""
826,Dalsinghsarai,CGWB,10,Bihar,217,SAMASTIPUR,DALSINGHSARAI,DALSINGHSARAI,Dalsinghsarai,-,-,-,-,-,-,25.67083333,85.78750000,25-05-2004 00:00,7.49,775,"",0,349,"",110,"","","","","",254,43,35,88,"","","","","","","","","","",""
827,Dalsinghsarai,CGWB,10,Bihar,217,SAMASTIPUR,DALSINGHSARAI,DALSINGHSARAI,Dalsinghsarai,-,-,-,-,-,-,25.63972222,85.80000000,25-05-2006 00:00,8.78,700,"",30,171,"",75,"","","","","",180,14,35.27,74,"","","","","","","","","","",""
828,Dalsinghsarai,CGWB,10,Bihar,217,SAMASTIPUR,DALSINGHSARAI,DALSINGHSARAI,Dalsinghsarai,-,-,-,-,-,-,25.67083333,85.78750000,25-05-2009 00:00,"",823,"",0,244,"",92,"","","","","",285,24,54.73,68,"","","","","","","","","","",""
829,Dalsinghsarai,CGWB,10,Bihar,217,SAMASTIPUR,DALSINGHSARAI,DALSINGHSARAI,Dalsinghsarai,-,-,-,-,-,-,25.67083333,85.78750000,25-05-2011 00:00,8.31,770,"",6,307.5,"",63.81,"","","","","",270,28,48.66,52,"","","","","","","","","","",""
830,Dalsinghsarai,CGWB,10,Bihar,217,SAMASTIPUR,DALSINGHSARAI,DALSINGHSARAI,Dalsinghsarai,-,-,-,-,-,-,25.67083333,85.78750000,25-05-2012 00:00,8.35,774,"",6,307.5,"",63.8,"","","","","",270,28,48.66,50,"","","","","","","","","","",""
831,Dalsinghsarai,CGWB,10,Bihar,217,SAMASTIPUR,DALSINGHSARAI,DALSINGHSARAI,Dalsinghsarai,-,-,-,-,-,-,25.67083333,85.78750000,25-05-2013 00:00,8.2,601,"",0,329,"",21,"",16,"","","",180,12,36.48,66,"","","","","","","","","","",""
832,Dalsinghsarai,CGWB,10,Bihar,217,SAMASTIPUR,DALSINGHSARAI,DALSINGHSARAI,Dalsinghsarai,-,-,-,-,-,-,25.67083333,85.78750000,30-05-2019 08:00,8.2,570,433.55,0,244,"",35.5,"","","","","",240,62,21,21,"","","","","","","","","","",""
833,Dalsinghsarai,CGWB,10,Bihar,217,SAMASTIPUR,DALSINGHSARAI,DALSINGHSARAI,Dalsinghsarai,-,-,-,-,-,-,25.67083333,85.78750000,30-05-2020 08:00,8.2,570,"","",244,"",35.5,"","","","","","",62,21,21,"","","","","","","","","","",""
834,Damdaha,CGWB,10,Bihar,214,PURNIA,DHAMDAHA,DHAMDAHA,Damdaha,-,-,-,-,-,-,25.75000000,87.18333333,25-05-2000 00:00,8.57,644,"",30,165,"",89,"","","","","",200,68,7.3,56,"","","","","","","","","","",""
835,Damdaha,CGWB,10,Bihar,214,PURNIA,DHAMDAHA,DHAMDAHA,Damdaha,-,-,-,-,-,-,25.74583333,87.20833333,25-05-2008 00:00,8.3,277,"","",79,"",25,"","","","","",80,20,7.32,14,"","","","","","","","","","",""
836,Damdaha,CGWB,10,Bihar,214,PURNIA,DHAMDAHA,DHAMDAHA,Damdaha,-,-,-,-,-,-,25.74583333,87.20833333,25-05-2009 00:00,"",760,"",0,256,"",78,"","","","","",250,46,33,46,"","","","","","","","","","",""
837,Damdaha,CGWB,10,Bihar,214,PURNIA,DHAMDAHA,DHAMDAHA,Damdaha,-,-,-,-,-,-,25.74583333,87.20833333,25-05-2011 00:00,7.2,600,"",0,183,"",74.55,"","","","","",190,30,28,32,"","","","","","","","","","",""
838,Damdaha,CGWB,10,Bihar,214,PURNIA,DHAMDAHA,DHAMDAHA,Damdaha,-,-,-,-,-,-,25.74583333,87.20833333,25-05-2013 00:00,7.34,604,"",0,201.3,"",53.2,"",2.7,"","","",190,32,26.78,38.7,"","","","","","","","","","",""
839,Damdaha1,CGWB,10,Bihar,214,PURNIA,DHAMDAHA,DHAMDAHA,Damdaha,-,-,-,-,-,-,25.75027778,87.18333333,25-05-2001 00:00,8.87,320,"",24,67,"",32,"","","","","",120,32,9.7,14,"","","","","","","","","","",""
840,Dandia Asadpur,CGWB,10,Bihar,217,SAMASTIPUR,UJIARPUR,UJIARPUR,Dandia Asadpur,-,-,-,-,-,-,25.80472222,85.86805556,30-05-2019 08:00,8.1,667,217.75,0,207,"",70.9,"","","","","",190,52,15,67,"","","","","","","","","","",""
841,Dandia Asadpur,CGWB,10,Bihar,217,SAMASTIPUR,UJIARPUR,UJIARPUR,Dandia Asadpur,-,-,-,-,-,-,25.80472222,85.86805556,30-05-2020 08:00,8.1,667,"","",207,"",70.9,"","","","","","",52,15,67,"","","","","","","","","","",""
842,Dandia Asadpur,CGWB,10,Bihar,217,SAMASTIPUR,UJIARPUR,UJIARPUR,Dandia Asadpur,-,-,-,-,-,-,25.80472222,85.86805556,30-05-2021 08:00,7.91,260.7,"",0,110.3,"",35.5,"",2.1,"","","",92.3,28.78,4.97,18,"","","","","","","","","","",""
843,Danikutia,CGWB,10,Bihar,194,BUXAR,BUXAR,BUXAR,Danikutia,-,-,-,-,-,-,25.54666667,83.93194444,25-05-2016 00:00,8.49,743,"",24,342,"",14,"",21,"",4,"",300,50,42,25,"","","","","","","","","","",""
844,Danikutia,CGWB,10,Bihar,194,BUXAR,BUXAR,BUXAR,Danikutia,-,-,-,-,-,-,25.54666667,83.93194444,30-05-2019 08:00,8.1,435,361.4,0,131,"",48,"","","","","",188,32,26,11,"","","","","","","","","","",""
845,Danikutia,CGWB,10,Bihar,194,BUXAR,BUXAR,BUXAR,Danikutia,-,-,-,-,-,-,25.54666667,83.93194444,30-05-2020 08:00,8.1,435,"","",131,"",48,"","","","","","",32,26,11,"","","","","","","","","","",""
846,Danikutia,CGWB,10,Bihar,194,BUXAR,BUXAR,BUXAR,Danikutia,-,-,-,-,-,-,25.54666667,83.93194444,30-05-2021 08:00,8.05,1010,"",0,297,"",127,"",51,"","","",343,69,41,69,"","","","","","","","","","",""
847,Daniyawan,CGWB,10,Bihar,212,PATNA,FATWAH,FATWAH,Daniyawan,-,-,-,-,-,-,25.43305556,85.29305556,25-05-2008 00:00,8.15,492,"",0,165,"",14,"","","","","",90,18,11,28,"","","","","","","","","","",""
848,Daniyawan,CGWB,10,Bihar,212,PATNA,FATWAH,FATWAH,Daniyawan,-,-,-,-,-,-,25.43333333,85.31250000,25-05-2008 00:00,8.15,492,"",0,165,"",14,"","","","","",90,18,10.96,28,"","","","","","","","","","",""
849,Daniyawan,CGWB,10,Bihar,212,PATNA,FATWAH,FATWAH,Daniyawan,-,-,-,-,-,-,25.43305556,85.29305556,25-05-2010 00:00,"",374,"",0,220,"",3.6,"","","","","",150,38,13,18,"","","","","","","","","","",""
850,Daniyawan,CGWB,10,Bihar,212,PATNA,FATWAH,FATWAH,Daniyawan,-,-,-,-,-,-,25.43333333,85.31250000,25-05-2011 00:00,7.71,650,"",0,287,"",11,"","","","","",240,58,23.17,40,"","","","","","","","","","",""
851,Daniyawan,CGWB,10,Bihar,212,PATNA,FATWAH,FATWAH,Daniyawan,-,-,-,-,-,-,25.43333333,85.31250000,25-05-2012 00:00,8.21,460,"",0,250.141,"",17.73,"","","","","",160,32.064,19.48,27,"","","","","","","","","","",""
852,Daniyawan,CGWB,10,Bihar,212,PATNA,FATWAH,FATWAH,Daniyawan,-,-,-,-,-,-,25.43333333,85.31250000,25-05-2013 00:00,8.21,460,"",0,250.1,"",17.7,"",0,"","","",160,32.1,19.43,27,"","","","","","","","","","",""
853,Daniyawan,CGWB,10,Bihar,212,PATNA,FATWAH,FATWAH,Daniyawan,-,-,-,-,-,-,25.43305556,85.29305556,25-05-2016 00:00,8.37,303,196.95,6,110.7,"",14.18,"",17,"",27,"",100,28,7.29,19,"","","","","","","","","","",""
854,Daniyawan,CGWB,10,Bihar,212,PATNA,FATWAH,FATWAH,Daniyawan,-,-,-,-,-,-,25.43333333,85.31250000,30-05-2019 08:00,8.1,225,434.85,0,134,"",14.2,"","","","","",100,24,10,15,"","","","","","","","","","",""
855,Daniyawan,CGWB,10,Bihar,212,PATNA,FATWAH,FATWAH,Daniyawan,-,-,-,-,-,-,25.43333333,85.31250000,30-05-2020 08:00,8.1,225,"","",134,"",14.2,"","","","","","",24,10,15,"","","","","","","","","","",""
856,Daniyawan,CGWB,10,Bihar,212,PATNA,FATWAH,FATWAH,Daniyawan,-,-,-,-,-,-,25.43333333,85.31250000,30-05-2021 08:00,7.75,490,"",0,172,"",41,"",25,"","","",176,36,21,24,"","","","","","","","","","",""
857,Darauli,CGWB,10,Bihar,222,SIWAN,DARAULI,DARAULI,Darauli,-,-,-,-,-,-,26.07916667,84.13333333,25-05-2002 00:00,8.12,1746,"","","","","","","","","","","","","","","","","","","","","","","","",""
858,Darauli,CGWB,10,Bihar,222,SIWAN,DARAULI,DARAULI,Darauli,-,-,-,-,-,-,26.07916667,84.13750000,25-05-2007 00:00,8.28,320,"","",128,104.9,7.1,"","","","","",105,22,12,19,"","","","","","","","","","",""
859,Darauli,CGWB,10,Bihar,222,SIWAN,DARAULI,DARAULI,Darauli,-,-,-,-,-,-,26.07916667,84.13333333,25-05-2008 00:00,7.97,580,"",0,250,"",25,"","","","","",160,42,13,28,"","","","","","","","","","",""
860,Darauli,CGWB,10,Bihar,222,SIWAN,DARAULI,DARAULI,Darauli,-,-,-,-,-,-,26.07916667,84.13333333,25-05-2009 00:00,"",730,"",0,171,"",142,"","","","","",240,52,27,53,"","","","","","","","","","",""
861,Darauli,CGWB,10,Bihar,222,SIWAN,DARAULI,DARAULI,Darauli,-,-,-,-,-,-,26.07916667,84.13333333,25-05-2010 00:00,"",479,"",0,238,"",21,"","","","","",150,28,19,25,"","","","","","","","","","",""
862,Darauli,CGWB,10,Bihar,222,SIWAN,DARAULI,DARAULI,Darauli,-,-,-,-,-,-,26.07916667,84.13333333,25-05-2012 00:00,7.69,601,"",0,350.6,"",17.73,"","","","","",95,10,17,76,"","","","","","","","","","",""
863,Darauli,CGWB,10,Bihar,222,SIWAN,DARAULI,DARAULI,Darauli,-,-,-,-,-,-,26.07916667,84.13333333,25-05-2013 00:00,7.49,501,"",0,232,"",19.7,"",18,"","","",170,26,25.56,26,"","","","","","","","","","",""
864,Darauli,CGWB,10,Bihar,222,SIWAN,DARAULI,DARAULI,Darauli,-,-,-,-,-,-,26.07916667,84.13333333,25-05-2016 00:00,7.18,520,338,0,232,"",20,"",14,"",38,"",170,30,23.08,26,"","","","","","","","","","",""
865,Darauli,CGWB,10,Bihar,222,SIWAN,DARAULI,DARAULI,Darauli,-,-,-,-,-,-,26.07916667,84.13333333,30-05-2019 08:00,7.5,469,349.7,0,195.264,"",28.32,"","","","","",200,34,27.9496,11.91,"","","","","","","","","","",""
866,Darauli,CGWB,10,Bihar,222,SIWAN,DARAULI,DARAULI,Darauli,-,-,-,-,-,-,26.07916667,84.13333333,30-05-2020 08:00,7.5,469,"","",195.264,"",28.32,"","","","","","",34,27.9496,11.91,"","","","","","","","","","",""
867,Darbhanga,CGWB,10,Bihar,195,DARBHANGA,DARBHANGA,DARBHANGA,Darbhanga,-,-,-,-,-,-,26.15305556,85.92000000,25-05-2001 00:00,8.11,480,"",0,262,"",14,"","","","","",75,22,4.8,69,"","","","","","","","","","",""
868,Darbhanga,CGWB,10,Bihar,195,DARBHANGA,BAHADURPUR,BAHADURPUR,Darbhanga,-,-,-,-,-,-,26.16250000,85.89583333,25-05-2002 00:00,8.05,652,"","","","","","","","","","","","","","","","","","","","","","","","",""
869,Darbhanga,CGWB,10,Bihar,195,DARBHANGA,DARBHANGA,DARBHANGA,Darbhanga,-,-,-,-,-,-,26.15305556,85.92000000,25-05-2006 00:00,8.35,1100,"",18,390,"",110,"","","","","",235,74,12.25,126,"","","","","","","","","","",""
870,Darbhanga,CGWB,10,Bihar,195,DARBHANGA,DARBHANGA,DARBHANGA,Darbhanga,-,-,-,-,-,-,26.15305556,85.92000000,25-05-2007 00:00,8.39,720,"",18,122,130,57,"",29,"","","",270,44,39,36,"","","","","","","","","","",""
871,Darbhanga,CGWB,10,Bihar,195,DARBHANGA,DARBHANGA,DARBHANGA,Darbhanga,-,-,-,-,-,-,26.15305556,85.92000000,25-05-2008 00:00,8.54,520,"",30,201,"",7.1,"","","","","",95,24,8.5,71,"","","","","","","","","","",""
872,Darbhanga,CGWB,10,Bihar,195,DARBHANGA,BAHADURPUR,BAHADURPUR,Darbhanga,-,-,-,-,-,-,26.16250000,85.89583333,25-05-2009 00:00,"",921,"",0,427,"",71,"","","","","",260,50,32.88,"","","","","","","","","","","",""
873,Darbhanga,CGWB,10,Bihar,195,DARBHANGA,DARBHANGA,DARBHANGA,Darbhanga,-,-,-,-,-,-,26.15305556,85.92000000,25-05-2010 00:00,"",2620,"",0,525,"",355,"","","","","",520,44,100,350,"","","","","","","","","","",""
874,Darbhanga,CGWB,10,Bihar,195,DARBHANGA,BAHADURPUR,BAHADURPUR,Darbhanga,-,-,-,-,-,-,26.16250000,85.89583333,25-05-2013 00:00,7.9,430,"",0,280.6,"",7.1,"",4.8,"","","",90,24,7.32,72,"","","","","","","","","","",""
875,Darbhanga,CGWB,10,Bihar,195,DARBHANGA,BAHADURPUR,BAHADURPUR,Darbhanga,-,-,-,-,-,-,26.16250000,85.89583333,30-05-2019 08:00,8.23,417,333.45,0,221.55,"",9.01,"","","","","",81.12346,26,3.918,55.32,"","","","","","","","","","",""
876,Darbhanga,CGWB,10,Bihar,195,DARBHANGA,BAHADURPUR,BAHADURPUR,Darbhanga,-,-,-,-,-,-,26.16250000,85.89583333,30-05-2020 08:00,8.23,417,"","",221.55,"",9.01,"","","","","","",26,3.918,55.32,"","","","","","","","","","",""
877,Darbhanga,CGWB,10,Bihar,195,DARBHANGA,BAHADURPUR,BAHADURPUR,Darbhanga,-,-,-,-,-,-,26.16250000,85.89583333,30-05-2021 08:00,7.48,670,"",0,348,"",23,"",1,"","","",298,72,29,16,"","","","","","","","","","",""
878,Dargaha,CGWB,10,Bihar,214,PURNIA,BHAWANIPUR,BHAWANIPUR,Dargaha,-,-,-,-,-,-,25.60000000,87.15972222,25-05-2001 00:00,7.04,360,"",0,165,"",21,"","","","","",130,36,9.7,12,"","","","","","","","","","",""
879,Dargaha,CGWB,10,Bihar,214,PURNIA,BHAWANIPUR,BHAWANIPUR,Dargaha,-,-,-,-,-,-,25.60000000,87.15972222,25-05-2004 00:00,7.37,440,"",0,224,"",21,"","","","","",178,30,25,8,"","","","","","","","","","",""
880,Dargaha,CGWB,10,Bihar,214,PURNIA,BHAWANIPUR,BHAWANIPUR,Dargaha,-,-,-,-,-,-,25.60000000,87.15972222,25-05-2007 00:00,8.28,910,"","",232,190.2,163,"","","","","",235,50,27,95,"","","","","","","","","","",""
881,Dargaha,CGWB,10,Bihar,214,PURNIA,BHAWANIPUR,BHAWANIPUR,Dargaha,-,-,-,-,-,-,25.60000000,87.15972222,25-05-2009 00:00,"",600,"",24,226,"",25,"","","","","",185,48,15.86,46,"","","","","","","","","","",""
882,Dargaha,CGWB,10,Bihar,214,PURNIA,BHAWANIPUR,BHAWANIPUR,Dargaha,-,-,-,-,-,-,25.60000000,87.15972222,25-05-2011 00:00,7.45,326,"",0,146.4,"",28.4,"","","","","",115,26,12.19,20,"","","","","","","","","","",""
883,Dargaha,CGWB,10,Bihar,214,PURNIA,BHAWANIPUR,BHAWANIPUR,Dargaha,-,-,-,-,-,-,25.60000000,87.15972222,25-05-2012 00:00,7.58,160,"",0,340,"",39.7,"",53.04,"","","",264,38.47,40.85,"","","","","","","","","","","",""
884,Dargaha,CGWB,10,Bihar,214,PURNIA,BHAWANIPUR,BHAWANIPUR,Dargaha,-,-,-,-,-,-,25.60000000,87.15972222,25-05-2016 00:00,7.89,321,"",0,123.22,"",21.276,"",18.94,"",3.78,"",95,24,8.4,25.99,"","","","","","","","","","",""
885,Dariarpur,CGWB,10,Bihar,191,BEGUSARAI,MATIHANI,-,-,-,-,-,-,-,-,25.36472200,86.22750000,30-05-2019 08:00,8.297,604.4,491.53,12,207.56592,"",95.715,"","","","","",310,44.0352,48.52233,27.82,"","","","","","","","","","",""
886,Dariarpur,CGWB,10,Bihar,191,BEGUSARAI,MATIHANI,-,-,-,-,-,-,-,-,25.36472200,86.22750000,30-05-2020 08:00,8.297,604.4,"","",207.56592,"",95.715,"","","","","","",44.0352,48.52233,27.82,"","","","","","","","","","",""
887,Dariyapur,CGWB,10,Bihar,204,LAKHISARAI,BARAHIYA,BARAHIYA,Dariyapur,-,-,-,-,-,-,25.21250000,86.07027778,30-05-2019 08:00,7.8,754,860.6,0,142,"",121,"","","","","",270,15,57,35,"","","","","","","","","","",""
888,Dariyapur,CGWB,10,Bihar,204,LAKHISARAI,BARAHIYA,BARAHIYA,Dariyapur,-,-,-,-,-,-,25.21250000,86.07027778,30-05-2020 08:00,7.8,754,"","",142,"",121,"","","","","","",15,57,35,"","","","","","","","","","",""
889,Dastiya,CGWB,10,Bihar,221,SITAMARHI,SONBARSA,SONBARSA,Dastiya,-,-,-,-,-,-,26.78222222,85.56750000,30-05-2019 08:00,8.26,335,206.7,0,221.4,"",5.01,"","","","","",107.44033,30.4,7.64,35.25,"","","","","","","","","","",""
890,Dastiya,CGWB,10,Bihar,221,SITAMARHI,SONBARSA,SONBARSA,Dastiya,-,-,-,-,-,-,26.78222222,85.56750000,30-05-2020 08:00,8.26,335,"","",221.4,"",5.01,"","","","","","",30.4,7.64,35.25,"","","","","","","","","","",""
891,Daudnagar,CGWB,10,Bihar,189,AURANGABAD,DAUDNAGAR,DAUDNAGAR,Daudnagar,-,-,-,-,-,-,25.02500000,84.42500000,25-05-2004 00:00,7.38,740,"",0,270,"",135,"","","","","",259,53,31,53,"","","","","","","","","","",""
892,Daudnagar,CGWB,10,Bihar,189,AURANGABAD,DAUDNAGAR,DAUDNAGAR,Daudnagar,-,-,-,-,-,-,25.02500000,84.42500000,25-05-2005 00:00,8.06,670,"",0,274,"",50,"","","","","",225,64,15.88,42,"","","","","","","","","","",""
893,Daudnagar,CGWB,10,Bihar,189,AURANGABAD,DAUDNAGAR,DAUDNAGAR,Daudnagar,-,-,-,-,-,-,25.02500000,84.42500000,25-05-2010 00:00,"",999,"",0,293,"",99,"","","","","",345,48,55,63,"","","","","","","","","","",""
894,Daudnagar,CGWB,10,Bihar,189,AURANGABAD,DAUDNAGAR,DAUDNAGAR,Daudnagar,-,-,-,-,-,-,25.02500000,84.42500000,25-05-2011 00:00,7.5,999,"",0,293,"",99,"","","","","",345,48,54.76,63,"","","","","","","","","","",""
895,Daudnagar,CGWB,10,Bihar,189,AURANGABAD,DAUDNAGAR,DAUDNAGAR,Daudnagar,-,-,-,-,-,-,25.02500000,84.42500000,25-05-2013 00:00,7.49,1046,"",0,311.1,"",106.4,"",38.2,"","","",315,68,35.34,83,"","","","","","","","","","",""
896,Daudnagar,CGWB,10,Bihar,189,AURANGABAD,DAUDNAGAR,DAUDNAGAR,Daudnagar,-,-,-,-,-,-,25.02500000,84.42500000,25-05-2016 00:00,7.72,1305,848.25,0,461.25,"",102.8,"",54.1,"",6.57,"",335,40,57.1,113,"","","","","","","","","","",""
897,Daudnagar,CGWB,10,Bihar,189,AURANGABAD,DAUDNAGAR,DAUDNAGAR,Daudnagar,-,-,-,-,-,-,25.02500000,84.42500000,30-05-2019 08:00,8.05,1320,436.15,0,514,"",99.4,"","","","","",395,76,49.815,110,"","","","","","","","","","",""
898,Daudnagar,CGWB,10,Bihar,189,AURANGABAD,DAUDNAGAR,DAUDNAGAR,Daudnagar,-,-,-,-,-,-,25.02500000,84.42500000,30-05-2020 08:00,8.05,1320,"","",514,"",99.4,"","","","","","",76,49.815,110,"","","","","","","","","","",""
899,Daudnagar,CGWB,10,Bihar,189,AURANGABAD,DAUDNAGAR,DAUDNAGAR,Daudnagar,-,-,-,-,-,-,25.02500000,84.42500000,30-05-2021 08:00,8.13,650,"",0,293,"",100,"",55,"","","",301,53,40,81,"","","","","","","","","","",""
900,Daudpur,CGWB,10,Bihar,209,NALANDA,NOORSARAI,NOORSARAI,Daudpur,-,-,-,-,-,-,25.20944444,85.46472222,25-05-2013 00:00,7.38,1160,"",0,439,"",121,"",19,"","","",380,112,24.45,83,"","","","","","","","","","",""
901,Daudpur,CGWB,10,Bihar,209,NALANDA,NOORSARAI,NOORSARAI,Daudpur,-,-,-,-,-,-,25.20944444,85.46472222,25-05-2016 00:00,7.13,751,488.15,0,344.4,"",46.08,"",17,"",19,"",300,64,34.02,51.27,"","","","","","","","","","",""
902,Daudpur,CGWB,10,Bihar,209,NALANDA,NOORSARAI,NOORSARAI,Daudpur,-,-,-,-,-,-,25.20944444,85.46472222,30-05-2019 08:00,8,952,344.5,0,366,"",99.3,"","","","","",270,70,23,92,"","","","","","","","","","",""
903,Daudpur,CGWB,10,Bihar,209,NALANDA,NOORSARAI,NOORSARAI,Daudpur,-,-,-,-,-,-,25.20944444,85.46472222,30-05-2020 08:00,8,952,"","",366,"",99.3,"","","","","","",70,23,92,"","","","","","","","","","",""
904,Daudpur,CGWB,10,Bihar,209,NALANDA,NOORSARAI,NOORSARAI,Daudpur,-,-,-,-,-,-,25.20944444,85.46472222,30-05-2021 08:00,8.02,980,"",0,305,"",172,"",5,"","","",255,50,32,106,"","","","","","","","","","",""
905,Deo1,CGWB,10,Bihar,189,AURANGABAD,DEO,DEO,Deo,-,-,-,-,-,-,24.67500000,84.45416667,25-05-2002 00:00,8.79,841,"","","","","","","","","","","","","","","","","","","","","","","","",""
906,Deo1,CGWB,10,Bihar,189,AURANGABAD,DEO,DEO,Deo,-,-,-,-,-,-,24.67500000,84.45416667,25-05-2005 00:00,8.58,1260,"","",427,"",92,"","","","","",90,16,12.18,244,"","","","","","","","","","",""
907,Deo1,CGWB,10,Bihar,189,AURANGABAD,DEO,DEO,Deo,-,-,-,-,-,-,24.67500000,84.45416667,25-05-2009 00:00,"",1134,"",18,256,"",156,"","","","","",65,8,11,540,"","","","","","","","","","",""
908,Deo1,CGWB,10,Bihar,189,AURANGABAD,DEO,DEO,Deo,-,-,-,-,-,-,24.67500000,84.45416667,25-05-2011 00:00,7.5,294,"",0,140,"",7.1,"","","","","",95,36,1.26,9,"","","","","","","","","","",""
909,Deo1,CGWB,10,Bihar,189,AURANGABAD,DEO,DEO,Deo,-,-,-,-,-,-,24.67500000,84.45416667,25-05-2012 00:00,7.61,880,"",0,400,"",79.4,"",25.24,"","","",236,8.01,51.84,"","","","","","","","","","","",""
910,Deo1,CGWB,10,Bihar,189,AURANGABAD,DEO,DEO,Deo,-,-,-,-,-,-,24.67500000,84.45416667,25-05-2013 00:00,7.81,389,"",0,122,"",10.6,"",25.2,"","","",120,24,14.62,29,"","","","","","","","","","",""
911,Deo1,CGWB,10,Bihar,189,AURANGABAD,DEO,DEO,Deo,-,-,-,-,-,-,24.67500000,84.45416667,25-05-2016 00:00,8.06,867,563.55,0,436.65,"",35.45,"",12,"",4.44,"",155,16,27.9,109.89,"","","","","","","","","","",""
912,Deo1,CGWB,10,Bihar,189,AURANGABAD,DEO,DEO,Deo,-,-,-,-,-,-,24.67500000,84.45416667,30-05-2021 08:00,8.26,1002,651.3,24,237.9,"",124.9965,"",14,0.12,"","",300,68,31.616,89,"","","","","","","","","","",""
913,Deohara/goh,CGWB,10,Bihar,189,AURANGABAD,GOH,GOH,Deohara/goh,-,-,-,-,-,-,25.00222222,84.57611111,25-05-2002 00:00,8.6,420,"","","","","","","","","","","","","","","","","","","","","","","","",""
914,Deohara/goh,CGWB,10,Bihar,189,AURANGABAD,GOH,GOH,Deohara/goh,-,-,-,-,-,-,25.00222222,84.57611111,25-05-2010 00:00,"",591,"",0,287,"",35,"","","","","",200,48,19,42,"","","","","","","","","","",""
915,Deohara/goh,CGWB,10,Bihar,189,AURANGABAD,GOH,GOH,Deohara/goh,-,-,-,-,-,-,25.00222222,84.57611111,25-05-2011 00:00,7.5,591,"",0,287,"",35,"","","","","",200,48,19.51,42,"","","","","","","","","","",""
916,Deohara/goh,CGWB,10,Bihar,189,AURANGABAD,GOH,GOH,Deohara/goh,-,-,-,-,-,-,25.00222222,84.57611111,25-05-2013 00:00,7.27,473,"",0,170.8,"",31.9,"",36.8,"","","",185,48,15.86,22,"","","","","","","","","","",""
917,Deohara/goh,CGWB,10,Bihar,189,AURANGABAD,GOH,GOH,Deohara/goh,-,-,-,-,-,-,25.00222222,84.57611111,25-05-2016 00:00,8,954,620.1,0,405.9,"",67.35,"",42.83,"",3.79,"",315,60,40.09,78.99,"","","","","","","","","","",""
918,Deokali,CGWB,10,Bihar,212,PATNA,PUNPUN,PUNPUN,Deokali,-,-,-,-,-,-,25.45027778,85.08750000,25-05-2001 00:00,8.92,520,"",24,183,"",28,"","","","","",135,20,21,53,"","","","","","","","","","",""
919,Deokali,CGWB,10,Bihar,212,PATNA,PUNPUN,PUNPUN,Deokali,-,-,-,-,-,-,25.45027778,85.08777778,25-05-2005 00:00,7.37,910,"",0,458,"",39,"","","","","",260,36,41.38,80,"","","","","","","","","","",""
920,Deokali,CGWB,10,Bihar,212,PATNA,PUNPUN,PUNPUN,Deokali,-,-,-,-,-,-,25.45027778,85.08750000,25-05-2007 00:00,8.01,650,"","",305,250,39,"","","","","",165,28,23,70,"","","","","","","","","","",""
921,Deokali,CGWB,10,Bihar,212,PATNA,PUNPUN,PUNPUN,Deokali,-,-,-,-,-,-,25.45027778,85.08777778,25-05-2008 00:00,7.7,901,"",0,305,"",57,"","","","","",140,8,29.19,86,"","","","","","","","","","",""
922,Deokali,CGWB,10,Bihar,212,PATNA,PUNPUN,PUNPUN,Deokali,-,-,-,-,-,-,25.45027778,85.08750000,25-05-2008 00:00,7.7,901,"",0,305,"",57,"","","","","",140,8,29,86,"","","","","","","","","","",""
923,Deokali,CGWB,10,Bihar,212,PATNA,PUNPUN,PUNPUN,Deokali,-,-,-,-,-,-,25.45027778,85.08777778,25-05-2009 00:00,"",900,"",0,409,"",50,"","","","","",260,38,40.16,81,"","","","","","","","","","",""
924,Deokali,CGWB,10,Bihar,212,PATNA,PUNPUN,PUNPUN,Deokali,-,-,-,-,-,-,25.45027778,85.08750000,25-05-2010 00:00,"",375,"",0,213,"",7.1,"","","","","",130,34,12,25,"","","","","","","","","","",""
925,Deokali,CGWB,10,Bihar,212,PATNA,PUNPUN,PUNPUN,Deokali,-,-,-,-,-,-,25.45027778,85.08777778,25-05-2012 00:00,8.41,376,"",24,134.222,"",21.276,"","","","","",120,16.032,19.47,31,"","","","","","","","","","",""
926,Deokali,CGWB,10,Bihar,212,PATNA,PUNPUN,PUNPUN,Deokali,-,-,-,-,-,-,25.45027778,85.08750000,25-05-2016 00:00,8.04,529,343.85,0,295.2,"",17.72,"",10.94,"",6.4,"",210,48,21.87,20.62,"","","","","","","","","","",""
927,Deokali,CGWB,10,Bihar,212,PATNA,PUNPUN,PUNPUN,Deokali,-,-,-,-,-,-,25.45027778,85.08777778,25-05-2016 00:00,8.04,529,343.85,0,295.2,"",17.72,"",10.94,"",6.4,"",210,48,21.87,20.62,"","","","","","","","","","",""
928,Deokali,CGWB,10,Bihar,212,PATNA,PUNPUN,PUNPUN,Deokali,-,-,-,-,-,-,25.45027778,85.08777778,30-05-2021 08:00,8.16,390,"",0,169,"",29,"",2,"","","",152,47,8,17,"","","","","","","","","","",""
929,Deokoli Dham EW,CGWB,10,Bihar,195,DARBHANGA,BIRAUL,BIRAUL,Deokoli Dham,-,-,-,-,-,-,25.91361111,86.12916667,25-05-2013 00:00,8.2,560,"",0,349,"",14,"",0,"","","",110,36,4.91,88,"","","","","","","","","","",""
930,Deonara,CGWB,10,Bihar,189,AURANGABAD,GOH,GOH,Deonara,-,-,-,-,-,-,25.00000000,84.58000000,25-05-2005 00:00,8.44,580,"","",171,"",21,"","","","","",160,22,25.56,55,"","","","","","","","","","",""
931,Dewaria,CGWB,10,Bihar,208,MUZAFFARPUR,PAROO,PAROO,Dewaria,-,-,-,-,-,-,26.16361111,84.99638889,30-05-2019 08:00,8.1,579,666.9,0,232,"",53.2,"","","","","",225,40,30,28,"","","","","","","","","","",""
932,Dewaria,CGWB,10,Bihar,208,MUZAFFARPUR,PAROO,PAROO,Dewaria,-,-,-,-,-,-,26.16361111,84.99638889,30-05-2020 08:00,8.1,579,"","",232,"",53.2,"","","","","","",40,30,28,"","","","","","","","","","",""
933,Dewaria,CGWB,10,Bihar,208,MUZAFFARPUR,PAROO,PAROO,Dewaria,-,-,-,-,-,-,26.16361111,84.99638889,30-05-2021 08:00,7.89,570,"",0,289,"",33,"",11,"","","",225,68,13,20,"","","","","","","","","","",""
934,Dhaka,CGWB,10,Bihar,213,PURBA CHAMPARAN,DHAKA,DHAKA,Dhaka,-,-,-,-,-,-,26.68777778,85.17027778,25-05-2007 00:00,8.08,530,"","",238,195.1,36,"",2.9,"","","",210,52,19,22,"","","","","","","","","","",""
935,Dhakjari,CGWB,10,Bihar,206,MADHUBANI,BENIPATTI,BENIPATTI,Dhakjari,-,-,-,-,-,-,26.44250000,85.94916667,25-05-2013 00:00,7.5,1816,"",0,707.7,"",234,"",14.4,"","","",490,80.2,70.48,181.8,"","","","","","","","","","",""
936,Dhakjari,CGWB,10,Bihar,206,MADHUBANI,BENIPATTI,BENIPATTI,Dhakjari,-,-,-,-,-,-,26.44250000,85.94916667,30-05-2019 08:00,7.96,1463,217.1,0,202.95,"",304,"","","","","",200,34,27.945,190.41,"","","","","","","","","","",""
937,Dhakjari,CGWB,10,Bihar,206,MADHUBANI,BENIPATTI,BENIPATTI,Dhakjari,-,-,-,-,-,-,26.44250000,85.94916667,30-05-2020 08:00,7.96,1463,"","",202.95,"",304,"","","","","","",34,27.945,190.41,"","","","","","","","","","",""
938,Dhamdaha,CGWB,10,Bihar,214,PURNIA,DHAMDAHA,DHAMDAHA,Dhamdaha,-,-,-,-,-,-,25.74611111,87.20861111,25-05-2004 00:00,8.07,460,"",0,168,"",53,"","","","","",150,40,12,42,"","","","","","","","","","",""
939,Dhamdaha,CGWB,10,Bihar,214,PURNIA,DHAMDAHA,DHAMDAHA,Dhamdaha,-,-,-,-,-,-,25.74611111,87.20861111,25-05-2005 00:00,7.94,540,"",0,177,"",50,"","","","","",165,38,17.07,33,"","","","","","","","","","",""
940,Dhamdaha,CGWB,10,Bihar,214,PURNIA,DHAMDAHA,DHAMDAHA,Dhamdaha,-,-,-,-,-,-,25.74611111,87.20861111,25-05-2007 00:00,8.08,520,"","",195,159.8,32,"","","","","",135,44,6,41,"","","","","","","","","","",""
941,Dhamdaha,CGWB,10,Bihar,214,PURNIA,DHAMDAHA,DHAMDAHA,Dhamdaha,-,-,-,-,-,-,25.74611111,87.20861111,25-05-2012 00:00,7.31,350,"",0,160,"",42.54,"",30.22,"","","",128,28.85,13.62,"","","","","","","","","","","",""
942,Dhamdaha,CGWB,10,Bihar,214,PURNIA,DHAMDAHA,DHAMDAHA,Dhamdaha,-,-,-,-,-,-,25.74611111,87.20861111,25-05-2016 00:00,7.91,337,"",0,115.9,"",31.914,"",20.72,"",30.15,"",90,24,7.2,28.58,"","","","","","","","","","",""
943,Dhamdaha,CGWB,10,Bihar,214,PURNIA,DHAMDAHA,DHAMDAHA,Dhamdaha,-,-,-,-,-,-,25.74611111,87.20861111,30-05-2019 08:00,8.09,455,341.25,0,201,"",24.85,"","","","","",165,30,21.87,16.89,"","","","","","","","","","",""
944,Dhamdaha,CGWB,10,Bihar,214,PURNIA,DHAMDAHA,DHAMDAHA,Dhamdaha,-,-,-,-,-,-,25.74611111,87.20861111,30-05-2020 08:00,8.09,455,"","",201,"",24.85,"","","","","","",30,21.87,16.89,"","","","","","","","","","",""
945,Dhanibar,CGWB,10,Bihar,189,AURANGABAD,NABINAGAR,NABINAGAR,Dhanibar,-,-,-,-,-,-,24.62083333,84.10833333,25-05-2005 00:00,8.24,430,"",0,159,"",18,"","","","","",145,30,17.06,28,"","","","","","","","","","",""
946,Dhanibar,CGWB,10,Bihar,189,AURANGABAD,NABINAGAR,NABINAGAR,Dhanibar,-,-,-,-,-,-,24.62083333,84.10833333,25-05-2012 00:00,7.43,660,"",0,160,"",28.36,"",40.17,"","","",124,36.87,7.68,"","","","","","","","","","","",""
947,Dhanibar,CGWB,10,Bihar,189,AURANGABAD,NABINAGAR,NABINAGAR,Dhanibar,-,-,-,-,-,-,24.62083333,84.10833333,25-05-2013 00:00,7.49,596,"",0,189.1,"",28.4,"",40.2,"","","",190,32,26.78,41.7,"","","","","","","","","","",""
948,Dhanibar,CGWB,10,Bihar,189,AURANGABAD,NABINAGAR,NABINAGAR,Dhanibar,-,-,-,-,-,-,24.62083333,84.10833333,25-05-2016 00:00,7.48,764,496.6,0,258.3,"",88.62,"",10.66,"",5.98,"",320,48,48.6,37.12,"","","","","","","","","","",""
949,Dharampur,CGWB,10,Bihar,213,PURBA CHAMPARAN,KALYANPUR,KALYANPUR,Dharampur,-,-,-,-,-,-,26.39166667,84.95416667,25-05-2002 00:00,8.54,323,"","","","","","","","","","","","","","","","","","","","","","","","",""
950,Dharampur,CGWB,10,Bihar,213,PURBA CHAMPARAN,KALYANPUR,KALYANPUR,Dharampur,-,-,-,-,-,-,26.39166667,84.95416667,25-05-2008 00:00,7.28,550,"",0,262,"",14,"","","","","",210,44,24.37,21,"","","","","","","","","","",""
951,Dharampur,CGWB,10,Bihar,213,PURBA CHAMPARAN,KALYANPUR,KALYANPUR,Dharampur,-,-,-,-,-,-,26.39166667,84.95416667,25-05-2010 00:00,"",570,"",0,311,"",11,"","","","","",250,42,38,12,"","","","","","","","","","",""
952,Dharampur,CGWB,10,Bihar,213,PURBA CHAMPARAN,KALYANPUR,KALYANPUR,Dharampur,-,-,-,-,-,-,26.39166667,84.95416667,25-05-2011 00:00,7.55,625,"",0,342,"",18,"","","","","",270,38,42.59,18,"","","","","","","","","","",""
953,Dharampur,CGWB,10,Bihar,213,PURBA CHAMPARAN,KALYANPUR,KALYANPUR,Dharampur,-,-,-,-,-,-,26.39166667,84.95416667,25-05-2013 00:00,8.54,450,"",6,220,"",21,"",8,"","","",210,20,38.93,8,"","","","","","","","","","",""
954,Dharampur,CGWB,10,Bihar,213,PURBA CHAMPARAN,KALYANPUR,KALYANPUR,Dharampur,-,-,-,-,-,-,26.39166667,84.95416667,25-05-2016 00:00,7.43,568,"",0,244,"",32,"",19.9,"",1,"",145,30,17,48,"","","","","","","","","","",""
955,Dharampur(ujan),CGWB,10,Bihar,195,DARBHANGA,MANIGACHHI,MANIGACHHI,Dharampur(ujan),-,-,-,-,-,-,26.20833333,86.23333333,25-05-2008 00:00,8.38,800,"",48,336,"",11,"","","","","",165,44,13,100,"","","","","","","","","","",""
956,Dheng,CGWB,10,Bihar,221,SITAMARHI,BAIRGANIA,BAIRGANIA,Dheng,-,-,-,-,-,-,26.72916667,85.37083333,25-05-2009 00:00,"",314,"",0,177,"",7.1,"","","","","",120,24,14.62,28,"","","","","","","","","","",""
957,Dheng,CGWB,10,Bihar,221,SITAMARHI,BAIRGANIA,BAIRGANIA,Dheng,-,-,-,-,-,-,26.72916667,85.37083333,25-05-2011 00:00,8.28,370,"",0,215.12,"",7.09,"","","","","",165,28,23.13,12,"","","","","","","","","","",""
958,Dheng,CGWB,10,Bihar,221,SITAMARHI,BAIRGANIA,BAIRGANIA,Dheng,-,-,-,-,-,-,26.72916667,85.37083333,25-05-2012 00:00,8.27,370,"",0,215.5,"",7.1,"","","","","",165,28,23.13,11,"","","","","","","","","","",""
959,Dheng,CGWB,10,Bihar,221,SITAMARHI,BAIRGANIA,BAIRGANIA,Dheng,-,-,-,-,-,-,26.72916667,85.37083333,25-05-2013 00:00,8.2,360,"",0,195.2,"",14.2,"",4.8,"","","",120,20,17.04,32,"","","","","","","","","","",""
960,Dhobi Tola_Goh,CGWB,10,Bihar,189,AURANGABAD,GOH,GOH,Dhobi Tola,-,-,-,-,-,-,24.98388889,84.64722222,30-05-2021 08:00,7.91,420,"",0,205,"",35,"",2,"","","",156,28,21,22.3,"","","","","","","","","","",""
961,Dholi,CGWB,10,Bihar,208,MUZAFFARPUR,SAKRA,SAKRA,Dholi,-,-,-,-,-,-,25.92500000,85.59166667,25-05-2002 00:00,7.98,772,"","","","","","","","","","","","","","","","","","","","","","","","",""
962,Dholi,CGWB,10,Bihar,208,MUZAFFARPUR,SAKRA,SAKRA,Dholi,-,-,-,-,-,-,25.92500000,85.59166667,25-05-2008 00:00,7.73,1050,"",0,512,"",21,"","","","","",410,76,54,39,"","","","","","","","","","",""
963,Dholi,CGWB,10,Bihar,208,MUZAFFARPUR,SAKRA,SAKRA,Dholi,-,-,-,-,-,-,25.92500000,85.59166667,25-05-2011 00:00,7.7,1150,"",0,549,"",71,"","","","","",425,86,51.16,65,"","","","","","","","","","",""
964,Dholi,CGWB,10,Bihar,208,MUZAFFARPUR,SAKRA,SAKRA,Dholi,-,-,-,-,-,-,25.92500000,85.59166667,25-05-2016 00:00,7.26,458,"",0,183,"",32,"",7.5,"",13.6,"",120,38,6,33,"","","","","","","","","","",""
965,Dhusaria,CGWB,10,Bihar,193,BHOJPUR,BARHARA,BARHARA,Dhusaria,-,-,-,-,-,-,25.67138889,84.77361111,30-05-2019 08:00,7.9,962,711.1,0,292,"",89,"","","","","",421,67,29,64,"","","","","","","","","","",""
966,Dhusaria,CGWB,10,Bihar,193,BHOJPUR,BARHARA,BARHARA,Dhusaria,-,-,-,-,-,-,25.67138889,84.77361111,30-05-2020 08:00,7.9,962,"","",292,"",89,"","","","","","",67,29,64,"","","","","","","","","","",""
967,Dhusaria,CGWB,10,Bihar,193,BHOJPUR,BARHARA,BARHARA,Dhusaria,-,-,-,-,-,-,25.67138889,84.77361111,30-05-2021 08:00,7.57,2360,"",0,435,"",526,"",67,"","","",352,66,45,380.15,"","","","","","","","","","",""
968,Dighwadigauli,CGWB,10,Bihar,197,GOPALGANJ,BAIKUNTHPUR,BAIKUNTHPUR,Dighwadigauli,-,-,-,-,-,-,26.26250000,84.75416667,25-05-2002 00:00,8.17,306,"","","","","","","","","","","","","","","","","","","","","","","","",""
969,Digra,CGWB,10,Bihar,208,MUZAFFARPUR,MUSAHRI,MUSAHRI,Digra,-,-,-,-,-,-,26.07500000,85.42638889,25-05-2006 00:00,7.75,810,"","",317,"",75,"","","","","",300,54,40.18,41,"","","","","","","","","","",""
970,Digra,CGWB,10,Bihar,208,MUZAFFARPUR,MUSAHRI,MUSAHRI,Digra,-,-,-,-,-,-,26.07500000,85.42638889,25-05-2007 00:00,8.04,990,"","",317,259.8,99,"",44,"","","",320,64,39,69,"","","","","","","","","","",""
971,Digra,CGWB,10,Bihar,208,MUZAFFARPUR,MUSAHRI,MUSAHRI,Digra,-,-,-,-,-,-,26.07500000,85.42638889,25-05-2008 00:00,7.78,1200,"",0,421,"",131,"","","","","",350,60,49,104,"","","","","","","","","","",""
972,Digra,CGWB,10,Bihar,208,MUZAFFARPUR,MUSAHRI,MUSAHRI,Digra,-,-,-,-,-,-,26.07500000,85.42638889,25-05-2012 00:00,8.3,550,"","",311,"",11,"","","","","",220,64,14.67,29,"","","","","","","","","","",""
973,Digra,CGWB,10,Bihar,208,MUZAFFARPUR,MUSAHRI,MUSAHRI,Digra,-,-,-,-,-,-,26.07500000,85.42638889,25-05-2013 00:00,8.3,550,"","",311,"",11,"",12,"","","",220,64,14.67,29,"","","","","","","","","","",""
974,Digra,CGWB,10,Bihar,208,MUZAFFARPUR,MUSAHRI,MUSAHRI,Digra,-,-,-,-,-,-,26.07500000,85.42638889,25-05-2016 00:00,7.37,524,"",0,220,"",39,"",22.5,"",0,"",235,40,32,12,"","","","","","","","","","",""
975,Digra,CGWB,10,Bihar,208,MUZAFFARPUR,MUSAHRI,MUSAHRI,Digra,-,-,-,-,-,-,26.07500000,85.42638889,30-05-2019 08:00,8,1026,812.5,0,317,"",177.3,"","","","","",350,100,24,81,"","","","","","","","","","",""
976,Digra,CGWB,10,Bihar,208,MUZAFFARPUR,MUSAHRI,MUSAHRI,Digra,-,-,-,-,-,-,26.07500000,85.42638889,30-05-2020 08:00,8,1026,"","",317,"",177.3,"","","","","","",100,24,81,"","","","","","","","","","",""
977,Dinara,CGWB,10,Bihar,215,ROHTAS,DINARA,DINARA,Dinara,-,-,-,-,-,-,25.25833333,84.05833333,25-05-2009 00:00,"",1062,"",0,104,"",245,"","","","","",305,54,41.4,195,"","","","","","","","","","",""
978,Dinara,CGWB,10,Bihar,215,ROHTAS,DINARA,DINARA,Dinara,-,-,-,-,-,-,25.25833333,84.05833333,25-05-2010 00:00,"",2000,"",0,275,"",337,"","","","","",786,12,147,80,"","","","","","","","","","",""
979,Dinara,CGWB,10,Bihar,215,ROHTAS,DINARA,DINARA,Dinara,-,-,-,-,-,-,25.25833333,84.05833333,25-05-2011 00:00,7.5,2000,"",0,275,"",337,"","","","","",786,72,147.43,80,"","","","","","","","","","",""
980,Dinara,CGWB,10,Bihar,215,ROHTAS,DINARA,DINARA,Dinara,-,-,-,-,-,-,25.25833333,84.05833333,25-05-2013 00:00,7.73,1621,"",0,219.6,"",358,"",20.7,"","","",265,20,52.2,236.7,"","","","","","","","","","",""
981,Dinara,CGWB,10,Bihar,215,ROHTAS,DINARA,DINARA,Dinara,-,-,-,-,-,-,25.25833333,84.05833333,25-05-2016 00:00,7.93,449,"",0,177,"",35,"",7,"",4,"",150,20,24,20,"","","","","","","","","","",""
982,Dinara1,CGWB,10,Bihar,215,ROHTAS,DINARA,DINARA,Dinara,-,-,-,-,-,-,25.25861111,84.05861111,25-05-2004 00:00,7.35,1050,"",0,398,"",185,"","","","","",403,31,78,46,"","","","","","","","","","",""
983,Din Bigha,CGWB,10,Bihar,212,PATNA,BIHTA,BIHTA,Din Bigha,-,-,-,-,-,-,25.47694444,84.82583333,30-05-2021 08:00,8.59,600,"",21,257,"",49,"",2,"","","",232,58,21,29,"","","","","","","","","","",""
984,Dipau,CGWB,10,Bihar,213,PURBA CHAMPARAN,KALYANPUR,KALYANPUR,Dipau,-,-,-,-,-,-,26.50694444,84.84166667,25-05-2001 00:00,7.42,600,"",0,305,"",14,"","","","","",270,64,27,7,"","","","","","","","","","",""
985,Dipau,CGWB,10,Bihar,213,PURBA CHAMPARAN,KALYANPUR,KALYANPUR,Dipau,-,-,-,-,-,-,26.50694444,84.84166667,25-05-2002 00:00,8.32,218,"","","","","","","","","","","","","","","","","","","","","","","","",""
986,Dipau,CGWB,10,Bihar,213,PURBA CHAMPARAN,KALYANPUR,KALYANPUR,Dipau,-,-,-,-,-,-,26.50694444,84.84166667,25-05-2008 00:00,7.79,1080,"",0,506,"",64,"","","","","",345,38,60.83,65,"","","","","","","","","","",""
987,Dipau,CGWB,10,Bihar,213,PURBA CHAMPARAN,KALYANPUR,KALYANPUR,Dipau,-,-,-,-,-,-,26.50694444,84.84166667,25-05-2009 00:00,"",242,"",0,128,"",11,"","","","","",105,20,13,7,"","","","","","","","","","",""
988,Dipau,CGWB,10,Bihar,213,PURBA CHAMPARAN,KALYANPUR,KALYANPUR,Dipau,-,-,-,-,-,-,26.50694444,84.84166667,25-05-2010 00:00,"",467,"",0,226,"",14.2,"","","","","",200,38,28,11,"","","","","","","","","","",""
989,Dipau,CGWB,10,Bihar,213,PURBA CHAMPARAN,KALYANPUR,KALYANPUR,Dipau,-,-,-,-,-,-,26.50694444,84.84166667,25-05-2013 00:00,8.43,345,"",6,171,"",7,"",4,"","","",160,32,19.49,5,"","","","","","","","","","",""
990,Dipau,CGWB,10,Bihar,213,PURBA CHAMPARAN,KALYANPUR,KALYANPUR,Dipau,-,-,-,-,-,-,26.50694444,84.84166667,25-05-2016 00:00,7.21,348,"",0,153,"",25,"",8,"",0.6,"",70,12,10,34,"","","","","","","","","","",""
991,Dipau,CGWB,10,Bihar,213,PURBA CHAMPARAN,KALYANPUR,KALYANPUR,Dipau,-,-,-,-,-,-,26.50694444,84.84166667,30-05-2019 08:00,7.3,320,546,0,183.06,"",14.16,"","","","","",190,44,19.4432,1.2,"","","","","","","","","","",""
992,Dipau,CGWB,10,Bihar,213,PURBA CHAMPARAN,KALYANPUR,KALYANPUR,Dipau,-,-,-,-,-,-,26.50694444,84.84166667,30-05-2020 08:00,7.3,320,"","",183.06,"",14.16,"","","","","","",44,19.4432,1.2,"","","","","","","","","","",""
993,Dirpal Bigha,CGWB,10,Bihar,199,JEHANABAD,ARWAL,ARWAL,Dirpal Bigha,-,-,-,-,-,-,25.29416667,84.70277778,25-05-2012 00:00,8.2,610,"",0,292.848,"",35.46,"","","","","",120,4.008,26.77,88,"","","","","","","","","","",""
994,Dirpal Bigha,CGWB,10,Bihar,199,JEHANABAD,ARWAL,ARWAL,Dirpal Bigha,-,-,-,-,-,-,25.29416667,84.70277778,30-05-2021 08:00,8.05,330,"",0,153,"",25,"",1,"","","",140,42,9,10,"","","","","","","","","","",""
995,Dobhi,CGWB,10,Bihar,196,GAYA,BARACHATTI,BARACHATTI,Dobhi,-,-,-,-,-,-,24.53194444,84.91833333,25-05-2012 00:00,8.36,525,"",36,207.434,"",21.276,"","","","","",170,28.056,24.32,42,"","","","","","","","","","",""
996,Dobhi,CGWB,10,Bihar,196,GAYA,BARACHATTI,BARACHATTI,Dobhi,-,-,-,-,-,-,24.53194444,84.91833333,25-05-2013 00:00,8.36,525,"",36,207.4,"",21.3,"",0,"","","",170,28.1,24.29,42,"","","","","","","","","","",""
997,Dobhi,CGWB,10,Bihar,196,GAYA,BARACHATTI,BARACHATTI,Dobhi,-,-,-,-,-,-,24.53194444,84.91833333,25-05-2016 00:00,8.2,839,545.35,0,393.6,"",56.72,"",11.24,"",20,"",215,42,27,85,"","","","","","","","","","",""
998,Doiya,CGWB,10,Bihar,209,NALANDA,NOORSARAI,NOORSARAI,Doiya,-,-,-,-,-,-,25.23166667,85.82361111,25-05-2013 00:00,8.2,2803,"",0,793,"",397,"",248,"","","",570,36,116.75,422,"","","","","","","","","","",""
999,Doiya,CGWB,10,Bihar,209,NALANDA,NOORSARAI,NOORSARAI,Doiya,-,-,-,-,-,-,25.23166667,85.82361111,25-05-2016 00:00,6.88,2598,1688.7,0,768.65,"",297.78,"",231,"",27,"",535,72,86.26,360,"","","","","","","","","","",""
1000,Doiya,CGWB,10,Bihar,209,NALANDA,NOORSARAI,NOORSARAI,Doiya,-,-,-,-,-,-,25.23166667,85.82361111,30-05-2019 08:00,7,530,586.95,0,220,"",35.5,"","","","","",210,40,27,27,"","","","","","","","","","",""
1001,Doiya,CGWB,10,Bihar,209,NALANDA,NOORSARAI,NOORSARAI,Doiya,-,-,-,-,-,-,25.23166667,85.82361111,30-05-2020 08:00,7,530,"","",220,"",35.5,"","","","","","",40,27,27,"","","","","","","","","","",""
1002,Doiya,CGWB,10,Bihar,209,NALANDA,NOORSARAI,NOORSARAI,Doiya,-,-,-,-,-,-,25.23166667,85.82361111,30-05-2021 08:00,7.6,690,"",0,250,"",87,"",8,"","","",130,44,5,88,"","","","","","","","","","",""
1003,Dopata,CGWB,10,Bihar,210,NAWADA,RAJAULI,RAJAULI,Dopata,-,-,-,-,-,-,24.71694444,85.51666667,30-05-2019 08:00,7.4,282,442,0,122,"",35.5,"","","","","",100,20,12,19,"","","","","","","","","","",""
1004,Dopata,CGWB,10,Bihar,210,NAWADA,RAJAULI,RAJAULI,Dopata,-,-,-,-,-,-,24.71694444,85.51666667,30-05-2020 08:00,7.4,282,"","",122,"",35.5,"","","","","","",20,12,19,"","","","","","","","","","",""
1005,Dubey Tola,CGWB,10,Bihar,213,PURBA CHAMPARAN,KESARIA,KESARIA,Dubey Tola,-,-,-,-,-,-,26.53166667,84.75611111,25-05-2013 00:00,8.3,385,"","",232,"",7,"",8,"","","",140,32,14.63,32,"","","","","","","","","","",""
1006,Dubey Tola,CGWB,10,Bihar,213,PURBA CHAMPARAN,KESARIA,KESARIA,Dubey Tola,-,-,-,-,-,-,26.53166667,84.75611111,25-05-2016 00:00,7.09,664,"",0,311,"",39,"",13.7,"",7.9,"",185,46,17,50,"","","","","","","","","","",""
1007,Dubey Tola,CGWB,10,Bihar,213,PURBA CHAMPARAN,KESARIA,KESARIA,Dubey Tola,-,-,-,-,-,-,26.53166667,84.75611111,30-05-2019 08:00,7.4,840,533,0,292.896,"",81.42,"","","","","",295,42,46.1776,45.65,"","","","","","","","","","",""
1008,Dubey Tola,CGWB,10,Bihar,213,PURBA CHAMPARAN,KESARIA,KESARIA,Dubey Tola,-,-,-,-,-,-,26.53166667,84.75611111,30-05-2020 08:00,7.4,840,"","",292.896,"",81.42,"","","","","","",42,46.1776,45.65,"","","","","","","","","","",""
1009,Dudharchak,CGWB,10,Bihar,194,BUXAR,BUXAR,BUXAR,Dudharchak,-,-,-,-,-,-,25.61500000,84.05583333,30-05-2019 08:00,7.8,556,592.8,0,294,"",11,"","","","","",213,14,43,21,"","","","","","","","","","",""
1010,Dudharchak,CGWB,10,Bihar,194,BUXAR,BUXAR,BUXAR,Dudharchak,-,-,-,-,-,-,25.61500000,84.05583333,30-05-2020 08:00,7.8,556,"","",294,"",11,"","","","","","",14,43,21,"","","","","","","","","","",""
1011,Dudharchak,CGWB,10,Bihar,194,BUXAR,BUXAR,BUXAR,Dudharchak,-,-,-,-,-,-,25.61500000,84.05583333,30-05-2021 08:00,7.96,310,"",0,165,"",10,"",4,"","","",120,38,6,14,"","","","","","","","","","",""
1012,Dulhinbazar,CGWB,10,Bihar,212,PATNA,BIKRAM,BIKRAM,Dulhinbazar,-,-,-,-,-,-,25.37777778,84.86250000,25-05-2000 00:00,8.66,620,"",30,195,"",28,"","","","","",115,40,3.6,58,"","","","","","","","","","",""
1013,Dulhinbazar,CGWB,10,Bihar,212,PATNA,BIKRAM,BIKRAM,Dulhinbazar,-,-,-,-,-,-,25.37777778,84.86250000,25-05-2001 00:00,8.99,690,"",12,140,"",99,"","","","","",165,32,21,58,"","","","","","","","","","",""
1014,Dulhinbazar,CGWB,10,Bihar,212,PATNA,BIKRAM,BIKRAM,Dulhinbazar,-,-,-,-,-,-,25.37777778,84.86250000,25-05-2008 00:00,7.7,560,"",0,201,"",60,"","","","","",190,48,17.08,45,"","","","","","","","","","",""
1015,Dulhinbazar,CGWB,10,Bihar,212,PATNA,BIKRAM,BIKRAM,Dulhinbazar,-,-,-,-,-,-,25.37777778,84.86250000,25-05-2011 00:00,7.45,640,"",0,238,"",35,"","","","","",175,46,14.64,64,"","","","","","","","","","",""
1016,Dulhin Bazar,CGWB,10,Bihar,212,PATNA,BIKRAM,BIKRAM,Dulhin Bazar,-,-,-,-,-,-,25.37805556,84.86250000,25-05-2000 00:00,8.66,620,"",30,195,"",28,"","","","","",115,40,3.6,58,"","","","","","","","","","",""
1017,Dulhin Bazar,CGWB,10,Bihar,212,PATNA,BIKRAM,BIKRAM,Dulhin Bazar,-,-,-,-,-,-,25.37805556,84.86250000,25-05-2008 00:00,7.7,560,"",0,201,"",60,"","","","","",190,48,17,45,"","","","","","","","","","",""
1018,Dulhin Bazar,CGWB,10,Bihar,212,PATNA,BIKRAM,BIKRAM,Dulhin Bazar,-,-,-,-,-,-,25.37805556,84.86277778,25-05-2009 00:00,"",800,"",0,220,"",107,"","","","","",220,32,34.08,74,"","","","","","","","","","",""
1019,Dulhin Bazar,CGWB,10,Bihar,212,PATNA,BIKRAM,BIKRAM,Dulhin Bazar,-,-,-,-,-,-,25.37805556,84.86250000,25-05-2010 00:00,"",789,"",0,250,"",96,"","","","","",280,84,17,45,"","","","","","","","","","",""
1020,Dulhin Bazar,CGWB,10,Bihar,212,PATNA,BIKRAM,BIKRAM,Dulhin Bazar,-,-,-,-,-,-,25.37805556,84.86250000,25-05-2016 00:00,7.63,1013,658.45,0,252.15,"",120.53,"",23.41,"",6.98,"",285,80,20.65,48.2,"","","","","","","","","","",""
1021,Dulhin Bazar,CGWB,10,Bihar,212,PATNA,BIKRAM,BIKRAM,Dulhin Bazar,-,-,-,-,-,-,25.37805556,84.86277778,25-05-2016 00:00,7.63,1013,658.45,0,252.15,"",120.53,"",23.41,"",6.98,"",285,80,20.65,48.2,"","","","","","","","","","",""
1022,Dumer,CGWB,10,Bihar,201,KATIHAR,FALKA,FALKA,Dumer,-,-,-,-,-,-,25.52916667,87.33333333,25-05-2003 00:00,7.29,290,"","","","","","","","","","","","","","","","","","","","","","","","",""
1023,Dumer,CGWB,10,Bihar,201,KATIHAR,FALKA,FALKA,Dumer,-,-,-,-,-,-,25.52916667,87.33333333,25-05-2005 00:00,7.84,300,"",0,152,"",7.1,"","","","","",120,32,9.76,8,"","","","","","","","","","",""
1024,Dumer,CGWB,10,Bihar,201,KATIHAR,FALKA,FALKA,Dumer,-,-,-,-,-,-,25.52638889,87.33333333,25-05-2008 00:00,8.19,259,"",0,134,"",18,"","","","","",115,30,9.76,7,"","","","","","","","","","",""
1025,Dumer,CGWB,10,Bihar,201,KATIHAR,FALKA,FALKA,Dumer,-,-,-,-,-,-,25.52916667,87.33333333,25-05-2009 00:00,"",430,"",0,165,"",32,"","","","","",150,36,15,23,"","","","","","","","","","",""
1026,Dumer,CGWB,10,Bihar,201,KATIHAR,FALKA,FALKA,Dumer,-,-,-,-,-,-,25.52638889,87.33333333,25-05-2011 00:00,7.34,248,"",0,164.7,"",7.1,"","","","","",100,24,9.75,11,"","","","","","","","","","",""
1027,Dumer,CGWB,10,Bihar,201,KATIHAR,FALKA,FALKA,Dumer,-,-,-,-,-,-,25.52638889,87.33333333,25-05-2016 00:00,8.07,1695,"",0,622.2,"",195.03,"",11.64,"",4.65,"",220,42,27.6,260.3,"","","","","","","","","","",""
1028,Dumraon,CGWB,10,Bihar,194,BUXAR,DUMRAON,DUMRAON,Dumraon,-,-,-,-,-,-,25.55416667,84.15416667,25-05-2002 00:00,8.92,446,"","","","","","","","","","","","","","","","","","","","","","","","",""
1029,Dumraon,CGWB,10,Bihar,194,BUXAR,DUMRAON,DUMRAON,Dumraon,-,-,-,-,-,-,25.55416667,84.15416667,25-05-2005 00:00,8.43,520,"","",159,"",46,"","","","","",145,20,23.12,49,"","","","","","","","","","",""
1030,Dumraon,CGWB,10,Bihar,194,BUXAR,DUMRAON,DUMRAON,Dumraon,-,-,-,-,-,-,25.55416667,84.15416667,25-05-2007 00:00,8.57,590,"",24,116,135.1,71,"","","","","",130,18,21,67,"","","","","","","","","","",""
1031,Dumraon,CGWB,10,Bihar,194,BUXAR,DUMRAON,DUMRAON,Dumraon,-,-,-,-,-,-,25.55416667,84.15416667,25-05-2008 00:00,8.2,636,"",0,250,"",64,"","","","","",195,42,22,65,"","","","","","","","","","",""
1032,Dumraon,CGWB,10,Bihar,194,BUXAR,DUMRAON,DUMRAON,Dumraon,-,-,-,-,-,-,25.55416667,84.15416667,25-05-2009 00:00,"",494,"",0,189,"",53,"","","","","",125,20,18.26,88,"","","","","","","","","","",""
1033,Dumraon,CGWB,10,Bihar,194,BUXAR,DUMRAON,DUMRAON,Dumraon,-,-,-,-,-,-,25.55416667,84.15416667,25-05-2012 00:00,7.48,590,"",0,280,"",82.24,"",17.11,"","","",276,35.27,45.12,"","","","","","","","","","","",""
1034,Dumraon,CGWB,10,Bihar,194,BUXAR,DUMRAON,DUMRAON,Dumraon,-,-,-,-,-,-,25.55416667,84.15416667,25-05-2016 00:00,8.43,475,"",30,165,"",11,"",5,"",7.9,"",170,32,22,21,"","","","","","","","","","",""
1035,Dumraon,CGWB,10,Bihar,194,BUXAR,DUMRAON,DUMRAON,Dumraon,-,-,-,-,-,-,25.55416667,84.15416667,30-05-2019 08:00,8.1,912,327.6,0,420,"",37,"","","","","",300,49,43.1396,64,"","","","","","","","","","",""
1036,Dumraon,CGWB,10,Bihar,194,BUXAR,DUMRAON,DUMRAON,Dumraon,-,-,-,-,-,-,25.55416667,84.15416667,30-05-2020 08:00,8.1,912,"","",420,"",37,"","","","","","",49,43.1396,64,"","","","","","","","","","",""
1037,Dumraon,CGWB,10,Bihar,194,BUXAR,DUMRAON,DUMRAON,Dumraon,-,-,-,-,-,-,25.55416667,84.15416667,30-05-2021 08:00,8.26,780,"",0,314,"",66,"",19,"","","",308,69,33,36,"","","","","","","","","","",""
1038,Durasan,CGWB,10,Bihar,194,BUXAR,SIMRI,SIMRI,Durasan,-,-,-,-,-,-,25.60944444,84.17361111,30-05-2019 08:00,7.9,504,440.7,0,194,"",22,"","","","","",220,17,43,11,"","","","","","","","","","",""
1039,Durasan,CGWB,10,Bihar,194,BUXAR,SIMRI,SIMRI,Durasan,-,-,-,-,-,-,25.60944444,84.17361111,30-05-2020 08:00,7.9,504,"","",194,"",22,"","","","","","",17,43,11,"","","","","","","","","","",""
1040,Durasan,CGWB,10,Bihar,194,BUXAR,SIMRI,SIMRI,Durasan,-,-,-,-,-,-,25.60944444,84.17361111,30-05-2021 08:00,7.71,570,"",0,189,"",82,"",12,"","","",180,34,23,47,"","","","","","","","","","",""
1041,Ekangarsarai,CGWB,10,Bihar,209,NALANDA,EKANGARSARAI,EKANGARSARAI,Ekangarsarai,-,-,-,-,-,-,25.22500000,85.22083333,25-05-2010 00:00,"",1612,"",0,561,"",142,"","","","","",200,36,27,255,"","","","","","","","","","",""
1042,Ekangarsarai,CGWB,10,Bihar,209,NALANDA,EKANGARSARAI,EKANGARSARAI,Ekangarsarai,-,-,-,-,-,-,25.22500000,85.22083333,25-05-2011 00:00,8.03,1500,"",0,543,"",103,"","","","","",160,30,20.7,252,"","","","","","","","","","",""
1043,Ekangarsarai,CGWB,10,Bihar,209,NALANDA,EKANGARSARAI,EKANGARSARAI,Ekangarsarai,-,-,-,-,-,-,25.22500000,85.22083333,25-05-2012 00:00,8.64,1150,"",48,268.444,"",156.024,"","","","","",50,16.032,2.44,186,"","","","","","","","","","",""
1044,Ekangarsarai,CGWB,10,Bihar,209,NALANDA,EKANGARSARAI,EKANGARSARAI,Ekangarsarai,-,-,-,-,-,-,25.22500000,85.22083333,25-05-2013 00:00,8.99,1000,"",48,341.7,"",28.4,"",62.4,"","","",90,4,19.46,190,"","","","","","","","","","",""
1045,Ekangarsarai,CGWB,10,Bihar,209,NALANDA,EKANGARSARAI,EKANGARSARAI,Ekangarsarai,-,-,-,-,-,-,25.22500000,85.22083333,25-05-2016 00:00,8.59,1266,822.9,21,405.89,"",74.55,"",41,"",24,"",150,20,12.1535,168,"","","","","","","","","","",""
1046,Ekangarsarai,CGWB,10,Bihar,209,NALANDA,EKANGARSARAI,EKANGARSARAI,Ekangarsarai,-,-,-,-,-,-,25.22500000,85.22083333,30-05-2019 08:00,8.1,903,347.75,0,262,"",141.8,"","","","","",200,12,41,135,"","","","","","","","","","",""
1047,Ekangarsarai,CGWB,10,Bihar,209,NALANDA,EKANGARSARAI,EKANGARSARAI,Ekangarsarai,-,-,-,-,-,-,25.22500000,85.22083333,30-05-2020 08:00,8.1,903,"","",262,"",141.8,"","","","","","",12,41,135,"","","","","","","","","","",""
1048,Ekauna,CGWB,10,Bihar,193,BHOJPUR,BARHARA,BARHARA,Ekauna,-,-,-,-,-,-,25.68638889,84.73888889,30-05-2019 08:00,7.9,1094,646.1,0,279,"",85,"","","","","",404,46,70,42,"","","","","","","","","","",""
1049,Ekauna,CGWB,10,Bihar,193,BHOJPUR,BARHARA,BARHARA,Ekauna,-,-,-,-,-,-,25.68638889,84.73888889,30-05-2020 08:00,7.9,1094,"","",279,"",85,"","","","","","",46,70,42,"","","","","","","","","","",""
1050,Ekauna,CGWB,10,Bihar,193,BHOJPUR,BARHARA,BARHARA,Ekauna,-,-,-,-,-,-,25.68638889,84.73888889,30-05-2021 08:00,7.71,420.9,"",0,137.9,"",52.1,"",12.7,"","","",143.6,32.89,14.93,19.9,"","","","","","","","","","",""
1051,Ekma,CGWB,10,Bihar,218,SARAN,EKMA,EKMA,Ekma,-,-,-,-,-,-,25.97083333,84.54583333,25-05-2002 00:00,8.78,306,"","","","","","","","","","","","","","","","","","","","","","","","",""
1052,Ekma,CGWB,10,Bihar,218,SARAN,EKMA,EKMA,Ekma,-,-,-,-,-,-,25.96944444,84.54166667,25-05-2007 00:00,8.44,460,"",18,146,149.7,7.1,"","","","","",130,12,24,38,"","","","","","","","","","",""
1053,Ekma,CGWB,10,Bihar,218,SARAN,EKMA,EKMA,Ekma,-,-,-,-,-,-,25.97083333,84.54583333,25-05-2012 00:00,7.41,548,"",0,393.6,"",7.09,"","","","","",110,4,24,75,"","","","","","","","","","",""
1054,Ekma,CGWB,10,Bihar,218,SARAN,EKMA,EKMA,Ekma,-,-,-,-,-,-,25.97083333,84.54583333,25-05-2013 00:00,7.14,698,"",0,366,"",7.1,"",4.1,"","","",100,14,15.82,85,"","","","","","","","","","",""
1055,Ekma,CGWB,10,Bihar,218,SARAN,EKMA,EKMA,Ekma,-,-,-,-,-,-,25.96944444,84.54166667,25-05-2016 00:00,6.8,500,325,0,282.9,"",17,"",3,"",12.88,"",95,20,10.93,69,"","","","","","","","","","",""
1056,English More,CGWB,10,Bihar,190,BANKA,AMARPUR,AMARPUR,English More,-,-,-,-,-,-,25.05083333,86.88888889,25-05-2013 00:00,8.26,359,"",0,116,"",28,"",0,"","","",100,28,7.33,19,"","","","","","","","","","",""
1057,English More,CGWB,10,Bihar,190,BANKA,AMARPUR,AMARPUR,English More,-,-,-,-,-,-,25.05083333,86.88888889,25-05-2016 00:00,7.74,452,293.8,0,233.7,"",24.81,"",30.05,"",15.81,"",135,24,18.22,48.55,"","","","","","","","","","",""
1058,Etwan,CGWB,10,Bihar,189,AURANGABAD,HASPURA,HASPURA,Etwan,-,-,-,-,-,-,25.04388889,84.54388889,30-05-2019 08:00,8.05,671,443.95,0,314,"",35.5,"","","","","",220,56,19.44,48,"","","","","","","","","","",""
1059,Etwan,CGWB,10,Bihar,189,AURANGABAD,HASPURA,HASPURA,Etwan,-,-,-,-,-,-,25.04388889,84.54388889,30-05-2020 08:00,8.05,671,"","",314,"",35.5,"","","","","","",56,19.44,48,"","","","","","","","","","",""
1060,Etwarpur,CGWB,10,Bihar,212,PATNA,PHULWARI,PHULWARI,Etwarpur,-,-,-,-,-,-,25.57500000,85.12638889,30-05-2019 08:00,8,669,500.5,0,201,"",102.8,"","","","","",230,28,39,40,"","","","","","","","","","",""
1061,Etwarpur,CGWB,10,Bihar,212,PATNA,PHULWARI,PHULWARI,Etwarpur,-,-,-,-,-,-,25.57500000,85.12638889,30-05-2020 08:00,8,669,"","",201,"",102.8,"","","","","","",28,39,40,"","","","","","","","","","",""
1062,Etwarpur,CGWB,10,Bihar,212,PATNA,PHULWARI,PHULWARI,Etwarpur,-,-,-,-,-,-,25.57500000,85.12638889,30-05-2021 08:00,8.3,620,"",0,250,"",51,"",20,"","","",209,29,33,43,"","","","","","","","","","",""
1063,Etwarpurtaj,CGWB,10,Bihar,208,MUZAFFARPUR,DHOLI (MORAUL),DHOLI (MORAUL),Etwarpurtaj,-,-,-,-,-,-,26.05444444,85.55833333,25-05-2006 00:00,7.91,700,"","",299,"",46,"","","","","",260,42,37.74,34,"","","","","","","","","","",""
1064,Etwarpurtaj,CGWB,10,Bihar,208,MUZAFFARPUR,DHOLI (MORAUL),DHOLI (MORAUL),Etwarpurtaj,-,-,-,-,-,-,26.05444444,85.55833333,25-05-2007 00:00,8.55,760,"",24,250,244.9,53,"",21,"","","",275,56,66,39,"","","","","","","","","","",""
1065,Etwarpurtaj,CGWB,10,Bihar,208,MUZAFFARPUR,DHOLI (MORAUL),DHOLI (MORAUL),Etwarpurtaj,-,-,-,-,-,-,26.05444444,85.55833333,25-05-2010 00:00,"",870,"",0,476,"",25,"","","","","",370,74,45,28,"","","","","","","","","","",""
1066,Falka,CGWB,10,Bihar,201,KATIHAR,FALKA,FALKA,Falka,-,-,-,-,-,-,25.60833333,87.27500000,25-05-2000 00:00,8.77,700,"",42,220,"",43,"","","","","",200,48,20,37,"","","","","","","","","","",""
1067,Falka,CGWB,10,Bihar,201,KATIHAR,FALKA,FALKA,Falka,-,-,-,-,-,-,25.60833333,87.27500000,25-05-2001 00:00,8.69,670,"",18,128,"",92,"","","","","",240,32,39,36,"","","","","","","","","","",""
1068,Falka,CGWB,10,Bihar,201,KATIHAR,FALKA,FALKA,Falka,-,-,-,-,-,-,25.62916667,87.30000000,25-05-2003 00:00,6.78,550,"","","","","","","","","","","","","","","","","","","","","","","","",""
1069,Falka,CGWB,10,Bihar,201,KATIHAR,FALKA,FALKA,Falka,-,-,-,-,-,-,25.60833333,87.27500000,25-05-2007 00:00,8.51,540,"",48,159,210.3,18,"","","","","",175,56,8.5,37,"","","","","","","","","","",""
1070,Farhda,CGWB,10,Bihar,193,BHOJPUR,BARHARA,BARHARA,Farhda,-,-,-,-,-,-,25.68166667,84.65444444,30-05-2021 08:00,7.83,840,"",0,260,"",111,"",37,"","","",288,61,33,56.03,"","","","","","","","","","",""
1071,Fatehpur,CGWB,10,Bihar,196,GAYA,FATEHPUR,FATEHPUR,Fatehpur,-,-,-,-,-,-,24.63055556,85.20694444,25-05-2007 00:00,8.27,400,"","",165,135.3,21,"","","","","",110,24,12,34,"","","","","","","","","","",""
1072,Fatehpur,CGWB,10,Bihar,196,GAYA,FATEHPUR,FATEHPUR,Fatehpur,-,-,-,-,-,-,24.63055556,85.20694444,25-05-2008 00:00,7.95,450,"",0,152,"",14,"","","","","",100,24,10,22,"","","","","","","","","","",""
1073,Fatehpur,CGWB,10,Bihar,196,GAYA,FATEHPUR,FATEHPUR,Fatehpur,-,-,-,-,-,-,24.64166667,85.22916667,25-05-2008 00:00,7.95,450,"",0,152,"",14,"","","","","",100,24,9.75,22,"","","","","","","","","","",""
1074,Fatehpur,CGWB,10,Bihar,196,GAYA,FATEHPUR,FATEHPUR,Fatehpur,-,-,-,-,-,-,24.64166667,85.22916667,25-05-2009 00:00,"",500,"",0,244,"",18,"","","","","",225,46,26.8,4.6,"","","","","","","","","","",""
1075,Fatehpur,CGWB,10,Bihar,196,GAYA,FATEHPUR,FATEHPUR,Fatehpur,-,-,-,-,-,-,24.64166667,85.22916667,25-05-2011 00:00,7.86,460,"",0,256,"",14,"","","","","",175,56,8.58,25,"","","","","","","","","","",""
1076,Fatehpur,CGWB,10,Bihar,196,GAYA,FATEHPUR,FATEHPUR,Fatehpur,-,-,-,-,-,-,24.64166667,85.22916667,25-05-2013 00:00,8.42,495,"",36,91.5,"",46.1,"",0,"","","",190,20,34.06,23,"","","","","","","","","","",""
1077,Fatehpur,CGWB,10,Bihar,196,GAYA,FATEHPUR,FATEHPUR,Fatehpur,-,-,-,-,-,-,24.63055556,85.20694444,25-05-2016 00:00,7.92,550,357.5,0,313.65,"",3.54,"",14.35,"",19,"",170,48,12,41,"","","","","","","","","","",""
1078,Fatehpur1,CGWB,10,Bihar,212,PATNA,PHULWARI,PHULWARI,Fatehpur,-,-,-,-,-,-,25.50777778,85.19166667,25-05-2001 00:00,8.46,700,"",30,104,"",32,"","","","","",235,62,19,44,"","","","","","","","","","",""
1079,Fatepur,CGWB,10,Bihar,224,VAISHALI,PATEPUR,PATEPUR,Fatepur,-,-,-,-,-,-,25.88333333,85.56666667,25-05-2001 00:00,8.52,600,"",9,146,"",71,"","","","","",150,28,19,44,"","","","","","","","","","",""
1080,Fatuha,CGWB,10,Bihar,212,PATNA,FATWAH,FATWAH,Fatuha,-,-,-,-,-,-,25.41166667,85.31000000,25-05-2007 00:00,7.76,555,"","",274,224.6,21,"","","","","",175,46,15,39,"","","","","","","","","","",""
1081,Fatuha,CGWB,10,Bihar,212,PATNA,FATWAH,FATWAH,Fatuha,-,-,-,-,-,-,25.50416667,85.29583333,25-05-2008 00:00,8,537,"",0,189,"",18,"","","","","",90,16,12.18,38,"","","","","","","","","","",""
1082,Fatuha,CGWB,10,Bihar,212,PATNA,FATWAH,FATWAH,Fatuha,-,-,-,-,-,-,25.41166667,85.31000000,25-05-2008 00:00,8,537,"",0,189,"",18,"","","","","",90,16,12,38,"","","","","","","","","","",""
1083,Fatuha,CGWB,10,Bihar,212,PATNA,FATWAH,FATWAH,Fatuha,-,-,-,-,-,-,25.50416667,85.29583333,25-05-2009 00:00,"",720,"",0,256,"",43,"","","","","",200,36,26.79,69,"","","","","","","","","","",""
1084,Fatuha,CGWB,10,Bihar,212,PATNA,FATWAH,FATWAH,Fatuha,-,-,-,-,-,-,25.41166667,85.31000000,25-05-2010 00:00,"",596,"",0,329,"",14,"","","","","",185,46,17,50,"","","","","","","","","","",""
1085,Fatuha,CGWB,10,Bihar,212,PATNA,FATWAH,FATWAH,Fatuha,-,-,-,-,-,-,25.50416667,85.29583333,25-05-2012 00:00,8.42,478,"",24,170.828,"",35.46,"","","","","",120,12.024,21.91,55,"","","","","","","","","","",""
1086,Fatuha,CGWB,10,Bihar,212,PATNA,FATWAH,FATWAH,Fatuha,-,-,-,-,-,-,25.50416667,85.29583333,25-05-2013 00:00,8.42,478,"",24,170.8,"",35.5,"",0,"","","",120,12,21.9,55,"","","","","","","","","","",""
1087,Fatuha,CGWB,10,Bihar,212,PATNA,FATWAH,FATWAH,Fatuha,-,-,-,-,-,-,25.41166667,85.31000000,25-05-2016 00:00,8.46,520,338,15,202.95,"",31.05,"",0,"",30,"",125,24,15.79,67.32,"","","","","","","","","","",""
1088,Fatuha,CGWB,10,Bihar,212,PATNA,FATWAH,FATWAH,Fatuha,-,-,-,-,-,-,25.50416667,85.29583333,30-05-2021 08:00,7.86,830,"",0,350,"",80,"",15,"","","",255,54,29,58,"","","","","","","","","","",""
1089,Galgalia,CGWB,10,Bihar,214,PURNIA,BANMANKHI,BANMANKHI,Galgalia,-,-,-,-,-,-,25.89583333,87.17500000,25-05-2004 00:00,6.9,360,"",0,153,"",29,"","","","","",98,28,6,32,"","","","","","","","","","",""
1090,Galgalia,CGWB,10,Bihar,214,PURNIA,BANMANKHI,BANMANKHI,Galgalia,-,-,-,-,-,-,25.89583333,87.17500000,25-05-2005 00:00,7.97,320,"",0,116,"",28,"","","","","",115,32,8.55,14,"","","","","","","","","","",""
1091,Galgalia,CGWB,10,Bihar,214,PURNIA,BANMANKHI,BANMANKHI,Galgalia,-,-,-,-,-,-,25.89583333,87.17500000,25-05-2008 00:00,8.2,123,"",0,49,"",14,"","","","","",35,8,3.66,7,"","","","","","","","","","",""
1092,Galgalia,CGWB,10,Bihar,214,PURNIA,BANMANKHI,BANMANKHI,Galgalia,-,-,-,-,-,-,25.89583333,87.17500000,25-05-2009 00:00,"",180,"",0,49,"",21,"","","","","",45,14,2.45,16,"","","","","","","","","","",""
1093,Galgalia,CGWB,10,Bihar,214,PURNIA,BANMANKHI,BANMANKHI,Galgalia,-,-,-,-,-,-,25.89583333,87.17500000,25-05-2011 00:00,7.22,119,"",0,67.1,"",14.2,"","","","","",50,10,6.09,9,"","","","","","","","","","",""
1094,Gandhi Maidan,CGWB,10,Bihar,212,PATNA,PATNA RURAL (A),PATNA RURAL (A),Gandhi Maidan,-,-,-,-,-,-,25.61916667,85.14833333,30-05-2021 08:00,7.91,440,"",0,165,"",50,"",10,"","","",180,52,12,17,"","","","","","","","","","",""
1095,Gandhinagar,CGWB,10,Bihar,202,KHAGARIA,GOGRI,GOGRI,Gandhinagar,-,-,-,-,-,-,25.44611111,86.66500000,25-05-2013 00:00,8.26,925,"",0,237.9,"",163.1,"",40.8,"","","",395,8,91.1,29,"","","","","","","","","","",""
1096,Gandhinagar,CGWB,10,Bihar,202,KHAGARIA,GOGRI,GOGRI,Gandhinagar,-,-,-,-,-,-,25.44611111,86.66500000,25-05-2016 00:00,7.48,1532,995.8,0,531,"",180.846,"",51,"",1.2,"",555,102,72,80,"","","","","","","","","","",""
1097,Ganeshpur,CGWB,10,Bihar,205,MADHEPURA,CHAUSA,CHAUSA,Ganeshpur,-,-,-,-,-,-,25.59250000,86.98083333,25-05-2013 00:00,8.18,582,"",0,189.1,"",74.4,"",1,"","","",185,6,41.34,28.4,"","","","","","","","","","",""
1098,Ganeshpur,CGWB,10,Bihar,205,MADHEPURA,CHAUSA,CHAUSA,Ganeshpur,-,-,-,-,-,-,25.59250000,86.98083333,25-05-2016 00:00,8.2,679,441.35,0,201,"",78.012,"",41,"",4.6,"",250,54,27.6,28,"","","","","","","","","","",""
1099,Gangapur siswan,CGWB,10,Bihar,222,SIWAN,SISWAN,SISWAN,Gangapur siswan,-,-,-,-,-,-,25.93750000,84.40416667,25-05-2009 00:00,"",660,"",30,195,"",18,"","","","","",175,16,33,64,"","","","","","","","","","",""
1100,Gangapur Siswan1,CGWB,10,Bihar,222,SIWAN,SISWAN,-,-,-,-,-,-,-,-,25.93666667,84.40361111,25-05-2010 00:00,"",579,"",0,335,"",7.1,"","","","","",220,34,33,32,"","","","","","","","","","",""
1101,Gangapur Siswan1,CGWB,10,Bihar,222,SIWAN,SISWAN,-,-,-,-,-,-,-,-,25.93666667,84.40361111,25-05-2011 00:00,8.42,429,"",12,335.5,"",10.65,"","","","","",210,36,29.22,20,"","","","","","","","","","",""
1102,Gangaut,CGWB,10,Bihar,202,KHAGARIA,KHAGARIA,KHAGARIA,Gangaut,-,-,-,-,-,-,25.51250000,86.36666667,25-05-2003 00:00,7.94,320,"","","","","","","","","","","","","","","","","","","","","","","","",""
1103,Gangaut,CGWB,10,Bihar,202,KHAGARIA,KHAGARIA,KHAGARIA,Gangaut,-,-,-,-,-,-,25.51250000,86.36666667,25-05-2007 00:00,7.9,849,"","",366,300,49.7,"","","","","",300,80,24.3,48,"","","","","","","","","","",""
1104,Gangaut,CGWB,10,Bihar,202,KHAGARIA,KHAGARIA,KHAGARIA,Gangaut,-,-,-,-,-,-,25.51250000,86.36666667,25-05-2011 00:00,7.4,762,"",0,409,"",28,"","","","","",280,52,36.53,41,"","","","","","","","","","",""
1105,Gangaut,CGWB,10,Bihar,202,KHAGARIA,KHAGARIA,KHAGARIA,Gangaut,-,-,-,-,-,-,25.51250000,86.36666667,25-05-2013 00:00,7.75,664,"",0,244,"",109.9,"",0.5,"","","",255,8,57.15,38.9,"","","","","","","","","","",""
1106,Gangaut,CGWB,10,Bihar,202,KHAGARIA,KHAGARIA,KHAGARIA,Gangaut,-,-,-,-,-,-,25.51250000,86.36666667,25-05-2016 00:00,7.09,805,523.25,0,384,"",49.644,"",7.6,"",3.4,"",295,66,31.2,35,"","","","","","","","","","",""
1107,Gangta Morh,CGWB,10,Bihar,207,MUNGER,KHARAGPUR,KHARAGPUR,Gangta Morh,-,-,-,-,-,-,25.04027778,86.50527778,25-05-2012 00:00,8.84,1210,"","",160,"",177,"","","","","",245,38,36,120,"","","","","","","","","","",""
1108,Gangta Morh,CGWB,10,Bihar,207,MUNGER,KHARAGPUR,KHARAGPUR,Gangta Morh,-,-,-,-,-,-,25.04027778,86.50527778,25-05-2016 00:00,8.01,870,565.5,0,455.1,"",74.44,"",33.52,"",15.3,"",395,16,86.26,38.01,"","","","","","","","","","",""
1109,Gangta Morh,CGWB,10,Bihar,207,MUNGER,KHARAGPUR,KHARAGPUR,Gangta Morh,-,-,-,-,-,-,25.04027778,86.50527778,30-05-2019 08:00,7.8,755,683.15,0,231,"",76,"","","","","",176,20,30.62304,79,"","","","","","","","","","",""
1110,Gangta Morh,CGWB,10,Bihar,207,MUNGER,KHARAGPUR,KHARAGPUR,Gangta Morh,-,-,-,-,-,-,25.04027778,86.50527778,30-05-2020 08:00,7.8,755,"","",231,"",76,"","","","","","",20,30.62304,79,"","","","","","","","","","",""
1111,Ganpatganj,CGWB,10,Bihar,223,SUPAUL,RAGHOPUR,RAGHOPUR,Ganpatganj,-,-,-,-,-,-,26.26666667,86.82361111,25-05-2009 00:00,"",300,"",0,122,"",7.1,"","","","","",120,32,9.7,6,"","","","","","","","","","",""
1112,Ganpatganj,CGWB,10,Bihar,223,SUPAUL,RAGHOPUR,RAGHOPUR,Ganpatganj,-,-,-,-,-,-,26.26666667,86.82361111,25-05-2013 00:00,8.22,401,"",0,125.1,"",39,"",0.2,"","","",110,8,21.89,25.4,"","","","","","","","","","",""
1113,Ganpatganj,CGWB,10,Bihar,223,SUPAUL,RAGHOPUR,RAGHOPUR,Ganpatganj,-,-,-,-,-,-,26.26666667,86.82361111,25-05-2016 00:00,7.88,411,267.15,0,128,"",35.46,"",26,"",0.7,"",195,18,36,9,"","","","","","","","","","",""
1114,Ganpatganj1,CGWB,10,Bihar,223,SUPAUL,RAGHOPUR,RAGHOPUR,Ganpatganj,-,-,-,-,-,-,26.26694444,86.82388889,25-05-2007 00:00,8.25,562,"","",189,154.9,49.7,"","","","","",170,52,9.7,50,"","","","","","","","","","",""
1115,Ganpatganj1,CGWB,10,Bihar,223,SUPAUL,RAGHOPUR,RAGHOPUR,Ganpatganj,-,-,-,-,-,-,26.26694444,86.82388889,25-05-2008 00:00,8.28,393,"",0,232,"",11,"","","","","",185,44,18,12,"","","","","","","","","","",""
1116,Ganpatganj1,CGWB,10,Bihar,223,SUPAUL,RAGHOPUR,RAGHOPUR,Ganpatganj,-,-,-,-,-,-,26.26694444,86.82388889,25-05-2011 00:00,7.01,520,"",0,"","","","","","","","",150,40,12.21,46,"","","","","","","","","","",""
1117,Ganpatganj1,CGWB,10,Bihar,223,SUPAUL,RAGHOPUR,RAGHOPUR,Ganpatganj,-,-,-,-,-,-,26.26694444,86.82388889,30-05-2019 08:00,8.06,468,232.7,0,153.75,"",39.7,"","","","","",175,22,29.16,28.52,"","","","","","","","","","",""
1118,Ganpatganj1,CGWB,10,Bihar,223,SUPAUL,RAGHOPUR,RAGHOPUR,Ganpatganj,-,-,-,-,-,-,26.26694444,86.82388889,30-05-2020 08:00,8.06,468,"","",153.75,"",39.7,"","","","","","",22,29.16,28.52,"","","","","","","","","","",""
1119,Garaul,CGWB,10,Bihar,224,VAISHALI,GORAUL,GORAUL, Bhaluhia (garaul),-,-,-,-,-,-,25.93750000,85.34583333,25-05-2002 00:00,8.45,558,"","","","","","","","","","","","","","","","","","","","","","","","",""
1120,Garaul,CGWB,10,Bihar,224,VAISHALI,GORAUL,GORAUL, Bhaluhia (garaul),-,-,-,-,-,-,25.93750000,85.34583333,25-05-2007 00:00,8.51,700,"",24,56,85.9,18,"","","","","",225,14,46,51,"","","","","","","","","","",""
1121,Garaul,CGWB,10,Bihar,224,VAISHALI,GORAUL,GORAUL, Bhaluhia (garaul),-,-,-,-,-,-,25.93750000,85.34583333,25-05-2008 00:00,7.46,900,"",0,433,"",18,"","","","","",320,54,45,51,"","","","","","","","","","",""
1122,Garaul,CGWB,10,Bihar,224,VAISHALI,GORAUL,GORAUL, Bhaluhia (garaul),-,-,-,-,-,-,25.93750000,85.34583333,25-05-2013 00:00,8.38,769,"",3,189,"",102.8,"",30,"","","",265,42,38.95,36,"","","","","","","","","","",""
1123,Garaul,CGWB,10,Bihar,224,VAISHALI,GORAUL,GORAUL, Bhaluhia (garaul),-,-,-,-,-,-,25.93750000,85.34583333,25-05-2016 00:00,8.01,2150,1397.5,0,522.75,"",347.41,"",41,"",31,"",460,42,86.3,211,"","","","","","","","","","",""
1124,Garaul,CGWB,10,Bihar,224,VAISHALI,GORAUL,GORAUL, Bhaluhia (garaul),-,-,-,-,-,-,25.93750000,85.34583333,30-05-2021 08:00,8,950,"",0,189,"",107,"",87,"","","",158,63,36,70,"","","","","","","","","","",""
1125,Gargaliya,CGWB,10,Bihar,208,MUZAFFARPUR,MINAPUR,MINAPUR,Gargaliya,-,-,-,-,-,-,26.25000000,85.41944444,25-05-2012 00:00,8.06,580,"",0,122,"",71,"","","","","",210,20,39,36,"","","","","","","","","","",""
1126,Gargaliya,CGWB,10,Bihar,208,MUZAFFARPUR,MINAPUR,MINAPUR,Gargaliya,-,-,-,-,-,-,26.25000000,85.41944444,25-05-2013 00:00,8.06,580,"",0,122,"",81.5,"",60,"","","",210,20,38.93,36,"","","","","","","","","","",""
1127,Garhani,CGWB,10,Bihar,193,BHOJPUR,CHARPOKHARI,CHARPOKHARI,Garhani,-,-,-,-,-,-,25.42083333,84.55833333,25-05-2004 00:00,7.59,580,"",0,376,"",50,"","","","","",293,19,59,17,"","","","","","","","","","",""
1128,Garhani,CGWB,10,Bihar,193,BHOJPUR,CHARPOKHARI,CHARPOKHARI,Garhani,-,-,-,-,-,-,25.42083333,84.55833333,25-05-2012 00:00,7.57,660,"",0,360,"",36.86,"",18.13,"","","",256,25.65,46.08,"","","","","","","","","","","",""
1129,Garhani,CGWB,10,Bihar,193,BHOJPUR,CHARPOKHARI,CHARPOKHARI,Garhani,-,-,-,-,-,-,25.42083333,84.55833333,25-05-2016 00:00,8.34,812,"",6,159,"",18,"",9,"",6.3,"",135,36,11,13,"","","","","","","","","","",""
1130,Garhani,CGWB,10,Bihar,193,BHOJPUR,CHARPOKHARI,CHARPOKHARI,Garhani,-,-,-,-,-,-,25.42083333,84.55833333,30-05-2019 08:00,8.3,994,336.7,12,281,"",67,"","","","","",380,21,80,30,"","","","","","","","","","",""
1131,Garhani,CGWB,10,Bihar,193,BHOJPUR,CHARPOKHARI,CHARPOKHARI,Garhani,-,-,-,-,-,-,25.42083333,84.55833333,30-05-2020 08:00,8.3,994,"","",281,"",67,"","","","","","",21,80,30,"","","","","","","","","","",""
1132,Garhpar,CGWB,10,Bihar,210,NAWADA,NAWADA,NAWADA,Garhpar,-,-,-,-,-,-,24.88861111,85.54027778,30-05-2019 08:00,7.7,680,343.2,0,201,"",124.1,"","","","","",290,80,22,25,"","","","","","","","","","",""
1133,Garhpar,CGWB,10,Bihar,210,NAWADA,NAWADA,NAWADA,Garhpar,-,-,-,-,-,-,24.88861111,85.54027778,30-05-2020 08:00,7.7,680,"","",201,"",124.1,"","","","","","",80,22,25,"","","","","","","","","","",""
1134,Garkha,CGWB,10,Bihar,218,SARAN,GARKHA,GARKHA,Garkha,-,-,-,-,-,-,25.82500000,84.89166667,25-05-2008 00:00,8.08,620,"",0,171,"",67,"","","","","",210,60,15,35,"","","","","","","","","","",""
1135,Garkha,CGWB,10,Bihar,218,SARAN,GARKHA,GARKHA,Garkha,-,-,-,-,-,-,25.82500000,84.89166667,25-05-2009 00:00,"",600,"",0,232,"",36,"","","","","",200,58,13,35,"","","","","","","","","","",""
1136,Garkha,CGWB,10,Bihar,218,SARAN,GARKHA,GARKHA,Garkha,-,-,-,-,-,-,25.82500000,84.89166667,25-05-2010 00:00,"",432,"",0,232,"",18,"","","","","",190,62,8.5,13,"","","","","","","","","","",""
1137,Garkha,CGWB,10,Bihar,218,SARAN,GARKHA,GARKHA,Garkha,-,-,-,-,-,-,25.82500000,84.89166667,25-05-2011 00:00,8.62,456,"",18,268.4,"",24.85,"","","","","",185,50,14.65,27,"","","","","","","","","","",""
1138,Garkha,CGWB,10,Bihar,218,SARAN,GARKHA,GARKHA,Garkha,-,-,-,-,-,-,25.82500000,84.89166667,25-05-2012 00:00,7.13,1613,"",0,582.9,"",237.52,"","","","","",242,10,51,242,"","","","","","","","","","",""
1139,Garkha,CGWB,10,Bihar,218,SARAN,GARKHA,GARKHA,Garkha,-,-,-,-,-,-,25.82500000,84.89166667,25-05-2013 00:00,7.08,1571,"",0,555,"",212.7,"",15,"","","",330,54,47.48,202,"","","","","","","","","","",""
1140,Garkha,CGWB,10,Bihar,218,SARAN,GARKHA,GARKHA,Garkha,-,-,-,-,-,-,25.82500000,84.89166667,25-05-2016 00:00,8.1,591,384.15,0,209.1,"",46.085,"",10,"",8.31,"",185,46,17.01,52.03,"","","","","","","","","","",""
1141,Garkha,CGWB,10,Bihar,218,SARAN,GARKHA,GARKHA,Garkha,-,-,-,-,-,-,25.82500000,84.89166667,30-05-2019 08:00,7.22,648,399.75,0,268.488,"",31.86,"","","","","",180,16,34.0256,36.21,"","","","","","","","","","",""
1142,Garkha,CGWB,10,Bihar,218,SARAN,GARKHA,GARKHA,Garkha,-,-,-,-,-,-,25.82500000,84.89166667,30-05-2020 08:00,7.22,648,"","",268.488,"",31.86,"","","","","","",16,34.0256,36.21,"","","","","","","","","","",""
1143,Garkha,CGWB,10,Bihar,218,SARAN,GARKHA,GARKHA,Garkha,-,-,-,-,-,-,25.82500000,84.89166667,30-05-2021 08:00,7.76,730,"",0,319,"",54,"",34,"","","",256,47,34,44.6,"","","","","","","","","","",""
1144,Gaurakhini,CGWB,10,Bihar,199,JEHANABAD,JEHANABAD,JEHANABAD,Gaurakhini,-,-,-,-,-,-,25.20888889,84.98638889,30-05-2021 08:00,8.23,480,"",0,244,"",17,"",17,"","","",175,42,17,29,"","","","","","","","","","",""
1145,Gaushala Chowk,CGWB,10,Bihar,205,MADHEPURA,MURLIGANJ,MURLIGANJ,Gaushala Chowk,-,-,-,-,-,-,25.59277778,86.93833333,25-05-2013 00:00,8.34,608,"",12,225.7,"",49.6,"",2.5,"","","",175,10,36.48,29.9,"","","","","","","","","","",""
1146,Gaushala Chowk,CGWB,10,Bihar,205,MADHEPURA,MURLIGANJ,MURLIGANJ,Gaushala Chowk,-,-,-,-,-,-,25.59277778,86.93833333,25-05-2016 00:00,8.03,668,434.2,0,305,"",60.282,"",5.6,"",13.7,"",245,20,46.8,30,"","","","","","","","","","",""
1147,Gaushala Chowk,CGWB,10,Bihar,205,MADHEPURA,MURLIGANJ,MURLIGANJ,Gaushala Chowk,-,-,-,-,-,-,25.59277778,86.93833333,30-05-2019 08:00,8.482,474.6,222.365,15,170.93665,"",56.72,"","","","","",190,38.0304,23.039806,24.88,"","","","","","","","","","",""
1148,Gaushala Chowk,CGWB,10,Bihar,205,MADHEPURA,MURLIGANJ,MURLIGANJ,Gaushala Chowk,-,-,-,-,-,-,25.59277778,86.93833333,30-05-2020 08:00,8.482,474.6,"","",170.93665,"",56.72,"","","","","","",38.0304,23.039806,24.88,"","","","","","","","","","",""
1149,Ghoga rly stn,CGWB,10,Bihar,192,BHAGALPUR,COLGONG,COLGONG,Ghoga rly stn,-,-,-,-,-,-,25.20833333,87.17500000,25-05-2005 00:00,7.51,1100,"",0,214,"",178,"","","","","",270,72,21.97,115,"","","","","","","","","","",""
1150,Ghoga rly stn,CGWB,10,Bihar,192,BHAGALPUR,COLGONG,COLGONG,Ghoga rly stn,-,-,-,-,-,-,25.20833333,87.17500000,25-05-2008 00:00,8.38,870,"",12,79,"",167,"","","","","",290,66,30,58,"","","","","","","","","","",""
1151,Ghoga rly stn,CGWB,10,Bihar,192,BHAGALPUR,COLGONG,COLGONG,Ghoga rly stn,-,-,-,-,-,-,25.20833333,87.17500000,25-05-2013 00:00,7.27,1140,"",0,397,"",135,"",0,"","","",420,120,29.32,60,"","","","","","","","","","",""
1152,Ghorashan,CGWB,10,Bihar,213,PURBA CHAMPARAN,GHORASAHAN,GHORASAHAN,Ghorashan,-,-,-,-,-,-,26.81666667,85.14166667,25-05-2002 00:00,8.23,524,"","","","","","","","","","","","","","","","","","","","","","","","",""
1153,Ghorashan,CGWB,10,Bihar,213,PURBA CHAMPARAN,GHORASAHAN,GHORASAHAN,Ghorashan,-,-,-,-,-,-,26.82888889,85.13555556,25-05-2007 00:00,7.73,850,"","",281,230.3,99,"",34,"","","",300,80,24,52,"","","","","","","","","","",""
1154,Ghorashan,CGWB,10,Bihar,213,PURBA CHAMPARAN,GHORASAHAN,GHORASAHAN,Ghorashan,-,-,-,-,-,-,26.81666667,85.14166667,25-05-2010 00:00,"",948,"",0,317,"",135,"","","","","",300,38,50,66,"","","","","","","","","","",""
1155,Ghorashan,CGWB,10,Bihar,213,PURBA CHAMPARAN,GHORASAHAN,GHORASAHAN,Ghorashan,-,-,-,-,-,-,26.81666667,85.14166667,25-05-2016 00:00,8.1,394,"",0,153,"",28,"",18.5,"",4.6,"",145,36,13,17,"","","","","","","","","","",""
1156,Ghoshi,CGWB,10,Bihar,199,JEHANABAD,GHOSHI,GHOSHI,Ghoshi,-,-,-,-,-,-,25.16944444,85.10833333,25-05-2001 00:00,8.58,330,"",12,140,"",18,"","","","","",120,20,17,16,"","","","","","","","","","",""
1157,Ghoshi,CGWB,10,Bihar,199,JEHANABAD,GHOSHI,GHOSHI,Ghoshi,-,-,-,-,-,-,25.16250000,85.10833333,25-05-2012 00:00,8.48,365,"",48,85.414,"",21.276,"","","","","",120,16.032,19.47,28,"","","","","","","","","","",""
1158,Ghoshi,CGWB,10,Bihar,199,JEHANABAD,GHOSHI,GHOSHI,Ghoshi,-,-,-,-,-,-,25.16250000,85.10833333,25-05-2013 00:00,8.48,365,"",48,85.4,"",21.3,"",0,"","","",120,16,19.47,28,"","","","","","","","","","",""
1159,Ghoshi,CGWB,10,Bihar,199,JEHANABAD,GHOSHI,GHOSHI,Ghoshi,-,-,-,-,-,-,25.16944444,85.10833333,25-05-2016 00:00,7.77,1039,675.35,0,418.2,"",42.54,"",34.71,"",6.52,"",230,68,14.58,95.24,"","","","","","","","","","",""
1160,Ghoshi,CGWB,10,Bihar,199,JEHANABAD,GHOSHI,GHOSHI,Ghoshi,-,-,-,-,-,-,25.16250000,85.10833333,25-05-2016 00:00,7.77,1039,675.35,0,418.2,"",42.54,"",34.71,"",6.52,"",230,68,14.58,95.24,"","","","","","","","","","",""
1161,Ghoshi,CGWB,10,Bihar,199,JEHANABAD,GHOSHI,GHOSHI,Ghoshi,-,-,-,-,-,-,25.16250000,85.10833333,30-05-2019 08:00,8.24,491,632.45,0,260,"",14.2,"","","","","",165,40,15.795,30,"","","","","","","","","","",""
1162,Ghoshi,CGWB,10,Bihar,199,JEHANABAD,GHOSHI,GHOSHI,Ghoshi,-,-,-,-,-,-,25.16250000,85.10833333,30-05-2020 08:00,8.24,491,"","",260,"",14.2,"","","","","","",40,15.795,30,"","","","","","","","","","",""
1163,Ghoshi,CGWB,10,Bihar,199,JEHANABAD,GHOSHI,GHOSHI,Ghoshi,-,-,-,-,-,-,25.16250000,85.10833333,30-05-2021 08:00,8.5,720,"",6,165,"",84,"",52,"","","",240,53,26,54,"","","","","","","","","","",""
1164,Giddha,CGWB,10,Bihar,193,BHOJPUR,KOILWAR,KOILWAR,Giddha,-,-,-,-,-,-,25.58694444,84.74694444,30-05-2021 08:00,8.19,250,"",0,97,"",19,"",12,"","","",93,26,7,11.8,"","","","","","","","","","",""
1165,Gidhaur,CGWB,10,Bihar,198,JAMUI,LAKSHMIPUR,LAKSHMIPUR,Gidhaur,-,-,-,-,-,-,24.85416667,86.32444444,25-05-2002 00:00,8.17,402,"","","","","","","","","","","","","","","","","","","","","","","","",""
1166,Gidhaur,CGWB,10,Bihar,198,JAMUI,LAKSHMIPUR,LAKSHMIPUR,Gidhaur,-,-,-,-,-,-,24.85416667,86.32444444,25-05-2003 00:00,7.89,550,"","","","","","","","","","","","","","","","","","","","","","","","",""
1167,Gidhaur,CGWB,10,Bihar,198,JAMUI,LAKSHMIPUR,LAKSHMIPUR,Gidhaur,-,-,-,-,-,-,24.85416667,86.32444444,25-05-2007 00:00,7.67,650,"","",220,180.3,39,"","","","","",240,52,27,35,"","","","","","","","","","",""
1168,Gidhaur,CGWB,10,Bihar,198,JAMUI,LAKSHMIPUR,LAKSHMIPUR,Gidhaur,-,-,-,-,-,-,24.85416667,86.32444444,25-05-2010 00:00,8.16,478,"",0,201,"",35,"","","","","",170,42,16,28,"","","","","","","","","","",""
1169,Gidhaur,CGWB,10,Bihar,198,JAMUI,LAKSHMIPUR,LAKSHMIPUR,Gidhaur,-,-,-,-,-,-,24.85416667,86.32444444,25-05-2011 00:00,8.16,478,"",0,201,"",35,"","","","","",170,42,15.85,28,"","","","","","","","","","",""
1170,Gidhaur,CGWB,10,Bihar,198,JAMUI,LAKSHMIPUR,LAKSHMIPUR,Gidhaur,-,-,-,-,-,-,24.85416667,86.32444444,25-05-2012 00:00,8.14,475,"",0,201,"",35,"","","","","",170,42,16,26,"","","","","","","","","","",""
1171,Gidhaur,CGWB,10,Bihar,198,JAMUI,LAKSHMIPUR,LAKSHMIPUR,Gidhaur,-,-,-,-,-,-,24.85416667,86.32444444,25-05-2013 00:00,8.21,420,"",0,207,"",14,"",0,"","","",160,36,17.06,20,"","","","","","","","","","",""
1172,Gidhaur,CGWB,10,Bihar,198,JAMUI,LAKSHMIPUR,LAKSHMIPUR,Gidhaur,-,-,-,-,-,-,24.85416667,86.32444444,25-05-2016 00:00,7.28,549,356.85,0,252.15,"",17.73,"",27.49,"",17.38,"",195,20,35.23,48.5,"","","","","","","","","","",""
1173,Giriak,CGWB,10,Bihar,209,NALANDA,GIRIAK,GIRIAK,Giriak,-,-,-,-,-,-,25.03388889,85.53388889,25-05-2001 00:00,8.81,720,"",36,195,"",64,"","","","","",245,60,23,39,"","","","","","","","","","",""
1174,Giriak,CGWB,10,Bihar,209,NALANDA,GIRIAK,GIRIAK,Giriak,-,-,-,-,-,-,25.02500000,85.52916667,25-05-2002 00:00,8.02,506,"","","","","","","","","","","","","","","","","","","","","","","","",""
1175,Giriak,CGWB,10,Bihar,209,NALANDA,GIRIAK,GIRIAK,Giriak,-,-,-,-,-,-,25.02500000,85.52916667,25-05-2005 00:00,7.67,700,"",0,311,"",28,"","","","","",265,48,35.31,35,"","","","","","","","","","",""
1176,Giriak,CGWB,10,Bihar,209,NALANDA,GIRIAK,GIRIAK,Giriak,-,-,-,-,-,-,25.02500000,85.52916667,25-05-2011 00:00,7.81,670,"",0,329,"",32,"","","","","",235,82,7.39,44,"","","","","","","","","","",""
1177,Giriak,CGWB,10,Bihar,209,NALANDA,GIRIAK,GIRIAK,Giriak,-,-,-,-,-,-,25.02500000,85.52916667,25-05-2012 00:00,8.23,423,"",0,170.828,"",28.368,"","","","","",140,20.04,21.91,31,"","","","","","","","","","",""
1178,Giriak,CGWB,10,Bihar,209,NALANDA,GIRIAK,GIRIAK,Giriak,-,-,-,-,-,-,25.02500000,85.52916667,25-05-2013 00:00,8.23,423,"",0,170.8,"",28.4,"",9.6,"","","",140,20,21.91,31,"","","","","","","","","","",""
1179,Giriak,CGWB,10,Bihar,209,NALANDA,GIRIAK,GIRIAK,Giriak,-,-,-,-,-,-,25.02500000,85.52916667,25-05-2016 00:00,7.13,1911,1242.15,0,610,"",173,"",78,"",42,"",680,72,109.35,133,"","","","","","","","","","",""
1180,Giriak,CGWB,10,Bihar,209,NALANDA,GIRIAK,GIRIAK,Giriak,-,-,-,-,-,-,25.02500000,85.52916667,30-05-2019 08:00,7.9,535,339.3,0,159,"",70.9,"","","","","",200,58,13,23,"","","","","","","","","","",""
1181,Giriak,CGWB,10,Bihar,209,NALANDA,GIRIAK,GIRIAK,Giriak,-,-,-,-,-,-,25.02500000,85.52916667,30-05-2020 08:00,7.9,535,"","",159,"",70.9,"","","","","","",58,13,23,"","","","","","","","","","",""
1182,Giriak,CGWB,10,Bihar,209,NALANDA,GIRIAK,GIRIAK,Giriak,-,-,-,-,-,-,25.02500000,85.52916667,30-05-2021 08:00,8.4,400,"",3,360,"",14,"",14,"","","",158,22,24,95,"","","","","","","","","","",""
1183,Gobadda,CGWB,10,Bihar,207,MUNGER,KHARAGPUR,KHARAGPUR,Gobadda,-,-,-,-,-,-,25.19472222,86.59083333,30-05-2019 08:00,8.1,1051,382.2,0,421,"",74,"","","","","",371,16,80,55,"","","","","","","","","","",""
1184,Gobadda,CGWB,10,Bihar,207,MUNGER,KHARAGPUR,KHARAGPUR,Gobadda,-,-,-,-,-,-,25.19472222,86.59083333,30-05-2020 08:00,8.1,1051,"","",421,"",74,"","","","","","",16,80,55,"","","","","","","","","","",""
1185,Gobindganj,CGWB,10,Bihar,213,PURBA CHAMPARAN,PAHARPUR,PAHARPUR,Gobindganj,-,-,-,-,-,-,26.65416667,84.66250000,25-05-2002 00:00,8.63,602,"","","","","","","","","","","","","","","","","","","","","","","","",""
1186,Gobindganj,CGWB,10,Bihar,213,PURBA CHAMPARAN,PAHARPUR,PAHARPUR,Gobindganj,-,-,-,-,-,-,26.65416667,84.66250000,25-05-2008 00:00,8.19,625,"",0,311,"",7.1,"","","","","",200,32,29.21,46,"","","","","","","","","","",""
1187,Gobindganj,CGWB,10,Bihar,213,PURBA CHAMPARAN,PAHARPUR,PAHARPUR,Gobindganj,-,-,-,-,-,-,26.65416667,84.66250000,25-05-2009 00:00,"",371,"",12,189,"",7.1,"","","","","",115,8,23,47,"","","","","","","","","","",""
1188,Gobindganj,CGWB,10,Bihar,213,PURBA CHAMPARAN,PAHARPUR,PAHARPUR,Gobindganj,-,-,-,-,-,-,26.65416667,84.66250000,25-05-2010 00:00,"",1075,"",0,457,"",114,"","","","","",375,28,74,80,"","","","","","","","","","",""
1189,Gobindganj,CGWB,10,Bihar,213,PURBA CHAMPARAN,PAHARPUR,PAHARPUR,Gobindganj,-,-,-,-,-,-,26.65416667,84.66250000,25-05-2011 00:00,7.53,900,"",0,464,"",32,"","","","","",250,38,37.73,90,"","","","","","","","","","",""
1190,Gobindganj,CGWB,10,Bihar,213,PURBA CHAMPARAN,PAHARPUR,PAHARPUR,Gobindganj,-,-,-,-,-,-,26.65416667,84.66250000,25-05-2013 00:00,8.59,445,"",12,232,"",14,"",10,"","","",150,12,29.19,41,"","","","","","","","","","",""
1191,Gobindganj,CGWB,10,Bihar,213,PURBA CHAMPARAN,PAHARPUR,PAHARPUR,Gobindganj,-,-,-,-,-,-,26.65416667,84.66250000,25-05-2016 00:00,7.99,423,"",0,183,"",35,"",12.3,"",3.9,"",140,30,16,25,"","","","","","","","","","",""
1192,Gonama,CGWB,10,Bihar,210,NAWADA,NAWADA,NAWADA,Gonama,-,-,-,-,-,-,24.90944444,85.53638889,30-05-2019 08:00,8.2,528,201.5,0,122,"",117,"","","","","",200,20,36,32,"","","","","","","","","","",""
1193,Gonama,CGWB,10,Bihar,210,NAWADA,NAWADA,NAWADA,Gonama,-,-,-,-,-,-,24.90944444,85.53638889,30-05-2020 08:00,8.2,528,"","",122,"",117,"","","","","","",20,36,32,"","","","","","","","","","",""
1194,Gonama,CGWB,10,Bihar,210,NAWADA,NAWADA,NAWADA,Gonama,-,-,-,-,-,-,24.90944444,85.53638889,30-05-2021 08:00,7.75,380,"",0,176,"",19,"",14,"","","",149,37,14,16.83,"","","","","","","","","","",""
1195,Gopalganj,CGWB,10,Bihar,197,GOPALGANJ,GOPALGANJ,GOPALGANJ,Gopalganj,-,-,-,-,-,-,26.46666667,84.44583333,25-05-2013 00:00,8.07,847,"",0,458,"",24.8,"",1.4,"","","",225,16,45,77,"","","","","","","","","","",""
1196,Gopalpur,CGWB,10,Bihar,191,BEGUSARAI,BEGUSARAI,BEGUSARAI,Gopalpur,-,-,-,-,-,-,25.44166667,86.20277778,25-05-2011 00:00,7.6,677,"",0,372,"",14,"","","","","",275,39,43.2,23,"","","","","","","","","","",""
1197,Gopalpur,CGWB,10,Bihar,191,BEGUSARAI,BEGUSARAI,BEGUSARAI,Gopalpur,-,-,-,-,-,-,25.44166667,86.20277778,25-05-2013 00:00,7.42,960,"",0,329.4,"",134.7,"",28.4,"","","",360,2,86.31,59,"","","","","","","","","","",""
1198,Gopalpur,CGWB,10,Bihar,191,BEGUSARAI,BEGUSARAI,BEGUSARAI,Gopalpur,-,-,-,-,-,-,25.44166667,86.20277778,25-05-2016 00:00,7.59,740,481,0,244,"",92.196,"",42,"",1.6,"",300,64,33.6,32,"","","","","","","","","","",""
1199,Gularia,CGWB,10,Bihar,213,PURBA CHAMPARAN,MOTIHARI,MOTIHARI,Gularia,-,-,-,-,-,-,26.75611111,84.99638889,25-05-2011 00:00,7.72,510,"",0,305,"","","","","","","",145,38,12.2,50,"","","","","","","","","","",""
1200,Guljarpur,CGWB,10,Bihar,193,BHOJPUR,SAHAR,SAHAR,Guljarpur,-,-,-,-,-,-,25.26000000,84.59722222,30-05-2019 08:00,8,518,395.85,0,215,"",21,"","","","","",291,42,26,7,"","","","","","","","","","",""
1201,Guljarpur,CGWB,10,Bihar,193,BHOJPUR,SAHAR,SAHAR,Guljarpur,-,-,-,-,-,-,25.26000000,84.59722222,30-05-2020 08:00,8,518,"","",215,"",21,"","","","","","",42,26,7,"","","","","","","","","","",""
1202,Guljarpur,CGWB,10,Bihar,193,BHOJPUR,SAHAR,SAHAR,Guljarpur,-,-,-,-,-,-,25.26000000,84.59722222,30-05-2021 08:00,8.4,420,"",3,171,"",23,"",25,"","","",168,31,22,16.7,"","","","","","","","","","",""
1203,Guraul,CGWB,10,Bihar,224,VAISHALI,GORAUL,GORAUL,Guraul,-,-,-,-,-,-,25.94166667,85.32500000,25-05-2001 00:00,8.25,620,"",0,311,"",14,"","","","","",205,16,40,44,"","","","","","","","","","",""
1204,Guraul,CGWB,10,Bihar,224,VAISHALI,GORAUL,GORAUL,Guraul,-,-,-,-,-,-,25.94166667,85.32500000,25-05-2016 00:00,7.42,761,494.65,0,362.85,"",35.45,"",0,"",8.81,"",280,42,45.52,44.2,"","","","","","","","","","",""
1205,Gurwalia,CGWB,10,Bihar,211,PASHCHIM CHAMPARAN,CHANPATIA,CHANPATIA,Gurwalia,-,-,-,-,-,-,26.91388889,84.43750000,30-05-2019 08:00,7.58,926,642.2,0,195.264,"",148.68,"","","","","",265,42,38.8864,65.44,"","","","","","","","","","",""
1206,Gurwalia,CGWB,10,Bihar,211,PASHCHIM CHAMPARAN,CHANPATIA,CHANPATIA,Gurwalia,-,-,-,-,-,-,26.91388889,84.43750000,30-05-2020 08:00,7.58,926,"","",195.264,"",148.68,"","","","","","",42,38.8864,65.44,"","","","","","","","","","",""
1207,Gwalpara,CGWB,10,Bihar,205,MADHEPURA,UDA KISHANGANJ,UDA KISHANGANJ,Gwalpara,-,-,-,-,-,-,25.75416667,86.90555556,25-05-2003 00:00,7.5,310,"","","","","","","","","","","","","","","","","","","","","","","","",""
1208,Gwalpara,CGWB,10,Bihar,205,MADHEPURA,UDA KISHANGANJ,UDA KISHANGANJ,Gwalpara,-,-,-,-,-,-,25.75416667,86.90555556,25-05-2011 00:00,7.36,500,"",0,262,"",25,"","","","","",165,40,15.85,23,"","","","","","","","","","",""
1209,Gwalpara,CGWB,10,Bihar,205,MADHEPURA,UDA KISHANGANJ,UDA KISHANGANJ,Gwalpara,-,-,-,-,-,-,25.75416667,86.90555556,25-05-2013 00:00,8.43,383,"",12,164.7,"",28.4,"",2.1,"","","",125,6,26.75,20.1,"","","","","","","","","","",""
1210,Gwalpara,CGWB,10,Bihar,205,MADHEPURA,UDA KISHANGANJ,UDA KISHANGANJ,Gwalpara,-,-,-,-,-,-,25.75416667,86.90555556,25-05-2016 00:00,7.96,536,348.4,0,232,"",35.46,"",20,"",0.9,"",215,40,27.6,17,"","","","","","","","","","",""
1211,Hafla,CGWB,10,Bihar,201,KATIHAR,KATIHAR,KATIHAR,Hafla,-,-,-,-,-,-,25.49166667,87.59166667,25-05-2008 00:00,8.55,718,"",12,110,"",64,"","","","","",175,40,18.28,41,"","","","","","","","","","",""
1212,Hafla,CGWB,10,Bihar,201,KATIHAR,KATIHAR,KATIHAR,Hafla,-,-,-,-,-,-,25.49166667,87.59166667,25-05-2009 00:00,"",740,"",0,293,"",64,"","","","","",235,46,29,51,"","","","","","","","","","",""
1213,Hafla,CGWB,10,Bihar,201,KATIHAR,KATIHAR,KATIHAR,Hafla,-,-,-,-,-,-,25.49166667,87.59166667,25-05-2011 00:00,7.48,618,"",0,256.2,"",67.45,"","","","","",210,42,25.58,41,"","","","","","","","","","",""
1214,Hafla,CGWB,10,Bihar,201,KATIHAR,KATIHAR,KATIHAR,Hafla,-,-,-,-,-,-,25.49166667,87.59166667,25-05-2013 00:00,7.02,839,"",0,317.2,"",53.2,"",23.5,"","","",240,50,27.9,46.7,"","","","","","","","","","",""
1215,Hafla,CGWB,10,Bihar,201,KATIHAR,KATIHAR,KATIHAR,Hafla,-,-,-,-,-,-,25.49166667,87.59166667,25-05-2016 00:00,8.03,868,"",0,311.1,"",95.742,"",5.36,"",8.62,"",275,28,49.2,56.93,"","","","","","","","","","",""
1216,Hafla1,CGWB,10,Bihar,201,KATIHAR,KATIHAR,KATIHAR,Hafla,-,-,-,-,-,-,25.49194444,87.59222222,25-05-2008 00:00,8.55,718,"",12,110,"",64,"","","","","",175,40,18,41,"","","","","","","","","","",""
1217,Hajipur,CGWB,10,Bihar,224,VAISHALI,RAGHOPUR,RAGHOPUR,Hajipur,-,-,-,-,-,-,25.67500000,85.23000000,25-05-2001 00:00,7.56,1500,"",0,525,"",64,"","","","","",480,86,64,104,"","","","","","","","","","",""
1218,Hajipur,CGWB,10,Bihar,224,VAISHALI,HAJIPUR,HAJIPUR,Hajipur,-,-,-,-,-,-,25.70416667,85.22916667,25-05-2002 00:00,7.89,489,"","","","","","","","","","","","","","","","","","","","","","","","",""
1219,Hajipur,CGWB,10,Bihar,224,VAISHALI,RAGHOPUR,RAGHOPUR,Hajipur,-,-,-,-,-,-,25.67500000,85.23000000,25-05-2006 00:00,7.79,650,"","",275,"",25,"","","","","",235,36,35.3,35,"","","","","","","","","","",""
1220,Hajipur,CGWB,10,Bihar,224,VAISHALI,RAGHOPUR,RAGHOPUR,Hajipur,-,-,-,-,-,-,25.67500000,85.23000000,25-05-2007 00:00,7.28,350,"","",153,125.4,11,"","","","","",105,16,16,24,"","","","","","","","","","",""
1221,Hajipur,CGWB,10,Bihar,224,VAISHALI,RAGHOPUR,RAGHOPUR,Hajipur,-,-,-,-,-,-,25.67500000,85.23000000,25-05-2008 00:00,7.98,450,"",0,226,"",7.1,"","","","","",160,50,8.5,23,"","","","","","","","","","",""
1222,Hajipur,CGWB,10,Bihar,224,VAISHALI,HAJIPUR,HAJIPUR,Hajipur,-,-,-,-,-,-,25.70416667,85.22916667,25-05-2009 00:00,"",450,"",42,226,"",11,"","","","","",150,30,18,28,"","","","","","","","","","",""
1223,Hajipur,CGWB,10,Bihar,224,VAISHALI,HAJIPUR,HAJIPUR,Hajipur,-,-,-,-,-,-,25.70416667,85.22916667,25-05-2012 00:00,8.37,296,"",6,141.5,"",14.18,"","","","","",100,10,18,11,"","","","","","","","","","",""
1224,Hajipur,CGWB,10,Bihar,224,VAISHALI,HAJIPUR,HAJIPUR,Hajipur,-,-,-,-,-,-,25.70416667,85.22916667,25-05-2013 00:00,8.37,366,"",9,152.5,"",14.2,"",6,"","","",125,24,15.83,12,"","","","","","","","","","",""
1225,Hajipur,CGWB,10,Bihar,224,VAISHALI,HAJIPUR,HAJIPUR,Hajipur,-,-,-,-,-,-,25.70416667,85.22916667,25-05-2016 00:00,8.44,315,204.75,9,140,"",10.63,"",0,"",21,"",125,24,16,11,"","","","","","","","","","",""
1226,Harchandpur,CGWB,10,Bihar,192,BHAGALPUR,COLGONG,COLGONG,Harchandpur,-,-,-,-,-,-,25.23944444,87.33611111,30-05-2019 08:00,8,342,453.05,0,164,"",16,"","","","","",109,30,8.26336,28,"","","","","","","","","","",""
1227,Harchandpur,CGWB,10,Bihar,192,BHAGALPUR,COLGONG,COLGONG,Harchandpur,-,-,-,-,-,-,25.23944444,87.33611111,30-05-2020 08:00,8,342,"","",164,"",16,"","","","","","",30,8.26336,28,"","","","","","","","","","",""
1228,Hardi,CGWB,10,Bihar,223,SUPAUL,MARAUNA,MARAUNA,Hardi,-,-,-,-,-,-,26.06305556,86.68472222,30-05-2019 08:00,8.27,358,235.3,0,202.95,"",11.2,"","","","","",150,20,24.3,16.34,"","","","","","","","","","",""
1229,Hardi,CGWB,10,Bihar,223,SUPAUL,MARAUNA,MARAUNA,Hardi,-,-,-,-,-,-,26.06305556,86.68472222,30-05-2020 08:00,8.27,358,"","",202.95,"",11.2,"","","","","","",20,24.3,16.34,"","","","","","","","","","",""
1230,Hardia,CGWB,10,Bihar,222,SIWAN,BASANTPUR,BASANTPUR,Hardia,-,-,-,-,-,-,26.18138889,84.60722222,25-05-2013 00:00,7.68,697,"",0,292.8,"",35.5,"",17,"","","",215,32,32.86,22,"","","","","","","","","","",""
1231,Hardia,CGWB,10,Bihar,222,SIWAN,BASANTPUR,BASANTPUR,Hardia,-,-,-,-,-,-,26.18138889,84.60722222,25-05-2016 00:00,8.12,371,241.15,0,166.05,"",17.72,"",14,"",27.3,"",130,14,23,28,"","","","","","","","","","",""
1232,Hardia,CGWB,10,Bihar,222,SIWAN,BASANTPUR,BASANTPUR,Hardia,-,-,-,-,-,-,26.18138889,84.60722222,30-05-2019 08:00,7.4,630,718.25,0,231.876,"",28.32,"","","","","",240,58,23.0888,6.7,"","","","","","","","","","",""
1233,Hardia,CGWB,10,Bihar,222,SIWAN,BASANTPUR,BASANTPUR,Hardia,-,-,-,-,-,-,26.18138889,84.60722222,30-05-2020 08:00,7.4,630,"","",231.876,"",28.32,"","","","","","",58,23.0888,6.7,"","","","","","","","","","",""
1234,Hardia,CGWB,10,Bihar,222,SIWAN,BASANTPUR,BASANTPUR,Hardia,-,-,-,-,-,-,26.18138889,84.60722222,30-05-2021 08:00,8.3,1500,"",0,519,"",151,"",152,"","","",61,25,50,250,"","","","","","","","","","",""
1235,Haridia,CGWB,10,Bihar,191,BEGUSARAI,BEGUSARAI,BEGUSARAI,Haridia,-,-,-,-,-,-,25.45472222,86.14222222,25-05-2013 00:00,7.96,556,"",0,335.5,"",10.6,"",0.7,"","","",220,8,48.64,28.2,"","","","","","","","","","",""
1236,Haridia,CGWB,10,Bihar,191,BEGUSARAI,BEGUSARAI,BEGUSARAI,Haridia,-,-,-,-,-,-,25.45472222,86.14222222,25-05-2016 00:00,7.71,769,499.85,0,195,"",120.564,"",21.6,"",8.7,"",165,40,15.6,73,"","","","","","","","","","",""
1237,Haridia,CGWB,10,Bihar,191,BEGUSARAI,BEGUSARAI,BEGUSARAI,Haridia,-,-,-,-,-,-,25.45472222,86.14222222,30-05-2019 08:00,8.453,756.2,670.8,18,219.77568,"",106.35,"","","","","",245,42.0336,33.960194,94.55,"","","","","","","","","","",""
1238,Haridia,CGWB,10,Bihar,191,BEGUSARAI,BEGUSARAI,BEGUSARAI,Haridia,-,-,-,-,-,-,25.45472222,86.14222222,30-05-2020 08:00,8.453,756.2,"","",219.77568,"",106.35,"","","","","","",42.0336,33.960194,94.55,"","","","","","","","","","",""
1239,Haripur,CGWB,10,Bihar,188,ARARIA,FORBESGANJ,FORBESGANJ,Haripur,-,-,-,-,-,-,26.25750000,87.23111111,25-05-2013 00:00,6.9,175,"",0,61,"",10.6,"",2.2,"","","",40,8,4.87,8.8,"","","","","","","","","","",""
1240,Haripur,CGWB,10,Bihar,188,ARARIA,FORBESGANJ,FORBESGANJ,Haripur,-,-,-,-,-,-,26.25750000,87.23111111,25-05-2016 00:00,7.84,372,"",0,143.96,"",17.73,"",24.13,"",14.62,"",125,18,19.2,25.26,"","","","","","","","","","",""
1241,Harlakhi,CGWB,10,Bihar,206,MADHUBANI,HARLAKHI,HARLAKHI,Harlakhi,-,-,-,-,-,-,26.63916667,85.98472222,30-05-2019 08:00,8.19,334,292.5,0,202.95,"",0.265,"","","","","",122.15744,33.021,9.624,23.33,"","","","","","","","","","",""
1242,Harlakhi,CGWB,10,Bihar,206,MADHUBANI,HARLAKHI,HARLAKHI,Harlakhi,-,-,-,-,-,-,26.63916667,85.98472222,30-05-2020 08:00,8.19,334,"","",202.95,"",0.265,"","","","","","",33.021,9.624,23.33,"","","","","","","","","","",""
1243,Harnatanr,CGWB,10,Bihar,211,PASHCHIM CHAMPARAN,SIDHAW,SIDHAW,Harnatan,-,-,-,-,-,-,27.30916667,84.05138889,25-05-2007 00:00,8.38,1030,"",36,220,240.3,114,"",45,"","","",320,112,9.7,85,"","","","","","","","","","",""
1244,Harnatanr,CGWB,10,Bihar,211,PASHCHIM CHAMPARAN,SIDHAW,SIDHAW,Harnatan,-,-,-,-,-,-,27.30916667,84.05138889,25-05-2016 00:00,7.87,323,"",0,140,"",25,"",6,"",3.3,"",110,26,11,23,"","","","","","","","","","",""
1245,Harnatanr,CGWB,10,Bihar,211,PASHCHIM CHAMPARAN,SIDHAW,SIDHAW,Harnatanr,-,-,-,-,-,-,27.31277778,84.02583333,30-05-2019 08:00,8.17,988,227.5,0,122.04,"",134.52,"","","","","",305,100,13.3672,71.2,"","","","","","","","","","",""
1246,Harnatanr,CGWB,10,Bihar,211,PASHCHIM CHAMPARAN,SIDHAW,SIDHAW,Harnatanr,-,-,-,-,-,-,27.31277778,84.02583333,30-05-2020 08:00,8.17,988,"","",122.04,"",134.52,"","","","","","",100,13.3672,71.2,"","","","","","","","","","",""
1247,Harnath Kundi,CGWB,10,Bihar,193,BHOJPUR,UDWANT NAGAR,UDWANTNAGAR,Harnath Kundi,-,-,-,-,-,-,25.57250000,84.57250000,30-05-2021 08:00,8.4,630,"",3,207,"",79,"",20,"","","",153,33,17,72,"","","","","","","","","","",""
1248,Harnaut,CGWB,10,Bihar,209,NALANDA,RAHUI,RAHUI,Harnaut,-,-,-,-,-,-,25.37638889,85.53722222,25-05-2001 00:00,8.77,1350,"",54,293,"",167,"","","","","",195,14,39,205,"","","","","","","","","","",""
1249,Harnaut,CGWB,10,Bihar,209,NALANDA,HARNAUT,HARNAUT,Harnaut,-,-,-,-,-,-,25.37500000,85.52916667,25-05-2002 00:00,8.73,602,"","","","","","","","","","","","","","","","","","","","","","","","",""
1250,Harnaut,CGWB,10,Bihar,209,NALANDA,RAHUI,RAHUI,Harnaut,-,-,-,-,-,-,25.37638889,85.53722222,25-05-2007 00:00,8.13,650,"","",232,190.2,82,"","","","","",175,32,23,46,"","","","","","","","","","",""
1251,Harnaut,CGWB,10,Bihar,209,NALANDA,HARNAUT,HARNAUT,Harnaut,-,-,-,-,-,-,25.37500000,85.52916667,25-05-2008 00:00,8,1059,"",0,275,"",114,"","","","","",120,16,19.47,115,"","","","","","","","","","",""
1252,Harnaut,CGWB,10,Bihar,209,NALANDA,HARNAUT,HARNAUT,Harnaut,-,-,-,-,-,-,25.37500000,85.52916667,25-05-2009 00:00,"",1180,"",24,220,"",99,"","","","","",210,52,19.51,161,"","","","","","","","","","",""
1253,Harnaut,CGWB,10,Bihar,209,NALANDA,HARNAUT,HARNAUT,Harnaut,-,-,-,-,-,-,25.37500000,85.52916667,25-05-2011 00:00,7.7,1121,"",0,519,"",89,"","","","","",255,74,17.11,128,"","","","","","","","","","",""
1254,Harnaut,CGWB,10,Bihar,209,NALANDA,HARNAUT,HARNAUT,Harnaut,-,-,-,-,-,-,25.37500000,85.52916667,25-05-2012 00:00,8.51,608,"",24,146.424,"",70.92,"","","","","",110,16.032,17.04,84,"","","","","","","","","","",""
1255,Harnaut,CGWB,10,Bihar,209,NALANDA,HARNAUT,HARNAUT,Harnaut,-,-,-,-,-,-,25.37500000,85.52916667,25-05-2013 00:00,8.51,608,"",24,146.4,"",70.9,"",24,"","","",110,16,17.04,84,"","","","","","","","","","",""
1256,Harnaut,CGWB,10,Bihar,209,NALANDA,HARNAUT,HARNAUT,Harnaut,-,-,-,-,-,-,25.37500000,85.52916667,25-05-2016 00:00,7.65,1050,682.5,0,268,"",141.8,"",31,"",40,"",100,20,12.15,159,"","","","","","","","","","",""
1257,Harnaut1,CGWB,10,Bihar,209,NALANDA,HARNAUT,HARNAUT,Harnaut,-,-,-,-,-,-,25.37527778,85.52861111,25-05-2008 00:00,8,1059,"",0,275,"",114,"","","","","",120,16,19,115,"","","","","","","","","","",""
1258,Harnaut1,CGWB,10,Bihar,209,NALANDA,HARNAUT,HARNAUT,Harnaut,-,-,-,-,-,-,25.37527778,85.52861111,25-05-2010 00:00,"",727,"",0,311,"",60,"","","","","",205,46,22,75,"","","","","","","","","","",""
1259,Harnaut1,CGWB,10,Bihar,209,NALANDA,HARNAUT,HARNAUT,Harnaut,-,-,-,-,-,-,25.37527778,85.52861111,30-05-2019 08:00,8,522,367.25,0,183,"",46.1,"","","","","",195,42,22,26,"","","","","","","","","","",""
1260,Harnaut1,CGWB,10,Bihar,209,NALANDA,HARNAUT,HARNAUT,Harnaut,-,-,-,-,-,-,25.37527778,85.52861111,30-05-2020 08:00,8,522,"","",183,"",46.1,"","","","","","",42,22,26,"","","","","","","","","","",""
1261,Harpur,CGWB,10,Bihar,224,VAISHALI,GORAUL,GORAUL,Harpur,-,-,-,-,-,-,25.91944444,85.38138889,25-05-2013 00:00,8.6,388,"",18,116,"",7.1,"",19,"","","",90,12,14.6,29,"","","","","","","","","","",""
1262,Harpur,CGWB,10,Bihar,224,VAISHALI,GORAUL,GORAUL,Harpur,-,-,-,-,-,-,25.91944444,85.38138889,25-05-2016 00:00,7.11,796,517.4,0,399.75,"",24.81,"",0,"",8.06,"",310,40,51.03,38.1,"","","","","","","","","","",""
1263,Harpur,CGWB,10,Bihar,191,BEGUSARAI,BARAUNI,BARAUNI,Harpur,-,-,-,-,-,-,25.43888889,86.07694444,30-05-2019 08:00,8.39,1032,439.01,15,244.1952,"",226.88,"","","","","",450,76.0608,63.069904,69.4,"","","","","","","","","","",""
1264,Harpur,CGWB,10,Bihar,191,BEGUSARAI,BARAUNI,BARAUNI,Harpur,-,-,-,-,-,-,25.43888889,86.07694444,30-05-2020 08:00,8.39,1032,"","",244.1952,"",226.88,"","","","","","",76.0608,63.069904,69.4,"","","","","","","","","","",""
1265,Harpur Aloth,CGWB,10,Bihar,217,SAMASTIPUR,-,-,-,-,-,-,-,-,-,25.82333300,85.74944400,30-05-2021 08:00,7.9,350.5,"",0,186.1,"",26.1,"",1.4,"","","",148.7,22.61,22.4,18.1,"","","","","","","","","","",""
1266,Harri,CGWB,10,Bihar,206,MADHUBANI,ANDHRATHARHI,ANDHRATHARHI,Harri,-,-,-,-,-,-,26.32722222,86.30527778,30-05-2019 08:00,8.07,450,312,0,276.75,"",10.473,"","","","","",102.99218,17.08,14.651,56.82,"","","","","","","","","","",""
1267,Harri,CGWB,10,Bihar,206,MADHUBANI,ANDHRATHARHI,ANDHRATHARHI,Harri,-,-,-,-,-,-,26.32722222,86.30527778,30-05-2020 08:00,8.07,450,"","",276.75,"",10.473,"","","","","","",17.08,14.651,56.82,"","","","","","","","","","",""
1268,Hathilpur,CGWB,10,Bihar,194,BUXAR,BARHAMPUR,BARHAMPUR,Hathilpur,-,-,-,-,-,-,25.63166667,84.31861111,30-05-2019 08:00,7.8,678,368.55,0,279,"",8,"","","","","",218,46,25.03312,11,"","","","","","","","","","",""
1269,Hathilpur,CGWB,10,Bihar,194,BUXAR,BARHAMPUR,BARHAMPUR,Hathilpur,-,-,-,-,-,-,25.63166667,84.31861111,30-05-2020 08:00,7.8,678,"","",279,"",8,"","","","","","",46,25.03312,11,"","","","","","","","","","",""
1270,Hathilpur,CGWB,10,Bihar,194,BUXAR,BARHAMPUR,BARHAMPUR,Hathilpur,-,-,-,-,-,-,25.63166667,84.31861111,30-05-2021 08:00,8.13,280,"",0,122,"",22,"",4,"","","",110,22,13,10,"","","","","","","","","","",""
1271,Hathua,CGWB,10,Bihar,197,GOPALGANJ,HATHUA,HATHUA,Hathua,-,-,-,-,-,-,26.36666667,84.32083333,25-05-2009 00:00,"",770,"",24,195,"",89,"","","","","",150,14,28,97,"","","","","","","","","","",""
1272,Hathua,CGWB,10,Bihar,197,GOPALGANJ,HATHUA,HATHUA,Hathua,-,-,-,-,-,-,26.36666667,84.32083333,25-05-2011 00:00,8.54,862,"",18,469.7,"",127.8,"","","","","",310,34,54.75,70,"","","","","","","","","","",""
1273,Hathua,CGWB,10,Bihar,197,GOPALGANJ,HATHUA,HATHUA,Hathua,-,-,-,-,-,-,26.36666667,84.32083333,25-05-2012 00:00,7.3,1398,"",0,455.1,"",166.62,"","","","","",285,12,62,119,"","","","","","","","","","",""
1274,Hathua,CGWB,10,Bihar,197,GOPALGANJ,HATHUA,HATHUA,Hathua,-,-,-,-,-,-,26.36666667,84.32083333,25-05-2013 00:00,7.8,1290,"",0,457.5,"",166.6,"",14.1,"","","",285,12,62.01,119,"","","","","","","","","","",""
1275,Hathua,CGWB,10,Bihar,197,GOPALGANJ,HATHUA,HATHUA,Hathua,-,-,-,-,-,-,26.36666667,84.32083333,25-05-2016 00:00,7.21,1143,742.95,0,457.5,"",166.62,"",14,"",26.25,"",280,38,44.95,122,"","","","","","","","","","",""
1276,Hathua1,CGWB,10,Bihar,197,GOPALGANJ,HATHUA,HATHUA,Hathua,-,-,-,-,-,-,26.36722222,84.32111111,25-05-2010 00:00,"",1125,"",0,488,"",106,"","","","","",405,74,53,85,"","","","","","","","","","",""
1277,Hathua1,CGWB,10,Bihar,197,GOPALGANJ,HATHUA,HATHUA,Hathua,-,-,-,-,-,-,26.36722222,84.32111111,30-05-2019 08:00,7.56,560,408.85,0,207.468,"",46.02,"","","","","",215,30,34.0256,19.6,"","","","","","","","","","",""
1278,Hathua1,CGWB,10,Bihar,197,GOPALGANJ,HATHUA,HATHUA,Hathua,-,-,-,-,-,-,26.36722222,84.32111111,30-05-2020 08:00,7.56,560,"","",207.468,"",46.02,"","","","","","",30,34.0256,19.6,"","","","","","","","","","",""
1279,Hatkora bazar,CGWB,10,Bihar,205,MADHEPURA,MADHEPURA,MADHEPURA,Hatkora bazar,-,-,-,-,-,-,25.92916667,86.87500000,25-05-2003 00:00,7.6,590,"","","","","","","","","","","","","","","","","","","","","","","","",""
1280,Hatkora bazar,CGWB,10,Bihar,205,MADHEPURA,MURLIGANJ,MURLIGANJ,Hatkora bazar,-,-,-,-,-,-,25.90416667,86.92500000,25-05-2008 00:00,8.27,431,"",0,195,"",28,"","","","","",145,26,19,38,"","","","","","","","","","",""
1281,Hatkora bazar,CGWB,10,Bihar,205,MADHEPURA,MADHEPURA,MADHEPURA,Hatkora bazar,-,-,-,-,-,-,25.92916667,86.87500000,25-05-2009 00:00,"",610,"",12,122,"",110,"","","","","",200,24,34.07,39,"","","","","","","","","","",""
1282,Hatkora bazar,CGWB,10,Bihar,205,MADHEPURA,MADHEPURA,MADHEPURA,Hatkora bazar,-,-,-,-,-,-,25.92916667,86.87500000,25-05-2011 00:00,7.5,340,"",0,189,"",11,"","","","","",105,28,8.54,28,"","","","","","","","","","",""
1283,Hatkora bazar,CGWB,10,Bihar,205,MADHEPURA,MADHEPURA,MADHEPURA,Hatkora bazar,-,-,-,-,-,-,25.92916667,86.87500000,25-05-2012 00:00,7.65,552,"",0,"","","","","","","","",245,8,55,9.7,"","","","","","","","","","",""
1284,Hatkora bazar,CGWB,10,Bihar,205,MADHEPURA,MADHEPURA,MADHEPURA,Hatkora bazar,-,-,-,-,-,-,25.92916667,86.87500000,25-05-2013 00:00,8.02,766,"",0,219.6,"",113.4,"",12.6,"","","",195,12,40.13,71.3,"","","","","","","","","","",""
1285,Hatkora bazar,CGWB,10,Bihar,205,MADHEPURA,MURLIGANJ,MURLIGANJ,Hatkora bazar,-,-,-,-,-,-,25.90416667,86.92500000,25-05-2016 00:00,8.01,584,379.6,0,244,"",46.098,"",3.9,"",19,"",240,44,31.2,20,"","","","","","","","","","",""
1286,Havelikhargpur,CGWB,10,Bihar,207,MUNGER,KHARAGPUR,KHARAGPUR,Havelikhargpur,-,-,-,-,-,-,25.12916667,86.57500000,25-05-2005 00:00,8.18,700,"",0,232,"",64,"","","","","",200,44,21.94,55,"","","","","","","","","","",""
1287,Havelikhargpur,CGWB,10,Bihar,207,MUNGER,KHARAGPUR,KHARAGPUR,Havelikhargpur,-,-,-,-,-,-,25.09333333,86.53333333,25-05-2007 00:00,8.43,1112,"","",305,250,17.7,"","","","","",280,28,7.3,33,"","","","","","","","","","",""
1288,Havelikhargpur,CGWB,10,Bihar,207,MUNGER,KHARAGPUR,KHARAGPUR,Havelikhargpur,-,-,-,-,-,-,25.09333333,86.53333333,25-05-2008 00:00,7.79,1360,"",0,262,"",256,"","","","","",370,80,41,127,"","","","","","","","","","",""
1289,Havelikhargpur,CGWB,10,Bihar,207,MUNGER,KHARAGPUR,KHARAGPUR,Havelikhargpur,-,-,-,-,-,-,25.12916667,86.57500000,25-05-2011 00:00,8.11,570,"",0,213,"",60,"","","","","",160,52,7.36,34,"","","","","","","","","","",""
1290,Havelikhargpur,CGWB,10,Bihar,207,MUNGER,KHARAGPUR,KHARAGPUR,Havelikhargpur,-,-,-,-,-,-,25.12916667,86.57500000,25-05-2012 00:00,8.11,570,"",0,213,"",60,"","","","","",160,52,7.36,34,"","","","","","","","","","",""
1291,Havelikhargpur,CGWB,10,Bihar,207,MUNGER,KHARAGPUR,KHARAGPUR,Havelikhargpur,-,-,-,-,-,-,25.09333333,86.53333333,25-05-2016 00:00,7.51,850,552.5,0,418.2,"",35.45,"",26.58,"",16.38,"",200,16,88.88,36.09,"","","","","","","","","","",""
1292,Hayaghat,CGWB,10,Bihar,195,DARBHANGA,HAYAGHAT,HAYAGHAT,Hayaghat,-,-,-,-,-,-,26.04166667,85.86666667,25-05-2007 00:00,7.81,820,"","",354,290.2,53,"",15,"","","",255,76,16,67,"","","","","","","","","","",""
1293,Hayaghat,CGWB,10,Bihar,195,DARBHANGA,HAYAGHAT,HAYAGHAT,Hayaghat,-,-,-,-,-,-,26.04166667,85.86666667,25-05-2013 00:00,7.5,885,"",0,464,"",50,"",0,"","","",350,84,34.14,45,"","","","","","","","","","",""
1294,Heera Tola,CGWB,10,Bihar,191,BEGUSARAI,SAHEBPUR KAMAL,-,-,-,-,-,-,-,-,25.46250000,86.44277800,30-05-2019 08:00,8.126,675.4,244.4,0,213.6708,"",180.795,"","","","","",325,44.0352,52.163105,42.53,"","","","","","","","","","",""
1295,Heera Tola,CGWB,10,Bihar,191,BEGUSARAI,SAHEBPUR KAMAL,-,-,-,-,-,-,-,-,25.46250000,86.44277800,30-05-2020 08:00,8.126,675.4,"","",213.6708,"",180.795,"","","","","","",44.0352,52.163105,42.53,"","","","","","","","","","",""
1296,Heganpura,CGWB,10,Bihar,209,NALANDA,NOORSARAI,NOORSARAI,Heganpura,-,-,-,-,-,-,25.22888889,85.50250000,25-05-2013 00:00,6.85,1290,"",0,280,"",282.5,"",57.8,"","","",508,65.7,83.66,54.4,"","","","","","","","","","",""
1297,Heganpura,CGWB,10,Bihar,209,NALANDA,NOORSARAI,NOORSARAI,Heganpura,-,-,-,-,-,-,25.22888889,85.50250000,25-05-2016 00:00,7.71,1256,816.4,0,280,"",283,"",58,"",21,"",430,80,55.89,70,"","","","","","","","","","",""
1298,Heganpura,CGWB,10,Bihar,209,NALANDA,NOORSARAI,NOORSARAI,Heganpura,-,-,-,-,-,-,25.22888889,85.50250000,30-05-2019 08:00,7.8,565,198.9,0,183,"",53.2,"","","","","",230,50,26,23,"","","","","","","","","","",""
1299,Heganpura,CGWB,10,Bihar,209,NALANDA,NOORSARAI,NOORSARAI,Heganpura,-,-,-,-,-,-,25.22888889,85.50250000,30-05-2020 08:00,7.8,565,"","",183,"",53.2,"","","","","","",50,26,23,"","","","","","","","","","",""
1300,Hilsa,CGWB,10,Bihar,209,NALANDA,EKANGARSARAI,EKANGARSARAI,Hilsa,-,-,-,-,-,-,25.25611111,85.27000000,25-05-2001 00:00,7.27,1620,"",0,567,"",160,"","","","","",440,112,39,129,"","","","","","","","","","",""
1301,Hilsa,CGWB,10,Bihar,209,NALANDA,HILSA,HILSA,Hilsa,-,-,-,-,-,-,25.30416667,85.28750000,25-05-2012 00:00,8.49,400,"",36,146.424,"",14.184,"","","","","",120,16.032,19.47,39,"","","","","","","","","","",""
1302,Hilsa,CGWB,10,Bihar,209,NALANDA,HILSA,HILSA,Hilsa,-,-,-,-,-,-,25.30416667,85.28750000,25-05-2013 00:00,8.49,400,"",36,146.4,"",14.2,"",0,"","","",120,16,19.47,39,"","","","","","","","","","",""
1303,Hilsa,CGWB,10,Bihar,209,NALANDA,EKANGARSARAI,EKANGARSARAI,Hilsa,-,-,-,-,-,-,25.25611111,85.27000000,25-05-2016 00:00,7.14,525,341.25,0,38.99,"",319.8,"",2,"",21,"",190,24,32,72,"","","","","","","","","","",""
1304,Hilsa,CGWB,10,Bihar,209,NALANDA,HILSA,HILSA,Hilsa,-,-,-,-,-,-,25.30416667,85.28750000,30-05-2019 08:00,8.2,306,289.25,0,122,"",35.5,"","","","","",90,26,6,28,"","","","","","","","","","",""
1305,Hilsa,CGWB,10,Bihar,209,NALANDA,HILSA,HILSA,Hilsa,-,-,-,-,-,-,25.30416667,85.28750000,30-05-2020 08:00,8.2,306,"","",122,"",35.5,"","","","","","",26,6,28,"","","","","","","","","","",""
1306,Hilsa,CGWB,10,Bihar,209,NALANDA,HILSA,HILSA,Hilsa,-,-,-,-,-,-,25.30416667,85.28750000,30-05-2021 08:00,7.9,930,"",0,305,"",112,"",15,"","","",260,56,29,70,"","","","","","","","","","",""
1307,Hissua,CGWB,10,Bihar,210,NAWADA,HISUA,HISUA,Hissua,-,-,-,-,-,-,24.82000000,85.43611111,25-05-2007 00:00,8.13,780,"","",311,254.9,60,"","","","","",245,58,24,58,"","","","","","","","","","",""
1308,Hissua,CGWB,10,Bihar,210,NAWADA,HISUA,HISUA,Hissua,-,-,-,-,-,-,24.82000000,85.43611111,25-05-2008 00:00,7.92,920,"",0,201,"",75,"","","","","",110,18,16,71,"","","","","","","","","","",""
1309,Hisua,CGWB,10,Bihar,210,NAWADA,GOBINDPUR,GOBINDPUR,Hisua,-,-,-,-,-,-,24.82916667,85.67083333,25-05-2005 00:00,7.67,680,"",0,281,"",25,"","","","","",240,46,30.45,42,"","","","","","","","","","",""
1310,Hisua,CGWB,10,Bihar,210,NAWADA,GOBINDPUR,GOBINDPUR,Hisua,-,-,-,-,-,-,24.82916667,85.67083333,25-05-2008 00:00,7.92,920,"",0,201,"",75,"","","","","",110,18,15.83,71,"","","","","","","","","","",""
1311,Hisua,CGWB,10,Bihar,210,NAWADA,GOBINDPUR,GOBINDPUR,Hisua,-,-,-,-,-,-,24.82916667,85.67083333,25-05-2009 00:00,"",1000,"",0,244,"",71,"","","","","",230,40,31.66,115,"","","","","","","","","","",""
1312,Hisua,CGWB,10,Bihar,210,NAWADA,GOBINDPUR,GOBINDPUR,Hisua,-,-,-,-,-,-,24.82916667,85.67083333,25-05-2011 00:00,8,560,"",0,299,"",21,"","","","","",180,46,15.86,44,"","","","","","","","","","",""
1313,Hisua,CGWB,10,Bihar,210,NAWADA,GOBINDPUR,GOBINDPUR,Hisua,-,-,-,-,-,-,24.82916667,85.67083333,25-05-2012 00:00,8.64,825,"",36,146.424,"",163.116,"","","","","",170,20.4,28.99,105,"","","","","","","","","","",""
1314,Hisua,CGWB,10,Bihar,210,NAWADA,GOBINDPUR,GOBINDPUR,Hisua,-,-,-,-,-,-,24.82916667,85.67083333,25-05-2013 00:00,8.64,825,"",36,146.4,"",163.1,"",0,"","","",170,20,29.2,105,"","","","","","","","","","",""
1315,Hisua,CGWB,10,Bihar,210,NAWADA,GOBINDPUR,GOBINDPUR,Hisua,-,-,-,-,-,-,24.82916667,85.67083333,25-05-2016 00:00,8.26,320,208,0,147.6,"",24.81,"",4.05,"",14.05,"",105,34,5,30,"","","","","","","","","","",""
1316,Hisua,CGWB,10,Bihar,210,NAWADA,GOBINDPUR,GOBINDPUR,Hisua,-,-,-,-,-,-,24.82916667,85.67083333,30-05-2019 08:00,8.1,310,202.8,0,153,"",24.8,"","","","","",110,24,12,20,"","","","","","","","","","",""
1317,Hisua,CGWB,10,Bihar,210,NAWADA,GOBINDPUR,GOBINDPUR,Hisua,-,-,-,-,-,-,24.82916667,85.67083333,30-05-2020 08:00,8.1,310,"","",153,"",24.8,"","","","","","",24,12,20,"","","","","","","","","","",""
1318,Hisua,CGWB,10,Bihar,210,NAWADA,GOBINDPUR,GOBINDPUR,Hisua,-,-,-,-,-,-,24.82916667,85.67083333,30-05-2021 08:00,8.07,410,"",0,201,"",12,"",16,"","","",175,34,22,13,"","","","","","","","","","",""
1319,Hridaynagar,CGWB,10,Bihar,223,SUPAUL,BASANTPUR,BASANTPUR,Hridaynagar,-,-,-,-,-,-,26.48250000,87.03416667,25-05-2008 00:00,8.28,574,"",0,293,"",28,"","","","","",175,40,18,34,"","","","","","","","","","",""
1320,Hulas Chak,CGWB,10,Bihar,212,PATNA,PHULWARI,PHULWARI,Hulas Chak,-,-,-,-,-,-,25.53805556,85.02638889,25-05-2013 00:00,7.4,1130,"",0,620,"",50.9,"",8.5,"","","",332,59.3,44.75,95.4,"","","","","","","","","","",""
1321,Hulas Chak,CGWB,10,Bihar,212,PATNA,PHULWARI,PHULWARI,Hulas Chak,-,-,-,-,-,-,25.53805556,85.02638889,25-05-2016 00:00,7.74,655,425.75,0,325.95,"",46.08,"",18.93,"",5.02,"",245,56,25.51,56.71,"","","","","","","","","","",""
1322,Hulas Chak,CGWB,10,Bihar,212,PATNA,PHULWARI,PHULWARI,Hulas Chak,-,-,-,-,-,-,25.53805556,85.02638889,30-05-2019 08:00,7.7,770,162.5,0,183,"",138.3,"","","","","",315,44,50,33,"","","","","","","","","","",""
1323,Hulas Chak,CGWB,10,Bihar,212,PATNA,PHULWARI,PHULWARI,Hulas Chak,-,-,-,-,-,-,25.53805556,85.02638889,30-05-2020 08:00,7.7,770,"","",183,"",138.3,"","","","","","",44,50,33,"","","","","","","","","","",""
1324,Hulas Chak,CGWB,10,Bihar,212,PATNA,PHULWARI,PHULWARI,Hulas Chak,-,-,-,-,-,-,25.53805556,85.02638889,30-05-2021 08:00,7.93,1040,"",0,287,"",159,"",42,"","","",318,84,26,89,"","","","","","","","","","",""
1325,Hulasganj,CGWB,10,Bihar,199,JEHANABAD,GHOSHI,GHOSHI,Hulasganj,-,-,-,-,-,-,25.08583333,85.14777778,30-05-2019 08:00,8.23,973,978.25,0,436,"",42.6,"","","","","",280,52,36.45,85,"","","","","","","","","","",""
1326,Hulasganj,CGWB,10,Bihar,199,JEHANABAD,GHOSHI,GHOSHI,Hulasganj,-,-,-,-,-,-,25.08583333,85.14777778,30-05-2020 08:00,8.23,973,"","",436,"",42.6,"","","","","","",52,36.45,85,"","","","","","","","","","",""
1327,Hulasganj,CGWB,10,Bihar,199,JEHANABAD,GHOSHI,GHOSHI,Hulasganj,-,-,-,-,-,-,25.08583333,85.14777778,30-05-2021 08:00,8.5,450,"",6,214,"",21,"",13,"","","",92,37,17,19,"","","","","","","","","","",""
1328,Imamganj,CGWB,10,Bihar,199,JEHANABAD,KARPI,KARPI,Imamganj,-,-,-,-,-,-,25.20833333,84.76666667,25-05-2005 00:00,7.44,880,"",0,354,"",71,"","","","","",235,32,37.72,88,"","","","","","","","","","",""
1329,Imamganj,CGWB,10,Bihar,199,JEHANABAD,KARPI,KARPI,Imamganj,-,-,-,-,-,-,25.21500000,84.76555556,25-05-2007 00:00,8.58,700,"",36,189,214.9,78,"","","","","",190,22,33,66,"","","","","","","","","","",""
1330,Imamganj,CGWB,10,Bihar,199,JEHANABAD,KARPI,KARPI,Imamganj,-,-,-,-,-,-,25.20833333,84.76666667,25-05-2008 00:00,7.9,814,"",0,189,"",64,"","","","","",150,20,24.34,58,"","","","","","","","","","",""
1331,Imamganj,CGWB,10,Bihar,199,JEHANABAD,KARPI,KARPI,Imamganj,-,-,-,-,-,-,25.20833333,84.76666667,25-05-2010 00:00,"",754,"",0,317,"",78,"","","","","",270,28,50,43,"","","","","","","","","","",""
1332,Imamganj,CGWB,10,Bihar,199,JEHANABAD,KARPI,KARPI,Imamganj,-,-,-,-,-,-,25.20833333,84.76666667,25-05-2011 00:00,7.79,900,"",0,384,"",78,"","","","","",225,42,29.23,98,"","","","","","","","","","",""
1333,Imamganj,CGWB,10,Bihar,199,JEHANABAD,KARPI,KARPI,Imamganj,-,-,-,-,-,-,25.20833333,84.76666667,25-05-2012 00:00,8.61,750,"",48,195.232,"",78.012,"","","","","",170,20.04,29.21,91,"","","","","","","","","","",""
1334,Imamganj,CGWB,10,Bihar,199,JEHANABAD,KARPI,KARPI,Imamganj,-,-,-,-,-,-,25.20833333,84.76666667,25-05-2013 00:00,8.61,750,"",48,195.2,"",78,"",9.6,"","","",170,20,29.2,91,"","","","","","","","","","",""
1335,Imamganj,CGWB,10,Bihar,199,JEHANABAD,KARPI,KARPI,Imamganj,-,-,-,-,-,-,25.20833333,84.76666667,25-05-2016 00:00,7.76,813,528.45,0,381.3,"",31.9,"",21.97,"",4.65,"",160,52,7.29,92.61,"","","","","","","","","","",""
1336,Imamganj,CGWB,10,Bihar,199,JEHANABAD,KARPI,KARPI,Imamganj,-,-,-,-,-,-,25.21500000,84.76555556,25-05-2016 00:00,7.76,813,528.45,0,381.3,"",31.9,"",21.97,"",4.65,"",160,52,7.29,92.61,"","","","","","","","","","",""
1337,Imamganj,CGWB,10,Bihar,199,JEHANABAD,KARPI,KARPI,Imamganj,-,-,-,-,-,-,25.20833333,84.76666667,30-05-2019 08:00,8.21,1505,342.55,0,597,"",149.1,"","","","","",470,50,83.835,115,"","","","","","","","","","",""
1338,Imamganj,CGWB,10,Bihar,199,JEHANABAD,KARPI,KARPI,Imamganj,-,-,-,-,-,-,25.20833333,84.76666667,30-05-2020 08:00,8.21,1505,"","",597,"",149.1,"","","","","","",50,83.835,115,"","","","","","","","","","",""
1339,Imamganj,CGWB,10,Bihar,199,JEHANABAD,KARPI,KARPI,Imamganj,-,-,-,-,-,-,25.20833333,84.76666667,30-05-2021 08:00,8.24,1790,"",0,696,"",120,"",119,"","","",135,28,16,344,"","","","","","","","","","",""
1340,Inglishpur,CGWB,10,Bihar,193,BHOJPUR,KOILWAR,KOILWAR,Inglishpur,-,-,-,-,-,-,25.64555556,84.78361111,30-05-2019 08:00,8,609,493.35,0,241,"",28,"","","","","",239,35,37,21,"","","","","","","","","","",""
1341,Inglishpur,CGWB,10,Bihar,193,BHOJPUR,KOILWAR,KOILWAR,Inglishpur,-,-,-,-,-,-,25.64555556,84.78361111,30-05-2020 08:00,8,609,"","",241,"",28,"","","","","","",35,37,21,"","","","","","","","","","",""
1342,Ismailpur,CGWB,10,Bihar,202,KHAGARIA,KHAGARIA,KHAGARIA,Ismailpur,-,-,-,-,-,-,25.50888889,86.39055556,30-05-2019 08:00,8.321,473.2,227.37,15,219.77568,"",163.07,"","","","","",225,34.0272,33.964077,68.19,"","","","","","","","","","",""
1343,Ismailpur,CGWB,10,Bihar,202,KHAGARIA,KHAGARIA,KHAGARIA,Ismailpur,-,-,-,-,-,-,25.50888889,86.39055556,30-05-2020 08:00,8.321,473.2,"","",219.77568,"",163.07,"","","","","","",34.0272,33.964077,68.19,"","","","","","","","","","",""
1344,Jadia,CGWB,10,Bihar,223,SUPAUL,TRIBENIGANJ,TRIBENIGANJ,Jadia,-,-,-,-,-,-,26.08666667,87.00333333,30-05-2019 08:00,8.28,362,176.15,0,159.9,"",28.4,"","","","","",160,22,25.515,16.03,"","","","","","","","","","",""
1345,Jadia,CGWB,10,Bihar,223,SUPAUL,TRIBENIGANJ,TRIBENIGANJ,Jadia,-,-,-,-,-,-,26.08666667,87.00333333,30-05-2020 08:00,8.28,362,"","",159.9,"",28.4,"","","","","","",22,25.515,16.03,"","","","","","","","","","",""
1346,Jaffarpur,CGWB,10,Bihar,208,MUZAFFARPUR,SAHEBGANJ,SAHEBGANJ,Jaffarpur,-,-,-,-,-,-,26.20166667,84.95416667,25-05-2006 00:00,8.36,530,"",12,207,"",7.1,"","","","","",190,28,29,25,"","","","","","","","","","",""
1347,Jaffarpur,CGWB,10,Bihar,208,MUZAFFARPUR,BARURAJ (MOTIPUR),BARURAJ (MOTIPUR),Jaffarpur,-,-,-,-,-,-,26.21277778,85.13777778,25-05-2009 00:00,"",576,"",0,122,"",96,"","","","","",230,32,36.51,29,"","","","","","","","","","",""
1348,Jaffarpur,CGWB,10,Bihar,208,MUZAFFARPUR,BARURAJ (MOTIPUR),BARURAJ (MOTIPUR),Jaffarpur,-,-,-,-,-,-,26.21277778,85.13777778,25-05-2012 00:00,8.19,460,"",0,232,"",21,"","","","","",190,44,19,18,"","","","","","","","","","",""
1349,Jaffarpur,CGWB,10,Bihar,208,MUZAFFARPUR,BARURAJ (MOTIPUR),BARURAJ (MOTIPUR),Jaffarpur,-,-,-,-,-,-,26.21277778,85.13777778,25-05-2013 00:00,8.19,460,"",0,232,"",21,"",10,"","","",190,44,19.5,18,"","","","","","","","","","",""
1350,Jaffarpur,CGWB,10,Bihar,208,MUZAFFARPUR,BARURAJ (MOTIPUR),BARURAJ (MOTIPUR),Jaffarpur,-,-,-,-,-,-,26.21277778,85.13777778,25-05-2016 00:00,7.09,633,"",0,336,"",28,"",3.5,"",5.9,"",250,52,29,29,"","","","","","","","","","",""
1351,Jagadishpur,CGWB,10,Bihar,193,BHOJPUR,JAGDISHPUR,JAGDISHPUR,Jagadishpur,-,-,-,-,-,-,25.45833333,84.39027778,25-05-2007 00:00,8.48,420,"",24,116,135.1,32,"","","","","",135,20,21,30,"","","","","","","","","","",""
1352,Jagadishpur,CGWB,10,Bihar,193,BHOJPUR,JAGDISHPUR,JAGDISHPUR,Jagadishpur,-,-,-,-,-,-,25.45833333,84.39027778,25-05-2008 00:00,8.29,473,"",0,189,"",43,"","","","","",215,48,23,24,"","","","","","","","","","",""
1353,Jagadishpur,CGWB,10,Bihar,192,BHAGALPUR,JAGDISHPUR,JAGDISHPUR,Jagadishpur,-,-,-,-,-,-,25.16250000,86.98333333,25-05-2008 00:00,8.8,1570,"",84,445,"",107,"","","","","",90,8,17,308,"","","","","","","","","","",""
1354,Jagadishpur,CGWB,10,Bihar,192,BHAGALPUR,JAGDISHPUR,JAGDISHPUR,Jagadishpur,-,-,-,-,-,-,25.16250000,86.98333333,25-05-2010 00:00,"",1341,"",0,384,"",199,"","","","","",230,28,39,187,"","","","","","","","","","",""
1355,Jagadishpur,CGWB,10,Bihar,192,BHAGALPUR,JAGDISHPUR,JAGDISHPUR,Jagadishpur,-,-,-,-,-,-,25.16250000,86.98333333,25-05-2011 00:00,7.94,1341,"",0,384,"",199,"","","","","",230,28,38.94,187,"","","","","","","","","","",""
1356,Jagadishpur,CGWB,10,Bihar,192,BHAGALPUR,JAGDISHPUR,JAGDISHPUR,Jagadishpur,-,-,-,-,-,-,25.16250000,86.98333333,25-05-2012 00:00,7.94,1341,"",0,384,"",199,"","","","","",230,28,38.94,185,"","","","","","","","","","",""
1357,Jagadishpur,CGWB,10,Bihar,192,BHAGALPUR,JAGDISHPUR,JAGDISHPUR,Jagadishpur,-,-,-,-,-,-,25.16250000,86.98333333,25-05-2013 00:00,8.01,1600,"",0,671,"",135,"",0,"","","",200,28,31.64,265,"","","","","","","","","","",""
1358,Jagadishpur,CGWB,10,Bihar,193,BHOJPUR,JAGDISHPUR,JAGDISHPUR,Jagadishpur,-,-,-,-,-,-,25.45833333,84.39027778,25-05-2016 00:00,8.07,556,"",0,226,"",32,"",19,"",0.9,"",190,12,38,29,"","","","","","","","","","",""
1359,Jagadishpur1,CGWB,10,Bihar,193,BHOJPUR,JAGDISHPUR,JAGDISHPUR,Jagadishpur,-,-,-,-,-,-,25.48333333,84.41250000,25-05-2005 00:00,8.18,620,"",0,311,"",14,"","","","","",260,62,25.6,16,"","","","","","","","","","",""
1360,Jagadishpur1,CGWB,10,Bihar,193,BHOJPUR,JAGDISHPUR,JAGDISHPUR,Jagadishpur,-,-,-,-,-,-,25.48333333,84.41250000,30-05-2019 08:00,7.7,759,410.8,0,306,"",38,"","","","","",313,39,52,12,"","","","","","","","","","",""
1361,Jagadishpur1,CGWB,10,Bihar,193,BHOJPUR,JAGDISHPUR,JAGDISHPUR,Jagadishpur,-,-,-,-,-,-,25.48333333,84.41250000,30-05-2020 08:00,7.7,759,"","",306,"",38,"","","","","","",39,52,12,"","","","","","","","","","",""
1362,Jagnathpur,CGWB,10,Bihar,192,BHAGALPUR,COLGONG,COLGONG,Jagnathpur,-,-,-,-,-,-,25.26416667,87.28083333,30-05-2019 08:00,7.1,697,310.7,0,264,"",46,"","","","","",193,30,38,37,"","","","","","","","","","",""
1363,Jagnathpur,CGWB,10,Bihar,192,BHAGALPUR,COLGONG,COLGONG,Jagnathpur,-,-,-,-,-,-,25.26416667,87.28083333,30-05-2020 08:00,7.1,697,"","",264,"",46,"","","","","","",30,38,37,"","","","","","","","","","",""
1364,Jagwanabazar,CGWB,10,Bihar,221,SITAMARHI,SONBARSA,SONBARSA,Jagwanabazar,-,-,-,-,-,-,26.73194444,85.55000000,25-05-2001 00:00,7.61,1600,"",0,586,"",156,"","","","","",380,88,39,150,"","","","","","","","","","",""
1365,Jagwanabazar,CGWB,10,Bihar,221,SITAMARHI,BATHNAHA,BATHNAHA,Jagwanabazar,-,-,-,-,-,-,26.69583333,85.53333333,25-05-2004 00:00,7.97,350,"",0,240,"",39,"","","","","",148,45,8.5,30,"","","","","","","","","","",""
1366,Jagwanabazar,CGWB,10,Bihar,221,SITAMARHI,SONBARSA,SONBARSA,Jagwanabazar,-,-,-,-,-,-,26.73194444,85.55000000,25-05-2007 00:00,8.52,500,"",30,183,200,21,"",6.7,"","","",170,64,2.4,32,"","","","","","","","","","",""
1367,Jagwanabazar,CGWB,10,Bihar,221,SITAMARHI,BATHNAHA,BATHNAHA,Jagwanabazar,-,-,-,-,-,-,26.69583333,85.53333333,25-05-2009 00:00,"",1465,"",24,543,"",135,"","","","","",230,30,37.72,145,"","","","","","","","","","",""
1368,Jagwanabazar,CGWB,10,Bihar,221,SITAMARHI,BATHNAHA,BATHNAHA,Jagwanabazar,-,-,-,-,-,-,26.69583333,85.53333333,25-05-2011 00:00,8.09,967,"",0,492,"",53.17,"","","","","",285,44,42.6,38,"","","","","","","","","","",""
1369,Jagwanabazar,CGWB,10,Bihar,221,SITAMARHI,BATHNAHA,BATHNAHA,Jagwanabazar,-,-,-,-,-,-,26.69583333,85.53333333,25-05-2012 00:00,7.98,960,"",0,485.85,"",53.2,"","","","","",285,44,42.6,35,"","","","","","","","","","",""
1370,Jagwanabazar,CGWB,10,Bihar,221,SITAMARHI,BATHNAHA,BATHNAHA,Jagwanabazar,-,-,-,-,-,-,26.69583333,85.53333333,25-05-2013 00:00,8.05,410,"",0,242,"",14.2,"",4.8,"","","",170,52.1,9.73,22,"","","","","","","","","","",""
1371,Jahanabad hosp.,CGWB,10,Bihar,199,JEHANABAD,JEHANABAD,JEHANABAD,Jahanabad hosp.,-,-,-,-,-,-,25.22500000,85.00416667,25-05-2010 00:00,"",3090,"",0,622,"",469,"","","","","",460,78,64,400,"","","","","","","","","","",""
1372,Jahanabad hosp.,CGWB,10,Bihar,199,JEHANABAD,JEHANABAD,JEHANABAD,Jahanabad hosp.,-,-,-,-,-,-,25.22500000,85.00416667,25-05-2011 00:00,7.5,3090,"",0,622,"",469,"","","","","",460,78,64.52,400,"","","","","","","","","","",""
1373,Jahanabad hosp.,CGWB,10,Bihar,199,JEHANABAD,JEHANABAD,JEHANABAD,Jahanabad hosp.,-,-,-,-,-,-,25.22500000,85.00416667,25-05-2013 00:00,8.2,2509,"",0,427.1,"",461,"",216.1,"","","",290,20,58.38,462,"","","","","","","","","","",""
1374,Jahanabad hosp.,CGWB,10,Bihar,199,JEHANABAD,JEHANABAD,JEHANABAD,Jahanabad hosp.,-,-,-,-,-,-,25.22500000,85.00416667,25-05-2016 00:00,7.56,1250,812.5,0,399.75,"",134.71,"",39.16,"",4.78,"",195,40,23,134.87,"","","","","","","","","","",""
1375,Jahanabad (kudra),CGWB,10,Bihar,215,ROHTAS,KUDRA,KUDRA,Jahanabad (kudra),-,-,-,-,-,-,25.06666667,83.79166667,25-05-2002 00:00,8.17,1012,"","","","","","","","","","","","","","","","","","","","","","","","",""
1376,Jahanabad (kudra),CGWB,10,Bihar,215,ROHTAS,KUDRA,KUDRA,Jahanabad (kudra),-,-,-,-,-,-,25.06666667,83.79166667,25-05-2012 00:00,7.41,1080,"",0,240,"",215.53,"",76.71,"","","",384,32.06,72.96,"","","","","","","","","","","",""
1377,Jahanabad (kudra),CGWB,10,Bihar,215,ROHTAS,KUDRA,KUDRA,Jahanabad (kudra),-,-,-,-,-,-,25.06666667,83.79166667,25-05-2016 00:00,7.49,730,474.5,0,184.5,"",92.17,"",31.18,"",8.03,"",155,38,14.58,71.17,"","","","","","","","","","",""
1378,Jahanabad (kudra),CGWB,10,Bihar,215,ROHTAS,KUDRA,KUDRA,Jahanabad (kudra),-,-,-,-,-,-,25.06666667,83.79166667,30-05-2019 08:00,7.9,1088,523.25,0,299,"",125,"","","","","",370,49,60.1524,72,"","","","","","","","","","",""
1379,Jahanabad (kudra),CGWB,10,Bihar,215,ROHTAS,KUDRA,KUDRA,Jahanabad (kudra),-,-,-,-,-,-,25.06666667,83.79166667,30-05-2020 08:00,7.9,1088,"","",299,"",125,"","","","","","",49,60.1524,72,"","","","","","","","","","",""
1380,Jakhra,CGWB,10,Bihar,217,SAMASTIPUR,KALYANPUR,KALYANPUR,Jakhra,-,-,-,-,-,-,25.99722222,85.84111111,30-05-2019 08:00,8,335,438.1,0,153,"",17.7,"","","","","",140,36,12,12,"","","","","","","","","","",""
1381,Jakhra,CGWB,10,Bihar,217,SAMASTIPUR,KALYANPUR,KALYANPUR,Jakhra,-,-,-,-,-,-,25.99722222,85.84111111,30-05-2020 08:00,8,335,"","",153,"",17.7,"","","","","","",36,12,12,"","","","","","","","","","",""
1382,Jalalgarh,CGWB,10,Bihar,214,PURNIA,KASBA,KASBA,Jalalgarh,-,-,-,-,-,-,25.95083333,87.51888889,30-05-2019 08:00,8.11,525,285.35,0,220,"",21.3,"","","","","",190,46,18.225,16.57,"","","","","","","","","","",""
1383,Jalalgarh,CGWB,10,Bihar,214,PURNIA,KASBA,KASBA,Jalalgarh,-,-,-,-,-,-,25.95083333,87.51888889,30-05-2020 08:00,8.11,525,"","",220,"",21.3,"","","","","","",46,18.225,16.57,"","","","","","","","","","",""
1384,Jalalpur,CGWB,10,Bihar,218,SARAN,BANIAPUR,BANIAPUR,Jalalpur,-,-,-,-,-,-,25.97916667,84.68333333,25-05-2002 00:00,8.06,1746,"","","","","","","","","","","","","","","","","","","","","","","","",""
1385,Jalalpur,CGWB,10,Bihar,197,GOPALGANJ,UCHKAGAON,UCHKAGAON,Jalalpur,-,-,-,-,-,-,26.41277778,84.26222222,25-05-2007 00:00,8.27,530,"","",183,150,53,"","","","","",190,32,27,27,"","","","","","","","","","",""
1386,Jalalpur,CGWB,10,Bihar,218,SARAN,BANIAPUR,BANIAPUR,Jalalpur,-,-,-,-,-,-,25.97916667,84.68333333,25-05-2010 00:00,"",666,"",0,390,"",7.1,"","","","","",220,50,23,42,"","","","","","","","","","",""
1387,Jalalpur,CGWB,10,Bihar,218,SARAN,BANIAPUR,BANIAPUR,Jalalpur,-,-,-,-,-,-,25.97916667,84.68333333,25-05-2012 00:00,7.18,1550,"",0,412.1,"",170.16,"","","","","",365,56,56,145,"","","","","","","","","","",""
1388,Jalalpur,CGWB,10,Bihar,218,SARAN,BANIAPUR,BANIAPUR,Jalalpur,-,-,-,-,-,-,25.97916667,84.68333333,25-05-2013 00:00,7.86,820,"",0,244,"",56.7,"",101.7,"","","",145,14,26.7,102,"","","","","","","","","","",""
1389,Jalalpur,CGWB,10,Bihar,218,SARAN,BANIAPUR,BANIAPUR,Jalalpur,-,-,-,-,-,-,25.97916667,84.68333333,25-05-2016 00:00,7.84,720,468,0,301.35,"",28.36,"",30.24,"",11.19,"",265,56,30.37,37,"","","","","","","","","","",""
1390,Jalalpur,CGWB,10,Bihar,218,SARAN,BANIAPUR,BANIAPUR,Jalalpur,-,-,-,-,-,-,25.97916667,84.68333333,30-05-2019 08:00,7.14,615,395.2,0,250.182,"",60.18,"","","","","",210,42,25.5192,29.65,"","","","","","","","","","",""
1391,Jalalpur,CGWB,10,Bihar,218,SARAN,BANIAPUR,BANIAPUR,Jalalpur,-,-,-,-,-,-,25.97916667,84.68333333,30-05-2020 08:00,7.14,615,"","",250.182,"",60.18,"","","","","","",42,25.5192,29.65,"","","","","","","","","","",""
1392,Jalalpur1,CGWB,10,Bihar,197,GOPALGANJ,KUCHAIKOTE,KUCHAIKOTE,Jalalpur,-,-,-,-,-,-,26.59027778,84.31111111,25-05-2008 00:00,7.98,860,"",0,384,"",50,"","","","","",325,98,19,40,"","","","","","","","","","",""
1393,Jalalpur1,CGWB,10,Bihar,197,GOPALGANJ,KUCHAIKOTE,KUCHAIKOTE,Jalalpur,-,-,-,-,-,-,26.59583333,84.30833333,25-05-2009 00:00,"",1230,"",0,281,"",149,"","","","","",225,30,35,161,"","","","","","","","","","",""
1394,Jalalpur1,CGWB,10,Bihar,197,GOPALGANJ,KUCHAIKOTE,KUCHAIKOTE,Jalalpur,-,-,-,-,-,-,26.59027778,84.31111111,25-05-2010 00:00,"",1137,"",0,457,"",106,"","","","","",335,112,13,70,"","","","","","","","","","",""
1395,Jalalpur1,CGWB,10,Bihar,197,GOPALGANJ,KUCHAIKOTE,KUCHAIKOTE,Jalalpur,-,-,-,-,-,-,26.59583333,84.30833333,25-05-2011 00:00,8.77,1410,"",24,658.8,"",134.9,"","","","","",405,60,62.07,100,"","","","","","","","","","",""
1396,Jalalpur1,CGWB,10,Bihar,197,GOPALGANJ,KUCHAIKOTE,KUCHAIKOTE,Jalalpur,-,-,-,-,-,-,26.59583333,84.30833333,25-05-2012 00:00,7.33,1034,"",0,412.1,"",106.35,"","","","","",185,18,34,122,"","","","","","","","","","",""
1397,Jalalpur1,CGWB,10,Bihar,197,GOPALGANJ,KUCHAIKOTE,KUCHAIKOTE,Jalalpur,-,-,-,-,-,-,26.59583333,84.30833333,25-05-2013 00:00,7.63,1106,"",0,414.8,"",106.4,"",33.6,"","","",185,18,34.06,122,"","","","","","","","","","",""
1398,Jalalpur1,CGWB,10,Bihar,197,GOPALGANJ,KUCHAIKOTE,KUCHAIKOTE,Jalalpur,-,-,-,-,-,-,26.59027778,84.31111111,25-05-2016 00:00,8.18,1014,659.1,0,414.8,"",102.8,"",34,"",19,"",185,40,20.65,129,"","","","","","","","","","",""
1399,Jalalpur2,CGWB,10,Bihar,197,GOPALGANJ,KUCHAIKOTE,KUCHAIKOTE,Jalalpur,-,-,-,-,-,-,26.59611111,84.30888889,30-05-2019 08:00,7.07,629,473.2,0,244.08,"",46.02,"","","","","",265,32,44.9624,17.43,"","","","","","","","","","",""
1400,Jalalpur2,CGWB,10,Bihar,197,GOPALGANJ,KUCHAIKOTE,KUCHAIKOTE,Jalalpur,-,-,-,-,-,-,26.59611111,84.30888889,30-05-2020 08:00,7.07,629,"","",244.08,"",46.02,"","","","","","",32,44.9624,17.43,"","","","","","","","","","",""
1401,Jamalpur,CGWB,10,Bihar,207,MUNGER,JAMALPUR,JAMALPUR,Jamalpur,-,-,-,-,-,-,25.32777778,86.49166667,25-05-2000 00:00,8.5,495,"",18,177,"",71,"","","","","",180,28,27,200,"","","","","","","","","","",""
1402,Jamalpur,CGWB,10,Bihar,202,KHAGARIA,GOGRI,GOGRI,Jamalpur,-,-,-,-,-,-,25.42916667,86.64166667,25-05-2005 00:00,7.36,1300,"",0,403,"",64,"","","","","",490,28,102.15,63,"","","","","","","","","","",""
1403,Jamalpur,CGWB,10,Bihar,207,MUNGER,JAMALPUR,JAMALPUR,Jamalpur,-,-,-,-,-,-,25.32777778,86.49166667,25-05-2007 00:00,8.4,526,"","",335,274.6,60.3,"","","","","",170,24,26.77,55,"","","","","","","","","","",""
1404,Jamalpur,CGWB,10,Bihar,202,KHAGARIA,GOGRI,GOGRI,Jamalpur,-,-,-,-,-,-,25.42916667,86.64166667,25-05-2007 00:00,7.7,1270,"","",335.5,275,149.1,"","","","","",440,80,58.3,80,"","","","","","","","","","",""
1405,Jamalpur,CGWB,10,Bihar,202,KHAGARIA,GOGRI,GOGRI,Jamalpur,-,-,-,-,-,-,25.42916667,86.64166667,25-05-2008 00:00,7.66,1004,"",0,372,"",82,"","","","","",410,78,52,56,"","","","","","","","","","",""
1406,Jamalpur,CGWB,10,Bihar,202,KHAGARIA,GOGRI,GOGRI,Jamalpur,-,-,-,-,-,-,25.42916667,86.64166667,25-05-2010 00:00,"",850,"",0,397,"",50,"","","","","",310,50,45,44,"","","","","","","","","","",""
1407,Jamalpur,CGWB,10,Bihar,202,KHAGARIA,GOGRI,GOGRI,Jamalpur,-,-,-,-,-,-,25.42916667,86.64166667,25-05-2011 00:00,7.47,1120,"",0,476,"",113,"","","","","",445,38,85.14,51,"","","","","","","","","","",""
1408,Jamalpur,CGWB,10,Bihar,202,KHAGARIA,GOGRI,GOGRI,Jamalpur,-,-,-,-,-,-,25.42916667,86.64166667,25-05-2013 00:00,7.65,843,"",0,433.1,"",35.5,"",9.3,"","","",320,4,75.3,46.7,"","","","","","","","","","",""
1409,Jamalpur,CGWB,10,Bihar,202,KHAGARIA,GOGRI,GOGRI,Jamalpur,-,-,-,-,-,-,25.42916667,86.64166667,25-05-2016 00:00,7.51,700,455,0,305,"",31.914,"",19,"",6,"",115,32,8.4,105,"","","","","","","","","","",""
1410,Jamalpur,CGWB,10,Bihar,207,MUNGER,JAMALPUR,JAMALPUR,Jamalpur,-,-,-,-,-,-,25.32777778,86.49166667,25-05-2016 00:00,7.42,793,515.45,0,190.65,"",77.98,"",68.53,"",19.57,"",270,38,45.52,58.94,"","","","","","","","","","",""
1411,Jamalpur,CGWB,10,Bihar,202,KHAGARIA,GOGRI,GOGRI,Jamalpur,-,-,-,-,-,-,25.42916667,86.64166667,30-05-2021 08:00,7.38,490,"",0,163,"",37,"",18,"","","",156,36,16,22,"","","","","","","","","","",""
1412,Jamalpur1,CGWB,10,Bihar,207,MUNGER,JAMALPUR,JAMALPUR,Jamalpur,-,-,-,-,-,-,25.32083333,86.49166667,25-05-2002 00:00,8.6,686,"","","","","","","","","","","","","","","","","","","","","","","","",""
1413,Jamalpur1,CGWB,10,Bihar,207,MUNGER,JAMALPUR,JAMALPUR,Jamalpur,-,-,-,-,-,-,25.32083333,86.49166667,25-05-2009 00:00,"",550,"",0,140,"",64,"","","","","",170,18,30.41,62,"","","","","","","","","","",""
1414,Jamalpur1,CGWB,10,Bihar,207,MUNGER,JAMALPUR,JAMALPUR,Jamalpur,-,-,-,-,-,-,25.32083333,86.49166667,25-05-2010 00:00,7.79,768,"",0,287,"",78,"","","","","",270,54,33,52,"","","","","","","","","","",""
1415,Jamalpur1,CGWB,10,Bihar,207,MUNGER,JAMALPUR,JAMALPUR,Jamalpur,-,-,-,-,-,-,25.32083333,86.49166667,25-05-2011 00:00,7.79,768,"",0,287,"",78,"","","","","",270,54,32.89,52,"","","","","","","","","","",""
1416,Jamalpur1,CGWB,10,Bihar,207,MUNGER,JAMALPUR,JAMALPUR,Jamalpur,-,-,-,-,-,-,25.32083333,86.49166667,25-05-2012 00:00,7.79,768,"",0,287,"",78,"","","","","",270,54,33,52,"","","","","","","","","","",""
1417,Jamalpur1,CGWB,10,Bihar,207,MUNGER,JAMALPUR,JAMALPUR,Jamalpur,-,-,-,-,-,-,25.32083333,86.49166667,25-05-2013 00:00,7.22,950,"",0,415,"",71,"",0,"","","",370,104,26.87,43,"","","","","","","","","","",""
1418,Jamanpura,CGWB,10,Bihar,222,SIWAN,RAGHUNATHPUR,RAGHUNATHPUR,Jamanpura,-,-,-,-,-,-,26.07277778,84.28472222,30-05-2019 08:00,7.4,1105,505.05,0,414.936,"",99.12,"","","","","",500,96,63.1904,16.64,"","","","","","","","","","",""
1419,Jamanpura,CGWB,10,Bihar,222,SIWAN,RAGHUNATHPUR,RAGHUNATHPUR,Jamanpura,-,-,-,-,-,-,26.07277778,84.28472222,30-05-2020 08:00,7.4,1105,"","",414.936,"",99.12,"","","","","","",96,63.1904,16.64,"","","","","","","","","","",""
1420,Jamuawah (pnb),CGWB,10,Bihar,196,GAYA,WAZIRGANJ,WAZIRGANJ,Jamuawah (pnb),-,-,-,-,-,-,24.80694444,85.29444444,25-05-2001 00:00,7.56,1520,"",0,555,"",160,"","","","","",300,34,52,196,"","","","","","","","","","",""
1421,Jamuawah (pnb),CGWB,10,Bihar,196,GAYA,WAZIRGANJ,WAZIRGANJ,Jamuawah (pnb),-,-,-,-,-,-,24.80694444,85.29444444,25-05-2005 00:00,7.38,670,"",0,"","","","","","","","",225,"",54.7,"","","","","","","","","","","",""
1422,Jamui,CGWB,10,Bihar,198,JAMUI,JAMUI,JAMUI,Jamui,-,-,-,-,-,-,24.92666667,86.15694444,25-05-2002 00:00,7.86,986,"","","","","","","","","","","","","","","","","","","","","","","","",""
1423,Jamui,CGWB,10,Bihar,198,JAMUI,JAMUI,JAMUI,Jamui,-,-,-,-,-,-,24.92666667,86.15694444,25-05-2003 00:00,8.12,1360,"","","","","","","","","","","","","","","","","","","","","","","","",""
1424,Jamui,CGWB,10,Bihar,198,JAMUI,JAMUI,JAMUI,Jamui,-,-,-,-,-,-,24.92666667,86.15694444,25-05-2005 00:00,7.67,1500,"",0,311,"",206,"","","","","",415,60,64,138,"","","","","","","","","","",""
1425,Jamui,CGWB,10,Bihar,198,JAMUI,JAMUI,JAMUI,Jamui,-,-,-,-,-,-,24.92666667,86.15694444,25-05-2009 00:00,"",1360,"",0,262,"",206,"","","","","",335,58,46,225,"","","","","","","","","","",""
1426,Jamui,CGWB,10,Bihar,198,JAMUI,JAMUI,JAMUI,Jamui,-,-,-,-,-,-,24.92666667,86.15694444,25-05-2010 00:00,8.24,1213,"",0,165,"",210,"","","","","",245,38,36,125,"","","","","","","","","","",""
1427,Jamui,CGWB,10,Bihar,198,JAMUI,JAMUI,JAMUI,Jamui,-,-,-,-,-,-,24.92666667,86.15694444,25-05-2011 00:00,8.24,1213,"",0,165,"",210,"","","","","",245,38,36.52,125,"","","","","","","","","","",""
1428,Jamui,CGWB,10,Bihar,198,JAMUI,JAMUI,JAMUI,Jamui,-,-,-,-,-,-,24.92666667,86.15694444,25-05-2012 00:00,8.24,1213,"",0,165,"",210,"","","","","",245,38,36,125,"","","","","","","","","","",""
1429,Jamui,CGWB,10,Bihar,198,JAMUI,JAMUI,JAMUI,Jamui,-,-,-,-,-,-,24.92666667,86.15694444,25-05-2016 00:00,8.21,375,243.75,0,202.95,"",2.27,"",27.08,"",26.75,"",110,18,15.79,35.59,"","","","","","","","","","",""
1430,Jamui,CGWB,10,Bihar,198,JAMUI,JAMUI,JAMUI,Jamui,-,-,-,-,-,-,24.92666667,86.15694444,30-05-2019 08:00,7.5,571,295.75,0,154,"",74,"","","","","",169,10,35,52,"","","","","","","","","","",""
1431,Jamui,CGWB,10,Bihar,198,JAMUI,JAMUI,JAMUI,Jamui,-,-,-,-,-,-,24.92666667,86.15694444,30-05-2020 08:00,7.5,571,"","",154,"",74,"","","","","","",10,35,52,"","","","","","","","","","",""
1432,Jamunaha,CGWB,10,Bihar,197,GOPALGANJ,KATAIYA,KATAIYA,Jamunaha,-,-,-,-,-,-,26.54250000,84.18972222,30-05-2019 08:00,7.1,728,377,0,256.284,"",53.1,"","","","","",320,76,31.5952,16.61,"","","","","","","","","","",""
1433,Jamunaha,CGWB,10,Bihar,197,GOPALGANJ,KATAIYA,KATAIYA,Jamunaha,-,-,-,-,-,-,26.54250000,84.18972222,30-05-2020 08:00,7.1,728,"","",256.284,"",53.1,"","","","","","",76,31.5952,16.61,"","","","","","","","","","",""
1434,Jamunaha,CGWB,10,Bihar,197,GOPALGANJ,KATAIYA,KATAIYA,Jamunaha,-,-,-,-,-,-,26.54250000,84.18972222,30-05-2021 08:00,8.76,3350,"",120,48.816,"",764.302,"",460,0,"","",860,100,148,349,"","","","","","","","","","",""
1435,Jamunia,CGWB,10,Bihar,216,SAHARSA,SIMRI BAKHTIARPUR,SIMRI BAKHTIARPUR,Jamunia,-,-,-,-,-,-,25.75611111,86.55861111,25-05-2013 00:00,8.3,686,"",7.5,189.1,"",85.1,"",18.4,"","","",215,6,48.6,35.1,"","","","","","","","","","",""
1436,Jamunia,CGWB,10,Bihar,216,SAHARSA,SIMRI BAKHTIARPUR,SIMRI BAKHTIARPUR,Jamunia,-,-,-,-,-,-,25.75611111,86.55861111,30-05-2019 08:00,7.902,178.1,523.445,0,115.99272,"",85.08,"","","","","",225,16.0128,44.895145,14.07,"","","","","","","","","","",""
1437,Jamunia,CGWB,10,Bihar,216,SAHARSA,SIMRI BAKHTIARPUR,SIMRI BAKHTIARPUR,Jamunia,-,-,-,-,-,-,25.75611111,86.55861111,30-05-2020 08:00,7.902,178.1,"","",115.99272,"",85.08,"","","","","","",16.0128,44.895145,14.07,"","","","","","","","","","",""
1438,Jangipur,CGWB,10,Bihar,209,NALANDA,ASTHAWAN,ASTHAWAN,Jangipur,-,-,-,-,-,-,25.19555556,85.69111111,25-05-2013 00:00,6.97,1450,"",0,295,"",255,"",51.8,"","","",505,52,91.24,92,"","","","","","","","","","",""
1439,Jangipur,CGWB,10,Bihar,209,NALANDA,ASTHAWAN,ASTHAWAN,Jangipur,-,-,-,-,-,-,25.19555556,85.69111111,25-05-2016 00:00,8.61,420,273,24,184.5,"",21.27,"",12,"",30,"",130,30,13.36,41,"","","","","","","","","","",""
1440,Jangipur,CGWB,10,Bihar,209,NALANDA,ASTHAWAN,ASTHAWAN,Jangipur,-,-,-,-,-,-,25.19555556,85.69111111,30-05-2019 08:00,7.9,445,167.7,0,98,"",92.2,"","","","","",180,50,13,23,"","","","","","","","","","",""
1441,Jangipur,CGWB,10,Bihar,209,NALANDA,ASTHAWAN,ASTHAWAN,Jangipur,-,-,-,-,-,-,25.19555556,85.69111111,30-05-2020 08:00,7.9,445,"","",98,"",92.2,"","","","","","",50,13,23,"","","","","","","","","","",""
1442,Jangipur,CGWB,10,Bihar,209,NALANDA,ASTHAWAN,ASTHAWAN,Jangipur,-,-,-,-,-,-,25.19555556,85.69111111,30-05-2021 08:00,8.2,1450,"",0,610,"",92,"",61,"","","",275,24,52,204,"","","","","","","","","","",""
1443,Japaha,CGWB,10,Bihar,208,MUZAFFARPUR,MUSAHRI,MUSAHRI,Japaha,-,-,-,-,-,-,26.14361111,85.39055556,30-05-2019 08:00,8.1,1250,243.1,0,244,"",265.9,"","","","","",310,40,51,138,"","","","","","","","","","",""
1444,Japaha,CGWB,10,Bihar,208,MUZAFFARPUR,MUSAHRI,MUSAHRI,Japaha,-,-,-,-,-,-,26.14361111,85.39055556,30-05-2020 08:00,8.1,1250,"","",244,"",265.9,"","","","","","",40,51,138,"","","","","","","","","","",""
1445,Japaha,CGWB,10,Bihar,208,MUZAFFARPUR,MUSAHRI,MUSAHRI,Japaha,-,-,-,-,-,-,26.14361111,85.39055556,30-05-2021 08:00,7.9,570,"",0,237,"",44,"",7,"","","",223,42,29,25,"","","","","","","","","","",""
1446,Jarawarpur Milki,CGWB,10,Bihar,193,BHOJPUR,ARRAH,ARA,Jarawarpur Milki,-,-,-,-,-,-,25.60250000,84.53388889,30-05-2019 08:00,8,632,837.2,0,294,"",18,"","","","","",271,48,29,26,"","","","","","","","","","",""
1447,Jarawarpur Milki,CGWB,10,Bihar,193,BHOJPUR,ARRAH,ARA,Jarawarpur Milki,-,-,-,-,-,-,25.60250000,84.53388889,30-05-2020 08:00,8,632,"","",294,"",18,"","","","","","",48,29,26,"","","","","","","","","","",""
1448,Jarawarpur Milki,CGWB,10,Bihar,193,BHOJPUR,ARRAH,ARA,Jarawarpur Milki,-,-,-,-,-,-,25.60250000,84.53388889,30-05-2021 08:00,7.31,210,"",0,79,"",24,"",5,"","","",64,16,6,15,"","","","","","","","","","",""
1449,Jathmalpur,CGWB,10,Bihar,217,SAMASTIPUR,KALYANPUR,KALYANPUR,Jathmalpur,-,-,-,-,-,-,25.87638889,85.78333333,25-05-2001 00:00,8.28,2200,"",0,378,"",323,"","","","","",480,42,91,200,"","","","","","","","","","",""
1450,Jathmalpur,CGWB,10,Bihar,217,SAMASTIPUR,WARISNAGAR,WARISNAGAR,Jathmalpur,-,-,-,-,-,-,25.86666667,85.83333333,25-05-2002 00:00,8.03,721,"","","","","","","","","","","","","","","","","","","","","","","","",""
1451,Jathmalpur,CGWB,10,Bihar,217,SAMASTIPUR,WARISNAGAR,WARISNAGAR,Jathmalpur,-,-,-,-,-,-,25.86666667,85.83333333,25-05-2004 00:00,7.19,1950,"",0,565,"",302,"","","","","",528,74,82,284,"","","","","","","","","","",""
1452,Jathmalpur,CGWB,10,Bihar,217,SAMASTIPUR,WARISNAGAR,WARISNAGAR,Jathmalpur,-,-,-,-,-,-,25.86666667,85.83333333,25-05-2008 00:00,7.8,950,"",0,470,"",21,"","","","","",325,52,47,58,"","","","","","","","","","",""
1453,Jathmalpur,CGWB,10,Bihar,217,SAMASTIPUR,WARISNAGAR,WARISNAGAR,Jathmalpur,-,-,-,-,-,-,25.86666667,85.83333333,25-05-2012 00:00,7.08,2330,"",0,202.9,"",304.86,"","","","","",695,136,86.48,195,"","","","","","","","","","",""
1454,Jathmalpur,CGWB,10,Bihar,217,SAMASTIPUR,WARISNAGAR,WARISNAGAR,Jathmalpur,-,-,-,-,-,-,25.86666667,85.83333333,25-05-2013 00:00,7.15,2547,"",0,598,"",305,"",380,"","","",671,144,124,275,"","","","","","","","","","",""
1455,Jaynagar,CGWB,10,Bihar,206,MADHUBANI,JAINAGAR,JAINAGAR,Jaynagar,-,-,-,-,-,-,26.57500000,86.16250000,25-05-2002 00:00,8.12,755,"","","","","","","","","","","","","","","","","","","","","","","","",""
1456,Jaynagar,CGWB,10,Bihar,206,MADHUBANI,JAINAGAR,JAINAGAR,Jaynagar,-,-,-,-,-,-,26.57500000,86.16250000,25-05-2007 00:00,8.11,1600,"","",488,400,178,"",58,"","","",360,80,39,179,"","","","","","","","","","",""
1457,Jaynagar,CGWB,10,Bihar,206,MADHUBANI,JAINAGAR,JAINAGAR,Jaynagar,-,-,-,-,-,-,26.57500000,86.16250000,25-05-2008 00:00,8.45,820,"",30,275,"",60,"","","","","",255,74,17,41,"","","","","","","","","","",""
1458,Jaynagar,CGWB,10,Bihar,206,MADHUBANI,JAINAGAR,JAINAGAR,Jaynagar,-,-,-,-,-,-,26.57500000,86.16250000,25-05-2009 00:00,"",958,"",18,372,"",96,"","","","","",275,54,34.1,105,"","","","","","","","","","",""
1459,Jaynagar,CGWB,10,Bihar,206,MADHUBANI,JAINAGAR,JAINAGAR,Jaynagar,-,-,-,-,-,-,26.57500000,86.16250000,25-05-2011 00:00,8.24,598,"",0,338.25,"",7.09,"","","","","",185,38,21.93,55,"","","","","","","","","","",""
1460,Jaynagar,CGWB,10,Bihar,206,MADHUBANI,JAINAGAR,JAINAGAR,Jaynagar,-,-,-,-,-,-,26.57500000,86.16250000,25-05-2012 00:00,8.12,602,"",0,344.4,"",7.1,"","","","","",190,38,23.08,54,"","","","","","","","","","",""
1461,Jaynagar,CGWB,10,Bihar,206,MADHUBANI,JAINAGAR,JAINAGAR,Jaynagar,-,-,-,-,-,-,26.57500000,86.16250000,25-05-2013 00:00,7.6,689,"",0,427.1,"",7.1,"",9.6,"","","",225,76.2,8.48,69,"","","","","","","","","","",""
1462,Jeradei,CGWB,10,Bihar,222,SIWAN,MAIRWA,MAIRWA,Jeradei,-,-,-,-,-,-,26.22083333,84.25833333,25-05-2001 00:00,7.45,1150,"",0,500,"",78,"","","","","",330,40,56,68,"","","","","","","","","","",""
1463,Jeradei,CGWB,10,Bihar,222,SIWAN,MAIRWA,MAIRWA,Jeradei,-,-,-,-,-,-,26.21250000,84.25000000,25-05-2002 00:00,8.09,629,"","","","","","","","","","","","","","","","","","","","","","","","",""
1464,Jeradei,CGWB,10,Bihar,222,SIWAN,MAIRWA,MAIRWA,Jeradei,-,-,-,-,-,-,26.21250000,84.25000000,25-05-2008 00:00,8.13,930,"",0,260,"",89,"","","","","",250,38,38,92,"","","","","","","","","","",""
1465,Jhajha,CGWB,10,Bihar,198,JAMUI,JHAJHA,JHAJHA,Jhajha,-,-,-,-,-,-,24.76833333,86.38472222,25-05-2002 00:00,8.19,646,"","","","","","","","","","","","","","","","","","","","","","","","",""
1466,Jhajha,CGWB,10,Bihar,198,JAMUI,JHAJHA,JHAJHA,Jhajha,-,-,-,-,-,-,24.76833333,86.38472222,25-05-2003 00:00,7.27,840,"","","","","","","","","","","","","","","","","","","","","","","","",""
1467,Jhajha,CGWB,10,Bihar,198,JAMUI,JHAJHA,JHAJHA,Jhajha,-,-,-,-,-,-,24.76833333,86.38472222,25-05-2005 00:00,7.84,807,"",0,226,"",128,"","","","","",315,60,40.19,81,"","","","","","","","","","",""
1468,Jhajha,CGWB,10,Bihar,198,JAMUI,JHAJHA,JHAJHA,Jhajha,-,-,-,-,-,-,24.76833333,86.38472222,25-05-2011 00:00,8.15,707,"",0,293,"",64,"","","","","",185,42,19.5,64,"","","","","","","","","","",""
1469,Jhajha,CGWB,10,Bihar,198,JAMUI,JHAJHA,JHAJHA,Jhajha,-,-,-,-,-,-,24.76833333,86.38472222,25-05-2012 00:00,7.98,710,"",0,294,"",64,"","","","","",185,42,19,60,"","","","","","","","","","",""
1470,Jhajha,CGWB,10,Bihar,198,JAMUI,JHAJHA,JHAJHA,Jhajha,-,-,-,-,-,-,24.76833333,86.38472222,25-05-2013 00:00,7.75,640,"",0,244,"",64,"",0,"","","",210,52,19.51,44,"","","","","","","","","","",""
1471,Jhanjharpur,CGWB,10,Bihar,206,MADHUBANI,JHANJHARPUR,JHANJHARPUR,Jhanjharpur,-,-,-,-,-,-,26.26694444,86.27972222,25-05-2013 00:00,8.2,610,"",0,329.5,"",21.3,"",14.4,"","","",170,24,26.77,73,"","","","","","","","","","",""
1472,Jhanjharpur,CGWB,10,Bihar,206,MADHUBANI,JHANJHARPUR,JHANJHARPUR,Jhanjharpur,-,-,-,-,-,-,26.26694444,86.27972222,30-05-2019 08:00,8.11,480,300.95,0,264.45,"",19.92,"","","","","",88.16678,12.577,13.784,69.356,"","","","","","","","","","",""
1473,Jhanjharpur,CGWB,10,Bihar,206,MADHUBANI,JHANJHARPUR,JHANJHARPUR,Jhanjharpur,-,-,-,-,-,-,26.26694444,86.27972222,30-05-2020 08:00,8.11,480,"","",264.45,"",19.92,"","","","","","",12.577,13.784,69.356,"","","","","","","","","","",""
1474,Jhunathi,CGWB,10,Bihar,199,JEHANABAD,KURTHA,KURTHA,Jhunathi,-,-,-,-,-,-,25.20583333,84.89166667,25-05-2001 00:00,8.52,720,"",24,195,"",50,"","","","","",250,32,41,44,"","","","","","","","","","",""
1475,Jhunathi,CGWB,10,Bihar,199,JEHANABAD,KURTHA,KURTHA,Jhunathi,-,-,-,-,-,-,25.20000000,84.88750000,25-05-2011 00:00,8.1,420,"",0,226,"",18,"","","","","",150,36,14.63,27,"","","","","","","","","","",""
1476,Jhunathi,CGWB,10,Bihar,199,JEHANABAD,KURTHA,KURTHA,Jhunathi,-,-,-,-,-,-,25.20000000,84.88750000,25-05-2012 00:00,8.4,480,"",36,170.828,"",14.184,"","","","","",190,40.08,21.92,21,"","","","","","","","","","",""
1477,Jhunathi,CGWB,10,Bihar,199,JEHANABAD,KURTHA,KURTHA,Jhunathi,-,-,-,-,-,-,25.20000000,84.88750000,25-05-2013 00:00,8.4,480,"",36,170.8,"",14.2,"",9.6,"","","",190,40.1,21.87,21,"","","","","","","","","","",""
1478,Jhunathi,CGWB,10,Bihar,199,JEHANABAD,KURTHA,KURTHA,Jhunathi,-,-,-,-,-,-,25.20583333,84.89166667,25-05-2016 00:00,7.61,523,339.95,0,289.05,"",31.9,"",10.98,"",5.59,"",110,42,1.21,83,"","","","","","","","","","",""
1479,Jhunathi,CGWB,10,Bihar,199,JEHANABAD,KURTHA,KURTHA,Jhunathi,-,-,-,-,-,-,25.20000000,84.88750000,25-05-2016 00:00,7.61,523,339.95,0,289.05,"",31.9,"",10.98,"",5.59,"",110,42,1.21,83,"","","","","","","","","","",""
1480,Jhunathi,CGWB,10,Bihar,199,JEHANABAD,KURTHA,KURTHA,Jhunathi,-,-,-,-,-,-,25.20000000,84.88750000,30-05-2019 08:00,8.46,527,1545.05,9,274.5,"",14.2,"","","","","",155,36,15.795,44,"","","","","","","","","","",""
1481,Jhunathi,CGWB,10,Bihar,199,JEHANABAD,KURTHA,KURTHA,Jhunathi,-,-,-,-,-,-,25.20000000,84.88750000,30-05-2020 08:00,8.46,527,"","",274.5,"",14.2,"","","","","","",36,15.795,44,"","","","","","","","","","",""
1482,Jhunathi,CGWB,10,Bihar,199,JEHANABAD,KURTHA,KURTHA,Jhunathi,-,-,-,-,-,-,25.20000000,84.88750000,30-05-2021 08:00,7.49,1020,"",0,220,"",195,"",55,"","","",365,60,52,64,"","","","","","","","","","",""
1483,Jiwachhapur,CGWB,10,Bihar,205,MADHEPURA,SINGHESHWAR,SINGHESHWAR,Jiwachhapur,-,-,-,-,-,-,26.02972222,86.73555556,30-05-2019 08:00,8.029,342.1,358.345,0,164.83176,"",88.625,"","","","","",280,16.0128,58.24466,17.98,"","","","","","","","","","",""
1484,Jiwachhapur,CGWB,10,Bihar,205,MADHEPURA,SINGHESHWAR,SINGHESHWAR,Jiwachhapur,-,-,-,-,-,-,26.02972222,86.73555556,30-05-2020 08:00,8.029,342.1,"","",164.83176,"",88.625,"","","","","","",16.0128,58.24466,17.98,"","","","","","","","","","",""
1485,Jogiya,CGWB,10,Bihar,206,MADHUBANI,LADANIA,LADANIA,Jogiya,-,-,-,-,-,-,26.58083333,86.20666667,30-05-2019 08:00,8.14,463,688.35,0,282.9,"",4.263,"","","","","",83.72888,10.629,13.889,61.816,"","","","","","","","","","",""
1486,Jogiya,CGWB,10,Bihar,206,MADHUBANI,LADANIA,LADANIA,Jogiya,-,-,-,-,-,-,26.58083333,86.20666667,30-05-2020 08:00,8.14,463,"","",282.9,"",4.263,"","","","","","",10.629,13.889,61.816,"","","","","","","","","","",""
1487,Jogiya,CGWB,10,Bihar,206,MADHUBANI,LADANIA,LADANIA,Jogiya,-,-,-,-,-,-,26.58083333,86.20666667,30-05-2021 08:00,8.88,650,"",60,292.896,"",41.6892,"",0,0,"","",290.232,20.04,58.368,48,"","","","","","","","","","",""
1488,Jokihat,CGWB,10,Bihar,188,ARARIA,JOKIHAT,JOKIHAT,Jokihat,-,-,-,-,-,-,26.14583333,87.65416667,25-05-2003 00:00,6.65,250,"","","","","","","","","","","","","","","","","","","","","","","","",""
1489,Jokihat,CGWB,10,Bihar,188,ARARIA,JOKIHAT,JOKIHAT,Jokihat,-,-,-,-,-,-,26.14583333,87.65416667,25-05-2011 00:00,7.21,167,"",0,134.2,"",3.55,"","","","","",50,12,4.88,35,"","","","","","","","","","",""
1490,Jokihat,CGWB,10,Bihar,188,ARARIA,JOKIHAT,JOKIHAT,Jokihat,-,-,-,-,-,-,26.14583333,87.65416667,25-05-2013 00:00,7.57,227,"",0,134.2,"",7.1,"",0,"","","",33,4,5.6,40,"","","","","","","","","","",""
1491,Jokihat,CGWB,10,Bihar,188,ARARIA,JOKIHAT,JOKIHAT,Jokihat,-,-,-,-,-,-,26.14583333,87.65416667,25-05-2016 00:00,7.67,887,"",0,307.44,"",102.834,"",40.97,"",22.35,"",270,14,56.4,69.18,"","","","","","","","","","",""
1492,Jokihat1,CGWB,10,Bihar,188,ARARIA,JOKIHAT,JOKIHAT,Jokihat,-,-,-,-,-,-,26.14583333,87.65416667,25-05-2007 00:00,8.36,830,"",18,177,175.1,128,"","","","","",245,38,36,58,"","","","","","","","","","",""
1493,Jorja,CGWB,10,Bihar,195,DARBHANGA,BAHERI,BAHERI,Jorja,-,-,-,-,-,-,26.00722222,85.97500000,30-05-2019 08:00,8.15,513,233.35,0,319.8,"",9.25,"","","","","",95.768974,11.208,16.463,75.97,"","","","","","","","","","",""
1494,Jorja,CGWB,10,Bihar,195,DARBHANGA,BAHERI,BAHERI,Jorja,-,-,-,-,-,-,26.00722222,85.97500000,30-05-2020 08:00,8.15,513,"","",319.8,"",9.25,"","","","","","",11.208,16.463,75.97,"","","","","","","","","","",""
1495,Jorja,CGWB,10,Bihar,195,DARBHANGA,BAHERI,BAHERI,Jorja,-,-,-,-,-,-,26.00722222,85.97500000,30-05-2021 08:00,8.3,450,"",0,244,"",14,"",12,"","","",41,16,15,72,"","","","","","","","","","",""
1496,Jugia Dera,CGWB,10,Bihar,194,BUXAR,BARHAMPUR,BARHAMPUR,Jugia Dera,-,-,-,-,-,-,25.59305556,84.25527778,30-05-2019 08:00,7.9,567,384.15,0,288,"",18,"","","","","",222,16,45,21,"","","","","","","","","","",""
1497,Jugia Dera,CGWB,10,Bihar,194,BUXAR,BARHAMPUR,BARHAMPUR,Jugia Dera,-,-,-,-,-,-,25.59305556,84.25527778,30-05-2020 08:00,7.9,567,"","",288,"",18,"","","","","","",16,45,21,"","","","","","","","","","",""
1498,Jugia Dera,CGWB,10,Bihar,194,BUXAR,BARHAMPUR,BARHAMPUR,Jugia Dera,-,-,-,-,-,-,25.59305556,84.25527778,30-05-2021 08:00,7.51,110,"",0,30,"",14,"",7,"","","",29,8,2,10,"","","","","","","","","","",""
1499,Kachanpur,CGWB,10,Bihar,224,VAISHALI,BIDUPUR,BIDUPUR,Kachanpur,-,-,-,-,-,-,25.68333333,85.20000000,30-05-2019 08:00,7.28,744,536.9,0,317.304,"",60.18,"","","","","",340,54,49.8232,14.2,"","","","","","","","","","",""
1500,Kachanpur,CGWB,10,Bihar,224,VAISHALI,BIDUPUR,BIDUPUR,Kachanpur,-,-,-,-,-,-,25.68333333,85.20000000,30-05-2020 08:00,7.28,744,"","",317.304,"",60.18,"","","","","","",54,49.8232,14.2,"","","","","","","","","","",""
1501,Kachanpur,CGWB,10,Bihar,224,VAISHALI,BIDUPUR,BIDUPUR,Kachanpur,-,-,-,-,-,-,25.68333333,85.20000000,30-05-2021 08:00,7.82,371.6,"",0,151.6,"",61.6,"",15,"","","",123.1,30.83,11.19,34.6,"","","","","","","","","","",""
1502,Kadwa,CGWB,10,Bihar,201,KATIHAR,KADWA,KADWA,Kadwa,-,-,-,-,-,-,25.66250000,87.76250000,25-05-2004 00:00,7.01,770,"",0,306,"",128,"","","","","",258,34,42,92,"","","","","","","","","","",""
1503,Kadwa,CGWB,10,Bihar,201,KATIHAR,KADWA,KADWA,Kadwa,-,-,-,-,-,-,25.65000000,87.73333333,25-05-2008 00:00,8.59,868,"",12,275,"",75,"","","","","",145,22,22,66,"","","","","","","","","","",""
1504,Kadwa,CGWB,10,Bihar,201,KATIHAR,KADWA,KADWA,Kadwa,-,-,-,-,-,-,25.66250000,87.76250000,25-05-2011 00:00,7.5,660,"",0,213.5,"",88.75,"","","","","",140,42,8.56,69,"","","","","","","","","","",""
1505,Kadwa,CGWB,10,Bihar,201,KATIHAR,KADWA,KADWA,Kadwa,-,-,-,-,-,-,25.66250000,87.76250000,25-05-2013 00:00,7.17,707,"",0,170.8,"",67.4,"",13.5,"","","",95,20,10.97,76.6,"","","","","","","","","","",""
1506,Kadwa,CGWB,10,Bihar,201,KATIHAR,KADWA,KADWA,Kadwa,-,-,-,-,-,-,25.65000000,87.73333333,25-05-2016 00:00,7.95,452,"",0,178.12,"",31.914,"",12.64,"",16.33,"",120,20,16.8,33.97,"","","","","","","","","","",""
1507,Kadwa,CGWB,10,Bihar,201,KATIHAR,KADWA,KADWA,Kadwa,-,-,-,-,-,-,25.66250000,87.76250000,30-05-2019 08:00,8.21,594,362.05,0,248,"",39.05,"","","","","",210,38,27.945,31.82,"","","","","","","","","","",""
1508,Kadwa,CGWB,10,Bihar,201,KATIHAR,KADWA,KADWA,Kadwa,-,-,-,-,-,-,25.66250000,87.76250000,30-05-2020 08:00,8.21,594,"","",248,"",39.05,"","","","","","",38,27.945,31.82,"","","","","","","","","","",""
1509,Kahalgaon rlyco,CGWB,10,Bihar,192,BHAGALPUR,COLGONG,COLGONG,Kahalgaon rlyco,-,-,-,-,-,-,25.26250000,87.23305556,25-05-2007 00:00,8.26,1139,"","",232,190.2,156.2,"","","","","",390,60,58.3,102,"","","","","","","","","","",""
1510,Kahalgaon rlyco,CGWB,10,Bihar,192,BHAGALPUR,COLGONG,COLGONG,Kahalgaon rlyco,-,-,-,-,-,-,25.25416667,87.24166667,25-05-2008 00:00,6.88,1120,"",0,195,"",156,"","","","","",300,56,38.97,110,"","","","","","","","","","",""
1511,Kahalgaon rlyco,CGWB,10,Bihar,192,BHAGALPUR,COLGONG,COLGONG,Kahalgaon rlyco,-,-,-,-,-,-,25.25416667,87.24166667,25-05-2009 00:00,"",1090,"",0,177,"",142,"","","","","",290,56,36,79,"","","","","","","","","","",""
1512,Kahalgaon rlyco,CGWB,10,Bihar,192,BHAGALPUR,COLGONG,COLGONG,Kahalgaon rlyco,-,-,-,-,-,-,25.25416667,87.24166667,25-05-2010 00:00,7.87,1106,"",0,226,"",138,"","","","","",300,56,39,115,"","","","","","","","","","",""
1513,Kahalgaon rlyco,CGWB,10,Bihar,192,BHAGALPUR,COLGONG,COLGONG,Kahalgaon rlyco,-,-,-,-,-,-,25.25416667,87.24166667,25-05-2011 00:00,7.87,1106,"",0,226,"",138,"","","","","",300,56,38.97,115,"","","","","","","","","","",""
1514,Kahalgaon rlyco,CGWB,10,Bihar,192,BHAGALPUR,COLGONG,COLGONG,Kahalgaon rlyco,-,-,-,-,-,-,25.25416667,87.24166667,25-05-2012 00:00,7.87,1106,"",0,226,"",138,"","","","","",300,56,39,113,"","","","","","","","","","",""
1515,Kahalgaon rlyco,CGWB,10,Bihar,192,BHAGALPUR,COLGONG,COLGONG,Kahalgaon rlyco,-,-,-,-,-,-,25.25416667,87.24166667,25-05-2013 00:00,7.86,980,"",0,317,"",92,"",0,"","","",240,44,31.66,106,"","","","","","","","","","",""
1516,Kaithma,CGWB,10,Bihar,191,BEGUSARAI,BEGUSARAI,BEGUSARAI,Kaithma,-,-,-,-,-,-,25.38861111,86.14805556,30-05-2019 08:00,8.424,376,614.25,15,213.6708,"",35.45,"","","","","",215,36.0288,30.32233,19.37,"","","","","","","","","","",""
1517,Kaithma,CGWB,10,Bihar,191,BEGUSARAI,BEGUSARAI,BEGUSARAI,Kaithma,-,-,-,-,-,-,25.38861111,86.14805556,30-05-2020 08:00,8.424,376,"","",213.6708,"",35.45,"","","","","","",36.0288,30.32233,19.37,"","","","","","","","","","",""
1518,Kaithtola,CGWB,10,Bihar,223,SUPAUL,RAGHOPUR,RAGHOPUR,Kaithtola,-,-,-,-,-,-,26.25222222,86.81305556,25-05-2012 00:00,7.88,187,"",0,85,"",14,"","","","","",70,12,9.7,6.1,"","","","","","","","","","",""
1519,Kaithtola,CGWB,10,Bihar,223,SUPAUL,RAGHOPUR,RAGHOPUR,Kaithtola,-,-,-,-,-,-,26.25222222,86.81305556,25-05-2013 00:00,8.25,243,"",0,85.4,"",17.7,"",26.9,"","","",80,6,15.81,18,"","","","","","","","","","",""
1520,Kaithtola,CGWB,10,Bihar,223,SUPAUL,RAGHOPUR,RAGHOPUR,Kaithtola,-,-,-,-,-,-,26.25222222,86.81305556,25-05-2016 00:00,7.97,355,230.75,0,92,"",39.006,"",32,"",1.2,"",155,24,22.8,2,"","","","","","","","","","",""
1521,Kaithtola,CGWB,10,Bihar,223,SUPAUL,RAGHOPUR,RAGHOPUR,Kaithtola,-,-,-,-,-,-,26.25222222,86.81305556,30-05-2019 08:00,8.23,271,876.85,0,104.55,"",18.5,"","","","","",90,16,12.15,21.3,"","","","","","","","","","",""
1522,Kaithtola,CGWB,10,Bihar,223,SUPAUL,RAGHOPUR,RAGHOPUR,Kaithtola,-,-,-,-,-,-,26.25222222,86.81305556,30-05-2020 08:00,8.23,271,"","",104.55,"",18.5,"","","","","","",16,12.15,21.3,"","","","","","","","","","",""
1523,Kajha,CGWB,10,Bihar,214,PURNIA,DHAMDAHA,DHAMDAHA,Kajha,-,-,-,-,-,-,25.77250000,87.27111111,25-05-2004 00:00,7.98,950,"",0,382,"",107,"","","","","",268,65,25,82,"","","","","","","","","","",""
1524,Kajha,CGWB,10,Bihar,214,PURNIA,DHAMDAHA,DHAMDAHA,Kajha,-,-,-,-,-,-,25.77250000,87.27111111,25-05-2007 00:00,7.8,460,"","",244,200,11,"","","","","",155,52,6,30,"","","","","","","","","","",""
1525,Kajha,CGWB,10,Bihar,214,PURNIA,DHAMDAHA,DHAMDAHA,Kajha,-,-,-,-,-,-,25.77250000,87.27111111,25-05-2008 00:00,8.96,634,"",18,226,"",39,"","","","","",170,48,12.21,41,"","","","","","","","","","",""
1526,Kajha,CGWB,10,Bihar,214,PURNIA,DHAMDAHA,DHAMDAHA,Kajha,-,-,-,-,-,-,25.77250000,87.27111111,25-05-2009 00:00,"",720,"",0,220,"",67,"","","","","",160,44,12,58,"","","","","","","","","","",""
1527,Kajha,CGWB,10,Bihar,214,PURNIA,DHAMDAHA,DHAMDAHA,Kajha,-,-,-,-,-,-,25.77250000,87.27111111,25-05-2011 00:00,7.43,909,"",0,237.9,"",92.3,"","","","","",210,48,21.94,52,"","","","","","","","","","",""
1528,Kajha,CGWB,10,Bihar,214,PURNIA,DHAMDAHA,DHAMDAHA,Kajha,-,-,-,-,-,-,25.77250000,87.27111111,25-05-2013 00:00,7.39,959,"",0,298.9,"",85.1,"",24.8,"","","",150,38,13.4,63.1,"","","","","","","","","","",""
1529,Kajha,CGWB,10,Bihar,214,PURNIA,DHAMDAHA,DHAMDAHA,Kajha,-,-,-,-,-,-,25.77250000,87.27111111,25-05-2016 00:00,7.97,819,"",0,267.18,"",106.38,"",21.32,"",5.98,"",320,42,51.6,46.14,"","","","","","","","","","",""
1530,Kajha,CGWB,10,Bihar,214,PURNIA,DHAMDAHA,DHAMDAHA,Kajha,-,-,-,-,-,-,25.77250000,87.27111111,30-05-2019 08:00,8.03,439,275.6,0,250,"",10.65,"","","","","",95,24,8.505,56.04,"","","","","","","","","","",""
1531,Kajha,CGWB,10,Bihar,214,PURNIA,DHAMDAHA,DHAMDAHA,Kajha,-,-,-,-,-,-,25.77250000,87.27111111,30-05-2020 08:00,8.03,439,"","",250,"",10.65,"","","","","","",24,8.505,56.04,"","","","","","","","","","",""
1532,Kajra,CGWB,10,Bihar,204,LAKHISARAI,SURAJGARHA,SURAJGARHA,Kajra,-,-,-,-,-,-,25.16222222,86.22888889,30-05-2019 08:00,8.1,1324,237.25,0,123,"",281,"","","","","",300,14,65,117,"","","","","","","","","","",""
1533,Kajra,CGWB,10,Bihar,204,LAKHISARAI,SURAJGARHA,SURAJGARHA,Kajra,-,-,-,-,-,-,25.16222222,86.22888889,30-05-2020 08:00,8.1,1324,"","",123,"",281,"","","","","","",14,65,117,"","","","","","","","","","",""
1534,Kajra1,CGWB,10,Bihar,201,KATIHAR,PRANPUR,PRANPUR,Kajra,-,-,-,-,-,-,25.41138889,87.59361111,25-05-2004 00:00,7.47,385,"",0,195,"",36,"","","","","",125,27,14,12,"","","","","","","","","","",""
1535,Kajra1,CGWB,10,Bihar,201,KATIHAR,PRANPUR,PRANPUR,Kajra,-,-,-,-,-,-,25.41138889,87.59361111,25-05-2007 00:00,8.2,520,"","",220,180.3,39,"","","","","",200,50,18,21,"","","","","","","","","","",""
1536,Kajra1,CGWB,10,Bihar,201,KATIHAR,PRANPUR,PRANPUR,Kajra,-,-,-,-,-,-,25.41138889,87.59361111,25-05-2016 00:00,7.91,529,"",0,151.89,"",67.374,"",16.64,"",0.51,"",175,60,6,32.83,"","","","","","","","","","",""
1537,Kajra2,CGWB,10,Bihar,204,LAKHISARAI,SURAJGARHA,SURAJGARHA,Kajra,-,-,-,-,-,-,25.17111111,86.20333333,25-05-2010 00:00,"",1490,"",0,579,"",174,"","","","","",375,48,62,152,"","","","","","","","","","",""
1538,Kajra2,CGWB,10,Bihar,204,LAKHISARAI,SURAJGARHA,SURAJGARHA,Kajra,-,-,-,-,-,-,25.17111111,86.20333333,25-05-2011 00:00,8.07,1490,"",0,579,"",174,"","","","","",375,48,62.06,152,"","","","","","","","","","",""
1539,Kajra2,CGWB,10,Bihar,204,LAKHISARAI,SURAJGARHA,SURAJGARHA,Kajra,-,-,-,-,-,-,25.17111111,86.20333333,25-05-2012 00:00,8.07,1490,"",0,579,"",174,"","","","","",375,48,62,152,"","","","","","","","","","",""
1540,Kako,CGWB,10,Bihar,199,JEHANABAD,GHOSHI,GHOSHI,Kako,-,-,-,-,-,-,25.22916667,85.10416667,25-05-2011 00:00,7.5,664,"",0,366,"",18,"","","","","",210,38,28.01,56,"","","","","","","","","","",""
1541,Kako,CGWB,10,Bihar,199,JEHANABAD,GHOSHI,GHOSHI,Kako,-,-,-,-,-,-,25.22916667,85.10416667,25-05-2012 00:00,8.22,950,"",0,329.454,"",78.012,"","","","","",260,12.024,55.97,101,"","","","","","","","","","",""
1542,Kako,CGWB,10,Bihar,199,JEHANABAD,GHOSHI,GHOSHI,Kako,-,-,-,-,-,-,25.22916667,85.10416667,25-05-2013 00:00,8.22,950,"",0,329.5,"",78,"",38.4,"","","",260,12,55.93,101,"","","","","","","","","","",""
1543,Kako,CGWB,10,Bihar,199,JEHANABAD,GHOSHI,GHOSHI,Kako,-,-,-,-,-,-,25.22916667,85.10416667,25-05-2016 00:00,7.56,1501,975.65,0,442.8,"",163.07,"",31.66,"",8.19,"",230,42,30.37,107.06,"","","","","","","","","","",""
1544,Kako,CGWB,10,Bihar,199,JEHANABAD,GHOSHI,GHOSHI,Kako,-,-,-,-,-,-,25.22916667,85.10416667,30-05-2019 08:00,8.14,2377,262.6,0,682.65,"",249.71,"","","","","",420,74,57.105,221.54,"","","","","","","","","","",""
1545,Kako,CGWB,10,Bihar,199,JEHANABAD,GHOSHI,GHOSHI,Kako,-,-,-,-,-,-,25.22916667,85.10416667,30-05-2020 08:00,8.14,2377,"","",682.65,"",249.71,"","","","","","",74,57.105,221.54,"","","","","","","","","","",""
1546,Kako,CGWB,10,Bihar,199,JEHANABAD,GHOSHI,GHOSHI,Kako,-,-,-,-,-,-,25.22916667,85.10416667,30-05-2021 08:00,8.03,360,"",0,195,"",10,"",5,"","","",90,24,7,40,"","","","","","","","","","",""
1547,Kamtaul h.s.,CGWB,10,Bihar,195,DARBHANGA,JALE,JALE,Kamtaul h.s.,-,-,-,-,-,-,26.33527778,85.81861111,25-05-2002 00:00,8.8,601,"","","","","","","","","","","","","","","","","","","","","","","","",""
1548,Kankarbagh,CGWB,10,Bihar,212,PATNA,PATNA RURAL (A),PATNA RURAL (A),Kankarbagh,-,-,-,-,-,-,25.60111111,85.16083333,30-05-2021 08:00,7.63,430,"",0,205,"",24,"",15,"","","",162,59,4,21.8,"","","","","","","","","","",""
1549,Kapileshwar,CGWB,10,Bihar,206,MADHUBANI,PHULPARAS,PHULPARAS,Kapileshwar,-,-,-,-,-,-,26.36666667,86.50000000,30-05-2019 08:00,7.85,1059,507,0,498.15,"",93.4,"","","","","",263.02057,28,46.904,102.55,"","","","","","","","","","",""
1550,Kapileshwar,CGWB,10,Bihar,206,MADHUBANI,PHULPARAS,PHULPARAS,Kapileshwar,-,-,-,-,-,-,26.36666667,86.50000000,30-05-2020 08:00,7.85,1059,"","",498.15,"",93.4,"","","","","","",28,46.904,102.55,"","","","","","","","","","",""
1551,Kapileswar,CGWB,10,Bihar,206,MADHUBANI,MADHUBANI,MADHUBANI,Kapileswar,-,-,-,-,-,-,26.35000000,86.00277778,25-05-2008 00:00,8.09,1660,"",0,659,"",53,"","","","","",465,54,80,147,"","","","","","","","","","",""
1552,Kapileswar,CGWB,10,Bihar,206,MADHUBANI,MADHUBANI,MADHUBANI,Kapileswar,-,-,-,-,-,-,26.35000000,86.00277778,25-05-2010 00:00,"",1558,"",0,647,"",163,"","","","","",540,128,54,85,"","","","","","","","","","",""
1553,Karaiparsurai,CGWB,10,Bihar,209,NALANDA,HILSA,HILSA,Karaiparsurai,-,-,-,-,-,-,25.36861111,85.26722222,30-05-2019 08:00,8,258,378.95,0,92,"",31.9,"","","","","",90,30,4,18,"","","","","","","","","","",""
1554,Karaiparsurai,CGWB,10,Bihar,209,NALANDA,HILSA,HILSA,Karaiparsurai,-,-,-,-,-,-,25.36861111,85.26722222,30-05-2020 08:00,8,258,"","",92,"",31.9,"","","","","","",30,4,18,"","","","","","","","","","",""
1555,Karaiparsurai,CGWB,10,Bihar,209,NALANDA,HILSA,HILSA,Karaiparsurai,-,-,-,-,-,-,25.36861111,85.26722222,30-05-2021 08:00,7.95,580,"",0,183,"",60,"",20,"","","",165,42,15,28,"","","","","","","","","","",""
1556,Karathar,CGWB,10,Bihar,194,BUXAR,SIMRI,SIMRI,Karathar,-,-,-,-,-,-,25.65111111,84.18416667,30-05-2019 08:00,8,591,518.7,0,281,"",18,"","","","","",155,24,23,59,"","","","","","","","","","",""
1557,Karathar,CGWB,10,Bihar,194,BUXAR,SIMRI,SIMRI,Karathar,-,-,-,-,-,-,25.65111111,84.18416667,30-05-2020 08:00,8,591,"","",281,"",18,"","","","","","",24,23,59,"","","","","","","","","","",""
1558,Karathar,CGWB,10,Bihar,194,BUXAR,SIMRI,SIMRI,Karathar,-,-,-,-,-,-,25.65111111,84.18416667,30-05-2021 08:00,8.26,460,"",0,238,"",15,"",6,"","","",175,36,21,23,"","","","","","","","","","",""
1559,Karbindia(templ,CGWB,10,Bihar,215,ROHTAS,DEHRI,DEHRI,Karbindia(templ,-,-,-,-,-,-,24.94583333,84.18055556,25-05-2007 00:00,8.44,277,"",18,79,94.8,14,"","","","","",100,24,9.7,9.9,"","","","","","","","","","",""
1560,Karbindia(templ,CGWB,10,Bihar,215,ROHTAS,DEHRI,DEHRI,Karbindia(templ,-,-,-,-,-,-,24.94583333,84.18055556,25-05-2008 00:00,8.28,457,"",0,262,"",14,"","","","","",210,56,17,25,"","","","","","","","","","",""
1561,Karbindia(templ,CGWB,10,Bihar,215,ROHTAS,DEHRI,DEHRI,Karbindia(templ,-,-,-,-,-,-,24.94583333,84.18055556,25-05-2010 00:00,"",400,"",0,220,"",11,"","","","","",165,38,17,14,"","","","","","","","","","",""
1562,Karbindia(templ,CGWB,10,Bihar,215,ROHTAS,DEHRI,DEHRI,Karbindia(templ,-,-,-,-,-,-,24.94583333,84.18055556,25-05-2011 00:00,7.5,400,"",0,220,"",11,"","","","","",165,38,17.07,14,"","","","","","","","","","",""
1563,Karbindia(templ,CGWB,10,Bihar,215,ROHTAS,DEHRI,DEHRI,Karbindia(templ,-,-,-,-,-,-,24.94583333,84.18055556,25-05-2012 00:00,7.4,370,"",0,200,"",48.21,"",44.92,"","","",204,38.47,25.92,"","","","","","","","","","","",""
1564,Karbindia(templ,CGWB,10,Bihar,215,ROHTAS,DEHRI,DEHRI,Karbindia(templ,-,-,-,-,-,-,24.94583333,84.18055556,25-05-2016 00:00,7.65,624,405.6,0,344.4,"",31.9,"",16.84,"",6.45,"",175,60,6.08,67.37,"","","","","","","","","","",""
1565,Karbinidia,CGWB,10,Bihar,218,SARAN,CHAPRA,CHAPRA,Karbinidia,-,-,-,-,-,-,25.78305556,84.71500000,25-05-2005 00:00,8.12,570,"",0,268,"",18,"","","","","",220,66,13.45,25,"","","","","","","","","","",""
1566,Kario,CGWB,10,Bihar,223,SUPAUL,MARAUNA,MARAUNA,Kario,-,-,-,-,-,-,26.11750000,86.62055556,30-05-2019 08:00,7.78,1349,352.3,0,432,"",168,"","","","","",200,24,34.02,87.15,"","","","","","","","","","",""
1567,Kario,CGWB,10,Bihar,223,SUPAUL,MARAUNA,MARAUNA,Kario,-,-,-,-,-,-,26.11750000,86.62055556,30-05-2020 08:00,7.78,1349,"","",432,"",168,"","","","","","",24,34.02,87.15,"","","","","","","","","","",""
1568,Karjain,CGWB,10,Bihar,223,SUPAUL,RAGHOPUR,RAGHOPUR,Karjain,-,-,-,-,-,-,26.29777778,86.81666667,25-05-2003 00:00,"",600,"","","","","","","","","","","","","","","","","","","","","","","","",""
1569,Karjain,CGWB,10,Bihar,223,SUPAUL,RAGHOPUR,RAGHOPUR,Karjain,-,-,-,-,-,-,26.29777778,86.81666667,25-05-2007 00:00,8.2,432,"","",231.8,190,21.3,"","","","","",160,40,14.5,27,"","","","","","","","","","",""
1570,Karjain,CGWB,10,Bihar,223,SUPAUL,RAGHOPUR,RAGHOPUR,Karjain,-,-,-,-,-,-,26.29777778,86.81666667,25-05-2011 00:00,7.23,510,"",0,281,"",14,"","","","","",180,52,12.22,30,"","","","","","","","","","",""
1571,Karjain,CGWB,10,Bihar,223,SUPAUL,RAGHOPUR,RAGHOPUR,Karjain,-,-,-,-,-,-,26.29777778,86.81666667,25-05-2012 00:00,7.46,525,"",0,256,"",35,"","","","","",220,24,39,15,"","","","","","","","","","",""
1572,Karjain,CGWB,10,Bihar,223,SUPAUL,RAGHOPUR,RAGHOPUR,Karjain,-,-,-,-,-,-,26.29777778,86.81666667,25-05-2013 00:00,8.23,480,"",15,170.8,"",28.4,"",28.4,"","","",130,4,29.18,44.3,"","","","","","","","","","",""
1573,Karjain,CGWB,10,Bihar,223,SUPAUL,RAGHOPUR,RAGHOPUR,Karjain,-,-,-,-,-,-,26.29777778,86.81666667,25-05-2016 00:00,7.89,589,382.85,0,238,"",35.46,"",45.1,"",3.5,"",235,60,20.4,21,"","","","","","","","","","",""
1574,Karjain,CGWB,10,Bihar,223,SUPAUL,RAGHOPUR,RAGHOPUR,Karjain,-,-,-,-,-,-,26.29777778,86.81666667,30-05-2019 08:00,8.37,542,176.15,6,252.15,"",48.7,"","","","","",210,16,41.31,31.83,"","","","","","","","","","",""
1575,Karjain,CGWB,10,Bihar,223,SUPAUL,RAGHOPUR,RAGHOPUR,Karjain,-,-,-,-,-,-,26.29777778,86.81666667,30-05-2020 08:00,8.37,542,"","",252.15,"",48.7,"","","","","","",16,41.31,31.83,"","","","","","","","","","",""
1576,Karmanasa,CGWB,10,Bihar,200,KAIMUR,DURGAWATI,DURGAWATI,Karmanasa,-,-,-,-,-,-,25.24194444,83.44111111,25-05-2002 00:00,8.36,1038,"","","","","","","","","","","","","","","","","","","","","","","","",""
1577,Karmanasa,CGWB,10,Bihar,200,KAIMUR,DURGAWATI,DURGAWATI,Karmanasa,-,-,-,-,-,-,25.24194444,83.44111111,25-05-2007 00:00,8.42,1000,"",30,146,169.7,178,"","","","","",175,28,26,143,"","","","","","","","","","",""
1578,Karmanasa,CGWB,10,Bihar,200,KAIMUR,DURGAWATI,DURGAWATI,Karmanasa,-,-,-,-,-,-,25.24194444,83.44111111,25-05-2008 00:00,8.02,1368,"",0,268,"",249,"","","","","",330,82,30.49,165,"","","","","","","","","","",""
1579,Karmanasa,CGWB,10,Bihar,200,KAIMUR,DURGAWATI,DURGAWATI,Karmanasa,-,-,-,-,-,-,25.24194444,83.44111111,25-05-2009 00:00,"",488,"",0,274,"",11,"","","","","",140,10,27.97,138,"","","","","","","","","","",""
1580,Karmanasa,CGWB,10,Bihar,200,KAIMUR,DURGAWATI,DURGAWATI,Karmanasa,-,-,-,-,-,-,25.24194444,83.44111111,25-05-2012 00:00,7.53,540,"",0,340,"",51.04,"",21.69,"","","",208,11.22,43.2,"","","","","","","","","","","",""
1581,Karmanasa,CGWB,10,Bihar,200,KAIMUR,DURGAWATI,DURGAWATI,Karmanasa,-,-,-,-,-,-,25.24194444,83.44111111,25-05-2013 00:00,7.3,1202,"",0,140.3,"",336.8,"",3.2,"","","",255,28,45.01,178,"","","","","","","","","","",""
1582,Karmanasa,CGWB,10,Bihar,200,KAIMUR,DURGAWATI,DURGAWATI,Karmanasa,-,-,-,-,-,-,25.24194444,83.44111111,25-05-2016 00:00,8.18,627,"",0,311,"",14,"",6,"",5.9,"",270,42,40,14,"","","","","","","","","","",""
1583,Karmanli,CGWB,10,Bihar,206,MADHUBANI,RAJNAGAR,RAJNAGAR,Karmanli,-,-,-,-,-,-,26.43333333,86.15416667,25-05-2013 00:00,7.8,371,"",0,219.6,"",7.1,"",9.6,"","","",90,12,14.6,55,"","","","","","","","","","",""
1584,Karmnali,CGWB,10,Bihar,206,MADHUBANI,RAJNAGAR,RAJNAGAR,Karmnali,-,-,-,-,-,-,26.43361111,86.15361111,30-05-2019 08:00,6.51,780,418.6,0,246,"",89.4,"","","","","",87.279396,4.599,18.415,67.393,"","","","","","","","","","",""
1585,Karmnali,CGWB,10,Bihar,206,MADHUBANI,RAJNAGAR,RAJNAGAR,Karmnali,-,-,-,-,-,-,26.43361111,86.15361111,30-05-2020 08:00,6.51,780,"","",246,"",89.4,"","","","","","",4.599,18.415,67.393,"","","","","","","","","","",""
1586,Karmoni/panari,CGWB,10,Bihar,196,GAYA,SHERGHATI,SHERGHATI,Karmoni/panari,-,-,-,-,-,-,24.58750000,84.94166667,25-05-2002 00:00,8.49,428,"","","","","","","","","","","","","","","","","","","","","","","","",""
1587,Karmoni/panari,CGWB,10,Bihar,196,GAYA,SHERGHATI,SHERGHATI,Karmoni/panari,-,-,-,-,-,-,24.58750000,84.94166667,25-05-2007 00:00,8.4,580,"",18,171,170.2,60,"","","","","",200,24,34,35,"","","","","","","","","","",""
1588,Karnempur,CGWB,10,Bihar,193,BHOJPUR,SHAHPUR,SHAHPUR,Karnempur,-,-,-,-,-,-,25.66722222,84.36111111,30-05-2021 08:00,8,680,"",0,236,"",57,"",38,"","","",264,55,31,31.25,"","","","","","","","","","",""
1589,Karpi,CGWB,10,Bihar,199,JEHANABAD,KARPI,KARPI,Karpi,-,-,-,-,-,-,25.15777778,84.71805556,25-05-2001 00:00,8.38,520,"",18,159,"",28,"","","","","",170,64,24,23,"","","","","","","","","","",""
1590,Kasap,CGWB,10,Bihar,193,BHOJPUR,UDWANT NAGAR,UDWANTNAGAR,Kasap,-,-,-,-,-,-,25.47805556,84.60861111,30-05-2019 08:00,7.8,1288,438.1,0,297,"",137,"","","","","",532,88,54,70,"","","","","","","","","","",""
1591,Kasap,CGWB,10,Bihar,193,BHOJPUR,UDWANT NAGAR,UDWANTNAGAR,Kasap,-,-,-,-,-,-,25.47805556,84.60861111,30-05-2020 08:00,7.8,1288,"","",297,"",137,"","","","","","",88,54,70,"","","","","","","","","","",""
1592,Kasap,CGWB,10,Bihar,193,BHOJPUR,UDWANT NAGAR,UDWANTNAGAR,Kasap,-,-,-,-,-,-,25.47805556,84.60861111,30-05-2021 08:00,7.75,950,"",0,266,"",188,"",6,"","","",200,57,14,110,"","","","","","","","","","",""
1593,Kasba Kaliganj,CGWB,10,Bihar,203,KISHANGANJ,POTHIA,POTHIA,Kaswa Kaliganj,-,-,-,-,-,-,26.37833333,88.15916667,25-05-2012 00:00,7.61,180,"",0,260,"",53.86,"",35.56,"","","",272,33.67,45.71,"","","","","","","","","","","",""
1594,Kasimpur,CGWB,10,Bihar,202,KHAGARIA,KHAGARIA,KHAGARIA,Kasimpur,-,-,-,-,-,-,25.50111111,86.41833333,25-05-2013 00:00,8.01,549,"",0,213.5,"",49.6,"",19.4,"","","",235,28,40.1,18.7,"","","","","","","","","","",""
1595,Kasimpur,CGWB,10,Bihar,202,KHAGARIA,KHAGARIA,KHAGARIA,Kasimpur,-,-,-,-,-,-,25.50111111,86.41833333,25-05-2016 00:00,7.37,648,421.2,0,250,"",56.736,"",29,"",13.8,"",265,62,26.4,13,"","","","","","","","","","",""
1596,Kasimpur,CGWB,10,Bihar,202,KHAGARIA,KHAGARIA,KHAGARIA,Kasimpur,-,-,-,-,-,-,25.50111111,86.41833333,30-05-2019 08:00,8.513,349.8,361.53,9,195.35616,"",102.805,"","","","","",155,26.0208,21.832039,53.97,"","","","","","","","","","",""
1597,Kasimpur,CGWB,10,Bihar,202,KHAGARIA,KHAGARIA,KHAGARIA,Kasimpur,-,-,-,-,-,-,25.50111111,86.41833333,30-05-2020 08:00,8.513,349.8,"","",195.35616,"",102.805,"","","","","","",26.0208,21.832039,53.97,"","","","","","","","","","",""
1598,Kaswa Kaliganj,CGWB,10,Bihar,203,KISHANGANJ,POTHIA,POTHIA,Kaswa Kaliganj,-,-,-,-,-,-,26.34861111,88.13527778,25-05-2013 00:00,7.24,133,"",0,67.1,"",10.6,"",0,"","","",30,8,2.44,16,"","","","","","","","","","",""
1599,Kaswa Kaliganj,CGWB,10,Bihar,203,KISHANGANJ,POTHIA,POTHIA,Kaswa Kaliganj,-,-,-,-,-,-,26.34861111,88.13527778,30-05-2019 08:00,8.17,544,444.6,0,122,"",21.3,"","","","","",180,48,14.58,34.96,"","","","","","","","","","",""
1600,Kaswa Kaliganj,CGWB,10,Bihar,203,KISHANGANJ,POTHIA,POTHIA,Kaswa Kaliganj,-,-,-,-,-,-,26.34861111,88.13527778,30-05-2020 08:00,8.17,544,"","",122,"",21.3,"","","","","","",48,14.58,34.96,"","","","","","","","","","",""
1601,Katihar,CGWB,10,Bihar,201,KATIHAR,KATIHAR,KATIHAR,Katihar,-,-,-,-,-,-,25.53611111,87.58333333,25-05-2000 00:00,8.57,700,"",18,140,"",71,"","","","","",100,24,9.7,53,"","","","","","","","","","",""
1602,Katihar,CGWB,10,Bihar,201,KATIHAR,KATIHAR,KATIHAR,Katihar,-,-,-,-,-,-,25.53750000,87.60000000,25-05-2003 00:00,6.78,550,"","","","","","","","","","","","","","","","","","","","","","","","",""
1603,Katihar,CGWB,10,Bihar,201,KATIHAR,KATIHAR,KATIHAR,Katihar,-,-,-,-,-,-,25.53750000,87.60000000,25-05-2004 00:00,7.5,740,"",0,178,"",96,"","","","","",228,55,22,74,"","","","","","","","","","",""
1604,Katihar,CGWB,10,Bihar,201,KATIHAR,KATIHAR,KATIHAR,Katihar,-,-,-,-,-,-,25.53750000,87.60000000,25-05-2005 00:00,7.83,400,"",0,159,"",25,"","","","","",110,28,9.76,33,"","","","","","","","","","",""
1605,Katihar,CGWB,10,Bihar,201,KATIHAR,KATIHAR,KATIHAR,Katihar,-,-,-,-,-,-,25.53750000,87.60000000,25-05-2009 00:00,"",880,"",0,390,"",57,"","","","","",295,44,45,53,"","","","","","","","","","",""
1606,Katihar,CGWB,10,Bihar,201,KATIHAR,KATIHAR,KATIHAR,Katihar,-,-,-,-,-,-,25.53750000,87.60000000,25-05-2011 00:00,7.1,1115,"",0,250.1,"",113.6,"","","","","",250,40,36.52,112,"","","","","","","","","","",""
1607,Katihar,CGWB,10,Bihar,201,KATIHAR,KATIHAR,KATIHAR,Katihar,-,-,-,-,-,-,25.53611111,87.58333333,25-05-2016 00:00,7.86,264,"",0,61,"",28.368,"",21.34,"",11.94,"",50,16,2.4,28.01,"","","","","","","","","","",""
1608,Katihar1,CGWB,10,Bihar,201,KATIHAR,PRANPUR,PRANPUR,Katihar,-,-,-,-,-,-,25.41166667,87.59305556,25-05-2011 00:00,7.79,968,"",0,378.2,"",99.4,"","","","","",195,30,29.21,122,"","","","","","","","","","",""
1609,Katihar1,CGWB,10,Bihar,201,KATIHAR,PRANPUR,PRANPUR,Katihar,-,-,-,-,-,-,25.41166667,87.59305556,25-05-2013 00:00,7,675,"",0,176.9,"",88.6,"",51.1,"","","",165,12,32.8,68.9,"","","","","","","","","","",""
1610,Katiya,CGWB,10,Bihar,197,GOPALGANJ,KATAIYA,KATAIYA,Katiya,-,-,-,-,-,-,26.56666667,84.08333333,30-05-2019 08:00,7.12,580,497.9,0,164.754,"",42.48,"","","","","",240,24,43.7472,12,"","","","","","","","","","",""
1611,Katiya,CGWB,10,Bihar,197,GOPALGANJ,KATAIYA,KATAIYA,Katiya,-,-,-,-,-,-,26.56666667,84.08333333,30-05-2020 08:00,7.12,580,"","",164.754,"",42.48,"","","","","","",24,43.7472,12,"","","","","","","","","","",""
1612,Katkenwa,CGWB,10,Bihar,213,PURBA CHAMPARAN,RAXAUL,RAXAUL,Katkenwa,-,-,-,-,-,-,26.94583333,84.88333333,25-05-2002 00:00,8.58,1283,"","","","","","","","","","","","","","","","","","","","","","","","",""
1613,Katoria,CGWB,10,Bihar,190,BANKA,KATORIA,KATORIA,Katoria,-,-,-,-,-,-,24.75000000,86.72916667,25-05-2013 00:00,7.24,700,"",0,207,"",78,"",0,"","","",250,72,17.11,38,"","","","","","","","","","",""
1614,Katoria,CGWB,10,Bihar,190,BANKA,KATORIA,KATORIA,Katoria,-,-,-,-,-,-,24.75000000,86.72916667,25-05-2016 00:00,8.42,915,594.75,12,338.25,"",81.53,"",58.78,"",11.59,"",125,10,24.3,133.28,"","","","","","","","","","",""
1615,Katra1,CGWB,10,Bihar,208,MUZAFFARPUR,KATRA,KATRA,Katra,-,-,-,-,-,-,26.21666667,85.64166667,25-05-2012 00:00,8.6,590,"",6,256,"",82,"","","","","",250,8,54,44,"","","","","","","","","","",""
1616,Katra1,CGWB,10,Bihar,208,MUZAFFARPUR,KATRA,KATRA,Katra,-,-,-,-,-,-,26.21666667,85.64166667,25-05-2013 00:00,8.6,590,"",6,256,"",82,"",20,"","","",250,8,55.93,44,"","","","","","","","","","",""
1617,Katra1,CGWB,10,Bihar,208,MUZAFFARPUR,KATRA,KATRA,Katra,-,-,-,-,-,-,26.21666667,85.64166667,25-05-2016 00:00,7.45,391,"",0,128,"",18,"",37.5,"",11.9,"",135,36,11,16,"","","","","","","","","","",""
1618,Katra1,CGWB,10,Bihar,208,MUZAFFARPUR,KATRA,KATRA,Katra,-,-,-,-,-,-,26.21666667,85.64166667,30-05-2019 08:00,8.2,374,248.95,0,122,"",60.3,"","","","","",150,50,6,14,"","","","","","","","","","",""
1619,Katra1,CGWB,10,Bihar,208,MUZAFFARPUR,KATRA,KATRA,Katra,-,-,-,-,-,-,26.21666667,85.64166667,30-05-2020 08:00,8.2,374,"","",122,"",60.3,"","","","","","",50,6,14,"","","","","","","","","","",""
1620,Kawakol ashram,CGWB,10,Bihar,210,NAWADA,KAWAKOLE,KAWAKOLE,Kawakol ashram,-,-,-,-,-,-,24.84611111,85.88361111,25-05-2012 00:00,8.2,320,"",0,158.626,"",14.184,"","","","","",80,16.032,9.74,36,"","","","","","","","","","",""
1621,Kawakol ashram,CGWB,10,Bihar,210,NAWADA,KAWAKOLE,KAWAKOLE,Kawakol ashram,-,-,-,-,-,-,24.84611111,85.88361111,25-05-2016 00:00,7.95,522,339.3,0,264.45,"",10.14,"",8,"",24,"",125,36,9,75,"","","","","","","","","","",""
1622,Kawakol ashram,CGWB,10,Bihar,210,NAWADA,KAWAKOLE,KAWAKOLE,Kawakol ashram,-,-,-,-,-,-,24.84611111,85.88361111,30-05-2019 08:00,8.2,312,703.3,0,92,"",56.7,"","","","","",115,20,16,19,"","","","","","","","","","",""
1623,Kawakol ashram,CGWB,10,Bihar,210,NAWADA,KAWAKOLE,KAWAKOLE,Kawakol ashram,-,-,-,-,-,-,24.84611111,85.88361111,30-05-2020 08:00,8.2,312,"","",92,"",56.7,"","","","","","",20,16,19,"","","","","","","","","","",""
1624,Kawakol ashram,CGWB,10,Bihar,210,NAWADA,KAWAKOLE,KAWAKOLE,Kawakol ashram,-,-,-,-,-,-,24.84611111,85.88361111,30-05-2021 08:00,8.42,1070,"",15,356,"",163,"",8,"","","",272,51,35,105,"","","","","","","","","","",""
1625,Keoti,CGWB,10,Bihar,195,DARBHANGA,KEOTIRANWAY,KEOTIRANWAY,Keoti,-,-,-,-,-,-,26.29166667,85.93750000,25-05-2002 00:00,8.07,675,"","","","","","","","","","","","","","","","","","","","","","","","",""
1626,Keoti,CGWB,10,Bihar,195,DARBHANGA,KEOTIRANWAY,KEOTIRANWAY,Keoti,-,-,-,-,-,-,26.29166667,85.93750000,25-05-2006 00:00,8.39,450,"",12,207,"",7.1,"","","","","",120,40,4.91,43,"","","","","","","","","","",""
1627,Keoti,CGWB,10,Bihar,195,DARBHANGA,KEOTIRANWAY,KEOTIRANWAY,Keoti,-,-,-,-,-,-,26.29166667,85.93750000,25-05-2008 00:00,8.55,450,"",18,189,"",7.1,"","","","","",125,38,7.3,40,"","","","","","","","","","",""
1628,Keoti,CGWB,10,Bihar,195,DARBHANGA,KEOTIRANWAY,KEOTIRANWAY,Keoti,-,-,-,-,-,-,26.29166667,85.93750000,25-05-2009 00:00,"",498,"",0,128,"",57,"","","","","",155,44,11,27,"","","","","","","","","","",""
1629,Keoti,CGWB,10,Bihar,195,DARBHANGA,KEOTIRANWAY,KEOTIRANWAY,Keoti,-,-,-,-,-,-,26.29166667,85.93750000,25-05-2012 00:00,7.69,346,"",0,104.55,"",14.2,"","","","","",110,34,6.12,22,"","","","","","","","","","",""
1630,Keoti,CGWB,10,Bihar,195,DARBHANGA,KEOTIRANWAY,KEOTIRANWAY,Keoti,-,-,-,-,-,-,26.29166667,85.93750000,25-05-2013 00:00,8.1,465,"",0,207.4,"",42.6,"",9.6,"","","",190,20,34.06,25.1,"","","","","","","","","","",""
1631,Keoti,CGWB,10,Bihar,195,DARBHANGA,KEOTIRANWAY,KEOTIRANWAY,Keoti,-,-,-,-,-,-,26.29166667,85.93750000,25-05-2016 00:00,7.65,944,613.6,0,412.05,"",35.45,"",91.27,"",15,"",285,40,44.95,77,"","","","","","","","","","",""
1632,Keoti,CGWB,10,Bihar,195,DARBHANGA,KEOTIRANWAY,KEOTIRANWAY,Keoti,-,-,-,-,-,-,26.29166667,85.93750000,30-05-2019 08:00,8.2,359,326.95,0,209.1,"",2.89,"","","","","",101.03704,30,6.327,31.362,"","","","","","","","","","",""
1633,Keoti,CGWB,10,Bihar,195,DARBHANGA,KEOTIRANWAY,KEOTIRANWAY,Keoti,-,-,-,-,-,-,26.29166667,85.93750000,30-05-2020 08:00,8.2,359,"","",209.1,"",2.89,"","","","","","",30,6.327,31.362,"","","","","","","","","","",""
1634,Keoti,CGWB,10,Bihar,195,DARBHANGA,KEOTIRANWAY,KEOTIRANWAY,Keoti,-,-,-,-,-,-,26.29166667,85.93750000,30-05-2021 08:00,7.94,793,"",0,100.772,"",152.644,"",86,"","","",182,41.2,18.96,103.03,"","","","","","","","","","",""
1635,Keoti1,CGWB,10,Bihar,219,SHEIKHPURA,BARBIGHA,BARBIGHA,Keoti,-,-,-,-,-,-,25.21666667,85.79583333,25-05-2013 00:00,8.2,870,"",0,427,"",43,"",50,"","","",320,56,43.83,59,"","","","","","","","","","",""
1636,Kerian,CGWB,10,Bihar,217,SAMASTIPUR,ROSERA,ROSERA,Kerian,-,-,-,-,-,-,25.85305556,86.00000000,25-05-2013 00:00,7.7,804,"",0,476,"",7.1,"",15,"","","",310,52,43.83,49,"","","","","","","","","","",""
1637,Kerian,CGWB,10,Bihar,217,SAMASTIPUR,ROSERA,ROSERA,Kerian,-,-,-,-,-,-,25.85305556,86.00000000,30-05-2019 08:00,7.8,674,224.25,0,214,"",88.6,"","","","","",250,72,17,37,"","","","","","","","","","",""
1638,Kerian,CGWB,10,Bihar,217,SAMASTIPUR,ROSERA,ROSERA,Kerian,-,-,-,-,-,-,25.85305556,86.00000000,30-05-2020 08:00,7.8,674,"","",214,"",88.6,"","","","","","",72,17,37,"","","","","","","","","","",""
1639,Khagaria,CGWB,10,Bihar,202,KHAGARIA,KHAGARIA,KHAGARIA,Khagaria,-,-,-,-,-,-,25.49166667,86.47500000,25-05-2003 00:00,7.45,500,"","","","","","","","","","","","","","","","","","","","","","","","",""
1640,Khagaria,CGWB,10,Bihar,202,KHAGARIA,KHAGARIA,KHAGARIA,Khagaria,-,-,-,-,-,-,25.49166667,86.47500000,25-05-2008 00:00,8.49,516,"","",207,"",50,"","","","","",175,26,27,48,"","","","","","","","","","",""
1641,Khagaria,CGWB,10,Bihar,202,KHAGARIA,KHAGARIA,KHAGARIA,Khagaria,-,-,-,-,-,-,25.49166667,86.47500000,25-05-2011 00:00,7.45,930,"",0,439,"",71,"","","","","",430,38,81.5,52,"","","","","","","","","","",""
1642,Khagaria,CGWB,10,Bihar,202,KHAGARIA,KHAGARIA,KHAGARIA,Khagaria,-,-,-,-,-,-,25.49166667,86.47500000,25-05-2012 00:00,7.58,777,"",0,427,"",53,"","","","","",380,16,83,19,"","","","","","","","","","",""
1643,Khagaria,CGWB,10,Bihar,202,KHAGARIA,KHAGARIA,KHAGARIA,Khagaria,-,-,-,-,-,-,25.49166667,86.47500000,25-05-2013 00:00,8.32,467,"",12,170.8,"",63.8,"",3.1,"","","",185,28,27.99,26.7,"","","","","","","","","","",""
1644,Khagaria,CGWB,10,Bihar,202,KHAGARIA,KHAGARIA,KHAGARIA,Khagaria,-,-,-,-,-,-,25.49166667,86.47500000,25-05-2016 00:00,7.54,535,347.75,0,189,"",46.098,"",23.6,"",8.6,"",210,28,33.6,17,"","","","","","","","","","",""
1645,Khagaria,CGWB,10,Bihar,202,KHAGARIA,KHAGARIA,KHAGARIA,Khagaria,-,-,-,-,-,-,25.49166667,86.47500000,30-05-2019 08:00,8.3,556.2,283.4,15,250.30008,"",163.07,"","","","","",250,36.0288,38.817474,68.06,"","","","","","","","","","",""
1646,Khagaria,CGWB,10,Bihar,202,KHAGARIA,KHAGARIA,KHAGARIA,Khagaria,-,-,-,-,-,-,25.49166667,86.47500000,30-05-2020 08:00,8.3,556.2,"","",250.30008,"",163.07,"","","","","","",36.0288,38.817474,68.06,"","","","","","","","","","",""
1647,Khairwa,CGWB,10,Bihar,221,SITAMARHI,PARIHAR,PARIHAR,Khairwa,-,-,-,-,-,-,26.65833333,85.70416667,25-05-2002 00:00,8.08,609,"","","","","","","","","","","","","","","","","","","","","","","","",""
1648,Khairwa,CGWB,10,Bihar,221,SITAMARHI,RIGA,RIGA,Khairwa,-,-,-,-,-,-,26.60972222,85.44027778,25-05-2007 00:00,8.24,740,"","",281,230.3,57,"",22,"","","",170,60,5,74,"","","","","","","","","","",""
1649,Khairwa,CGWB,10,Bihar,221,SITAMARHI,PARIHAR,PARIHAR,Khairwa,-,-,-,-,-,-,26.65833333,85.70416667,25-05-2009 00:00,"",790,"",0,262,"",107,"","","","","",190,26,30.42,93,"","","","","","","","","","",""
1650,Khairwa,CGWB,10,Bihar,221,SITAMARHI,RIGA,RIGA,Khairwa,-,-,-,-,-,-,26.60972222,85.44027778,25-05-2010 00:00,"",857,"",0,397,"",64,"","","","","",225,64,16,74,"","","","","","","","","","",""
1651,Khairwa,CGWB,10,Bihar,221,SITAMARHI,PARIHAR,PARIHAR,Khairwa,-,-,-,-,-,-,26.65833333,85.70416667,25-05-2011 00:00,8.06,624,"",0,289.05,"",46.08,"","","","","",155,32,18.27,45,"","","","","","","","","","",""
1652,Khairwa,CGWB,10,Bihar,221,SITAMARHI,PARIHAR,PARIHAR,Khairwa,-,-,-,-,-,-,26.65833333,85.70416667,30-05-2019 08:00,8.18,318,228.15,0,209.1,"",1.418,"","","","","",110.06508,30.882,7.985,26.348,"","","","","","","","","","",""
1653,Khairwa,CGWB,10,Bihar,221,SITAMARHI,PARIHAR,PARIHAR,Khairwa,-,-,-,-,-,-,26.65833333,85.70416667,30-05-2020 08:00,8.18,318,"","",209.1,"",1.418,"","","","","","",30.882,7.985,26.348,"","","","","","","","","","",""
1654,Khajauli,CGWB,10,Bihar,206,MADHUBANI,KHAJAULI,KHAJAULI,Khajauli,-,-,-,-,-,-,26.48333333,86.16388889,25-05-2001 00:00,8.72,1100,"",15,299,"",124,"","","","","",230,18,45,99,"","","","","","","","","","",""
1655,Khajauli,CGWB,10,Bihar,206,MADHUBANI,KHAJAULI,KHAJAULI,Khajauli,-,-,-,-,-,-,26.48333333,86.16388889,25-05-2008 00:00,8.14,1350,"",0,366,"",220,"","","","","",300,48,44,133,"","","","","","","","","","",""
1656,Khajauli,CGWB,10,Bihar,206,MADHUBANI,KHAJAULI,KHAJAULI,Khajauli,-,-,-,-,-,-,26.49583333,86.16666667,25-05-2009 00:00,"",1710,"",0,"","","","","","","","",485,76,71.82,205,"","","","","","","","","","",""
1657,Khajauli,CGWB,10,Bihar,206,MADHUBANI,KHAJAULI,KHAJAULI,Khajauli,-,-,-,-,-,-,26.49583333,86.16666667,25-05-2011 00:00,8.48,1591,"","",405.9,"",265.87,"","","","","",355,32,66.9,155,"","","","","","","","","","",""
1658,Khajauli,CGWB,10,Bihar,206,MADHUBANI,KHAJAULI,KHAJAULI,Khajauli,-,-,-,-,-,-,26.49583333,86.16666667,25-05-2012 00:00,8.45,1592,"",18,412.05,"",255.3,"","","","","",350,44,58.41,154,"","","","","","","","","","",""
1659,Khajauli,CGWB,10,Bihar,206,MADHUBANI,KHAJAULI,KHAJAULI,Khajauli,-,-,-,-,-,-,26.49583333,86.16666667,25-05-2013 00:00,7.98,1448,"",0,427.1,"",226.9,"",57.6,"","","",420,52.1,70.51,124.2,"","","","","","","","","","",""
1660,Khajauli,CGWB,10,Bihar,206,MADHUBANI,KHAJAULI,KHAJAULI,Khajauli,-,-,-,-,-,-,26.49583333,86.16666667,30-05-2019 08:00,8.21,644,1000.35,0,264.45,"",72.31,"","","","","",130.42807,12.456,24.127,80.631,"","","","","","","","","","",""
1661,Khajauli,CGWB,10,Bihar,206,MADHUBANI,KHAJAULI,KHAJAULI,Khajauli,-,-,-,-,-,-,26.49583333,86.16666667,30-05-2020 08:00,8.21,644,"","",264.45,"",72.31,"","","","","","",12.456,24.127,80.631,"","","","","","","","","","",""
1662,Khajuriachowk,CGWB,10,Bihar,213,PURBA CHAMPARAN,KESARIA,KESARIA,Khajuriachowk,-,-,-,-,-,-,26.37916667,84.77916667,25-05-2002 00:00,8.48,445,"","","","","","","","","","","","","","","","","","","","","","","","",""
1663,Khajuriachowk,CGWB,10,Bihar,213,PURBA CHAMPARAN,KESARIA,KESARIA,Khajuriachowk,-,-,-,-,-,-,26.37361111,84.77500000,25-05-2008 00:00,7.96,600,"",0,293,"",18,"","","","","",240,42,32.87,16,"","","","","","","","","","",""
1664,Khajuriachowk,CGWB,10,Bihar,213,PURBA CHAMPARAN,KESARIA,KESARIA,Khajuriachowk,-,-,-,-,-,-,26.37916667,84.77916667,25-05-2009 00:00,"",412,"",6,220,"","","","","","","",160,8,34.05,34,"","","","","","","","","","",""
1665,Khajuriachowk,CGWB,10,Bihar,213,PURBA CHAMPARAN,KESARIA,KESARIA,Khajuriachowk,-,-,-,-,-,-,26.37361111,84.77500000,25-05-2016 00:00,7.32,367,"",0,122,"",35,"",3.9,"",4.9,"",130,30,13,16,"","","","","","","","","","",""
1666,Khandail,CGWB,10,Bihar,196,GAYA,BODHGAYA,BODHGAYA,Khandail,-,-,-,-,-,-,24.69027778,84.89027778,25-05-2005 00:00,7.56,600,"",0,281,"",14,"","","","","",215,44,25.58,31,"","","","","","","","","","",""
1667,Khandail,CGWB,10,Bihar,196,GAYA,BODHGAYA,BODHGAYA,Khandail,-,-,-,-,-,-,24.69027778,84.89027778,25-05-2007 00:00,8.42,450,"",18,183,180,11,"","","","","",120,22,16,39,"","","","","","","","","","",""
1668,Khandail,CGWB,10,Bihar,196,GAYA,BODHGAYA,BODHGAYA,Khandail,-,-,-,-,-,-,24.69027778,84.89027778,25-05-2011 00:00,7.65,540,"",0,299,"",14,"","","","","",195,62,9.8,32,"","","","","","","","","","",""
1669,Khandail,CGWB,10,Bihar,196,GAYA,BODHGAYA,BODHGAYA,Khandail,-,-,-,-,-,-,24.69027778,84.89027778,25-05-2013 00:00,8.2,630,"",0,183,"",106.4,"",0,"","","",190,32.1,26.72,47,"","","","","","","","","","",""
1670,Khandail,CGWB,10,Bihar,196,GAYA,BODHGAYA,BODHGAYA,Khandail,-,-,-,-,-,-,24.69027778,84.89027778,25-05-2016 00:00,8.38,633,411.45,18,277,"",113.44,"",0,"",17,"",175,28,26,66,"","","","","","","","","","",""
1671,Khanwa,CGWB,10,Bihar,210,NAWADA,NARHAT,NARHAT,Khanwa,-,-,-,-,-,-,24.73416667,85.41944444,30-05-2019 08:00,7.9,1082,300.3,0,366,"",141.8,"","","","","",250,48,32,104,"","","","","","","","","","",""
1672,Khanwa,CGWB,10,Bihar,210,NAWADA,NARHAT,NARHAT,Khanwa,-,-,-,-,-,-,24.73416667,85.41944444,30-05-2020 08:00,7.9,1082,"","",366,"",141.8,"","","","","","",48,32,104,"","","","","","","","","","",""
1673,Khanwa,CGWB,10,Bihar,210,NAWADA,NARHAT,NARHAT,Khanwa,-,-,-,-,-,-,24.73416667,85.41944444,30-05-2021 08:00,8.11,2480,"",0,854,"",250,"",95,"","","",810,26,181,195,"","","","","","","","","","",""
1674,Khariava,CGWB,10,Bihar,200,KAIMUR,CHAINPUR,CHAINPUR,Khariava,-,-,-,-,-,-,25.07194444,83.46111111,30-05-2019 08:00,8.1,678,499.2,0,339,"",13,"","","","","",255,22,48.608,37,"","","","","","","","","","",""
1675,Khariava,CGWB,10,Bihar,200,KAIMUR,CHAINPUR,CHAINPUR,Khariava,-,-,-,-,-,-,25.07194444,83.46111111,30-05-2020 08:00,8.1,678,"","",339,"",13,"","","","","","",22,48.608,37,"","","","","","","","","","",""
1676,Khaspur,CGWB,10,Bihar,212,PATNA,DINAPUR CUM KHAGAUL,DINAPUR CUM KHAGAUL,Khaspur,-,-,-,-,-,-,25.63722222,85.00722222,25-05-2009 00:00,"",1377,"",0,195,"",170,"","","","","",355,38,63.26,150,"","","","","","","","","","",""
1677,Khaspur,CGWB,10,Bihar,212,PATNA,DINAPUR CUM KHAGAUL,DINAPUR CUM KHAGAUL,Khaspur,-,-,-,-,-,-,25.63722222,85.00722222,25-05-2013 00:00,7.06,1340,"",0,480,"",132.9,"",138,"","","",616,92.9,93.3,47.8,"","","","","","","","","","",""
1678,Khaspur,CGWB,10,Bihar,212,PATNA,DINAPUR CUM KHAGAUL,DINAPUR CUM KHAGAUL,Khaspur,-,-,-,-,-,-,25.63722222,85.00722222,25-05-2016 00:00,7.66,1295,841.75,0,289.05,"",116.98,"",91.98,"",4.28,"",210,40,24.3,132.12,"","","","","","","","","","",""
1679,Khaspur,CGWB,10,Bihar,212,PATNA,DINAPUR CUM KHAGAUL,DINAPUR CUM KHAGAUL,Khaspur,-,-,-,-,-,-,25.63722222,85.00722222,30-05-2019 08:00,8,250,175.5,0,122,"",14.2,"","","","","",85,26,5,19,"","","","","","","","","","",""
1680,Khaspur,CGWB,10,Bihar,212,PATNA,DINAPUR CUM KHAGAUL,DINAPUR CUM KHAGAUL,Khaspur,-,-,-,-,-,-,25.63722222,85.00722222,30-05-2020 08:00,8,250,"","",122,"",14.2,"","","","","","",26,5,19,"","","","","","","","","","",""
1681,Khaspur,CGWB,10,Bihar,212,PATNA,DINAPUR CUM KHAGAUL,DINAPUR CUM KHAGAUL,Khaspur,-,-,-,-,-,-,25.63722222,85.00722222,30-05-2021 08:00,7.61,470,"",0,122,"",55,"",26,"","","",155,56,4,30,"","","","","","","","","","",""
1682,Khata Hat,CGWB,10,Bihar,214,PURNIA,KRITYANAND NAGAR,KRITYANAND NAGAR,Khata Hat,-,-,-,-,-,-,25.89305556,87.40444444,30-05-2019 08:00,8.34,424,309.4,3,195.2,"",14.2,"","","","","",165,20,27.945,17.47,"","","","","","","","","","",""
1683,Khata Hat,CGWB,10,Bihar,214,PURNIA,KRITYANAND NAGAR,KRITYANAND NAGAR,Khata Hat,-,-,-,-,-,-,25.89305556,87.40444444,30-05-2020 08:00,8.34,424,"","",195.2,"",14.2,"","","","","","",20,27.945,17.47,"","","","","","","","","","",""
1684,Khaza,CGWB,10,Bihar,214,PURNIA,DHAMDAHA,DHAMDAHA,Khaza,-,-,-,-,-,-,25.77222222,87.27083333,25-05-2004 00:00,8.01,480,"",0,228,"",39,"","","","","",157,36,16,30,"","","","","","","","","","",""
1685,Khaza,CGWB,10,Bihar,214,PURNIA,DHAMDAHA,DHAMDAHA,Khaza,-,-,-,-,-,-,25.77222222,87.27083333,25-05-2005 00:00,8.28,520,"",0,171,"",64,"","","","","",160,32,19.49,28,"","","","","","","","","","",""
1686,Khiria,CGWB,10,Bihar,201,KATIHAR,KORHA,KORHA,Khiria,-,-,-,-,-,-,25.60638889,87.45500000,25-05-2013 00:00,6.76,108,"",0,36.6,"",7.1,"",0,"","","",25,4,3.65,4.5,"","","","","","","","","","",""
1687,Khiria,CGWB,10,Bihar,201,KATIHAR,KORHA,KORHA,Khiria,-,-,-,-,-,-,25.60638889,87.45500000,25-05-2016 00:00,7.85,775,"",0,186.66,"",95.742,"",4.56,"",22.65,"",50,12,4.8,238,"","","","","","","","","","",""
1688,Khizirsarai,CGWB,10,Bihar,196,GAYA,KHIZIRSARAI,KHIZIRSARAI,Khizirsarai,-,-,-,-,-,-,24.96750000,85.09972222,25-05-2001 00:00,7.96,800,"",0,336,"",60,"","","","","",250,62,23,58,"","","","","","","","","","",""
1689,Khochariwan,CGWB,10,Bihar,194,BUXAR,BARHAMPUR,BARHAMPUR,Khochariwan,-,-,-,-,-,-,25.52305556,84.27361111,30-05-2019 08:00,7.9,798,1278.55,0,391,"",8,"","","","","",268,31,46.29912,21,"","","","","","","","","","",""
1690,Khochariwan,CGWB,10,Bihar,194,BUXAR,BARHAMPUR,BARHAMPUR,Khochariwan,-,-,-,-,-,-,25.52305556,84.27361111,30-05-2020 08:00,7.9,798,"","",391,"",8,"","","","","","",31,46.29912,21,"","","","","","","","","","",""
1691,Khochariwan,CGWB,10,Bihar,194,BUXAR,BARHAMPUR,BARHAMPUR,Khochariwan,-,-,-,-,-,-,25.52305556,84.27361111,30-05-2021 08:00,8.18,390,"",0,133,"",45,"",1,"","","",119,25,14,28,"","","","","","","","","","",""
1692,Khutauna,CGWB,10,Bihar,206,MADHUBANI,HARLAKHI,HARLAKHI,Khutauna,-,-,-,-,-,-,26.50000000,85.97083333,25-05-2002 00:00,7.85,644,"","","","","","","","","","","","","","","","","","","","","","","","",""
1693,Khutauna,CGWB,10,Bihar,206,MADHUBANI,HARLAKHI,HARLAKHI,Khutauna,-,-,-,-,-,-,26.50000000,85.97083333,25-05-2008 00:00,8.09,600,"",0,299,"",7.1,"","","","","",195,44,21,42,"","","","","","","","","","",""
1694,Khutauna,CGWB,10,Bihar,206,MADHUBANI,HARLAKHI,HARLAKHI,Khutauna,-,-,-,-,-,-,26.50000000,85.97083333,25-05-2012 00:00,7.45,479,"",0,141.45,"",7.1,"","","","","",185,44,20.65,21,"","","","","","","","","","",""
1695,Khutauna,CGWB,10,Bihar,206,MADHUBANI,HARLAKHI,HARLAKHI,Khutauna,-,-,-,-,-,-,26.50000000,85.97083333,25-05-2013 00:00,7.7,540,"",0,329.5,"",7.1,"",4.8,"","","",190,48.1,17.02,42,"","","","","","","","","","",""
1696,Khutauna1,CGWB,10,Bihar,206,MADHUBANI,LAUKAHA (KHUTAUNA),LAUKAHA (KHUTAUNA),Khutauna,-,-,-,-,-,-,26.50833333,86.40000000,25-05-2001 00:00,8.04,510,"",0,287,"",11,"","","","","",150,36,15,44,"","","","","","","","","","",""
1697,Kinjer,CGWB,10,Bihar,199,JEHANABAD,KARPI,KARPI,Kinjer,-,-,-,-,-,-,25.21250000,84.82916667,25-05-2002 00:00,8.57,602,"","","","","","","","","","","","","","","","","","","","","","","","",""
1698,Kinjer,CGWB,10,Bihar,199,JEHANABAD,KARPI,KARPI,Kinjer,-,-,-,-,-,-,25.21250000,84.82916667,25-05-2011 00:00,7.77,700,"",0,323,"",57,"","","","","",240,70,15.89,44,"","","","","","","","","","",""
1699,Kinjer,CGWB,10,Bihar,199,JEHANABAD,KARPI,KARPI,Kinjer,-,-,-,-,-,-,25.21250000,84.82916667,25-05-2012 00:00,8.07,490,"",0,256.242,"",14.184,"","","","","",190,32.064,26.78,28,"","","","","","","","","","",""
1700,Kinjer,CGWB,10,Bihar,199,JEHANABAD,KARPI,KARPI,Kinjer,-,-,-,-,-,-,25.21250000,84.82916667,25-05-2013 00:00,8.07,490,"",0,256.2,"",14.2,"",9.6,"","","",190,32.1,26.72,28,"","","","","","","","","","",""
1701,Kinjer,CGWB,10,Bihar,199,JEHANABAD,KARPI,KARPI,Kinjer,-,-,-,-,-,-,25.21250000,84.82916667,25-05-2016 00:00,7.93,482,313.3,0,276.75,"",14.18,"",8,"",5.97,"",135,46,5,47.21,"","","","","","","","","","",""
1702,Kinjer,CGWB,10,Bihar,199,JEHANABAD,KARPI,KARPI,Kinjer,-,-,-,-,-,-,25.21250000,84.82916667,30-05-2019 08:00,8.12,404,612.3,0,334.2,"",10.65,"","","","","",220,46,25.515,36,"","","","","","","","","","",""
1703,Kinjer,CGWB,10,Bihar,199,JEHANABAD,KARPI,KARPI,Kinjer,-,-,-,-,-,-,25.21250000,84.82916667,30-05-2020 08:00,8.12,404,"","",334.2,"",10.65,"","","","","","",46,25.515,36,"","","","","","","","","","",""
1704,Kishanganj,CGWB,10,Bihar,203,KISHANGANJ,KISHANGANJ,KISHANGANJ,Kishanganj,-,-,-,-,-,-,26.09583333,87.93750000,25-05-2004 00:00,7.29,690,"",0,268,"",75,"","","","","",188,53,13,80,"","","","","","","","","","",""
1705,Kishanganj,CGWB,10,Bihar,203,KISHANGANJ,KISHANGANJ,KISHANGANJ,Kishanganj,-,-,-,-,-,-,26.09583333,87.93750000,25-05-2009 00:00,"",710,"",0,238,"",89,"","","","","",195,52,16,62,"","","","","","","","","","",""
1706,Kishanganj,CGWB,10,Bihar,203,KISHANGANJ,KISHANGANJ,KISHANGANJ,Kishanganj,-,-,-,-,-,-,26.09583333,87.93750000,25-05-2011 00:00,6.79,710,"",0,103.7,"",131.35,"","","","","",230,62,18.31,35,"","","","","","","","","","",""
1707,Kishanganj,CGWB,10,Bihar,203,KISHANGANJ,KISHANGANJ,KISHANGANJ,Kishanganj,-,-,-,-,-,-,26.09583333,87.93750000,25-05-2012 00:00,7.29,415,"",0,"","","","","","","","",196,"",47.65,"","","","","","","","","","","",""
1708,Kishanganj,CGWB,10,Bihar,203,KISHANGANJ,KISHANGANJ,KISHANGANJ,Kishanganj,-,-,-,-,-,-,26.09583333,87.93750000,25-05-2013 00:00,7.1,989,"",0,237.9,"",166.6,"",66.2,"","","",125,22,17.05,206.2,"","","","","","","","","","",""
1709,Kishanganj,CGWB,10,Bihar,203,KISHANGANJ,KISHANGANJ,KISHANGANJ,Kishanganj,-,-,-,-,-,-,26.09583333,87.93750000,25-05-2016 00:00,8.13,94.4,"",0,40.87,"",17.73,"",32.16,"",11.56,"",55,14,4.8,23.74,"","","","","","","","","","",""
1710,Kishanganj,CGWB,10,Bihar,203,KISHANGANJ,KISHANGANJ,KISHANGANJ,Kishanganj,-,-,-,-,-,-,26.09583333,87.93750000,30-05-2019 08:00,8.21,684,206.05,0,259,"",56.8,"","","","","",170,40,17.01,73.32,"","","","","","","","","","",""
1711,Kishanganj,CGWB,10,Bihar,203,KISHANGANJ,KISHANGANJ,KISHANGANJ,Kishanganj,-,-,-,-,-,-,26.09583333,87.93750000,30-05-2020 08:00,8.21,684,"","",259,"",56.8,"","","","","","",40,17.01,73.32,"","","","","","","","","","",""
1712,Kishanpur1,CGWB,10,Bihar,217,SAMASTIPUR,KALYANPUR,KALYANPUR,Kishanpur,-,-,-,-,-,-,25.92916667,85.80083333,25-05-2006 00:00,8.95,1020,"",42,281,"",57,"","","","","",240,14,50,92,"","","","","","","","","","",""
1713,Kishanpur1,CGWB,10,Bihar,217,SAMASTIPUR,KALYANPUR,KALYANPUR,Kishanpur,-,-,-,-,-,-,25.91666667,85.80000000,25-05-2009 00:00,"",1045,"",12,195,"",114,"","","","","",300,58,38,120,"","","","","","","","","","",""
1714,Kishanpur1,CGWB,10,Bihar,217,SAMASTIPUR,KALYANPUR,KALYANPUR,Kishanpur,-,-,-,-,-,-,25.91666667,85.80000000,25-05-2013 00:00,7,1235,"",0,696,"",7.1,"",80,"","","",520,124,84,63,"","","","","","","","","","",""
1715,Kiul,CGWB,10,Bihar,204,LAKHISARAI,LAKHISARAI,LAKHISARAI,Kiul,-,-,-,-,-,-,25.16250000,86.09583333,25-05-2005 00:00,8.07,580,"",0,159,"",64,"","","","","",190,32,26.78,46,"","","","","","","","","","",""
1716,Kiul,CGWB,10,Bihar,204,LAKHISARAI,LAKHISARAI,LAKHISARAI,Kiul,-,-,-,-,-,-,25.16250000,86.09583333,25-05-2010 00:00,"",700,"",0,317,"",60,"","","","","",200,42,23,68,"","","","","","","","","","",""
1717,Kiul,CGWB,10,Bihar,204,LAKHISARAI,LAKHISARAI,LAKHISARAI,Kiul,-,-,-,-,-,-,25.16250000,86.09583333,25-05-2011 00:00,7.8,700,"",0,317,"",60,"","","","","",200,42,23.15,68,"","","","","","","","","","",""
1718,Kiul,CGWB,10,Bihar,204,LAKHISARAI,LAKHISARAI,LAKHISARAI,Kiul,-,-,-,-,-,-,25.16250000,86.09583333,25-05-2012 00:00,7.8,700,"",0,317,"",60,"","","","","",200,42,23,68,"","","","","","","","","","",""
1719,Kiul,CGWB,10,Bihar,204,LAKHISARAI,LAKHISARAI,LAKHISARAI,Kiul,-,-,-,-,-,-,25.16250000,86.09583333,25-05-2013 00:00,8.17,450,"",0,207,"",21,"",0,"","","",150,36,14.63,28,"","","","","","","","","","",""
1720,Kiul,CGWB,10,Bihar,204,LAKHISARAI,LAKHISARAI,LAKHISARAI,Kiul,-,-,-,-,-,-,25.16250000,86.09583333,25-05-2016 00:00,8.11,1325,861.25,0,559.65,"",141.8,"",27.78,"",14.44,"",455,20,98.41,90,"","","","","","","","","","",""
1721,Kizerpura,CGWB,10,Bihar,213,PURBA CHAMPARAN,KESARIA,KESARIA,Kizerpura,-,-,-,-,-,-,26.37083333,84.81222222,25-05-2013 00:00,8.62,620,"",12,220,"",11,"",8,"","","",160,12,31.62,29,"","","","","","","","","","",""
1722,Kizerpura,CGWB,10,Bihar,213,PURBA CHAMPARAN,KESARIA,KESARIA,Kizerpura,-,-,-,-,-,-,26.37083333,84.81222222,25-05-2016 00:00,7.69,539,"",0,238,"",39,"",2.5,"",9.9,"",190,38,23,34,"","","","","","","","","","",""
1723,Kizerpura,CGWB,10,Bihar,213,PURBA CHAMPARAN,KESARIA,KESARIA,Kizerpura,-,-,-,-,-,-,26.37083333,84.81222222,30-05-2019 08:00,7.63,820,345.8,0,408.834,"",17.7,"","","","","",375,52,59.5448,14.4,"","","","","","","","","","",""
1724,Kizerpura,CGWB,10,Bihar,213,PURBA CHAMPARAN,KESARIA,KESARIA,Kizerpura,-,-,-,-,-,-,26.37083333,84.81222222,30-05-2020 08:00,7.63,820,"","",408.834,"",17.7,"","","","","","",52,59.5448,14.4,"","","","","","","","","","",""
1725,Kochadhamin,CGWB,10,Bihar,203,KISHANGANJ,KOCHADHAMIN,KOCHADHAMIN,Kochadhamin,-,-,-,-,-,-,26.15194444,87.76694444,30-05-2019 08:00,8.35,317,475.15,3,131,"",17.75,"","","","","",105,18,14.58,22.17,"","","","","","","","","","",""
1726,Kochadhamin,CGWB,10,Bihar,203,KISHANGANJ,KOCHADHAMIN,KOCHADHAMIN,Kochadhamin,-,-,-,-,-,-,26.15194444,87.76694444,30-05-2020 08:00,8.35,317,"","",131,"",17.75,"","","","","","",18,14.58,22.17,"","","","","","","","","","",""
1727,Kochas,CGWB,10,Bihar,215,ROHTAS,DINARA,DINARA,Kochas,-,-,-,-,-,-,25.24166667,83.90833333,25-05-2005 00:00,8.39,1850,"",12,128,"",366,"","","","","",470,38,91,200,"","","","","","","","","","",""
1728,Kochas,CGWB,10,Bihar,215,ROHTAS,DINARA,DINARA,Kochas,-,-,-,-,-,-,25.24166667,83.90833333,25-05-2011 00:00,7.5,1014,"",0,360,"",149,"","","","","",290,34,49.88,100,"","","","","","","","","","",""
1729,Kochas,CGWB,10,Bihar,215,ROHTAS,DINARA,DINARA,Kochas,-,-,-,-,-,-,25.24166667,83.90833333,25-05-2013 00:00,7.89,1110,"",0,366,"",173.7,"",8.4,"","","",335,52,49.8,101.6,"","","","","","","","","","",""
1730,Kochas,CGWB,10,Bihar,215,ROHTAS,DINARA,DINARA,Kochas,-,-,-,-,-,-,25.24166667,83.90833333,25-05-2016 00:00,8.04,650,"",0,256,"",57,"",11,"",5,"",230,14,47,27,"","","","","","","","","","",""
1731,Kochas,CGWB,10,Bihar,215,ROHTAS,DINARA,DINARA,Kochas,-,-,-,-,-,-,25.24166667,83.90833333,30-05-2019 08:00,7.8,805,469.3,0,401,"",9,"","","","","",312,27,59.42328,41,"","","","","","","","","","",""
1732,Kochas,CGWB,10,Bihar,215,ROHTAS,DINARA,DINARA,Kochas,-,-,-,-,-,-,25.24166667,83.90833333,30-05-2020 08:00,7.8,805,"","",401,"",9,"","","","","","",27,59.42328,41,"","","","","","","","","","",""
1733,Kodwara Tola,CGWB,10,Bihar,221,SITAMARHI,DUMRA,DUMRA,Kodwara Tola,-,-,-,-,-,-,26.58666667,85.47111111,30-05-2019 08:00,8.27,351,193.7,0,215.25,"",1.463,"","","","","",119.704834,38.17,5.9,21.67,"","","","","","","","","","",""
1734,Kodwara Tola,CGWB,10,Bihar,221,SITAMARHI,DUMRA,DUMRA,Kodwara Tola,-,-,-,-,-,-,26.58666667,85.47111111,30-05-2020 08:00,8.27,351,"","",215.25,"",1.463,"","","","","","",38.17,5.9,21.67,"","","","","","","","","","",""
1735,Koeri Bigha,CGWB,10,Bihar,219,SHEIKHPURA,BARBIGHA,BARBIGHA,Koeri Bigha,-,-,-,-,-,-,25.21722222,85.74388889,30-05-2019 08:00,7.9,608,349.05,0,183,"",70.9,"","","","","",250,40,36,23,"","","","","","","","","","",""
1736,Koeri Bigha,CGWB,10,Bihar,219,SHEIKHPURA,BARBIGHA,BARBIGHA,Koeri Bigha,-,-,-,-,-,-,25.21722222,85.74388889,30-05-2020 08:00,7.9,608,"","",183,"",70.9,"","","","","","",40,36,23,"","","","","","","","","","",""
1737,Koeri Bigha,CGWB,10,Bihar,219,SHEIKHPURA,BARBIGHA,BARBIGHA,Koeri Bigha,-,-,-,-,-,-,25.21722222,85.74388889,30-05-2021 08:00,7.97,420,"",0,110,"",40,"",28,"","","",160,40,15,20,"","","","","","","","","","",""
1738,Konch,CGWB,10,Bihar,196,GAYA,KONCH,KONCH,Konch,-,-,-,-,-,-,24.91805556,84.76777778,30-05-2021 08:00,7.89,460,"",0,201,"",25,"",14,"","","",188,50,15,18.08,"","","","","","","","","","",""
1739,Korha,CGWB,10,Bihar,201,KATIHAR,KORHA,KORHA,Korha,-,-,-,-,-,-,25.61250000,87.40416667,25-05-2004 00:00,7.59,545,"",0,249,"",29,"","","","","",210,30,32,14,"","","","","","","","","","",""
1740,Korha,CGWB,10,Bihar,201,KATIHAR,KORHA,KORHA,Korha,-,-,-,-,-,-,25.61250000,87.40416667,25-05-2005 00:00,8.22,470,"",0,201,"",21,"","","","","",180,44,17.07,9,"","","","","","","","","","",""
1741,Korha,CGWB,10,Bihar,201,KATIHAR,KORHA,KORHA,Korha,-,-,-,-,-,-,25.61250000,87.40416667,25-05-2007 00:00,8.19,420,"","",189,154.9,25,"","","","","",140,40,9.7,24,"","","","","","","","","","",""
1742,Korha,CGWB,10,Bihar,201,KATIHAR,KORHA,KORHA,Korha,-,-,-,-,-,-,25.61250000,87.40416667,25-05-2008 00:00,8.8,247,"",12,122,"",21,"","","","","",80,18,8.53,17,"","","","","","","","","","",""
1743,Korha,CGWB,10,Bihar,201,KATIHAR,KORHA,KORHA,Korha,-,-,-,-,-,-,25.61250000,87.40416667,25-05-2009 00:00,"",450,"",0,195,"",25,"","","","","",160,38,16,23,"","","","","","","","","","",""
1744,Korha,CGWB,10,Bihar,201,KATIHAR,KORHA,KORHA,Korha,-,-,-,-,-,-,25.61250000,87.40416667,25-05-2011 00:00,7.65,448,"",0,201.3,"",49.7,"","","","","",155,32,18.27,29,"","","","","","","","","","",""
1745,Korha,CGWB,10,Bihar,201,KATIHAR,KORHA,KORHA,Korha,-,-,-,-,-,-,25.61250000,87.40416667,25-05-2012 00:00,7.3,444,"",0,180,"",147.47,"",60.44,"","","",248,25.64,44.74,"","","","","","","","","","","",""
1746,Korha,CGWB,10,Bihar,201,KATIHAR,KORHA,KORHA,Korha,-,-,-,-,-,-,25.61250000,87.40416667,25-05-2013 00:00,7.01,484,"",0,207.4,"",42.5,"",3.1,"","","",125,12,23.1,48.7,"","","","","","","","","","",""
1747,Korha,CGWB,10,Bihar,201,KATIHAR,KORHA,KORHA,Korha,-,-,-,-,-,-,25.61250000,87.40416667,30-05-2019 08:00,8.28,557,194.35,0,325,"",7.1,"","","","","",245,36,37.665,8.19,"","","","","","","","","","",""
1748,Korha,CGWB,10,Bihar,201,KATIHAR,KORHA,KORHA,Korha,-,-,-,-,-,-,25.61250000,87.40416667,30-05-2020 08:00,8.28,557,"","",325,"",7.1,"","","","","","",36,37.665,8.19,"","","","","","","","","","",""
1749,Kori,CGWB,10,Bihar,193,BHOJPUR,SANDESH,SANDESH,Kori,-,-,-,-,-,-,25.39333333,84.69333333,30-05-2021 08:00,7.95,580,"",0,218,"",52,"",21,"","","",169,36,19,32,"","","","","","","","","","",""
1750,Korianitola,CGWB,10,Bihar,205,MADHEPURA,UDA KISHANGANJ,UDA KISHANGANJ,Korianitola,-,-,-,-,-,-,25.64166667,86.92500000,25-05-2008 00:00,8.28,404,"",0,124,"",21,"","","","","",165,44,13,20,"","","","","","","","","","",""
1751,Korigawa Chowk,CGWB,10,Bihar,211,PASHCHIM CHAMPARAN,NARKATIAGANJ,NARKATIAGANJ,Korigawa Chowk,-,-,-,-,-,-,27.14000000,84.43194444,30-05-2019 08:00,8.1,350,312,0,183.06,"",10.62,"","","","","",155,42,12.152,5,"","","","","","","","","","",""
1752,Korigawa Chowk,CGWB,10,Bihar,211,PASHCHIM CHAMPARAN,NARKATIAGANJ,NARKATIAGANJ,Korigawa Chowk,-,-,-,-,-,-,27.14000000,84.43194444,30-05-2020 08:00,8.1,350,"","",183.06,"",10.62,"","","","","","",42,12.152,5,"","","","","","","","","","",""
1753,Kritpur,CGWB,10,Bihar,194,BUXAR,BUXAR,BUXAR,Kritpur,-,-,-,-,-,-,25.54861111,83.94166667,30-05-2019 08:00,8,1967,395.85,0,526,"",239,"","","","","",497,49,91.01848,133,"","","","","","","","","","",""
1754,Kritpur,CGWB,10,Bihar,194,BUXAR,BUXAR,BUXAR,Kritpur,-,-,-,-,-,-,25.54861111,83.94166667,30-05-2020 08:00,8,1967,"","",526,"",239,"","","","","","",49,91.01848,133,"","","","","","","","","","",""
1755,Kritpur,CGWB,10,Bihar,194,BUXAR,BUXAR,BUXAR,Kritpur,-,-,-,-,-,-,25.54861111,83.94166667,30-05-2021 08:00,8.77,1980,"",9,522,"",291,"",148,"","","",581,157,46,184,"","","","","","","","","","",""
1756,Kuchaikot,CGWB,10,Bihar,197,GOPALGANJ,KUCHAIKOTE,KUCHAIKOTE,Kuchaikot,-,-,-,-,-,-,26.56250000,84.32916667,25-05-2002 00:00,8.24,707,"","","","","","","","","","","","","","","","","","","","","","","","",""
1757,Kuchaikot,CGWB,10,Bihar,197,GOPALGANJ,MANJHA,MANJHA,Kuchaikot,-,-,-,-,-,-,26.34305556,84.50138889,25-05-2007 00:00,8.44,625,"",18,201,194.8,60,"","","","","",115,20,16,87,"","","","","","","","","","",""
1758,Kuchaikot,CGWB,10,Bihar,197,GOPALGANJ,MANJHA,MANJHA,Kuchaikot,-,-,-,-,-,-,26.34305556,84.50138889,25-05-2008 00:00,8.06,880,"",0,275,"",75,"","","","","",310,90,21,51,"","","","","","","","","","",""
1759,Kuchaikot,CGWB,10,Bihar,197,GOPALGANJ,KUCHAIKOTE,KUCHAIKOTE,Kuchaikot,-,-,-,-,-,-,26.56250000,84.32916667,25-05-2009 00:00,"",950,"",0,275,"",89,"","","","","",140,24,19,173,"","","","","","","","","","",""
1760,Kuchaikot,CGWB,10,Bihar,197,GOPALGANJ,MANJHA,MANJHA,Kuchaikot,-,-,-,-,-,-,26.34305556,84.50138889,25-05-2010 00:00,"",882,"",0,348,"",71,"","","","","",215,48,23,100,"","","","","","","","","","",""
1761,Kuchaikot,CGWB,10,Bihar,197,GOPALGANJ,KUCHAIKOTE,KUCHAIKOTE,Kuchaikot,-,-,-,-,-,-,26.56250000,84.32916667,25-05-2011 00:00,8.57,727,"",18,390.4,"",67.45,"","","","","",175,34,21.92,91,"","","","","","","","","","",""
1762,Kuchaikot,CGWB,10,Bihar,197,GOPALGANJ,KUCHAIKOTE,KUCHAIKOTE,Kuchaikot,-,-,-,-,-,-,26.56250000,84.32916667,25-05-2012 00:00,7.91,821,"",0,375.2,"",77.99,"","","","","",95,8,18,132,"","","","","","","","","","",""
1763,Kuchaikot,CGWB,10,Bihar,197,GOPALGANJ,KUCHAIKOTE,KUCHAIKOTE,Kuchaikot,-,-,-,-,-,-,26.56250000,84.32916667,25-05-2013 00:00,7.71,921,"",0,372,"",78,"",8,"","","",95,8,18.24,132,"","","","","","","","","","",""
1764,Kuchaikot,CGWB,10,Bihar,197,GOPALGANJ,KUCHAIKOTE,KUCHAIKOTE,Kuchaikot,-,-,-,-,-,-,26.56250000,84.32916667,25-05-2016 00:00,7.63,741,481.65,0,258.3,"",81.535,"",39.61,"",8.42,"",230,56,21.87,81.57,"","","","","","","","","","",""
1765,Kuchaikot,CGWB,10,Bihar,197,GOPALGANJ,KUCHAIKOTE,KUCHAIKOTE,Kuchaikot,-,-,-,-,-,-,26.56250000,84.32916667,30-05-2019 08:00,7.18,766,388.7,0,207.468,"",56.64,"","","","","",170,12,34.0256,78.3,"","","","","","","","","","",""
1766,Kuchaikot,CGWB,10,Bihar,197,GOPALGANJ,KUCHAIKOTE,KUCHAIKOTE,Kuchaikot,-,-,-,-,-,-,26.56250000,84.32916667,30-05-2020 08:00,7.18,766,"","",207.468,"",56.64,"","","","","","",12,34.0256,78.3,"","","","","","","","","","",""
1767,Kulharia,CGWB,10,Bihar,193,BHOJPUR,KOILWAR,KOILWAR,Kulharia,-,-,-,-,-,-,25.57916667,84.75000000,25-05-2002 00:00,8.85,528,"","","","","","","","","","","","","","","","","","","","","","","","",""
1768,Kulharia,CGWB,10,Bihar,193,BHOJPUR,KOILWAR,KOILWAR,Kulharia,-,-,-,-,-,-,25.57916667,84.75000000,25-05-2004 00:00,8.01,878,"",0,495,"",149,"","","","","",386,48,64,100,"","","","","","","","","","",""
1769,Kulharia,CGWB,10,Bihar,193,BHOJPUR,BEHEA,BEHEA,Kulharia,-,-,-,-,-,-,25.58333333,84.51250000,25-05-2007 00:00,8.66,520,"",12,128,124.9,50,"","","","","",125,22,17,46,"","","","","","","","","","",""
1770,Kulharia,CGWB,10,Bihar,193,BHOJPUR,KOILWAR,KOILWAR,Kulharia,-,-,-,-,-,-,25.57916667,84.75000000,25-05-2008 00:00,8,554,"",0,299,"",32,"","","","","",210,50,21,43,"","","","","","","","","","",""
1771,Kulharia,CGWB,10,Bihar,193,BHOJPUR,BEHEA,BEHEA,Kulharia,-,-,-,-,-,-,25.58333333,84.51250000,25-05-2016 00:00,8,488,"",0,214,"",25,"",13,"",2,"",195,22,34,19,"","","","","","","","","","",""
1772,Kulharia,CGWB,10,Bihar,193,BHOJPUR,KOILWAR,KOILWAR,Kulharia,-,-,-,-,-,-,25.57916667,84.75000000,30-05-2019 08:00,7.9,674,499.2,0,212,"",57,"","","","","",202,23,35,49,"","","","","","","","","","",""
1773,Kulharia,CGWB,10,Bihar,193,BHOJPUR,KOILWAR,KOILWAR,Kulharia,-,-,-,-,-,-,25.57916667,84.75000000,30-05-2020 08:00,7.9,674,"","",212,"",57,"","","","","","",23,35,49,"","","","","","","","","","",""
1774,Kulharia,CGWB,10,Bihar,193,BHOJPUR,KOILWAR,KOILWAR,Kulharia,-,-,-,-,-,-,25.57916667,84.75000000,30-05-2021 08:00,8.26,1690,"",0,846,"",48,"",9,"","","",103,12,18,340.3,"","","","","","","","","","",""
1775,Kumbhidera,CGWB,10,Bihar,191,BEGUSARAI,CHERIA BARIARPUR,CHERIA BARIARPUR,Kumbhidera,-,-,-,-,-,-,25.65222222,86.06000000,30-05-2019 08:00,7.18,799,391.95,0,292.896,"",38.94,"","","","","",160,12,31.5952,78.3,"","","","","","","","","","",""
1776,Kumbhidera,CGWB,10,Bihar,191,BEGUSARAI,CHERIA BARIARPUR,CHERIA BARIARPUR,Kumbhidera,-,-,-,-,-,-,25.65222222,86.06000000,30-05-2020 08:00,7.18,799,"","",292.896,"",38.94,"","","","","","",12,31.5952,78.3,"","","","","","","","","","",""
1777,Kumharkal,CGWB,10,Bihar,224,VAISHALI,MAHNAR,MAHNAR,Kumharkal,-,-,-,-,-,-,25.64916667,85.47138889,30-05-2019 08:00,7.11,826,356.85,0,341.712,"",81.42,"","","","","",405,64,59.5448,2.7,"","","","","","","","","","",""
1778,Kumharkal,CGWB,10,Bihar,224,VAISHALI,MAHNAR,MAHNAR,Kumharkal,-,-,-,-,-,-,25.64916667,85.47138889,30-05-2020 08:00,7.11,826,"","",341.712,"",81.42,"","","","","","",64,59.5448,2.7,"","","","","","","","","","",""
1779,Kumharkal,CGWB,10,Bihar,224,VAISHALI,MAHNAR,MAHNAR,Kumharkal,-,-,-,-,-,-,25.64916667,85.47138889,30-05-2021 08:00,7.75,220,"",0,92,"",17,"",6,"","","",75,24,4,9,"","","","","","","","","","",""
1780,Kumharson,CGWB,10,Bihar,191,BEGUSARAI,BACHHWARA,BACHHWARA,Kumharson,-,-,-,-,-,-,25.54444444,85.86111111,25-05-2009 00:00,"",715,"",18,165,"",43,"","","","","",230,44,29,16,"","","","","","","","","","",""
1781,Kumharson,CGWB,10,Bihar,191,BEGUSARAI,BACHHWARA,BACHHWARA,Kumharson,-,-,-,-,-,-,25.54444444,85.86111111,25-05-2010 00:00,"",888,"",0,458,"",50,"","","","","",355,60,50,48,"","","","","","","","","","",""
1782,Kumharson,CGWB,10,Bihar,191,BEGUSARAI,BACHHWARA,BACHHWARA,Kumharson,-,-,-,-,-,-,25.54444444,85.86111111,25-05-2016 00:00,8.34,519,337.35,12,85,"",88.65,"",16.6,"",11.6,"",150,18,25.2,35,"","","","","","","","","","",""
1783,Kumhrar,CGWB,10,Bihar,212,PATNA,PATNA RURAL (B),PATNA RURAL (B),Kumhrar,-,-,-,-,-,-,25.60000000,85.18500000,25-05-2013 00:00,7.14,930,"",0,380,"",88,"",50,"","","",348,68.9,42.81,45.8,"","","","","","","","","","",""
1784,Kumhrar,CGWB,10,Bihar,212,PATNA,PATNA RURAL (B),PATNA RURAL (B),Kumhrar,-,-,-,-,-,-,25.60000000,85.18500000,25-05-2016 00:00,8.3,714.6,464.49,30,250,"",53.18,"",18.04,"","","",215,48,23.06,38.41,"","","","","","","","","","",""
1785,Kumhrar,CGWB,10,Bihar,212,PATNA,PATNA RURAL (B),PATNA RURAL (B),Kumhrar,-,-,-,-,-,-,25.60000000,85.18500000,30-05-2021 08:00,8.16,410,"",0,157,"",29,"",33,"","","",132,39,8,15.4,"","","","","","","","","","",""
1786,Kundalpur,CGWB,10,Bihar,209,NALANDA,RAJGIR,RAJGIR,Kundalpur,-,-,-,-,-,-,25.15611111,85.44694444,25-05-2013 00:00,8.2,877,"",0,427,"",43,"",50,"","","",320,56,43.83,59,"","","","","","","","","","",""
1787,Kundalpur,CGWB,10,Bihar,209,NALANDA,RAJGIR,RAJGIR,Kundalpur,-,-,-,-,-,-,25.15611111,85.44694444,25-05-2016 00:00,7.82,950,617.5,0,258.3,"",81.53,"",77,"",29,"",260,66,23,96,"","","","","","","","","","",""
1788,Kundalpur,CGWB,10,Bihar,209,NALANDA,RAJGIR,RAJGIR,Kundalpur,-,-,-,-,-,-,25.15611111,85.44694444,30-05-2019 08:00,8.1,583,537.55,0,214,"",53.2,"","","","","",200,16,39,46,"","","","","","","","","","",""
1789,Kundalpur,CGWB,10,Bihar,209,NALANDA,RAJGIR,RAJGIR,Kundalpur,-,-,-,-,-,-,25.15611111,85.44694444,30-05-2020 08:00,8.1,583,"","",214,"",53.2,"","","","","","",16,39,46,"","","","","","","","","","",""
1790,Kundalpur,CGWB,10,Bihar,209,NALANDA,RAJGIR,RAJGIR,Kundalpur,-,-,-,-,-,-,25.15611111,85.44694444,30-05-2021 08:00,8.2,220,"",0,104,"",12,"",8,"","","",66,16,6,19,"","","","","","","","","","",""
1791,Kursela,CGWB,10,Bihar,201,KATIHAR,BARARI,BARARI,Kursela,-,-,-,-,-,-,25.44722222,87.25111111,25-05-2000 00:00,8.77,760,"",36,275,"",46,"","","","","",240,68,17,51,"","","","","","","","","","",""
1792,Kursela,CGWB,10,Bihar,201,KATIHAR,BARARI,BARARI,Kursela,-,-,-,-,-,-,25.43750000,87.24166667,25-05-2004 00:00,7.07,640,"",0,292,"",71,"","","","","",216,61,15,38,"","","","","","","","","","",""
1793,Kursela,CGWB,10,Bihar,201,KATIHAR,BARARI,BARARI,Kursela,-,-,-,-,-,-,25.43750000,87.24166667,25-05-2005 00:00,7.76,580,"",0,281,"",28,"","","","","",215,40,28.01,25,"","","","","","","","","","",""
1794,Kursela,CGWB,10,Bihar,201,KATIHAR,BARARI,BARARI,Kursela,-,-,-,-,-,-,25.43750000,87.24166667,25-05-2009 00:00,"",680,"",0,305,"",46,"","","","","",240,48,29,39,"","","","","","","","","","",""
1795,Kursela,CGWB,10,Bihar,201,KATIHAR,BARARI,BARARI,Kursela,-,-,-,-,-,-,25.43750000,87.24166667,25-05-2011 00:00,8.04,724,"",0,353.8,"",67.45,"","","","","",230,26,40.15,42,"","","","","","","","","","",""
1796,Kursela,CGWB,10,Bihar,201,KATIHAR,BARARI,BARARI,Kursela,-,-,-,-,-,-,25.43750000,87.24166667,25-05-2012 00:00,7.38,608,"",0,200,"",82.24,"",13.35,"","","",200,25.64,33.07,"","","","","","","","","","","",""
1797,Kursela,CGWB,10,Bihar,201,KATIHAR,BARARI,BARARI,Kursela,-,-,-,-,-,-,25.43750000,87.24166667,25-05-2013 00:00,7.61,558,"",0,201.3,"",92.2,"",5.1,"","","",160,10,32.8,56.8,"","","","","","","","","","",""
1798,Kursela,CGWB,10,Bihar,201,KATIHAR,BARARI,BARARI,Kursela,-,-,-,-,-,-,25.43750000,87.24166667,25-05-2016 00:00,7.83,329,"",0,134.81,"",21.276,"",18.97,"",0.99,"",115,24,13.2,22.98,"","","","","","","","","","",""
1799,Kursela,CGWB,10,Bihar,201,KATIHAR,BARARI,BARARI,Kursela,-,-,-,-,-,-,25.43750000,87.24166667,30-05-2019 08:00,8.48,299,408.85,15,129,"",7.1,"","","","","",100,26,8.505,19.5,"","","","","","","","","","",""
1800,Kursela,CGWB,10,Bihar,201,KATIHAR,BARARI,BARARI,Kursela,-,-,-,-,-,-,25.43750000,87.24166667,30-05-2020 08:00,8.48,299,"","",129,"",7.1,"","","","","","",26,8.505,19.5,"","","","","","","","","","",""
1801,Kurtha bdo,CGWB,10,Bihar,199,JEHANABAD,KURTHA,KURTHA,Kurtha bdo,-,-,-,-,-,-,25.12916667,84.82083333,25-05-2005 00:00,7.65,520,"",0,220,"",39,"","","","","",195,36,25.57,20,"","","","","","","","","","",""
1802,Kurtha bdo,CGWB,10,Bihar,199,JEHANABAD,KURTHA,KURTHA,Kurtha bdo,-,-,-,-,-,-,25.12888889,84.80500000,25-05-2007 00:00,8.4,480,"",18,195,189.8,21,"","","","","",145,24,21,38,"","","","","","","","","","",""
1803,Kurtha bdo,CGWB,10,Bihar,199,JEHANABAD,KURTHA,KURTHA,Kurtha bdo,-,-,-,-,-,-,25.12888889,84.80500000,25-05-2008 00:00,8.25,613,"",0,238,"",25,"","","","","",130,12,24,46,"","","","","","","","","","",""
1804,Kurtha bdo,CGWB,10,Bihar,199,JEHANABAD,KURTHA,KURTHA,Kurtha bdo,-,-,-,-,-,-,25.12916667,84.82083333,25-05-2008 00:00,8.25,613,"",0,238,"",25,"","","","","",130,12,24.33,46,"","","","","","","","","","",""
1805,Kurtha bdo,CGWB,10,Bihar,199,JEHANABAD,KURTHA,KURTHA,Kurtha bdo,-,-,-,-,-,-,25.12888889,84.80500000,25-05-2010 00:00,"",570,"",0,226,"",60,"","","","","",175,24,29,42,"","","","","","","","","","",""
1806,Kurtha bdo,CGWB,10,Bihar,199,JEHANABAD,KURTHA,KURTHA,Kurtha bdo,-,-,-,-,-,-,25.12916667,84.82083333,25-05-2011 00:00,8,680,"",0,238,"",74,"","","","","",195,17,37.1,59,"","","","","","","","","","",""
1807,Kurtha bdo,CGWB,10,Bihar,199,JEHANABAD,KURTHA,KURTHA,Kurtha bdo,-,-,-,-,-,-,25.12916667,84.82083333,25-05-2012 00:00,8.44,500,"",48,158.626,"",21.276,"","","","","",170,20.04,29.184,35,"","","","","","","","","","",""
1808,Kurtha bdo,CGWB,10,Bihar,199,JEHANABAD,KURTHA,KURTHA,Kurtha bdo,-,-,-,-,-,-,25.12916667,84.82083333,25-05-2013 00:00,8.44,500,"",48,158.6,"",21.3,"",0,"","","",170,20,29.2,35,"","","","","","","","","","",""
1809,Kurtha bdo,CGWB,10,Bihar,199,JEHANABAD,KURTHA,KURTHA,Kurtha bdo,-,-,-,-,-,-,25.12888889,84.80500000,25-05-2016 00:00,7.91,837,544.05,0,252.15,"",99.26,"",24.98,"",3.72,"",125,38,7,108.8,"","","","","","","","","","",""
1810,Kurtha bdo,CGWB,10,Bihar,199,JEHANABAD,KURTHA,KURTHA,Kurtha bdo,-,-,-,-,-,-,25.12916667,84.82083333,25-05-2016 00:00,7.91,837,544.05,0,252.15,"",99.26,"",24.98,"",3.72,"",125,38,7,108.8,"","","","","","","","","","",""
1811,Kurtha bdo,CGWB,10,Bihar,199,JEHANABAD,KURTHA,KURTHA,Kurtha bdo,-,-,-,-,-,-,25.12916667,84.82083333,30-05-2021 08:00,8,470,"",0,116,"",67,"",35,"","","",184,67,4,20,"","","","","","","","","","",""
1812,Kushmari,CGWB,10,Bihar,221,SITAMARHI,RIGA,RIGA,Kushmari,-,-,-,-,-,-,26.61777778,85.41722222,30-05-2019 08:00,8.2,298,200.85,0,172.2,"",0.497,"","","","","",104.09465,34,4.64,13.184,"","","","","","","","","","",""
1813,Kushmari,CGWB,10,Bihar,221,SITAMARHI,RIGA,RIGA,Kushmari,-,-,-,-,-,-,26.61777778,85.41722222,30-05-2020 08:00,8.2,298,"","",172.2,"",0.497,"","","","","","",34,4.64,13.184,"","","","","","","","","","",""
1814,Kusthan,CGWB,10,Bihar,205,MADHEPURA,UDA KISHANGANJ,UDA KISHANGANJ,Kusthan,-,-,-,-,-,-,25.74944444,86.98972222,30-05-2019 08:00,8.459,551.3,565.695,18,225.88055,"",53.175,"","","","","",210,36.0288,29.108738,31.05,"","","","","","","","","","",""
1815,Kusthan,CGWB,10,Bihar,205,MADHEPURA,UDA KISHANGANJ,UDA KISHANGANJ,Kusthan,-,-,-,-,-,-,25.74944444,86.98972222,30-05-2020 08:00,8.459,551.3,"","",225.88055,"",53.175,"","","","","","",36.0288,29.108738,31.05,"","","","","","","","","","",""
1816,Laakhawara,CGWB,10,Bihar,213,PURBA CHAMPARAN,MOTIHARI,MOTIHARI,Laakhawara,-,-,-,-,-,-,26.75611111,84.99638889,25-05-2001 00:00,7.98,550,"",0,268,"",7.1,"","","","","",180,36,22,36,"","","","","","","","","","",""
1817,Labhgaon,CGWB,10,Bihar,202,KHAGARIA,KHAGARIA,KHAGARIA,Labhgaon,-,-,-,-,-,-,25.50000000,86.42500000,25-05-2005 00:00,8.02,810,"",0,366,"",14,"","","","","",340,40,58.4,24,"","","","","","","","","","",""
1818,Labhgaon,CGWB,10,Bihar,202,KHAGARIA,KHAGARIA,KHAGARIA,Labhgaon,-,-,-,-,-,-,25.50000000,86.42500000,25-05-2011 00:00,7.6,761,"",0,421,"",25,"","","","","",295,72,28.05,37,"","","","","","","","","","",""
1819,Labhgaon,CGWB,10,Bihar,202,KHAGARIA,KHAGARIA,KHAGARIA,Labhgaon,-,-,-,-,-,-,25.50000000,86.42500000,25-05-2012 00:00,7.65,666,"",0,317,"",11,"","","","","",250,6,57.14,11,"","","","","","","","","","",""
1820,Labhgaon,CGWB,10,Bihar,202,KHAGARIA,KHAGARIA,KHAGARIA,Labhgaon,-,-,-,-,-,-,25.50000000,86.42500000,25-05-2016 00:00,7.51,615,399.75,0,305,"",31.914,"",13.7,"",0.3,"",295,48,42,1,"","","","","","","","","","",""
1821,Labhgaon,CGWB,10,Bihar,202,KHAGARIA,KHAGARIA,KHAGARIA,Labhgaon,-,-,-,-,-,-,25.50000000,86.42500000,30-05-2019 08:00,8.173,436,404.3,0,286.92935,"",80.4715,"","","","","",225,38.0304,31.534952,24.13,"","","","","","","","","","",""
1822,Labhgaon,CGWB,10,Bihar,202,KHAGARIA,KHAGARIA,KHAGARIA,Labhgaon,-,-,-,-,-,-,25.50000000,86.42500000,30-05-2020 08:00,8.173,436,"","",286.92935,"",80.4715,"","","","","","",38.0304,31.534952,24.13,"","","","","","","","","","",""
1823,Lachchwar,CGWB,10,Bihar,197,GOPALGANJ,MANJHA,MANJHA,Lachchwar,-,-,-,-,-,-,26.39805556,84.36888889,30-05-2019 08:00,7.19,598,343.85,0,195.264,"",49.56,"","","","","",210,18,40.1016,28.44,"","","","","","","","","","",""
1824,Lachchwar,CGWB,10,Bihar,197,GOPALGANJ,MANJHA,MANJHA,Lachchwar,-,-,-,-,-,-,26.39805556,84.36888889,30-05-2020 08:00,7.19,598,"","",195.264,"",49.56,"","","","","","",18,40.1016,28.44,"","","","","","","","","","",""
1825,Lakhisarai,CGWB,10,Bihar,207,MUNGER,MUNGER,MUNGER,Lakhisarai,-,-,-,-,-,-,25.38333333,86.46666667,25-05-2000 00:00,8.7,790,"",66,201,"",156,"","","","","",170,16,32,154,"","","","","","","","","","",""
1826,Lakhisarai,CGWB,10,Bihar,204,LAKHISARAI,LAKHISARAI,LAKHISARAI,Lakhisarai,-,-,-,-,-,-,25.18333333,86.10027778,25-05-2009 00:00,"",323,"",0,140,"",25,"","","","","",120,32,9.76,21,"","","","","","","","","","",""
1827,Lakhisarai,CGWB,10,Bihar,204,LAKHISARAI,LAKHISARAI,LAKHISARAI,Lakhisarai,-,-,-,-,-,-,25.18333333,86.10027778,25-05-2010 00:00,"",478,"",0,213,"",43,"","","","","",160,48,10,18,"","","","","","","","","","",""
1828,Lakhisarai,CGWB,10,Bihar,204,LAKHISARAI,LAKHISARAI,LAKHISARAI,Lakhisarai,-,-,-,-,-,-,25.18333333,86.10027778,25-05-2011 00:00,8.13,478,"",0,213,"",43,"","","","","",160,48,9.78,18,"","","","","","","","","","",""
1829,Lakhisarai,CGWB,10,Bihar,204,LAKHISARAI,LAKHISARAI,LAKHISARAI,Lakhisarai,-,-,-,-,-,-,25.18333333,86.10027778,25-05-2012 00:00,8.83,478,"","",213,"",43,"","","","","",160,48,10,18,"","","","","","","","","","",""
1830,Lakhisarai,CGWB,10,Bihar,204,LAKHISARAI,LAKHISARAI,LAKHISARAI,Lakhisarai,-,-,-,-,-,-,25.18333333,86.10027778,25-05-2013 00:00,8.15,560,"",0,293,"",14,"",0,"","","",150,32,17.06,54,"","","","","","","","","","",""
1831,Lakhisarai,CGWB,10,Bihar,204,LAKHISARAI,LAKHISARAI,LAKHISARAI,Lakhisarai,-,-,-,-,-,-,25.18333333,86.10027778,25-05-2016 00:00,8.24,1606,1043.9,0,522.75,"",184.32,"",85.68,"",24.31,"",395,76,49.81,111.45,"","","","","","","","","","",""
1832,Lakhisarai,CGWB,10,Bihar,204,LAKHISARAI,LAKHISARAI,LAKHISARAI,Lakhisarai,-,-,-,-,-,-,25.18333333,86.10027778,30-05-2019 08:00,7.2,365,453.05,0,129,"",21,"","","","","",140,21,21,19,"","","","","","","","","","",""
1833,Lakhisarai,CGWB,10,Bihar,204,LAKHISARAI,LAKHISARAI,LAKHISARAI,Lakhisarai,-,-,-,-,-,-,25.18333333,86.10027778,30-05-2020 08:00,7.2,365,"","",129,"",21,"","","","","","",21,21,19,"","","","","","","","","","",""
1834,Lakho,CGWB,10,Bihar,191,BEGUSARAI,BEGUSARAI,BEGUSARAI,Lakho,-,-,-,-,-,-,25.41388889,86.17777778,30-05-2019 08:00,9.018,945,302.185,27,311.34888,"",198.52,"","","","","",300,20.016,60.669903,117.41,"","","","","","","","","","",""
1835,Lakho,CGWB,10,Bihar,191,BEGUSARAI,BEGUSARAI,BEGUSARAI,Lakho,-,-,-,-,-,-,25.41388889,86.17777778,30-05-2020 08:00,9.018,945,"","",311.34888,"",198.52,"","","","","","",20.016,60.669903,117.41,"","","","","","","","","","",""
1836,Lakhwar,CGWB,10,Bihar,199,JEHANABAD,GHOSHI,GHOSHI,Lakhwar,-,-,-,-,-,-,25.13666667,85.10527778,30-05-2019 08:00,8.05,743,501.8,0,310,"",39.05,"","","","","",245,54,26.73,51,"","","","","","","","","","",""
1837,Lakhwar,CGWB,10,Bihar,199,JEHANABAD,GHOSHI,GHOSHI,Lakhwar,-,-,-,-,-,-,25.13666667,85.10527778,30-05-2020 08:00,8.05,743,"","",310,"",39.05,"","","","","","",54,26.73,51,"","","","","","","","","","",""
1838,Lakhwara,CGWB,10,Bihar,213,PURBA CHAMPARAN,MOTIHARI,MOTIHARI,Lakhwara,-,-,-,-,-,-,26.75500000,84.97555556,25-05-2002 00:00,8.19,288,"","","","","","","","","","","","","","","","","","","","","","","","",""
1839,Lakhwara,CGWB,10,Bihar,213,PURBA CHAMPARAN,MOTIHARI,MOTIHARI,Lakhwara,-,-,-,-,-,-,26.75500000,84.97555556,25-05-2016 00:00,7.14,367,"",0,159,"",32,"",5.7,"",1,"",120,20,17,21,"","","","","","","","","","",""
1840,Lakhwara,CGWB,10,Bihar,213,PURBA CHAMPARAN,MOTIHARI,MOTIHARI,Lakhwara,-,-,-,-,-,-,26.75500000,84.97555556,30-05-2019 08:00,7.6,532,554.45,0,250.182,"",14.16,"","","","","",220,32,34.0256,14.6,"","","","","","","","","","",""
1841,Lakhwara,CGWB,10,Bihar,213,PURBA CHAMPARAN,MOTIHARI,MOTIHARI,Lakhwara,-,-,-,-,-,-,26.75500000,84.97555556,30-05-2020 08:00,7.6,532,"","",250.182,"",14.16,"","","","","","",32,34.0256,14.6,"","","","","","","","","","",""
1842,Lala Chapra,CGWB,10,Bihar,213,PURBA CHAMPARAN,KESARIA,KESARIA,Lala Chapra,-,-,-,-,-,-,26.33472222,84.85527778,30-05-2019 08:00,7.67,853,292.5,0,433.242,"",14.16,"","","","","",380,50,61.9752,14.06,"","","","","","","","","","",""
1843,Lala Chapra,CGWB,10,Bihar,213,PURBA CHAMPARAN,KESARIA,KESARIA,Lala Chapra,-,-,-,-,-,-,26.33472222,84.85527778,30-05-2020 08:00,7.67,853,"","",433.242,"",14.16,"","","","","","",50,61.9752,14.06,"","","","","","","","","","",""
1844,Lala Chapra,CGWB,10,Bihar,213,PURBA CHAMPARAN,KESARIA,KESARIA,Lala Chapra,-,-,-,-,-,-,26.33472222,84.85527778,30-05-2021 08:00,8.11,284,"",0,65.88,"",22.158,"",13.1,"","","",74,17.6,7.2,15.13,"","","","","","","","","","",""
1845,Lala Pachmawa,CGWB,10,Bihar,197,GOPALGANJ,KATAIYA,KATAIYA,Lala Pachmawa,-,-,-,-,-,-,26.53333333,84.08333333,30-05-2019 08:00,7.39,529,715,0,170.856,"",21.24,"","","","","",205,34,29.1648,13.54,"","","","","","","","","","",""
1846,Lala Pachmawa,CGWB,10,Bihar,197,GOPALGANJ,KATAIYA,KATAIYA,Lala Pachmawa,-,-,-,-,-,-,26.53333333,84.08333333,30-05-2020 08:00,7.39,529,"","",170.856,"",21.24,"","","","","","",34,29.1648,13.54,"","","","","","","","","","",""
1847,Lalbegam,CGWB,10,Bihar,212,PATNA,MANER,MANER,Lalbegam,-,-,-,-,-,-,25.65138889,84.97666667,25-05-2013 00:00,7.21,1800,"",0,440,"",228,"",121.4,"","","",756,107.4,118.66,19.4,"","","","","","","","","","",""
1848,Lalbegam,CGWB,10,Bihar,212,PATNA,MANER,MANER,Lalbegam,-,-,-,-,-,-,25.65138889,84.97666667,25-05-2016 00:00,7.59,766,497.9,0,215.25,"",63.81,"",60.46,"",4.64,"",180,52,12.15,71.78,"","","","","","","","","","",""
1849,Lalbegam,CGWB,10,Bihar,212,PATNA,MANER,MANER,Lalbegam,-,-,-,-,-,-,25.65138889,84.97666667,30-05-2019 08:00,8.1,270,276.25,0,122,"",10.6,"","","","","",95,30,5,18,"","","","","","","","","","",""
1850,Lalbegam,CGWB,10,Bihar,212,PATNA,MANER,MANER,Lalbegam,-,-,-,-,-,-,25.65138889,84.97666667,30-05-2020 08:00,8.1,270,"","",122,"",10.6,"","","","","","",30,5,18,"","","","","","","","","","",""
1851,Lalmatia,CGWB,10,Bihar,198,JAMUI,LAKSHMIPUR,LAKSHMIPUR,Lalmatia,-,-,-,-,-,-,24.98361111,86.31000000,30-05-2019 08:00,8,455,467.35,0,188,"",4,"","","","","",112,17,17,34,"","","","","","","","","","",""
1852,Lalmatia,CGWB,10,Bihar,198,JAMUI,LAKSHMIPUR,LAKSHMIPUR,Lalmatia,-,-,-,-,-,-,24.98361111,86.31000000,30-05-2020 08:00,8,455,"","",188,"",4,"","","","","","",17,17,34,"","","","","","","","","","",""
1853,Lalpur,CGWB,10,Bihar,195,DARBHANGA,BAHERI,BAHERI,Lalpur,-,-,-,-,-,-,25.98583333,85.96694444,25-05-2002 00:00,8.13,1253,"","","","","","","","","","","","","","","","","","","","","","","","",""
1854,Lauria,CGWB,10,Bihar,211,PASHCHIM CHAMPARAN,LAURIYA,LAURIYA,Lauria,-,-,-,-,-,-,26.97888889,84.40472222,25-05-2001 00:00,8.19,622,"",0,317,"",43,"","","","","",200,52,17,52,"","","","","","","","","","",""
1855,Lauria,CGWB,10,Bihar,211,PASHCHIM CHAMPARAN,LAURIYA,LAURIYA,Lauria,-,-,-,-,-,-,26.98333333,84.41666667,25-05-2002 00:00,7.71,340,"","","","","","","","","","","","","","","","","","","","","","","","",""
1856,Lauria,CGWB,10,Bihar,211,PASHCHIM CHAMPARAN,LAURIYA,LAURIYA,Lauria,-,-,-,-,-,-,26.97888889,84.40472222,25-05-2007 00:00,7.84,580,"","",293,240.2,14,"",19,"","","",220,80,4.8,34,"","","","","","","","","","",""
1857,Lauria,CGWB,10,Bihar,211,PASHCHIM CHAMPARAN,LAURIYA,LAURIYA,Lauria,-,-,-,-,-,-,26.98333333,84.41666667,25-05-2009 00:00,"",335,"",0,110,"",25,"","","","","",90,8,23,29,"","","","","","","","","","",""
1858,Lauria,CGWB,10,Bihar,211,PASHCHIM CHAMPARAN,LAURIYA,LAURIYA,Lauria,-,-,-,-,-,-,26.97888889,84.40472222,25-05-2010 00:00,"",595,"",0,323,"",7.1,"","","","","",205,38,27,32,"","","","","","","","","","",""
1859,Lauria,CGWB,10,Bihar,211,PASHCHIM CHAMPARAN,LAURIYA,LAURIYA,Lauria,-,-,-,-,-,-,26.98333333,84.41666667,25-05-2011 00:00,7.56,395,"",0,293,"",7.1,"","","","","",175,44,15.86,35,"","","","","","","","","","",""
1860,Lauria,CGWB,10,Bihar,211,PASHCHIM CHAMPARAN,LAURIYA,LAURIYA,Lauria,-,-,-,-,-,-,26.98333333,84.41666667,25-05-2012 00:00,8.29,335,"",0,171,"",14,"","","","","",110,16,17,25,"","","","","","","","","","",""
1861,Lauria,CGWB,10,Bihar,211,PASHCHIM CHAMPARAN,LAURIYA,LAURIYA,Lauria,-,-,-,-,-,-,26.98333333,84.41666667,25-05-2013 00:00,8.29,335,"",0,171,"",14,"",6,"","","",110,16,17.04,25,"","","","","","","","","","",""
1862,Lauria,CGWB,10,Bihar,211,PASHCHIM CHAMPARAN,LAURIYA,LAURIYA,Lauria,-,-,-,-,-,-,26.98333333,84.41666667,30-05-2019 08:00,7.83,480,455.65,0,195.264,"",14.16,"","","","","",215,30,34.0256,4.32,"","","","","","","","","","",""
1863,Lauria,CGWB,10,Bihar,211,PASHCHIM CHAMPARAN,LAURIYA,LAURIYA,Lauria,-,-,-,-,-,-,26.98333333,84.41666667,30-05-2020 08:00,7.83,480,"","",195.264,"",14.16,"","","","","","",30,34.0256,4.32,"","","","","","","","","","",""
1864,Laxminia,CGWB,10,Bihar,191,BEGUSARAI,BALIA,BALIA,Laxminia,-,-,-,-,-,-,25.48611111,86.27916667,30-05-2019 08:00,7.19,603,345.8,0,225.774,"",31.86,"","","","","",210,18,40.1016,32.1,"","","","","","","","","","",""
1865,Laxminia,CGWB,10,Bihar,191,BEGUSARAI,BALIA,BALIA,Laxminia,-,-,-,-,-,-,25.48611111,86.27916667,30-05-2020 08:00,7.19,603,"","",225.774,"",31.86,"","","","","","",18,40.1016,32.1,"","","","","","","","","","",""
1866,Lodhipur,CGWB,10,Bihar,193,BHOJPUR,KOILWAR,KOILWAR,Lodhipur,-,-,-,-,-,-,25.51055556,84.73500000,30-05-2019 08:00,7.9,768,397.8,0,302,"",46,"","","","","",319,55,33,37,"","","","","","","","","","",""
1867,Lodhipur,CGWB,10,Bihar,193,BHOJPUR,KOILWAR,KOILWAR,Lodhipur,-,-,-,-,-,-,25.51055556,84.73500000,30-05-2020 08:00,7.9,768,"","",302,"",46,"","","","","","",55,33,37,"","","","","","","","","","",""
1868,Lodhipur,CGWB,10,Bihar,193,BHOJPUR,KOILWAR,KOILWAR,Lodhipur,-,-,-,-,-,-,25.51055556,84.73500000,30-05-2021 08:00,8.11,1180,"",0,336,"",183,"",17,"","","",298,76,26,106,"","","","","","","","","","",""
1869,Lohagarha,CGWB,10,Bihar,203,KISHANGANJ,DIGHALBANK,DIGHALBANK,Lohagarha,-,-,-,-,-,-,26.32500000,87.90833333,25-05-2004 00:00,7.6,620,"",0,120,"",64,"","","","","",103,27,9,54,"","","","","","","","","","",""
1870,Lohagarha,CGWB,10,Bihar,203,KISHANGANJ,DIGHALBANK,DIGHALBANK,Lohagarha,-,-,-,-,-,-,26.32500000,87.90833333,25-05-2007 00:00,8.22,675,"","",140,114.8,128,"","","","","",175,54,9.7,62,"","","","","","","","","","",""
1871,Lohagarha,CGWB,10,Bihar,203,KISHANGANJ,DIGHALBANK,DIGHALBANK,Lohagarha,-,-,-,-,-,-,26.32500000,87.90833333,25-05-2008 00:00,8.35,945,"",12,134,"",131,"","","","","",160,38,15.85,91,"","","","","","","","","","",""
1872,Lohagarha,CGWB,10,Bihar,203,KISHANGANJ,DIGHALBANK,DIGHALBANK,Lohagarha,-,-,-,-,-,-,26.32500000,87.90833333,25-05-2011 00:00,7.01,590,"",0,103.7,"",81.65,"","","","","",145,34,14.63,38,"","","","","","","","","","",""
1873,Lokegaon,CGWB,10,Bihar,202,KHAGARIA,KHAGARIA,KHAGARIA,Lokegaon,-,-,-,-,-,-,25.49166667,86.37500000,25-05-2008 00:00,8.25,588,"",0,238,"",18,"","","","","",175,36,21,54,"","","","","","","","","","",""
1874,Madanpur,CGWB,10,Bihar,189,AURANGABAD,MADANPUR,MADANPUR,Madanpur,-,-,-,-,-,-,24.66666667,84.59166667,25-05-2002 00:00,8.67,1144,"","","","","","","","","","","","","","","","","","","","","","","","",""
1875,Madanpur,CGWB,10,Bihar,189,AURANGABAD,MADANPUR,MADANPUR,Madanpur,-,-,-,-,-,-,24.66666667,84.59166667,25-05-2004 00:00,7.57,1270,"",0,351,"",249,"","","","","",319,21,64,126,"","","","","","","","","","",""
1876,Madanpur,CGWB,10,Bihar,189,AURANGABAD,MADANPUR,MADANPUR,Madanpur,-,-,-,-,-,-,24.66666667,84.59166667,25-05-2005 00:00,8.23,1150,"",0,256,"",128,"","","","","",225,36,32.87,108,"","","","","","","","","","",""
1877,Madanpur,CGWB,10,Bihar,189,AURANGABAD,MADANPUR,MADANPUR,Madanpur,-,-,-,-,-,-,24.65333333,84.59694444,25-05-2008 00:00,7.77,1397,"",0,293,"",224,"","","","","",330,78,33,210,"","","","","","","","","","",""
1878,Madanpur,CGWB,10,Bihar,189,AURANGABAD,MADANPUR,MADANPUR,Madanpur,-,-,-,-,-,-,24.66666667,84.59166667,25-05-2009 00:00,"",1298,"",0,189,"",234,"","","","","",285,46,41.39,360,"","","","","","","","","","",""
1879,Madanpur,CGWB,10,Bihar,189,AURANGABAD,MADANPUR,MADANPUR,Madanpur,-,-,-,-,-,-,24.65333333,84.59694444,25-05-2010 00:00,"",1222,"",0,354,"",163,"","","","","",315,44,50,110,"","","","","","","","","","",""
1880,Madanpur,CGWB,10,Bihar,189,AURANGABAD,MADANPUR,MADANPUR,Madanpur,-,-,-,-,-,-,24.66666667,84.59166667,25-05-2011 00:00,7.5,1172,"",0,354,"",163,"","","","","",315,44,49.9,110,"","","","","","","","","","",""
1881,Madanpur,CGWB,10,Bihar,189,AURANGABAD,MADANPUR,MADANPUR,Madanpur,-,-,-,-,-,-,24.66666667,84.59166667,25-05-2012 00:00,7.38,530,"",0,320,"",34.03,"",10.92,"","","",220,9.61,47.04,"","","","","","","","","","","",""
1882,Madanpur,CGWB,10,Bihar,189,AURANGABAD,MADANPUR,MADANPUR,Madanpur,-,-,-,-,-,-,24.66666667,84.59166667,25-05-2013 00:00,7.58,1254,"",0,372.1,"",159.5,"",10.9,"","","",390,80,46.29,110,"","","","","","","","","","",""
1883,Madanpur,CGWB,10,Bihar,189,AURANGABAD,MADANPUR,MADANPUR,Madanpur,-,-,-,-,-,-,24.65333333,84.59694444,25-05-2016 00:00,7.63,1057,687.05,0,295.2,"",152.43,"",50.78,"",6.12,"",310,54,42.52,110.36,"","","","","","","","","","",""
1884,Madanpur,CGWB,10,Bihar,189,AURANGABAD,MADANPUR,MADANPUR,Madanpur,-,-,-,-,-,-,24.66666667,84.59166667,25-05-2016 00:00,7.63,1057,687.05,0,295.2,"",152.43,"",50.78,"",6.12,"",310,54,42.52,110.36,"","","","","","","","","","",""
1885,Madhapura,CGWB,10,Bihar,205,MADHEPURA,MADHEPURA,MADHEPURA,Madhapura,-,-,-,-,-,-,25.91666667,86.80000000,25-05-2008 00:00,7.9,937,"",0,159,"",117,"","","","","",335,82,32,70,"","","","","","","","","","",""
1886,Madhepur,CGWB,10,Bihar,206,MADHUBANI,MADHEPUR,MADHEPUR,Madhepur,-,-,-,-,-,-,26.17083333,86.32500000,25-05-2008 00:00,8.39,640,"",36,262,"",7.1,"","","","","",165,30,22,65,"","","","","","","","","","",""
1887,Madhepura,CGWB,10,Bihar,205,MADHEPURA,MADHEPURA,MADHEPURA,Madhepura,-,-,-,-,-,-,25.92916667,86.87500000,25-05-2003 00:00,7.56,280,"","","","","","","","","","","","","","","","","","","","","","","","",""
1888,Madhepura,CGWB,10,Bihar,205,MADHEPURA,MADHEPURA,MADHEPURA,Madhepura,-,-,-,-,-,-,25.92916667,86.87500000,25-05-2005 00:00,7.55,620,"",0,256,"",11,"","","","","",250,56,26.81,16,"","","","","","","","","","",""
1889,Madhepura,CGWB,10,Bihar,205,MADHEPURA,MADHEPURA,MADHEPURA,Madhepura,-,-,-,-,-,-,25.92916667,86.87500000,25-05-2007 00:00,7.68,786,"","",366,300,67.4,"","","","","",280,68,26.7,58,"","","","","","","","","","",""
1890,Madhepura,CGWB,10,Bihar,205,MADHEPURA,MADHEPURA,MADHEPURA,Madhepura,-,-,-,-,-,-,25.92916667,86.87500000,25-05-2011 00:00,6.67,820,"",0,305,"",89,"","","","","",240,66,18.32,67,"","","","","","","","","","",""
1891,Madhepura,CGWB,10,Bihar,205,MADHEPURA,MADHEPURA,MADHEPURA,Madhepura,-,-,-,-,-,-,25.92916667,86.87500000,25-05-2012 00:00,7.5,832,"",0,378,"",71,"","","","","",260,6,60,46,"","","","","","","","","","",""
1892,Madhepura,CGWB,10,Bihar,205,MADHEPURA,MADHEPURA,MADHEPURA,Madhepura,-,-,-,-,-,-,25.92916667,86.87500000,25-05-2013 00:00,8.45,969,"",15,311.1,"",92.2,"",23.7,"","","",190,18,35.28,85.1,"","","","","","","","","","",""
1893,Madhepura,CGWB,10,Bihar,205,MADHEPURA,MADHEPURA,MADHEPURA,Madhepura,-,-,-,-,-,-,25.92916667,86.87500000,25-05-2016 00:00,7.93,1133,736.45,0,488,"",109.926,"",0,"",8.9,"",410,16,88.8,70,"","","","","","","","","","",""
1894,Madhepura,CGWB,10,Bihar,205,MADHEPURA,MADHEPURA,MADHEPURA,Madhepura,-,-,-,-,-,-,25.92916667,86.87500000,30-05-2019 08:00,8.127,870.3,495.495,0,256.40497,"",138.255,"","","","","",490,66.0528,78.851456,12.73,"","","","","","","","","","",""
1895,Madhepura,CGWB,10,Bihar,205,MADHEPURA,MADHEPURA,MADHEPURA,Madhepura,-,-,-,-,-,-,25.92916667,86.87500000,30-05-2020 08:00,8.127,870.3,"","",256.40497,"",138.255,"","","","","","",66.0528,78.851456,12.73,"","","","","","","","","","",""
1896,Madhiyabad,CGWB,10,Bihar,199,JEHANABAD,ARWAL,ARWAL,Madhiyabad,-,-,-,-,-,-,25.16972222,84.58194444,25-05-2001 00:00,8.13,580,"",0,189,"",25,"","","","","",130,32,12,32,"","","","","","","","","","",""
1897,Madhiyabad,CGWB,10,Bihar,199,JEHANABAD,KAKO,KAKO,Madhiyabad,-,-,-,-,-,-,25.22916667,85.08750000,25-05-2001 00:00,7.87,697,"",0,390,"",28,"","","","","",260,52,32,46,"","","","","","","","","","",""
1898,Madhiyabad,CGWB,10,Bihar,199,JEHANABAD,KAKO,KAKO,Madhiyabad,-,-,-,-,-,-,25.22916667,85.08750000,25-05-2007 00:00,8.45,500,"",24,189,194.9,25,"","","","","",175,20,30,2.8,"","","","","","","","","","",""
1899,Madhubani,CGWB,10,Bihar,206,MADHUBANI,MADHUBANI,MADHUBANI,Madhubani,-,-,-,-,-,-,26.35000000,86.06666667,25-05-2002 00:00,8.26,1987,"","","","","","","","","","","","","","","","","","","","","","","","",""
1900,Madhubani,CGWB,10,Bihar,206,MADHUBANI,MADHUBANI,MADHUBANI,Madhubani,-,-,-,-,-,-,26.35000000,86.07083333,25-05-2006 00:00,8.6,1700,"",24,305,"",263,"","","","","",215,22,38.93,219,"","","","","","","","","","",""
1901,Madhubani,CGWB,10,Bihar,206,MADHUBANI,MADHUBANI,MADHUBANI,Madhubani,-,-,-,-,-,-,26.35000000,86.06666667,25-05-2008 00:00,8.56,1800,"",54,464,"",238,"","","","","",385,86,41,202,"","","","","","","","","","",""
1902,Madhubani,CGWB,10,Bihar,206,MADHUBANI,MADHUBANI,MADHUBANI,Madhubani,-,-,-,-,-,-,26.35000000,86.06666667,25-05-2009 00:00,"",2140,"",18,451,"",334,"","","","","",465,96,54.82,285,"","","","","","","","","","",""
1903,Madhubani,CGWB,10,Bihar,206,MADHUBANI,MADHUBANI,MADHUBANI,Madhubani,-,-,-,-,-,-,26.35000000,86.06666667,25-05-2016 00:00,7.8,274,178.1,0,129.15,"",17.72,"",9.84,"",3.71,"",90,18,10.93,26.56,"","","","","","","","","","",""
1904,Madrauni Chowk,CGWB,10,Bihar,192,BHAGALPUR,GOPALPUR,GOPALPUR,Madrauni Chowk,-,-,-,-,-,-,25.39750000,87.17111111,25-05-2013 00:00,7.67,468,"",0,237.9,"",10.6,"",16.4,"","","",195,4,44.98,14.3,"","","","","","","","","","",""
1905,Madrauni Chowk,CGWB,10,Bihar,192,BHAGALPUR,GOPALPUR,GOPALPUR,Madrauni Chowk,-,-,-,-,-,-,25.39750000,87.17111111,25-05-2016 00:00,7.68,485,"",0,220.21,"",7.092,"",25.12,"",13.65,"",160,50,8.4,25.69,"","","","","","","","","","",""
1906,Madrauni Chowk,CGWB,10,Bihar,192,BHAGALPUR,GOPALPUR,GOPALPUR,Madrauni Chowk,-,-,-,-,-,-,25.39750000,87.17111111,30-05-2019 08:00,7.8,478,1370.2,0,77,"",40,"","","","","",152,31,18,7,"","","","","","","","","","",""
1907,Madrauni Chowk,CGWB,10,Bihar,192,BHAGALPUR,GOPALPUR,GOPALPUR,Madrauni Chowk,-,-,-,-,-,-,25.39750000,87.17111111,30-05-2020 08:00,7.8,478,"","",77,"",40,"","","","","","",31,18,7,"","","","","","","","","","",""
1908,Madudabad,CGWB,10,Bihar,217,SAMASTIPUR,MOHIUDDINAGAR,MOHIUDDINAGAR,Madudabad,-,-,-,-,-,-,25.59444444,85.71111111,25-05-2006 00:00,8.04,1400,"","",4.7,"",99,"","","","","",410,32,80.27,83,"","","","","","","","","","",""
1909,Madudabad,CGWB,10,Bihar,217,SAMASTIPUR,MOHIUDDINAGAR,MOHIUDDINAGAR,Madudabad,-,-,-,-,-,-,25.59166667,85.71250000,25-05-2009 00:00,"",1565,"",12,317,"",234,"","","","","",425,30,85,175,"","","","","","","","","","",""
1910,Madudabad,CGWB,10,Bihar,217,SAMASTIPUR,MOHIUDDINAGAR,MOHIUDDINAGAR,Madudabad,-,-,-,-,-,-,25.59166667,85.71250000,25-05-2013 00:00,7.47,1683,"",0,268,"",177,"",298,"","","",370,84,64,214,"","","","","","","","","","",""
1911,Madudabad,CGWB,10,Bihar,217,SAMASTIPUR,MOHIUDDINAGAR,MOHIUDDINAGAR,Madudabad,-,-,-,-,-,-,25.59166667,85.71250000,30-05-2019 08:00,8,345,240.5,0,159,"",17.7,"","","","","",115,40,4,28,"","","","","","","","","","",""
1912,Madudabad,CGWB,10,Bihar,217,SAMASTIPUR,MOHIUDDINAGAR,MOHIUDDINAGAR,Madudabad,-,-,-,-,-,-,25.59166667,85.71250000,30-05-2020 08:00,8,345,"","",159,"",17.7,"","","","","","",40,4,28,"","","","","","","","","","",""
1913,Maghra,CGWB,10,Bihar,209,NALANDA,-,-,-,-,-,-,-,-,-,25.19305600,85.49388900,30-05-2019 08:00,8,827,663.65,0,305,"",70.9,"","","","","",210,40,27,92,"","","","","","","","","","",""
1914,Maghra,CGWB,10,Bihar,209,NALANDA,-,-,-,-,-,-,-,-,-,25.19305600,85.49388900,30-05-2020 08:00,8,827,"","",305,"",70.9,"","","","","","",40,27,92,"","","","","","","","","","",""
1915,Maghra,CGWB,10,Bihar,209,NALANDA,-,-,-,-,-,-,-,-,-,25.19305600,85.49388900,30-05-2021 08:00,7.84,480,"",0,146,"",47,"",20,"","","",185,38,22,24,"","","","","","","","","","",""
1916,Magra,CGWB,10,Bihar,196,GAYA,DUMARIA,DUMARIA,Magra,-,-,-,-,-,-,24.43361111,84.48555556,30-05-2019 08:00,7.55,1622,662.35,0,445.3,"",106.5,"","","","","",485,58,82.62,142,"","","","","","","","","","",""
1917,Magra,CGWB,10,Bihar,196,GAYA,DUMARIA,DUMARIA,Magra,-,-,-,-,-,-,24.43361111,84.48555556,30-05-2020 08:00,7.55,1622,"","",445.3,"",106.5,"","","","","","",58,82.62,142,"","","","","","","","","","",""
1918,Mahanar,CGWB,10,Bihar,224,VAISHALI,MAHNAR,MAHNAR,Mahanar,-,-,-,-,-,-,25.60305556,85.49000000,25-05-2006 00:00,7.86,2500,"","",592,"",213,"","","","","",500,34,101,311,"","","","","","","","","","",""
1919,Mahantmanihari,CGWB,10,Bihar,208,MUZAFFARPUR,SAKRA,SAKRA,Mahantmanihari,-,-,-,-,-,-,26.02666667,85.46000000,25-05-2003 00:00,7.47,475,"","","","","","","","","","","","","","","","","","","","","","","","",""
1920,Mahantmanihari,CGWB,10,Bihar,208,MUZAFFARPUR,SAKRA,SAKRA,Mahantmanihari,-,-,-,-,-,-,26.02666667,85.46000000,25-05-2007 00:00,8.18,630,"","",281,230.3,36,"",20,"","","",240,60,22,30,"","","","","","","","","","",""
1921,Mahantmanihari,CGWB,10,Bihar,208,MUZAFFARPUR,SAKRA,SAKRA,Mahantmanihari,-,-,-,-,-,-,26.02666667,85.46000000,25-05-2009 00:00,"",455,"",12,195,"",25,"","","","","",125,8,25,57,"","","","","","","","","","",""
1922,Mahantmanihari,CGWB,10,Bihar,208,MUZAFFARPUR,SAKRA,SAKRA,Mahantmanihari,-,-,-,-,-,-,26.02666667,85.46000000,25-05-2011 00:00,8.3,420,"","",232,"",11,"","","","","",175,60,6.15,12,"","","","","","","","","","",""
1923,Mahantmanihari,CGWB,10,Bihar,208,MUZAFFARPUR,SAKRA,SAKRA,Mahantmanihari,-,-,-,-,-,-,26.02666667,85.46000000,25-05-2013 00:00,8.14,630,"",0,232,"",64,"",48,"","","",220,32,34.08,42,"","","","","","","","","","",""
1924,Mahantmanihari,CGWB,10,Bihar,208,MUZAFFARPUR,SAKRA,SAKRA,Mahantmanihari,-,-,-,-,-,-,26.02666667,85.46000000,25-05-2016 00:00,7.3,456,"",0,183,"",35,"",5.6,"",0.7,"",200,22,35,3,"","","","","","","","","","",""
1925,Maharajganj,CGWB,10,Bihar,222,SIWAN,MAHARAJGANJ,MAHARAJGANJ,Maharajganj,-,-,-,-,-,-,26.10833333,84.50833333,25-05-2001 00:00,7.75,1670,"",0,415,"",284,"","","","","",400,52,66,188,"","","","","","","","","","",""
1926,Maharajganj,CGWB,10,Bihar,222,SIWAN,MAHARAJGANJ,MAHARAJGANJ,Maharajganj,-,-,-,-,-,-,26.10833333,84.50833333,25-05-2007 00:00,8.37,1475,"",24,220,220.3,298,"","","","","",260,30,45,207,"","","","","","","","","","",""
1927,Maharajganj,CGWB,10,Bihar,222,SIWAN,MAHARAJGANJ,MAHARAJGANJ,Maharajganj,-,-,-,-,-,-,26.10833333,84.50833333,25-05-2008 00:00,8.06,1300,"",0,409,"",188,"","","","","",325,80,30,138,"","","","","","","","","","",""
1928,Maharajganj,CGWB,10,Bihar,222,SIWAN,MAHARAJGANJ,MAHARAJGANJ,Maharajganj,-,-,-,-,-,-,26.11250000,84.50000000,25-05-2009 00:00,"",1560,"",18,232,"",348,"","","","","",205,24,35,253,"","","","","","","","","","",""
1929,Maharajganj,CGWB,10,Bihar,222,SIWAN,MAHARAJGANJ,MAHARAJGANJ,Maharajganj,-,-,-,-,-,-,26.10833333,84.50833333,25-05-2010 00:00,"",1478,"",0,451,"",220,"","","","","",315,52,45,170,"","","","","","","","","","",""
1930,Maharajganj,CGWB,10,Bihar,222,SIWAN,MAHARAJGANJ,MAHARAJGANJ,Maharajganj,-,-,-,-,-,-,26.11250000,84.50000000,25-05-2011 00:00,8.88,1379,"",24,445.3,"",232.65,"","","","","",340,42,57.19,170,"","","","","","","","","","",""
1931,Maharajganj,CGWB,10,Bihar,222,SIWAN,MAHARAJGANJ,MAHARAJGANJ,Maharajganj,-,-,-,-,-,-,26.11250000,84.50000000,25-05-2012 00:00,7.54,1276,"",0,301.4,"",159.53,"","","","","",290,18,60,106,"","","","","","","","","","",""
1932,Maharajganj,CGWB,10,Bihar,222,SIWAN,MAHARAJGANJ,MAHARAJGANJ,Maharajganj,-,-,-,-,-,-,26.11250000,84.50000000,25-05-2013 00:00,7.04,1238,"",0,311.1,"",159.5,"",42.4,"","","",340,54,49.91,109,"","","","","","","","","","",""
1933,Maharajganj,CGWB,10,Bihar,222,SIWAN,MAHARAJGANJ,MAHARAJGANJ,Maharajganj,-,-,-,-,-,-,26.10833333,84.50833333,25-05-2016 00:00,8.06,832,540.8,0,215.25,"",113.44,"",30.82,"",9.72,"",295,42,46.16,56,"","","","","","","","","","",""
1934,Maharajganj,CGWB,10,Bihar,222,SIWAN,MAHARAJGANJ,MAHARAJGANJ,Maharajganj,-,-,-,-,-,-,26.11250000,84.50000000,30-05-2019 08:00,7.48,777,421.2,0,256.284,"",95.58,"","","","","",280,48,38.8864,33,"","","","","","","","","","",""
1935,Maharajganj,CGWB,10,Bihar,222,SIWAN,MAHARAJGANJ,MAHARAJGANJ,Maharajganj,-,-,-,-,-,-,26.11250000,84.50000000,30-05-2020 08:00,7.48,777,"","",256.284,"",95.58,"","","","","","",48,38.8864,33,"","","","","","","","","","",""
1936,Mahendrapur,CGWB,10,Bihar,201,KATIHAR,BALRAMPUR,BALRAMPUR,Mahendrapur,-,-,-,-,-,-,25.71388889,87.95833333,25-05-2001 00:00,7.74,300,"",0,153,"",11,"","","","","",125,46,2.4,7,"","","","","","","","","","",""
1937,Mahendrapur,CGWB,10,Bihar,201,KATIHAR,BALRAMPUR,BALRAMPUR,Mahendrapur,-,-,-,-,-,-,25.71388889,87.95833333,25-05-2016 00:00,7.91,340,"",0,147.62,"",24.822,"",22.34,"",16.45,"",120,22,15.6,29.95,"","","","","","","","","","",""
1938,Mahendrapur,CGWB,10,Bihar,201,KATIHAR,FALKA,FALKA,Mahendrapur,-,-,-,-,-,-,25.49583333,87.24583333,30-05-2019 08:00,8.36,629,256.1,6,305,"",24.85,"","","","","",160,42,13.365,63.68,"","","","","","","","","","",""
1939,Mahendrapur,CGWB,10,Bihar,201,KATIHAR,FALKA,FALKA,Mahendrapur,-,-,-,-,-,-,25.49583333,87.24583333,30-05-2020 08:00,8.36,629,"","",305,"",24.85,"","","","","","",42,13.365,63.68,"","","","","","","","","","",""
1940,Maheshkhunt,CGWB,10,Bihar,202,KHAGARIA,GOGRI,GOGRI,Maheshkhunt,-,-,-,-,-,-,25.46388889,86.63611111,25-05-2007 00:00,8.3,666,"","",378.2,310,152.6,"","","","","",290,72,26.7,17,"","","","","","","","","","",""
1941,Maheshkhunt,CGWB,10,Bihar,202,KHAGARIA,GOGRI,GOGRI,Maheshkhunt,-,-,-,-,-,-,25.45833333,86.62916667,25-05-2008 00:00,7.66,647,"",0,336,"",46,"","","","","",295,68,30,28,"","","","","","","","","","",""
1942,Maheshkhunt,CGWB,10,Bihar,202,KHAGARIA,GOGRI,GOGRI,Maheshkhunt,-,-,-,-,-,-,25.45833333,86.62916667,25-05-2009 00:00,"",750,"",24,146,"",114,"","","","","",270,32,46,39,"","","","","","","","","","",""
1943,Maheshkhunt,CGWB,10,Bihar,202,KHAGARIA,GOGRI,GOGRI,Maheshkhunt,-,-,-,-,-,-,25.45833333,86.62916667,25-05-2011 00:00,7.51,825,"",0,415,"",46,"","","","","",290,54,37.75,53,"","","","","","","","","","",""
1944,Maheshkhunt,CGWB,10,Bihar,202,KHAGARIA,GOGRI,GOGRI,Maheshkhunt,-,-,-,-,-,-,25.45833333,86.62916667,25-05-2016 00:00,7.34,615,399.75,0,244,"",53.19,"",16.6,"",0,"",220,58,18,31,"","","","","","","","","","",""
1945,Maheshkhunt-Lohiya Chowk,CGWB,10,Bihar,202,KHAGARIA,GOGRI,GOGRI,Maheshkhunt-Lohiya Chowk,-,-,-,-,-,-,25.61083333,86.72916667,25-05-2013 00:00,8.28,872,"",0,152.5,"",177.3,"",31.2,"","","",260,6,59.5,66.5,"","","","","","","","","","",""
1946,Maheshkunt,CGWB,10,Bihar,202,KHAGARIA,GOGRI,GOGRI,Maheshkunt,-,-,-,-,-,-,25.45861111,86.62944444,25-05-2012 00:00,7.68,835,"",0,433,"",46,"","","","","",375,6,88,16,"","","","","","","","","","",""
1947,Mahnar,CGWB,10,Bihar,224,VAISHALI,MAHNAR,MAHNAR,Mahnar,-,-,-,-,-,-,25.60416667,85.51666667,25-05-2003 00:00,7.36,2500,"","","","","","","","","","","","","","","","","","","","","","","","",""
1948,Mahnar,CGWB,10,Bihar,224,VAISHALI,MAHNAR,MAHNAR,Mahnar,-,-,-,-,-,-,25.60416667,85.51666667,25-05-2009 00:00,"",1770,"",42,628,"",99,"","","","","",355,24,72,219,"","","","","","","","","","",""
1949,Mahnar,CGWB,10,Bihar,224,VAISHALI,MAHNAR,MAHNAR,Mahnar,-,-,-,-,-,-,25.60416667,85.51666667,25-05-2011 00:00,8.73,1510,"",24,841.8,"",99.4,"","","","","",495,52,88.81,160,"","","","","","","","","","",""
1950,Mahnar,CGWB,10,Bihar,224,VAISHALI,MAHNAR,MAHNAR,Mahnar,-,-,-,-,-,-,25.60416667,85.51666667,25-05-2013 00:00,7.92,506,"",0,244,"",14.2,"",35,"","","",170,32,21.92,43,"","","","","","","","","","",""
1951,Mahnar,CGWB,10,Bihar,224,VAISHALI,MAHNAR,MAHNAR,Mahnar,-,-,-,-,-,-,25.60416667,85.51666667,25-05-2016 00:00,8.05,435,282.75,0,214,"",10.63,"",15,"",20,"",170,32,22,23,"","","","","","","","","","",""
1952,Mahnar,CGWB,10,Bihar,224,VAISHALI,MAHNAR,MAHNAR,Mahnar,-,-,-,-,-,-,25.60416667,85.51666667,30-05-2019 08:00,6.74,549,403.65,0,207.468,"",42.48,"","","","","",205,66,9.7216,23.65,"","","","","","","","","","",""
1953,Mahnar,CGWB,10,Bihar,224,VAISHALI,MAHNAR,MAHNAR,Mahnar,-,-,-,-,-,-,25.60416667,85.51666667,30-05-2020 08:00,6.74,549,"","",207.468,"",42.48,"","","","","","",66,9.7216,23.65,"","","","","","","","","","",""
1954,Mahnar,CGWB,10,Bihar,224,VAISHALI,MAHNAR,MAHNAR,Mahnar,-,-,-,-,-,-,25.60416667,85.51666667,30-05-2021 08:00,7.83,760,"",0,183,"",102,"",81,"","","",263,63,26,53.2,"","","","","","","","","","",""
1955,Mahua1,CGWB,10,Bihar,224,VAISHALI,MAHUA,MAHUA,Mahua,-,-,-,-,-,-,25.83361111,85.40000000,25-05-2001 00:00,8.11,450,"",0,226,"",14,"","","","","",18,44,18,12,"","","","","","","","","","",""
1956,Mahua1,CGWB,10,Bihar,224,VAISHALI,MAHUA,MAHUA,Mahua,-,-,-,-,-,-,25.82500000,85.42083333,25-05-2003 00:00,7.74,1320,"","","","","","","","","","","","","","","","","","","","","","","","",""
1957,Mahua1,CGWB,10,Bihar,224,VAISHALI,MAHUA,MAHUA,Mahua,-,-,-,-,-,-,25.82500000,85.42083333,25-05-2009 00:00,"",1200,"",48,61,"",249,"","","","","",180,14,35,161,"","","","","","","","","","",""
1958,Mahua1,CGWB,10,Bihar,224,VAISHALI,MAHUA,MAHUA,Mahua,-,-,-,-,-,-,25.82500000,85.42083333,25-05-2010 00:00,"",1280,"",0,500,"",135,"","","","","",240,4,56,150,"","","","","","","","","","",""
1959,Mahua1,CGWB,10,Bihar,224,VAISHALI,MAHUA,MAHUA,Mahua,-,-,-,-,-,-,25.82500000,85.42083333,25-05-2011 00:00,8.51,1390,"",12,567.3,"",177.5,"","","","","",300,26,57.17,152,"","","","","","","","","","",""
1960,Mahua1,CGWB,10,Bihar,224,VAISHALI,MAHUA,MAHUA,Mahua,-,-,-,-,-,-,25.82500000,85.42083333,25-05-2012 00:00,8.69,478,"",6,116.9,"",10.64,"","","","","",180,6,40,21,"","","","","","","","","","",""
1961,Mahua1,CGWB,10,Bihar,224,VAISHALI,MAHUA,MAHUA,Mahua,-,-,-,-,-,-,25.82500000,85.42083333,25-05-2013 00:00,8.53,427,"",12,122,"",10.6,"",61.8,"","","",160,36,17,26,"","","","","","","","","","",""
1962,Mahua1,CGWB,10,Bihar,224,VAISHALI,MAHUA,MAHUA,Mahua,-,-,-,-,-,-,25.82500000,85.42083333,30-05-2019 08:00,6.9,621,343.85,0,250.182,"",60.18,"","","","","",260,24,48.608,22,"","","","","","","","","","",""
1963,Mahua1,CGWB,10,Bihar,224,VAISHALI,MAHUA,MAHUA,Mahua,-,-,-,-,-,-,25.82500000,85.42083333,30-05-2020 08:00,6.9,621,"","",250.182,"",60.18,"","","","","","",24,48.608,22,"","","","","","","","","","",""
1964,Mairwa,CGWB,10,Bihar,222,SIWAN,SIWAN,SIWAN,Mairwa,-,-,-,-,-,-,26.23750000,84.27500000,25-05-2008 00:00,7.61,1288,"",0,244,"",103,"","","","","",305,112,6,46,"","","","","","","","","","",""
1965,Mairwa,CGWB,10,Bihar,222,SIWAN,MAIRWA,MAIRWA,Mairwa,-,-,-,-,-,-,26.24166667,84.16250000,25-05-2011 00:00,8.75,1277,"",18,427,"",74.55,"","","","","",310,94,18.35,71,"","","","","","","","","","",""
1966,Mairwa,CGWB,10,Bihar,222,SIWAN,MAIRWA,MAIRWA,Mairwa,-,-,-,-,-,-,26.24166667,84.16250000,25-05-2016 00:00,7.32,1310,851.5,0,461.25,"",113.44,"",52,"",26,"",345,30,65.61,135,"","","","","","","","","","",""
1967,Mairwa1,CGWB,10,Bihar,222,SIWAN,SIWAN,SIWAN,Mairwa,-,-,-,-,-,-,26.23750000,84.27527778,25-05-2010 00:00,"",1139,"",0,342,"",117,"","","","","",385,124,18,55,"","","","","","","","","","",""
1968,Majhanpura,CGWB,10,Bihar,218,SARAN,MANJHI,MANJHI,Majhanpura,-,-,-,-,-,-,25.83805556,84.57777778,25-05-2012 00:00,7.63,402,"",0,701.1,"",375.77,"","","","","",180,20,32,6,"","","","","","","","","","",""
1969,Majhanpura,CGWB,10,Bihar,218,SARAN,MANJHI,MANJHI,Majhanpura,-,-,-,-,-,-,25.83805556,84.57777778,25-05-2013 00:00,7.6,432,"",0,67.1,"",43,"",50,"","","",170,18,30.4,16,"","","","","","","","","","",""
1970,Majhanpura,CGWB,10,Bihar,218,SARAN,MANJHI,MANJHI,Majhanpura,-,-,-,-,-,-,25.83805556,84.57777778,25-05-2016 00:00,7.89,774,503.1,0,319.8,"",31.9,"",65.32,"",8.87,"",310,76,29.16,47.92,"","","","","","","","","","",""
1971,Majhanpura,CGWB,10,Bihar,218,SARAN,MANJHI,MANJHI,Majhanpura,-,-,-,-,-,-,25.83805556,84.57777778,30-05-2019 08:00,7.49,608,447.2,0,292.896,"",14.16,"","","","","",215,32,32.8104,30.1,"","","","","","","","","","",""
1972,Majhanpura,CGWB,10,Bihar,218,SARAN,MANJHI,MANJHI,Majhanpura,-,-,-,-,-,-,25.83805556,84.57777778,30-05-2020 08:00,7.49,608,"","",292.896,"",14.16,"","","","","","",32,32.8104,30.1,"","","","","","","","","","",""
1973,Majhwalia,CGWB,10,Bihar,211,PASHCHIM CHAMPARAN,MAJHAULIA,MAJHAULIA,Majhwalia,-,-,-,-,-,-,26.80416667,84.61666667,25-05-2001 00:00,7.72,606,"",0,232,"",70.9,"","","","","",220,32,34,60,"","","","","","","","","","",""
1974,Majhwalia,CGWB,10,Bihar,211,PASHCHIM CHAMPARAN,MAJHAULIA,MAJHAULIA,Majhwalia,-,-,-,-,-,-,26.80416667,84.60416667,25-05-2002 00:00,7.96,524,"","","","","","","","","","","","","","","","","","","","","","","","",""
1975,Majhwalia,CGWB,10,Bihar,211,PASHCHIM CHAMPARAN,MAJHAULIA,MAJHAULIA,Majhwalia,-,-,-,-,-,-,26.80416667,84.60416667,25-05-2008 00:00,7.98,600,"",0,299,"",18,"","","","","",235,50,26.81,20,"","","","","","","","","","",""
1976,Majhwalia,CGWB,10,Bihar,211,PASHCHIM CHAMPARAN,MAJHAULIA,MAJHAULIA,Majhwalia,-,-,-,-,-,-,26.80416667,84.60416667,25-05-2011 00:00,7.56,839,"",0,451,"",35,"","","","","",300,46,45.04,53,"","","","","","","","","","",""
1977,Majhwalia,CGWB,10,Bihar,211,PASHCHIM CHAMPARAN,MAJHAULIA,MAJHAULIA,Majhwalia,-,-,-,-,-,-,26.80416667,84.60416667,25-05-2012 00:00,8.14,630,"",0,232,"",64,"","","","","",220,32,34,42,"","","","","","","","","","",""
1978,Majhwalia,CGWB,10,Bihar,211,PASHCHIM CHAMPARAN,MAJHAULIA,MAJHAULIA,Majhwalia,-,-,-,-,-,-,26.80416667,84.60416667,25-05-2016 00:00,8.03,608,"",0,250,"",39,"",31.7,"",0.8,"",225,54,22,34,"","","","","","","","","","",""
1979,Makdhumpur,CGWB,10,Bihar,199,JEHANABAD,MAKHDUMPUR,MAKHDUMPUR,Makdhumpur,-,-,-,-,-,-,25.08611111,84.98583333,25-05-2001 00:00,8.38,1800,"",42,506,"",178,"","","","","",410,68,58,191,"","","","","","","","","","",""
1980,Makdhumpur,CGWB,10,Bihar,199,JEHANABAD,MAKHDUMPUR,MAKHDUMPUR,Makdhumpur,-,-,-,-,-,-,25.08611111,84.98583333,25-05-2016 00:00,8,748,486.2,0,442.8,"",17.72,"",19.84,"",4.75,"",90,18,10.93,133.54,"","","","","","","","","","",""
1981,Makhdumpur,CGWB,10,Bihar,199,JEHANABAD,MAKHDUMPUR,MAKHDUMPUR,Makhdumpur,-,-,-,-,-,-,25.07916667,84.97916667,25-05-2009 00:00,"",825,"",0,464,"",25,"","","","","",170,26,25.56,131,"","","","","","","","","","",""
1982,Makhdumpur,CGWB,10,Bihar,199,JEHANABAD,MAKHDUMPUR,MAKHDUMPUR,Makhdumpur,-,-,-,-,-,-,25.07916667,84.97916667,25-05-2012 00:00,8.91,680,"",60,244.04,"",21.276,"","","","","",90,4.008,19.47,112,"","","","","","","","","","",""
1983,Makhdumpur,CGWB,10,Bihar,199,JEHANABAD,MAKHDUMPUR,MAKHDUMPUR,Makhdumpur,-,-,-,-,-,-,25.07916667,84.97916667,25-05-2013 00:00,8.91,680,"",60,244,"",21.3,"",0,"","","",90,4,19.46,112,"","","","","","","","","","",""
1984,Makhdumpur,CGWB,10,Bihar,199,JEHANABAD,MAKHDUMPUR,MAKHDUMPUR,Makhdumpur,-,-,-,-,-,-,25.07916667,84.97916667,25-05-2016 00:00,8,748,486.2,0,442.8,"",17.72,"",19.84,"",4.75,"",90,18,10.93,133.54,"","","","","","","","","","",""
1985,Makhdumpur,CGWB,10,Bihar,199,JEHANABAD,MAKHDUMPUR,MAKHDUMPUR,Makhdumpur,-,-,-,-,-,-,25.07916667,84.97916667,30-05-2019 08:00,8.53,772,1553.5,15,341.6,"",42.6,"","","","","",170,8,36.45,89,"","","","","","","","","","",""
1986,Makhdumpur,CGWB,10,Bihar,199,JEHANABAD,MAKHDUMPUR,MAKHDUMPUR,Makhdumpur,-,-,-,-,-,-,25.07916667,84.97916667,30-05-2020 08:00,8.53,772,"","",341.6,"",42.6,"","","","","","",8,36.45,89,"","","","","","","","","","",""
1987,Malhani,CGWB,10,Bihar,223,SUPAUL,MARAUNA,MARAUNA,Malhani,-,-,-,-,-,-,26.06555556,86.56388889,30-05-2019 08:00,8.24,271,207.35,0,141.45,"",10.4,"","","","","",115,18,17.01,10.96,"","","","","","","","","","",""
1988,Malhani,CGWB,10,Bihar,223,SUPAUL,MARAUNA,MARAUNA,Malhani,-,-,-,-,-,-,26.06555556,86.56388889,30-05-2020 08:00,8.24,271,"","",141.45,"",10.4,"","","","","","",18,17.01,10.96,"","","","","","","","","","",""
1989,Maliabagh,CGWB,10,Bihar,215,ROHTAS,DAWATH,DAWATH,Maliabagh,-,-,-,-,-,-,25.25972222,84.19166667,25-05-2002 00:00,8.65,575,"","","","","","","","","","","","","","","","","","","","","","","","",""
1990,Maliabagh,CGWB,10,Bihar,215,ROHTAS,DAWATH,DAWATH,Maliabagh,-,-,-,-,-,-,25.25972222,84.19166667,25-05-2005 00:00,8.13,510,"",0,189,"",18,"","","","","",135,30,14.62,32,"","","","","","","","","","",""
1991,Maliabagh,CGWB,10,Bihar,215,ROHTAS,DAWATH,DAWATH,Maliabagh,-,-,-,-,-,-,25.25972222,84.19166667,25-05-2010 00:00,"",702,"",0,268,"",35,"","","","","",315,42,51,27,"","","","","","","","","","",""
1992,Maliabagh,CGWB,10,Bihar,215,ROHTAS,DAWATH,DAWATH,Maliabagh,-,-,-,-,-,-,25.25972222,84.19166667,25-05-2011 00:00,7.5,702,"",0,268,"",35,"","","","","",315,42,51.11,27,"","","","","","","","","","",""
1993,Maliabagh,CGWB,10,Bihar,215,ROHTAS,DAWATH,DAWATH,Maliabagh,-,-,-,-,-,-,25.25972222,84.19166667,25-05-2012 00:00,7.48,690,"",0,160,"",39.7,"",39.93,"","","",220,17.63,42.79,"","","","","","","","","","","",""
1994,Maliabagh,CGWB,10,Bihar,215,ROHTAS,DAWATH,DAWATH,Maliabagh,-,-,-,-,-,-,25.25972222,84.19166667,25-05-2016 00:00,8.09,455,"",0,177,"",18,"",6,"",3,"",130,18,20,32,"","","","","","","","","","",""
1995,Maliabagh,CGWB,10,Bihar,215,ROHTAS,DAWATH,DAWATH,Maliabagh,-,-,-,-,-,-,25.25972222,84.19166667,30-05-2019 08:00,8,722,323.05,0,370,"",21,"","","","","",301,64,34.26864,21,"","","","","","","","","","",""
1996,Maliabagh,CGWB,10,Bihar,215,ROHTAS,DAWATH,DAWATH,Maliabagh,-,-,-,-,-,-,25.25972222,84.19166667,30-05-2020 08:00,8,722,"","",370,"",21,"","","","","","",64,34.26864,21,"","","","","","","","","","",""
1997,Malipur,CGWB,10,Bihar,217,SAMASTIPUR,HASANPUR,HASANPUR,Malipur,-,-,-,-,-,-,25.79777778,86.09055556,30-05-2019 08:00,8.2,370,343.85,0,183,"",17.7,"","","","","",100,12,17,39,"","","","","","","","","","",""
1998,Malipur,CGWB,10,Bihar,217,SAMASTIPUR,HASANPUR,HASANPUR,Malipur,-,-,-,-,-,-,25.79777778,86.09055556,30-05-2020 08:00,8.2,370,"","",183,"",17.7,"","","","","","",12,17,39,"","","","","","","","","","",""
1999,Malmalia Chowk,CGWB,10,Bihar,222,SIWAN,BHAGWANPUR HAT,BHAGWANPUR HAT,Malmalia,-,-,-,-,-,-,26.16222222,84.68083333,30-05-2019 08:00,7.4,648,653.25,0,280.692,"",49.56,"","","","","",310,48,46.1776,7.01,"","","","","","","","","","",""
2000,Malmalia Chowk,CGWB,10,Bihar,222,SIWAN,BHAGWANPUR HAT,BHAGWANPUR HAT,Malmalia,-,-,-,-,-,-,26.16222222,84.68083333,30-05-2020 08:00,7.4,648,"","",280.692,"",49.56,"","","","","","",48,46.1776,7.01,"","","","","","","","","","",""
2001,Malmalia Chowk,CGWB,10,Bihar,222,SIWAN,BHAGWANPUR HAT,BHAGWANPUR HAT,Malmalia,-,-,-,-,-,-,26.16222222,84.68083333,30-05-2021 08:00,8,580,"",0,313,"",21,"",1,"","","",257,60,26,12,"","","","","","","","","","",""
2002,Maner,CGWB,10,Bihar,212,PATNA,MASAURHI,MASAURHI,Maner,-,-,-,-,-,-,25.39805556,84.99277778,25-05-2000 00:00,8.79,1250,"",60,262,"",156,"","","","","",375,36,69,99,"","","","","","","","","","",""
2003,Maner,CGWB,10,Bihar,212,PATNA,MASAURHI,MASAURHI,Maner,-,-,-,-,-,-,25.39805556,84.99277778,25-05-2001 00:00,8.83,1350,"","",415,"",142,"","","","","",478,54,83,87,"","","","","","","","","","",""
2004,Maner,CGWB,10,Bihar,212,PATNA,MASAURHI,MASAURHI,Maner,-,-,-,-,-,-,25.39805556,84.99277778,25-05-2010 00:00,"",1294,"",0,476,"",131,"","","","","",285,54,36,162,"","","","","","","","","","",""
2005,Maner,CGWB,10,Bihar,212,PATNA,MANER,MANER,Maner,-,-,-,-,-,-,25.63750000,84.88750000,25-05-2011 00:00,7.73,1490,"",0,586,"",128,"","","","","",320,76,31.7,192,"","","","","","","","","","",""
2006,Maner,CGWB,10,Bihar,212,PATNA,MANER,MANER,Maner,-,-,-,-,-,-,25.63750000,84.88750000,25-05-2012 00:00,8.01,1563,"",0,353.852,"",219.852,"","","","","",310,40.08,51.12,215,"","","","","","","","","","",""
2007,Maner,CGWB,10,Bihar,212,PATNA,MANER,MANER,Maner,-,-,-,-,-,-,25.63750000,84.88750000,25-05-2013 00:00,8.01,1563,"",0,353.9,"",219.9,"",144.1,"","","",310,40.1,51.1,215,"","","","","","","","","","",""
2008,Maner,CGWB,10,Bihar,212,PATNA,MANER,MANER,Maner,-,-,-,-,-,-,25.63750000,84.88750000,25-05-2016 00:00,7.69,394,256.1,0,184.5,"",35.45,"",13.54,"",6.6,"",195,46,19.44,13.41,"","","","","","","","","","",""
2009,Maner,CGWB,10,Bihar,212,PATNA,MASAURHI,MASAURHI,Maner,-,-,-,-,-,-,25.39805556,84.99277778,25-05-2016 00:00,7.69,394,256.1,0,184.5,"",35.45,"",13.54,"",6.6,"",195,46,19.44,13.41,"","","","","","","","","","",""
2010,Maner,CGWB,10,Bihar,212,PATNA,MANER,MANER,Maner,-,-,-,-,-,-,25.63750000,84.88750000,30-05-2019 08:00,7.9,425,140.4,0,110,"",70.9,"","","","","",190,14,38,14,"","","","","","","","","","",""
2011,Maner,CGWB,10,Bihar,212,PATNA,MANER,MANER,Maner,-,-,-,-,-,-,25.63750000,84.88750000,30-05-2020 08:00,7.9,425,"","",110,"",70.9,"","","","","","",14,38,14,"","","","","","","","","","",""
2012,Maner,CGWB,10,Bihar,212,PATNA,MANER,MANER,Maner,-,-,-,-,-,-,25.63750000,84.88750000,30-05-2021 08:00,8.06,650,"",0,244,"",50,"",17,"","","",235,58,22,28,"","","","","","","","","","",""
2013,Mangujan,CGWB,10,Bihar,214,PURNIA,BARHARA,BARHARA,Mangujan,-,-,-,-,-,-,25.83888889,87.17500000,30-05-2019 08:00,8.29,476,152.1,0,164,"",31.95,"","","","","",185,32,25.515,15.72,"","","","","","","","","","",""
2014,Mangujan,CGWB,10,Bihar,214,PURNIA,BARHARA,BARHARA,Mangujan,-,-,-,-,-,-,25.83888889,87.17500000,30-05-2020 08:00,8.29,476,"","",164,"",31.95,"","","","","","",32,25.515,15.72,"","","","","","","","","","",""
2015,Manihari,CGWB,10,Bihar,201,KATIHAR,MANIHARI,MANIHARI,Manihari,-,-,-,-,-,-,25.33750000,87.64166667,25-05-2004 00:00,7.38,1580,"",0,559,"",135,"","","","","",452,106,45,80,"","","","","","","","","","",""
2016,Manihari,CGWB,10,Bihar,201,KATIHAR,MANIHARI,MANIHARI,Manihari,-,-,-,-,-,-,25.33750000,87.64166667,25-05-2005 00:00,8.45,1620,"","",372,"",124,"","","","","",450,116,39.04,63,"","","","","","","","","","",""
2017,Manihari,CGWB,10,Bihar,201,KATIHAR,MANIHARI,MANIHARI,Manihari,-,-,-,-,-,-,25.33750000,87.64166667,25-05-2007 00:00,7.85,1150,"","",421,345.1,142,"","","","","",405,156,3.6,69,"","","","","","","","","","",""
2018,Manihari,CGWB,10,Bihar,201,KATIHAR,MANIHARI,MANIHARI,Manihari,-,-,-,-,-,-,25.33750000,87.64166667,25-05-2009 00:00,"",1750,"",0,695,"",178,"","","","","",570,136,56,124,"","","","","","","","","","",""
2019,Manihari,CGWB,10,Bihar,201,KATIHAR,MANIHARI,MANIHARI,Manihari,-,-,-,-,-,-,25.33750000,87.64166667,25-05-2011 00:00,7.29,2160,"",0,616.1,"",177.5,"","","","","",525,114,58.49,105,"","","","","","","","","","",""
2020,Manihari,CGWB,10,Bihar,201,KATIHAR,MANIHARI,MANIHARI,Manihari,-,-,-,-,-,-,25.33750000,87.64166667,25-05-2013 00:00,7.04,1697,"",0,683.2,"",156,"",24.6,"","","",440,70,64.4,96.4,"","","","","","","","","","",""
2021,Manihari,CGWB,10,Bihar,201,KATIHAR,MANIHARI,MANIHARI,Manihari,-,-,-,-,-,-,25.33750000,87.64166667,25-05-2016 00:00,7.77,1560,"",0,622.2,"",148.932,"",25.12,"",3.84,"",665,104,97.2,41.88,"","","","","","","","","","",""
2022,Manihari,CGWB,10,Bihar,201,KATIHAR,MANIHARI,MANIHARI,Manihari,-,-,-,-,-,-,25.33750000,87.64166667,30-05-2019 08:00,8.44,394,192.4,9,140.3,"",31.95,"","","","","",135,44,6.075,26.74,"","","","","","","","","","",""
2023,Manihari,CGWB,10,Bihar,201,KATIHAR,MANIHARI,MANIHARI,Manihari,-,-,-,-,-,-,25.33750000,87.64166667,30-05-2020 08:00,8.44,394,"","",140.3,"",31.95,"","","","","","",44,6.075,26.74,"","","","","","","","","","",""
2024,Manjaul,CGWB,10,Bihar,191,BEGUSARAI,BAKHRI,BAKHRI,Manjaul,-,-,-,-,-,-,25.56250000,86.14583333,25-05-2003 00:00,8.26,812,"","","","","","","","","","","","","","","","","","","","","","","","",""
2025,Manjaul,CGWB,10,Bihar,191,BEGUSARAI,CHERIA BARIARPUR,CHERIA BARIARPUR,Manjaul,-,-,-,-,-,-,25.55861111,86.13611111,25-05-2007 00:00,7.4,828,"","",439.2,360,14.2,"","","","","",260,68,21.8,63,"","","","","","","","","","",""
2026,Manjaul,CGWB,10,Bihar,191,BEGUSARAI,CHERIA BARIARPUR,CHERIA BARIARPUR,Manjaul,-,-,-,-,-,-,25.55861111,86.13611111,25-05-2008 00:00,7.8,766,"",0,286,"",60,"","","","","",300,58,38,50,"","","","","","","","","","",""
2027,Manjaul,CGWB,10,Bihar,191,BEGUSARAI,BAKHRI,BAKHRI,Manjaul,-,-,-,-,-,-,25.56250000,86.14583333,25-05-2009 00:00,"",830,"",24,287,"",46,"","","","","",275,64,28,39,"","","","","","","","","","",""
2028,Manjaul,CGWB,10,Bihar,191,BEGUSARAI,BAKHRI,BAKHRI,Manjaul,-,-,-,-,-,-,25.56250000,86.14583333,25-05-2011 00:00,7.46,950,"",0,488,"",85,"","","","","",345,68,42.63,77,"","","","","","","","","","",""
2029,Manjaul,CGWB,10,Bihar,191,BEGUSARAI,BAKHRI,BAKHRI,Manjaul,-,-,-,-,-,-,25.56250000,86.14583333,25-05-2013 00:00,8.19,339,"",0,176.9,"",17.7,"",8,"","","",135,10,26.76,11.4,"","","","","","","","","","",""
2030,Manjaul,CGWB,10,Bihar,191,BEGUSARAI,BAKHRI,BAKHRI,Manjaul,-,-,-,-,-,-,25.56250000,86.14583333,25-05-2016 00:00,6.92,3040,1976,0,470,"",797.85,"",18.4,"",5,"",1245,338,96,108,"","","","","","","","","","",""
2031,Manjaul,CGWB,10,Bihar,191,BEGUSARAI,BAKHRI,BAKHRI,Manjaul,-,-,-,-,-,-,25.56250000,86.14583333,30-05-2019 08:00,7.39,532,319.15,0,195.264,"",14.16,"","","","","",205,30,31.5952,23.5,"","","","","","","","","","",""
2032,Manjaul,CGWB,10,Bihar,191,BEGUSARAI,BAKHRI,BAKHRI,Manjaul,-,-,-,-,-,-,25.56250000,86.14583333,30-05-2020 08:00,7.39,532,"","",195.264,"",14.16,"","","","","","",30,31.5952,23.5,"","","","","","","","","","",""
2033,Manjaul,CGWB,10,Bihar,191,BEGUSARAI,BAKHRI,BAKHRI,Manjaul,-,-,-,-,-,-,25.56250000,86.14583333,30-05-2021 08:00,8.3,530,"",0,177,"",49,"",23,"","","",173,27,26,37,"","","","","","","","","","",""
2034,Manjhi,CGWB,10,Bihar,218,SARAN,MANJHI,MANJHI,Manjhi,-,-,-,-,-,-,25.83333333,84.57916667,25-05-2002 00:00,8.44,465,"","","","","","","","","","","","","","","","","","","","","","","","",""
2035,Manjhi,CGWB,10,Bihar,218,SARAN,MANJHI,MANJHI,Manjhi,-,-,-,-,-,-,25.83333333,84.57916667,25-05-2009 00:00,"",690,"",12,281,"",28,"","","","","",200,30,30,60,"","","","","","","","","","",""
2036,Manjhi,CGWB,10,Bihar,218,SARAN,MANJHI,MANJHI,Manjhi,-,-,-,-,-,-,25.83333333,84.57916667,25-05-2010 00:00,"",572,"",0,323,"",7.1,"","","","","",215,40,28,33,"","","","","","","","","","",""
2037,Manjhi,CGWB,10,Bihar,218,SARAN,MANJHI,MANJHI,Manjhi,-,-,-,-,-,-,25.83333333,84.57916667,25-05-2011 00:00,8.8,2520,"","",396.5,"",252.05,"","","","","",690,96,109.53,152,"","","","","","","","","","",""
2038,Manjhi,CGWB,10,Bihar,218,SARAN,MANJHI,MANJHI,Manjhi,-,-,-,-,-,-,25.83333333,84.57916667,25-05-2012 00:00,8.3,435,"",9,246,"",10.64,"","","","","",155,8,33,24,"","","","","","","","","","",""
2039,Manjhi,CGWB,10,Bihar,218,SARAN,MANJHI,MANJHI,Manjhi,-,-,-,-,-,-,25.83333333,84.57916667,25-05-2013 00:00,8.43,405,"",9,183,"",10.3,"",14.1,"","","",145,16,25.5,24,"","","","","","","","","","",""
2040,Manjhi,CGWB,10,Bihar,218,SARAN,MANJHI,MANJHI,Manjhi,-,-,-,-,-,-,25.83333333,84.57916667,25-05-2016 00:00,7.83,688,447.2,0,325.95,"",10.63,"",19.5,"",10.03,"",265,60,27.94,41.2,"","","","","","","","","","",""
2041,Manjhi,CGWB,10,Bihar,218,SARAN,MANJHI,MANJHI,Manjhi,-,-,-,-,-,-,25.83333333,84.57916667,30-05-2019 08:00,7.26,688,414.05,0,170.856,"",109.74,"","","","","",215,42,26.7344,44.4,"","","","","","","","","","",""
2042,Manjhi,CGWB,10,Bihar,218,SARAN,MANJHI,MANJHI,Manjhi,-,-,-,-,-,-,25.83333333,84.57916667,30-05-2020 08:00,7.26,688,"","",170.856,"",109.74,"","","","","","",42,26.7344,44.4,"","","","","","","","","","",""
2043,Manjhi,CGWB,10,Bihar,218,SARAN,MANJHI,MANJHI,Manjhi,-,-,-,-,-,-,25.83333333,84.57916667,30-05-2021 08:00,7.38,1130,"",0,287,"",165,"",51,"","","",350,110,18,65.9,"","","","","","","","","","",""
2044,Manjhi 2,CGWB,10,Bihar,218,SARAN,MANJHI,MANJHI,Manjhi,-,-,-,-,-,-,25.83722222,84.57638889,30-05-2019 08:00,7.26,637,563.55,0,158.652,"",106.2,"","","","","",210,48,21.8736,21.56,"","","","","","","","","","",""
2045,Manjhi 2,CGWB,10,Bihar,218,SARAN,MANJHI,MANJHI,Manjhi,-,-,-,-,-,-,25.83722222,84.57638889,30-05-2020 08:00,7.26,637,"","",158.652,"",106.2,"","","","","","",48,21.8736,21.56,"","","","","","","","","","",""
2046,Manjhwa,CGWB,10,Bihar,197,GOPALGANJ,MANJHA,MANJHA,Manjhwa,-,-,-,-,-,-,26.38916667,84.48250000,25-05-2002 00:00,8.53,506,"","","","","","","","","","","","","","","","","","","","","","","","",""
2047,Manjhwa,CGWB,10,Bihar,197,GOPALGANJ,MANJHA,MANJHA,Manjhwa,-,-,-,-,-,-,26.38916667,84.48250000,25-05-2009 00:00,"",2150,"",30,567,"",284,"","","","","",400,112,29,276,"","","","","","","","","","",""
2048,Manjhwa,CGWB,10,Bihar,197,GOPALGANJ,MANJHA,MANJHA,Manjhwa,-,-,-,-,-,-,26.38916667,84.48250000,25-05-2010 00:00,"",537,"",0,262,"",21,"","","","","",200,68,7.3,16,"","","","","","","","","","",""
2049,Manjhwa,CGWB,10,Bihar,197,GOPALGANJ,MANJHA,MANJHA,Manjhwa,-,-,-,-,-,-,26.38916667,84.48250000,25-05-2011 00:00,8.71,1962,"",24,725.9,"",305.3,"","","","","",680,124,90.11,160,"","","","","","","","","","",""
2050,Manjhwa,CGWB,10,Bihar,197,GOPALGANJ,MANJHA,MANJHA,Manjhwa,-,-,-,-,-,-,26.38916667,84.48250000,25-05-2012 00:00,8.64,402,"",6,184.5,"",38.99,"","","","","",125,10,24,29,"","","","","","","","","","",""
2051,Manjhwa,CGWB,10,Bihar,197,GOPALGANJ,MANJHA,MANJHA,Manjhwa,-,-,-,-,-,-,26.38916667,84.48250000,25-05-2013 00:00,8.72,402,"",8,183,"",28,"",0,"","","",125,10,24.33,29,"","","","","","","","","","",""
2052,Manjhwa,CGWB,10,Bihar,197,GOPALGANJ,MANJHA,MANJHA,Manjhwa,-,-,-,-,-,-,26.38916667,84.48250000,25-05-2016 00:00,8.03,2560,1664,0,615,"",291,"",72,"",55.12,"",440,80,51.03,325,"","","","","","","","","","",""
2053,Manjhwe,CGWB,10,Bihar,198,JAMUI,JAMUI,JAMUI,Manjhwe,-,-,-,-,-,-,25.02888889,86.14888889,30-05-2019 08:00,8.3,719,309.4,18,277,"",29,"","","","","",146,19,23.93944,85,"","","","","","","","","","",""
2054,Manjhwe,CGWB,10,Bihar,198,JAMUI,JAMUI,JAMUI,Manjhwe,-,-,-,-,-,-,25.02888889,86.14888889,30-05-2020 08:00,8.3,719,"","",277,"",29,"","","","","","",19,23.93944,85,"","","","","","","","","","",""
2055,Manopali,CGWB,10,Bihar,218,SARAN,BANIAPUR,BANIAPUR,Manopali,-,-,-,-,-,-,26.06111111,84.69166667,25-05-2013 00:00,7.29,509,"",0,256.2,"",24.8,"",0,"","","",85,6,17,74,"","","","","","","","","","",""
2056,Manopali,CGWB,10,Bihar,218,SARAN,BANIAPUR,BANIAPUR,Manopali,-,-,-,-,-,-,26.06111111,84.69166667,25-05-2016 00:00,7.12,547,355.55,0,252.15,"",28.36,"",10.16,"",8.34,"",200,40,24.3,31.92,"","","","","","","","","","",""
2057,Manopali,CGWB,10,Bihar,218,SARAN,BANIAPUR,BANIAPUR,Manopali,-,-,-,-,-,-,26.06111111,84.69166667,30-05-2019 08:00,7.22,867,390,0,286.794,"",109.74,"","","","","",345,56,49.8232,27.33,"","","","","","","","","","",""
2058,Manopali,CGWB,10,Bihar,218,SARAN,BANIAPUR,BANIAPUR,Manopali,-,-,-,-,-,-,26.06111111,84.69166667,30-05-2020 08:00,7.22,867,"","",286.794,"",109.74,"","","","","","",56,49.8232,27.33,"","","","","","","","","","",""
2059,Manopali,CGWB,10,Bihar,218,SARAN,BANIAPUR,BANIAPUR,Manopali,-,-,-,-,-,-,26.06111111,84.69166667,30-05-2021 08:00,8,1047,"",0,147.5,"",213.9,"",83.9,"","","",291.7,39.66,46.78,113,"","","","","","","","","","",""
2060,Manpur,CGWB,10,Bihar,196,GAYA,MANPUR,MANPUR,Manpur,-,-,-,-,-,-,24.78750000,85.02916667,25-05-2005 00:00,6.86,720,"",0,256,"",57,"","","","","",245,40,35.3,48,"","","","","","","","","","",""
2061,Manpur,CGWB,10,Bihar,196,GAYA,MANPUR,MANPUR,Manpur,-,-,-,-,-,-,24.78750000,85.02916667,25-05-2007 00:00,8.22,728,"","",232,190.2,71,"","","","","",215,58,17,46,"","","","","","","","","","",""
2062,Manpur,CGWB,10,Bihar,196,GAYA,MANPUR,MANPUR,Manpur,-,-,-,-,-,-,24.78750000,85.02916667,25-05-2008 00:00,8,793,"",0,134,"",78,"","","","","",160,32,19.49,53,"","","","","","","","","","",""
2063,Manpur,CGWB,10,Bihar,196,GAYA,MANPUR,MANPUR,Manpur,-,-,-,-,-,-,24.78750000,85.02916667,25-05-2009 00:00,"",780,"",0,262,"",78,"","","","","",255,62,24.39,51,"","","","","","","","","","",""
2064,Manpur,CGWB,10,Bihar,196,GAYA,MANPUR,MANPUR,Manpur,-,-,-,-,-,-,24.78750000,85.02916667,25-05-2010 00:00,"",788,"",0,299,"",85,"","","","","",310,66,25,53,"","","","","","","","","","",""
2065,Manpur,CGWB,10,Bihar,196,GAYA,MANPUR,MANPUR,Manpur,-,-,-,-,-,-,24.78750000,85.02916667,25-05-2011 00:00,7.53,800,"",0,317,"",71,"","","","","",250,60,24.39,64,"","","","","","","","","","",""
2066,Manpur,CGWB,10,Bihar,196,GAYA,MANPUR,MANPUR,Manpur,-,-,-,-,-,-,24.78750000,85.02916667,25-05-2012 00:00,8.42,925,"",24,256.242,"",113.48,"","","","","",310,68.14,34.1,63,"","","","","","","","","","",""
2067,Manpur,CGWB,10,Bihar,196,GAYA,MANPUR,MANPUR,Manpur,-,-,-,-,-,-,24.78750000,85.02916667,25-05-2013 00:00,8.42,886,"",24,256.2,"",113.5,"",0,"","","",310,68.1,34.06,63,"","","","","","","","","","",""
2068,Manpur,CGWB,10,Bihar,196,GAYA,MANPUR,MANPUR,Manpur,-,-,-,-,-,-,24.78750000,85.02916667,25-05-2016 00:00,8.18,675,438.75,0,209.1,"",88.62,"",23.56,"",14,"",165,24,25.51,73.24,"","","","","","","","","","",""
2069,Mansath,CGWB,10,Bihar,218,SARAN,MANJHI,MANJHI,Mansath,-,-,-,-,-,-,25.88805556,84.54361111,30-05-2019 08:00,7.18,600,601.9,0,158.652,"",106.2,"","","","","",245,24,44.9624,22.3,"","","","","","","","","","",""
2070,Mansath,CGWB,10,Bihar,218,SARAN,MANJHI,MANJHI,Mansath,-,-,-,-,-,-,25.88805556,84.54361111,30-05-2020 08:00,7.18,600,"","",158.652,"",106.2,"","","","","","",24,44.9624,22.3,"","","","","","","","","","",""
2071,Maranchi,CGWB,10,Bihar,212,PATNA,MOKAMEH,MOKAMEH,Maranchi,-,-,-,-,-,-,25.35388889,85.99111111,25-05-2005 00:00,8.38,620,"","",153,"",50,"","","","","",120,16,19.47,58,"","","","","","","","","","",""
2072,Maranchi,CGWB,10,Bihar,212,PATNA,MOKAMEH,MOKAMEH,Maranchi,-,-,-,-,-,-,25.35388889,85.99111111,25-05-2007 00:00,8.6,857,"",54,738,694.9,124.2,"","","","","",350,52,53.55,93,"","","","","","","","","","",""
2073,Maranchi,CGWB,10,Bihar,212,PATNA,MOKAMEH,MOKAMEH,Maranchi,-,-,-,-,-,-,25.35388889,85.99111111,25-05-2009 00:00,"",1188,"",0,445,"",85,"","","","","",435,62,68,63,"","","","","","","","","","",""
2074,Maranchi,CGWB,10,Bihar,212,PATNA,MOKAMEH,MOKAMEH,Maranchi,-,-,-,-,-,-,25.35388889,85.99111111,25-05-2013 00:00,7.36,850,"",0,403,"",43,"",0,"","","",320,80,29,42,"","","","","","","","","","",""
2075,Maranchi,CGWB,10,Bihar,212,PATNA,MOKAMEH,MOKAMEH,Maranchi,-,-,-,-,-,-,25.35388889,85.99111111,25-05-2016 00:00,7.23,1175,763.75,0,399.75,"",155.98,"",72.73,"",12.84,"",265,16,54.67,161,"","","","","","","","","","",""
2076,Maranchi,CGWB,10,Bihar,212,PATNA,MOKAMEH,MOKAMEH,Maranchi,-,-,-,-,-,-,25.35388889,85.99111111,30-05-2019 08:00,8.544,533.6,338,15,183.1464,"",70.9,"","","","","",205,28.0224,32.7534,60.1,"","","","","","","","","","",""
2077,Maranchi,CGWB,10,Bihar,212,PATNA,MOKAMEH,MOKAMEH,Maranchi,-,-,-,-,-,-,25.35388889,85.99111111,30-05-2020 08:00,8.544,533.6,"","",183.1464,"",70.9,"","","","","","",28.0224,32.7534,60.1,"","","","","","","","","","",""
2078,Maranchi,CGWB,10,Bihar,212,PATNA,MOKAMEH,MOKAMEH,Maranchi,-,-,-,-,-,-,25.35388889,85.99111111,30-05-2021 08:00,8.13,420,"",0,177,"",35,"",13,"","","",140,22,21,17,"","","","","","","","","","",""
2079,Marhaura,CGWB,10,Bihar,218,SARAN,MARHAURA,MARHAURA,Marhaura,-,-,-,-,-,-,25.97361111,84.86944444,25-05-2007 00:00,7.7,1630,"","",427,350,149,"","","","","",500,116,51,138,"","","","","","","","","","",""
2080,Marhaura,CGWB,10,Bihar,218,SARAN,MARHAURA,MARHAURA,Marhaura,-,-,-,-,-,-,25.97361111,84.86944444,25-05-2008 00:00,7.74,1530,"",0,397,"",121,"","","","","",475,70,73,115,"","","","","","","","","","",""
2081,Marhaura,CGWB,10,Bihar,218,SARAN,MARHAURA,MARHAURA,Marhaura,-,-,-,-,-,-,25.97916667,84.87083333,25-05-2009 00:00,"",1650,"",12,281,"",28,"","","","","",325,48,50,219,"","","","","","","","","","",""
2082,Marhaura,CGWB,10,Bihar,218,SARAN,MARHAURA,MARHAURA,Marhaura,-,-,-,-,-,-,25.97361111,84.86944444,25-05-2010 00:00,"",1645,"",0,457,"",124,"","","","","",425,42,78,142,"","","","","","","","","","",""
2083,Marhaura,CGWB,10,Bihar,218,SARAN,MARHAURA,MARHAURA,Marhaura,-,-,-,-,-,-,25.97916667,84.87083333,25-05-2011 00:00,8.26,1659,"",0,500.2,"",159.75,"","","","","",595,70,102.2,111,"","","","","","","","","","",""
2084,Marhaura,CGWB,10,Bihar,218,SARAN,MARHAURA,MARHAURA,Marhaura,-,-,-,-,-,-,25.97916667,84.87083333,25-05-2012 00:00,7.24,1693,"",0,565.5,"",124.08,"","","","","",390,18,84,178,"","","","","","","","","","",""
2085,Marhaura,CGWB,10,Bihar,218,SARAN,MARHAURA,MARHAURA,Marhaura,-,-,-,-,-,-,25.97916667,84.87083333,25-05-2013 00:00,7.42,1543,"",0,561.2,"",99.3,"",53.2,"","","",345,34,63.2,148,"","","","","","","","","","",""
2086,Marhaura,CGWB,10,Bihar,218,SARAN,MARHAURA,MARHAURA,Marhaura,-,-,-,-,-,-,25.97361111,84.86944444,25-05-2016 00:00,7.38,681,442.65,0,350.55,"",21,"",26.27,"",8.4,"",225,38,31.59,59.03,"","","","","","","","","","",""
2087,Marhaura,CGWB,10,Bihar,218,SARAN,MARHAURA,MARHAURA,Marhaura,-,-,-,-,-,-,25.97916667,84.87083333,30-05-2019 08:00,7.66,926,928.85,0,396.63,"",84.96,"","","","","",310,52,43.7472,35.4,"","","","","","","","","","",""
2088,Marhaura,CGWB,10,Bihar,218,SARAN,MARHAURA,MARHAURA,Marhaura,-,-,-,-,-,-,25.97916667,84.87083333,30-05-2020 08:00,7.66,926,"","",396.63,"",84.96,"","","","","","",52,43.7472,35.4,"","","","","","","","","","",""
2089,Marhaura,CGWB,10,Bihar,218,SARAN,MARHAURA,MARHAURA,Marhaura,-,-,-,-,-,-,25.97916667,84.87083333,30-05-2021 08:00,8,85,"",0,43,"",5,"",1,"","","",15,6,4,4,"","","","","","","","","","",""
2090,Mariyawa,CGWB,10,Bihar,212,PATNA,BIKRAM,BIKRAM,Mariyawa,-,-,-,-,-,-,25.49166667,84.86444444,25-05-2013 00:00,8.2,390,"",0,195.2,"",14.2,"",4.1,"","","",125,28,13.4,29.6,"","","","","","","","","","",""
2091,Mariyawa,CGWB,10,Bihar,212,PATNA,BIKRAM,BIKRAM,Mariyawa,-,-,-,-,-,-,25.49166667,84.86444444,25-05-2016 00:00,7.62,463,300.95,0,184.5,"",31.9,"",39.6,"",6.52,"",160,42,13.36,34.97,"","","","","","","","","","",""
2092,Mariyawa,CGWB,10,Bihar,212,PATNA,BIKRAM,BIKRAM,Mariyawa,-,-,-,-,-,-,25.49166667,84.86444444,30-05-2019 08:00,7.8,216,547.3,0,79,"",35.5,"","","","","",100,32,5,10,"","","","","","","","","","",""
2093,Mariyawa,CGWB,10,Bihar,212,PATNA,BIKRAM,BIKRAM,Mariyawa,-,-,-,-,-,-,25.49166667,84.86444444,30-05-2020 08:00,7.8,216,"","",79,"",35.5,"","","","","","",32,5,10,"","","","","","","","","","",""
2094,Mariyawa,CGWB,10,Bihar,212,PATNA,BIKRAM,BIKRAM,Mariyawa,-,-,-,-,-,-,25.49166667,84.86444444,30-05-2021 08:00,8.03,400,"",0,161,"",40,"",1,"","","",150,36,15,21,"","","","","","","","","","",""
2095,Masaurhi,CGWB,10,Bihar,212,PATNA,MASAURHI,MASAURHI,Masaurhi,-,-,-,-,-,-,25.35861111,85.02111111,25-05-2002 00:00,8.02,725,"","","","","","","","","","","","","","","","","","","","","","","","",""
2096,Masrakh,CGWB,10,Bihar,218,SARAN,MASHRAKH,MASHRAKH,Masrakh,-,-,-,-,-,-,26.09166667,84.79166667,25-05-2008 00:00,7.92,720,"",0,366,"",11,"","","","","",270,42,40,30,"","","","","","","","","","",""
2097,Masrakh,CGWB,10,Bihar,218,SARAN,MASHRAKH,MASHRAKH,Masrakh,-,-,-,-,-,-,26.09166667,84.79166667,25-05-2010 00:00,"",615,"",0,360,"",7.1,"","","","","",240,30,40,29,"","","","","","","","","","",""
2098,Masrakh,CGWB,10,Bihar,218,SARAN,MASHRAKH,MASHRAKH,Masrakh,-,-,-,-,-,-,26.09166667,84.79166667,25-05-2011 00:00,8.41,540,"","",317.2,"",14.2,"","","","","",195,20,35.28,51,"","","","","","","","","","",""
2099,Masrakh,CGWB,10,Bihar,218,SARAN,MASHRAKH,MASHRAKH,Masrakh,-,-,-,-,-,-,26.09166667,84.79166667,25-05-2013 00:00,7.83,781,"",0,457.5,"",7.1,"",12.4,"","","",210,32,31.6,77,"","","","","","","","","","",""
2100,Masrakh,CGWB,10,Bihar,218,SARAN,MASHRAKH,MASHRAKH,Masrakh,-,-,-,-,-,-,26.09166667,84.79166667,25-05-2016 00:00,6.93,686,445.9,0,375.15,"",10.63,"",7,"",9.36,"",190,54,13.36,67.3,"","","","","","","","","","",""
2101,Masrakh1,CGWB,10,Bihar,218,SARAN,MASHRAKH,MASHRAKH,Masrakh,-,-,-,-,-,-,25.80500000,84.72000000,25-05-2012 00:00,7.33,721,"",0,479.7,"",7.09,"","","","","",190,4,44,73,"","","","","","","","","","",""
2102,Masrakh1,CGWB,10,Bihar,218,SARAN,MASHRAKH,MASHRAKH,Masrakh,-,-,-,-,-,-,25.80500000,84.72000000,25-05-2016 00:00,8.14,822,534.3,0,412.05,"",14.18,"",49.2,"",12.08,"",275,34,44.95,73.34,"","","","","","","","","","",""
2103,Mathura,CGWB,10,Bihar,224,VAISHALI,BIDUPUR,BIDUPUR,Mathura,-,-,-,-,-,-,25.63027778,85.36194444,30-05-2021 08:00,7.55,140,"",0,73,"",5,"",1,"","","",60,22,1,3,"","","","","","","","","","",""
2104,Mathura 2,CGWB,10,Bihar,224,VAISHALI,BIDUPUR,BIDUPUR,Mathura,-,-,-,-,-,-,25.63333333,85.20000000,30-05-2019 08:00,6.97,529,501.8,0,225.774,"",42.48,"","","","","",230,46,27.9496,10.12,"","","","","","","","","","",""
2105,Mathura 2,CGWB,10,Bihar,224,VAISHALI,BIDUPUR,BIDUPUR,Mathura,-,-,-,-,-,-,25.63333333,85.20000000,30-05-2020 08:00,6.97,529,"","",225.774,"",42.48,"","","","","","",46,27.9496,10.12,"","","","","","","","","","",""
2106,Matihani,CGWB,10,Bihar,191,BEGUSARAI,BEGUSARAI,BEGUSARAI,Matihani,-,-,-,-,-,-,25.43055556,86.12916667,25-05-2000 00:00,8.65,725,"",24,232,"",82,"","","","","",115,20,16,85,"","","","","","","","","","",""
2107,Matihani,CGWB,10,Bihar,191,BEGUSARAI,BEGUSARAI,BEGUSARAI,Matihani,-,-,-,-,-,-,25.43055556,86.12916667,25-05-2003 00:00,7.45,690,"","","","","","","","","","","","","","","","","","","","","","","","",""
2108,Matihani,CGWB,10,Bihar,191,BEGUSARAI,BEGUSARAI,BEGUSARAI,Matihani,-,-,-,-,-,-,25.43055556,86.12916667,25-05-2007 00:00,7.7,733,"","",359.9,295,31.9,"","","","","",280,56,34.11,41,"","","","","","","","","","",""
2109,Matihani,CGWB,10,Bihar,191,BEGUSARAI,MATIHANI,MATIHANI,Matihani,-,-,-,-,-,-,25.37666667,86.15611111,25-05-2008 00:00,7.76,908,"",0,323,"",110,"","","","","",360,66,47,58,"","","","","","","","","","",""
2110,Matihani,CGWB,10,Bihar,191,BEGUSARAI,BEGUSARAI,BEGUSARAI,Matihani,-,-,-,-,-,-,25.43055556,86.12916667,25-05-2011 00:00,7.37,940,"",0,500,"",39,"","","","","",315,50,46.26,66,"","","","","","","","","","",""
2111,Matihani,CGWB,10,Bihar,191,BEGUSARAI,BEGUSARAI,BEGUSARAI,Matihani,-,-,-,-,-,-,25.43055556,86.12916667,25-05-2012 00:00,7.63,792,"",0,403,"",43,"","","","","",345,10,78,21,"","","","","","","","","","",""
2112,Matihani,CGWB,10,Bihar,191,BEGUSARAI,MATIHANI,MATIHANI,Matihani,-,-,-,-,-,-,25.37666667,86.15611111,25-05-2016 00:00,6.9,739,480.35,0,183,"",63.828,"",86,"",3.3,"",17,18,21.6,22,"","","","","","","","","","",""
2113,Mauna Pakri,CGWB,10,Bihar,218,SARAN,CHAPRA,CHAPRA,Mauna Pakri,-,-,-,-,-,-,25.80138889,84.72055556,30-05-2019 08:00,7.47,1429,580.45,0,512.568,"",180.54,"","","","","",625,94,94.7856,38.87,"","","","","","","","","","",""
2114,Mauna Pakri,CGWB,10,Bihar,218,SARAN,CHAPRA,CHAPRA,Mauna Pakri,-,-,-,-,-,-,25.80138889,84.72055556,30-05-2020 08:00,7.47,1429,"","",512.568,"",180.54,"","","","","","",94,94.7856,38.87,"","","","","","","","","","",""
2115,Meskaur,CGWB,10,Bihar,210,NAWADA,SIRDALA,SIRDALA,Meskaur,-,-,-,-,-,-,24.73416667,85.35111111,30-05-2019 08:00,7.7,462,306.8,0,153,"",39,"","","","","",150,55,7,20,"","","","","","","","","","",""
2116,Meskaur,CGWB,10,Bihar,210,NAWADA,SIRDALA,SIRDALA,Meskaur,-,-,-,-,-,-,24.73416667,85.35111111,30-05-2020 08:00,7.7,462,"","",153,"",39,"","","","","","",55,7,20,"","","","","","","","","","",""
2117,Meskaur,CGWB,10,Bihar,210,NAWADA,SIRDALA,SIRDALA,Meskaur,-,-,-,-,-,-,24.73416667,85.35111111,30-05-2021 08:00,7.63,1100,"",0,214,"",175,"",84,"","","",350,48,56,89,"","","","","","","","","","",""
2118,Mharajgunj,CGWB,10,Bihar,194,BUXAR,BARHAMPUR,BARHAMPUR,Mharajgunj,-,-,-,-,-,-,25.60916667,84.34250000,30-05-2019 08:00,8,609,1238.9,0,324,"",18,"","","","","",212,32,42,22,"","","","","","","","","","",""
2119,Mharajgunj,CGWB,10,Bihar,194,BUXAR,BARHAMPUR,BARHAMPUR,Mharajgunj,-,-,-,-,-,-,25.60916667,84.34250000,30-05-2020 08:00,8,609,"","",324,"",18,"","","","","","",32,42,22,"","","","","","","","","","",""
2120,Mharajgunj,CGWB,10,Bihar,194,BUXAR,BARHAMPUR,BARHAMPUR,Mharajgunj,-,-,-,-,-,-,25.60916667,84.34250000,30-05-2021 08:00,6.74,340,"",0,85,"",37,"",6,"","","",115,20,16,22,"","","","","","","","","","",""
2121,Milki,CGWB,10,Bihar,193,BHOJPUR,BARHARA,BARHARA,Milki,-,-,-,-,-,-,25.66944444,84.72500000,25-05-2004 00:00,7.61,700,"",0,445,"",57,"","","","","",298,35,51,40,"","","","","","","","","","",""
2122,Milki,CGWB,10,Bihar,193,BHOJPUR,BARHARA,BARHARA,Milki,-,-,-,-,-,-,25.66944444,84.72500000,25-05-2010 00:00,"",570,"",0,317,"",11,"","","","","",225,12,47,25,"","","","","","","","","","",""
2123,Milki,CGWB,10,Bihar,193,BHOJPUR,BARHARA,BARHARA,Milki,-,-,-,-,-,-,25.66944444,84.72500000,25-05-2011 00:00,7.5,570,"",0,317,"",11,"","","","","",225,12,47.43,25,"","","","","","","","","","",""
2124,Milki,CGWB,10,Bihar,193,BHOJPUR,BARHARA,BARHARA,Milki,-,-,-,-,-,-,25.66944444,84.72500000,25-05-2012 00:00,7.54,470,"",0,332.1,"",31.19,"",13.64,"","","",220,43.28,26.88,"","","","","","","","","","","",""
2125,Milki,CGWB,10,Bihar,193,BHOJPUR,BARHARA,BARHARA,Milki,-,-,-,-,-,-,25.66944444,84.72500000,25-05-2013 00:00,7.7,485,"",0,262.3,"",10.6,"",8.4,"","","",170,10,35.27,30.4,"","","","","","","","","","",""
2126,Milki,CGWB,10,Bihar,193,BHOJPUR,BARHARA,BARHARA,Milki,-,-,-,-,-,-,25.66944444,84.72500000,25-05-2016 00:00,8,540,"",0,268,"",14,"",7,"",6.3,"",190,22,32,38,"","","","","","","","","","",""
2127,Milki,CGWB,10,Bihar,193,BHOJPUR,BARHARA,BARHARA,Milki,-,-,-,-,-,-,25.66944444,84.72500000,30-05-2019 08:00,8,612,454.35,0,302,"",8,"","","","","",212,59,15.67608,17,"","","","","","","","","","",""
2128,Milki,CGWB,10,Bihar,193,BHOJPUR,BARHARA,BARHARA,Milki,-,-,-,-,-,-,25.66944444,84.72500000,30-05-2020 08:00,8,612,"","",302,"",8,"","","","","","",59,15.67608,17,"","","","","","","","","","",""
2129,Minapur,CGWB,10,Bihar,208,MUZAFFARPUR,MINAPUR,MINAPUR,Minapur,-,-,-,-,-,-,26.26666667,85.31944444,25-05-2001 00:00,8.56,650,"",12,238,"",25,"","","","","",225,66,15,14,"","","","","","","","","","",""
2130,Minapur,CGWB,10,Bihar,208,MUZAFFARPUR,BARURAJ (MOTIPUR),BARURAJ (MOTIPUR),Minapur,-,-,-,-,-,-,26.30000000,85.06250000,25-05-2003 00:00,8.27,816,"","","","","","","","","","","","","","","","","","","","","","","","",""
2131,Minapur,CGWB,10,Bihar,208,MUZAFFARPUR,MINAPUR,MINAPUR,Minapur,-,-,-,-,-,-,26.26666667,85.31944444,25-05-2010 00:00,"",864,"",0,518,"",32,"","","","","",345,100,16,46,"","","","","","","","","","",""
2132,Minapur,CGWB,10,Bihar,208,MUZAFFARPUR,BARURAJ (MOTIPUR),BARURAJ (MOTIPUR),Minapur,-,-,-,-,-,-,26.30000000,85.06250000,25-05-2016 00:00,7.28,1927,1252.55,0,405.9,"",297.78,"",37,"",35.77,"",420,60,65.61,251,"","","","","","","","","","",""
2133,Minapur,CGWB,10,Bihar,218,SARAN,GARKHA,GARKHA,Minapur,-,-,-,-,-,-,25.80000000,84.85527778,30-05-2021 08:00,7.87,156.3,"",0,95.1,"",11.5,"",22.3,"","","",103.6,28.78,7.71,5.8,"","","","","","","","","","",""
2134,Mirjapur,CGWB,10,Bihar,190,BANKA,SHAMBHUGANJ,SHAMBHUGANJ,Mirjapur,-,-,-,-,-,-,25.05666667,86.76055556,30-05-2021 08:00,8.2,550,"",0,268,"",26,"",16,"","","",194,39,23,44,"","","","","","","","","","",""
2135,Mishrvalia,CGWB,10,Bihar,194,BUXAR,BUXAR,BUXAR,Mishrvalia,-,-,-,-,-,-,25.53416667,83.91444444,30-05-2019 08:00,7.8,1906,311.35,0,466,"",270,"","","","","",822,56,165.75328,41,"","","","","","","","","","",""
2136,Mishrvalia,CGWB,10,Bihar,194,BUXAR,BUXAR,BUXAR,Mishrvalia,-,-,-,-,-,-,25.53416667,83.91444444,30-05-2020 08:00,7.8,1906,"","",466,"",270,"","","","","","",56,165.75328,41,"","","","","","","","","","",""
2137,Misirbatha,CGWB,10,Bihar,197,GOPALGANJ,KATAIYA,KATAIYA,Misirbatha,-,-,-,-,-,-,26.53361111,84.12777778,25-05-2002 00:00,8.9,585,"","","","","","","","","","","","","","","","","","","","","","","","",""
2138,Misirbatha,CGWB,10,Bihar,197,GOPALGANJ,KATAIYA,KATAIYA,Misirbatha,-,-,-,-,-,-,26.53361111,84.12777778,25-05-2009 00:00,"",980,"",48,281,"",60,"","","","","",290,10,64,81,"","","","","","","","","","",""
2139,Misirbatha,CGWB,10,Bihar,197,GOPALGANJ,KATAIYA,KATAIYA,Misirbatha,-,-,-,-,-,-,26.53361111,84.12777778,25-05-2011 00:00,8.71,864,"",24,488,"",88.75,"","","","","",345,32,64.47,66,"","","","","","","","","","",""
2140,Misirbatha,CGWB,10,Bihar,197,GOPALGANJ,KATAIYA,KATAIYA,Misirbatha,-,-,-,-,-,-,26.53361111,84.12777778,25-05-2012 00:00,8.07,1070,"",0,307.5,"",134.71,"","","","","",355,6,83,63,"","","","","","","","","","",""
2141,Misirbatha,CGWB,10,Bihar,197,GOPALGANJ,KATAIYA,KATAIYA,Misirbatha,-,-,-,-,-,-,26.53361111,84.12777778,25-05-2013 00:00,7.97,1078,"",0,305,"",134.7,"",39.6,"","","",355,6,82.67,63,"","","","","","","","","","",""
2142,Misirbatha,CGWB,10,Bihar,197,GOPALGANJ,KATAIYA,KATAIYA,Misirbatha,-,-,-,-,-,-,26.53361111,84.12777778,25-05-2016 00:00,8.18,338,219.7,0,116.85,"",35.45,"",6,"",38.3,"",135,20,20.65,12,"","","","","","","","","","",""
2143,Misirbatha1,CGWB,10,Bihar,197,GOPALGANJ,KATAIYA,KATAIYA,Misirbatha,-,-,-,-,-,-,26.53333333,84.12805556,25-05-2010 00:00,"",872,"",0,427,"",57,"","","","","",350,46,57,32,"","","","","","","","","","",""
2144,Misirbatha1,CGWB,10,Bihar,197,GOPALGANJ,KATAIYA,KATAIYA,Misirbatha,-,-,-,-,-,-,26.53333333,84.12805556,30-05-2019 08:00,7.54,1100,787.8,0,396.63,"",127.44,"","","","","",445,134,26.7344,29.4,"","","","","","","","","","",""
2145,Misirbatha1,CGWB,10,Bihar,197,GOPALGANJ,KATAIYA,KATAIYA,Misirbatha,-,-,-,-,-,-,26.53333333,84.12805556,30-05-2020 08:00,7.54,1100,"","",396.63,"",127.44,"","","","","","",134,26.7344,29.4,"","","","","","","","","","",""
2146,Mohaddipur,CGWB,10,Bihar,202,KHAGARIA,PARBATTA,PARBATTA,Mohaddipur,-,-,-,-,-,-,25.39194444,86.74611111,25-05-2007 00:00,7.8,988,"","",359.9,295,63.9,"","","","","",420,68,60.7,41,"","","","","","","","","","",""
2147,Mohaddipur,CGWB,10,Bihar,202,KHAGARIA,PARBATTA,PARBATTA,Mohaddipur,-,-,-,-,-,-,25.39194444,86.74611111,25-05-2011 00:00,7.56,810,"",0,433,"",28,"","","","","",270,38,42.59,58,"","","","","","","","","","",""
2148,Mohaddipur,CGWB,10,Bihar,202,KHAGARIA,PARBATTA,PARBATTA,Mohaddipur,-,-,-,-,-,-,25.39194444,86.74611111,25-05-2013 00:00,7.61,1035,"",0,451.4,"",81.5,"",31.4,"","","",375,46,63.2,36.1,"","","","","","","","","","",""
2149,Mohaddipur,CGWB,10,Bihar,202,KHAGARIA,PARBATTA,PARBATTA,Mohaddipur,-,-,-,-,-,-,25.39194444,86.74611111,25-05-2016 00:00,7.6,608,395.2,0,287,"",35.46,"",18.7,"",9.1,"",180,26,27.6,46,"","","","","","","","","","",""
2150,Mohaddipur,CGWB,10,Bihar,202,KHAGARIA,PARBATTA,PARBATTA,Mohaddipur,-,-,-,-,-,-,25.39194444,86.74611111,30-05-2019 08:00,8.612,622,758.55,21,280.8245,"",46.085,"","","","","",275,22.0176,53.38738,48.79,"","","","","","","","","","",""
2151,Mohaddipur,CGWB,10,Bihar,202,KHAGARIA,PARBATTA,PARBATTA,Mohaddipur,-,-,-,-,-,-,25.39194444,86.74611111,30-05-2020 08:00,8.612,622,"","",280.8245,"",46.085,"","","","","","",22.0176,53.38738,48.79,"","","","","","","","","","",""
2152,Mohamadpur,CGWB,10,Bihar,197,GOPALGANJ,BARAULI,BARAULI,Mohamadpur,-,-,-,-,-,-,26.35361111,84.71222222,25-05-2001 00:00,7.37,1000,"",0,476,"",43,"","","","","",390,28,78,30,"","","","","","","","","","",""
2153,Mohamadpur,CGWB,10,Bihar,197,GOPALGANJ,BARAULI,BARAULI,Mohamadpur,-,-,-,-,-,-,26.34611111,84.69638889,25-05-2002 00:00,8.7,978,"","","","","","","","","","","","","","","","","","","","","","","","",""
2154,Mohania,CGWB,10,Bihar,200,KAIMUR,MOHANIA,MOHANIA,Mohania,-,-,-,-,-,-,25.17138889,83.61972222,25-05-2005 00:00,7.64,1050,"",0,311,"",14,"","","","","",320,60,41.41,64,"","","","","","","","","","",""
2155,Mohania,CGWB,10,Bihar,200,KAIMUR,MOHANIA,MOHANIA,Mohania,-,-,-,-,-,-,25.17138889,83.61972222,25-05-2011 00:00,7.5,1135,"",0,366,"",170,"","","","","",330,32,60.82,81,"","","","","","","","","","",""
2156,Mohania,CGWB,10,Bihar,200,KAIMUR,MOHANIA,MOHANIA,Mohania,-,-,-,-,-,-,25.17138889,83.61972222,25-05-2013 00:00,7.6,1159,"",0,353.8,"",216.2,"",13.4,"","","",230,58,20.74,176.2,"","","","","","","","","","",""
2157,Mohania,CGWB,10,Bihar,200,KAIMUR,MOHANIA,MOHANIA,Mohania,-,-,-,-,-,-,25.17138889,83.61972222,25-05-2016 00:00,7.78,1240,"",0,323,"",191,"",44,"",13.7,"",510,80,74,27,"","","","","","","","","","",""
2158,Mohania1,CGWB,10,Bihar,200,KAIMUR,BHABUA,BHABUA,Mohania,-,-,-,-,-,-,25.08805556,83.56277778,25-05-2007 00:00,8.78,1530,"",18,195,189.8,391,"","","","","",185,20,33,26.5,"","","","","","","","","","",""
2159,Mohania1,CGWB,10,Bihar,200,KAIMUR,BHABUA,BHABUA,Mohania,-,-,-,-,-,-,25.08805556,83.56277778,25-05-2010 00:00,"",1235,"",0,366,"",170,"","","","","",330,32,61,81,"","","","","","","","","","",""
2160,Mohanpur Usrai,CGWB,10,Bihar,191,BEGUSARAI,BEGUSARAI,BEGUSARAI,Mohanpur Usrai,-,-,-,-,-,-,25.50750000,86.13277778,25-05-2013 00:00,7.36,2335,"",0,471.4,"",382.9,"",84.1,"","","",730,84,126.53,172.1,"","","","","","","","","","",""
2161,Mohanpur Usrai,CGWB,10,Bihar,191,BEGUSARAI,BEGUSARAI,BEGUSARAI,Mohanpur Usrai,-,-,-,-,-,-,25.50750000,86.13277778,25-05-2016 00:00,7.61,342,222.3,0,159,"",14.184,"",9.7,"",1.2,"",125,24,15.6,12,"","","","","","","","","","",""
2162,Mohanpur Usrai,CGWB,10,Bihar,191,BEGUSARAI,BEGUSARAI,BEGUSARAI,Mohanpur Usrai,-,-,-,-,-,-,25.50750000,86.13277778,30-05-2019 08:00,8.2,464.9,225.745,0,250.30008,"",53.175,"","","","","",175,38.0304,19.399029,45.47,"","","","","","","","","","",""
2163,Mohanpur Usrai,CGWB,10,Bihar,191,BEGUSARAI,BEGUSARAI,BEGUSARAI,Mohanpur Usrai,-,-,-,-,-,-,25.50750000,86.13277778,30-05-2020 08:00,8.2,464.9,"","",250.30008,"",53.175,"","","","","","",38.0304,19.399029,45.47,"","","","","","","","","","",""
2164,Mokama,CGWB,10,Bihar,212,PATNA,MOKAMEH,MOKAMEH,Mokama,-,-,-,-,-,-,25.36000000,85.98000000,25-05-2000 00:00,8.67,720,"",42,195,"",57,"","","","","",126,24,15,74,"","","","","","","","","","",""
2165,Mokama,CGWB,10,Bihar,212,PATNA,MOKAMEH,MOKAMEH,Mokama,-,-,-,-,-,-,25.36000000,85.98000000,25-05-2001 00:00,7.52,850,"",0,372,"",43,"","","","","",280,42,43,62,"","","","","","","","","","",""
2166,Mokama,CGWB,10,Bihar,212,PATNA,FATWAH,FATWAH,Mokama,-,-,-,-,-,-,25.50416667,85.29583333,25-05-2005 00:00,8.15,800,"",0,153,"",128,"","","","","",210,20,38.93,81,"","","","","","","","","","",""
2167,Mokama,CGWB,10,Bihar,212,PATNA,MOKAMEH,MOKAMEH,Mokama,-,-,-,-,-,-,25.36000000,85.98000000,25-05-2007 00:00,8.46,590,"","",311,254.9,60.3,"","","","","",200,24,34,51,"","","","","","","","","","",""
2168,Mokama,CGWB,10,Bihar,212,PATNA,MOKAMEH,MOKAMEH,Mokama,-,-,-,-,-,-,25.36000000,85.98000000,25-05-2008 00:00,8.53,660,"",12,171,"",21,"","","","","",135,22,19,35,"","","","","","","","","","",""
2169,Mokama,CGWB,10,Bihar,212,PATNA,FATWAH,FATWAH,Mokama,-,-,-,-,-,-,25.50416667,85.29583333,25-05-2009 00:00,"",871,"",0,171,"",71,"","","","","",290,32,51.1,56,"","","","","","","","","","",""
2170,Mokama,CGWB,10,Bihar,212,PATNA,FATWAH,FATWAH,Mokama,-,-,-,-,-,-,25.50416667,85.29583333,25-05-2013 00:00,7.85,681,"",0,268,"",29,"",0,"","","",200,44,21.94,34,"","","","","","","","","","",""
2171,Mokama,CGWB,10,Bihar,212,PATNA,FATWAH,FATWAH,Mokama,-,-,-,-,-,-,25.50416667,85.29583333,30-05-2021 08:00,8.62,770,"",18,295,"",86,"",2,"","","",252,56,27,46,"","","","","","","","","","",""
2172,Mokhlisa,CGWB,10,Bihar,193,BHOJPUR,KOILWAR,KOILWAR,Mokhlisa,-,-,-,-,-,-,25.60361111,84.75000000,30-05-2021 08:00,7.89,650,"",0,290,"",55,"",10,"","","",230,29,38,41.1,"","","","","","","","","","",""
2173,Motihari,CGWB,10,Bihar,213,PURBA CHAMPARAN,MOTIHARI,MOTIHARI,Motihari,-,-,-,-,-,-,26.65416667,84.91250000,25-05-2008 00:00,8.02,1630,"",0,610,"",160,"","","","","",310,34,55,147,"","","","","","","","","","",""
2174,Motihari,CGWB,10,Bihar,213,PURBA CHAMPARAN,MOTIHARI,MOTIHARI,Motihari,-,-,-,-,-,-,26.65416667,84.91250000,25-05-2009 00:00,"",1632,"",30,488,"",167,"","","","","",290,10,64.44,152,"","","","","","","","","","",""
2175,Motihari,CGWB,10,Bihar,213,PURBA CHAMPARAN,MOTIHARI,MOTIHARI,Motihari,-,-,-,-,-,-,26.65416667,84.91250000,25-05-2010 00:00,"",755,"",0,366,"",43,"","","","","",260,54,30,37,"","","","","","","","","","",""
2176,Motihari,CGWB,10,Bihar,213,PURBA CHAMPARAN,MOTIHARI,MOTIHARI,Motihari,-,-,-,-,-,-,26.65416667,84.91250000,25-05-2013 00:00,8.3,400,"","",207,"",18,"",5,"","","",120,34,8.55,36,"","","","","","","","","","",""
2177,Motihari,CGWB,10,Bihar,213,PURBA CHAMPARAN,MOTIHARI,MOTIHARI,Motihari,-,-,-,-,-,-,26.65416667,84.91250000,25-05-2016 00:00,7.43,344,"",0,122,"",32,"",6.3,"",0.7,"",110,20,14,23,"","","","","","","","","","",""
2178,Motihari1,CGWB,10,Bihar,213,PURBA CHAMPARAN,TURKAULIA,TURKAULIA,Motihari,-,-,-,-,-,-,26.66944444,84.82805556,25-05-2001 00:00,7.76,840,"",0,427,"",36,"","","","","",320,68,36,34,"","","","","","","","","","",""
2179,Motihari1,CGWB,10,Bihar,213,PURBA CHAMPARAN,TURKAULIA,TURKAULIA,Motihari,-,-,-,-,-,-,26.65500000,84.91277778,25-05-2008 00:00,8.02,1630,"",0,610,"",160,"","","","","",310,34,54.75,147,"","","","","","","","","","",""
2180,Motihari1,CGWB,10,Bihar,213,PURBA CHAMPARAN,TURKAULIA,TURKAULIA,Motihari,-,-,-,-,-,-,26.65500000,84.91277778,25-05-2012 00:00,8.3,400,"","",207,"",18,"","","","","",120,34,8.55,36,"","","","","","","","","","",""
2181,Motipur,CGWB,10,Bihar,208,MUZAFFARPUR,BARURAJ (MOTIPUR),BARURAJ (MOTIPUR),Motipur,-,-,-,-,-,-,26.25833333,85.16250000,25-05-2002 00:00,8.46,718,"","","","","","","","","","","","","","","","","","","","","","","","",""
2182,Motipur,CGWB,10,Bihar,208,MUZAFFARPUR,BARURAJ (MOTIPUR),BARURAJ (MOTIPUR),Motipur,-,-,-,-,-,-,26.25833333,85.16250000,25-05-2003 00:00,7.88,660,"","","","","","","","","","","","","","","","","","","","","","","","",""
2183,Motipur,CGWB,10,Bihar,208,MUZAFFARPUR,BARURAJ (MOTIPUR),BARURAJ (MOTIPUR),Motipur,-,-,-,-,-,-,26.25833333,85.16250000,25-05-2006 00:00,8.67,750,"",24,159,"",57,"","","","","",260,14,54.72,4.6,"","","","","","","","","","",""
2184,Murarpatti,CGWB,10,Bihar,222,SIWAN,RAGHUNATHPUR,RAGHUNATHPUR,Murarpatti,-,-,-,-,-,-,25.98583333,84.27027778,30-05-2019 08:00,8.19,1005,436.15,0,390.528,"",120.36,"","","","","",470,98,54.684,14.6,"","","","","","","","","","",""
2185,Murarpatti,CGWB,10,Bihar,222,SIWAN,RAGHUNATHPUR,RAGHUNATHPUR,Murarpatti,-,-,-,-,-,-,25.98583333,84.27027778,30-05-2020 08:00,8.19,1005,"","",390.528,"",120.36,"","","","","","",98,54.684,14.6,"","","","","","","","","","",""
2186,Murarpur,CGWB,10,Bihar,213,PURBA CHAMPARAN,HARSIDHI,HARSIDHI,Murarpur,-,-,-,-,-,-,26.60083333,84.80916667,30-05-2019 08:00,8.08,450,338.65,0,231.876,"",14.16,"","","","","",205,56,15.7976,5,"","","","","","","","","","",""
2187,Murarpur,CGWB,10,Bihar,213,PURBA CHAMPARAN,HARSIDHI,HARSIDHI,Murarpur,-,-,-,-,-,-,26.60083333,84.80916667,30-05-2020 08:00,8.08,450,"","",231.876,"",14.16,"","","","","","",56,15.7976,5,"","","","","","","","","","",""
2188,Muraura,CGWB,10,Bihar,209,NALANDA,BIHARSHARIF,BIHAR,Muraura,-,-,-,-,-,-,25.20305556,85.55222222,25-05-2013 00:00,7.05,938,"",0,439,"",74,"",0,"","","",260,64,24.39,64,"","","","","","","","","","",""
2189,Muraura,CGWB,10,Bihar,209,NALANDA,BIHARSHARIF,BIHAR,Muraura,-,-,-,-,-,-,25.20305556,85.55222222,25-05-2016 00:00,7.22,1130,734.5,0,467.4,"",67.35,"",0,"",33,"",345,84,33,69,"","","","","","","","","","",""
2190,Muraura,CGWB,10,Bihar,209,NALANDA,BIHARSHARIF,BIHAR,Muraura,-,-,-,-,-,-,25.20305556,85.55222222,30-05-2019 08:00,7.8,1021,585,0,488,"",39,"","","","","",290,34,50,92,"","","","","","","","","","",""
2191,Muraura,CGWB,10,Bihar,209,NALANDA,BIHARSHARIF,BIHAR,Muraura,-,-,-,-,-,-,25.20305556,85.55222222,30-05-2020 08:00,7.8,1021,"","",488,"",39,"","","","","","",34,50,92,"","","","","","","","","","",""
2192,Muraura,CGWB,10,Bihar,209,NALANDA,BIHARSHARIF,BIHAR,Muraura,-,-,-,-,-,-,25.20305556,85.55222222,30-05-2021 08:00,7.67,390,"",0,153,"",27,"",23,"","","",145,34,15,22,"","","","","","","","","","",""
2193,Murliganj,CGWB,10,Bihar,205,MADHEPURA,MURLIGANJ,MURLIGANJ,Murliganj,-,-,-,-,-,-,25.88333333,86.98333333,25-05-2003 00:00,7.95,440,"","","","","","","","","","","","","","","","","","","","","","","","",""
2194,Murliganj,CGWB,10,Bihar,205,MADHEPURA,MURLIGANJ,MURLIGANJ,Murliganj,-,-,-,-,-,-,25.88333333,86.98333333,25-05-2007 00:00,8.16,602,"","",244,200,60.3,"","","","","",220,52,21.8,42,"","","","","","","","","","",""
2195,Murliganj,CGWB,10,Bihar,205,MADHEPURA,MURLIGANJ,MURLIGANJ,Murliganj,-,-,-,-,-,-,25.86666667,86.98333333,25-05-2008 00:00,8.28,436,"",0,201,"",36,"","","","","",160,44,12,30,"","","","","","","","","","",""
2196,Murliganj,CGWB,10,Bihar,205,MADHEPURA,MURLIGANJ,MURLIGANJ,Murliganj,-,-,-,-,-,-,25.88333333,86.98333333,25-05-2009 00:00,"",560,"",12,159,"",46,"","","","","",175,36,21,37,"","","","","","","","","","",""
2197,Murliganj,CGWB,10,Bihar,205,MADHEPURA,MURLIGANJ,MURLIGANJ,Murliganj,-,-,-,-,-,-,25.88333333,86.98333333,25-05-2012 00:00,7.73,681,"",0,"","","","","","","","",315,8,72,10,"","","","","","","","","","",""
2198,Murliganj,CGWB,10,Bihar,205,MADHEPURA,MURLIGANJ,MURLIGANJ,Murliganj,-,-,-,-,-,-,25.86666667,86.98333333,25-05-2016 00:00,8.36,879,571.35,12,397,"",53.19,"",19,"",10.2,"",360,70,44.4,28,"","","","","","","","","","",""
2199,Murliganj,CGWB,10,Bihar,205,MADHEPURA,MURLIGANJ,MURLIGANJ,Murliganj,-,-,-,-,-,-,25.88333333,86.98333333,30-05-2019 08:00,8.411,762.3,161.265,42,341.8733,"",70.9,"","","","","",280,44.0352,41.240776,80.48,"","","","","","","","","","",""
2200,Murliganj,CGWB,10,Bihar,205,MADHEPURA,MURLIGANJ,MURLIGANJ,Murliganj,-,-,-,-,-,-,25.88333333,86.98333333,30-05-2020 08:00,8.411,762.3,"","",341.8733,"",70.9,"","","","","","",44.0352,41.240776,80.48,"","","","","","","","","","",""
2201,Mushari,CGWB,10,Bihar,208,MUZAFFARPUR,SAKRA,SAKRA,Mushari,-,-,-,-,-,-,25.92916667,85.56666667,25-05-2009 00:00,"",411,"",0,159,"","","","","","","",190,36,24.3,12,"","","","","","","","","","",""
2202,Mushari,CGWB,10,Bihar,208,MUZAFFARPUR,SAKRA,SAKRA,Mushari,-,-,-,-,-,-,25.92916667,85.56666667,25-05-2011 00:00,7.55,652,"",0,403,"",7.5,"","","","","",230,42,30.44,53,"","","","","","","","","","",""
2203,Mushari,CGWB,10,Bihar,208,MUZAFFARPUR,SAKRA,SAKRA,Mushari,-,-,-,-,-,-,25.92916667,85.56666667,25-05-2012 00:00,8.3,400,"","",214,"",18,"","","","","",180,36,22,13,"","","","","","","","","","",""
2204,Mushari,CGWB,10,Bihar,208,MUZAFFARPUR,SAKRA,SAKRA,Mushari,-,-,-,-,-,-,25.92916667,85.56666667,25-05-2013 00:00,8.3,400,"","",214,"",18,"",12,"","","",180,36,21.93,13,"","","","","","","","","","",""
2205,Mushari tola,CGWB,10,Bihar,224,VAISHALI,-,-,-,-,-,-,-,-,-,25.80388900,85.59777800,30-05-2021 08:00,7.58,113.6,"",0,44.5,"",21.9,"",1.4,"","","",44.2,12.33,3.25,10.7,"","","","","","","","","","",""
2206,Muzaffarpur,CGWB,10,Bihar,208,MUZAFFARPUR,KANTI,KANTI,Muzaffarpur,-,-,-,-,-,-,26.11250000,85.29583333,25-05-2002 00:00,8.18,669,"","","","","","","","","","","","","","","","","","","","","","","","",""
2207,Muzaffarpur,CGWB,10,Bihar,208,MUZAFFARPUR,KANTI,KANTI,Muzaffarpur,-,-,-,-,-,-,26.11250000,85.29583333,25-05-2007 00:00,8.42,1000,"",36,372,364.9,28,"",25,"","","",330,68,39,69,"","","","","","","","","","",""
2208,Muzaffarpur,CGWB,10,Bihar,208,MUZAFFARPUR,KANTI,KANTI,Muzaffarpur,-,-,-,-,-,-,26.11250000,85.29583333,25-05-2009 00:00,"",536,"",12,195,"",7.1,"","","","","",230,8,51,32,"","","","","","","","","","",""
2209,Muzaffarpur,CGWB,10,Bihar,208,MUZAFFARPUR,KANTI,KANTI,Muzaffarpur,-,-,-,-,-,-,26.11250000,85.29583333,25-05-2012 00:00,8.85,710,"",18,244,"",103,"","","","","",290,24,56,40,"","","","","","","","","","",""
2210,Muzaffarpur,CGWB,10,Bihar,208,MUZAFFARPUR,KANTI,KANTI,Muzaffarpur,-,-,-,-,-,-,26.11250000,85.29583333,25-05-2013 00:00,8.85,710,"",18,244,"",103,"",6,"","","",290,24,55.95,40,"","","","","","","","","","",""
2211,Muzaffarpur,CGWB,10,Bihar,208,MUZAFFARPUR,KANTI,KANTI,Muzaffarpur,-,-,-,-,-,-,26.11250000,85.29583333,25-05-2016 00:00,7.73,563,"",0,256,"",32,"",33.8,"",9.9,"",180,34,23,45,"","","","","","","","","","",""
2212,Nabinagar dbib,CGWB,10,Bihar,189,AURANGABAD,NABINAGAR,NABINAGAR,Nabinagar dbib,-,-,-,-,-,-,24.61250000,84.10833333,25-05-2005 00:00,7.9,1100,"",0,418.2,"",106,"","","","","",320,32,58.32,38,"","","","","","","","","","",""
2213,Nabinagar dbib,CGWB,10,Bihar,189,AURANGABAD,NABINAGAR,NABINAGAR,Nabinagar dbib,-,-,-,-,-,-,24.60000000,84.12638889,25-05-2010 00:00,"",1080,"",0,427,"",106,"","","","","",315,24,62,84,"","","","","","","","","","",""
2214,Nabinagar dbib,CGWB,10,Bihar,189,AURANGABAD,NABINAGAR,NABINAGAR,Nabinagar dbib,-,-,-,-,-,-,24.61250000,84.10833333,25-05-2011 00:00,7.5,1080,"",0,427,"",106,"","","","","",315,24,62.03,84,"","","","","","","","","","",""
2215,Nabinagar dbib,CGWB,10,Bihar,189,AURANGABAD,NABINAGAR,NABINAGAR,Nabinagar dbib,-,-,-,-,-,-,24.61250000,84.10833333,25-05-2013 00:00,7.59,1056,"",0,359.9,"",85.1,"",25.5,"","","",315,44,49.9,54,"","","","","","","","","","",""
2216,Nabinagar dbib,CGWB,10,Bihar,189,AURANGABAD,NABINAGAR,NABINAGAR,Nabinagar dbib,-,-,-,-,-,-,24.61250000,84.10833333,25-05-2016 00:00,7.57,1216,790.4,0,463.65,"",109.89,"",32.86,"",4.25,"",315,46,48.6,108.24,"","","","","","","","","","",""
2217,Nabinagar dbib,CGWB,10,Bihar,189,AURANGABAD,NABINAGAR,NABINAGAR,Nabinagar dbib,-,-,-,-,-,-,24.60000000,84.12638889,25-05-2016 00:00,7.57,1216,790.4,0,463.65,"",109.89,"",32.86,"",4.25,"",315,46,48.6,108.24,"","","","","","","","","","",""
2218,Nagra,CGWB,10,Bihar,218,SARAN,CHAPRA,CHAPRA,Nagra,-,-,-,-,-,-,25.82583333,84.72777778,25-05-2008 00:00,7.42,1640,"",0,305,"",309,"","","","","",565,142,51,104,"","","","","","","","","","",""
2219,Nagra,CGWB,10,Bihar,218,SARAN,CHAPRA,CHAPRA,Nagra,-,-,-,-,-,-,25.82583333,84.72777778,25-05-2013 00:00,7.81,1670,"",0,475.8,"",170.2,"",74.8,"","","",380,96,34,198,"","","","","","","","","","",""
2220,Nagra,CGWB,10,Bihar,218,SARAN,CHAPRA,CHAPRA,Nagra,-,-,-,-,-,-,25.82583333,84.72777778,25-05-2016 00:00,7.65,495,321.75,0,190.65,"",35.45,"",27,"",28,"",155,20,14.58,58,"","","","","","","","","","",""
2221,Nagra,CGWB,10,Bihar,218,SARAN,CHAPRA,CHAPRA,Nagra,-,-,-,-,-,-,25.82583333,84.72777778,30-05-2019 08:00,7.8,893,520.65,0,262.386,"",120.36,"","","","","",425,94,46.1776,6.21,"","","","","","","","","","",""
2222,Nagra,CGWB,10,Bihar,218,SARAN,CHAPRA,CHAPRA,Nagra,-,-,-,-,-,-,25.82583333,84.72777778,30-05-2020 08:00,7.8,893,"","",262.386,"",120.36,"","","","","","",94,46.1776,6.21,"","","","","","","","","","",""
2223,Nagra,CGWB,10,Bihar,218,SARAN,CHAPRA,CHAPRA,Nagra,-,-,-,-,-,-,25.82583333,84.72777778,30-05-2021 08:00,7.13,100,"",0,37,"",8,"",5,"","","",37,8,4,3.7,"","","","","","","","","","",""
2224,Nalanda,CGWB,10,Bihar,209,NALANDA,RAJGIR,RAJGIR,Nalanda,-,-,-,-,-,-,25.13555556,85.44555556,25-05-2013 00:00,7.1,1060,"",0,482,"",79.2,"",59.7,"","","",480,73.7,72,30.1,"","","","","","","","","","",""
2225,Nalanda,CGWB,10,Bihar,209,NALANDA,RAJGIR,RAJGIR,Nalanda,-,-,-,-,-,-,25.13555556,85.44555556,25-05-2016 00:00,8.05,411,267.15,0,165,"",28,"",8.2,"",27,"",105,32,6,38,"","","","","","","","","","",""
2226,Nalanda,CGWB,10,Bihar,209,NALANDA,RAJGIR,RAJGIR,Nalanda,-,-,-,-,-,-,25.13555556,85.44555556,30-05-2019 08:00,7.9,900,715,0,244,"",145.3,"","","","","",280,62,30,69,"","","","","","","","","","",""
2227,Nalanda,CGWB,10,Bihar,209,NALANDA,RAJGIR,RAJGIR,Nalanda,-,-,-,-,-,-,25.13555556,85.44555556,30-05-2020 08:00,7.9,900,"","",244,"",145.3,"","","","","","",62,30,69,"","","","","","","","","","",""
2228,Nalanda,CGWB,10,Bihar,209,NALANDA,RAJGIR,RAJGIR,Nalanda,-,-,-,-,-,-,25.13555556,85.44555556,30-05-2021 08:00,8.1,620,"",0,177,"",72,"",32,"","","",265,70,22,19,"","","","","","","","","","",""
2229,Namidh,CGWB,10,Bihar,224,VAISHALI,-,-,-,-,-,-,-,-,-,25.83194400,85.18111100,30-05-2021 08:00,7.15,90,"",0,16,"",14,"",8,"","","",25,4,4,7.2,"","","","","","","","","","",""
2230,Narahaiya,CGWB,10,Bihar,201,KATIHAR,FALKA,FALKA,Narahaiya,-,-,-,-,-,-,25.49583333,87.24583333,25-05-2007 00:00,8.5,620,"",42,165,205.3,14,"","","","","",190,38,23,25,"","","","","","","","","","",""
2231,Narahaiya,CGWB,10,Bihar,201,KATIHAR,FALKA,FALKA,Narahaiya,-,-,-,-,-,-,25.49583333,87.24583333,25-05-2011 00:00,7.45,721,"",0,305,"",39.05,"","","","","",205,32,30.43,28,"","","","","","","","","","",""
2232,Narahaiya,CGWB,10,Bihar,201,KATIHAR,FALKA,FALKA,Narahaiya,-,-,-,-,-,-,25.49583333,87.24583333,25-05-2013 00:00,7.09,875,"",0,317.2,"",74.4,"",3.1,"","","",270,48,36.5,41.6,"","","","","","","","","","",""
2233,Narahaiya,CGWB,10,Bihar,201,KATIHAR,FALKA,FALKA,Narahaiya,-,-,-,-,-,-,25.49583333,87.24583333,25-05-2016 00:00,7.84,1172,"",0,433.1,"",99.288,"",7.86,"",11.69,"",460,86,58.8,39.49,"","","","","","","","","","",""
2234,Narar,CGWB,10,Bihar,206,MADHUBANI,BASOPATTI,BASOPATTI,Narar,-,-,-,-,-,-,26.52916667,86.10416667,25-05-2008 00:00,8.18,580,"",0,293,"",7.1,"","","","","",175,48,13,46,"","","","","","","","","","",""
2235,Narar,CGWB,10,Bihar,206,MADHUBANI,BASOPATTI,BASOPATTI,Narar,-,-,-,-,-,-,26.53333333,86.10416667,25-05-2009 00:00,"",872,"",0,281,"",107,"","","","","",200,22,35.28,78,"","","","","","","","","","",""
2236,Narar,CGWB,10,Bihar,206,MADHUBANI,BASOPATTI,BASOPATTI,Narar,-,-,-,-,-,-,26.52916667,86.10416667,25-05-2010 00:00,"",656,"",0,305,"",53,"","","","","",220,22,40,36,"","","","","","","","","","",""
2237,Narar,CGWB,10,Bihar,206,MADHUBANI,BASOPATTI,BASOPATTI,Narar,-,-,-,-,-,-,26.53333333,86.10416667,25-05-2011 00:00,8.32,671,"","",252.15,"",77.99,"","","","","",185,34,24.35,61,"","","","","","","","","","",""
2238,Narar,CGWB,10,Bihar,206,MADHUBANI,BASOPATTI,BASOPATTI,Narar,-,-,-,-,-,-,26.53333333,86.10416667,25-05-2012 00:00,8.3,670,"","",246,"",81.58,"","","","","",180,34,23.08,62,"","","","","","","","","","",""
2239,Narar,CGWB,10,Bihar,206,MADHUBANI,BASOPATTI,BASOPATTI,Narar,-,-,-,-,-,-,26.53333333,86.10416667,25-05-2013 00:00,8.08,803,"",0,341.7,"",81.6,"",24,"","","",280,60.1,31.62,54.1,"","","","","","","","","","",""
2240,Narar,CGWB,10,Bihar,206,MADHUBANI,BASOPATTI,BASOPATTI,Narar,-,-,-,-,-,-,26.53333333,86.10416667,30-05-2019 08:00,8.37,1539,239.2,9,393.6,"",237.3,"","","","","",293.7233,24.528,56.474,168.5,"","","","","","","","","","",""
2241,Narar,CGWB,10,Bihar,206,MADHUBANI,BASOPATTI,BASOPATTI,Narar,-,-,-,-,-,-,26.53333333,86.10416667,30-05-2020 08:00,8.37,1539,"","",393.6,"",237.3,"","","","","","",24.528,56.474,168.5,"","","","","","","","","","",""
2242,Narari Kala,CGWB,10,Bihar,189,AURANGABAD,BARUN,BARUN,Narari Kala,-,-,-,-,-,-,24.78750000,84.14944444,25-05-2013 00:00,7.27,673,"",0,195.2,"",74.4,"",21.7,"","","",175,22,29.2,54.8,"","","","","","","","","","",""
2243,Narari Kala,CGWB,10,Bihar,189,AURANGABAD,BARUN,BARUN,Narari Kala,-,-,-,-,-,-,24.78750000,84.14944444,25-05-2016 00:00,7.68,485,315.25,0,239.85,"",35.45,"",9.58,"",4.87,"",135,44,6.07,49.92,"","","","","","","","","","",""
2244,Narari Kala,CGWB,10,Bihar,189,AURANGABAD,BARUN,BARUN,Narari Kala,-,-,-,-,-,-,24.78750000,84.14944444,30-05-2019 08:00,7.9,683,390.65,0,335,"",39.05,"","","","","",200,46,20.655,59,"","","","","","","","","","",""
2245,Narari Kala,CGWB,10,Bihar,189,AURANGABAD,BARUN,BARUN,Narari Kala,-,-,-,-,-,-,24.78750000,84.14944444,30-05-2020 08:00,7.9,683,"","",335,"",39.05,"","","","","","",46,20.655,59,"","","","","","","","","","",""
2246,Narkatiaganj1,CGWB,10,Bihar,211,PASHCHIM CHAMPARAN,NARKATIAGANJ,NARKATIAGANJ,Narkatiaganj,-,-,-,-,-,-,27.10666667,84.48805556,25-05-2001 00:00,6.98,1540,"",0,525,"",149,"","","","","",370,80,41,130,"","","","","","","","","","",""
2247,Nasratpur,CGWB,10,Bihar,193,BHOJPUR,SANDESH,SANDESH,Nasratpur,-,-,-,-,-,-,25.45166667,84.75027778,30-05-2019 08:00,8,699,859.3,0,194,"",43,"","","","","",319,53,32,41,"","","","","","","","","","",""
2248,Nasratpur,CGWB,10,Bihar,193,BHOJPUR,SANDESH,SANDESH,Nasratpur,-,-,-,-,-,-,25.45166667,84.75027778,30-05-2020 08:00,8,699,"","",194,"",43,"","","","","","",53,32,41,"","","","","","","","","","",""
2249,Nasratpur,CGWB,10,Bihar,193,BHOJPUR,SANDESH,SANDESH,Nasratpur,-,-,-,-,-,-,25.45166667,84.75027778,30-05-2021 08:00,8.02,1010,"",0,439,"",83,"",12,"","","",363,104,25,56,"","","","","","","","","","",""
2250,Nasriganj,CGWB,10,Bihar,215,ROHTAS,NASRIGANJ,NASRIGANJ,Nasriganj,-,-,-,-,-,-,25.06250000,84.30416667,25-05-2002 00:00,8.69,303,"","","","","","","","","","","","","","","","","","","","","","","","",""
2251,Nasriganj,CGWB,10,Bihar,215,ROHTAS,NASRIGANJ,NASRIGANJ,Nasriganj,-,-,-,-,-,-,25.06250000,84.30416667,25-05-2005 00:00,7.95,440,"",0,207,"",11,"","","","","",185,60,8.58,12,"","","","","","","","","","",""
2252,Nasriganj,CGWB,10,Bihar,215,ROHTAS,NASRIGANJ,NASRIGANJ,Nasriganj,-,-,-,-,-,-,25.04500000,84.30000000,25-05-2007 00:00,8.52,440,"",6,146,129.7,36,"","","","","",170,34,21,18,"","","","","","","","","","",""
2253,Nasriganj,CGWB,10,Bihar,215,ROHTAS,NASRIGANJ,NASRIGANJ,Nasriganj,-,-,-,-,-,-,25.04500000,84.30000000,25-05-2008 00:00,8.29,301,"",0,177,"",7.1,"","","","","",145,30,17,14,"","","","","","","","","","",""
2254,Nasriganj,CGWB,10,Bihar,215,ROHTAS,NASRIGANJ,NASRIGANJ,Nasriganj,-,-,-,-,-,-,25.04500000,84.30000000,25-05-2010 00:00,"",341,"",0,189,"",3.5,"","","","","",135,28,16,11,"","","","","","","","","","",""
2255,Nasriganj,CGWB,10,Bihar,215,ROHTAS,NASRIGANJ,NASRIGANJ,Nasriganj,-,-,-,-,-,-,25.06250000,84.30416667,25-05-2011 00:00,7.5,341,"",0,189,"",3.5,"","","","","",135,28,15.84,11,"","","","","","","","","","",""
2256,Nasriganj,CGWB,10,Bihar,215,ROHTAS,NASRIGANJ,NASRIGANJ,Nasriganj,-,-,-,-,-,-,25.06250000,84.30416667,25-05-2012 00:00,7.47,310,"",0,200,"",53.28,"",41.09,"","","",156,19.23,40.32,"","","","","","","","","","","",""
2257,Nasriganj,CGWB,10,Bihar,215,ROHTAS,NASRIGANJ,NASRIGANJ,Nasriganj,-,-,-,-,-,-,25.06250000,84.30416667,25-05-2013 00:00,8.03,371,"",0,158.6,"",28.36,"",0,"","","",90,18,10.96,35,"","","","","","","","","","",""
2258,Nasriganj,CGWB,10,Bihar,215,ROHTAS,NASRIGANJ,NASRIGANJ,Nasriganj,-,-,-,-,-,-,25.04500000,84.30000000,25-05-2016 00:00,8.21,307,"",0,122,"",18,"",9,"",3.7,"",95,16,13,19,"","","","","","","","","","",""
2259,Nasriganj,CGWB,10,Bihar,215,ROHTAS,NASRIGANJ,NASRIGANJ,Nasriganj,-,-,-,-,-,-,25.06250000,84.30416667,30-05-2019 08:00,8.4,497,573.3,12,170,"",8,"","","","","",177,29,25,9,"","","","","","","","","","",""
2260,Nasriganj,CGWB,10,Bihar,215,ROHTAS,NASRIGANJ,NASRIGANJ,Nasriganj,-,-,-,-,-,-,25.06250000,84.30416667,30-05-2020 08:00,8.4,497,"","",170,"",8,"","","","","","",29,25,9,"","","","","","","","","","",""
2261,Naubatpur,CGWB,10,Bihar,212,PATNA,NAUBATPUR,NAUBATPUR,Naubatpur,-,-,-,-,-,-,25.50305556,84.96111111,30-05-2019 08:00,8.2,238,183.3,0,92,"",39,"","","","","",100,22,11,14,"","","","","","","","","","",""
2262,Naubatpur,CGWB,10,Bihar,212,PATNA,NAUBATPUR,NAUBATPUR,Naubatpur,-,-,-,-,-,-,25.50305556,84.96111111,30-05-2020 08:00,8.2,238,"","",92,"",39,"","","","","","",22,11,14,"","","","","","","","","","",""
2263,Naubatpur,CGWB,10,Bihar,212,PATNA,NAUBATPUR,NAUBATPUR,Naubatpur,-,-,-,-,-,-,25.50305556,84.96111111,30-05-2021 08:00,7.97,170,"",0,79,"",9,"",2,"","","",70,16,7,5,"","","","","","","","","","",""
2264,Naugachhia h.s,CGWB,10,Bihar,192,BHAGALPUR,GOPALPUR,GOPALPUR,Naugachhia h.s,-,-,-,-,-,-,25.38333333,87.13333333,25-05-2000 00:00,8.55,678,"",18,177,"",64,"","","","","",115,28,11,51,"","","","","","","","","","",""
2265,Naugachhia h.s,CGWB,10,Bihar,192,BHAGALPUR,NAUGACHHIA,NAUGACHHIA,Naugachhia h.s,-,-,-,-,-,-,25.40416667,87.08750000,25-05-2004 00:00,7.03,850,"",0,492,"",36,"","","","","",208,37,27,38,"","","","","","","","","","",""
2266,Naugachhia h.s,CGWB,10,Bihar,192,BHAGALPUR,GOPALPUR,GOPALPUR,Naugachhia h.s,-,-,-,-,-,-,25.38333333,87.13333333,25-05-2007 00:00,8.5,658,"",12,353,309.3,99.4,"","","","","",180,24,29.2,60,"","","","","","","","","","",""
2267,Naugachhia h.s,CGWB,10,Bihar,192,BHAGALPUR,GOPALPUR,GOPALPUR,Naugachhia h.s,-,-,-,-,-,-,25.38333333,87.13333333,25-05-2008 00:00,8.48,480,"",24,189,"",14,"","","","","",210,50,21,69,"","","","","","","","","","",""
2268,Naugachhia h.s,CGWB,10,Bihar,192,BHAGALPUR,GOPALPUR,GOPALPUR,Naugachhia h.s,-,-,-,-,-,-,25.38333333,87.13333333,25-05-2010 00:00,"",525,"",0,305,"",7.1,"","","","","",250,30,42,8,"","","","","","","","","","",""
2269,Naugachhia h.s,CGWB,10,Bihar,192,BHAGALPUR,NAUGACHHIA,NAUGACHHIA,Naugachhia h.s,-,-,-,-,-,-,25.40416667,87.08750000,25-05-2011 00:00,7.71,851,"",0,420.9,"",42.6,"","","","","",235,16,47.43,40,"","","","","","","","","","",""
2270,Naugachhia h.s,CGWB,10,Bihar,192,BHAGALPUR,NAUGACHHIA,NAUGACHHIA,Naugachhia h.s,-,-,-,-,-,-,25.40416667,87.08750000,25-05-2013 00:00,7.46,860,"",0,433.1,"",49.6,"",3.1,"","","",270,30,47.45,60,"","","","","","","","","","",""
2271,Naugachhia h.s,CGWB,10,Bihar,192,BHAGALPUR,GOPALPUR,GOPALPUR,Naugachhia h.s,-,-,-,-,-,-,25.38333333,87.13333333,25-05-2016 00:00,7.7,645,"",0,208.62,"",88.65,"",6.84,"",3.56,"",220,48,24,38.1,"","","","","","","","","","",""
2272,Naurangia,CGWB,10,Bihar,211,PASHCHIM CHAMPARAN,SIDHAW,SIDHAW,Naurangia,-,-,-,-,-,-,27.28222222,83.95277778,25-05-2000 00:00,7.69,523,"",0,390,"",36,"","","","","",140,32,15,30,"","","","","","","","","","",""
2273,Naurangia,CGWB,10,Bihar,211,PASHCHIM CHAMPARAN,SIDHAW,SIDHAW,Naurangia,-,-,-,-,-,-,27.28222222,83.95277778,25-05-2007 00:00,7.82,780,"","",244,200,25,"",92,"","","",340,96,24,16,"","","","","","","","","","",""
2274,Naurangia,CGWB,10,Bihar,211,PASHCHIM CHAMPARAN,SIDHAW,SIDHAW,Naurangia,-,-,-,-,-,-,27.28333333,83.93750000,25-05-2009 00:00,"",489,"",0,152,"",14,"","","","","",145,12,27.97,20,"","","","","","","","","","",""
2275,Naurangia,CGWB,10,Bihar,211,PASHCHIM CHAMPARAN,SIDHAW,SIDHAW,Naurangia,-,-,-,-,-,-,27.28222222,83.95277778,25-05-2016 00:00,7.3,882,"",0,397,"",60,"",4.9,"",8.5,"",305,68,32,44,"","","","","","","","","","",""
2276,Nawabganj,CGWB,10,Bihar,210,NAWADA,SIRDALA,SIRDALA,Nawabganj,-,-,-,-,-,-,24.65027778,85.41833333,30-05-2019 08:00,8.1,472,261.3,0,250,"",35.5,"","","","","",215,40,28,18,"","","","","","","","","","",""
2277,Nawabganj,CGWB,10,Bihar,210,NAWADA,SIRDALA,SIRDALA,Nawabganj,-,-,-,-,-,-,24.65027778,85.41833333,30-05-2020 08:00,8.1,472,"","",250,"",35.5,"","","","","","",40,28,18,"","","","","","","","","","",""
2278,Nawada,CGWB,10,Bihar,213,PURBA CHAMPARAN,HARSIDHI,HARSIDHI,Nawada,-,-,-,-,-,-,26.55833333,84.77083333,25-05-2010 00:00,"",547,"",0,286,"",11,"","","","","",235,30,39,11,"","","","","","","","","","",""
2279,Nawada,CGWB,10,Bihar,213,PURBA CHAMPARAN,TURKAULIA,TURKAULIA,Nawada,-,-,-,-,-,-,26.64583333,84.89166667,25-05-2013 00:00,8.17,500,"",0,262,"",21,"",4,"","","",210,48,21.94,14,"","","","","","","","","","",""
2280,Nawada,CGWB,10,Bihar,213,PURBA CHAMPARAN,TURKAULIA,TURKAULIA,Nawada,-,-,-,-,-,-,26.64583333,84.89166667,25-05-2016 00:00,7.76,529,343.85,0,123,"",63.81,"",71,"",16,"",120,14,21,63.24,"","","","","","","","","","",""
2281,Nawada1,CGWB,10,Bihar,213,PURBA CHAMPARAN,TURKAULIA,TURKAULIA,Nawada,-,-,-,-,-,-,26.64611111,84.89194444,25-05-2002 00:00,8.45,349,"","","","","","","","","","","","","","","","","","","","","","","","",""
2282,Nawada1,CGWB,10,Bihar,213,PURBA CHAMPARAN,TURKAULIA,TURKAULIA,Nawada,-,-,-,-,-,-,26.64611111,84.89194444,25-05-2016 00:00,7.14,655,"",0,244,"",46,"",39.6,"",3.4,"",245,56,25,34,"","","","","","","","","","",""
2283,Nawada2,CGWB,10,Bihar,210,NAWADA,NAWADA,NAWADA,Nawada,-,-,-,-,-,-,24.88611111,85.54444444,25-05-2001 00:00,8.04,590,"",0,287,"",28,"","","","","",235,64,18,18,"","","","","","","","","","",""
2284,Nawada2,CGWB,10,Bihar,210,NAWADA,NAWADA,NAWADA,Nawada,-,-,-,-,-,-,24.88611111,85.54444444,25-05-2007 00:00,8.35,430,"",6,134,119.8,43,"","","","","",150,28,19,25,"","","","","","","","","","",""
2285,Nawada2,CGWB,10,Bihar,210,NAWADA,NAWADA,NAWADA,Nawada,-,-,-,-,-,-,24.88611111,85.54444444,25-05-2010 00:00,"",578,"",0,299,"",28,"","","","","",225,56,21,30,"","","","","","","","","","",""
2286,Nawada2,CGWB,10,Bihar,210,NAWADA,NAWADA,NAWADA,Nawada,-,-,-,-,-,-,24.91250000,85.55000000,25-05-2011 00:00,7.76,600,"",0,305,"",28,"","","","","",210,42,25.58,36,"","","","","","","","","","",""
2287,Nawada2,CGWB,10,Bihar,210,NAWADA,NAWADA,NAWADA,Nawada,-,-,-,-,-,-,24.91250000,85.55000000,25-05-2012 00:00,7.94,506,"",0,219.636,"",42.552,"","","","","",180,40.08,19.49,30,"","","","","","","","","","",""
2288,Nawada2,CGWB,10,Bihar,210,NAWADA,NAWADA,NAWADA,Nawada,-,-,-,-,-,-,24.91250000,85.55000000,25-05-2013 00:00,7.94,506,"",0,219.6,"",42.6,"",0,"","","",180,40.1,19.5,30,"","","","","","","","","","",""
2289,Nawada2,CGWB,10,Bihar,210,NAWADA,NAWADA,NAWADA,Nawada,-,-,-,-,-,-,24.88611111,85.54444444,25-05-2016 00:00,8.23,770,500.5,0,399.75,"",35.45,"",11,"",24,"",325,56,45,54.06,"","","","","","","","","","",""
2290,Nawada2,CGWB,10,Bihar,210,NAWADA,NAWADA,NAWADA,Nawada,-,-,-,-,-,-,24.91250000,85.55000000,30-05-2019 08:00,7.9,402,409.5,0,183,"",31.9,"","","","","",160,26,23,20,"","","","","","","","","","",""
2291,Nawada2,CGWB,10,Bihar,210,NAWADA,NAWADA,NAWADA,Nawada,-,-,-,-,-,-,24.91250000,85.55000000,30-05-2020 08:00,7.9,402,"","",183,"",31.9,"","","","","","",26,23,20,"","","","","","","","","","",""
2292,Nayagaon,CGWB,10,Bihar,218,SARAN,SONEPUR,SONEPUR,Nayagaon,-,-,-,-,-,-,25.76250000,85.08750000,25-05-2002 00:00,8.56,845,"","","","","","","","","","","","","","","","","","","","","","","","",""
2293,Nayagaon,CGWB,10,Bihar,218,SARAN,SONEPUR,SONEPUR,Nayagaon,-,-,-,-,-,-,25.76250000,85.08750000,25-05-2012 00:00,7.27,884,"",0,467.4,"",56.72,"","","","","",165,20,28,127,"","","","","","","","","","",""
2294,Nayagaon,CGWB,10,Bihar,218,SARAN,SONEPUR,SONEPUR,Nayagaon,-,-,-,-,-,-,25.76250000,85.08750000,25-05-2013 00:00,7.72,984,"",0,439.2,"",39,"",20,"","","",140,20,21.9,108,"","","","","","","","","","",""
2295,Nayagaon,CGWB,10,Bihar,218,SARAN,SONEPUR,SONEPUR,Nayagaon,-,-,-,-,-,-,25.76250000,85.08750000,25-05-2016 00:00,8.49,518,336.7,12,195,"",39,"",10,"",25.68,"",140,28,18.22,45,"","","","","","","","","","",""
2296,Nayagram,CGWB,10,Bihar,218,SARAN,SONEPUR,SONEPUR,Nayagram,-,-,-,-,-,-,25.76111111,85.08250000,25-05-2008 00:00,7.65,900,"",0,311,"",92,"","","","","",335,62,44,41,"","","","","","","","","","",""
2297,Nayagram,CGWB,10,Bihar,218,SARAN,SONEPUR,SONEPUR,Nayagram,-,-,-,-,-,-,25.76111111,85.08250000,25-05-2010 00:00,"",810,"",0,317,"",99,"","","","","",205,20,38,52,"","","","","","","","","","",""
2298,Naya Nagar Dularpur,CGWB,10,Bihar,191,BEGUSARAI,BACHHWARA,BACHHWARA,Naya Nagar Dularpur,-,-,-,-,-,-,25.51361111,85.92416667,25-05-2013 00:00,7.4,1463,"",0,323.3,"",230.4,"",74,"","","",440,46,79.07,98.6,"","","","","","","","","","",""
2299,Naya Nagar Dularpur,CGWB,10,Bihar,191,BEGUSARAI,BACHHWARA,BACHHWARA,Naya Nagar Dularpur,-,-,-,-,-,-,25.51361111,85.92416667,25-05-2016 00:00,7.01,731,475.15,0,397,"",14.184,"",14.5,"",1.3,"",320,32,57.6,22,"","","","","","","","","","",""
2300,Neazipur,CGWB,10,Bihar,194,BUXAR,SIMRI,SIMRI,Neazipur,-,-,-,-,-,-,25.67916667,84.14166667,25-05-2002 00:00,8.64,781,"","","","","","","","","","","","","","","","","","","","","","","","",""
2301,Neazipur,CGWB,10,Bihar,194,BUXAR,SIMRI,SIMRI,Neazipur,-,-,-,-,-,-,25.67916667,84.14166667,25-05-2004 00:00,7.73,630,"",0,343,"",64,"","","","","",228,38,32,30,"","","","","","","","","","",""
2302,Neazipur,CGWB,10,Bihar,194,BUXAR,SIMRI,SIMRI,Neazipur,-,-,-,-,-,-,25.67916667,84.14166667,25-05-2008 00:00,8,717,"",0,281,"",82,"","","","","",305,80,26,33,"","","","","","","","","","",""
2303,Neazipur,CGWB,10,Bihar,194,BUXAR,SIMRI,SIMRI,Neazipur,-,-,-,-,-,-,25.67916667,84.14166667,25-05-2010 00:00,"",730,"",0,329,"",64,"","","","","",280,22,55,32,"","","","","","","","","","",""
2304,Neazipur,CGWB,10,Bihar,194,BUXAR,SIMRI,SIMRI,Neazipur,-,-,-,-,-,-,25.67916667,84.14166667,25-05-2011 00:00,7.5,730,"",0,329,"",64,"","","","","",280,22,54.73,32,"","","","","","","","","","",""
2305,Neazipur,CGWB,10,Bihar,194,BUXAR,SIMRI,SIMRI,Neazipur,-,-,-,-,-,-,25.67916667,84.14166667,25-05-2016 00:00,7.6,660,"",0,360,"",18,"",4,"",7,"",240,48,29,45,"","","","","","","","","","",""
2306,Neazipur,CGWB,10,Bihar,194,BUXAR,SIMRI,SIMRI,Neazipur,-,-,-,-,-,-,25.67916667,84.14166667,30-05-2019 08:00,8,479,968.5,0,235,"",6,"","","","","",202,42,24,9,"","","","","","","","","","",""
2307,Neazipur,CGWB,10,Bihar,194,BUXAR,SIMRI,SIMRI,Neazipur,-,-,-,-,-,-,25.67916667,84.14166667,30-05-2020 08:00,8,479,"","",235,"",6,"","","","","","",42,24,9,"","","","","","","","","","",""
2308,Neazipur,CGWB,10,Bihar,194,BUXAR,SIMRI,SIMRI,Neazipur,-,-,-,-,-,-,25.67916667,84.14166667,30-05-2021 08:00,7.84,870,"",0,302,"",97,"",21,"","","",278,45,40,67.1,"","","","","","","","","","",""
2309,Nemdarganj,CGWB,10,Bihar,219,SHEIKHPURA,SHEIKHPURA,SHEIKHPURA,Nemdarganj,-,-,-,-,-,-,25.17027778,85.79250000,30-05-2019 08:00,8.2,537,173.55,0,275,"",24.8,"","","","","",195,24,33,30,"","","","","","","","","","",""
2310,Nemdarganj,CGWB,10,Bihar,219,SHEIKHPURA,SHEIKHPURA,SHEIKHPURA,Nemdarganj,-,-,-,-,-,-,25.17027778,85.79250000,30-05-2020 08:00,8.2,537,"","",275,"",24.8,"","","","","","",24,33,30,"","","","","","","","","","",""
2311,Nemdarganj,CGWB,10,Bihar,219,SHEIKHPURA,SHEIKHPURA,SHEIKHPURA,Nemdarganj,-,-,-,-,-,-,25.17027778,85.79250000,30-05-2021 08:00,8.3,380,"",0,134,"",39,"",25,"","","",138,31,15,22,"","","","","","","","","","",""
2312,New Jafar Nagar,CGWB,10,Bihar,191,BEGUSARAI,SAHEBPUR KAMAL,-,-,-,-,-,-,-,-,25.42638900,86.37555600,30-05-2019 08:00,8.435,347.3,404.43,15,219.77568,"",127.62,"","","","","",180,28.0224,26.685436,72.77,"","","","","","","","","","",""
2313,New Jafar Nagar,CGWB,10,Bihar,191,BEGUSARAI,SAHEBPUR KAMAL,-,-,-,-,-,-,-,-,25.42638900,86.37555600,30-05-2020 08:00,8.435,347.3,"","",219.77568,"",127.62,"","","","","","",28.0224,26.685436,72.77,"","","","","","","","","","",""
2314,Nima Halt,CGWB,10,Bihar,212,PATNA,PUNPUN,-,-,-,-,-,-,-,-,25.46111100,85.12194400,30-05-2021 08:00,8.3,560,"",0,287,"",33,"",1,"","","",226,49,25,23,"","","","","","","","","","",""
2315,Nirmali,CGWB,10,Bihar,223,SUPAUL,NIRMALI,NIRMALI,Nirmali,-,-,-,-,-,-,26.31805556,86.56000000,25-05-2011 00:00,8.22,612,"",0,344.4,"",17.72,"","","","","",290,32,51.1,14,"","","","","","","","","","",""
2316,Nirpur,CGWB,10,Bihar,209,NALANDA,RAJGIR,RAJGIR,Nirpur,-,-,-,-,-,-,25.13722222,85.42194444,30-05-2019 08:00,8.2,1100,448.5,0,122,"",294.2,"","","","","",420,62,64,69,"","","","","","","","","","",""
2317,Nirpur,CGWB,10,Bihar,209,NALANDA,RAJGIR,RAJGIR,Nirpur,-,-,-,-,-,-,25.13722222,85.42194444,30-05-2020 08:00,8.2,1100,"","",122,"",294.2,"","","","","","",62,64,69,"","","","","","","","","","",""
2318,Nischalganj,CGWB,10,Bihar,209,NALANDA,EKANGARSARAI,EKANGARSARAI,Nischalganj,-,-,-,-,-,-,25.20694444,85.31666667,25-05-2001 00:00,8.11,735,"",0,329,"",36,"","","","","",215,44,26,58,"","","","","","","","","","",""
2319,Nischalganj,CGWB,10,Bihar,209,NALANDA,EKANGARSARAI,EKANGARSARAI,Nischalganj,-,-,-,-,-,-,25.20694444,85.31666667,25-05-2008 00:00,7.7,916,"",0,238,"",68,"","","","","",130,14,23,98,"","","","","","","","","","",""
2320,Nischalganj,CGWB,10,Bihar,209,NALANDA,HILSA,HILSA,Nischalganj,-,-,-,-,-,-,25.24583333,85.32500000,25-05-2008 00:00,7.7,916,"",0,238,"",68,"","","","","",130,14,23.11,98,"","","","","","","","","","",""
2321,Nischalganj,CGWB,10,Bihar,209,NALANDA,EKANGARSARAI,EKANGARSARAI,Nischalganj,-,-,-,-,-,-,25.20694444,85.31666667,25-05-2010 00:00,"",1103,"",0,366,"",153,"","","","","",380,72,49,110,"","","","","","","","","","",""
2322,Nischalganj,CGWB,10,Bihar,209,NALANDA,HILSA,HILSA,Nischalganj,-,-,-,-,-,-,25.24583333,85.32500000,25-05-2011 00:00,7.36,1410,"",0,573,"",149,"","","","","",490,94,62.11,94,"","","","","","","","","","",""
2323,Nischalganj,CGWB,10,Bihar,209,NALANDA,HILSA,HILSA,Nischalganj,-,-,-,-,-,-,25.24583333,85.32500000,25-05-2013 00:00,8.64,1150,"",48,268.4,"",156,"",0,"","","",50,16,2.45,186,"","","","","","","","","","",""
2324,Nischalganj,CGWB,10,Bihar,209,NALANDA,EKANGARSARAI,EKANGARSARAI,Nischalganj,-,-,-,-,-,-,25.20694444,85.31666667,25-05-2016 00:00,8.01,984,639.6,0,264.45,"",106.35,"",60,"",24,"",240,56,24,117,"","","","","","","","","","",""
2325,Nokha in temple,CGWB,10,Bihar,215,ROHTAS,DINARA,DINARA,Nokha in temple,-,-,-,-,-,-,25.12500000,84.11250000,25-05-2004 00:00,7.41,960,"",0,485,"",156,"","","","","",275,32,47,100,"","","","","","","","","","",""
2326,Nokha in temple,CGWB,10,Bihar,215,ROHTAS,DINARA,DINARA,Nokha in temple,-,-,-,-,-,-,25.12500000,84.11250000,25-05-2005 00:00,8.43,900,"","",159,"",92,"","","","","",140,24,19.48,91,"","","","","","","","","","",""
2327,Nokha in temple,CGWB,10,Bihar,215,ROHTAS,DINARA,DINARA,Nokha in temple,-,-,-,-,-,-,25.12500000,84.11250000,25-05-2013 00:00,7.79,928,"",0,274.5,"",88.6,"",123.3,"","","",360,48,58,79.3,"","","","","","","","","","",""
2328,Nonepur,CGWB,10,Bihar,224,VAISHALI,-,-,-,-,-,-,-,-,-,25.77500000,85.23888900,30-05-2021 08:00,7.85,365.4,"",0,97.3,"",69.1,"",4.1,"","","",135.8,41.11,8.06,19.7,"","","","","","","","","","",""
2329,Noniatola,CGWB,10,Bihar,212,PATNA,BIKRAM,BIKRAM,Noniatola,-,-,-,-,-,-,25.42083333,84.87027778,25-05-2013 00:00,7.5,1190,"",0,440,"",141.5,"",54.8,"","","",448,97.8,49.6,86.5,"","","","","","","","","","",""
2330,Noniatola,CGWB,10,Bihar,212,PATNA,BIKRAM,BIKRAM,Noniatola,-,-,-,-,-,-,25.42083333,84.87027778,25-05-2016 00:00,7.82,948,616.2,0,301.35,"",109.89,"",41.3,"",9.4,"",205,64,10.9,95.03,"","","","","","","","","","",""
2331,Noniatola,CGWB,10,Bihar,212,PATNA,BIKRAM,BIKRAM,Noniatola,-,-,-,-,-,-,25.42083333,84.87027778,30-05-2019 08:00,8.22,1095,1371.5,0,415,"",46.15,"","","","","",345,66,43.74,68,"","","","","","","","","","",""
2332,Noniatola,CGWB,10,Bihar,212,PATNA,BIKRAM,BIKRAM,Noniatola,-,-,-,-,-,-,25.42083333,84.87027778,30-05-2020 08:00,8.22,1095,"","",415,"",46.15,"","","","","","",66,43.74,68,"","","","","","","","","","",""
2333,Noniatola,CGWB,10,Bihar,212,PATNA,BIKRAM,BIKRAM,Noniatola,-,-,-,-,-,-,25.42083333,84.87027778,30-05-2021 08:00,7.63,280,"",0,113,"",27,"",6,"","","",98,22,10,18,"","","","","","","","","","",""
2334,Norha,CGWB,10,Bihar,223,SUPAUL,RAGHOPUR,RAGHOPUR,Norha,-,-,-,-,-,-,26.33888889,86.85833333,25-05-2003 00:00,7.49,432,"","","","","","","","","","","","","","","","","","","","","","","","",""
2335,Norha,CGWB,10,Bihar,223,SUPAUL,RAGHOPUR,RAGHOPUR,Norha,-,-,-,-,-,-,26.33888889,86.85833333,25-05-2007 00:00,8.2,479,"","",207.4,170,42.6,"","","","","",140,36,12.1,45,"","","","","","","","","","",""
2336,Norha,CGWB,10,Bihar,223,SUPAUL,RAGHOPUR,RAGHOPUR,Norha,-,-,-,-,-,-,26.33888889,86.85833333,25-05-2008 00:00,8.3,388,"","",146,"",28,"","","","","",105,30,7.3,29,"","","","","","","","","","",""
2337,Norha,CGWB,10,Bihar,223,SUPAUL,RAGHOPUR,RAGHOPUR,Norha,-,-,-,-,-,-,26.33888889,86.85833333,25-05-2010 00:00,"",498,"",0,238,"",14,"","","","","",210,56,17,8,"","","","","","","","","","",""
2338,Norha,CGWB,10,Bihar,223,SUPAUL,RAGHOPUR,RAGHOPUR,Norha,-,-,-,-,-,-,26.33888889,86.85833333,25-05-2011 00:00,7.3,400,"",0,226,"",7.1,"","","","","",180,34,23.14,6,"","","","","","","","","","",""
2339,Norha,CGWB,10,Bihar,223,SUPAUL,RAGHOPUR,RAGHOPUR,Norha,-,-,-,-,-,-,26.33888889,86.85833333,30-05-2019 08:00,7.32,319,105.95,0,153.75,"",23.6,"","","","","",130,26,15.795,14.8,"","","","","","","","","","",""
2340,Norha,CGWB,10,Bihar,223,SUPAUL,RAGHOPUR,RAGHOPUR,Norha,-,-,-,-,-,-,26.33888889,86.85833333,30-05-2020 08:00,7.32,319,"","",153.75,"",23.6,"","","","","","",26,15.795,14.8,"","","","","","","","","","",""
2341,Nuawan,CGWB,10,Bihar,200,KAIMUR,DURGAWATI,DURGAWATI,Nuawan,-,-,-,-,-,-,25.29305556,83.53611111,25-05-2002 00:00,8.68,596,"","","","","","","","","","","","","","","","","","","","","","","","",""
2342,Nuawan,CGWB,10,Bihar,200,KAIMUR,DURGAWATI,DURGAWATI,Nuawan,-,-,-,-,-,-,25.29305556,83.53611111,25-05-2005 00:00,8.06,650,"",0,317,"",21,"","","","","",260,50,32.88,23,"","","","","","","","","","",""
2343,Nuawan,CGWB,10,Bihar,200,KAIMUR,DURGAWATI,DURGAWATI,Nuawan,-,-,-,-,-,-,25.29305556,83.53611111,25-05-2007 00:00,8.55,618,"",24,122,140,75,"","","","","",190,26,30,46,"","","","","","","","","","",""
2344,Nuawan,CGWB,10,Bihar,200,KAIMUR,DURGAWATI,DURGAWATI,Nuawan,-,-,-,-,-,-,25.29305556,83.53611111,25-05-2008 00:00,8.2,675,"",0,366,"",43,"","","","","",295,48,43,46,"","","","","","","","","","",""
2345,Nuawan,CGWB,10,Bihar,200,KAIMUR,DURGAWATI,DURGAWATI,Nuawan,-,-,-,-,-,-,25.29305556,83.53611111,25-05-2010 00:00,"",780,"",0,378,"",46,"","","","","",315,88,23,30,"","","","","","","","","","",""
2346,Nuawan,CGWB,10,Bihar,200,KAIMUR,DURGAWATI,DURGAWATI,Nuawan,-,-,-,-,-,-,25.29305556,83.53611111,25-05-2011 00:00,7.5,780,"",0,378,"",46,"","","","","",315,88,23.2,30,"","","","","","","","","","",""
2347,Nuawan,CGWB,10,Bihar,200,KAIMUR,DURGAWATI,DURGAWATI,Nuawan,-,-,-,-,-,-,25.29305556,83.53611111,25-05-2012 00:00,7.58,420,"",0,240,"",31.19,"",15.05,"","","",84,32.06,0.96,"","","","","","","","","","","",""
2348,Nuawan,CGWB,10,Bihar,200,KAIMUR,DURGAWATI,DURGAWATI,Nuawan,-,-,-,-,-,-,25.29305556,83.53611111,25-05-2016 00:00,8.41,2560,"",30,817,"",319,"",67,"",10,"",1170,199,136,16,"","","","","","","","","","",""
2349,Nuawan,CGWB,10,Bihar,200,KAIMUR,DURGAWATI,DURGAWATI,Nuawan,-,-,-,-,-,-,25.29305556,83.53611111,30-05-2019 08:00,8,768,520.65,0,366,"",25,"","","","","",294,35,50,29,"","","","","","","","","","",""
2350,Nuawan,CGWB,10,Bihar,200,KAIMUR,DURGAWATI,DURGAWATI,Nuawan,-,-,-,-,-,-,25.29305556,83.53611111,30-05-2020 08:00,8,768,"","",366,"",25,"","","","","","",35,50,29,"","","","","","","","","","",""
2351,Obra,CGWB,10,Bihar,189,AURANGABAD,OBRA,OBRA,Obra,-,-,-,-,-,-,24.87944444,84.37083333,25-05-2000 00:00,8.3,310,"","",153,"",18,"","","","","",75,18,7.3,28,"","","","","","","","","","",""
2352,Obra,CGWB,10,Bihar,189,AURANGABAD,OBRA,OBRA,Obra,-,-,-,-,-,-,24.90416667,84.39166667,25-05-2004 00:00,7.49,680,"",0,399,"",71,"","","","","",257,37,40,42,"","","","","","","","","","",""
2353,Obra,CGWB,10,Bihar,189,AURANGABAD,OBRA,OBRA,Obra,-,-,-,-,-,-,24.90416667,84.39166667,25-05-2005 00:00,7.68,470,"",0,214,"",14,"","","","","",175,54,9.79,22,"","","","","","","","","","",""
2354,Obra,CGWB,10,Bihar,189,AURANGABAD,OBRA,OBRA,Obra,-,-,-,-,-,-,24.90416667,84.39166667,25-05-2009 00:00,"",577,"",0,305,"",21,"","","","","",140,38,11,78,"","","","","","","","","","",""
2355,Obra,CGWB,10,Bihar,189,AURANGABAD,OBRA,OBRA,Obra,-,-,-,-,-,-,24.87944444,84.37083333,25-05-2010 00:00,"",448,"",0,244,"",14,"","","","","",170,24,27,22,"","","","","","","","","","",""
2356,Obra,CGWB,10,Bihar,189,AURANGABAD,DEO,DEO,Deo,-,-,-,-,-,-,24.65722222,84.43472222,25-05-2010 00:00,"",394,"",0,140,"",7.1,"","","","","",95,36,1.2,9,"","","","","","","","","","",""
2357,Obra,CGWB,10,Bihar,189,AURANGABAD,OBRA,OBRA,Obra,-,-,-,-,-,-,24.90416667,84.39166667,25-05-2011 00:00,7.5,448,"",0,244,"",14,"","","","","",170,24,26.77,22,"","","","","","","","","","",""
2358,Obra,CGWB,10,Bihar,189,AURANGABAD,OBRA,OBRA,Obra,-,-,-,-,-,-,24.90416667,84.39166667,25-05-2013 00:00,7.2,567,"",0,189.1,"",21.3,"",68.7,"","","",205,24,35.28,22,"","","","","","","","","","",""
2359,Obra,CGWB,10,Bihar,189,AURANGABAD,OBRA,OBRA,Obra,-,-,-,-,-,-,24.87944444,84.37083333,25-05-2016 00:00,7.48,410,266.5,0,141.45,"",31.9,"",16.48,"",4.58,"",130,50,1.21,25.7,"","","","","","","","","","",""
2360,Obra,CGWB,10,Bihar,189,AURANGABAD,OBRA,OBRA,Obra,-,-,-,-,-,-,24.90416667,84.39166667,25-05-2016 00:00,7.48,410,266.5,0,141.45,"",31.9,"",16.48,"",4.58,"",130,50,1.21,25.7,"","","","","","","","","","",""
2361,Obra,CGWB,10,Bihar,189,AURANGABAD,OBRA,OBRA,Obra,-,-,-,-,-,-,24.90416667,84.39166667,30-05-2019 08:00,7.96,601,561.6,0,274.5,"",21.3,"","","","","",230,82,6.075,40,"","","","","","","","","","",""
2362,Obra,CGWB,10,Bihar,189,AURANGABAD,OBRA,OBRA,Obra,-,-,-,-,-,-,24.90416667,84.39166667,30-05-2020 08:00,7.96,601,"","",274.5,"",21.3,"","","","","","",82,6.075,40,"","","","","","","","","","",""
2363,Obra,CGWB,10,Bihar,189,AURANGABAD,OBRA,OBRA,Obra,-,-,-,-,-,-,24.90416667,84.39166667,30-05-2021 08:00,8.45,1310,"",21,468,"",124,"",5,"","","",467,45,86,84,"","","","","","","","","","",""
2364,Pachrukhiya,CGWB,10,Bihar,193,BHOJPUR,KOILWAR,KOILWAR,Pachrukhiya,-,-,-,-,-,-,25.64222222,84.78750000,30-05-2021 08:00,7.75,270,"",0,98,"",27,"",6,"","","",95,30,5,14,"","","","","","","","","","",""
2365,Paligaon,CGWB,10,Bihar,196,GAYA,BELAGANJ,BELAGANJ,Paligaon,-,-,-,-,-,-,24.99750000,84.97222222,25-05-2012 00:00,8.04,676,"",0,207.434,"",56.736,"","","","","",230,48.096,26.79,33,"","","","","","","","","","",""
2366,Paligaon,CGWB,10,Bihar,196,GAYA,BELAGANJ,BELAGANJ,Paligaon,-,-,-,-,-,-,24.99750000,84.97222222,25-05-2013 00:00,8.04,676,"",0,207.4,"",56.7,"",9.6,"","","",230,48.1,26.74,33,"","","","","","","","","","",""
2367,Paligaon,CGWB,10,Bihar,196,GAYA,BELAGANJ,BELAGANJ,Paligaon,-,-,-,-,-,-,24.99750000,84.97222222,25-05-2016 00:00,8.07,478,310.7,0,172.2,"",46.08,"",23.04,"",21,"",125,30,12,59.66,"","","","","","","","","","",""
2368,Pallasi,CGWB,10,Bihar,188,ARARIA,NARPATGANJ,NARPATGANJ,Pallasi,-,-,-,-,-,-,26.32277778,87.23194444,25-05-2013 00:00,7,305,"",0,128.1,"",17.7,"",14.6,"","","",55,18,2.45,27.9,"","","","","","","","","","",""
2369,Pallasi,CGWB,10,Bihar,188,ARARIA,NARPATGANJ,NARPATGANJ,Pallasi,-,-,-,-,-,-,26.32277778,87.23194444,25-05-2016 00:00,7.7,241,"",0,81.74,"",21.276,"",12.98,"",14,"",60,12,7.2,26.02,"","","","","","","","","","",""
2370,Panari,CGWB,10,Bihar,196,GAYA,SHERGHATI,SHERGHATI,Panari,-,-,-,-,-,-,24.59194444,84.94166667,25-05-2001 00:00,8.85,512,"",18,305,"",78,"","","","","",315,90,22,56,"","","","","","","","","","",""
2371,Panaura,CGWB,10,Bihar,221,SITAMARHI,DUMRA,DUMRA,Panaura,-,-,-,-,-,-,26.58666667,85.46694444,25-05-2012 00:00,7.28,301,"",0,104.55,"",7.1,"","","","","",130,36,9.72,8,"","","","","","","","","","",""
2372,Panaura,CGWB,10,Bihar,221,SITAMARHI,DUMRA,DUMRA,Panaura,-,-,-,-,-,-,26.58666667,85.46694444,25-05-2013 00:00,8.2,340,"",0,195.2,"",7.1,"",9.6,"","","",150,44.1,9.72,15.6,"","","","","","","","","","",""
2373,Panaura,CGWB,10,Bihar,221,SITAMARHI,DUMRA,DUMRA,Panaura,-,-,-,-,-,-,26.58666667,85.46694444,30-05-2019 08:00,8.27,309,215.15,0,184.5,"",0.357,"","","","","",104.04493,33.269,5.072,17.51,"","","","","","","","","","",""
2374,Panaura,CGWB,10,Bihar,221,SITAMARHI,DUMRA,DUMRA,Panaura,-,-,-,-,-,-,26.58666667,85.46694444,30-05-2020 08:00,8.27,309,"","",184.5,"",0.357,"","","","","","",33.269,5.072,17.51,"","","","","","","","","","",""
2375,Panchpurwa,CGWB,10,Bihar,211,PASHCHIM CHAMPARAN,CHANPATIA,CHANPATIA,Panchpurwa,-,-,-,-,-,-,26.94444444,84.53888889,25-05-2007 00:00,8.47,520,"",36,177,205.1,14,"",6.2,"","","",210,64,12,15,"","","","","","","","","","",""
2376,Panchpurwa,CGWB,10,Bihar,211,PASHCHIM CHAMPARAN,CHANPATIA,CHANPATIA,Panchpurwa,-,-,-,-,-,-,26.94444444,84.53888889,25-05-2010 00:00,"",350,"",0,183,"",14,"","","","","",140,44,7.3,16,"","","","","","","","","","",""
2377,Panchpurwa,CGWB,10,Bihar,211,PASHCHIM CHAMPARAN,LAURIYA,LAURIYA,Panchpurwa,-,-,-,-,-,-,27.00000000,84.34583333,25-05-2012 00:00,8.3,270,"","",146,"",7,"","","","","",120,40,5,8,"","","","","","","","","","",""
2378,Panchpurwa,CGWB,10,Bihar,211,PASHCHIM CHAMPARAN,LAURIYA,LAURIYA,Panchpurwa,-,-,-,-,-,-,27.00000000,84.34583333,25-05-2013 00:00,8.3,270,"","",146,"",7,"",5,"","","",120,40,5,8,"","","","","","","","","","",""
2379,Pandaul,CGWB,10,Bihar,206,MADHUBANI,PANDAUL,PANDAUL,Pandaul,-,-,-,-,-,-,26.25416667,86.07916667,25-05-2006 00:00,7.77,2100,"","",476,"",227,"","","","","",380,44,66,246,"","","","","","","","","","",""
2380,Pandaul,CGWB,10,Bihar,206,MADHUBANI,PANDAUL,PANDAUL,Pandaul,-,-,-,-,-,-,26.25416667,86.07916667,25-05-2008 00:00,8.24,2300,"",0,622,"",266,"","","","","",500,102,60,242,"","","","","","","","","","",""
2381,Pandaul,CGWB,10,Bihar,206,MADHUBANI,PANDAUL,PANDAUL,Pandaul,-,-,-,-,-,-,26.25416667,86.07944444,30-05-2019 08:00,8.43,368,768.95,12,233.7,"",3.687,"","","","","",94.90535,22,9.697,42.551,"","","","","","","","","","",""
2382,Pandaul,CGWB,10,Bihar,206,MADHUBANI,PANDAUL,PANDAUL,Pandaul,-,-,-,-,-,-,26.25416667,86.07944444,30-05-2020 08:00,8.43,368,"","",233.7,"",3.687,"","","","","","",22,9.697,42.551,"","","","","","","","","","",""
2383,Panjwara,CGWB,10,Bihar,190,BANKA,DHURAIYA,DHURAIYA,Panjwara,-,-,-,-,-,-,24.87916667,87.13333333,25-05-2005 00:00,8.17,390,"",0,128,"",36,"","","","","",90,28,4.9,30,"","","","","","","","","","",""
2384,Panjwara,CGWB,10,Bihar,190,BANKA,DHURAIYA,DHURAIYA,Panjwara,-,-,-,-,-,-,24.87916667,87.13333333,25-05-2008 00:00,8.26,230,"",0,92,"",14,"","","","","",65,18,4.8,18,"","","","","","","","","","",""
2385,Panjwara,CGWB,10,Bihar,190,BANKA,DHURAIYA,DHURAIYA,Panjwara,-,-,-,-,-,-,24.87916667,87.13333333,25-05-2009 00:00,"",565,"",6,226,"",39,"","","","","",180,46,16,28,"","","","","","","","","","",""
2386,Panjwara,CGWB,10,Bihar,190,BANKA,DHURAIYA,DHURAIYA,Panjwara,-,-,-,-,-,-,24.87916667,87.13333333,25-05-2010 00:00,"",125,"",0,67,"",3.5,"","","","","",45,12,3.6,7,"","","","","","","","","","",""
2387,Panjwara,CGWB,10,Bihar,190,BANKA,DHURAIYA,DHURAIYA,Panjwara,-,-,-,-,-,-,24.87916667,87.13333333,25-05-2011 00:00,7.88,125,"",0,67,"",3.5,"","","","","",45,12,3.66,7,"","","","","","","","","","",""
2388,Panjwara,CGWB,10,Bihar,190,BANKA,DHURAIYA,DHURAIYA,Panjwara,-,-,-,-,-,-,24.87916667,87.13333333,25-05-2013 00:00,7.08,260,"",0,98,"",21,"",0,"","","",90,12,14.6,12,"","","","","","","","","","",""
2389,Panjwara,CGWB,10,Bihar,190,BANKA,DHURAIYA,DHURAIYA,Panjwara,-,-,-,-,-,-,24.87916667,87.13333333,25-05-2016 00:00,8,394,256.1,0,221.4,"",7.09,"",31.05,"",16.55,"",110,8,21.87,43.84,"","","","","","","","","","",""
2390,Paparnhosa,CGWB,10,Bihar,209,NALANDA,NOORSARAI,NOORSARAI,Paparnhosa,-,-,-,-,-,-,25.17722222,85.43305556,25-05-2013 00:00,7.9,1949,"",0,610,"",262,"",78,"","","",641,16,146.14,156,"","","","","","","","","","",""
2391,Paparnhosa,CGWB,10,Bihar,209,NALANDA,NOORSARAI,NOORSARAI,Paparnhosa,-,-,-,-,-,-,25.17722222,85.43305556,25-05-2016 00:00,7.41,960,624,0,264.45,"",81.53,"",80,"",30,"",225,66,15,99,"","","","","","","","","","",""
2392,Paranpur,CGWB,10,Bihar,201,KATIHAR,PRANPUR,PRANPUR,Paranpur,-,-,-,-,-,-,25.46805556,87.71777778,25-05-2001 00:00,7.46,660,"",0,238,"",64,"","","","","",210,60,15,49,"","","","","","","","","","",""
2393,Paranpur,CGWB,10,Bihar,201,KATIHAR,BARARI,BARARI,Paranpur,-,-,-,-,-,-,25.47916667,87.24166667,25-05-2009 00:00,"",800,"",0,268,"",82,"","","","","",275,68,26,46,"","","","","","","","","","",""
2394,Paranpur,CGWB,10,Bihar,201,KATIHAR,BARARI,BARARI,Paranpur,-,-,-,-,-,-,25.47916667,87.24166667,25-05-2011 00:00,7.4,624,"",0,207.4,"",60.35,"","","","","",190,34,25.57,28,"","","","","","","","","","",""
2395,Paranpur,CGWB,10,Bihar,201,KATIHAR,BARARI,BARARI,Paranpur,-,-,-,-,-,-,25.47916667,87.24166667,25-05-2013 00:00,6.88,690,"",0,164.7,"",117,"",7.4,"","","",195,38,24.3,57.1,"","","","","","","","","","",""
2396,Paranpur,CGWB,10,Bihar,201,KATIHAR,PRANPUR,PRANPUR,Paranpur,-,-,-,-,-,-,25.46805556,87.71777778,25-05-2016 00:00,8.12,419,"",0,109.8,"",42.552,"",50.64,"",1.65,"",160,34,18,30.9,"","","","","","","","","","",""
2397,Paro,CGWB,10,Bihar,208,MUZAFFARPUR,PAROO,PAROO,Paro,-,-,-,-,-,-,26.10416667,85.11250000,25-05-2003 00:00,7.39,1020,"","","","","","","","","","","","","","","","","","","","","","","","",""
2398,Paro,CGWB,10,Bihar,208,MUZAFFARPUR,PAROO,PAROO,Paro,-,-,-,-,-,-,26.10416667,85.11250000,25-05-2007 00:00,8.02,1310,"",0,244,200,124,"",192,"","","",450,72,66,85,"","","","","","","","","","",""
2399,Paro,CGWB,10,Bihar,208,MUZAFFARPUR,PAROO,PAROO,Paro,-,-,-,-,-,-,26.10416667,85.11250000,25-05-2011 00:00,7.92,1025,"",0,262,"",89,"","","","","",335,64,42.63,77,"","","","","","","","","","",""
2400,Paro,CGWB,10,Bihar,208,MUZAFFARPUR,PAROO,PAROO,Paro,-,-,-,-,-,-,26.10416667,85.11250000,25-05-2012 00:00,8.18,1100,"",0,146,"",145,"","","","","",370,56,56,80,"","","","","","","","","","",""
2401,Paro,CGWB,10,Bihar,208,MUZAFFARPUR,PAROO,PAROO,Paro,-,-,-,-,-,-,26.10416667,85.11250000,25-05-2013 00:00,8.18,1100,"",0,146,"",145,"",220,"","","",370,56,55.99,80,"","","","","","","","","","",""
2402,Paro,CGWB,10,Bihar,208,MUZAFFARPUR,PAROO,PAROO,Paro,-,-,-,-,-,-,26.10416667,85.11250000,25-05-2016 00:00,7.04,1242,"",0,494,"",121,"",40.7,"",1,"",485,84,66,55,"","","","","","","","","","",""
2403,Parsarma,CGWB,10,Bihar,223,SUPAUL,RAGHOPUR,RAGHOPUR,Parsarma,-,-,-,-,-,-,26.32666667,86.83805556,30-05-2019 08:00,8.26,163,154.7,0,79.95,"",7.83,"","","","","",65,8,10.935,6.04,"","","","","","","","","","",""
2404,Parsarma,CGWB,10,Bihar,223,SUPAUL,RAGHOPUR,RAGHOPUR,Parsarma,-,-,-,-,-,-,26.32666667,86.83805556,30-05-2020 08:00,8.26,163,"","",79.95,"",7.83,"","","","","","",8,10.935,6.04,"","","","","","","","","","",""
2405,Parwalpur,CGWB,10,Bihar,209,NALANDA,EKANGARSARAI,EKANGARSARAI,Parwalpur,-,-,-,-,-,-,25.20805556,85.36750000,25-05-2013 00:00,7.09,730,"",0,190,"",90.6,"",77.7,"","","",152,30.5,18.45,111.2,"","","","","","","","","","",""
2406,Parwalpur,CGWB,10,Bihar,209,NALANDA,EKANGARSARAI,EKANGARSARAI,Parwalpur,-,-,-,-,-,-,25.20805556,85.36750000,25-05-2016 00:00,7.79,1130,734.5,0,430.5,"",106.35,"",48,"",31,"",345,84,33,94,"","","","","","","","","","",""
2407,Parwalpur,CGWB,10,Bihar,209,NALANDA,EKANGARSARAI,EKANGARSARAI,Parwalpur,-,-,-,-,-,-,25.20805556,85.36750000,30-05-2019 08:00,7.9,690,429,0,244,"",56.7,"","","","","",185,36,23,69,"","","","","","","","","","",""
2408,Parwalpur,CGWB,10,Bihar,209,NALANDA,EKANGARSARAI,EKANGARSARAI,Parwalpur,-,-,-,-,-,-,25.20805556,85.36750000,30-05-2020 08:00,7.9,690,"","",244,"",56.7,"","","","","","",36,23,69,"","","","","","","","","","",""
2409,Parwalpur 1,CGWB,10,Bihar,209,NALANDA,EKANGARSARAI,EKANGARSARAI,Parwalpur,-,-,-,-,-,-,25.20138889,85.35222222,30-05-2021 08:00,7.59,400,"",0,220,"",10,"",8,"","","",160,32,19,15,"","","","","","","","","","",""
2410,Patahi,CGWB,10,Bihar,213,PURBA CHAMPARAN,PATAHI,PATAHI,Patahi,-,-,-,-,-,-,26.57500000,85.17083333,25-05-2002 00:00,8.63,411,"","","","","","","","","","","","","","","","","","","","","","","","",""
2411,Patahi,CGWB,10,Bihar,213,PURBA CHAMPARAN,PATAHI,PATAHI,Patahi,-,-,-,-,-,-,26.57500000,85.17083333,25-05-2010 00:00,"",478,"",0,238,"",25,"","","","","",185,68,3.6,19,"","","","","","","","","","",""
2412,Patahi,CGWB,10,Bihar,213,PURBA CHAMPARAN,PATAHI,PATAHI,Patahi,-,-,-,-,-,-,26.57500000,85.17083333,25-05-2012 00:00,8.3,280,"","",159,"",11,"","","","","",110,26,10.97,18,"","","","","","","","","","",""
2413,Patahi,CGWB,10,Bihar,213,PURBA CHAMPARAN,PATAHI,PATAHI,Patahi,-,-,-,-,-,-,26.57500000,85.17083333,25-05-2013 00:00,8.3,282,"","",159,"",11,"",5,"","","",110,26,10.97,18,"","","","","","","","","","",""
2414,Patahi,CGWB,10,Bihar,213,PURBA CHAMPARAN,PATAHI,PATAHI,Patahi,-,-,-,-,-,-,26.57500000,85.17083333,25-05-2016 00:00,8,504,"",0,207,"",35,"",27.9,"",4.9,"",165,26,24,41,"","","","","","","","","","",""
2415,Patahi,CGWB,10,Bihar,213,PURBA CHAMPARAN,PATAHI,PATAHI,Patahi,-,-,-,-,-,-,26.57500000,85.17083333,30-05-2019 08:00,7.9,521,328.25,0,231.876,"",38.94,"","","","","",190,40,21.8736,19.99,"","","","","","","","","","",""
2416,Patahi,CGWB,10,Bihar,213,PURBA CHAMPARAN,PATAHI,PATAHI,Patahi,-,-,-,-,-,-,26.57500000,85.17083333,30-05-2020 08:00,7.9,521,"","",231.876,"",38.94,"","","","","","",40,21.8736,19.99,"","","","","","","","","","",""
2417,Patapara,CGWB,10,Bihar,217,SAMASTIPUR,BIBHUTPUR,BIBHUTPUR,Patapara,-,-,-,-,-,-,25.77861111,85.91888889,30-05-2019 08:00,7.12,570,440.7,0,189.162,"",28.32,"","","","","",240,22,44.9624,12.4,"","","","","","","","","","",""
2418,Patapara,CGWB,10,Bihar,217,SAMASTIPUR,BIBHUTPUR,BIBHUTPUR,Patapara,-,-,-,-,-,-,25.77861111,85.91888889,30-05-2020 08:00,7.12,570,"","",189.162,"",28.32,"","","","","","",22,44.9624,12.4,"","","","","","","","","","",""
2419,Pataya,CGWB,10,Bihar,189,AURANGABAD,MADANPUR,MADANPUR,Pataya,-,-,-,-,-,-,24.65416667,84.41083333,25-05-2013 00:00,7.4,489,"",0,115.9,"",63.8,"",17.3,"","","",145,16,25.55,31.7,"","","","","","","","","","",""
2420,Pataya,CGWB,10,Bihar,189,AURANGABAD,MADANPUR,MADANPUR,Pataya,-,-,-,-,-,-,24.65416667,84.41083333,25-05-2016 00:00,7.67,1100,715,0,430.5,"",99.26,"",31.84,"",4.54,"",230,38,32.8,138.59,"","","","","","","","","","",""
2421,Pataya,CGWB,10,Bihar,189,AURANGABAD,MADANPUR,MADANPUR,Pataya,-,-,-,-,-,-,24.65416667,84.41083333,30-05-2019 08:00,8.01,864,772.85,0,390,"",35.5,"","","","","",265,42,38.88,65,"","","","","","","","","","",""
2422,Pataya,CGWB,10,Bihar,189,AURANGABAD,MADANPUR,MADANPUR,Pataya,-,-,-,-,-,-,24.65416667,84.41083333,30-05-2020 08:00,8.01,864,"","",390,"",35.5,"","","","","","",42,38.88,65,"","","","","","","","","","",""
2423,Patepur,CGWB,10,Bihar,224,VAISHALI,PATEPUR,PATEPUR,Patepur,-,-,-,-,-,-,25.86666667,85.56250000,25-05-2003 00:00,7.51,681,"","","","","","","","","","","","","","","","","","","","","","","","",""
2424,Patepur,CGWB,10,Bihar,224,VAISHALI,PATEPUR,PATEPUR,Patepur,-,-,-,-,-,-,25.86666667,85.56250000,25-05-2006 00:00,7.84,886,"","",317,"",78,"","","","","",270,38,43,78,"","","","","","","","","","",""
2425,Patepur,CGWB,10,Bihar,224,VAISHALI,PATEPUR,PATEPUR,Patepur,-,-,-,-,-,-,25.86666667,85.56250000,25-05-2007 00:00,7.89,650,"","",256,209.8,53,"","","","","",215,40,28,39,"","","","","","","","","","",""
2426,Patepur,CGWB,10,Bihar,224,VAISHALI,PATEPUR,PATEPUR,Patepur,-,-,-,-,-,-,25.86666667,85.56250000,25-05-2010 00:00,"",548,"",0,323,"","","","","","","",130,14,23,32,"","","","","","","","","","",""
2427,Patepur,CGWB,10,Bihar,224,VAISHALI,PATEPUR,PATEPUR,Patepur,-,-,-,-,-,-,25.86666667,85.56250000,25-05-2011 00:00,8.74,707,"",24,445.3,"",35.5,"","","","","",275,50,36.53,54,"","","","","","","","","","",""
2428,Patepur,CGWB,10,Bihar,224,VAISHALI,PATEPUR,PATEPUR,Patepur,-,-,-,-,-,-,25.86666667,85.56250000,25-05-2012 00:00,7.91,555,"",0,276.8,"",31.91,"","","","","",155,12,30,54,"","","","","","","","","","",""
2429,Patepur,CGWB,10,Bihar,224,VAISHALI,PATEPUR,PATEPUR,Patepur,-,-,-,-,-,-,25.86666667,85.56250000,25-05-2013 00:00,7.49,635,"",0,262,"",31.9,"",50,"","","",190,42,20.72,54,"","","","","","","","","","",""
2430,Patepur,CGWB,10,Bihar,224,VAISHALI,PATEPUR,PATEPUR,Patepur,-,-,-,-,-,-,25.86666667,85.56250000,25-05-2016 00:00,7.64,889,577.85,0,202.95,"",148.89,"",18.5,"",5.6,"",325,60,45.52,54.78,"","","","","","","","","","",""
2431,Patna-city,CGWB,10,Bihar,212,PATNA,PATNA RURAL (B),PATNA RURAL (B),Patna-city,-,-,-,-,-,-,25.60305556,85.19027778,25-05-2000 00:00,8.53,1300,"",42,237,"",110,"","","","","",210,28,34,150,"","","","","","","","","","",""
2432,Patna-City,CGWB,10,Bihar,212,PATNA,PATNA RURAL (B),-,-,-,-,-,-,-,-,25.60416667,85.20416667,25-05-2002 00:00,7.7,1021,"","","","","","","","","","","","","","","","","","","","","","","","",""
2433,Patna-City,CGWB,10,Bihar,212,PATNA,PATNA RURAL (B),-,-,-,-,-,-,-,-,25.60416667,85.20416667,25-05-2008 00:00,7.8,1305,"",0,281,"",124,"","","","","",160,16,29.2,135,"","","","","","","","","","",""
2434,Patna-City,CGWB,10,Bihar,212,PATNA,PATNA RURAL (B),-,-,-,-,-,-,-,-,25.60416667,85.20416667,25-05-2011 00:00,8.06,720,"",0,366,"",28,"","","","","",235,64,18.31,56,"","","","","","","","","","",""
2435,Patna-City,CGWB,10,Bihar,212,PATNA,PATNA RURAL (B),-,-,-,-,-,-,-,-,25.60416667,85.20416667,25-05-2012 00:00,8.2,627,"",0,134.222,"",58.104,"","","","","",200,36.072,26.78,49,"","","","","","","","","","",""
2436,Patna-City,CGWB,10,Bihar,212,PATNA,PATNA RURAL (B),-,-,-,-,-,-,-,-,25.60416667,85.20416667,25-05-2013 00:00,8.2,627,"",0,134.2,"",85.1,"",33.6,"","","",200,36.1,26.8,49,"","","","","","","","","","",""
2437,Patna-City,CGWB,10,Bihar,212,PATNA,PATNA RURAL (B),-,-,-,-,-,-,-,-,25.60416667,85.20416667,25-05-2016 00:00,8.21,638,414.7,0,145.6,"",74.45,"",34,"",36,"",205,42,23.08,49.58,"","","","","","","","","","",""
2438,Patna-City,CGWB,10,Bihar,212,PATNA,PATNA RURAL (B),-,-,-,-,-,-,-,-,25.60416667,85.20416667,30-05-2019 08:00,7.9,842,146.9,0,244,"",124.1,"","","","","",220,28,36,95,"","","","","","","","","","",""
2439,Patna-City,CGWB,10,Bihar,212,PATNA,PATNA RURAL (B),-,-,-,-,-,-,-,-,25.60416667,85.20416667,30-05-2020 08:00,7.9,842,"","",244,"",124.1,"","","","","","",28,36,95,"","","","","","","","","","",""
2440,Patna-City,CGWB,10,Bihar,212,PATNA,PATNA RURAL (B),-,-,-,-,-,-,-,-,25.60416667,85.20416667,30-05-2021 08:00,8.19,780,"",0,242,"",79,"",58,"","","",152,10,31,101.4,"","","","","","","","","","",""
2441,Patodibazar,CGWB,10,Bihar,216,SAHARSA,KAHARA,KAHARA,Patodibazar,-,-,-,-,-,-,25.97916667,86.55416667,25-05-2003 00:00,7.61,950,"","","","","","","","","","","","","","","","","","","","","","","","",""
2442,Patodibazar,CGWB,10,Bihar,216,SAHARSA,KAHARA,KAHARA,Patodibazar,-,-,-,-,-,-,25.97916667,86.55416667,25-05-2005 00:00,8.1,1250,"",0,354,"",114,"","","","","",340,44,55.97,110,"","","","","","","","","","",""
2443,Patodibazar,CGWB,10,Bihar,216,SAHARSA,KAHARA,KAHARA,Patodibazar,-,-,-,-,-,-,25.96666667,86.55277778,25-05-2008 00:00,8,1008,"",0,366,"",114,"","","","","",350,86,33,80,"","","","","","","","","","",""
2444,Patodibazar,CGWB,10,Bihar,216,SAHARSA,KAHARA,KAHARA,Patodibazar,-,-,-,-,-,-,25.97916667,86.55416667,25-05-2009 00:00,"",1250,"",0,403,"",153,"","","","","",460,104,49,60,"","","","","","","","","","",""
2445,Patodibazar,CGWB,10,Bihar,216,SAHARSA,KAHARA,KAHARA,Patodibazar,-,-,-,-,-,-,25.97916667,86.55416667,25-05-2012 00:00,7.62,873,"",0,354,"",67,"","","","","",280,6,64.44,33,"","","","","","","","","","",""
2446,Patodibazar,CGWB,10,Bihar,216,SAHARSA,KAHARA,KAHARA,Patodibazar,-,-,-,-,-,-,25.97916667,86.55416667,25-05-2013 00:00,8.77,912,"",9,354,"",85.1,"",26.9,"","","",280,6,64.44,60.2,"","","","","","","","","","",""
2447,Patodibazar,CGWB,10,Bihar,216,SAHARSA,KAHARA,KAHARA,Patodibazar,-,-,-,-,-,-,25.96666667,86.55277778,25-05-2016 00:00,7.97,728,473.2,0,305,"",53.19,"",21.6,"",3.4,"",275,40,42,30,"","","","","","","","","","",""
2448,Patodibazar,CGWB,10,Bihar,216,SAHARSA,KAHARA,KAHARA,Patodibazar,-,-,-,-,-,-,25.97916667,86.55416667,25-05-2016 00:00,8.63,783,508.95,30,244,"",53.19,"",18.4,"",0.8,"",220,40,28.8,62,"","","","","","","","","","",""
2449,Patohi,CGWB,10,Bihar,221,SITAMARHI,RUNISAIDPUR,RUNISAIDPUR,Patohi,-,-,-,-,-,-,26.35888889,85.43500000,25-05-2002 00:00,8.48,704,"","","","","","","","","","","","","","","","","","","","","","","","",""
2450,Patrehi,CGWB,10,Bihar,222,SIWAN,MAHARAJGANJ,MAHARAJGANJ,Patrehi,-,-,-,-,-,-,26.13333333,84.54166667,25-05-2009 00:00,"",2217,"",0,602.7,"",249,"","","","","",475,16,106,166,"","","","","","","","","","",""
2451,Patrehi,CGWB,10,Bihar,222,SIWAN,MAHARAJGANJ,MAHARAJGANJ,Patrehi,-,-,-,-,-,-,26.13333333,84.54166667,25-05-2012 00:00,7.33,2370,"",0,602.7,"",290.69,"","","","","",475,16,106,270,"","","","","","","","","","",""
2452,Patrehi,CGWB,10,Bihar,222,SIWAN,MAHARAJGANJ,MAHARAJGANJ,Patrehi,-,-,-,-,-,-,26.13333333,84.54166667,25-05-2013 00:00,7.39,2270,"",0,602.7,"",290.7,"",52,"","","",445,62,70.58,261,"","","","","","","","","","",""
2453,Patrehi,CGWB,10,Bihar,222,SIWAN,MAHARAJGANJ,MAHARAJGANJ,Patrehi,-,-,-,-,-,-,26.13333333,84.54166667,25-05-2016 00:00,7.15,800,520,0,332.1,"",18,"",21,"",23,"",105,22,12,86,"","","","","","","","","","",""
2454,Pauna,CGWB,10,Bihar,193,BHOJPUR,SANDESH,SANDESH,Pauna,-,-,-,-,-,-,25.40638889,84.62861111,30-05-2019 08:00,8,1322,382.2,0,464,"",189,"","","","","",387,26,78,112,"","","","","","","","","","",""
2455,Pauna,CGWB,10,Bihar,193,BHOJPUR,SANDESH,SANDESH,Pauna,-,-,-,-,-,-,25.40638889,84.62861111,30-05-2020 08:00,8,1322,"","",464,"",189,"","","","","","",26,78,112,"","","","","","","","","","",""
2456,Pauna,CGWB,10,Bihar,193,BHOJPUR,SANDESH,SANDESH,Pauna,-,-,-,-,-,-,25.40638889,84.62861111,30-05-2021 08:00,7.82,1050,"",0,294,"",139,"",59,"","","",319,74,33,79,"","","","","","","","","","",""
2457,Pawapuri,CGWB,10,Bihar,209,NALANDA,RAJGIR,RAJGIR,Pawapuri,-,-,-,-,-,-,25.09972222,85.53388889,25-05-2001 00:00,8.55,500,"",12,140,"",36,"","","","","",145,52,3.6,35,"","","","","","","","","","",""
2458,Pawapuri,CGWB,10,Bihar,209,NALANDA,GIRIAK,GIRIAK,Pawapuri,-,-,-,-,-,-,25.10000000,85.55000000,25-05-2008 00:00,8.1,432,"",0,177,"",25,"","","","","",40,14,1.23,32,"","","","","","","","","","",""
2459,Pawapuri,CGWB,10,Bihar,209,NALANDA,RAJGIR,RAJGIR,Pawapuri,-,-,-,-,-,-,25.09972222,85.53388889,25-05-2008 00:00,8.1,432,"",0,177,"",25,"","","","","",40,14,1.2,32,"","","","","","","","","","",""
2460,Pawapuri,CGWB,10,Bihar,209,NALANDA,GIRIAK,GIRIAK,Pawapuri,-,-,-,-,-,-,25.10000000,85.55000000,25-05-2009 00:00,"",650,"",0,207,"",28,"","","","","",240,32,38.94,32,"","","","","","","","","","",""
2461,Pawapuri,CGWB,10,Bihar,209,NALANDA,GIRIAK,GIRIAK,Pawapuri,-,-,-,-,-,-,25.10000000,85.55000000,25-05-2013 00:00,8.47,435,"",36,109.8,"",42.6,"",0,"","","",140,32.1,14.57,30,"","","","","","","","","","",""
2462,Pawapuri,CGWB,10,Bihar,209,NALANDA,GIRIAK,GIRIAK,Pawapuri,-,-,-,-,-,-,25.10000000,85.55000000,25-05-2016 00:00,7.6,886,575.9,0,209.1,"",63.81,"",77,"",26,"",215,40,27.94,83,"","","","","","","","","","",""
2463,Pawapuri,CGWB,10,Bihar,209,NALANDA,GIRIAK,GIRIAK,Pawapuri,-,-,-,-,-,-,25.10000000,85.55000000,30-05-2019 08:00,8,660,312,0,244,"",70.9,"","","","","",250,50,30,32,"","","","","","","","","","",""
2464,Pawapuri,CGWB,10,Bihar,209,NALANDA,GIRIAK,GIRIAK,Pawapuri,-,-,-,-,-,-,25.10000000,85.55000000,30-05-2020 08:00,8,660,"","",244,"",70.9,"","","","","","",50,30,32,"","","","","","","","","","",""
2465,Pawapuri,CGWB,10,Bihar,209,NALANDA,GIRIAK,GIRIAK,Pawapuri,-,-,-,-,-,-,25.10000000,85.55000000,30-05-2021 08:00,8.4,700,"",3,378,"",28,"",7,"","","",46,18,58,48,"","","","","","","","","","",""
2466,Peernagar,CGWB,10,Bihar,191,BEGUSARAI,BAKHRI,BAKHRI,Peernagar,-,-,-,-,-,-,25.56777778,86.18861111,30-05-2019 08:00,7.5,491,473.85,0,183.06,"",31.86,"","","","","",200,40,24.304,10.3,"","","","","","","","","","",""
2467,Peernagar,CGWB,10,Bihar,191,BEGUSARAI,BAKHRI,BAKHRI,Peernagar,-,-,-,-,-,-,25.56777778,86.18861111,30-05-2020 08:00,7.5,491,"","",183.06,"",31.86,"","","","","","",40,24.304,10.3,"","","","","","","","","","",""
2468,Phulparas,CGWB,10,Bihar,206,MADHUBANI,PANDAUL,PANDAUL,Phulparas,-,-,-,-,-,-,26.26250000,86.10000000,25-05-2004 00:00,7.41,1665,"",0,562,"",288,"","","","","",413,111,33,194,"","","","","","","","","","",""
2469,Phulparas,CGWB,10,Bihar,206,MADHUBANI,PANDAUL,PANDAUL,Phulparas,-,-,-,-,-,-,26.26250000,86.10000000,25-05-2011 00:00,8.21,1365,"",0,405.9,"",166.61,"","","","","",315,24,62.03,112,"","","","","","","","","","",""
2470,Phulparas1,CGWB,10,Bihar,206,MADHUBANI,PANDAUL,PANDAUL,Phulparas,-,-,-,-,-,-,26.26250000,86.10027778,25-05-2012 00:00,8.18,1368,"",0,405.9,"",166.68,"","","","","",320,42,52.24,110,"","","","","","","","","","",""
2471,Phulpras,CGWB,10,Bihar,206,MADHUBANI,PHULPARAS,PHULPARAS,Phulpras,-,-,-,-,-,-,26.35833333,86.47888889,25-05-2001 00:00,7.53,470,"",0,256,"",7.1,"","","","","",160,48,9.7,30,"","","","","","","","","","",""
2472,Phulwariya,CGWB,10,Bihar,197,GOPALGANJ,MANJHA,MANJHA,Phulwariya,-,-,-,-,-,-,26.40000000,84.51666667,30-05-2019 08:00,6.89,1212,370.5,0,512.568,"",49.56,"","","","","",340,82,32.8104,89.2,"","","","","","","","","","",""
2473,Phulwariya,CGWB,10,Bihar,197,GOPALGANJ,MANJHA,MANJHA,Phulwariya,-,-,-,-,-,-,26.40000000,84.51666667,30-05-2020 08:00,6.89,1212,"","",512.568,"",49.56,"","","","","","",82,32.8104,89.2,"","","","","","","","","","",""
2474,Pilkhi,CGWB,10,Bihar,209,NALANDA,RAJGIR,RAJGIR,Pilkhi,-,-,-,-,-,-,25.02222222,85.38750000,25-05-2013 00:00,7.18,1570,"",0,620,"",145.1,"",61.8,"","","",776,120.2,115.76,11.1,"","","","","","","","","","",""
2475,Pilkhi,CGWB,10,Bihar,209,NALANDA,RAJGIR,RAJGIR,Pilkhi,-,-,-,-,-,-,25.02222222,85.38750000,25-05-2016 00:00,7.84,540,351,0,153.75,"",53.72,"",36,"",33,"",120,22,15.79,71,"","","","","","","","","","",""
2476,Pilkhi,CGWB,10,Bihar,209,NALANDA,RAJGIR,RAJGIR,Pilkhi,-,-,-,-,-,-,25.02222222,85.38750000,30-05-2019 08:00,7.9,480,1010.1,0,122,"",70.9,"","","","","",235,36,35,3,"","","","","","","","","","",""
2477,Pilkhi,CGWB,10,Bihar,209,NALANDA,RAJGIR,RAJGIR,Pilkhi,-,-,-,-,-,-,25.02222222,85.38750000,30-05-2020 08:00,7.9,480,"","",122,"",70.9,"","","","","","",36,35,3,"","","","","","","","","","",""
2478,Pilkhi,CGWB,10,Bihar,209,NALANDA,RAJGIR,RAJGIR,Pilkhi,-,-,-,-,-,-,25.02222222,85.38750000,30-05-2021 08:00,8.18,740,"",0,211,"",95,"",44,"","","",241,43,32,49.78,"","","","","","","","","","",""
2479,Pipra chowk,CGWB,10,Bihar,223,SUPAUL,PIPRA,PIPRA,Pipra chowk,-,-,-,-,-,-,26.15694444,86.78750000,25-05-2003 00:00,7.37,814,"","","","","","","","","","","","","","","","","","","","","","","","",""
2480,Pipra chowk,CGWB,10,Bihar,223,SUPAUL,PIPRA,PIPRA,Pipra chowk,-,-,-,-,-,-,26.15694444,86.78750000,25-05-2008 00:00,8.3,557,"","",134,"",46,"","","","","",75,18,7.3,55,"","","","","","","","","","",""
2481,Pipra chowk,CGWB,10,Bihar,223,SUPAUL,PIPRA,PIPRA,Pipra chowk,-,-,-,-,-,-,26.15694444,86.78750000,25-05-2011 00:00,6.31,672,"",0,366,"",25,"","","","","",245,50,29.24,38,"","","","","","","","","","",""
2482,Pipra chowk,CGWB,10,Bihar,223,SUPAUL,PIPRA,PIPRA,Pipra chowk,-,-,-,-,-,-,26.15694444,86.78750000,25-05-2013 00:00,8.45,914,"",9,292.8,"",81.5,"",42.7,"","","",210,16,41.35,64,"","","","","","","","","","",""
2483,Pipra chowk,CGWB,10,Bihar,223,SUPAUL,PIPRA,PIPRA,Pipra chowk,-,-,-,-,-,-,26.15694444,86.78750000,25-05-2016 00:00,7.99,927,602.55,0,433,"",46.098,"",24,"",8,"",380,84,40.8,27,"","","","","","","","","","",""
2484,Pipra chowk,CGWB,10,Bihar,223,SUPAUL,PIPRA,PIPRA,Pipra chowk,-,-,-,-,-,-,26.15694444,86.78750000,30-05-2019 08:00,8.07,238,248.3,0,147.6,"",6.34,"","","","","",105,16,15.795,7.71,"","","","","","","","","","",""
2485,Pipra chowk,CGWB,10,Bihar,223,SUPAUL,PIPRA,PIPRA,Pipra chowk,-,-,-,-,-,-,26.15694444,86.78750000,30-05-2020 08:00,8.07,238,"","",147.6,"",6.34,"","","","","","",16,15.795,7.71,"","","","","","","","","","",""
2486,Pipraulia,CGWB,10,Bihar,206,MADHUBANI,PANDAUL,PANDAUL,Pipraulia,-,-,-,-,-,-,26.28750000,86.06666667,25-05-2008 00:00,8.09,480,"",0,244,"",11,"","","","","",170,46,13,26,"","","","","","","","","","",""
2487,Pirauncha,CGWB,10,Bihar,208,MUZAFFARPUR,KATRA,KATRA,Pirauncha,-,-,-,-,-,-,26.21277778,85.65416667,25-05-2007 00:00,8.2,720,"","",268,219.7,57,"",24,"","","",260,72,19,32,"","","","","","","","","","",""
2488,Pirnasara,CGWB,10,Bihar,202,KHAGARIA,BELDAUR,BELDAUR,Pirnasara,-,-,-,-,-,-,25.61083333,86.72916667,25-05-2013 00:00,8.45,1675,"",19.5,420.9,"",234,"",86.5,"","","",375,6,87.53,90,"","","","","","","","","","",""
2489,Pirnasara,CGWB,10,Bihar,202,KHAGARIA,BELDAUR,BELDAUR,Pirnasara,-,-,-,-,-,-,25.61083333,86.72916667,25-05-2016 00:00,8.13,2510,1631.5,0,982,"",287.226,"",7.8,"",13.8,"",1150,158,181.2,32,"","","","","","","","","","",""
2490,Pirpainti db.ib,CGWB,10,Bihar,192,BHAGALPUR,PIRPAINTI,PIRPAINTI,Pirpainti db.ib,-,-,-,-,-,-,25.31250000,87.42777778,25-05-2007 00:00,8.6,645,"",24,604,535.1,42.6,"","","","","",230,60,19.4,59,"","","","","","","","","","",""
2491,Pirpainti db.ib,CGWB,10,Bihar,192,BHAGALPUR,PIRPAINTI,PIRPAINTI,Pirpainti db.ib,-,-,-,-,-,-,25.31250000,87.42777778,25-05-2009 00:00,"",773,"",0,171,"",142,"","","","","",230,32,36.51,53,"","","","","","","","","","",""
2492,Pirpainti db.ib,CGWB,10,Bihar,192,BHAGALPUR,PIRPAINTI,PIRPAINTI,Pirpainti db.ib,-,-,-,-,-,-,25.31250000,87.42777778,25-05-2016 00:00,7.22,97.4,63.31,0,135.3,"",60.26,"",84.65,"",20.84,"",350,38,4.1,80,"","","","","","","","","","",""
2493,Pirro,CGWB,10,Bihar,193,BHOJPUR,PIRO,PIRO,Pirro,-,-,-,-,-,-,25.33333333,84.41250000,25-05-2007 00:00,8.19,780,"","",195,159.8,121,"","","","","",170,32,22,94,"","","","","","","","","","",""
2494,Pirro,CGWB,10,Bihar,193,BHOJPUR,PIRO,PIRO,Pirro,-,-,-,-,-,-,25.33333333,84.42083333,25-05-2009 00:00,"",903,"",0,244,"",142,"","","","","","","","","","","","","","","","","","","",""
2495,Pirro,CGWB,10,Bihar,193,BHOJPUR,PIRO,PIRO,Pirro,-,-,-,-,-,-,25.33333333,84.41250000,25-05-2010 00:00,"",842,"",0,305,"",106,"","","","","",250,38,38,67,"","","","","","","","","","",""
2496,Pirro,CGWB,10,Bihar,193,BHOJPUR,PIRO,PIRO,Pirro,-,-,-,-,-,-,25.33333333,84.42083333,25-05-2013 00:00,8.41,810,"",9,158.6,"",148.9,"",34.2,"","","",75,10,12.17,161.6,"","","","","","","","","","",""
2497,Pirro,CGWB,10,Bihar,193,BHOJPUR,PIRO,PIRO,Pirro,-,-,-,-,-,-,25.33333333,84.41250000,25-05-2016 00:00,8.32,547,"",9,250,"",14,"",5,"",1.8,"",205,28,32,19,"","","","","","","","","","",""
2498,Pirro,CGWB,10,Bihar,193,BHOJPUR,PIRO,PIRO,Pirro,-,-,-,-,-,-,25.33333333,84.42083333,30-05-2019 08:00,8.1,588,1090.05,0,213,"",6,"","","","","",230,31,37,11,"","","","","","","","","","",""
2499,Pirro,CGWB,10,Bihar,193,BHOJPUR,PIRO,PIRO,Pirro,-,-,-,-,-,-,25.33333333,84.42083333,30-05-2020 08:00,8.1,588,"","",213,"",6,"","","","","","",31,37,11,"","","","","","","","","","",""
2500,Pirro,CGWB,10,Bihar,193,BHOJPUR,PIRO,PIRO,Pirro,-,-,-,-,-,-,25.33333333,84.42083333,30-05-2021 08:00,7.72,660,"",0,195,"",72,"",34,"","","",240,64,19,40,"","","","","","","","","","",""
2501,Pokharia,CGWB,10,Bihar,191,BEGUSARAI,BEGUSARAI,BEGUSARAI,Pokharia,-,-,-,-,-,-,25.41000000,86.24638889,25-05-2007 00:00,7.9,470,"","",256.2,210,14.2,"","","","","",200,44,21.8,21,"","","","","","","","","","",""
2502,Pokharia,CGWB,10,Bihar,191,BEGUSARAI,BEGUSARAI,BEGUSARAI,Pokharia,-,-,-,-,-,-,25.41000000,86.24638889,25-05-2008 00:00,7.85,469,"",0,244,"",32,"","","","","",210,50,21,22,"","","","","","","","","","",""
2503,Pokharia,CGWB,10,Bihar,191,BEGUSARAI,BEGUSARAI,BEGUSARAI,Pokharia,-,-,-,-,-,-,25.41000000,86.24638889,25-05-2009 00:00,"",425,"",0,177,"",25,"","","","","",160,36,17,14,"","","","","","","","","","",""
2504,Pokharia,CGWB,10,Bihar,191,BEGUSARAI,BEGUSARAI,BEGUSARAI,Pokharia,-,-,-,-,-,-,25.41000000,86.24638889,25-05-2012 00:00,7.6,580,"",0,329,"",14,"","","","","",265,8,7,8.2,"","","","","","","","","","",""
2505,Pokharia,CGWB,10,Bihar,191,BEGUSARAI,BEGUSARAI,BEGUSARAI,Pokharia,-,-,-,-,-,-,25.41000000,86.24638889,25-05-2013 00:00,8.27,607,"",0,183,"",74.4,"",52.1,"","","",265,18,53.51,18.3,"","","","","","","","","","",""
2506,Pottiah,CGWB,10,Bihar,203,KISHANGANJ,THAKURGANJ,THAKURGANJ,Pottiah,-,-,-,-,-,-,26.35277778,88.10694444,25-05-2004 00:00,7.44,180,"",0,83,"",29,"","","","","",72,21,5,16,"","","","","","","","","","",""
2507,Pottiah,CGWB,10,Bihar,203,KISHANGANJ,THAKURGANJ,THAKURGANJ,Pottiah,-,-,-,-,-,-,26.35277778,88.10694444,25-05-2007 00:00,7.98,320,"","",79,64.8,43,"","","","","",65,18,4.9,25,"","","","","","","","","","",""
2508,Pottiah,CGWB,10,Bihar,203,KISHANGANJ,THAKURGANJ,THAKURGANJ,Pottiah,-,-,-,-,-,-,26.35277778,88.10694444,25-05-2009 00:00,"",300,"",0,98,"",28,"","","","","",85,20,8.53,23,"","","","","","","","","","",""
2509,Pottiah,CGWB,10,Bihar,203,KISHANGANJ,THAKURGANJ,THAKURGANJ,Pottiah,-,-,-,-,-,-,26.35277778,88.10694444,25-05-2012 00:00,7.3,330,"",0,140,"",70.9,"",34.34,"","","",140,40.07,9.73,"","","","","","","","","","","",""
2510,Potwaha,CGWB,10,Bihar,216,SAHARSA,KAHARA,KAHARA,Potwaha,-,-,-,-,-,-,25.87500000,86.62916667,25-05-2003 00:00,7.5,290,"","","","","","","","","","","","","","","","","","","","","","","","",""
2511,Potwaha,CGWB,10,Bihar,216,SAHARSA,KAHARA,KAHARA,Potwaha,-,-,-,-,-,-,25.87500000,86.62916667,25-05-2007 00:00,8.1,197,"","",97.6,80,14.2,"","","","","",70,16,7.3,15,"","","","","","","","","","",""
2512,Potwaha,CGWB,10,Bihar,216,SAHARSA,KAHARA,KAHARA,Potwaha,-,-,-,-,-,-,25.87500000,86.62916667,25-05-2008 00:00,8.26,352,"",0,171,"",28,"","","","","",115,32,8.5,25,"","","","","","","","","","",""
2513,Potwaha,CGWB,10,Bihar,216,SAHARSA,KAHARA,KAHARA,Potwaha,-,-,-,-,-,-,25.87500000,86.62916667,25-05-2012 00:00,7.8,300,"",0,122,"",25,"","","","","",110,24,12,11,"","","","","","","","","","",""
2514,Potwaha,CGWB,10,Bihar,216,SAHARSA,KAHARA,KAHARA,Potwaha,-,-,-,-,-,-,25.87500000,86.62916667,25-05-2013 00:00,8.4,252,"",3,109.8,"",14.2,"",0.1,"","","",80,8,14.6,16.1,"","","","","","","","","","",""
2515,Potwaha,CGWB,10,Bihar,216,SAHARSA,KAHARA,KAHARA,Potwaha,-,-,-,-,-,-,25.87500000,86.62916667,25-05-2016 00:00,8.23,272,176.8,0,73,"",10.638,"",29.7,"",1.1,"",100,20,12,4,"","","","","","","","","","",""
2516,Pouram,CGWB,10,Bihar,195,DARBHANGA,HAYAGHAT,HAYAGHAT,Pouram,-,-,-,-,-,-,26.04694444,85.87972222,30-05-2019 08:00,8.07,503,392.6,0,307.5,"",9.72,"","","","","",123.72906,11.248,23.233,65.037,"","","","","","","","","","",""
2517,Pouram,CGWB,10,Bihar,195,DARBHANGA,HAYAGHAT,HAYAGHAT,Pouram,-,-,-,-,-,-,26.04694444,85.87972222,30-05-2020 08:00,8.07,503,"","",307.5,"",9.72,"","","","","","",11.248,23.233,65.037,"","","","","","","","","","",""
2518,Pupri,CGWB,10,Bihar,221,SITAMARHI,PUPRI,PUPRI,Pupri,-,-,-,-,-,-,26.47500000,85.70000000,25-05-2002 00:00,7.8,506,"","","","","","","","","","","","","","","","","","","","","","","","",""
2519,Pupri,CGWB,10,Bihar,221,SITAMARHI,PUPRI,PUPRI,Pupri,-,-,-,-,-,-,26.47500000,85.70000000,30-05-2019 08:00,7.84,331,198.9,0,215.25,"",3.09,"","","","","",47.739845,12.691,3.891,45.2,"","","","","","","","","","",""
2520,Pupri,CGWB,10,Bihar,221,SITAMARHI,PUPRI,PUPRI,Pupri,-,-,-,-,-,-,26.47500000,85.70000000,30-05-2020 08:00,7.84,331,"","",215.25,"",3.09,"","","","","","",12.691,3.891,45.2,"","","","","","","","","","",""
2521,Purabsarai,CGWB,10,Bihar,207,MUNGER,MUNGER,MUNGER,Purabsarai,-,-,-,-,-,-,25.46194444,86.56388889,25-05-2002 00:00,8.62,566,"","","","","","","","","","","","","","","","","","","","","","","","",""
2522,Purabsarai,CGWB,10,Bihar,207,MUNGER,MUNGER,MUNGER,Purabsarai,-,-,-,-,-,-,25.46194444,86.56388889,25-05-2007 00:00,8.65,673,"",36,646,589.5,46.1,"","","","","",100,8,19.4,132.5,"","","","","","","","","","",""
2523,Purabsarai,CGWB,10,Bihar,207,MUNGER,MUNGER,MUNGER,Purabsarai,-,-,-,-,-,-,25.46194444,86.56388889,25-05-2008 00:00,8.65,850,"",30,274,"",71,"","","","","",130,14,23,129,"","","","","","","","","","",""
2524,Purabsarai,CGWB,10,Bihar,207,MUNGER,MUNGER,MUNGER,Purabsarai,-,-,-,-,-,-,25.46194444,86.56388889,25-05-2009 00:00,"",836,"",0,110,"",177,"","","","","",265,64,26,45,"","","","","","","","","","",""
2525,Purabsarai,CGWB,10,Bihar,207,MUNGER,MUNGER,MUNGER,Purabsarai,-,-,-,-,-,-,25.46194444,86.56388889,25-05-2010 00:00,7.53,962,"",0,238,"",174,"","","","","",330,84,29,52,"","","","","","","","","","",""
2526,Purabsarai,CGWB,10,Bihar,207,MUNGER,MUNGER,MUNGER,Purabsarai,-,-,-,-,-,-,25.46194444,86.56388889,25-05-2011 00:00,7.53,962,"",0,238,"",174,"","","","","",330,84,29.28,52,"","","","","","","","","","",""
2527,Purabsarai,CGWB,10,Bihar,207,MUNGER,MUNGER,MUNGER,Purabsarai,-,-,-,-,-,-,25.46194444,86.56388889,25-05-2012 00:00,7.53,962,"",0,238,"",174,"","","","","",330,84,29,52,"","","","","","","","","","",""
2528,Purabsarai,CGWB,10,Bihar,207,MUNGER,MUNGER,MUNGER,Purabsarai,-,-,-,-,-,-,25.46194444,86.56388889,25-05-2016 00:00,7.69,338,219.7,0,147.6,"",31.91,"",24.87,"",22.56,"",100,18,13.36,37.49,"","","","","","","","","","",""
2529,Purna Khaira,CGWB,10,Bihar,198,JAMUI,KHAIRA,KHAIRA,Purna Khaira,-,-,-,-,-,-,24.86583333,86.20277778,25-05-2013 00:00,8.03,580,"",0,293,"",21,"",0,"","","",210,40,26.79,31,"","","","","","","","","","",""
2530,Purna Khaira,CGWB,10,Bihar,198,JAMUI,KHAIRA,KHAIRA,Purna Khaira,-,-,-,-,-,-,24.86583333,86.20277778,25-05-2016 00:00,7.6,1927,1252.55,0,504.3,"",223.33,"",116.99,"",16.68,"",375,4,88.68,90.4,"","","","","","","","","","",""
2531,Purna Khaira,CGWB,10,Bihar,198,JAMUI,KHAIRA,KHAIRA,Purna Khaira,-,-,-,-,-,-,24.86583333,86.20277778,30-05-2019 08:00,7.7,476,1285.05,0,156,"",49,"","","","","",82,25,4.73928,61,"","","","","","","","","","",""
2532,Purna Khaira,CGWB,10,Bihar,198,JAMUI,KHAIRA,KHAIRA,Purna Khaira,-,-,-,-,-,-,24.86583333,86.20277778,30-05-2020 08:00,7.7,476,"","",156,"",49,"","","","","","",25,4.73928,61,"","","","","","","","","","",""
2533,Purnhaiya Bazar,CGWB,10,Bihar,220,SHEOHAR,PIPRARHI,PIPRARHI,Purnhaiya,-,-,-,-,-,-,26.62111111,85.32611111,30-05-2019 08:00,8.14,1412,232.05,0,264.45,"",224,"","","","","",290,22,57.105,181.64,"","","","","","","","","","",""
2534,Purnhaiya Bazar,CGWB,10,Bihar,220,SHEOHAR,PIPRARHI,PIPRARHI,Purnhaiya,-,-,-,-,-,-,26.62111111,85.32611111,30-05-2020 08:00,8.14,1412,"","",264.45,"",224,"","","","","","",22,57.105,181.64,"","","","","","","","","","",""
2535,Purnia,CGWB,10,Bihar,214,PURNIA,PURNIA EAST,PURNIA EAST,Purnia,-,-,-,-,-,-,25.80000000,87.50000000,25-05-2000 00:00,8.68,575,"",30,250,"",64,"","","","","",245,76,13,29,"","","","","","","","","","",""
2536,Purnia,CGWB,10,Bihar,214,PURNIA,PURNIA EAST,PURNIA EAST,Purnia,-,-,-,-,-,-,25.77500000,87.51250000,25-05-2004 00:00,7.12,470,"",0,209,"",60,"","","","","",173,46,14,43,"","","","","","","","","","",""
2537,Purnia,CGWB,10,Bihar,214,PURNIA,PURNIA EAST,PURNIA EAST,Purnia,-,-,-,-,-,-,25.77500000,87.51250000,25-05-2005 00:00,8.27,750,"",0,195,"",71,"","","","","",150,44,9.78,37,"","","","","","","","","","",""
2538,Purnia,CGWB,10,Bihar,214,PURNIA,PURNIA EAST,PURNIA EAST,Purnia,-,-,-,-,-,-,25.77500000,87.51250000,25-05-2007 00:00,8.56,470,"",30,146,169.7,32,"","","","","",160,50,8.5,28,"","","","","","","","","","",""
2539,Purnia,CGWB,10,Bihar,214,PURNIA,PURNIA EAST,PURNIA EAST,Purnia,-,-,-,-,-,-,25.77500000,87.51250000,25-05-2009 00:00,"",720,"",0,329,"",36,"","","","","",275,68,26,32,"","","","","","","","","","",""
2540,Purnia,CGWB,10,Bihar,214,PURNIA,PURNIA EAST,PURNIA EAST,Purnia,-,-,-,-,-,-,25.77500000,87.51250000,25-05-2011 00:00,7.28,648,"",0,335.5,"",42.6,"","","","","",195,40,23.15,39,"","","","","","","","","","",""
2541,Purnia,CGWB,10,Bihar,214,PURNIA,PURNIA EAST,PURNIA EAST,Purnia,-,-,-,-,-,-,25.77500000,87.51250000,25-05-2013 00:00,7.7,561,"",0,170.8,"",53.2,"",6.2,"","","",130,34,10.98,45,"","","","","","","","","","",""
2542,Purnia,CGWB,10,Bihar,214,PURNIA,PURNIA EAST,PURNIA EAST,Purnia,-,-,-,-,-,-,25.77500000,87.51250000,25-05-2016 00:00,7.98,922,"",0,278.77,"",99.288,"",15.32,"",0.81,"",60,20,2.4,240,"","","","","","","","","","",""
2543,Radia,CGWB,10,Bihar,213,PURBA CHAMPARAN,ARERAJ,ARERAJ,Radia,-,-,-,-,-,-,26.54944444,84.63388889,30-05-2019 08:00,7.76,505,237.9,0,274.59,"",10.62,"","","","","",215,28,35.2408,12,"","","","","","","","","","",""
2544,Radia,CGWB,10,Bihar,213,PURBA CHAMPARAN,ARERAJ,ARERAJ,Radia,-,-,-,-,-,-,26.54944444,84.63388889,30-05-2020 08:00,7.76,505,"","",274.59,"",10.62,"","","","","","",28,35.2408,12,"","","","","","","","","","",""
2545,Rafiganj,CGWB,10,Bihar,189,AURANGABAD,RAFIGANJ,RAFIGANJ,Rafiganj,-,-,-,-,-,-,24.83750000,84.63750000,25-05-2002 00:00,8.42,1124,"","","","","","","","","","","","","","","","","","","","","","","","",""
2546,Rafiganj,CGWB,10,Bihar,189,AURANGABAD,RAFIGANJ,RAFIGANJ,Rafiganj,-,-,-,-,-,-,24.83750000,84.63750000,25-05-2005 00:00,8.09,1050,"",0,512,"",39,"","","","","",120,20,17.04,180,"","","","","","","","","","",""
2547,Rafiganj,CGWB,10,Bihar,189,AURANGABAD,RAFIGANJ,RAFIGANJ,Rafiganj,-,-,-,-,-,-,24.81750000,84.63750000,25-05-2010 00:00,"",1005,"",0,500,"",50,"","","","","",100,24,9.7,174,"","","","","","","","","","",""
2548,Rafiganj,CGWB,10,Bihar,189,AURANGABAD,RAFIGANJ,RAFIGANJ,Rafiganj,-,-,-,-,-,-,24.83750000,84.63750000,25-05-2011 00:00,7.5,1005,"",0,500,"",50,"","","","","",100,24,9.75,174,"","","","","","","","","","",""
2549,Rafiganj,CGWB,10,Bihar,189,AURANGABAD,RAFIGANJ,RAFIGANJ,Rafiganj,-,-,-,-,-,-,24.83750000,84.63750000,25-05-2013 00:00,7.16,1083,"",0,494.1,"",53.2,"",17.5,"","","",345,68,42.63,74,"","","","","","","","","","",""
2550,Rafiganj,CGWB,10,Bihar,189,AURANGABAD,RAFIGANJ,RAFIGANJ,Rafiganj,-,-,-,-,-,-,24.83750000,84.63750000,25-05-2016 00:00,7.78,1051,683.15,0,393.6,"",92.17,"",29.93,"",6.84,"",205,26,34.02,117.38,"","","","","","","","","","",""
2551,Rafiganj,CGWB,10,Bihar,189,AURANGABAD,RAFIGANJ,RAFIGANJ,Rafiganj,-,-,-,-,-,-,24.81750000,84.63750000,25-05-2016 00:00,7.78,1051,683.15,0,393.6,"",92.17,"",29.93,"",6.84,"",205,26,34.02,117.38,"","","","","","","","","","",""
2552,Rafiganj,CGWB,10,Bihar,189,AURANGABAD,RAFIGANJ,RAFIGANJ,Rafiganj,-,-,-,-,-,-,24.83750000,84.63750000,30-05-2019 08:00,7.97,1189,577.85,0,504,"",67.45,"","","","","",315,20,64.395,120,"","","","","","","","","","",""
2553,Rafiganj,CGWB,10,Bihar,189,AURANGABAD,RAFIGANJ,RAFIGANJ,Rafiganj,-,-,-,-,-,-,24.83750000,84.63750000,30-05-2020 08:00,7.97,1189,"","",504,"",67.45,"","","","","","",20,64.395,120,"","","","","","","","","","",""
2554,Raghopur,CGWB,10,Bihar,212,PATNA,BIHTA,BIHTA,Raghopur,-,-,-,-,-,-,25.54805556,84.86361111,25-05-2012 00:00,8.18,888,"",0,219.636,"",92.196,"","","","","",300,60.12,36.53,47,"","","","","","","","","","",""
2555,Raghopur,CGWB,10,Bihar,212,PATNA,BIHTA,BIHTA,Raghopur,-,-,-,-,-,-,25.54805556,84.86361111,25-05-2013 00:00,8.18,888,"",0,219.6,"",92.2,"",28.8,"","","",300,60.1,36.5,47,"","","","","","","","","","",""
2556,Raghopur,CGWB,10,Bihar,212,PATNA,BIHTA,BIHTA,Raghopur,-,-,-,-,-,-,25.54805556,84.86361111,25-05-2016 00:00,8.04,472,306.8,0,276.75,"",14.18,"",9.3,"",5.7,"",230,46,27.94,9.54,"","","","","","","","","","",""
2557,Raghopur,CGWB,10,Bihar,212,PATNA,BIHTA,BIHTA,Raghopur,-,-,-,-,-,-,25.54805556,84.86361111,30-05-2019 08:00,8,226,137.8,0,122,"",17.7,"","","","","",100,26,9,12,"","","","","","","","","","",""
2558,Raghopur,CGWB,10,Bihar,212,PATNA,BIHTA,BIHTA,Raghopur,-,-,-,-,-,-,25.54805556,84.86361111,30-05-2020 08:00,8,226,"","",122,"",17.7,"","","","","","",26,9,12,"","","","","","","","","","",""
2559,Rahatpur,CGWB,10,Bihar,191,BEGUSARAI,BALIA,-,-,-,-,-,-,-,-,25.38583300,86.25166700,30-05-2019 08:00,8.48,622.2,397.67,30,262.50983,"",102.805,"","","","","",280,30.024,49.742718,59.88,"","","","","","","","","","",""
2560,Rahatpur,CGWB,10,Bihar,191,BEGUSARAI,BALIA,-,-,-,-,-,-,-,-,25.38583300,86.25166700,30-05-2020 08:00,8.48,622.2,"","",262.50983,"",102.805,"","","","","","",30.024,49.742718,59.88,"","","","","","","","","","",""
2561,Rajandih,CGWB,10,Bihar,215,ROHTAS,KUDRA,KUDRA,Rajandih (27/28,-,-,-,-,-,-,25.22388889,83.83277778,25-05-2002 00:00,8.76,607,"","","","","","","","","","","","","","","","","","","","","","","","",""
2562,Rajandih,CGWB,10,Bihar,215,ROHTAS,KUDRA,KUDRA,Rajandih (27/28,-,-,-,-,-,-,25.22388889,83.83277778,25-05-2007 00:00,8.65,560,"",48,171,220.2,11,"","","","","",115,20,16,69,"","","","","","","","","","",""
2563,Rajandih,CGWB,10,Bihar,215,ROHTAS,KUDRA,KUDRA,Rajandih (27/28,-,-,-,-,-,-,25.22388889,83.83277778,25-05-2016 00:00,8.26,481,"",0,207,"",18,"",6,"",7.2,"",180,12,36,16,"","","","","","","","","","",""
2564,Rajandih,CGWB,10,Bihar,215,ROHTAS,KUDRA,KUDRA,Rajandih (27/28,-,-,-,-,-,-,25.22388889,83.83277778,30-05-2019 08:00,8,882,521.3,0,432,"",43,"","","","","",311,21,63,49,"","","","","","","","","","",""
2565,Rajandih,CGWB,10,Bihar,215,ROHTAS,KUDRA,KUDRA,Rajandih (27/28,-,-,-,-,-,-,25.22388889,83.83277778,30-05-2020 08:00,8,882,"","",432,"",43,"","","","","","",21,63,49,"","","","","","","","","","",""
2566,Rajapur Bazar,CGWB,10,Bihar,193,BHOJPUR,KOILWAR,KOILWAR,Rajapur Bazar,-,-,-,-,-,-,25.64361111,84.78611111,25-05-2005 00:00,8.69,770,"","",232,"",75,"","","","","",200,20,36.49,78,"","","","","","","","","","",""
2567,Rajapur Bazar,CGWB,10,Bihar,193,BHOJPUR,KOILWAR,KOILWAR,Rajapur Bazar,-,-,-,-,-,-,25.64361111,84.78611111,25-05-2016 00:00,8.37,356,"",15,116,"",18,"",5,"",4.8,"",105,20,13,18,"","","","","","","","","","",""
2568,Rajaun ps,CGWB,10,Bihar,190,BANKA,RAJAUN,RAJAUN,Rajaun ps,-,-,-,-,-,-,25.00833333,86.97916667,25-05-2005 00:00,8.3,550,"","",189,"",53,"","","","","",150,24,21.91,53,"","","","","","","","","","",""
2569,Rajaun ps,CGWB,10,Bihar,190,BANKA,RAJAUN,RAJAUN,Rajaun ps,-,-,-,-,-,-,25.00833333,86.97916667,25-05-2008 00:00,8.14,460,"",0,214,"",18,"","","","","",155,30,19,28,"","","","","","","","","","",""
2570,Rajaun ps,CGWB,10,Bihar,190,BANKA,RAJAUN,RAJAUN,Rajaun ps,-,-,-,-,-,-,25.00833333,86.97916667,25-05-2010 00:00,"",490,"",0,293,"","","","","","","",185,32,25,27,"","","","","","","","","","",""
2571,Rajaun ps,CGWB,10,Bihar,190,BANKA,RAJAUN,RAJAUN,Rajaun ps,-,-,-,-,-,-,25.00833333,86.97916667,25-05-2011 00:00,7.95,490,"",0,293,"","","","","","","",185,32,25.57,27,"","","","","","","","","","",""
2572,Rajaun ps,CGWB,10,Bihar,190,BANKA,RAJAUN,RAJAUN,Rajaun ps,-,-,-,-,-,-,25.00833333,86.97916667,25-05-2012 00:00,7.83,488,"",0,276,"","","","","","","",185,32,25,23,"","","","","","","","","","",""
2573,Rajaun ps,CGWB,10,Bihar,190,BANKA,RAJAUN,RAJAUN,Rajaun ps,-,-,-,-,-,-,25.00833333,86.97916667,25-05-2013 00:00,7.82,550,"",0,281,"",14,"",0,"","","",200,48,19.51,29,"","","","","","","","","","",""
2574,Rajaun ps,CGWB,10,Bihar,190,BANKA,RAJAUN,RAJAUN,Rajaun ps,-,-,-,-,-,-,25.00833333,86.97916667,25-05-2016 00:00,7.73,735,477.75,0,190.65,"",81.53,"",81.4,"",14.5,"",250,40,36.45,39.72,"","","","","","","","","","",""
2575,Rajgir,CGWB,10,Bihar,209,NALANDA,RAJGIR,RAJGIR,Rajgir,-,-,-,-,-,-,25.02083333,85.40416667,25-05-2005 00:00,7.86,984,"",0,470,"",43,"","","","","",255,36,40.16,74,"","","","","","","","","","",""
2576,Rajgir,CGWB,10,Bihar,209,NALANDA,RAJGIR,RAJGIR,Rajgir,-,-,-,-,-,-,25.02083333,85.40416667,25-05-2007 00:00,7.85,900,"","",360,295.1,71,"","","","","",240,52,27,41,"","","","","","","","","","",""
2577,Rajgir,CGWB,10,Bihar,209,NALANDA,RAJGIR,RAJGIR,Rajgir,-,-,-,-,-,-,25.02083333,85.40416667,25-05-2009 00:00,"",1000,"",36,256,"",114,"","","","","",270,52,34.1,92,"","","","","","","","","","",""
2578,Rajgir,CGWB,10,Bihar,209,NALANDA,RAJGIR,RAJGIR,Rajgir,-,-,-,-,-,-,25.02083333,85.40416667,25-05-2010 00:00,"",796,"",0,354,"",46,"","","","","",170,26,26,24,"","","","","","","","","","",""
2579,Rajgir,CGWB,10,Bihar,209,NALANDA,RAJGIR,RAJGIR,Rajgir,-,-,-,-,-,-,25.02083333,85.40416667,25-05-2011 00:00,7.83,850,"",0,445,"",35,"","","","","",185,56,11.01,60,"","","","","","","","","","",""
2580,Rajgir,CGWB,10,Bihar,209,NALANDA,RAJGIR,RAJGIR,Rajgir,-,-,-,-,-,-,25.02083333,85.40416667,25-05-2012 00:00,8.44,802,"",36,231.838,"",63.828,"","","","","",190,24.048,31.64,42,"","","","","","","","","","",""
2581,Rajgir,CGWB,10,Bihar,209,NALANDA,RAJGIR,RAJGIR,Rajgir,-,-,-,-,-,-,25.02083333,85.40416667,25-05-2013 00:00,8.44,802,"",36,231.8,"",63.8,"",0,"","","",190,24,31.64,42,"","","","","","","","","","",""
2582,Rajgir,CGWB,10,Bihar,209,NALANDA,RAJGIR,RAJGIR,Rajgir,-,-,-,-,-,-,25.02083333,85.40416667,25-05-2016 00:00,8.7,1427,927.55,24,658.05,"",88.62,"",58,"",28,"",560,116,65.61,95,"","","","","","","","","","",""
2583,Rajgir,CGWB,10,Bihar,209,NALANDA,RAJGIR,RAJGIR,Rajgir,-,-,-,-,-,-,25.02083333,85.40416667,30-05-2021 08:00,8.18,1530,"",0,465,"",185,"",84,"","","",387,74,49,121.3,"","","","","","","","","","",""
2584,Rajkhand,CGWB,10,Bihar,208,MUZAFFARPUR,AURAI,AURAI,Rajkhand,-,-,-,-,-,-,26.35416667,85.56250000,25-05-2003 00:00,7.28,1870,"","","","","","","","","","","","","","","","","","","","","","","","",""
2585,Rajkhand,CGWB,10,Bihar,208,MUZAFFARPUR,AURAI,AURAI,Rajkhand,-,-,-,-,-,-,26.35416667,85.56250000,25-05-2010 00:00,"",1587,"",0,628,"",142,"","","","","",255,30,44,120,"","","","","","","","","","",""
2586,Rajkhand,CGWB,10,Bihar,208,MUZAFFARPUR,AURAI,AURAI,Rajkhand,-,-,-,-,-,-,26.35416667,85.56250000,25-05-2016 00:00,7.54,300,"",0,134,"",21,"",15.8,"",6.9,"",105,16,16,26,"","","","","","","","","","",""
2587,Rajpur,CGWB,10,Bihar,194,BUXAR,RAJPUR,RAJPUR,Rajpur,-,-,-,-,-,-,25.41250000,83.92083333,25-05-2002 00:00,8.85,870,"","","","","","","","","","","","","","","","","","","","","","","","",""
2588,Rajpur,CGWB,10,Bihar,194,BUXAR,RAJPUR,RAJPUR,Rajpur,-,-,-,-,-,-,25.41250000,83.92083333,25-05-2004 00:00,7.54,946,"",0,505,"",107,"","","","","",364,32,68,118,"","","","","","","","","","",""
2589,Rajpur,CGWB,10,Bihar,194,BUXAR,RAJPUR,RAJPUR,Rajpur,-,-,-,-,-,-,25.41250000,83.92083333,25-05-2007 00:00,8.78,870,"",30,287,526.4,"","","","","","",175,14,34.06,115,"","","","","","","","","","",""
2590,Rajpur,CGWB,10,Bihar,194,BUXAR,RAJPUR,RAJPUR,Rajpur,-,-,-,-,-,-,25.41250000,83.92083333,25-05-2010 00:00,"",951,"",0,360,"",121,"","","","","",275,26,51,78,"","","","","","","","","","",""
2591,Rajpur,CGWB,10,Bihar,194,BUXAR,RAJPUR,RAJPUR,Rajpur,-,-,-,-,-,-,25.41250000,83.92083333,25-05-2011 00:00,7.5,951,"",0,360,"",121,"","","","","",275,26,51.09,78,"","","","","","","","","","",""
2592,Rajpur,CGWB,10,Bihar,194,BUXAR,RAJPUR,RAJPUR,Rajpur,-,-,-,-,-,-,25.41250000,83.92083333,25-05-2012 00:00,7.57,840,"",0,340,"",394.2,"",35.52,"","","",232,91.38,0.96,"","","","","","","","","","","",""
2593,Rajpur,CGWB,10,Bihar,194,BUXAR,RAJPUR,RAJPUR,Rajpur,-,-,-,-,-,-,25.41250000,83.92083333,25-05-2013 00:00,8,1032,"",0,494.1,"",102.8,"",4.8,"","","",260,48,34.1,155,"","","","","","","","","","",""
2594,Rajpur,CGWB,10,Bihar,194,BUXAR,RAJPUR,RAJPUR,Rajpur,-,-,-,-,-,-,25.41250000,83.92083333,25-05-2016 00:00,7.84,1500,"",0,549,"",163,"",68,"",15.6,"",645,98,96,32,"","","","","","","","","","",""
2595,Rajpur1,CGWB,10,Bihar,222,SIWAN,RAGHUNATHPUR,RAGHUNATHPUR,Rajpur,-,-,-,-,-,-,26.00833333,84.25416667,25-05-2008 00:00,7.9,570,"",0,232,"",36,"","","","","",225,58,19,21,"","","","","","","","","","",""
2596,Rajwara,CGWB,10,Bihar,208,MUZAFFARPUR,SAHEBGANJ,SAHEBGANJ,Rajwara,-,-,-,-,-,-,26.29527778,84.95361111,30-05-2019 08:00,8.2,383,360.1,0,189,"",17.7,"","","","","",160,20,27,14,"","","","","","","","","","",""
2597,Rajwara,CGWB,10,Bihar,208,MUZAFFARPUR,SAHEBGANJ,SAHEBGANJ,Rajwara,-,-,-,-,-,-,26.29527778,84.95361111,30-05-2020 08:00,8.2,383,"","",189,"",17.7,"","","","","","",20,27,14,"","","","","","","","","","",""
2598,Rajwara,CGWB,10,Bihar,208,MUZAFFARPUR,SAHEBGANJ,SAHEBGANJ,Rajwara,-,-,-,-,-,-,26.29527778,84.95361111,30-05-2021 08:00,7.91,638,"",0,58.56,"",123.1,"",62.32,"","","",152,33.2,16.56,71.09,"","","","","","","","","","",""
2599,Ram Kund,CGWB,10,Bihar,196,GAYA,GAYA TOWN,GAYA TOWN,Ram Kund,-,-,-,-,-,-,24.81166667,85.01555556,30-05-2021 08:00,8.07,880,"",0,287,"",67,"",66,"","","",260,30,45,82,"","","","","","","","","","",""
2600,Ramnagar,CGWB,10,Bihar,211,PASHCHIM CHAMPARAN,RAMNAGAR,RAMNAGAR,Ramnagar,-,-,-,-,-,-,27.17083333,84.32083333,25-05-2005 00:00,7.72,140,"",0,43,"",14,"","","","","",50,12,4.88,4.4,"","","","","","","","","","",""
2601,Ramnagar1,CGWB,10,Bihar,203,KISHANGANJ,POTHIA,POTHIA,Ramnagar,-,-,-,-,-,-,26.42388889,88.23194444,25-05-2004 00:00,7.8,180,"",0,78,"",29,"","","","","",64,14,7,6,"","","","","","","","","","",""
2602,Ramnagar1,CGWB,10,Bihar,203,KISHANGANJ,POTHIA,POTHIA,Ramnagar,-,-,-,-,-,-,26.42388889,88.23194444,25-05-2007 00:00,7.51,180,"","",49,40.2,14,"","","","","",60,12,7.31,6.9,"","","","","","","","","","",""
2603,Ramobariya,CGWB,10,Bihar,194,BUXAR,BUXAR,BUXAR,Ramobariya,-,-,-,-,-,-,25.60638889,84.05333333,30-05-2019 08:00,7.9,1490,457.6,0,478,"",108,"","","","","",378,32,72.42592,78,"","","","","","","","","","",""
2604,Ramobariya,CGWB,10,Bihar,194,BUXAR,BUXAR,BUXAR,Ramobariya,-,-,-,-,-,-,25.60638889,84.05333333,30-05-2020 08:00,7.9,1490,"","",478,"",108,"","","","","","",32,72.42592,78,"","","","","","","","","","",""
2605,Ramobariya,CGWB,10,Bihar,194,BUXAR,BUXAR,BUXAR,Ramobariya,-,-,-,-,-,-,25.60638889,84.05333333,30-05-2021 08:00,7.85,360,"",0,149,"",37,"",4,"","","",111,16,17,30.2,"","","","","","","","","","",""
2606,Rampur,CGWB,10,Bihar,207,MUNGER,SANGRAMPUR,SANGRAMPUR,Rampur,-,-,-,-,-,-,24.99166667,86.58055556,25-05-2010 00:00,8.23,1704,"",0,451,"",277,"","","","","",130,38,32,242,"","","","","","","","","","",""
2607,Rampur,CGWB,10,Bihar,190,BANKA,AMARPUR,AMARPUR,Rampur,-,-,-,-,-,-,25.05277778,86.86111111,25-05-2010 00:00,8.27,1205,"",0,463,"",138,"","","","","",355,86,34,67,"","","","","","","","","","",""
2608,Rampur,CGWB,10,Bihar,190,BANKA,AMARPUR,AMARPUR,Rampur,-,-,-,-,-,-,25.05277778,86.86111111,25-05-2011 00:00,8.27,1205,"",0,463,"",138,"","","","","",355,86,34.14,67,"","","","","","","","","","",""
2609,Rampur,CGWB,10,Bihar,190,BANKA,AMARPUR,AMARPUR,Rampur,-,-,-,-,-,-,25.05277778,86.86111111,25-05-2013 00:00,8.44,1250,"",48,281,"",163,"",38,"","","",380,100,31.73,67,"","","","","","","","","","",""
2610,Rampur,CGWB,10,Bihar,190,BANKA,AMARPUR,AMARPUR,Rampur,-,-,-,-,-,-,25.05277778,86.86111111,25-05-2016 00:00,7.98,728,473.2,0,233.7,"",56.72,"",68.78,"",15.31,"",150,10,30.37,75.88,"","","","","","","","","","",""
2611,Rampur,CGWB,10,Bihar,207,MUNGER,SANGRAMPUR,SANGRAMPUR,Rampur,-,-,-,-,-,-,24.99166667,86.58055556,25-05-2016 00:00,7.89,362,235.3,0,147.6,"",21.27,"",34.76,"",20.37,"",115,18,17.01,38.28,"","","","","","","","","","",""
2612,Rampur1,CGWB,10,Bihar,197,GOPALGANJ,BHOREY,BHOREY,Rampur,-,-,-,-,-,-,26.46638889,84.17222222,25-05-2013 00:00,8.22,437,"",0,204.5,"",10.6,"",24,"","","",120,14,20.68,38,"","","","","","","","","","",""
2613,Rampur1,CGWB,10,Bihar,197,GOPALGANJ,BHOREY,BHOREY,Rampur,-,-,-,-,-,-,26.46638889,84.17222222,25-05-2016 00:00,7.4,869,564.85,0,448.95,"",24.82,"",4.44,"",34.52,"",225,16,45,91.74,"","","","","","","","","","",""
2614,Rampur2,CGWB,10,Bihar,207,MUNGER,SANGRAMPUR,SANGRAMPUR,Rampur,-,-,-,-,-,-,25.02638889,86.63083333,25-05-2005 00:00,8.11,350,"",0,153,"",11,"","","","","",110,24,12.19,25,"","","","","","","","","","",""
2615,Rampur2,CGWB,10,Bihar,207,MUNGER,SANGRAMPUR,SANGRAMPUR,Rampur,-,-,-,-,-,-,25.02638889,86.63055556,25-05-2009 00:00,"",524,"",0,201,"",60,"","","","","",125,26,14.62,79,"","","","","","","","","","",""
2616,Rampur2,CGWB,10,Bihar,207,MUNGER,SANGRAMPUR,SANGRAMPUR,Rampur,-,-,-,-,-,-,25.02638889,86.63055556,25-05-2011 00:00,8.23,1704,"",0,451,"",277,"","","","","",130,38,8.56,242,"","","","","","","","","","",""
2617,Rampur2,CGWB,10,Bihar,207,MUNGER,SANGRAMPUR,SANGRAMPUR,Rampur,-,-,-,-,-,-,25.02638889,86.63083333,25-05-2012 00:00,8.23,1704,"",0,451,"",277,"","","","","",130,38,32,242,"","","","","","","","","","",""
2618,Rampur2,CGWB,10,Bihar,207,MUNGER,SANGRAMPUR,SANGRAMPUR,Rampur,-,-,-,-,-,-,25.02638889,86.63055556,25-05-2013 00:00,7.22,720,"",0,329,"",50,"",0,"","","",250,72,17.11,46,"","","","","","","","","","",""
2619,Ranabigha,CGWB,10,Bihar,209,NALANDA,BIHARSHARIF,BIHAR,Ranabigha,-,-,-,-,-,-,25.17333333,85.50916667,30-05-2019 08:00,7.8,1554,277.55,0,342,"",301.3,"","","","","",425,54,70,161,"","","","","","","","","","",""
2620,Ranabigha,CGWB,10,Bihar,209,NALANDA,BIHARSHARIF,BIHAR,Ranabigha,-,-,-,-,-,-,25.17333333,85.50916667,30-05-2020 08:00,7.8,1554,"","",342,"",301.3,"","","","","","",54,70,161,"","","","","","","","","","",""
2621,Ranabigha,CGWB,10,Bihar,209,NALANDA,BIHARSHARIF,BIHAR,Ranabigha,-,-,-,-,-,-,25.17333333,85.50916667,30-05-2021 08:00,8.5,1070,"",6,372,"",81,"",49,"","","",434,47,77,44,"","","","","","","","","","",""
2622,Ranipatra,CGWB,10,Bihar,214,PURNIA,PURNIA EAST,PURNIA EAST,Ranipatra,-,-,-,-,-,-,25.73250000,87.51111111,30-05-2019 08:00,8.04,234,453.05,0,103.7,"",7.1,"","","","","",80,20,7.29,14.58,"","","","","","","","","","",""
2623,Ranipatra,CGWB,10,Bihar,214,PURNIA,PURNIA EAST,PURNIA EAST,Ranipatra,-,-,-,-,-,-,25.73250000,87.51111111,30-05-2020 08:00,8.04,234,"","",103.7,"",7.1,"","","","","","",20,7.29,14.58,"","","","","","","","","","",""
2624,Rasulpur,CGWB,10,Bihar,201,KATIHAR,KADWA,KADWA,Rasulpur,-,-,-,-,-,-,25.62222222,87.75000000,25-05-2004 00:00,7.58,325,"",0,173,"",18,"","","","","",122,16,19,35,"","","","","","","","","","",""
2625,Ratanpura,CGWB,10,Bihar,223,SUPAUL,BASANTPUR,BASANTPUR,Ratanpura,-,-,-,-,-,-,26.42805556,86.91555556,25-05-2009 00:00,"",700,"",0,293,"",39,"","","","","",300,64,34,14,"","","","","","","","","","",""
2626,Ratanpura,CGWB,10,Bihar,223,SUPAUL,BASANTPUR,BASANTPUR,Ratanpura,-,-,-,-,-,-,26.42805556,86.91555556,25-05-2010 00:00,"",460,"",0,214,"",14,"","","","","",135,46,4.9,18,"","","","","","","","","","",""
2627,Ratanpura,CGWB,10,Bihar,223,SUPAUL,BASANTPUR,BASANTPUR,Ratanpura,-,-,-,-,-,-,26.42805556,86.91555556,25-05-2011 00:00,6.6,480,"",0,465,"",39,"","","","","",170,48,12.21,24,"","","","","","","","","","",""
2628,Ratanpura,CGWB,10,Bihar,223,SUPAUL,BASANTPUR,BASANTPUR,Ratanpura,-,-,-,-,-,-,26.42805556,86.91555556,25-05-2012 00:00,7.45,700,"",0,370,"",53,"","","","","",275,16,57,20,"","","","","","","","","","",""
2629,Ratanpura,CGWB,10,Bihar,223,SUPAUL,BASANTPUR,BASANTPUR,Ratanpura,-,-,-,-,-,-,26.42805556,86.91555556,25-05-2013 00:00,8.28,543,"",0,225.7,"",42.5,"",5.1,"","","",135,4,30.4,19.9,"","","","","","","","","","",""
2630,Ratanpura,CGWB,10,Bihar,223,SUPAUL,BASANTPUR,BASANTPUR,Ratanpura,-,-,-,-,-,-,26.42805556,86.91555556,25-05-2016 00:00,7.93,622,404.3,0,311,"",42.552,"",6.3,"",6,"",310,58,39.6,2,"","","","","","","","","","",""
2631,Ratanpura1,CGWB,10,Bihar,223,SUPAUL,BASANTPUR,BASANTPUR,Ratanpura,-,-,-,-,-,-,26.42777778,86.91527778,25-05-2007 00:00,7.95,655,"","",311.1,255,46.1,"","","","","",240,60,21.8,32,"","","","","","","","","","",""
2632,Raxaul,CGWB,10,Bihar,213,PURBA CHAMPARAN,RAXAUL,RAXAUL,Raxaul,-,-,-,-,-,-,26.98333333,84.83333333,25-05-2002 00:00,8.47,288,"","","","","","","","","","","","","","","","","","","","","","","","",""
2633,Raxaul,CGWB,10,Bihar,213,PURBA CHAMPARAN,RAXAUL,RAXAUL,Raxaul,-,-,-,-,-,-,26.98333333,84.83333333,25-05-2009 00:00,"",316,"",0,183,"",3.5,"","","","","",105,30,7.33,24,"","","","","","","","","","",""
2634,Raxaul,CGWB,10,Bihar,213,PURBA CHAMPARAN,RAXAUL,RAXAUL,Raxaul,-,-,-,-,-,-,26.98333333,84.83333333,25-05-2010 00:00,"",345,"",0,189,"",3.6,"","","","","",100,38,1.2,23,"","","","","","","","","","",""
2635,Raxaul,CGWB,10,Bihar,213,PURBA CHAMPARAN,RAXAUL,RAXAUL,Raxaul,-,-,-,-,-,-,26.98333333,84.83333333,25-05-2016 00:00,7.5,326,"",0,159,"",35,"",3.9,"",0.5,"",175,48,13,4,"","","","","","","","","","",""
2636,Raxaul,CGWB,10,Bihar,213,PURBA CHAMPARAN,RAXAUL,RAXAUL,Raxaul,-,-,-,-,-,-,26.98333333,84.83333333,30-05-2019 08:00,7.98,366,273.65,0,170.856,"",7.08,"","","","","",145,30,17.0128,9.3,"","","","","","","","","","",""
2637,Raxaul,CGWB,10,Bihar,213,PURBA CHAMPARAN,RAXAUL,RAXAUL,Raxaul,-,-,-,-,-,-,26.98333333,84.83333333,30-05-2020 08:00,7.98,366,"","",170.856,"",7.08,"","","","","","",30,17.0128,9.3,"","","","","","","","","","",""
2638,Rishi Paharpur,CGWB,10,Bihar,204,LAKHISARAI,SURAJGARHA,SURAJGARHA,Rishi Paharpur,-,-,-,-,-,-,25.27805556,86.28500000,30-05-2019 08:00,8.1,697,166.4,0,155,"",85,"","","","","",275,6,63,16,"","","","","","","","","","",""
2639,Rishi Paharpur,CGWB,10,Bihar,204,LAKHISARAI,SURAJGARHA,SURAJGARHA,Rishi Paharpur,-,-,-,-,-,-,25.27805556,86.28500000,30-05-2020 08:00,8.1,697,"","",155,"",85,"","","","","","",6,63,16,"","","","","","","","","","",""
2640,Roh,CGWB,10,Bihar,210,NAWADA,GOBINDPUR,GOBINDPUR,Roh,-,-,-,-,-,-,24.87500000,85.68333333,25-05-2005 00:00,7.94,620,"",0,305,"",14,"","","","","",220,38,30.44,36,"","","","","","","","","","",""
2641,Roh,CGWB,10,Bihar,210,NAWADA,GOBINDPUR,GOBINDPUR,Roh,-,-,-,-,-,-,24.89166667,85.67777778,25-05-2007 00:00,8.36,420,"",12,183,170,11,"","","","","",105,20,13,41,"","","","","","","","","","",""
2642,Roh,CGWB,10,Bihar,210,NAWADA,GOBINDPUR,GOBINDPUR,Roh,-,-,-,-,-,-,24.87500000,85.68333333,25-05-2010 00:00,"",485,"",0,281,"","","","","","","",190,44,19,31,"","","","","","","","","","",""
2643,Roh,CGWB,10,Bihar,210,NAWADA,GOBINDPUR,GOBINDPUR,Roh,-,-,-,-,-,-,24.87500000,85.68333333,25-05-2011 00:00,8.24,550,"",0,262,"",21,"","","","","",155,28,20.7,54,"","","","","","","","","","",""
2644,Roh,CGWB,10,Bihar,210,NAWADA,GOBINDPUR,GOBINDPUR,Roh,-,-,-,-,-,-,24.87500000,85.68333333,25-05-2012 00:00,8.41,430,"",24,183.03,"",14.184,"","","","","",150,32.064,17.024,29,"","","","","","","","","","",""
2645,Roh,CGWB,10,Bihar,210,NAWADA,GOBINDPUR,GOBINDPUR,Roh,-,-,-,-,-,-,24.87500000,85.68333333,25-05-2013 00:00,8.41,430,"",24,183,"",14.2,"",0,"","","",150,32.1,17,29,"","","","","","","","","","",""
2646,Roh,CGWB,10,Bihar,210,NAWADA,GOBINDPUR,GOBINDPUR,Roh,-,-,-,-,-,-,24.87500000,85.68333333,25-05-2016 00:00,8.46,491,319.15,12,178.35,"",31.05,"",18,"",21,"",180,40,19,37,"","","","","","","","","","",""
2647,Roh,CGWB,10,Bihar,210,NAWADA,GOBINDPUR,GOBINDPUR,Roh,-,-,-,-,-,-,24.87500000,85.68333333,30-05-2019 08:00,8.2,630,254.8,0,122,"",145.3,"","","","","",275,40,43,23,"","","","","","","","","","",""
2648,Roh,CGWB,10,Bihar,210,NAWADA,GOBINDPUR,GOBINDPUR,Roh,-,-,-,-,-,-,24.87500000,85.68333333,30-05-2020 08:00,8.2,630,"","",122,"",145.3,"","","","","","",40,43,23,"","","","","","","","","","",""
2649,Roh,CGWB,10,Bihar,210,NAWADA,GOBINDPUR,GOBINDPUR,Roh,-,-,-,-,-,-,24.87500000,85.68333333,30-05-2021 08:00,7.89,340,"",0,156,"",27,"",1,"","","",118,29,11,19,"","","","","","","","","","",""
2650,Rosera,CGWB,10,Bihar,217,SAMASTIPUR,ROSERA,ROSERA,Rosera,-,-,-,-,-,-,25.76250000,86.04166667,25-05-2002 00:00,8.66,412,"","","","","","","","","","","","","","","","","","","","","","","","",""
2651,Rosera,CGWB,10,Bihar,217,SAMASTIPUR,ROSERA,ROSERA,Rosera,-,-,-,-,-,-,25.76250000,86.04166667,25-05-2012 00:00,7.64,450,"",0,110.7,"",7,"","","","","",215,48,19.44,7,"","","","","","","","","","",""
2652,Rosera,CGWB,10,Bihar,217,SAMASTIPUR,ROSERA,ROSERA,Rosera,-,-,-,-,-,-,25.76250000,86.04166667,25-05-2013 00:00,8.1,362,"",0,183,"",14,"",0,"","","",140,28,17.05,10,"","","","","","","","","","",""
2653,Rosera,CGWB,10,Bihar,217,SAMASTIPUR,ROSERA,ROSERA,Rosera,-,-,-,-,-,-,25.76250000,86.04166667,30-05-2021 08:00,7.33,57.8,"",0,19.7,"",11.9,"",2.9,"","","",26.4,6.17,2.66,4,"","","","","","","","","","",""
2654,Routru,CGWB,10,Bihar,201,KATIHAR,KORHA,KORHA,Routru,-,-,-,-,-,-,25.65000000,87.52500000,25-05-2000 00:00,8.22,210,"",0,104,"",3.6,"","","","","",50,16,24,5,"","","","","","","","","","",""
2655,Routru,CGWB,10,Bihar,201,KATIHAR,KORHA,KORHA,Routru,-,-,-,-,-,-,25.65000000,87.52500000,25-05-2009 00:00,"",250,"",0,98,"",18,"","","","","",85,20,8.5,14,"","","","","","","","","","",""
2656,Routru,CGWB,10,Bihar,201,KATIHAR,KORHA,KORHA,Routru,-,-,-,-,-,-,25.65000000,87.52500000,25-05-2011 00:00,7.26,164,"",0,73.2,"",24.85,"","","","","",75,18,7.32,8,"","","","","","","","","","",""
2657,Routru,CGWB,10,Bihar,201,KATIHAR,KORHA,KORHA,Routru,-,-,-,-,-,-,25.65000000,87.52500000,25-05-2013 00:00,7.83,145,"",0,67.1,"",10.6,"",0,"","","",25,4,3.6,18.4,"","","","","","","","","","",""
2658,Routru,CGWB,10,Bihar,201,KATIHAR,KORHA,KORHA,Routru,-,-,-,-,-,-,25.65000000,87.52500000,25-05-2016 00:00,8.51,303,"",0.2,91.5,"",39.006,"",3.88,"",19.35,"",70,8,12,36.82,"","","","","","","","","","",""
2659,Rupau,CGWB,10,Bihar,210,NAWADA,KAWAKOLE,KAWAKOLE,Rupau,-,-,-,-,-,-,24.85000000,85.75833333,25-05-2005 00:00,8.21,2120,"",0,579,"",163,"","","","","",360,42,62.05,145,"","","","","","","","","","",""
2660,Rupau,CGWB,10,Bihar,210,NAWADA,POKRI BARAWAN,POKRI BARAWAN,Rupau,-,-,-,-,-,-,24.85833333,85.75555556,25-05-2007 00:00,8.56,2400,"",18,439,389.8,383,"","","","","",430,36,83,131,"","","","","","","","","","",""
2661,Rupau,CGWB,10,Bihar,210,NAWADA,KAWAKOLE,KAWAKOLE,Rupau,-,-,-,-,-,-,24.85000000,85.75833333,25-05-2010 00:00,"",2350,"",0,470,"",238,"","","","","",245,10,53,160,"","","","","","","","","","",""
2662,Rupau,CGWB,10,Bihar,210,NAWADA,KAWAKOLE,KAWAKOLE,Rupau,-,-,-,-,-,-,24.85000000,85.75833333,25-05-2011 00:00,7.9,2520,"",0,683,"",223,"","","","","",475,50,85.16,204,"","","","","","","","","","",""
2663,Rupau,CGWB,10,Bihar,210,NAWADA,KAWAKOLE,KAWAKOLE,Rupau,-,-,-,-,-,-,24.85000000,85.75833333,25-05-2012 00:00,8.59,1948,"",36,134.222,"",347.508,"",192,"","","",380,32.064,72.96,158,"","","","","","","","","","",""
2664,Rupau,CGWB,10,Bihar,210,NAWADA,KAWAKOLE,KAWAKOLE,Rupau,-,-,-,-,-,-,24.85000000,85.75833333,25-05-2013 00:00,8.59,1948,"",36,134.2,"",347.5,"",192.1,"","","",380,32.1,73,158,"","","","","","","","","","",""
2665,Rupau,CGWB,10,Bihar,210,NAWADA,KAWAKOLE,KAWAKOLE,Rupau,-,-,-,-,-,-,24.85000000,85.75833333,25-05-2016 00:00,8.58,1564,1016.6,30,381.3,"",141.8,"",128,"",24,"",325,56,45,159,"","","","","","","","","","",""
2666,Rupau,CGWB,10,Bihar,210,NAWADA,KAWAKOLE,KAWAKOLE,Rupau,-,-,-,-,-,-,24.85000000,85.75833333,30-05-2019 08:00,8.1,392,523.9,0,110,"",35.5,"","","","","",150,16,27,18,"","","","","","","","","","",""
2667,Rupau,CGWB,10,Bihar,210,NAWADA,KAWAKOLE,KAWAKOLE,Rupau,-,-,-,-,-,-,24.85000000,85.75833333,30-05-2020 08:00,8.1,392,"","",110,"",35.5,"","","","","","",16,27,18,"","","","","","","","","","",""
2668,Rupau,CGWB,10,Bihar,210,NAWADA,KAWAKOLE,KAWAKOLE,Rupau,-,-,-,-,-,-,24.85000000,85.75833333,30-05-2021 08:00,7.26,140,"",0,30,"",25,"",2,"","","",31,6,4,16,"","","","","","","","","","",""
2669,Sabaur,CGWB,10,Bihar,192,BHAGALPUR,SABOUR,SABOUR,Sabaur,-,-,-,-,-,-,25.24583333,87.04583333,25-05-2005 00:00,7.37,1300,"",0,305,"",142,"","","","","",360,84,36.57,115,"","","","","","","","","","",""
2670,Sabaur,CGWB,10,Bihar,192,BHAGALPUR,SABOUR,SABOUR,Sabaur,-,-,-,-,-,-,25.23333333,87.05833333,25-05-2007 00:00,8.1,1057,"","",786,644.3,110,"","","","","",250,40,36.4,90,"","","","","","","","","","",""
2671,Sabaur,CGWB,10,Bihar,192,BHAGALPUR,SABOUR,SABOUR,Sabaur,-,-,-,-,-,-,25.23333333,87.05833333,25-05-2008 00:00,8.09,875,"",0,159,"",156,"","","","","",300,72,29,51,"","","","","","","","","","",""
2672,Sabaur,CGWB,10,Bihar,192,BHAGALPUR,SABOUR,SABOUR,Sabaur,-,-,-,-,-,-,25.23333333,87.05833333,25-05-2010 00:00,8.01,885,"",0,128,"",149,"","","","","",285,52,38,60,"","","","","","","","","","",""
2673,Sabaur,CGWB,10,Bihar,192,BHAGALPUR,SABOUR,SABOUR,Sabaur,-,-,-,-,-,-,25.24583333,87.04583333,25-05-2011 00:00,8.01,885,"",0,128,"",149,"","","","","",285,52,37.75,60,"","","","","","","","","","",""
2674,Sabaur,CGWB,10,Bihar,192,BHAGALPUR,SABOUR,SABOUR,Sabaur,-,-,-,-,-,-,25.24583333,87.04583333,25-05-2012 00:00,8.01,885,"",0,128,"",149,"","","","","",285,52,38,60,"","","","","","","","","","",""
2675,Sabaur,CGWB,10,Bihar,192,BHAGALPUR,SABOUR,SABOUR,Sabaur,-,-,-,-,-,-,25.24583333,87.04583333,25-05-2013 00:00,7.84,1280,"",0,415,"",178,"",0,"","","",400,96,39.02,81,"","","","","","","","","","",""
2676,Sabaur,CGWB,10,Bihar,192,BHAGALPUR,SABOUR,SABOUR,Sabaur,-,-,-,-,-,-,25.23333333,87.05833333,25-05-2016 00:00,7.7,505,328.25,0,246,"",24.81,"",41.91,"",19.53,"",160,12,31.59,47,"","","","","","","","","","",""
2677,Sadikpur,CGWB,10,Bihar,222,SIWAN,PACHRUKHI,PACHRUKHI,Sadikpur,-,-,-,-,-,-,26.16583333,84.43083333,30-05-2019 08:00,7.94,671,295.75,0,274.59,"",56.64,"","","","","",210,42,25.5192,34.8,"","","","","","","","","","",""
2678,Sadikpur,CGWB,10,Bihar,222,SIWAN,PACHRUKHI,PACHRUKHI,Sadikpur,-,-,-,-,-,-,26.16583333,84.43083333,30-05-2020 08:00,7.94,671,"","",274.59,"",56.64,"","","","","","",42,25.5192,34.8,"","","","","","","","","","",""
2679,Sagauli,CGWB,10,Bihar,213,PURBA CHAMPARAN,SUGAULI,SUGAULI,Sagauli,-,-,-,-,-,-,26.72777778,84.79583333,25-05-2002 00:00,8.47,952,"","","","","","","","","","","","","","","","","","","","","","","","",""
2680,Sagauli,CGWB,10,Bihar,213,PURBA CHAMPARAN,SUGAULI,SUGAULI,Sagauli,-,-,-,-,-,-,26.72777778,84.79583333,25-05-2007 00:00,7.74,1000,"","",384,314.8,92,"",38,"","","",400,104,34,41,"","","","","","","","","","",""
2681,Sagauli,CGWB,10,Bihar,213,PURBA CHAMPARAN,SUGAULI,SUGAULI,Sagauli,-,-,-,-,-,-,26.72777778,84.79583333,25-05-2009 00:00,"",927,"",0,183,"",149,"","","","","",215,16,43,86,"","","","","","","","","","",""
2682,Sagauli,CGWB,10,Bihar,213,PURBA CHAMPARAN,SUGAULI,SUGAULI,Sagauli,-,-,-,-,-,-,26.72777778,84.79583333,25-05-2011 00:00,7.68,1450,"",0,433,"",99,"","","","","",535,26,114.3,80,"","","","","","","","","","",""
2683,Sagauli,CGWB,10,Bihar,213,PURBA CHAMPARAN,SUGAULI,SUGAULI,Sagauli,-,-,-,-,-,-,26.72777778,84.79583333,25-05-2013 00:00,8.19,1005,"",0,256,"",135,"",50,"","","",280,44,41.39,85,"","","","","","","","","","",""
2684,Saguni,CGWB,10,Bihar,218,SARAN,PARSA,PARSA,Saguni,-,-,-,-,-,-,25.91055556,84.99722222,30-05-2019 08:00,7.22,801,425.75,0,323.406,"",60.18,"","","","","",305,60,37.6712,38.09,"","","","","","","","","","",""
2685,Saguni,CGWB,10,Bihar,218,SARAN,PARSA,PARSA,Saguni,-,-,-,-,-,-,25.91055556,84.99722222,30-05-2020 08:00,7.22,801,"","",323.406,"",60.18,"","","","","","",60,37.6712,38.09,"","","","","","","","","","",""
2686,Saharsa,CGWB,10,Bihar,216,SAHARSA,KAHARA,KAHARA,Saharsa,-,-,-,-,-,-,25.87083333,86.60833333,25-05-2000 00:00,8.7,549,"","",140,"",60,"","","","","",265,96,6,27,"","","","","","","","","","",""
2687,Saharsa,CGWB,10,Bihar,216,SAHARSA,KAHARA,KAHARA,Saharsa,-,-,-,-,-,-,25.89166667,86.52916667,25-05-2003 00:00,7.5,430,"","","","","","","","","","","","","","","","","","","","","","","","",""
2688,Saharsa,CGWB,10,Bihar,216,SAHARSA,KAHARA,KAHARA,Saharsa,-,-,-,-,-,-,25.89166667,86.52916667,25-05-2007 00:00,7.4,540,"","",158.6,130,49.7,"","","","","",180,64,4.8,40,"","","","","","","","","","",""
2689,Saharsa,CGWB,10,Bihar,216,SAHARSA,KAHARA,KAHARA,Saharsa,-,-,-,-,-,-,25.89166667,86.52916667,25-05-2012 00:00,7.6,513,"",0,201,"",64,"","","","","",190,6,43,23,"","","","","","","","","","",""
2690,Saharsa,CGWB,10,Bihar,216,SAHARSA,KAHARA,KAHARA,Saharsa,-,-,-,-,-,-,25.87083333,86.60833333,25-05-2016 00:00,8.02,868,564.2,0,305,"",88.65,"",21.4,"",3.9,"",350,66,44.4,25,"","","","","","","","","","",""
2691,Saharsa1,CGWB,10,Bihar,216,SAHARSA,KAHARA,KAHARA,Saharsa,-,-,-,-,-,-,25.87111111,86.60833333,25-05-2008 00:00,8.24,593,"",0,146,"",57,"","","","","",180,64,4.9,48,"","","","","","","","","","",""
2692,Saharsa1,CGWB,10,Bihar,216,SAHARSA,KAHARA,KAHARA,Saharsa,-,-,-,-,-,-,25.89194444,86.52944444,25-05-2011 00:00,7.32,586,"",0,293,"",35,"","","","","",215,48,23.16,30,"","","","","","","","","","",""
2693,Saharsa1,CGWB,10,Bihar,216,SAHARSA,KAHARA,KAHARA,Saharsa,-,-,-,-,-,-,25.89194444,86.52944444,25-05-2013 00:00,8.04,576,"",0,219.6,"",35.5,"",40.3,"","","",240,18,47.4,15.9,"","","","","","","","","","",""
2694,Sahdei Bujurg,CGWB,10,Bihar,224,VAISHALI,-,-,-,-,-,-,-,-,-,25.66166700,85.46111100,30-05-2021 08:00,7.89,680,"",0,256,"",52,"",23,"","","",225,54,22,35,"","","","","","","","","","",""
2695,Sahebganj,CGWB,10,Bihar,208,MUZAFFARPUR,SAHEBGANJ,SAHEBGANJ,Sahebganj,-,-,-,-,-,-,26.30138889,84.93750000,25-05-2001 00:00,8.51,1030,"",12,146,"",167,"","","","","",130,28,12,76,"","","","","","","","","","",""
2696,Sahebganj,CGWB,10,Bihar,208,MUZAFFARPUR,SAHEBGANJ,SAHEBGANJ,Sahebganj,-,-,-,-,-,-,26.30416667,84.92916667,25-05-2003 00:00,7.37,990,"","","","","","","","","","","","","","","","","","","","","","","","",""
2697,Sahebganj,CGWB,10,Bihar,208,MUZAFFARPUR,SAHEBGANJ,SAHEBGANJ,Sahebganj,-,-,-,-,-,-,26.30138889,84.93750000,25-05-2006 00:00,8.81,600,"",24,220,"",11,"","","","","",170,18,30.41,48,"","","","","","","","","","",""
2698,Sahebganj,CGWB,10,Bihar,208,MUZAFFARPUR,SAHEBGANJ,SAHEBGANJ,Sahebganj,-,-,-,-,-,-,26.30416667,84.92916667,25-05-2009 00:00,"",530,"",18,268,"",7.1,"","","","","",200,10,42,51,"","","","","","","","","","",""
2699,Sahebganj,CGWB,10,Bihar,208,MUZAFFARPUR,SAHEBGANJ,SAHEBGANJ,Sahebganj,-,-,-,-,-,-,26.30138889,84.93750000,25-05-2010 00:00,"",927,"",0,549,"","","","","","","",380,74,50,46,"","","","","","","","","","",""
2700,Sahebganj,CGWB,10,Bihar,208,MUZAFFARPUR,SAHEBGANJ,SAHEBGANJ,Sahebganj,-,-,-,-,-,-,26.30416667,84.92916667,25-05-2012 00:00,8.72,500,"",12,281,"",11,"","","","","",230,8,51,27,"","","","","","","","","","",""
2701,Sahebganj,CGWB,10,Bihar,208,MUZAFFARPUR,SAHEBGANJ,SAHEBGANJ,Sahebganj,-,-,-,-,-,-,26.30416667,84.92916667,25-05-2013 00:00,8.72,540,"",12,281,"",11,"",24,"","","",230,8,51.07,27,"","","","","","","","","","",""
2702,Sahebganj,CGWB,10,Bihar,208,MUZAFFARPUR,SAHEBGANJ,SAHEBGANJ,Sahebganj,-,-,-,-,-,-,26.30138889,84.93750000,25-05-2016 00:00,7.61,419,"",0,183,"",35,"",3.5,"",2.6,"",160,24,24,21,"","","","","","","","","","",""
2703,Sahjadpur,CGWB,10,Bihar,224,VAISHALI,HAJIPUR,HAJIPUR,Sahjadpur,-,-,-,-,-,-,25.68333333,85.20000000,30-05-2019 08:00,7.33,772,369.85,0,237.978,"",31.86,"","","","","",295,70,29.1648,34.56,"","","","","","","","","","",""
2704,Sahjadpur,CGWB,10,Bihar,224,VAISHALI,HAJIPUR,HAJIPUR,Sahjadpur,-,-,-,-,-,-,25.68333333,85.20000000,30-05-2020 08:00,7.33,772,"","",237.978,"",31.86,"","","","","","",70,29.1648,34.56,"","","","","","","","","","",""
2705,Sahjadpur,CGWB,10,Bihar,224,VAISHALI,HAJIPUR,HAJIPUR,Sahjadpur,-,-,-,-,-,-,25.68333333,85.20000000,30-05-2021 08:00,7.28,267.9,"",0,34.5,"",47.4,"",43.4,"","","",20.5,2.06,3.73,52.9,"","","","","","","","","","",""
2706,Saidpur,CGWB,10,Bihar,204,LAKHISARAI,SURAJGARHA,SURAJGARHA,Saidpur,-,-,-,-,-,-,25.18333333,86.15333333,30-05-2021 08:00,7.45,1530,"",0,293,"",287,"",83,"","","",510,88,70,108,"","","","","","","","","","",""
2707,Sakari,CGWB,10,Bihar,195,DARBHANGA,MANIGACHHI,MANIGACHHI,Sakari,-,-,-,-,-,-,26.19583333,86.10000000,25-05-2002 00:00,8.23,1201,"","","","","","","","","","","","","","","","","","","","","","","","",""
2708,Sakari,CGWB,10,Bihar,195,DARBHANGA,MANIGACHHI,MANIGACHHI,Sakari,-,-,-,-,-,-,26.19583333,86.10000000,25-05-2011 00:00,8.22,995,"",0,387.74,"",113.44,"","","","","",245,18,48.65,102,"","","","","","","","","","",""
2709,Sakari,CGWB,10,Bihar,195,DARBHANGA,MANIGACHHI,MANIGACHHI,Sakari,-,-,-,-,-,-,26.19583333,86.10000000,25-05-2012 00:00,8.16,1002,"",0,393.6,"",109.9,"","","","","",245,18,48.6,100,"","","","","","","","","","",""
2710,Sakari,CGWB,10,Bihar,195,DARBHANGA,MANIGACHHI,MANIGACHHI,Sakari,-,-,-,-,-,-,26.19583333,86.10000000,25-05-2013 00:00,7.5,1194,"",0,488.1,"",127.7,"",24,"","","",380,56.1,58.36,93,"","","","","","","","","","",""
2711,Sakari1,CGWB,10,Bihar,195,DARBHANGA,MANIGACHHI,MANIGACHHI,Sakari,-,-,-,-,-,-,26.19638889,86.10027778,25-05-2008 00:00,7.95,630,"",0,305,"",14,"","","","","",190,42,21,51,"","","","","","","","","","",""
2712,Sakri chatti,CGWB,10,Bihar,208,MUZAFFARPUR,KURHANI,KURHANI,Sakri chatti,-,-,-,-,-,-,26.04583333,85.35416667,25-05-2003 00:00,7.78,1300,"","","","","","","","","","","","","","","","","","","","","","","","",""
2713,Sakri chatti,CGWB,10,Bihar,208,MUZAFFARPUR,KURHANI,KURHANI,Sakri chatti,-,-,-,-,-,-,26.04583333,85.35416667,25-05-2010 00:00,"",1362,"",0,555,"",131,"","","","","",495,128,43,68,"","","","","","","","","","",""
2714,Sakri chatti,CGWB,10,Bihar,208,MUZAFFARPUR,KURHANI,KURHANI,Sakri chatti,-,-,-,-,-,-,26.04583333,85.35416667,25-05-2016 00:00,7.26,1245,"",0,488,"",106,"",65.5,"",2.3,"",475,86,62,50,"","","","","","","","","","",""
2715,Sakri chatti,CGWB,10,Bihar,208,MUZAFFARPUR,KURHANI,KURHANI,Sakri chatti,-,-,-,-,-,-,26.04583333,85.35416667,30-05-2019 08:00,8.2,554,455,0,281,"",17.7,"","","","","",240,38,35,20,"","","","","","","","","","",""
2716,Sakri chatti,CGWB,10,Bihar,208,MUZAFFARPUR,KURHANI,KURHANI,Sakri chatti,-,-,-,-,-,-,26.04583333,85.35416667,30-05-2020 08:00,8.2,554,"","",281,"",17.7,"","","","","","",38,35,20,"","","","","","","","","","",""
2717,Salarpur,CGWB,10,Bihar,202,KHAGARIA,PARBATTA,PARBATTA,Salarpur,-,-,-,-,-,-,25.39166667,86.74583333,25-05-2003 00:00,7.46,530,"","","","","","","","","","","","","","","","","","","","","","","","",""
2718,Salarpur,CGWB,10,Bihar,202,KHAGARIA,PARBATTA,PARBATTA,Salarpur,-,-,-,-,-,-,25.39166667,86.74583333,30-05-2021 08:00,7.61,270,"",0,60,"",35,"",20,"","","",87,19,10,19,"","","","","","","","","","",""
2719,Sambhuganj,CGWB,10,Bihar,190,BANKA,SHAMBHUGANJ,SHAMBHUGANJ,Sambhuganj,-,-,-,-,-,-,25.08055556,86.73333333,25-05-2010 00:00,"",1600,"",0,470,"",220,"","","","","",350,40,61,65,"","","","","","","","","","",""
2720,Sambhuganj,CGWB,10,Bihar,190,BANKA,SHAMBHUGANJ,SHAMBHUGANJ,Sambhuganj,-,-,-,-,-,-,25.08055556,86.73333333,25-05-2011 00:00,7.74,1600,"",0,470,"",220,"","","","","",350,40,60.83,65,"","","","","","","","","","",""
2721,Sambhuganj,CGWB,10,Bihar,190,BANKA,SHAMBHUGANJ,SHAMBHUGANJ,Sambhuganj,-,-,-,-,-,-,25.08055556,86.73333333,25-05-2016 00:00,8.09,542,352.3,0,202.95,"",31.9,"",50.08,"",20.01,"",105,10,19.44,65.22,"","","","","","","","","","",""
2722,Sandesh,CGWB,10,Bihar,193,BHOJPUR,SANDESH,SANDESH,Sandesh,-,-,-,-,-,-,25.40583333,84.73805556,30-05-2019 08:00,7.9,1677,504.4,0,218,"",246,"","","","","",632,106,64,99,"","","","","","","","","","",""
2723,Sandesh,CGWB,10,Bihar,193,BHOJPUR,SANDESH,SANDESH,Sandesh,-,-,-,-,-,-,25.40583333,84.73805556,30-05-2020 08:00,7.9,1677,"","",218,"",246,"","","","","","",106,64,99,"","","","","","","","","","",""
2724,Sandesh,CGWB,10,Bihar,193,BHOJPUR,SANDESH,SANDESH,Sandesh,-,-,-,-,-,-,25.40583333,84.73805556,30-05-2021 08:00,8.26,1080,"",0,344,"",125,"",35,"","","",356,90,32,80,"","","","","","","","","","",""
2725,Sandipi,CGWB,10,Bihar,198,JAMUI,LAKSHMIPUR,LAKSHMIPUR,Sandipi,-,-,-,-,-,-,24.99833333,86.42111111,25-05-2013 00:00,7.01,868,"",0,183,"",178,"",0,"","","",240,68,17.1,83,"","","","","","","","","","",""
2726,Sandipi,CGWB,10,Bihar,198,JAMUI,LAKSHMIPUR,LAKSHMIPUR,Sandipi,-,-,-,-,-,-,24.99833333,86.42111111,25-05-2016 00:00,7.84,466,302.9,0,246,"",17.73,"",29.49,"",19.79,"",170,26,25.51,35.64,"","","","","","","","","","",""
2727,Sangat Gali,CGWB,10,Bihar,196,GAYA,GAYA TOWN,GAYA TOWN,Sangat Gali,-,-,-,-,-,-,24.78250000,84.99972222,30-05-2021 08:00,8.03,420,"",0,183,"",22,"",12,"","","",175,40,18,11,"","","","","","","","","","",""
2728,Sanghar Tola,CGWB,10,Bihar,218,SARAN,REVELGANJ,REVELGANJ,Sanghar Tola,-,-,-,-,-,-,25.77833333,84.65222222,30-05-2019 08:00,7.19,655,510.9,0,250.182,"",63.72,"","","","","",250,22,47.3928,21.71,"","","","","","","","","","",""
2729,Sanghar Tola,CGWB,10,Bihar,218,SARAN,REVELGANJ,REVELGANJ,Sanghar Tola,-,-,-,-,-,-,25.77833333,84.65222222,30-05-2020 08:00,7.19,655,"","",250.182,"",63.72,"","","","","","",22,47.3928,21.71,"","","","","","","","","","",""
2730,Sangrampur,CGWB,10,Bihar,207,MUNGER,SANGRAMPUR,SANGRAMPUR,Sangrampur,-,-,-,-,-,-,24.96250000,86.58750000,25-05-2005 00:00,7.83,1060,"",0,92,"",231,"","","","","",310,96,17.14,92,"","","","","","","","","","",""
2731,Sangrampur,CGWB,10,Bihar,207,MUNGER,SANGRAMPUR,SANGRAMPUR,Sangrampur,-,-,-,-,-,-,24.96250000,86.58750000,25-05-2008 00:00,8.15,1060,"",0,366,"",128,"","","","","",325,54,46,81,"","","","","","","","","","",""
2732,Sangrampur,CGWB,10,Bihar,207,MUNGER,SANGRAMPUR,SANGRAMPUR,Sangrampur,-,-,-,-,-,-,24.96250000,86.58750000,25-05-2009 00:00,"",1287,"",0,378,"",195,"","","","","",380,104,29,125,"","","","","","","","","","",""
2733,Sangrampur,CGWB,10,Bihar,207,MUNGER,SANGRAMPUR,SANGRAMPUR,Sangrampur,-,-,-,-,-,-,24.96250000,86.58750000,25-05-2016 00:00,7.96,428,278.2,0,184.5,"",28.36,"",30.36,"",12.21,"",155,26,21.87,34.34,"","","","","","","","","","",""
2734,Sarai1,CGWB,10,Bihar,224,VAISHALI,MAHUA,MAHUA,Sarai,-,-,-,-,-,-,25.78333333,85.27500000,25-05-2012 00:00,7.83,865,"",0,332.1,"",88.63,"","","","","",165,8,35,116,"","","","","","","","","","",""
2735,Sarai1,CGWB,10,Bihar,224,VAISHALI,MAHUA,MAHUA,Sarai,-,-,-,-,-,-,25.78333333,85.27500000,25-05-2013 00:00,7.03,860,"",0,311,"",88.6,"",12,"","","",335,80,32.92,36,"","","","","","","","","","",""
2736,Sarai Ranjan,CGWB,10,Bihar,217,SAMASTIPUR,SARAIRANJAN,SARAIRANJAN,Sarai Ranjan,-,-,-,-,-,-,25.76805556,85.71694444,30-05-2021 08:00,7.64,134.8,"",0,48.9,"",21,"",9.5,"","","",51.4,14.39,3.76,15,"","","","","","","","","","",""
2737,Saraiya,CGWB,10,Bihar,208,MUZAFFARPUR,SARAIYA,SARAIYA,Saraiya,-,-,-,-,-,-,26.01944444,85.15555556,25-05-2001 00:00,8.43,580,"",6,262,"",25,"","","","","",250,16,51,12,"","","","","","","","","","",""
2738,Saraiya,CGWB,10,Bihar,208,MUZAFFARPUR,SARAIYA,SARAIYA,Saraiya,-,-,-,-,-,-,26.01666667,85.16666667,25-05-2002 00:00,8.69,678,"","","","","","","","","","","","","","","","","","","","","","","","",""
2739,Saraiya,CGWB,10,Bihar,208,MUZAFFARPUR,SARAIYA,SARAIYA,Saraiya,-,-,-,-,-,-,26.01666667,85.16666667,25-05-2003 00:00,7.59,710,"","","","","","","","","","","","","","","","","","","","","","","","",""
2740,Saraiya,CGWB,10,Bihar,208,MUZAFFARPUR,SARAIYA,SARAIYA,Saraiya,-,-,-,-,-,-,26.01666667,85.16666667,25-05-2016 00:00,8.36,685,"",12,195,"",39,"",67,"",13.9,"",265,54,31,20,"","","","","","","","","","",""
2741,Saraiya,CGWB,10,Bihar,200,KAIMUR,BHAGWANPUR,BHAGWANPUR,Saraiya,-,-,-,-,-,-,24.98027778,83.56750000,30-05-2019 08:00,7.9,801,490.75,0,361,"",8,"","","","","",333,33,60.88152,11,"","","","","","","","","","",""
2742,Saraiya,CGWB,10,Bihar,200,KAIMUR,BHAGWANPUR,BHAGWANPUR,Saraiya,-,-,-,-,-,-,24.98027778,83.56750000,30-05-2020 08:00,7.9,801,"","",361,"",8,"","","","","","",33,60.88152,11,"","","","","","","","","","",""
2743,Sarbarpur,CGWB,10,Bihar,220,SHEOHAR,BELSAND,BELSAND,Sarbarpur,-,-,-,-,-,-,26.42527778,85.32472222,30-05-2019 08:00,8.17,357,562.9,0,202.95,"",9.26,"","","","","",150,18,25.515,11.82,"","","","","","","","","","",""
2744,Sarbarpur,CGWB,10,Bihar,220,SHEOHAR,BELSAND,BELSAND,Sarbarpur,-,-,-,-,-,-,26.42527778,85.32472222,30-05-2020 08:00,8.17,357,"","",202.95,"",9.26,"","","","","","",18,25.515,11.82,"","","","","","","","","","",""
2745,Sare,CGWB,10,Bihar,209,NALANDA,ASTHAWAN,ASTHAWAN,Sare,-,-,-,-,-,-,25.20944444,85.68444444,25-05-2013 00:00,7.2,840,"",0,380,"",46,"",52.2,"","","",352,52.9,53.49,33.2,"","","","","","","","","","",""
2746,Sare,CGWB,10,Bihar,209,NALANDA,ASTHAWAN,ASTHAWAN,Sare,-,-,-,-,-,-,25.20944444,85.68444444,25-05-2016 00:00,8.51,580,377,18,147.6,"",53.17,"",25,"",30,"",125,20,18.22,73,"","","","","","","","","","",""
2747,Sare,CGWB,10,Bihar,209,NALANDA,ASTHAWAN,ASTHAWAN,Sare,-,-,-,-,-,-,25.20944444,85.68444444,30-05-2019 08:00,8,427,383.5,0,153,"",42.5,"","","","","",150,20,24,28,"","","","","","","","","","",""
2748,Sare,CGWB,10,Bihar,209,NALANDA,ASTHAWAN,ASTHAWAN,Sare,-,-,-,-,-,-,25.20944444,85.68444444,30-05-2020 08:00,8,427,"","",153,"",42.5,"","","","","","",20,24,28,"","","","","","","","","","",""
2749,Sare,CGWB,10,Bihar,209,NALANDA,ASTHAWAN,ASTHAWAN,Sare,-,-,-,-,-,-,25.20944444,85.68444444,30-05-2021 08:00,8.09,480,"",0,226,"",20,"",2,"","","",180,24,29,25,"","","","","","","","","","",""
2750,Sarmera,CGWB,10,Bihar,209,NALANDA,SARMERA,SARMERA,Sarmera,-,-,-,-,-,-,25.24305556,85.81000000,30-05-2019 08:00,7.9,590,1483.3,0,61,"",53.2,"","","","","",250,84,10,18,"","","","","","","","","","",""
2751,Sarmera,CGWB,10,Bihar,209,NALANDA,SARMERA,SARMERA,Sarmera,-,-,-,-,-,-,25.24305556,85.81000000,30-05-2020 08:00,7.9,590,"","",61,"",53.2,"","","","","","",84,10,18,"","","","","","","","","","",""
2752,Sarmera,CGWB,10,Bihar,209,NALANDA,SARMERA,SARMERA,Sarmera,-,-,-,-,-,-,25.24305556,85.81000000,30-05-2021 08:00,7.55,440,"",0,189,"",32,"",22,"","","",180,30,26,16,"","","","","","","","","","",""
2753,Sarripatti,CGWB,10,Bihar,222,SIWAN,BHAGWANPUR HAT,BHAGWANPUR HAT,Sarripatti,-,-,-,-,-,-,26.10361111,84.67583333,30-05-2019 08:00,8,455,456.3,0,183.06,"",24.78,"","","","","",110,36,4.8608,38.3,"","","","","","","","","","",""
2754,Sarripatti,CGWB,10,Bihar,222,SIWAN,BHAGWANPUR HAT,BHAGWANPUR HAT,Sarripatti,-,-,-,-,-,-,26.10361111,84.67583333,30-05-2020 08:00,8,455,"","",183.06,"",24.78,"","","","","","",36,4.8608,38.3,"","","","","","","","","","",""
2755,Sarripatti,CGWB,10,Bihar,222,SIWAN,BHAGWANPUR HAT,BHAGWANPUR HAT,Sarripatti,-,-,-,-,-,-,26.10361111,84.67583333,30-05-2021 08:00,7.44,1710,"",0,543,"",228,"",44,"","","",516,121,52,152,"","","","","","","","","","",""
2756,Sasamusa,CGWB,10,Bihar,197,GOPALGANJ,KUCHAIKOTE,KUCHAIKOTE,Sasamusa,-,-,-,-,-,-,26.53333333,84.36250000,25-05-2002 00:00,8.09,580,"","","","","","","","","","","","","","","","","","","","","","","","",""
2757,Sasamusa,CGWB,10,Bihar,197,GOPALGANJ,KUCHAIKOTE,KUCHAIKOTE,Sasamusa,-,-,-,-,-,-,26.53333333,84.36250000,25-05-2008 00:00,8.21,580,"",0,293,"",14,"","","","","",210,58,16,30,"","","","","","","","","","",""
2758,Sasaram Chota,CGWB,10,Bihar,193,BHOJPUR,UDWANT NAGAR,UDWANTNAGAR,Sasaram Chota,-,-,-,-,-,-,25.56972222,84.52527778,30-05-2021 08:00,8.4,1470,"",3,421,"",223,"",95,"","","",199,14,40,208,"","","","","","","","","","",""
2759,Sasaram p.o.,CGWB,10,Bihar,215,ROHTAS,SASARAM,SASARAM,Sasaram p.o.,-,-,-,-,-,-,24.95833333,84.02500000,25-05-2002 00:00,8.81,523,"","","","","","","","","","","","","","","","","","","","","","","","",""
2760,Sasaram p.o.,CGWB,10,Bihar,215,ROHTAS,SASARAM,SASARAM,Sasaram p.o.,-,-,-,-,-,-,24.95833333,84.02500000,25-05-2004 00:00,7.48,880,"",0,446,"",128,"","","","","",336,28,64,54,"","","","","","","","","","",""
2761,Sasaram p.o.,CGWB,10,Bihar,215,ROHTAS,SASARAM,SASARAM,Sasaram p.o.,-,-,-,-,-,-,24.95833333,84.02500000,25-05-2010 00:00,"",675,"",0,268,"",74,"","","","","",230,30,38,46,"","","","","","","","","","",""
2762,Sasaram p.o.,CGWB,10,Bihar,215,ROHTAS,SASARAM,SASARAM,Sasaram p.o.,-,-,-,-,-,-,24.95833333,84.02500000,25-05-2011 00:00,7.5,675,"",0,268,"",74,"","","","","",230,30,37.72,46,"","","","","","","","","","",""
2763,Sasaram p.o.,CGWB,10,Bihar,215,ROHTAS,SASARAM,SASARAM,Sasaram p.o.,-,-,-,-,-,-,24.95833333,84.02500000,25-05-2012 00:00,7.5,530,"",0,240,"",195.68,"",34.95,"","","",208,27.25,33.6,"","","","","","","","","","","",""
2764,Sasaram p.o.,CGWB,10,Bihar,215,ROHTAS,SASARAM,SASARAM,Sasaram p.o.,-,-,-,-,-,-,24.95833333,84.02500000,25-05-2013 00:00,7.52,514,"",0,213.5,"",35.5,"",4.5,"","","",155,14,29.19,37.6,"","","","","","","","","","",""
2765,Sasaram p.o.,CGWB,10,Bihar,215,ROHTAS,SASARAM,SASARAM,Sasaram p.o.,-,-,-,-,-,-,24.95833333,84.02500000,25-05-2016 00:00,8.26,503,326.95,0,227.55,"",24.81,"",9.88,"",6.09,"",155,42,12.15,34.39,"","","","","","","","","","",""
2766,Sasaula Khurd,CGWB,10,Bihar,220,SHEOHAR,-,-,-,-,-,-,-,-,-,26.53722200,85.31361100,30-05-2019 08:00,7.84,866,280.15,0,166.05,"",127,"","","","","",235,26,41.31,71.17,"","","","","","","","","","",""
2767,Sasaula Khurd,CGWB,10,Bihar,220,SHEOHAR,-,-,-,-,-,-,-,-,-,26.53722200,85.31361100,30-05-2020 08:00,7.84,866,"","",166.05,"",127,"","","","","","",26,41.31,71.17,"","","","","","","","","","",""
2768,Seho,CGWB,10,Bihar,208,MUZAFFARPUR,SAKRA,SAKRA,Seho,-,-,-,-,-,-,26.00666667,85.50638889,30-05-2019 08:00,8,700,1056.9,0,195,"",109.9,"","","","","",325,76,33,17,"","","","","","","","","","",""
2769,Seho,CGWB,10,Bihar,208,MUZAFFARPUR,SAKRA,SAKRA,Seho,-,-,-,-,-,-,26.00666667,85.50638889,30-05-2020 08:00,8,700,"","",195,"",109.9,"","","","","","",76,33,17,"","","","","","","","","","",""
2770,Seikhpura,CGWB,10,Bihar,219,SHEIKHPURA,SHEIKHPURA,SHEIKHPURA,Barbigha,-,-,-,-,-,-,25.14583333,85.85416667,25-05-2010 00:00,"",763,"",0,140,"",99,"","","","","",220,58,18,48,"","","","","","","","","","",""
2771,Seikhpura,CGWB,10,Bihar,219,SHEIKHPURA,SHEIKHPURA,SHEIKHPURA,Barbigha,-,-,-,-,-,-,25.14583333,85.85416667,25-05-2011 00:00,8.22,763,"",0,140,"",99,"","","","","",220,58,18.31,48,"","","","","","","","","","",""
2772,Seikhpura,CGWB,10,Bihar,219,SHEIKHPURA,SHEIKHPURA,SHEIKHPURA,Barbigha,-,-,-,-,-,-,25.14583333,85.85416667,25-05-2012 00:00,8.18,764,"",0,138,"",98,"","","","","",220,58,18.31,46,"","","","","","","","","","",""
2773,Semribaktiarpur,CGWB,10,Bihar,216,SAHARSA,SIMRI BAKHTIARPUR,SIMRI BAKHTIARPUR,Semribaktiarpur,-,-,-,-,-,-,25.72500000,86.60833333,25-05-2000 00:00,8.13,541,"",0,372,"",18,"","","","","",260,34,43,38,"","","","","","","","","","",""
2774,Semribaktiarpur,CGWB,10,Bihar,216,SAHARSA,SIMRI BAKHTIARPUR,SIMRI BAKHTIARPUR,Semribaktiarpur,-,-,-,-,-,-,25.73333333,86.61250000,25-05-2003 00:00,7.5,270,"","","","","","","","","","","","","","","","","","","","","","","","",""
2775,Semribaktiarpur,CGWB,10,Bihar,216,SAHARSA,SIMRI BAKHTIARPUR,SIMRI BAKHTIARPUR,Semribaktiarpur,-,-,-,-,-,-,25.72500000,86.60833333,25-05-2008 00:00,8.19,455,"",0,275,"",14,"","","","","",180,46,16,35,"","","","","","","","","","",""
2776,Semribaktiarpur,CGWB,10,Bihar,216,SAHARSA,SIMRI BAKHTIARPUR,SIMRI BAKHTIARPUR,Semribaktiarpur,-,-,-,-,-,-,25.72500000,86.60833333,25-05-2010 00:00,"",530,"",0,250,"",21,"","","","","",205,66,9.7,14,"","","","","","","","","","",""
2777,Semribaktiarpur,CGWB,10,Bihar,216,SAHARSA,SIMRI BAKHTIARPUR,SIMRI BAKHTIARPUR,Semribaktiarpur,-,-,-,-,-,-,25.72500000,86.60833333,25-05-2016 00:00,7.95,804,522.6,0,293,"",74.466,"",81,"",3.1,"",350,72,40.8,24,"","","","","","","","","","",""
2778,Senwaria,CGWB,10,Bihar,213,PURBA CHAMPARAN,HARSIDHI,HARSIDHI,Senwaria,-,-,-,-,-,-,26.57916667,84.67500000,25-05-2007 00:00,8.28,580,"","",238,195.1,32,"",17,"","","",250,68,19,9.2,"","","","","","","","","","",""
2779,Shahkund db.ib,CGWB,10,Bihar,192,BHAGALPUR,SHAHKUND,SHAHKUND,Shahkund db.ib,-,-,-,-,-,-,25.17500000,86.81250000,25-05-2005 00:00,8.22,430,"",0,122,"",57,"","","","","",120,44,2.48,25,"","","","","","","","","","",""
2780,Shahkund db.ib,CGWB,10,Bihar,192,BHAGALPUR,SHAHKUND,SHAHKUND,Shahkund db.ib,-,-,-,-,-,-,25.17500000,86.81250000,25-05-2007 00:00,8.55,544,"","",305,250,71,"","","","","",180,44,17,32,"","","","","","","","","","",""
2781,Shahkund db.ib,CGWB,10,Bihar,192,BHAGALPUR,SHAHKUND,SHAHKUND,Shahkund db.ib,-,-,-,-,-,-,25.17500000,86.81250000,25-05-2008 00:00,8.35,500,"",12,140,"",57,"","","","","",195,46,19,2.3,"","","","","","","","","","",""
2782,Shahkund db.ib,CGWB,10,Bihar,192,BHAGALPUR,SHAHKUND,SHAHKUND,Shahkund db.ib,-,-,-,-,-,-,25.17500000,86.81250000,25-05-2009 00:00,"",360,"",0,98,"",46,"","","","","",120,30,11,17,"","","","","","","","","","",""
2783,Shahkund db.ib,CGWB,10,Bihar,192,BHAGALPUR,SHAHKUND,SHAHKUND,Shahkund db.ib,-,-,-,-,-,-,25.17500000,86.81250000,25-05-2010 00:00,"",506,"",0,152,"",67,"","","","","",170,40,17,26,"","","","","","","","","","",""
2784,Shahkund db.ib,CGWB,10,Bihar,192,BHAGALPUR,SHAHKUND,SHAHKUND,Shahkund db.ib,-,-,-,-,-,-,25.17500000,86.81250000,25-05-2011 00:00,8,506,"",0,152,"",67,"","","","","",170,40,17.07,26,"","","","","","","","","","",""
2785,Shahkund db.ib,CGWB,10,Bihar,192,BHAGALPUR,SHAHKUND,SHAHKUND,Shahkund db.ib,-,-,-,-,-,-,25.17500000,86.81250000,25-05-2012 00:00,8,506,"",0,152,"",67,"","","","","",170,40,17,26,"","","","","","","","","","",""
2786,Shahpur Morh,CGWB,10,Bihar,210,NAWADA,WARISALIGANJ,WARISALIGANJ,Shahpur Morh,-,-,-,-,-,-,25.02472222,85.57361111,30-05-2019 08:00,8,806,300.95,0,384,"",53.2,"","","","","",315,30,58,40,"","","","","","","","","","",""
2787,Shahpur Morh,CGWB,10,Bihar,210,NAWADA,WARISALIGANJ,WARISALIGANJ,Shahpur Morh,-,-,-,-,-,-,25.02472222,85.57361111,30-05-2020 08:00,8,806,"","",384,"",53.2,"","","","","","",30,58,40,"","","","","","","","","","",""
2788,Shahpur Morh,CGWB,10,Bihar,210,NAWADA,WARISALIGANJ,WARISALIGANJ,Shahpur Morh,-,-,-,-,-,-,25.02472222,85.57361111,30-05-2021 08:00,8.3,300,"",0,214,"",28,"",13,"","","",189,53,13,21,"","","","","","","","","","",""
2789,Shahpurpatori,CGWB,10,Bihar,217,SAMASTIPUR,PATORI,PATORI,Shahpurpatori,-,-,-,-,-,-,25.63333333,85.57083333,25-05-2006 00:00,8.61,600,"",24,128,"",36,"","","","","",190,20,34.06,46,"","","","","","","","","","",""
2790,Shahpurpatori,CGWB,10,Bihar,217,SAMASTIPUR,PATORI,PATORI,Shahpurpatori,-,-,-,-,-,-,25.63333333,85.57083333,25-05-2011 00:00,8.16,658,"",0,325.95,"",35.45,"","","","","",250,16,51.08,47,"","","","","","","","","","",""
2791,Shahpurpatori,CGWB,10,Bihar,217,SAMASTIPUR,PATORI,PATORI,Shahpurpatori,-,-,-,-,-,-,25.63333333,85.57083333,25-05-2012 00:00,8.19,672,"",0,332.1,"",39,"","","","","",250,16,51.03,49,"","","","","","","","","","",""
2792,Shambhuar,CGWB,10,Bihar,206,MADHUBANI,PANDAUL,PANDAUL,Shambhuar,-,-,-,-,-,-,26.28944444,86.04972222,30-05-2019 08:00,8.22,1183,284.05,0,522.75,"",87.36,"","","","","",220,12,46.17,45.71,"","","","","","","","","","",""
2793,Shambhuar,CGWB,10,Bihar,206,MADHUBANI,PANDAUL,PANDAUL,Shambhuar,-,-,-,-,-,-,26.28944444,86.04972222,30-05-2020 08:00,8.22,1183,"","",522.75,"",87.36,"","","","","","",12,46.17,45.71,"","","","","","","","","","",""
2794,Shampur,CGWB,10,Bihar,213,PURBA CHAMPARAN,ADAPUR,ADAPUR,Shampur,-,-,-,-,-,-,26.92916667,84.95000000,25-05-2002 00:00,8.58,1650,"","","","","","","","","","","","","","","","","","","","","","","","",""
2795,Shampur,CGWB,10,Bihar,213,PURBA CHAMPARAN,ADAPUR,ADAPUR,Shampur,-,-,-,-,-,-,26.92916667,84.95000000,25-05-2016 00:00,7.84,1482,"",0,573,"",138,"",51.3,"",20.1,"",565,138,53,58,"","","","","","","","","","",""
2796,Sheohar,CGWB,10,Bihar,220,SHEOHAR,SHEOHAR,SHEOHAR,Sheohar,-,-,-,-,-,-,26.50833333,85.30000000,25-05-2009 00:00,"",700,"",0,323,"",53,"","","","","",220,50,23.16,61,"","","","","","","","","","",""
2797,Sheohar,CGWB,10,Bihar,220,SHEOHAR,SHEOHAR,SHEOHAR,Sheohar,-,-,-,-,-,-,26.50833333,85.30000000,25-05-2011 00:00,8.18,526,"",0,307.5,"",7.09,"","","","","",230,22,42.57,20,"","","","","","","","","","",""
2798,Sheohar,CGWB,10,Bihar,220,SHEOHAR,SHEOHAR,SHEOHAR,Sheohar,-,-,-,-,-,-,26.50833333,85.30000000,25-05-2013 00:00,8.1,420,"",0,219.6,"",14.2,"",9.6,"","","",160,32.1,19.43,23,"","","","","","","","","","",""
2799,Sheoraha,CGWB,10,Bihar,213,PURBA CHAMPARAN,HARSIDHI,HARSIDHI,Sheoraha,-,-,-,-,-,-,26.57944444,84.67555556,25-05-2008 00:00,8.1,630,"",0,299,"",11,"","","","","",250,42,35.31,16,"","","","","","","","","","",""
2800,Sheoraha,CGWB,10,Bihar,213,PURBA CHAMPARAN,HARSIDHI,HARSIDHI,Sheoraha,-,-,-,-,-,-,26.57944444,84.67555556,25-05-2009 00:00,"",536,"",12,195,"",7.1,"","","","","",230,8,51,32,"","","","","","","","","","",""
2801,Sheoraha,CGWB,10,Bihar,213,PURBA CHAMPARAN,HARSIDHI,HARSIDHI,Sheoraha,-,-,-,-,-,-,26.57944444,84.67555556,25-05-2010 00:00,"",608,"",0,335,"",11,"","","","","",240,34,38,18,"","","","","","","","","","",""
2802,Sheoraha,CGWB,10,Bihar,213,PURBA CHAMPARAN,HARSIDHI,HARSIDHI,Sheoraha,-,-,-,-,-,-,26.57944444,84.67555556,25-05-2016 00:00,7.36,376,"",0,146,"",39,"",11.8,"",1.6,"",170,42,16,11,"","","","","","","","","","",""
2803,Sheoraha,CGWB,10,Bihar,213,PURBA CHAMPARAN,HARSIDHI,HARSIDHI,Sheoraha,-,-,-,-,-,-,26.57944444,84.67555556,30-05-2019 08:00,7.45,421,334.75,0,237.978,"",7.08,"","","","","",185,48,15.7976,6.34,"","","","","","","","","","",""
2804,Sheoraha,CGWB,10,Bihar,213,PURBA CHAMPARAN,HARSIDHI,HARSIDHI,Sheoraha,-,-,-,-,-,-,26.57944444,84.67555556,30-05-2020 08:00,7.45,421,"","",237.978,"",7.08,"","","","","","",48,15.7976,6.34,"","","","","","","","","","",""
2805,Sherghati,CGWB,10,Bihar,196,GAYA,SHERGHATI,SHERGHATI,Sherghati,-,-,-,-,-,-,24.57083333,84.80833333,25-05-2005 00:00,7.39,800,"",0,390,"",21,"","","","","",220,38,30.44,78,"","","","","","","","","","",""
2806,Sherghati,CGWB,10,Bihar,196,GAYA,SHERGHATI,SHERGHATI,Sherghati,-,-,-,-,-,-,24.56388889,84.82444444,25-05-2007 00:00,8.35,570,"",18,207,199.7,39,"","","","","",120,26,13,70,"","","","","","","","","","",""
2807,Sherghati,CGWB,10,Bihar,196,GAYA,SHERGHATI,SHERGHATI,Sherghati,-,-,-,-,-,-,24.57083333,84.80833333,25-05-2008 00:00,8.05,747,"",0,250,"",25,"","","","","",80,10,13.38,79,"","","","","","","","","","",""
2808,Sherghati,CGWB,10,Bihar,196,GAYA,SHERGHATI,SHERGHATI,Sherghati,-,-,-,-,-,-,24.57083333,84.80833333,25-05-2009 00:00,"",630,"",0,305,"",14,"","","","","",200,50,18.3,48,"","","","","","","","","","",""
2809,Sherpar,CGWB,10,Bihar,219,SHEIKHPURA,BARBIGHA,BARBIGHA,Sherpar,-,-,-,-,-,-,25.22472222,85.73416667,25-05-2013 00:00,8.41,376,"",24,134.2,"",21.3,"",4.8,"","","",120,16,19.47,31,"","","","","","","","","","",""
2810,Sherpar,CGWB,10,Bihar,219,SHEIKHPURA,BARBIGHA,BARBIGHA,Sherpar,-,-,-,-,-,-,25.22472222,85.73416667,25-05-2016 00:00,8.71,334,217.1,24,147.6,"",17.72,"",18,"",16,"",90,20,10,45.2,"","","","","","","","","","",""
2811,Sherpur,CGWB,10,Bihar,209,NALANDA,ISLAMPUR,ISLAMPUR,Sherpur,-,-,-,-,-,-,25.15361111,85.25194444,25-05-2013 00:00,7.62,1040,"",0,500,"",36,"",0,"","","",340,72,38.99,74,"","","","","","","","","","",""
2812,Sherpur,CGWB,10,Bihar,209,NALANDA,ISLAMPUR,ISLAMPUR,Sherpur,-,-,-,-,-,-,25.15361111,85.25194444,25-05-2016 00:00,7.63,329,213.85,0,147.6,"",21.27,"",4.05,"",14.05,"",85,18,10,43,"","","","","","","","","","",""
2813,Sherpur,CGWB,10,Bihar,209,NALANDA,ISLAMPUR,ISLAMPUR,Sherpur,-,-,-,-,-,-,25.15361111,85.25194444,30-05-2021 08:00,8.4,920,"",3,329,"",60,"",60,"","","",270,33,46,82,"","","","","","","","","","",""
2814,Shishwania,CGWB,10,Bihar,211,PASHCHIM CHAMPARAN,LAURIYA,LAURIYA,Shishwania,-,-,-,-,-,-,27.00055556,84.36472222,30-05-2019 08:00,7.87,624,707.2,0,311.202,"",10.62,"","","","","",235,38,34.0256,19.48,"","","","","","","","","","",""
2815,Shishwania,CGWB,10,Bihar,211,PASHCHIM CHAMPARAN,LAURIYA,LAURIYA,Shishwania,-,-,-,-,-,-,27.00055556,84.36472222,30-05-2020 08:00,7.87,624,"","",311.202,"",10.62,"","","","","","",38,34.0256,19.48,"","","","","","","","","","",""
2816,Shyam Nagar,CGWB,10,Bihar,223,SUPAUL,PIPRA,PIPRA,Shyam Nagar,-,-,-,-,-,-,26.11861111,86.80166667,25-05-2012 00:00,7.78,560,"",0,220,"",57,"","","","","",200,6,45,23,"","","","","","","","","","",""
2817,Shyam Nagar,CGWB,10,Bihar,223,SUPAUL,PIPRA,PIPRA,Shyam Nagar,-,-,-,-,-,-,26.11861111,86.80166667,25-05-2013 00:00,8.37,440,"",9,146.4,"",53.2,"",1.6,"","","",155,6,34.05,23.6,"","","","","","","","","","",""
2818,Shyam Nagar,CGWB,10,Bihar,223,SUPAUL,PIPRA,PIPRA,Shyam Nagar,-,-,-,-,-,-,26.11861111,86.80166667,25-05-2016 00:00,8.05,430,279.5,0,195,"",15.957,"",46,"",13.6,"",175,28,25.2,17,"","","","","","","","","","",""
2819,Sikandra,CGWB,10,Bihar,198,JAMUI,SIKANDRA,SIKANDRA,Sikandra,-,-,-,-,-,-,24.93333333,86.05000000,25-05-2002 00:00,8.32,2144,"","","","","","","","","","","","","","","","","","","","","","","","",""
2820,Sikandra,CGWB,10,Bihar,198,JAMUI,SIKANDRA,SIKANDRA,Sikandra,-,-,-,-,-,-,24.93333333,86.05000000,25-05-2003 00:00,7.5,2000,"","","","","","","","","","","","","","","","","","","","","","","","",""
2821,Sikandra,CGWB,10,Bihar,198,JAMUI,SIKANDRA,SIKANDRA,Sikandra,-,-,-,-,-,-,24.93333333,86.05000000,25-05-2007 00:00,8.38,1780,"",24,512,459.7,181,"","","","","",555,38,112,147,"","","","","","","","","","",""
2822,Sikandra,CGWB,10,Bihar,198,JAMUI,SIKANDRA,SIKANDRA,Sikandra,-,-,-,-,-,-,24.93333333,86.05000000,25-05-2010 00:00,8.27,1760,"",0,378,"",301,"","","","","",315,20,64,225,"","","","","","","","","","",""
2823,Sikandra,CGWB,10,Bihar,198,JAMUI,SIKANDRA,SIKANDRA,Sikandra,-,-,-,-,-,-,24.93333333,86.05000000,25-05-2011 00:00,8.29,1760,"",0,378,"",301,"","","","","",315,20,64.45,225,"","","","","","","","","","",""
2824,Sikandra,CGWB,10,Bihar,198,JAMUI,SIKANDRA,SIKANDRA,Sikandra,-,-,-,-,-,-,24.93333333,86.05000000,25-05-2012 00:00,8.23,1760,"",0,369,"",290,"","","","","",315,20,64,223,"","","","","","","","","","",""
2825,Sikandra,CGWB,10,Bihar,198,JAMUI,SIKANDRA,SIKANDRA,Sikandra,-,-,-,-,-,-,24.93333333,86.05000000,25-05-2013 00:00,7.87,2250,"",0,293,"",476,"",154,"","","",450,64,70.59,292,"","","","","","","","","","",""
2826,Sikandra,CGWB,10,Bihar,198,JAMUI,SIKANDRA,SIKANDRA,Sikandra,-,-,-,-,-,-,24.93333333,86.05000000,25-05-2016 00:00,8.14,600,390,0,344.4,"",24.81,"",31.93,"",24.74,"",165,14,31.59,73.31,"","","","","","","","","","",""
2827,Sikandra,CGWB,10,Bihar,198,JAMUI,SIKANDRA,SIKANDRA,Sikandra,-,-,-,-,-,-,24.93333333,86.05000000,30-05-2019 08:00,7.6,1977,456.3,0,502,"",201,"","","","","",409,9,94,88,"","","","","","","","","","",""
2828,Sikandra,CGWB,10,Bihar,198,JAMUI,SIKANDRA,SIKANDRA,Sikandra,-,-,-,-,-,-,24.93333333,86.05000000,30-05-2020 08:00,7.6,1977,"","",502,"",201,"","","","","","",9,94,88,"","","","","","","","","","",""
2829,Silao,CGWB,10,Bihar,209,NALANDA,RAJGIR,RAJGIR,Sithaura,-,-,-,-,-,-,25.07500000,85.45111111,25-05-2013 00:00,8.1,2693,"",0,744,"",454,"",190,"","","",520,120,53.63,406,"","","","","","","","","","",""
2830,Silao,CGWB,10,Bihar,209,NALANDA,RAJGIR,RAJGIR,Sithaura,-,-,-,-,-,-,25.07500000,85.45111111,25-05-2016 00:00,7.37,3496,2272.4,0,916.35,"",473.55,"",313,"",40,"",730,146,88.69,497,"","","","","","","","","","",""
2831,Silao,CGWB,10,Bihar,209,NALANDA,RAJGIR,RAJGIR,Sithaura,-,-,-,-,-,-,25.07500000,85.45111111,30-05-2019 08:00,8,2282,666.25,0,488,"",514,"","","","","",460,94,55,322,"","","","","","","","","","",""
2832,Silao,CGWB,10,Bihar,209,NALANDA,RAJGIR,RAJGIR,Sithaura,-,-,-,-,-,-,25.07500000,85.45111111,30-05-2020 08:00,8,2282,"","",488,"",514,"","","","","","",94,55,322,"","","","","","","","","","",""
2833,Silao,CGWB,10,Bihar,209,NALANDA,RAJGIR,RAJGIR,Sithaura,-,-,-,-,-,-,25.07500000,85.45111111,30-05-2021 08:00,8.2,200,"",0,146,"",7,"",0,"","","",56,22,13,10,"","","","","","","","","","",""
2834,Simri,CGWB,10,Bihar,195,DARBHANGA,SINGHWARA,SINGHWARA,Simri,-,-,-,-,-,-,26.16666667,85.76666667,25-05-2012 00:00,8.21,610,"",0,325.95,"",10.6,"","","","","",240,32,38.88,41,"","","","","","","","","","",""
2835,Simri,CGWB,10,Bihar,195,DARBHANGA,SINGHWARA,SINGHWARA,Simri,-,-,-,-,-,-,26.16666667,85.76666667,25-05-2013 00:00,8.2,577,"",0,322.5,"",28.4,"",4.8,"","","",200,60.1,12.17,50,"","","","","","","","","","",""
2836,Simri,CGWB,10,Bihar,195,DARBHANGA,SINGHWARA,SINGHWARA,Simri,-,-,-,-,-,-,26.16666667,85.76666667,25-05-2016 00:00,7.88,834,542.1,0,244,"",99.288,"",50.2,"",7,"",225,36,32.4,75,"","","","","","","","","","",""
2837,Simri,CGWB,10,Bihar,191,BEGUSARAI,BAKHRI,BAKHRI,Simri,-,-,-,-,-,-,25.59694444,86.22055556,30-05-2019 08:00,7.48,729,302.51,0,341.712,"",35.4,"","","","","",255,54,29.1648,39.4,"","","","","","","","","","",""
2838,Simri,CGWB,10,Bihar,191,BEGUSARAI,BAKHRI,BAKHRI,Simri,-,-,-,-,-,-,25.59694444,86.22055556,30-05-2020 08:00,7.48,729,"","",341.712,"",35.4,"","","","","","",54,29.1648,39.4,"","","","","","","","","","",""
2839,Simri,CGWB,10,Bihar,191,BEGUSARAI,BAKHRI,BAKHRI,Simri,-,-,-,-,-,-,25.59694444,86.22055556,30-05-2021 08:00,7.43,130,"",0,30,"",12,"",7,"","","",34,10,2,6.9,"","","","","","","","","","",""
2840,Simri Bakhtiyarpur,CGWB,10,Bihar,216,SAHARSA,SIMRI BAKHTIARPUR,SIMRI BAKHTIARPUR,Semribaktiarpur,-,-,-,-,-,-,25.71888889,86.58694444,25-05-2009 00:00,"",620,"",18,140,"",64,"","","","","",200,31,29,41,"","","","","","","","","","",""
2841,Simri Bakhtiyarpur,CGWB,10,Bihar,216,SAHARSA,SIMRI BAKHTIARPUR,SIMRI BAKHTIARPUR,Semribaktiarpur,-,-,-,-,-,-,25.71888889,86.58694444,25-05-2016 00:00,8.14,307,199.55,0,165,"",21.276,"",16,"",14,"",150,20,24,13,"","","","","","","","","","",""
2842,Simri (bithauli),CGWB,10,Bihar,195,DARBHANGA,SINGHWARA,SINGHWARA,Simri (bithauli),-,-,-,-,-,-,26.16694444,85.76722222,25-05-2006 00:00,8.47,650,"",24,268,"",11,"","","","","",125,28,13.41,85,"","","","","","","","","","",""
2843,Simri (bithauli),CGWB,10,Bihar,195,DARBHANGA,SINGHWARA,SINGHWARA,Simri (bithauli),-,-,-,-,-,-,26.16694444,85.76722222,25-05-2008 00:00,8.48,520,"",24,226,"",7.1,"","","","","",75,20,6,80,"","","","","","","","","","",""
2844,Simri (bithauli),CGWB,10,Bihar,195,DARBHANGA,SINGHWARA,SINGHWARA,Simri (bithauli),-,-,-,-,-,-,26.16694444,85.76722222,25-05-2010 00:00,"",700,"",0,378,"",25,"","","","","",275,64,28,38,"","","","","","","","","","",""
2845,Simri (bithauli),CGWB,10,Bihar,195,DARBHANGA,SINGHWARA,SINGHWARA,Simri (bithauli),-,-,-,-,-,-,26.16694444,85.76722222,25-05-2011 00:00,8.23,616,"",0,332.1,"",17.72,"","","","","",235,30,38.94,47,"","","","","","","","","","",""
2846,Simri (bithauli),CGWB,10,Bihar,195,DARBHANGA,SINGHWARA,SINGHWARA,Simri (bithauli),-,-,-,-,-,-,26.16694444,85.76722222,30-05-2021 08:00,7.89,510,"",0,243,"",28,"",4,"","","",215,39,29,15,"","","","","","","","","","",""
2847,Singeswar,CGWB,10,Bihar,205,MADHEPURA,SINGHESHWAR,SINGHESHWAR,Singeswar,-,-,-,-,-,-,25.99166667,86.81666667,25-05-2003 00:00,7.36,380,"","","","","","","","","","","","","","","","","","","","","","","","",""
2848,Singeswar,CGWB,10,Bihar,205,MADHEPURA,SINGHESHWAR,SINGHESHWAR,Singeswar,-,-,-,-,-,-,25.99166667,86.81666667,25-05-2005 00:00,7.36,650,"",0,232,"",21,"","","","","",210,40,26.79,23,"","","","","","","","","","",""
2849,Singeswar,CGWB,10,Bihar,205,MADHEPURA,SINGHESHWAR,SINGHESHWAR,Singeswar,-,-,-,-,-,-,25.99166667,86.81666667,25-05-2007 00:00,7.93,398,"","",213.5,175,24.8,"","","","","",160,44,12.1,31,"","","","","","","","","","",""
2850,Singeswar,CGWB,10,Bihar,205,MADHEPURA,SINGHESHWAR,SINGHESHWAR,Singeswar,-,-,-,-,-,-,25.98333333,86.76666667,25-05-2008 00:00,8,586,"",0,306,"",21,"","","","","",220,62,16,25,"","","","","","","","","","",""
2851,Singeswar,CGWB,10,Bihar,205,MADHEPURA,SINGHESHWAR,SINGHESHWAR,Singeswar,-,-,-,-,-,-,25.99166667,86.81666667,25-05-2011 00:00,6.7,457,"",0,171,"",39,"","","","","",175,36,20.71,19,"","","","","","","","","","",""
2852,Singeswar,CGWB,10,Bihar,205,MADHEPURA,SINGHESHWAR,SINGHESHWAR,Singeswar,-,-,-,-,-,-,25.99166667,86.81666667,25-05-2012 00:00,7.67,425,"",0,"","","","","","","","",160,42,13,7.9,"","","","","","","","","","",""
2853,Singeswar,CGWB,10,Bihar,205,MADHEPURA,SINGHESHWAR,SINGHESHWAR,Singeswar,-,-,-,-,-,-,25.99166667,86.81666667,25-05-2013 00:00,8.42,570,"",18,274.5,"",31.9,"",0.8,"","","",210,4,48.63,22.3,"","","","","","","","","","",""
2854,Singeswar,CGWB,10,Bihar,205,MADHEPURA,SINGHESHWAR,SINGHESHWAR,Singeswar,-,-,-,-,-,-,25.98333333,86.76666667,25-05-2016 00:00,7.96,651,423.15,0,305,"",21.276,"",23.2,"",1.2,"",250,60,24,23,"","","","","","","","","","",""
2855,Singhiya chawk,CGWB,10,Bihar,207,MUNGER,DHARHARA,DHARHARA,Singhiya chawk,-,-,-,-,-,-,25.28333333,86.41694444,25-05-2005 00:00,7.97,1000,"",0,214,"",142,"","","","","",250,40,36.52,106,"","","","","","","","","","",""
2856,Singhiya chawk,CGWB,10,Bihar,207,MUNGER,DHARHARA,DHARHARA,Singhiya chawk,-,-,-,-,-,-,25.28333333,86.41694444,25-05-2009 00:00,"",1146,"",0,220,"",156,"","","","","",355,60,50,67,"","","","","","","","","","",""
2857,Singhiya chawk,CGWB,10,Bihar,207,MUNGER,DHARHARA,DHARHARA,Singhiya chawk,-,-,-,-,-,-,25.28333333,86.41694444,25-05-2013 00:00,8,1380,"",0,366,"",206,"",0,"","","",450,56,75.44,92,"","","","","","","","","","",""
2858,Sisai1,CGWB,10,Bihar,222,SIWAN,SIWAN,SIWAN,Sisai,-,-,-,-,-,-,26.23722222,84.27555556,25-05-2011 00:00,8.42,1265,"",12,603.9,"",163.3,"","","","","",430,50,74.22,86,"","","","","","","","","","",""
2859,Siswar,CGWB,10,Bihar,206,MADHUBANI,PHULPARAS,PHULPARAS,Siswar,-,-,-,-,-,-,26.42416667,86.45805556,25-05-2013 00:00,8.1,577,"",0,292.8,"",42.6,"",4.8,"","","",190,64.1,7.31,56,"","","","","","","","","","",""
2860,Siswar,CGWB,10,Bihar,206,MADHUBANI,PHULPARAS,PHULPARAS,Siswar,-,-,-,-,-,-,26.42416667,86.45805556,30-05-2019 08:00,8.24,437,241.8,0,215.3,"",45.1,"","","","","",132.4321,34,11.526,40.541,"","","","","","","","","","",""
2861,Siswar,CGWB,10,Bihar,206,MADHUBANI,PHULPARAS,PHULPARAS,Siswar,-,-,-,-,-,-,26.42416667,86.45805556,30-05-2020 08:00,8.24,437,"","",215.3,"",45.1,"","","","","","",34,11.526,40.541,"","","","","","","","","","",""
2862,Sitamarhi,CGWB,10,Bihar,221,SITAMARHI,DUMRA,DUMRA,Sitamarhi,-,-,-,-,-,-,26.49027778,85.49972222,30-05-2019 08:00,8.28,306,453.7,0,196.8,"",2.57,"","","","","",109.91636,33.69,6.243,20.38,"","","","","","","","","","",""
2863,Sitamarhi,CGWB,10,Bihar,221,SITAMARHI,DUMRA,DUMRA,Sitamarhi,-,-,-,-,-,-,26.49027778,85.49972222,30-05-2020 08:00,8.28,306,"","",196.8,"",2.57,"","","","","","",33.69,6.243,20.38,"","","","","","","","","","",""
2864,Sitamarhi,CGWB,10,Bihar,221,SITAMARHI,DUMRA,DUMRA,Sitamarhi,-,-,-,-,-,-,26.49027778,85.49972222,30-05-2021 08:00,8.51,562,"",48,195.2,"",35.5,"",0,0,"","",220,16,43.776,47,"","","","","","","","","","",""
2865,Sithaura,CGWB,10,Bihar,209,NALANDA,RAJGIR,RAJGIR,Sithaura,-,-,-,-,-,-,25.03888889,85.51222222,25-05-2013 00:00,8,2254,"",0,512,"",369,"",180,"","","",500,100,60.9,330,"","","","","","","","","","",""
2866,Sithaura,CGWB,10,Bihar,209,NALANDA,RAJGIR,RAJGIR,Sithaura,-,-,-,-,-,-,25.03888889,85.51222222,25-05-2016 00:00,7.54,2702,1756.3,0,615,"",354,"",210,"",41,"",445,90,53.46,419,"","","","","","","","","","",""
2867,Siwan,CGWB,10,Bihar,222,SIWAN,HUSSAINGANJ,HUSSAINGANJ,Siwan,-,-,-,-,-,-,26.12750000,84.38638889,25-05-2001 00:00,7.23,1550,"",0,561,"",142,"","","","","",530,24,114,103,"","","","","","","","","","",""
2868,Siwan,CGWB,10,Bihar,222,SIWAN,HUSSAINGANJ,HUSSAINGANJ,Siwan,-,-,-,-,-,-,26.12750000,84.38638889,25-05-2008 00:00,8.05,700,"",0,317,"",18,"","","","","",250,50,30,37,"","","","","","","","","","",""
2869,Siwan,CGWB,10,Bihar,222,SIWAN,SIWAN,SIWAN,Siwan,-,-,-,-,-,-,26.22083333,84.35833333,25-05-2012 00:00,7.41,741,"",0,270.6,"",56.72,"","","","","",165,36,18,83,"","","","","","","","","","",""
2870,Siwan,CGWB,10,Bihar,222,SIWAN,SIWAN,SIWAN,Siwan,-,-,-,-,-,-,26.22083333,84.35833333,25-05-2013 00:00,7.4,821,"",0,286.6,"",78,"",33.6,"","","",195,34,26.79,88,"","","","","","","","","","",""
2871,Siwan,CGWB,10,Bihar,222,SIWAN,SIWAN,SIWAN,Siwan,-,-,-,-,-,-,26.22083333,84.35833333,25-05-2016 00:00,8.27,360,234,0,166.05,"",21,"",4,"",25.23,"",120,18,18.22,21,"","","","","","","","","","",""
2872,Siwan1,CGWB,10,Bihar,222,SIWAN,HUSSAINGANJ,HUSSAINGANJ,Siwan,-,-,-,-,-,-,26.12722222,84.38611111,25-05-2010 00:00,"",473,"",0,268,"","","","","","","",175,30,24,32,"","","","","","","","","","",""
2873,Snehitola,CGWB,10,Bihar,212,PATNA,NAUBATPUR,NAUBATPUR,Snehitola,-,-,-,-,-,-,25.50500000,84.96111111,25-05-2013 00:00,7.09,2050,"",0,470,"",337.4,"",144.1,"","","",816,139.4,113.83,135.9,"","","","","","","","","","",""
2874,Snehitola,CGWB,10,Bihar,212,PATNA,NAUBATPUR,NAUBATPUR,Snehitola,-,-,-,-,-,-,25.50500000,84.96111111,25-05-2016 00:00,8.01,973,632.45,0,381.3,"",88.62,"",53.09,"",7.5,"",335,84,30.37,84,"","","","","","","","","","",""
2875,Snehitola,CGWB,10,Bihar,212,PATNA,NAUBATPUR,NAUBATPUR,Snehitola,-,-,-,-,-,-,25.50500000,84.96111111,30-05-2019 08:00,8.1,212,162.5,0,73,"",24.8,"","","","","",75,26,2,11,"","","","","","","","","","",""
2876,Snehitola,CGWB,10,Bihar,212,PATNA,NAUBATPUR,NAUBATPUR,Snehitola,-,-,-,-,-,-,25.50500000,84.96111111,30-05-2020 08:00,8.1,212,"","",73,"",24.8,"","","","","","",26,2,11,"","","","","","","","","","",""
2877,Snehitola,CGWB,10,Bihar,212,PATNA,NAUBATPUR,NAUBATPUR,Snehitola,-,-,-,-,-,-,25.50500000,84.96111111,30-05-2021 08:00,8.3,820,"",0,268,"",94,"",4,"","","",222,50,24,70,"","","","","","","","","","",""
2878,Sohdh,CGWB,10,Bihar,209,NALANDA,BIHARSHARIF,BIHAR,Sohdh,-,-,-,-,-,-,25.22750000,85.51333333,30-05-2019 08:00,8,1025,327.6,0,299,"",131.2,"","","","","",335,50,51,83,"","","","","","","","","","",""
2879,Sohdh,CGWB,10,Bihar,209,NALANDA,BIHARSHARIF,BIHAR,Sohdh,-,-,-,-,-,-,25.22750000,85.51333333,30-05-2020 08:00,8,1025,"","",299,"",131.2,"","","","","","",50,51,83,"","","","","","","","","","",""
2880,Sohiar,CGWB,10,Bihar,194,BUXAR,SIMRI,SIMRI,Sohiar,-,-,-,-,-,-,25.66194444,84.15750000,30-05-2019 08:00,8,704,521.3,0,343,"",29,"","","","","",219,41,28.31416,12,"","","","","","","","","","",""
2881,Sohiar,CGWB,10,Bihar,194,BUXAR,SIMRI,SIMRI,Sohiar,-,-,-,-,-,-,25.66194444,84.15750000,30-05-2020 08:00,8,704,"","",343,"",29,"","","","","","",41,28.31416,12,"","","","","","","","","","",""
2882,Sohiar,CGWB,10,Bihar,194,BUXAR,SIMRI,SIMRI,Sohiar,-,-,-,-,-,-,25.66194444,84.15750000,30-05-2021 08:00,7.51,200,"",0,73,"",17,"",4,"","","",70,24,2,10,"","","","","","","","","","",""
2883,Sonauli,CGWB,10,Bihar,201,KATIHAR,KADWA,KADWA,Sonauli,-,-,-,-,-,-,25.59027778,87.71944444,25-05-2005 00:00,8.3,420,"","",146,"",43,"","","","","",110,36,4.91,32,"","","","","","","","","","",""
2884,Sonauli,CGWB,10,Bihar,201,KATIHAR,KADWA,KADWA,Sonauli,-,-,-,-,-,-,25.59027778,87.71944444,25-05-2007 00:00,8.27,420,"","",98,80.3,50,"","","","","",120,40,4.9,35,"","","","","","","","","","",""
2885,Sonauli,CGWB,10,Bihar,201,KATIHAR,KADWA,KADWA,Sonauli,-,-,-,-,-,-,25.59027778,87.71944444,25-05-2008 00:00,8.45,832,"",18,336,"",71,"","","","","",260,68,21.96,64,"","","","","","","","","","",""
2886,Sonauli,CGWB,10,Bihar,201,KATIHAR,KADWA,KADWA,Sonauli,-,-,-,-,-,-,25.59027778,87.71944444,25-05-2009 00:00,"",670,"",0,244,"",71,"","","","","",190,56,12,58,"","","","","","","","","","",""
2887,Sonauli,CGWB,10,Bihar,201,KATIHAR,KADWA,KADWA,Sonauli,-,-,-,-,-,-,25.59027778,87.71944444,25-05-2011 00:00,7.41,625,"",0,219.6,"",71,"","","","","",180,50,13.43,53,"","","","","","","","","","",""
2888,Sonauli,CGWB,10,Bihar,201,KATIHAR,KADWA,KADWA,Sonauli,-,-,-,-,-,-,25.59027778,87.71944444,25-05-2012 00:00,7.37,210,"",0,360,"",110.6,"",26.09,"","","",204,36.86,27.24,"","","","","","","","","","","",""
2889,Sonauli,CGWB,10,Bihar,201,KATIHAR,KADWA,KADWA,Sonauli,-,-,-,-,-,-,25.59027778,87.71944444,25-05-2013 00:00,7.64,377,"",0,146.4,"",31.9,"",0,"","","",115,20,15.8,21.6,"","","","","","","","","","",""
2890,Sonauli,CGWB,10,Bihar,201,KATIHAR,KADWA,KADWA,Sonauli,-,-,-,-,-,-,25.59027778,87.71944444,25-05-2016 00:00,7.83,567,"",0,189.71,"",49.644,"",19.86,"",17.54,"",170,34,20.4,38.19,"","","","","","","","","","",""
2891,Sonbarsa h.s,CGWB,10,Bihar,221,SITAMARHI,SONBARSA,SONBARSA,Sonbarsa h.s,-,-,-,-,-,-,26.84194444,85.58722222,25-05-2001 00:00,8.26,1100,"",0,250,"",149,"","","","","",330,46,52,83,"","","","","","","","","","",""
2892,Sonbarsa h.s,CGWB,10,Bihar,221,SITAMARHI,SONBARSA,SONBARSA,Sonbarsa h.s,-,-,-,-,-,-,26.83333333,85.61250000,25-05-2002 00:00,8.88,1042,"","","","","","","","","","","","","","","","","","","","","","","","",""
2893,Sonbarsaraj,CGWB,10,Bihar,216,SAHARSA,SALKHUA,SALKHUA,Sonbarsaraj,-,-,-,-,-,-,25.68750000,86.70416667,25-05-2009 00:00,"",780,"",24,305,"",43,"","","","","",300,72,29,30,"","","","","","","","","","",""
2894,Sonbarsaraj,CGWB,10,Bihar,216,SAHARSA,SALKHUA,SALKHUA,Sonbarsaraj,-,-,-,-,-,-,25.68750000,86.70416667,25-05-2016 00:00,7.83,726,471.9,0,256,"",88.65,"",17.9,"",0,"",195,40,22.8,70,"","","","","","","","","","",""
2895,Sonbarsaraj1,CGWB,10,Bihar,216,SAHARSA,SALKHUA,SALKHUA,Sonbarsaraj,-,-,-,-,-,-,25.68777778,86.70444444,25-05-2010 00:00,"",900,"",0,342,"",78,"","","","","",270,72,22,64,"","","","","","","","","","",""
2896,Sonbarsaraj1,CGWB,10,Bihar,216,SAHARSA,SALKHUA,SALKHUA,Sonbarsaraj,-,-,-,-,-,-,25.68777778,86.70444444,25-05-2011 00:00,6.77,821,"",0,366,"",71,"","","","","",240,24,43.79,71,"","","","","","","","","","",""
2897,Sonbarsaraj1,CGWB,10,Bihar,216,SAHARSA,SALKHUA,SALKHUA,Sonbarsaraj,-,-,-,-,-,-,25.68777778,86.70444444,25-05-2013 00:00,8.27,788,"",0,140.3,"",120.5,"",36.4,"","","",175,30,24.35,72.9,"","","","","","","","","","",""
2898,Sonepur,CGWB,10,Bihar,218,SARAN,SONEPUR,SONEPUR,Sonepur,-,-,-,-,-,-,25.70000000,85.17916667,25-05-2002 00:00,8.35,884,"","","","","","","","","","","","","","","","","","","","","","","","",""
2899,Sonepur,CGWB,10,Bihar,218,SARAN,SONEPUR,SONEPUR,Sonepur,-,-,-,-,-,-,25.69916667,85.17361111,25-05-2007 00:00,8.21,580,"","",238,195.1,18,"","","","","",195,36,26,37,"","","","","","","","","","",""
2900,Sonepur,CGWB,10,Bihar,218,SARAN,SONEPUR,SONEPUR,Sonepur,-,-,-,-,-,-,25.69916667,85.17361111,25-05-2008 00:00,7.55,830,"",0,366,"",53,"","","","","",310,66,35,41,"","","","","","","","","","",""
2901,Sonepur,CGWB,10,Bihar,218,SARAN,SONEPUR,SONEPUR,Sonepur,-,-,-,-,-,-,25.70000000,85.17916667,25-05-2009 00:00,"",750,"",0,195,"",142,"","","","","",175,34,22,87,"","","","","","","","","","",""
2902,Sonepur,CGWB,10,Bihar,218,SARAN,SONEPUR,SONEPUR,Sonepur,-,-,-,-,-,-,25.69916667,85.17361111,25-05-2010 00:00,"",797,"",0,299,"",67,"","","","","",180,26,28,57,"","","","","","","","","","",""
2903,Sonepur,CGWB,10,Bihar,218,SARAN,SONEPUR,SONEPUR,Sonepur,-,-,-,-,-,-,25.70000000,85.17916667,25-05-2011 00:00,8.27,847,"",0,384.3,"",78.1,"","","","","",325,62,41.41,56,"","","","","","","","","","",""
2904,Sonepur,CGWB,10,Bihar,218,SARAN,SONEPUR,SONEPUR,Sonepur,-,-,-,-,-,-,25.70000000,85.17916667,25-05-2012 00:00,7.3,1113,"",0,504.3,"",102.81,"","","","","",185,12,38,156,"","","","","","","","","","",""
2905,Sonepur,CGWB,10,Bihar,218,SARAN,SONEPUR,SONEPUR,Sonepur,-,-,-,-,-,-,25.70000000,85.17916667,25-05-2013 00:00,7.03,1003,"",0,445.3,"",81.5,"",23,"","","",205,48,20.7,126,"","","","","","","","","","",""
2906,Sonepur,CGWB,10,Bihar,218,SARAN,SONEPUR,SONEPUR,Sonepur,-,-,-,-,-,-,25.69916667,85.17361111,25-05-2016 00:00,7.15,931,605.15,0,436.65,"",77.99,"",22,"",26,"",205,48,21,128,"","","","","","","","","","",""
2907,Sonepur1,CGWB,10,Bihar,218,SARAN,SONEPUR,SONEPUR,Sonepur,-,-,-,-,-,-,25.70027778,85.17944444,30-05-2019 08:00,7.3,786,441.35,0,231.876,"",84.96,"","","","","",305,38,51.0384,27.23,"","","","","","","","","","",""
2908,Sonepur1,CGWB,10,Bihar,218,SARAN,SONEPUR,SONEPUR,Sonepur,-,-,-,-,-,-,25.70027778,85.17944444,30-05-2020 08:00,7.3,786,"","",231.876,"",84.96,"","","","","","",38,51.0384,27.23,"","","","","","","","","","",""
2909,Songhata,CGWB,10,Bihar,193,BHOJPUR,KOILWAR,KOILWAR,Songhata,-,-,-,-,-,-,25.61000000,84.75666667,30-05-2021 08:00,7.16,410,"",0,79,"",60,"",37,"","","",125,22,17,33,"","","","","","","","","","",""
2910,Sonhauli,CGWB,10,Bihar,202,KHAGARIA,KHAGARIA,-,-,-,-,-,-,-,-,25.51194400,86.47000000,30-05-2019 08:00,9.18,1167,333.645,33,250.30008,"",148.89,"","","","","",330,18.0144,69.166016,109.2,"","","","","","","","","","",""
2911,Sonhauli,CGWB,10,Bihar,202,KHAGARIA,KHAGARIA,-,-,-,-,-,-,-,-,25.51194400,86.47000000,30-05-2020 08:00,9.18,1167,"","",250.30008,"",148.89,"","","","","","",18.0144,69.166016,109.2,"","","","","","","","","","",""
2912,Sono,CGWB,10,Bihar,198,JAMUI,SONO,SONO,Sono,-,-,-,-,-,-,24.73861111,86.36861111,30-05-2019 08:00,8.1,702,496.6,0,344,"",22,"","","","","",146,19,23.93944,81,"","","","","","","","","","",""
2913,Sono,CGWB,10,Bihar,198,JAMUI,SONO,SONO,Sono,-,-,-,-,-,-,24.73861111,86.36861111,30-05-2020 08:00,8.1,702,"","",344,"",22,"","","","","","",19,23.93944,81,"","","","","","","","","","",""
2914,Sultanganj,CGWB,10,Bihar,192,BHAGALPUR,SULTANGANJ,SULTANGANJ,Sultanganj,-,-,-,-,-,-,25.24166667,86.70000000,25-05-2000 00:00,8.28,881,"",0,336,"",142,"","","","","",270,60,29,280,"","","","","","","","","","",""
2915,Sultanganj,CGWB,10,Bihar,192,BHAGALPUR,SULTANGANJ,SULTANGANJ,Sultanganj,-,-,-,-,-,-,25.24166667,86.70000000,25-05-2005 00:00,8.25,520,"",0,171,"",46,"","","","","",70,20,4.89,69,"","","","","","","","","","",""
2916,Sultanganj,CGWB,10,Bihar,192,BHAGALPUR,SULTANGANJ,SULTANGANJ,Sultanganj,-,-,-,-,-,-,25.24166667,86.70000000,25-05-2010 00:00,7.82,790,"",0,372,"",53,"","","","","",260,48,34,50,"","","","","","","","","","",""
2917,Sultanganj,CGWB,10,Bihar,192,BHAGALPUR,SULTANGANJ,SULTANGANJ,Sultanganj,-,-,-,-,-,-,25.24166667,86.70000000,25-05-2011 00:00,7.82,790,"",0,372,"",53,"","","","","",260,48,34.1,50,"","","","","","","","","","",""
2918,Sultanganj,CGWB,10,Bihar,192,BHAGALPUR,SULTANGANJ,SULTANGANJ,Sultanganj,-,-,-,-,-,-,25.24166667,86.70000000,25-05-2012 00:00,7.82,790,"",0,372,"",53,"","","","","",260,48,34,50,"","","","","","","","","","",""
2919,Sultanganj,CGWB,10,Bihar,192,BHAGALPUR,SULTANGANJ,SULTANGANJ,Sultanganj,-,-,-,-,-,-,25.24166667,86.70000000,25-05-2013 00:00,7.92,800,"",0,317,"",57,"",0,"","","",240,48,29.23,49,"","","","","","","","","","",""
2920,Sultanganj,CGWB,10,Bihar,192,BHAGALPUR,SULTANGANJ,SULTANGANJ,Sultanganj,-,-,-,-,-,-,25.24166667,86.70000000,25-05-2016 00:00,7.6,1206,783.9,0,479.7,"",141.8,"",87.39,"",17.07,"",350,64,46.17,87,"","","","","","","","","","",""
2921,Supaul,CGWB,10,Bihar,223,SUPAUL,MARAUNA,MARAUNA,Supaul,-,-,-,-,-,-,26.12083333,86.61250000,25-05-2003 00:00,7.6,950,"","","","","","","","","","","","","","","","","","","","","","","","",""
2922,Supaul,CGWB,10,Bihar,223,SUPAUL,MARAUNA,MARAUNA,Supaul,-,-,-,-,-,-,26.12083333,86.61250000,25-05-2005 00:00,7.48,1300,"",0,354,"",114,"","","","","",340,44,55.97,110,"","","","","","","","","","",""
2923,Supaul,CGWB,10,Bihar,223,SUPAUL,MARAUNA,MARAUNA,Supaul,-,-,-,-,-,-,26.12083333,86.61250000,25-05-2007 00:00,8,850,"","",298.9,245,74.5,"","","","","",280,80,19.4,55,"","","","","","","","","","",""
2924,Supaul,CGWB,10,Bihar,223,SUPAUL,MARAUNA,MARAUNA,Supaul,-,-,-,-,-,-,26.12083333,86.61250000,25-05-2008 00:00,8.09,807,"",0,275,"",89,"","","","","",215,60,16,75,"","","","","","","","","","",""
2925,Supaul,CGWB,10,Bihar,223,SUPAUL,MARAUNA,MARAUNA,Supaul,-,-,-,-,-,-,26.12083333,86.61250000,25-05-2010 00:00,"",1030,"",0,171,"",231,"","","","","",345,96,26,55,"","","","","","","","","","",""
2926,Supaul,CGWB,10,Bihar,223,SUPAUL,MARAUNA,MARAUNA,Supaul,-,-,-,-,-,-,26.12083333,86.61250000,25-05-2016 00:00,8.47,926,601.9,18,433,"",35.46,"",40,"",1.2,"",255,64,22.8,97,"","","","","","","","","","",""
2927,Supaul,CGWB,10,Bihar,223,SUPAUL,MARAUNA,MARAUNA,Supaul,-,-,-,-,-,-,26.12083333,86.61250000,30-05-2019 08:00,8.27,382,511.55,0,202.95,"",16.4,"","","","","",153.84773,22,24.02,16.5,"","","","","","","","","","",""
2928,Supaul,CGWB,10,Bihar,223,SUPAUL,MARAUNA,MARAUNA,Supaul,-,-,-,-,-,-,26.12083333,86.61250000,30-05-2020 08:00,8.27,382,"","",202.95,"",16.4,"","","","","","",22,24.02,16.5,"","","","","","","","","","",""
2929,Surajganj,CGWB,10,Bihar,205,MADHEPURA,MADHEPURA,MADHEPURA,Surajganj,-,-,-,-,-,-,25.90472222,86.72027778,30-05-2019 08:00,7.843,248.1,752.7,0,134.30736,"",138.255,"","","","","",330,28.0224,63.093204,15.44,"","","","","","","","","","",""
2930,Surajganj,CGWB,10,Bihar,205,MADHEPURA,MADHEPURA,MADHEPURA,Surajganj,-,-,-,-,-,-,25.90472222,86.72027778,30-05-2020 08:00,7.843,248.1,"","",134.30736,"",138.255,"","","","","","",28.0224,63.093204,15.44,"","","","","","","","","","",""
2931,Surajgarha,CGWB,10,Bihar,204,LAKHISARAI,LAKHISARAI,LAKHISARAI,Surajgarha,-,-,-,-,-,-,25.10833333,86.13055556,25-05-2002 00:00,8.66,1527,"","","","","","","","","","","","","","","","","","","","","","","","",""
2932,Surajgarha,CGWB,10,Bihar,204,LAKHISARAI,LAKHISARAI,LAKHISARAI,Surajgarha,-,-,-,-,-,-,25.10833333,86.13055556,25-05-2009 00:00,"",1203,"",18,220,"",163,"","","","","",380,26,77,85,"","","","","","","","","","",""
2933,Surajgarha,CGWB,10,Bihar,204,LAKHISARAI,LAKHISARAI,LAKHISARAI,Surajgarha,-,-,-,-,-,-,25.10833333,86.13055556,25-05-2013 00:00,7.95,1030,"",0,445,"",85,"",0,"","","",260,32,43.8,110,"","","","","","","","","","",""
2934,Surajgarha,CGWB,10,Bihar,204,LAKHISARAI,LAKHISARAI,LAKHISARAI,Surajgarha,-,-,-,-,-,-,25.10833333,86.13055556,25-05-2016 00:00,7.08,1784,1159.6,0,264.45,"",241.06,"",123.69,"",18.4,"",120,126,74.11,73.73,"","","","","","","","","","",""
2935,Surajgarha1,CGWB,10,Bihar,204,LAKHISARAI,LAKHISARAI,LAKHISARAI,Surajgarha,-,-,-,-,-,-,25.10861111,86.13083333,25-05-2010 00:00,"",1133,"",0,403,"",128,"","","","","",365,60,52,91,"","","","","","","","","","",""
2936,Surajgarha1,CGWB,10,Bihar,204,LAKHISARAI,LAKHISARAI,LAKHISARAI,Surajgarha,-,-,-,-,-,-,25.10861111,86.13083333,25-05-2011 00:00,7.78,1133,"",0,403,"",128,"","","","","",365,60,52.35,91,"","","","","","","","","","",""
2937,Surajgarha1,CGWB,10,Bihar,204,LAKHISARAI,LAKHISARAI,LAKHISARAI,Surajgarha,-,-,-,-,-,-,25.10861111,86.13083333,25-05-2012 00:00,7.78,1133,"",0,403,"",128,"","","","","",365,60,52,91,"","","","","","","","","","",""
2938,Surfuddinpur,CGWB,10,Bihar,208,MUZAFFARPUR,GAIGHATTI,GAIGHATTI,Surfuddinpur,-,-,-,-,-,-,26.10805556,85.55000000,25-05-2006 00:00,8.64,450,"",18,146,"",21,"","","","","",160,26,23.13,20,"","","","","","","","","","",""
2939,Surfuddinpur,CGWB,10,Bihar,208,MUZAFFARPUR,GAIGHATTI,GAIGHATTI,Surfuddinpur,-,-,-,-,-,-,26.10805556,85.55000000,25-05-2012 00:00,8.58,780,"",12,305,"",35,"","","","","",260,40,38.95,58,"","","","","","","","","","",""
2940,Surfuddinpur,CGWB,10,Bihar,208,MUZAFFARPUR,GAIGHATTI,GAIGHATTI,Surfuddinpur,-,-,-,-,-,-,26.10805556,85.55000000,25-05-2013 00:00,8.58,780,"",12,305,"",35,"",70,"","","",260,40,38.95,58,"","","","","","","","","","",""
2941,Surfuddinpur,CGWB,10,Bihar,208,MUZAFFARPUR,GAIGHATTI,GAIGHATTI,Surfuddinpur,-,-,-,-,-,-,26.10805556,85.55000000,25-05-2016 00:00,7.19,696,"",0,256,"",67,"",31.5,"",0.9,"",240,48,29,34,"","","","","","","","","","",""
2942,Sursand,CGWB,10,Bihar,221,SITAMARHI,SURSAND,SURSAND,Sursand,-,-,-,-,-,-,26.63888889,85.72000000,25-05-2001 00:00,8.39,450,"",12,226,"",11,"","","","","",140,38,11,35,"","","","","","","","","","",""
2943,Sursand,CGWB,10,Bihar,221,SITAMARHI,DUMRA,DUMRA,Sursand,-,-,-,-,-,-,26.59583333,85.46666667,25-05-2003 00:00,7.41,910,"","","","","","","","","","","","","","","","","","","","","","","","",""
2944,Sursand,CGWB,10,Bihar,221,SITAMARHI,SURSAND,SURSAND,Sursand,-,-,-,-,-,-,26.63888889,85.72000000,25-05-2007 00:00,8.52,530,"",30,189,204.9,21,"",5,"","","",160,60,2.4,42,"","","","","","","","","","",""
2945,Sursand,CGWB,10,Bihar,221,SITAMARHI,DUMRA,DUMRA,Sursand,-,-,-,-,-,-,26.59583333,85.46666667,25-05-2009 00:00,"",972,"",30,427,"",60,"","","","","",265,64,25.61,91,"","","","","","","","","","",""
2946,Sursand,CGWB,10,Bihar,221,SITAMARHI,DUMRA,DUMRA,Sursand,-,-,-,-,-,-,26.59583333,85.46666667,25-05-2011 00:00,8.38,978,"",12,498.15,"",46.08,"","","","","",295,28,54.74,45,"","","","","","","","","","",""
2947,Sursand,CGWB,10,Bihar,221,SITAMARHI,DUMRA,DUMRA,Sursand,-,-,-,-,-,-,26.59583333,85.46666667,25-05-2012 00:00,8.4,976,"",12,498.15,"",42.5,"","","","","",295,28,54.7,45,"","","","","","","","","","",""
2948,Sursand,CGWB,10,Bihar,221,SITAMARHI,DUMRA,DUMRA,Sursand,-,-,-,-,-,-,26.59583333,85.46666667,25-05-2013 00:00,8.2,450,"",0,268.4,"",7.1,"",9.6,"","","",170,32.1,21.86,33,"","","","","","","","","","",""
2949,Sursand,CGWB,10,Bihar,221,SITAMARHI,DUMRA,DUMRA,Sursand,-,-,-,-,-,-,26.59583333,85.46666667,30-05-2019 08:00,8.12,698,274.95,0,387.45,"",46.403,"","","","","",179.8789,37.703,20.806,59.91,"","","","","","","","","","",""
2950,Sursand,CGWB,10,Bihar,221,SITAMARHI,DUMRA,DUMRA,Sursand,-,-,-,-,-,-,26.59583333,85.46666667,30-05-2020 08:00,8.12,698,"","",387.45,"",46.403,"","","","","","",37.703,20.806,59.91,"","","","","","","","","","",""
2951,Sursand,CGWB,10,Bihar,221,SITAMARHI,DUMRA,DUMRA,Sursand,-,-,-,-,-,-,26.59583333,85.46666667,30-05-2021 08:00,8.72,615,"",24,256.284,"",48.6374,"",8,0,"","",130.104,24.048,17.024,91,"","","","","","","","","","",""
2952,Sursari,CGWB,10,Bihar,188,ARARIA,NARPATGANJ,NARPATGANJ,Sursari,-,-,-,-,-,-,26.33000000,87.15777778,25-05-2007 00:00,8.45,560,"",24,146,159.7,74,"","","","","",150,48,7.3,46,"","","","","","","","","","",""
2953,Tajpur,CGWB,10,Bihar,218,SARAN,BANIAPUR,BANIAPUR,Tajpur,-,-,-,-,-,-,26.05000000,84.62500000,25-05-2002 00:00,8.1,1107,"","","","","","","","","","","","","","","","","","","","","","","","",""
2954,Tajpur,CGWB,10,Bihar,218,SARAN,BANIAPUR,BANIAPUR,Tajpur,-,-,-,-,-,-,26.03888889,84.62777778,25-05-2008 00:00,8.26,470,"",0,214,"",14,"","","","","",160,38,16,27,"","","","","","","","","","",""
2955,Tajpur1,CGWB,10,Bihar,217,SAMASTIPUR,TAJPUR MORWA (MORWA),TAJPUR MORWA (MORWA),Tajpur,-,-,-,-,-,-,25.81444444,85.65388889,25-05-2006 00:00,7.86,1120,"","",305,"",142,"","","","","",300,26,57.17,110,"","","","","","","","","","",""
2956,Tajpur1,CGWB,10,Bihar,217,SAMASTIPUR,TAJPUR MORWA (MORWA),TAJPUR MORWA (MORWA),Tajpur,-,-,-,-,-,-,25.81444444,85.65388889,25-05-2009 00:00,"",1685,"",0,403,"",192,"","","","","",445,36,86.36,217,"","","","","","","","","","",""
2957,Tajpur1,CGWB,10,Bihar,217,SAMASTIPUR,TAJPUR MORWA (MORWA),TAJPUR MORWA (MORWA),Tajpur,-,-,-,-,-,-,25.81444444,85.65388889,25-05-2010 00:00,"",1722,"",0,488,"",230,"","","","","",480,68,75,165,"","","","","","","","","","",""
2958,Tajpur1,CGWB,10,Bihar,217,SAMASTIPUR,TAJPUR MORWA (MORWA),TAJPUR MORWA (MORWA),Tajpur,-,-,-,-,-,-,25.81444444,85.65388889,25-05-2011 00:00,8.2,1898,"",0,553.5,"",219.76,"","","","","",565,48,108.25,140,"","","","","","","","","","",""
2959,Tajpur1,CGWB,10,Bihar,217,SAMASTIPUR,TAJPUR MORWA (MORWA),TAJPUR MORWA (MORWA),Tajpur,-,-,-,-,-,-,25.81444444,85.65388889,25-05-2012 00:00,8.2,1896,"",0,541.2,"",216.2,"","","","","",560,76,89.91,141,"","","","","","","","","","",""
2960,Tajpur1,CGWB,10,Bihar,217,SAMASTIPUR,TAJPUR MORWA (MORWA),TAJPUR MORWA (MORWA),Tajpur,-,-,-,-,-,-,25.81444444,85.65388889,25-05-2013 00:00,7.37,1267,"",0,500,"",28,"",196,"","","",450,48,80.29,82,"","","","","","","","","","",""
2961,Taraiya,CGWB,10,Bihar,218,SARAN,CHAPRA,CHAPRA,Taraiya,-,-,-,-,-,-,25.77888889,84.75055556,25-05-2013 00:00,6.94,660,"",0,323.3,"",17.7,"",18.6,"","","",105,22,12.2,66,"","","","","","","","","","",""
2962,Taraiya,CGWB,10,Bihar,218,SARAN,CHAPRA,CHAPRA,Taraiya,-,-,-,-,-,-,25.77888889,84.75055556,25-05-2016 00:00,7.44,2267,1473.55,0,615,"",283.6,"",68,"",46.98,"",445,62,52,280,"","","","","","","","","","",""
2963,Taraiya,CGWB,10,Bihar,218,SARAN,TARAIYA,TARAIYA,Taraiya,-,-,-,-,-,-,26.06638889,84.88222222,30-05-2019 08:00,7.3,679,378.3,0,262.386,"",49.56,"","","","","",260,64,24.304,29.2,"","","","","","","","","","",""
2964,Taraiya,CGWB,10,Bihar,218,SARAN,TARAIYA,TARAIYA,Taraiya,-,-,-,-,-,-,26.06638889,84.88222222,30-05-2020 08:00,7.3,679,"","",262.386,"",49.56,"","","","","","",64,24.304,29.2,"","","","","","","","","","",""
2965,Tarakhakhar,CGWB,10,Bihar,198,JAMUI,CHAKAI,CHAKAI,Tarakhakhar,-,-,-,-,-,-,24.57555556,86.40055556,25-05-2013 00:00,8.17,570,"",0,122,"",107,"",0,"","","",140,40,9.77,60,"","","","","","","","","","",""
2966,Tarakhakhar,CGWB,10,Bihar,198,JAMUI,CHAKAI,CHAKAI,Tarakhakhar,-,-,-,-,-,-,24.57555556,86.40055556,25-05-2016 00:00,7.96,507,329.55,0,215.25,"",35.45,"",33.92,"",22.36,"",125,12,23.08,62.08,"","","","","","","","","","",""
2967,Tarapur,CGWB,10,Bihar,207,MUNGER,KHARAGPUR,KHARAGPUR,Tarapur,-,-,-,-,-,-,25.10000000,86.49583333,25-05-2002 00:00,8.64,575,"","","","","","","","","","","","","","","","","","","","","","","","",""
2968,Tarapur,CGWB,10,Bihar,207,MUNGER,TARAPUR,TARAPUR,Tarapur,-,-,-,-,-,-,25.09722222,86.66388889,25-05-2010 00:00,"",370,"",0,152,"",32,"","","","","",125,36,8.5,23,"","","","","","","","","","",""
2969,Tarapur,CGWB,10,Bihar,207,MUNGER,KHARAGPUR,KHARAGPUR,Tarapur,-,-,-,-,-,-,25.10000000,86.49583333,25-05-2011 00:00,8.1,370,"",0,152,"",32,"","","","","",125,36,8.55,23,"","","","","","","","","","",""
2970,Tarapur,CGWB,10,Bihar,207,MUNGER,KHARAGPUR,KHARAGPUR,Tarapur,-,-,-,-,-,-,25.10000000,86.49583333,25-05-2012 00:00,8.1,370,"",0,152,"",32,"","","","","",125,36,8.5,23,"","","","","","","","","","",""
2971,Tarapur,CGWB,10,Bihar,207,MUNGER,KHARAGPUR,KHARAGPUR,Tarapur,-,-,-,-,-,-,25.10000000,86.49583333,25-05-2013 00:00,7.92,750,"",0,293,"",71,"",0,"","","",300,72,29.26,28,"","","","","","","","","","",""
2972,Tarapur,CGWB,10,Bihar,207,MUNGER,TARAPUR,TARAPUR,Tarapur,-,-,-,-,-,-,25.09722222,86.66388889,25-05-2016 00:00,7.95,493,320.45,0,282.9,"",42.54,"",30.94,"",16.75,"",215,28,35.23,53.11,"","","","","","","","","","",""
2973,Tariya Supaul,CGWB,10,Bihar,224,VAISHALI,MAHUA,MAHUA,Tariya Supaul,-,-,-,-,-,-,25.84972222,85.44194444,30-05-2021 08:00,7.73,1670,"",0,378,"",292,"",57,"","","",575,152,47,71,"","","","","","","","","","",""
2974,Tarwara,CGWB,10,Bihar,222,SIWAN,GORIAKOTHI,GORIAKOTHI,Tarwara,-,-,-,-,-,-,26.20000000,84.49166667,25-05-2001 00:00,7.22,1840,"",0,525,"",170,"","","","","",590,48,114,110,"","","","","","","","","","",""
2975,Tarwara,CGWB,10,Bihar,222,SIWAN,GORIAKOTHI,GORIAKOTHI,Tarwara,-,-,-,-,-,-,26.19583333,84.48750000,25-05-2002 00:00,8.46,567,"","","","","","","","","","","","","","","","","","","","","","","","",""
2976,Tarwara,CGWB,10,Bihar,222,SIWAN,GORIAKOTHI,GORIAKOTHI,Tarwara,-,-,-,-,-,-,26.19583333,84.48750000,25-05-2010 00:00,"",490,"",0,232,"",32,"","","","","",215,48,23,16,"","","","","","","","","","",""
2977,Tarwara,CGWB,10,Bihar,222,SIWAN,GORIAKOTHI,GORIAKOTHI,Tarwara,-,-,-,-,-,-,26.19583333,84.48750000,25-05-2012 00:00,7.5,956,"",0,455.1,"",49.63,"","","","","",265,16,55,58,"","","","","","","","","","",""
2978,Tarwara,CGWB,10,Bihar,222,SIWAN,GORIAKOTHI,GORIAKOTHI,Tarwara,-,-,-,-,-,-,26.19583333,84.48750000,25-05-2013 00:00,7.32,758,"",0,378.2,"",46.1,"",0,"","","",235,18,46.22,61,"","","","","","","","","","",""
2979,Tarwara,CGWB,10,Bihar,222,SIWAN,GORIAKOTHI,GORIAKOTHI,Tarwara,-,-,-,-,-,-,26.19583333,84.48750000,25-05-2016 00:00,6.74,999,649.35,0,504.3,"",46,"",9,"",37,"",255,40,37.6,91,"","","","","","","","","","",""
2980,Tarwara,CGWB,10,Bihar,222,SIWAN,GORIAKOTHI,GORIAKOTHI,Tarwara,-,-,-,-,-,-,26.19583333,84.48750000,30-05-2019 08:00,7.83,702,274.3,0,225.774,"",74.34,"","","","","",285,48,40.1016,27.32,"","","","","","","","","","",""
2981,Tarwara,CGWB,10,Bihar,222,SIWAN,GORIAKOTHI,GORIAKOTHI,Tarwara,-,-,-,-,-,-,26.19583333,84.48750000,30-05-2020 08:00,7.83,702,"","",225.774,"",74.34,"","","","","","",48,40.1016,27.32,"","","","","","","","","","",""
2982,Tarwara,CGWB,10,Bihar,222,SIWAN,GORIAKOTHI,GORIAKOTHI,Tarwara,-,-,-,-,-,-,26.19583333,84.48750000,30-05-2021 08:00,8.1,400,"",0,153,"",35,"",43,"","","",82,33,23,16,"","","","","","","","","","",""
2983,Taulaha,CGWB,10,Bihar,211,PASHCHIM CHAMPARAN,RAMNAGAR,RAMNAGAR,Taulaha,-,-,-,-,-,-,27.15250000,84.38861111,30-05-2019 08:00,7.5,1088,494,0,305.1,"",46.02,"","","","","",300,42,47.3928,46,"","","","","","","","","","",""
2984,Taulaha,CGWB,10,Bihar,211,PASHCHIM CHAMPARAN,RAMNAGAR,RAMNAGAR,Taulaha,-,-,-,-,-,-,27.15250000,84.38861111,30-05-2020 08:00,7.5,1088,"","",305.1,"",46.02,"","","","","","",42,47.3928,46,"","","","","","","","","","",""
2985,Teghra,CGWB,10,Bihar,191,BEGUSARAI,BACHHWARA,BACHHWARA,Teghra,-,-,-,-,-,-,25.47916667,85.94583333,25-05-2008 00:00,7.62,1094,"",0,348,"",85,"","","","","",440,90,52,64,"","","","","","","","","","",""
2986,Teghra,CGWB,10,Bihar,191,BEGUSARAI,BACHHWARA,BACHHWARA,Teghra,-,-,-,-,-,-,25.47916667,85.94583333,25-05-2009 00:00,"",1030,"",24,98,"",213,"","","","","",330,48,51,69,"","","","","","","","","","",""
2987,Teghra,CGWB,10,Bihar,191,BEGUSARAI,BACHHWARA,BACHHWARA,Teghra,-,-,-,-,-,-,25.47916667,85.94583333,25-05-2010 00:00,"",1030,"",0,433,"",75,"","","","","",395,122,22,44,"","","","","","","","","","",""
2988,Teghra,CGWB,10,Bihar,191,BEGUSARAI,BACHHWARA,BACHHWARA,Teghra,-,-,-,-,-,-,25.47916667,85.94583333,25-05-2011 00:00,7.2,910,"",0,397,"",89,"","","","","",355,70,43.85,41,"","","","","","","","","","",""
2989,Teghra,CGWB,10,Bihar,191,BEGUSARAI,BACHHWARA,BACHHWARA,Teghra,-,-,-,-,-,-,25.47916667,85.94583333,25-05-2012 00:00,7.2,760,"",0,323,"",70,"","","","","",320,22,64,23,"","","","","","","","","","",""
2990,Teghra,CGWB,10,Bihar,191,BEGUSARAI,BACHHWARA,BACHHWARA,Teghra,-,-,-,-,-,-,25.47916667,85.94583333,25-05-2013 00:00,7.81,704,"",0,161.7,"",117,"",44.2,"","","",220,4,51.06,60.3,"","","","","","","","","","",""
2991,Teghra,CGWB,10,Bihar,191,BEGUSARAI,BACHHWARA,BACHHWARA,Teghra,-,-,-,-,-,-,25.47916667,85.94583333,25-05-2016 00:00,7.03,696,452.4,0,293,"",46.098,"",35.8,"",9.6,"",250,46,32.4,38,"","","","","","","","","","",""
2992,Teghra,CGWB,10,Bihar,191,BEGUSARAI,BACHHWARA,BACHHWARA,Teghra,-,-,-,-,-,-,25.47916667,85.94583333,30-05-2019 08:00,8.535,609.2,400.01,30,231.98544,"",106.35,"","","","","",295,30.024,53.383495,41.09,"","","","","","","","","","",""
2993,Teghra,CGWB,10,Bihar,191,BEGUSARAI,BACHHWARA,BACHHWARA,Teghra,-,-,-,-,-,-,25.47916667,85.94583333,30-05-2020 08:00,8.535,609.2,"","",231.98544,"",106.35,"","","","","","",30.024,53.383495,41.09,"","","","","","","","","","",""
2994,Teghra,CGWB,10,Bihar,191,BEGUSARAI,BACHHWARA,BACHHWARA,Teghra,-,-,-,-,-,-,25.47916667,85.94583333,30-05-2021 08:00,7.6,230,"",0,72,"",33,"",3,"","","",68,23,3,20,"","","","","","","","","","",""
2995,Tekari,CGWB,10,Bihar,196,GAYA,TIKARI,TIKARI,Tekari,-,-,-,-,-,-,24.93750000,84.83194444,25-05-2008 00:00,7.95,1032,"",0,238,"",85,"","","","","",130,12,24,112,"","","","","","","","","","",""
2996,Tekari,CGWB,10,Bihar,196,GAYA,TIKARI,TIKARI,Tekari,-,-,-,-,-,-,24.94583333,84.85000000,25-05-2008 00:00,7.95,1132,"",0,238,"",85,"","","","","",130,12,24.33,112,"","","","","","","","","","",""
2997,Tekari,CGWB,10,Bihar,196,GAYA,TIKARI,TIKARI,Tekari,-,-,-,-,-,-,24.93750000,84.83194444,25-05-2010 00:00,"",763,"",0,372,"",50,"","","","","",205,20,40,79,"","","","","","","","","","",""
2998,Tekari,CGWB,10,Bihar,196,GAYA,TIKARI,TIKARI,Tekari,-,-,-,-,-,-,24.94583333,84.85000000,25-05-2011 00:00,7.91,1350,"",0,561,"",149,"","","","","",270,68,24.4,148,"","","","","","","","","","",""
2999,Tekari,CGWB,10,Bihar,196,GAYA,TIKARI,TIKARI,Tekari,-,-,-,-,-,-,24.94583333,84.85000000,30-05-2021 08:00,7.87,450,"",0,182,"",28,"",21,"","","",173,33,22,20.9,"","","","","","","","","","",""
3000,Teni Bigha,CGWB,10,Bihar,199,JEHANABAD,JEHANABAD,JEHANABAD,Teni Bigha,-,-,-,-,-,-,25.23000000,84.97805556,30-05-2019 08:00,8.13,2390,2125.5,0,725.9,"",170.4,"","","","","",880,60,177.39,128,"","","","","","","","","","",""
3001,Teni Bigha,CGWB,10,Bihar,199,JEHANABAD,JEHANABAD,JEHANABAD,Teni Bigha,-,-,-,-,-,-,25.23000000,84.97805556,30-05-2020 08:00,8.13,2390,"","",725.9,"",170.4,"","","","","","",60,177.39,128,"","","","","","","","","","",""
3002,Teragachhi,CGWB,10,Bihar,203,KISHANGANJ,TERHAGACHH,TERHAGACHH,Teragachhi,-,-,-,-,-,-,26.36944444,87.68416667,30-05-2019 08:00,8.14,731,291.2,0,314,"",28.4,"","","","","",250,46,32.805,50.67,"","","","","","","","","","",""
3003,Teragachhi,CGWB,10,Bihar,203,KISHANGANJ,TERHAGACHH,TERHAGACHH,Teragachhi,-,-,-,-,-,-,26.36944444,87.68416667,30-05-2020 08:00,8.14,731,"","",314,"",28.4,"","","","","","",46,32.805,50.67,"","","","","","","","","","",""
3004,Thakurganj,CGWB,10,Bihar,203,KISHANGANJ,THAKURGANJ,THAKURGANJ,Thakurganj,-,-,-,-,-,-,26.43055556,88.15000000,25-05-2004 00:00,7.53,515,"",0,148,"",67,"","","","","",122,33,10,36,"","","","","","","","","","",""
3005,Thakurganj,CGWB,10,Bihar,203,KISHANGANJ,THAKURGANJ,THAKURGANJ,Thakurganj,-,-,-,-,-,-,26.43055556,88.15000000,25-05-2005 00:00,7.67,460,"",0,159,"",36,"","","","","",140,40,9.77,27,"","","","","","","","","","",""
3006,Thakurganj,CGWB,10,Bihar,203,KISHANGANJ,THAKURGANJ,THAKURGANJ,Thakurganj,-,-,-,-,-,-,26.43055556,88.15000000,25-05-2007 00:00,7.67,210,"","",73,59.8,18,"","","","","",70,8,12,12,"","","","","","","","","","",""
3007,Thakurganj,CGWB,10,Bihar,203,KISHANGANJ,THAKURGANJ,THAKURGANJ,Thakurganj,-,-,-,-,-,-,26.43055556,88.15000000,25-05-2009 00:00,"",320,"",0,92,"",32,"","","","","",100,22,11,23,"","","","","","","","","","",""
3008,Thakurganj,CGWB,10,Bihar,203,KISHANGANJ,THAKURGANJ,THAKURGANJ,Thakurganj,-,-,-,-,-,-,26.43055556,88.15000000,25-05-2011 00:00,7.07,390,"",0,48.8,"",63.9,"","","","","",75,20,6.1,43,"","","","","","","","","","",""
3009,Thakurganj,CGWB,10,Bihar,203,KISHANGANJ,THAKURGANJ,THAKURGANJ,Thakurganj,-,-,-,-,-,-,26.43055556,88.15000000,25-05-2016 00:00,7.97,945,"",0,189.1,"",170.208,"",27.64,"",13.77,"",370,26,73.2,25.71,"","","","","","","","","","",""
3010,Thakurganj,CGWB,10,Bihar,203,KISHANGANJ,THAKURGANJ,THAKURGANJ,Thakurganj,-,-,-,-,-,-,26.43055556,88.15000000,30-05-2019 08:00,8.1,448,569.4,0,194,"",28.4,"","","","","",170,32,21.87,22.49,"","","","","","","","","","",""
3011,Thakurganj,CGWB,10,Bihar,203,KISHANGANJ,THAKURGANJ,THAKURGANJ,Thakurganj,-,-,-,-,-,-,26.43055556,88.15000000,30-05-2020 08:00,8.1,448,"","",194,"",28.4,"","","","","","",32,21.87,22.49,"","","","","","","","","","",""
3012,Thantola,CGWB,10,Bihar,206,MADHUBANI,KHAJAULI,KHAJAULI,Thantola,-,-,-,-,-,-,26.51305556,86.11388889,30-05-2019 08:00,8.17,372,443.3,0,239.85,"",1.727,"","","","","",75.79748,15.305,9.121,51.645,"","","","","","","","","","",""
3013,Thantola,CGWB,10,Bihar,206,MADHUBANI,KHAJAULI,KHAJAULI,Thantola,-,-,-,-,-,-,26.51305556,86.11388889,30-05-2020 08:00,8.17,372,"","",239.85,"",1.727,"","","","","","",15.305,9.121,51.645,"","","","","","","","","","",""
3014,Thodagaon,CGWB,10,Bihar,194,BUXAR,BUXAR,BUXAR,Thodagaon,-,-,-,-,-,-,25.55416667,83.94694444,30-05-2019 08:00,7.9,802,402.35,0,331,"",53,"","","","","",323,23,65,32,"","","","","","","","","","",""
3015,Thodagaon,CGWB,10,Bihar,194,BUXAR,BUXAR,BUXAR,Thodagaon,-,-,-,-,-,-,25.55416667,83.94694444,30-05-2020 08:00,7.9,802,"","",331,"",53,"","","","","","",23,65,32,"","","","","","","","","","",""
3016,Thodagaon,CGWB,10,Bihar,194,BUXAR,BUXAR,BUXAR,Thodagaon,-,-,-,-,-,-,25.55416667,83.94694444,30-05-2021 08:00,8.25,600,"",0,220,"",45,"",36,"","","",221,55,20,26,"","","","","","","","","","",""
3017,Thukaiya,CGWB,10,Bihar,224,VAISHALI,-,-,-,-,-,-,-,-,-,25.96527800,85.13416700,30-05-2021 08:00,7.8,450,"",0,214,"",16,"",51,"","","",41,16,40,18,"","","","","","","","","","",""
3018,Thumba,CGWB,10,Bihar,221,SITAMARHI,RUNISAIDPUR,RUNISAIDPUR,Thumba,-,-,-,-,-,-,26.42916667,85.50416667,25-05-2002 00:00,8.6,326,"","","","","","","","","","","","","","","","","","","","","","","","",""
3019,Thumba,CGWB,10,Bihar,221,SITAMARHI,RUNISAIDPUR,RUNISAIDPUR,Thumba,-,-,-,-,-,-,26.42916667,85.50416667,25-05-2004 00:00,7.15,270,"",0,195,"",36,"","","","","",120,41,4.3,17,"","","","","","","","","","",""
3020,Thumba,CGWB,10,Bihar,221,SITAMARHI,RUNISAIDPUR,RUNISAIDPUR,Thumba,-,-,-,-,-,-,26.43333333,85.50000000,25-05-2007 00:00,8.22,480,"","",232,190.2,21,"",8.2,"","","",150,54,3.71,38,"","","","","","","","","","",""
3021,Thumba,CGWB,10,Bihar,221,SITAMARHI,RUNISAIDPUR,RUNISAIDPUR,Thumba,-,-,-,-,-,-,26.42916667,85.50416667,25-05-2010 00:00,"",1220,"",0,512,"",99,"","","","","",395,96,38,60,"","","","","","","","","","",""
3022,Thumba,CGWB,10,Bihar,221,SITAMARHI,RUNISAIDPUR,RUNISAIDPUR,Thumba,-,-,-,-,-,-,26.42916667,85.50416667,25-05-2012 00:00,7.65,304,"",0,92.25,"",10.6,"","","","","",110,10.6,4.86,16,"","","","","","","","","","",""
3023,Thumba,CGWB,10,Bihar,223,SUPAUL,MARAUNA,MARAUNA,Thumba,-,-,-,-,-,-,26.04305556,86.52416667,25-05-2012 00:00,7.65,539,"",0,275,"",28,"","","","","",230,6,52,14,"","","","","","","","","","",""
3024,Thumba,CGWB,10,Bihar,223,SUPAUL,MARAUNA,MARAUNA,Thumba,-,-,-,-,-,-,26.04305556,86.52416667,25-05-2013 00:00,8.61,945,"",18,289.8,"",99.3,"",25.6,"","","",260,8,58.36,72.3,"","","","","","","","","","",""
3025,Thumba,CGWB,10,Bihar,221,SITAMARHI,RUNISAIDPUR,RUNISAIDPUR,Thumba,-,-,-,-,-,-,26.42916667,85.50416667,25-05-2013 00:00,7.7,1374,"",0,536.9,"",113.5,"",72,"","","",400,108.2,31.62,80,"","","","","","","","","","",""
3026,Thumba,CGWB,10,Bihar,221,SITAMARHI,RUNISAIDPUR,RUNISAIDPUR,Thumba,-,-,-,-,-,-,26.42916667,85.50416667,25-05-2016 00:00,8.05,343,222.95,0,140,"",35.46,"",28,"",1.1,"",160,22,25.2,12,"","","","","","","","","","",""
3027,Tikapatti Chowk,CGWB,10,Bihar,214,PURNIA,RUPAULI,RUPAULI,Tikapatti Chowk,-,-,-,-,-,-,25.51555556,87.21611111,30-05-2019 08:00,8.07,697,386.1,0,275,"",53.25,"","","","","",235,22,43.74,48.06,"","","","","","","","","","",""
3028,Tikapatti Chowk,CGWB,10,Bihar,214,PURNIA,RUPAULI,RUPAULI,Tikapatti Chowk,-,-,-,-,-,-,25.51555556,87.21611111,30-05-2020 08:00,8.07,697,"","",275,"",53.25,"","","","","","",22,43.74,48.06,"","","","","","","","","","",""
3029,Tilka Patti,CGWB,10,Bihar,214,PURNIA,RUPAULI,RUPAULI,Tilka Patti,-,-,-,-,-,-,25.50722222,87.21972222,25-05-2013 00:00,7.37,1034,"",0,378.2,"",85.1,"",31.4,"","","",355,56,52.34,53.8,"","","","","","","","","","",""
3030,Tilka Patti,CGWB,10,Bihar,214,PURNIA,RUPAULI,RUPAULI,Tilka Patti,-,-,-,-,-,-,25.50722222,87.21972222,25-05-2016 00:00,7.94,724,"",0,311.71,"",53.19,"",6.84,"",13.51,"",245,30,40.8,36.48,"","","","","","","","","","",""
3031,Tilothu bustand,CGWB,10,Bihar,215,ROHTAS,SASARAM,SASARAM,Tilothu bustand,-,-,-,-,-,-,24.80416667,84.10833333,25-05-2002 00:00,8.52,232,"","","","","","","","","","","","","","","","","","","","","","","","",""
3032,Tilothu bustand,CGWB,10,Bihar,215,ROHTAS,SASARAM,SASARAM,Tilothu bustand,-,-,-,-,-,-,24.80416667,84.10833333,25-05-2008 00:00,8.28,452,"",0,183,"",39,"","","","","",170,56,7.3,27,"","","","","","","","","","",""
3033,Tilothu bustand,CGWB,10,Bihar,215,ROHTAS,SASARAM,SASARAM,Tilothu bustand,-,-,-,-,-,-,24.80416667,84.10833333,25-05-2010 00:00,"",400,"",0,171,"",39,"","","","","",170,54,8.5,11,"","","","","","","","","","",""
3034,Tilothu bustand,CGWB,10,Bihar,215,ROHTAS,SASARAM,SASARAM,Tilothu bustand,-,-,-,-,-,-,24.80416667,84.10833333,25-05-2011 00:00,7.5,400,"",0,171,"",39,"","","","","",170,54,8.58,11,"","","","","","","","","","",""
3035,Tilothu bustand,CGWB,10,Bihar,215,ROHTAS,SASARAM,SASARAM,Tilothu bustand,-,-,-,-,-,-,24.80416667,84.10833333,25-05-2012 00:00,7.43,370,"",0,260,"",48.21,"",10.55,"","","",156,19.23,26.26,"","","","","","","","","","","",""
3036,Tilothu bustand,CGWB,10,Bihar,215,ROHTAS,SASARAM,SASARAM,Tilothu bustand,-,-,-,-,-,-,24.80416667,84.10833333,25-05-2013 00:00,7.93,505,"",0,195.2,"",28.4,"",33.5,"","","",185,16,35.27,34.7,"","","","","","","","","","",""
3037,Tilothu bustand,CGWB,10,Bihar,215,ROHTAS,SASARAM,SASARAM,Tilothu bustand,-,-,-,-,-,-,24.80416667,84.10833333,25-05-2016 00:00,7.94,365,237.25,0,166.05,"",7.09,"",12.69,"",14.15,"",85,30,2.43,30.06,"","","","","","","","","","",""
3038,Tineri Morh,CGWB,10,Bihar,189,AURANGABAD,RAFIGANJ,RAFIGANJ,Tineri,-,-,-,-,-,-,24.86333333,84.64194444,30-05-2019 08:00,8.24,889,354.25,0,460,"",14.2,"","","","","",295,38,48.6,60,"","","","","","","","","","",""
3039,Tineri Morh,CGWB,10,Bihar,189,AURANGABAD,RAFIGANJ,RAFIGANJ,Tineri,-,-,-,-,-,-,24.86333333,84.64194444,30-05-2020 08:00,8.24,889,"","",460,"",14.2,"","","","","","",38,48.6,60,"","","","","","","","","","",""
3040,Tineri Morh,CGWB,10,Bihar,189,AURANGABAD,RAFIGANJ,RAFIGANJ,Tineri,-,-,-,-,-,-,24.86333333,84.64194444,30-05-2021 08:00,8.34,990,"",15,352,"",87,"",19,"","","",361,90,33,45,"","","","","","","","","","",""
3041,Tinmurty,CGWB,10,Bihar,190,BANKA,BELHAR,BELHAR,Tinmurty,-,-,-,-,-,-,24.84444444,86.72222222,30-05-2019 08:00,8,532,1170,0,208,"",39,"","","","","",109,16,16.76976,68,"","","","","","","","","","",""
3042,Tinmurty,CGWB,10,Bihar,190,BANKA,BELHAR,BELHAR,Tinmurty,-,-,-,-,-,-,24.84444444,86.72222222,30-05-2020 08:00,8,532,"","",208,"",39,"","","","","","",16,16.76976,68,"","","","","","","","","","",""
3043,Tori f.ck.post,CGWB,10,Bihar,200,KAIMUR,BHAGWANPUR,BHAGWANPUR,Tori f.ck.post,-,-,-,-,-,-,24.97638889,83.62777778,25-05-2002 00:00,8.74,695,"","","","","","","","","","","","","","","","","","","","","","","","",""
3044,Tori f.ck.post,CGWB,10,Bihar,200,KAIMUR,BHAGWANPUR,BHAGWANPUR,Tori f.ck.post,-,-,-,-,-,-,24.97638889,83.62777778,25-05-2005 00:00,8.63,820,"","",329,"",39,"","","","","",285,26,53.52,55,"","","","","","","","","","",""
3045,Tori f.ck.post,CGWB,10,Bihar,200,KAIMUR,BHAGWANPUR,BHAGWANPUR,Tori f.ck.post,-,-,-,-,-,-,24.97638889,83.62777778,25-05-2012 00:00,7.51,550,"",0,340,"",289.27,"",31.51,"","","",232,51.3,24.96,"","","","","","","","","","","",""
3046,Tori f.ck.post,CGWB,10,Bihar,200,KAIMUR,BHAGWANPUR,BHAGWANPUR,Tori f.ck.post,-,-,-,-,-,-,24.97638889,83.62777778,25-05-2016 00:00,8.31,1266,"",18,360,"",184,"",31,"",2.8,"",565,68,95,17,"","","","","","","","","","",""
3047,Tribeniganj,CGWB,10,Bihar,223,SUPAUL,TRIBENIGANJ,TRIBENIGANJ,Tribeniganj,-,-,-,-,-,-,26.12000000,86.89777778,30-05-2019 08:00,8.17,761,259.35,0,282.9,"",78.6,"","","","","",210,28,34.02,70.53,"","","","","","","","","","",""
3048,Tribeniganj,CGWB,10,Bihar,223,SUPAUL,TRIBENIGANJ,TRIBENIGANJ,Tribeniganj,-,-,-,-,-,-,26.12000000,86.89777778,30-05-2020 08:00,8.17,761,"","",282.9,"",78.6,"","","","","","",28,34.02,70.53,"","","","","","","","","","",""
3049,Tulsiyahi,CGWB,10,Bihar,216,SAHARSA,KAHARA,KAHARA,Tulsiyahi,-,-,-,-,-,-,25.92833333,86.54333333,25-05-2013 00:00,7.94,933,"",0,250.1,"",145.3,"",1.9,"","","",200,8,43.7,36.7,"","","","","","","","","","",""
3050,Tulsiyahi,CGWB,10,Bihar,216,SAHARSA,KAHARA,KAHARA,Tulsiyahi,-,-,-,-,-,-,25.92833333,86.54333333,25-05-2016 00:00,7.91,733,476.45,0,256,"",81.558,"",43,"",1.9,"",265,62,26.4,41,"","","","","","","","","","",""
3051,Tulsiyahi,CGWB,10,Bihar,216,SAHARSA,KAHARA,KAHARA,Tulsiyahi,-,-,-,-,-,-,25.92833333,86.54333333,30-05-2019 08:00,8.39,805.3,362.635,30,567.75385,"",49.63,"","","","","",210,40.032,26.679611,129.86,"","","","","","","","","","",""
3052,Tulsiyahi,CGWB,10,Bihar,216,SAHARSA,KAHARA,KAHARA,Tulsiyahi,-,-,-,-,-,-,25.92833333,86.54333333,30-05-2020 08:00,8.39,805.3,"","",567.75385,"",49.63,"","","","","","",40.032,26.679611,129.86,"","","","","","","","","","",""
3053,Tungi,CGWB,10,Bihar,210,NAWADA,AKBARPUR,AKBARPUR,Tungi,-,-,-,-,-,-,24.81250000,85.56666667,25-05-2009 00:00,"",720,"",0,232,"",36,"","","","","",250,36,39,41,"","","","","","","","","","",""
3054,Tungi,CGWB,10,Bihar,210,NAWADA,HISUA,HISUA,Tungi,-,-,-,-,-,-,24.80750000,85.31388889,25-05-2010 00:00,"",505,"",0,274,"",18,"","","","","",190,26,33,32,"","","","","","","","","","",""
3055,Tungi,CGWB,10,Bihar,210,NAWADA,AKBARPUR,AKBARPUR,Tungi,-,-,-,-,-,-,24.81250000,85.56666667,25-05-2011 00:00,8,550,"",0,275,"",25,"","","","","",185,52,13.44,40,"","","","","","","","","","",""
3056,Tungi,CGWB,10,Bihar,210,NAWADA,AKBARPUR,AKBARPUR,Tungi,-,-,-,-,-,-,24.81250000,85.56666667,25-05-2012 00:00,8.2,300,"",0,122.02,"",21.276,"","","","","",105,20.04,13.39,21,"","","","","","","","","","",""
3057,Tungi,CGWB,10,Bihar,210,NAWADA,AKBARPUR,AKBARPUR,Tungi,-,-,-,-,-,-,24.81250000,85.56666667,25-05-2013 00:00,8.2,300,"",0,122,"",21.3,"",0,"","","",105,20,13.4,21,"","","","","","","","","","",""
3058,Tungi,CGWB,10,Bihar,210,NAWADA,AKBARPUR,AKBARPUR,Tungi,-,-,-,-,-,-,24.81250000,85.56666667,25-05-2016 00:00,8.47,477,310.05,15,116.85,"",53.17,"",33.87,"",16.84,"",95,10,17,58,"","","","","","","","","","",""
3059,Tungi,CGWB,10,Bihar,210,NAWADA,AKBARPUR,AKBARPUR,Tungi,-,-,-,-,-,-,24.81250000,85.56666667,30-05-2019 08:00,8,463,477.1,0,244,"",63.8,"","","","","",235,60,21,32,"","","","","","","","","","",""
3060,Tungi,CGWB,10,Bihar,210,NAWADA,AKBARPUR,AKBARPUR,Tungi,-,-,-,-,-,-,24.81250000,85.56666667,30-05-2020 08:00,8,463,"","",244,"",63.8,"","","","","","",60,21,32,"","","","","","","","","","",""
3061,Tungi,CGWB,10,Bihar,210,NAWADA,AKBARPUR,AKBARPUR,Tungi,-,-,-,-,-,-,24.81250000,85.56666667,30-05-2021 08:00,8,580,"",0,177,"",35,"",75,"","","",155,30,19,57,"","","","","","","","","","",""
3062,Turkaha,CGWB,10,Bihar,197,GOPALGANJ,GOPALGANJ,GOPALGANJ,Turkaha,-,-,-,-,-,-,26.45972222,84.42861111,25-05-2007 00:00,8.41,770,"",18,122,130,124,"","","","","",205,36,28,69,"","","","","","","","","","",""
3063,Turkaha,CGWB,10,Bihar,197,GOPALGANJ,GOPALGANJ,GOPALGANJ,Turkaha,-,-,-,-,-,-,26.46777778,84.44666667,25-05-2011 00:00,8.62,625,"",18,384.3,"",60.35,"","","","","",220,36,31.65,45,"","","","","","","","","","",""
3064,Turkaha,CGWB,10,Bihar,197,GOPALGANJ,GOPALGANJ,GOPALGANJ,Turkaha,-,-,-,-,-,-,26.46777778,84.44666667,25-05-2012 00:00,8.21,379,"",0,141.5,"",14.18,"","","","","",145,12,28,18,"","","","","","","","","","",""
3065,Turkaha,CGWB,10,Bihar,197,GOPALGANJ,GOPALGANJ,GOPALGANJ,Turkaha,-,-,-,-,-,-,26.46777778,84.44666667,25-05-2013 00:00,8.12,409,"",0,140.5,"",14.2,"",48,"","","",145,12,27.97,18,"","","","","","","","","","",""
3066,Turkaha,CGWB,10,Bihar,197,GOPALGANJ,GOPALGANJ,GOPALGANJ,Turkaha,-,-,-,-,-,-,26.45972222,84.42861111,25-05-2016 00:00,8.47,428,278.2,9,153.75,"",14.18,"",55,"",33.55,"",135,16,23.08,36,"","","","","","","","","","",""
3067,Turki,CGWB,10,Bihar,208,MUZAFFARPUR,KURHANI,KURHANI,Turki,-,-,-,-,-,-,26.03611111,85.35416667,25-05-2001 00:00,8.48,330,"",6,140,"",21,"","","","","",115,22,15,14,"","","","","","","","","","",""
3068,Turki,CGWB,10,Bihar,208,MUZAFFARPUR,KURHANI,KURHANI,Turki,-,-,-,-,-,-,26.03333333,85.34583333,25-05-2003 00:00,7.56,550,"","","","","","","","","","","","","","","","","","","","","","","","",""
3069,Turki,CGWB,10,Bihar,208,MUZAFFARPUR,KURHANI,KURHANI,Turki,-,-,-,-,-,-,26.03611111,85.35416667,25-05-2006 00:00,8.66,340,"",18,104,"",14,"","","","","",105,24,10.97,23,"","","","","","","","","","",""
3070,Turki,CGWB,10,Bihar,208,MUZAFFARPUR,KURHANI,KURHANI,Turki,-,-,-,-,-,-,26.03611111,85.35416667,25-05-2007 00:00,8.03,590,"","",220,180.3,21,"",11,"","","",220,48,24.37,25,"","","","","","","","","","",""
3071,Turki,CGWB,10,Bihar,208,MUZAFFARPUR,KURHANI,KURHANI,Turki,-,-,-,-,-,-,26.03333333,85.34583333,25-05-2010 00:00,"",563,"",0,317,"",11,"","","","","",195,52,16,22,"","","","","","","","","","",""
3072,Turki,CGWB,10,Bihar,208,MUZAFFARPUR,KURHANI,KURHANI,Turki,-,-,-,-,-,-,26.03611111,85.35416667,25-05-2011 00:00,7.75,550,"",0,317,"",11,"","","","","",210,66,11.02,28,"","","","","","","","","","",""
3073,Udwantnagar,CGWB,10,Bihar,193,BHOJPUR,UDWANT NAGAR,UDWANTNAGAR,Udwantnagar,-,-,-,-,-,-,25.50833333,84.62500000,25-05-2004 00:00,8.03,700,"",0,405,"",78,"","","","","",248,32,40,77,"","","","","","","","","","",""
3074,Udwantnagar,CGWB,10,Bihar,193,BHOJPUR,UDWANT NAGAR,UDWANTNAGAR,Udwantnagar,-,-,-,-,-,-,25.50833333,84.62500000,25-05-2005 00:00,7.75,780,"",0,427,"",14,"","","","","",275,50,36.53,46,"","","","","","","","","","",""
3075,Udwantnagar,CGWB,10,Bihar,193,BHOJPUR,UDWANT NAGAR,UDWANTNAGAR,Udwantnagar,-,-,-,-,-,-,25.50833333,84.62916667,25-05-2007 00:00,8.52,530,"",36,134,169.8,32,"","","","","",185,28,27.99,28,"","","","","","","","","","",""
3076,Udwantnagar,CGWB,10,Bihar,193,BHOJPUR,UDWANT NAGAR,UDWANTNAGAR,Udwantnagar,-,-,-,-,-,-,25.50833333,84.62500000,25-05-2012 00:00,7.57,460,"",0,320,"",28.36,"",22.67,"","","",228,12.82,47.04,"","","","","","","","","","","",""
3077,Udwantnagar,CGWB,10,Bihar,193,BHOJPUR,UDWANT NAGAR,UDWANTNAGAR,Udwantnagar,-,-,-,-,-,-,25.50833333,84.62500000,25-05-2016 00:00,8.1,596,"",0,275,"",14,"",9,"",1.3,"",230,24,41,27,"","","","","","","","","","",""
3078,Udwantnagar,CGWB,10,Bihar,193,BHOJPUR,UDWANT NAGAR,UDWANTNAGAR,Udwantnagar,-,-,-,-,-,-,25.50833333,84.62500000,30-05-2019 08:00,8,776,570.7,0,359,"",24,"","","","","",270,47,37.0636,51,"","","","","","","","","","",""
3079,Udwantnagar,CGWB,10,Bihar,193,BHOJPUR,UDWANT NAGAR,UDWANTNAGAR,Udwantnagar,-,-,-,-,-,-,25.50833333,84.62500000,30-05-2020 08:00,8,776,"","",359,"",24,"","","","","","",47,37.0636,51,"","","","","","","","","","",""
3080,Ujiarpur,CGWB,10,Bihar,217,SAMASTIPUR,UJIARPUR,UJIARPUR,Ujiarpur,-,-,-,-,-,-,25.77500000,85.80027778,25-05-2006 00:00,7.71,940,"","",329,"",124,"","","","","",315,34,56,108,"","","","","","","","","","",""
3081,Ujiarpur,CGWB,10,Bihar,217,SAMASTIPUR,UJIARPUR,UJIARPUR,Ujiarpur,-,-,-,-,-,-,25.76666667,85.82916667,25-05-2011 00:00,8.32,660,"","",350.55,"",17.72,"","","","","",195,22,34.07,70,"","","","","","","","","","",""
3082,Ujiarpur,CGWB,10,Bihar,217,SAMASTIPUR,UJIARPUR,UJIARPUR,Ujiarpur,-,-,-,-,-,-,25.76666667,85.82916667,25-05-2013 00:00,7.87,907,"",0,439,"",14,"",90,"","","",220,44,26.8,115,"","","","","","","","","","",""
3083,Uttari Gavandra,CGWB,10,Bihar,213,PURBA CHAMPARAN,CHAKIA (PIPRA),CHAKIA (PIPRA),Uttari Gavandra,-,-,-,-,-,-,26.40805556,85.06083333,30-05-2019 08:00,7.7,515,435.5,0,231.876,"",7.08,"","","","","",205,42,24.304,19.99,"","","","","","","","","","",""
3084,Uttari Gavandra,CGWB,10,Bihar,213,PURBA CHAMPARAN,CHAKIA (PIPRA),CHAKIA (PIPRA),Uttari Gavandra,-,-,-,-,-,-,26.40805556,85.06083333,30-05-2020 08:00,7.7,515,"","",231.876,"",7.08,"","","","","","",42,24.304,19.99,"","","","","","","","","","",""
3085,Valmikinagar,CGWB,10,Bihar,211,PASHCHIM CHAMPARAN,SIDHAW,SIDHAW,Valmikinagar,-,-,-,-,-,-,27.42916667,83.94166667,25-05-2009 00:00,"",526,"",0,159,"",50,"","","","","",155,26,21.91,44,"","","","","","","","","","",""
3086,Valmikinagar,CGWB,10,Bihar,211,PASHCHIM CHAMPARAN,SIDHAW,SIDHAW,Valmikinagar,-,-,-,-,-,-,27.42916667,83.94166667,25-05-2012 00:00,8.05,740,"",0,305,"",53,"","","","","",210,48,22,38,"","","","","","","","","","",""
3087,Valmikinagar,CGWB,10,Bihar,211,PASHCHIM CHAMPARAN,SIDHAW,SIDHAW,Valmikinagar,-,-,-,-,-,-,27.42916667,83.94166667,25-05-2013 00:00,8.05,740,"",0,305,"",53,"",20,"","","",210,48,22,38,"","","","","","","","","","",""
3088,Valmikinagar,CGWB,10,Bihar,211,PASHCHIM CHAMPARAN,SIDHAW,SIDHAW,Valmikinagar,-,-,-,-,-,-,27.42916667,83.94166667,25-05-2016 00:00,7.33,544,"",0,256,"",39,"",19.9,"",9.8,"",205,46,22,30,"","","","","","","","","","",""
3089,Vena,CGWB,10,Bihar,209,NALANDA,RAHUI,RAHUI,Vena,-,-,-,-,-,-,25.32444444,85.53416667,30-05-2019 08:00,8,504,251.55,0,214,"",10.6,"","","","","",200,56,15,23,"","","","","","","","","","",""
3090,Vena,CGWB,10,Bihar,209,NALANDA,RAHUI,RAHUI,Vena,-,-,-,-,-,-,25.32444444,85.53416667,30-05-2020 08:00,8,504,"","",214,"",10.6,"","","","","","",56,15,23,"","","","","","","","","","",""
3091,Vena,CGWB,10,Bihar,209,NALANDA,RAHUI,RAHUI,Vena,-,-,-,-,-,-,25.32444444,85.53416667,30-05-2021 08:00,8.22,1120,"",0,488,"",97,"",28,"","","",375,112,23,44,"","","","","","","","","","",""
3092,Warish aliganj,CGWB,10,Bihar,210,NAWADA,WARISALIGANJ,WARISALIGANJ,Warish aliganj,-,-,-,-,-,-,25.00833333,85.64027778,25-05-2007 00:00,8.13,900,"",6,134,119.8,43,"","","","","",150,28,19,25,"","","","","","","","","","",""
3093,Warish aliganj,CGWB,10,Bihar,210,NAWADA,WARISALIGANJ,WARISALIGANJ,Warish aliganj,-,-,-,-,-,-,25.00833333,85.64027778,25-05-2008 00:00,8.1,629,"",0,256,"",18,"","","","","",180,10,38,56,"","","","","","","","","","",""
3094,Warish aliganj,CGWB,10,Bihar,210,NAWADA,WARISALIGANJ,WARISALIGANJ,Warish aliganj,-,-,-,-,-,-,25.00833333,85.64027778,25-05-2010 00:00,"",591,"",0,329,"",14,"","","","","",185,42,19,50,"","","","","","","","","","",""
3095,Warshaliganj,CGWB,10,Bihar,210,NAWADA,WARISALIGANJ,WARISALIGANJ,Warshaliganj,-,-,-,-,-,-,25.02916667,85.64583333,25-05-2008 00:00,8.1,629,"",0,256,"",18,"","","","","",180,10,37.7,56,"","","","","","","","","","",""
3096,Warshaliganj,CGWB,10,Bihar,210,NAWADA,WARISALIGANJ,WARISALIGANJ,Warshaliganj,-,-,-,-,-,-,25.02916667,85.64583333,25-05-2012 00:00,8.49,480,"",36,183.03,"",17.73,"","","","","",120,16.032,19.47,50,"","","","","","","","","","",""
3097,Warshaliganj,CGWB,10,Bihar,210,NAWADA,WARISALIGANJ,WARISALIGANJ,Warshaliganj,-,-,-,-,-,-,25.02916667,85.64583333,25-05-2013 00:00,8.49,480,"",36,183,"",17.7,"",0,"","","",120,16,19.5,50,"","","","","","","","","","",""
3098,Warshaliganj,CGWB,10,Bihar,210,NAWADA,WARISALIGANJ,WARISALIGANJ,Warshaliganj,-,-,-,-,-,-,25.02916667,85.64583333,25-05-2016 00:00,8.85,1123,729.95,33,476.75,"",85.08,"",70,"",12.32,"",350,20,73,112,"","","","","","","","","","",""
3099,Warshaliganj,CGWB,10,Bihar,210,NAWADA,WARISALIGANJ,WARISALIGANJ,Warshaliganj,-,-,-,-,-,-,25.02916667,85.64583333,30-05-2019 08:00,7.9,734,261.3,0,244,"",124.1,"","","","","",215,70,10,69,"","","","","","","","","","",""
3100,Warshaliganj,CGWB,10,Bihar,210,NAWADA,WARISALIGANJ,WARISALIGANJ,Warshaliganj,-,-,-,-,-,-,25.02916667,85.64583333,30-05-2020 08:00,7.9,734,"","",244,"",124.1,"","","","","","",70,10,69,"","","","","","","","","","",""
3101,Warshaliganj,CGWB,10,Bihar,210,NAWADA,WARISALIGANJ,WARISALIGANJ,Warshaliganj,-,-,-,-,-,-,25.02916667,85.64583333,30-05-2021 08:00,8.2,900,"",0,311,"",91,"",66,"","","",357,45,58,62,"","","","","","","","","","",""
3102,Wazirganj,CGWB,10,Bihar,196,GAYA,WAZIRGANJ,WAZIRGANJ,Wazirganj,-,-,-,-,-,-,24.80416667,85.22083333,25-05-2005 00:00,8.15,1850,"",0,561,"",160,"","","","","",390,90,40.23,100,"","","","","","","","","","",""
3103,Wazirganj,CGWB,10,Bihar,196,GAYA,WAZIRGANJ,WAZIRGANJ,Wazirganj,-,-,-,-,-,-,24.79388889,85.19944444,25-05-2007 00:00,8.72,1700,"",36,238,255.1,220,"","","","","",220,16,43.7,131,"","","","","","","","","","",""
3104,Wazirganj,CGWB,10,Bihar,196,GAYA,WAZIRGANJ,WAZIRGANJ,Wazirganj,-,-,-,-,-,-,24.79388889,85.19944444,25-05-2008 00:00,8.15,2240,"",0,311.1,"",245,"","","","","",220,16,43.7,120,"","","","","","","","","","",""
3105,Wazirganj,CGWB,10,Bihar,196,GAYA,WAZIRGANJ,WAZIRGANJ,Wazirganj,-,-,-,-,-,-,24.80416667,85.22083333,25-05-2009 00:00,"",2250,"",0,671,"",220,"","","","","",425,104,40.24,158,"","","","","","","","","","",""
3106,Wazirganj,CGWB,10,Bihar,196,GAYA,WAZIRGANJ,WAZIRGANJ,Wazirganj,-,-,-,-,-,-,24.79388889,85.19944444,25-05-2010 00:00,"",1920,"",0,640,"",206,"","","","","",425,92,47,100,"","","","","","","","","","",""
3107,Wazirganj,CGWB,10,Bihar,196,GAYA,WAZIRGANJ,WAZIRGANJ,Wazirganj,-,-,-,-,-,-,24.80416667,85.22083333,25-05-2012 00:00,8.2,1450,"",0,512.484,"",85.104,"","","","","",290,16.032,60.84,34,"","","","","","","","","","",""
3108,Wazirganj,CGWB,10,Bihar,196,GAYA,WAZIRGANJ,WAZIRGANJ,Wazirganj,-,-,-,-,-,-,24.80416667,85.22083333,25-05-2013 00:00,8.2,1450,"",0,512.5,"",85.1,"",105.7,"","","",290,16,60.8,34,"","","","","","","","","","",""
3109,Wazirganj,CGWB,10,Bihar,196,GAYA,WAZIRGANJ,WAZIRGANJ,Wazirganj,-,-,-,-,-,-,24.79388889,85.19944444,25-05-2016 00:00,7.42,2044,1328.6,0,522.75,"",297.78,"",83.87,"",23,"",510,130,35.23,188,"","","","","","","","","","",""
3110,Wazitpur,CGWB,10,Bihar,208,MUZAFFARPUR,KURHANI,KURHANI,Wazitpur,-,-,-,-,-,-,26.01250000,85.31250000,25-05-2010 00:00,"",1527,"",0,610,"",160,"","","","","",580,78,94,72,"","","","","","","","","","",""
3111,Wazitpur,CGWB,10,Bihar,208,MUZAFFARPUR,KURHANI,KURHANI,Wazitpur,-,-,-,-,-,-,26.01250000,85.31250000,25-05-2011 00:00,8.06,1550,"",0,525,"",149,"","","","","",545,54,99.75,98,"","","","","","","","","","",""
3112,Wazitpur,CGWB,10,Bihar,208,MUZAFFARPUR,KURHANI,KURHANI,Wazitpur,-,-,-,-,-,-,26.01250000,85.31250000,25-05-2016 00:00,7.29,458,"",0,207,"",25,"",17.9,"",1,"",165,40,16,26,"","","","","","","","","","",""
