SlNo,Station,Agency,State LGD Code,State,District LGD Code,District,Tehsil,Block,Village,River,Basin,Tributary,Subtributary,SubSubtributary,Local River,Latitude,Longitude,Data Acquisition Time,Potential of Hydrogen (pH),Electric Conductivity (μS/cm),Total Dissolved Solids (mg/L),Carbonate (mg/L),Bicarbonate (mg/L),Total Alkalinity (mg/L as CaCO3),Chloride (mg/L),Nitrate N (mgN/L),Sulphate (mg/L),Phosphate(mg/L),Silica(mg/L),Fluoride (mg/L),Total Hardness (mgCaCO3/L),Calcium (mg/L),Magnesium (mg/L),Sodium (mg/L),Potassium (mg/L),Iron(mg/L),Arsenic (mg/L),Uranium(mg/L),Manganese (mg/L),Copper (mg/L),Lead (mg/L),Zinc (mg/L),Nickel (mg/L),Cadmium (mg/L),Chromium (mg/L)
1,Airport Boundary,CGWB,7,Delhi,84,SOUTH WEST,NAJAFGARH,NAJAFGARH,Airport,-,-,-,-,-,-,28.55500000,77.12277778,25-05-2005 00:00,8,1250,"","",411,336.9,160,"",16,"","","",124,27,13.77,245,"","","","","","","","","","",""
2,Airport Nursury,CGWB,7,Delhi,84,SOUTH WEST,NAJAFGARH,NAJAFGARH,Airport,-,-,-,-,-,-,28.55555556,77.08583333,25-05-2005 00:00,8.11,1300,"","",450,368.9,160,"",17,"","","",156,37,15.48,245,"","","","","","","","","","",""
3,Airport Nursury,CGWB,7,Delhi,84,SOUTH WEST,NAJAFGARH,NAJAFGARH,Airport,-,-,-,-,-,-,28.55555556,77.08583333,25-05-2010 00:00,7.56,3420,"","",355,291,484,"",800,"","","",852,230,67.63,480,"","","","","","","","","","",""
4,Akshardham D Pz,CGWB,7,Delhi,78,EAST,GANDHI NAGAR,GANDHI NAGAR,Akshardham,-,-,-,-,-,-,28.61222222,77.27000000,25-05-2005 00:00,7.73,846,"","",225,184.4,100,"",125,"","","",238,52,26.32,113,"","","","","","","","","","",""
5,Akshardham D Pz,CGWB,7,Delhi,78,EAST,GANDHI NAGAR,GANDHI NAGAR,Akshardham,-,-,-,-,-,-,28.61222222,77.27000000,25-05-2010 00:00,7.29,847,"","",127,104.1,135,"",185,"","","",282,48,39.45,97,"","","","","","","","","","",""
6,Akshardham S Pz,CGWB,7,Delhi,78,EAST,GANDHI NAGAR,GANDHI NAGAR,Akshardham,-,-,-,-,-,-,28.61388889,77.26916667,25-05-2005 00:00,8.04,651,"","",258,211.5,61,"",29,"","","",212,48,22.43,56,"","","","","","","","","","",""
7,Akshardham Temple Pz,CGWB,7,Delhi,78,EAST,GANDHI NAGAR,GANDHI NAGAR,Akshardham,-,-,-,-,-,-,28.60833333,77.26666667,25-05-2007 00:00,7.62,735,"","",263,215.6,86,"",53,"","","",250,51,30,68,"","","","","","","","","","",""
8,Akshardham Temple Pz,CGWB,7,Delhi,78,EAST,GANDHI NAGAR,GANDHI NAGAR,Akshardham,-,-,-,-,-,-,28.60833333,77.26666667,25-05-2010 00:00,7.22,1100,"","",220,180.3,113,"",260,"","","",264,38,41,131,"","","","","","","","","","",""
9,Akshardham Temple Pz,CGWB,7,Delhi,78,EAST,GANDHI NAGAR,GANDHI NAGAR,Akshardham,-,-,-,-,-,-,28.60833333,77.26666667,25-05-2011 00:00,"",534,"","","","",45,"","","","","","","","","","","","","","","","","","","",""
10,Akshardham Temple Pz,CGWB,7,Delhi,78,EAST,GANDHI NAGAR,GANDHI NAGAR,Akshardham,-,-,-,-,-,-,28.60833333,77.26666667,25-05-2012 00:00,8.85,778,"",35.88,106.63,147.2,55.56,"",119,"","","",250,44.12,33.56,88.5,"",0.248,"","","","","","","","",""
11,Akshardham Temple Pz,CGWB,7,Delhi,78,EAST,GANDHI NAGAR,GANDHI NAGAR,Akshardham,-,-,-,-,-,-,28.60833333,77.26666667,25-05-2013 00:00,7.39,910,"","",329,269.7,88,"",116,"","","",379,30,74,54,"","","","","","","","","","",""
12,Akshardham Temple Pz,CGWB,7,Delhi,78,EAST,GANDHI NAGAR,GANDHI NAGAR,Akshardham,-,-,-,-,-,-,28.60833333,77.26666667,25-05-2014 00:00,8.07,770,"",0,254,208.2,84,"",150,"","","",227,62,18,116,"","","","","","","","","","",""
13,Akshardham Temple Pz,CGWB,7,Delhi,78,EAST,GANDHI NAGAR,GANDHI NAGAR,Akshardham,-,-,-,-,-,-,28.60833333,77.26666667,25-05-2015 00:00,8.32,1228,"",4.32,57.98,54.72,754,"",187,"","","",742,50,148,210,"",0.445,"","","","","","","","",""
14,Akshardham Temple Pz,CGWB,7,Delhi,78,EAST,GANDHI NAGAR,GANDHI NAGAR,Akshardham,-,-,-,-,-,-,28.60833333,77.26666667,25-05-2016 00:00,8,1210,811,"","","",156,"",141.52,"","","",54.16,26.96,27.2,132.9,"","","","","","","","","","",""
15,Akshardham Temple Pz,CGWB,7,Delhi,78,EAST,GANDHI NAGAR,GANDHI NAGAR,Akshardham,-,-,-,-,-,-,28.60833333,77.26666667,25-05-2017 00:00,7.6,1831,"",0,232,"",351,"",300,"",19,"",505,105,59,227,"","","","","","","","","","",""
16,Alipur,CGWB,7,Delhi,82,NORTH WEST,SARASWATI VIHAR,SARASWATI VIHAR,Alipur,-,-,-,-,-,-,28.80555556,77.13611111,25-05-2003 00:00,8.21,1772,"","",506,414.8,247,"",194,"","","",231,19,44,400,"","","","","","","","","","",""
17,Alipur,CGWB,7,Delhi,82,NORTH WEST,SARASWATI VIHAR,SARASWATI VIHAR,Alipur,-,-,-,-,-,-,28.80555556,77.13611111,25-05-2009 00:00,7.7,1330,"","",308,252.5,164,"",180,"","","",491,61,82,90,"","","","","","","","","","",""
18,Alipur,CGWB,7,Delhi,82,NORTH WEST,SARASWATI VIHAR,SARASWATI VIHAR,Alipur,-,-,-,-,-,-,28.80555556,77.13611111,25-05-2010 00:00,8.2,2070,"","",391,320.5,381,"",202,"","","",522,85,76,250,"","","","","","","","","","",""
19,Ashok Vihar - IV,CGWB,7,Delhi,82,NORTH WEST,SARASWATI VIHAR,SARASWATI VIHAR,Ashok Vihar,-,-,-,-,-,-,28.68388889,77.18222222,25-05-2003 00:00,8.21,1220,"","",519,425.4,29,"",148,"","","",220,39,30,195,"","","","","","","","","","",""
20,Ashok Vihar - IV,CGWB,7,Delhi,82,NORTH WEST,SARASWATI VIHAR,SARASWATI VIHAR,Ashok Vihar,-,-,-,-,-,-,28.68388889,77.18222222,25-05-2006 00:00,8.12,1200,"","",442,362.3,76,"",150,"","","",184,41,19.87,208,"","","","","","","","","","",""
21,Ashok Vihar - IV,CGWB,7,Delhi,82,NORTH WEST,SARASWATI VIHAR,SARASWATI VIHAR,Ashok Vihar,-,-,-,-,-,-,28.68388889,77.18222222,25-05-2008 00:00,8.15,1160,"","",477,391,136,"",138,"","","",198,52,16.6,248,"","","","","","","","","","",""
22,Ashok Vihar - IV,CGWB,7,Delhi,82,NORTH WEST,SARASWATI VIHAR,SARASWATI VIHAR,Ashok Vihar,-,-,-,-,-,-,28.68388889,77.18222222,25-05-2012 00:00,9.33,820,"",27.6,237.11,240.4,40.8,"",74.1,"","","",97,15.51,13.96,89.17,"",0.944,"","","","","","","","",""
23,Ashok Vihar - IV,CGWB,7,Delhi,82,NORTH WEST,SARASWATI VIHAR,SARASWATI VIHAR,Ashok Vihar,-,-,-,-,-,-,28.68388889,77.18222222,25-05-2013 00:00,8.3,1323,"",36,403,390.3,116,"",98,"","","",110,24,12,255,"","","","","","","","","","",""
24,Ashok Vihar - IV,CGWB,7,Delhi,82,NORTH WEST,SARASWATI VIHAR,SARASWATI VIHAR,Ashok Vihar,-,-,-,-,-,-,28.68388889,77.18222222,25-05-2014 00:00,9.02,1578,"",26,242,241.69,255,"",120,"","","",133,16,22,286,"","","","","","","","","","",""
25,Ashok Vihar - IV,CGWB,7,Delhi,82,NORTH WEST,SARASWATI VIHAR,SARASWATI VIHAR,Ashok Vihar,-,-,-,-,-,-,28.68388889,77.18222222,25-05-2015 00:00,7.83,2490,"",0,124.6,102.13,681,"",170,"","","",550,31,113,368,"",0.026,"","","","","","","","",""
26,Ashok Vihar - IV,CGWB,7,Delhi,82,NORTH WEST,SARASWATI VIHAR,SARASWATI VIHAR,Ashok Vihar,-,-,-,-,-,-,28.68388889,77.18222222,25-05-2016 00:00,8.5,2969,1989,"","","",666.46,"",1392.18,"","","",59.75,18.19,41.56,606,"","","","","","","","","","",""
27,Ashok Vihar - IV,CGWB,7,Delhi,82,NORTH WEST,SARASWATI VIHAR,SARASWATI VIHAR,Ashok Vihar,-,-,-,-,-,-,28.68388889,77.18222222,25-05-2018 00:00,8.64,1118,0,62,276,0,104,"",156,"",18,"",120,16,19,145,"",0,0,"","","","","","","",""
28,Asola Pz,CGWB,7,Delhi,83,SOUTH,HAUZ KHAS,HAUZ KHAS,Asola,-,-,-,-,-,-,28.49583333,77.26666667,25-05-2010 00:00,7.62,594,"","",220,180.3,74,"",26,"","","",217,6.4,49,52,"","","","","","","","","","",""
29,Asola Pz,CGWB,7,Delhi,83,SOUTH,HAUZ KHAS,HAUZ KHAS,Asola,-,-,-,-,-,-,28.49583333,77.26666667,25-05-2011 00:00,"",632,"","","","",80,"","","","","","","","","","","","","","","","","","","",""
30,Asola Pz,CGWB,7,Delhi,83,SOUTH,HAUZ KHAS,HAUZ KHAS,Asola,-,-,-,-,-,-,28.49583333,77.26666667,25-05-2012 00:00,9.06,980,"",49.68,124.87,185.2,88.92,"",40,"","","",278,43.96,40.95,95,"",0.39,"","","","","","","","",""
31,Asola Pz,CGWB,7,Delhi,83,SOUTH,HAUZ KHAS,HAUZ KHAS,Asola,-,-,-,-,-,-,28.49583333,77.26666667,25-05-2013 00:00,7.98,683,"","",255,209,77,"",30,"","","",247,20,48,50,"","","","","","","","","","",""
32,Asola Pz,CGWB,7,Delhi,83,SOUTH,HAUZ KHAS,HAUZ KHAS,Asola,-,-,-,-,-,-,28.49583333,77.26666667,25-05-2014 00:00,8.23,570,"",0,242,198.36,56,"",72,"","","",185,37,23,78,"","","","","","","","","","",""
33,Asola Pz,CGWB,7,Delhi,83,SOUTH,HAUZ KHAS,HAUZ KHAS,Asola,-,-,-,-,-,-,28.49583333,77.26666667,25-05-2015 00:00,8.35,793,"",6.89,189.6,166.89,120,"",46,"","","",204,28,32,106,"",0.001,"","","","","","","","",""
34,Asola Pz,CGWB,7,Delhi,83,SOUTH,HAUZ KHAS,HAUZ KHAS,Asola,-,-,-,-,-,-,28.49583333,77.26666667,25-05-2016 00:00,8.5,575,385,"","","",70.9,"",36.6,"","","",19.99,9.52,10.47,77.1,"","","","","","","","","","",""
35,Asola Pz,CGWB,7,Delhi,83,SOUTH,HAUZ KHAS,HAUZ KHAS,Asola,-,-,-,-,-,-,28.49583333,77.26666667,25-05-2017 00:00,7.57,658,"",0,244,"",71,"",90,"",39,"",233,61,20,81,"","","","","","","","","","",""
36,Asola Pz,CGWB,7,Delhi,83,SOUTH,HAUZ KHAS,HAUZ KHAS,Asola,-,-,-,-,-,-,28.49583333,77.26666667,25-05-2018 00:00,8.38,699,0,37,139,0,104,"",27,"",18,"",150,20,24,103,"",0,0,"","","","","","","",""
37,Asola Pz,CGWB,7,Delhi,83,SOUTH,HAUZ KHAS,HAUZ KHAS,Asola,-,-,-,-,-,-,28.49583333,77.26666667,30-05-2019 08:00,8.04,731,"",0,232,"",156,"","","",20,"",220,44,27,108.7,"","","","","","","","","","",""
38,Asola Pz,CGWB,7,Delhi,83,SOUTH,HAUZ KHAS,HAUZ KHAS,Asola,-,-,-,-,-,-,28.49583333,77.26666667,30-05-2020 08:00,8.04,731,"","",232,"",156,"","","",20,"","",44,27,108.7,"","","","","","","","","","",""
39,Auchandi Pz,CGWB,7,Delhi,82,NORTH WEST,SARASWATI VIHAR,SARASWATI VIHAR,AUCHANDI,-,-,-,-,-,-,28.81944444,76.99722222,25-05-2000 00:00,7.76,3620,"","",427,350,484,"",1050,"","","",1134,189,161,480,"","","","","","","","","","",""
40,Auchandi Pz,CGWB,7,Delhi,82,NORTH WEST,SARASWATI VIHAR,SARASWATI VIHAR,AUCHANDI,-,-,-,-,-,-,28.81944444,76.99722222,25-05-2002 00:00,8.6,720,"",21,159,165.3,92,"",47,"","","",200,20,36,68,"","","","","","","","","","",""
41,Auchandi Pz,CGWB,7,Delhi,82,NORTH WEST,SARASWATI VIHAR,SARASWATI VIHAR,AUCHANDI,-,-,-,-,-,-,28.81944444,76.99722222,25-05-2003 00:00,7.55,4240,"","",198,162.3,1221,"",420,"","","",1700,302,230,320,"","","","","","","","","","",""
42,Auchandi Pz,CGWB,7,Delhi,82,NORTH WEST,SARASWATI VIHAR,SARASWATI VIHAR,AUCHANDI,-,-,-,-,-,-,28.81944444,76.99722222,25-05-2008 00:00,7.96,1020,"","",387,317.2,116,"",140,"","","",159,40,14.39,216,"","","","","","","","","","",""
43,Auchandi Pz,CGWB,7,Delhi,82,NORTH WEST,SARASWATI VIHAR,SARASWATI VIHAR,AUCHANDI,-,-,-,-,-,-,28.81944444,76.99722222,25-05-2010 00:00,8.23,4830,"","",591,484.4,653,"",1200,"","","",818,70,156,850,"","","","","","","","","","",""
44,Auchandi Pz,CGWB,7,Delhi,82,NORTH WEST,SARASWATI VIHAR,SARASWATI VIHAR,AUCHANDI,-,-,-,-,-,-,28.81944444,76.99722222,25-05-2011 00:00,"",5010,"","","","",497,"","","","","","","","","","","","","","","","","","","",""
45,Auchandi Pz,CGWB,7,Delhi,82,NORTH WEST,SARASWATI VIHAR,SARASWATI VIHAR,AUCHANDI,-,-,-,-,-,-,28.81944444,76.99722222,25-05-2012 00:00,8.48,1913,"",20.7,259.56,247.3,224.29,"",292.5,"","","",679,63.83,124.59,182.4,"",9.669,"","","","","","","","",""
46,Auchandi Pz,CGWB,7,Delhi,82,NORTH WEST,SARASWATI VIHAR,SARASWATI VIHAR,AUCHANDI,-,-,-,-,-,-,28.81944444,76.99722222,25-05-2013 00:00,7.85,7760,"","",464,380.3,1402,"",1970,"","","",1451,136,270,1360,"","","","","","","","","","",""
47,Auchandi Pz,CGWB,7,Delhi,82,NORTH WEST,SARASWATI VIHAR,SARASWATI VIHAR,AUCHANDI,-,-,-,-,-,-,28.81944444,76.99722222,25-05-2014 00:00,8.42,3382,"",66,510,528.03,447,"",480,"","","",470,43,88,557,"","","","","","","","","","",""
48,Auchandi Pz,CGWB,7,Delhi,82,NORTH WEST,SARASWATI VIHAR,SARASWATI VIHAR,AUCHANDI,-,-,-,-,-,-,28.81944444,76.99722222,25-05-2015 00:00,8.39,2296,"",5.81,217.6,188.04,435,"",332,"","","",622,37,127,221,"",0.031,"","","","","","","","",""
49,Auchandi Pz,CGWB,7,Delhi,82,NORTH WEST,SARASWATI VIHAR,SARASWATI VIHAR,AUCHANDI,-,-,-,-,-,-,28.81944444,76.99722222,25-05-2016 00:00,8.4,4274,2864,"","","",850.8,"",1193.88,"","","",69.87,16.6,53.27,1128,"","","","","","","","","","",""
50,Auchandi Pz,CGWB,7,Delhi,82,NORTH WEST,SARASWATI VIHAR,SARASWATI VIHAR,AUCHANDI,-,-,-,-,-,-,28.81944444,76.99722222,25-05-2017 00:00,8.06,5826,"",0,695,"",333,"",1898,"",15,"",790,88,139,1200,"","","","","","","","","","",""
51,Auchandi Pz,CGWB,7,Delhi,82,NORTH WEST,SARASWATI VIHAR,SARASWATI VIHAR,AUCHANDI,-,-,-,-,-,-,28.81944444,76.99722222,30-05-2019 08:00,8.42,4750,"",84,451,"",581,"","","",24,"",570,60,102,840,"","","","","","","","","","",""
52,Auchandi Pz,CGWB,7,Delhi,82,NORTH WEST,SARASWATI VIHAR,SARASWATI VIHAR,AUCHANDI,-,-,-,-,-,-,28.81944444,76.99722222,30-05-2020 08:00,8.42,4750,"","",451,"",581,"","","",24,"","",60,102,840,"","","","","","","","","","",""
53,Auchandi Pz,CGWB,7,Delhi,82,NORTH WEST,SARASWATI VIHAR,SARASWATI VIHAR,AUCHANDI,-,-,-,-,-,-,28.81944444,76.99722222,30-05-2021 08:00,8.13,2660,1729,0,1049,"",319,"",148,0.02,"","",130,24,17.024,620,"","","","","","","","","","",""
54,Ayanagar Pz,CGWB,7,Delhi,83,SOUTH,HAUZ KHAS,-,-,-,-,-,-,-,-,28.47166667,77.12972222,25-05-2000 00:00,7.44,1328,"","",525,430.3,64,"",45,"","","",381,91,37.43,150,"","","","","","","","","","",""
55,Ayanagar Pz,CGWB,7,Delhi,83,SOUTH,HAUZ KHAS,-,-,-,-,-,-,-,-,28.47166667,77.12972222,25-05-2002 00:00,7.9,1030,"","",183,150,92,"",95,"","","",420,60,65,39,"","","","","","","","","","",""
56,Ayanagar Pz,CGWB,7,Delhi,83,SOUTH,HAUZ KHAS,-,-,-,-,-,-,-,-,28.47166667,77.12972222,25-05-2004 00:00,8.1,549,"","",251,205.7,38,"",13,"","","",166,27,23.98,62,"","","","","","","","","","",""
57,Ayanagar Pz,CGWB,7,Delhi,83,SOUTH,HAUZ KHAS,-,-,-,-,-,-,-,-,28.47166667,77.12972222,25-05-2006 00:00,7.6,623,"","",282,231.2,36,"",18,"","","",278,78,20.27,23,"","","","","","","","","","",""
58,Ayanagar Pz,CGWB,7,Delhi,83,SOUTH,HAUZ KHAS,-,-,-,-,-,-,-,-,28.47166667,77.12972222,25-05-2007 00:00,8.28,572,"","",287,235.3,31,"",8,"","","",152,35,16,74,"","","","","","","","","","",""
59,Ayanagar Pz,CGWB,7,Delhi,83,SOUTH,HAUZ KHAS,-,-,-,-,-,-,-,-,28.47166667,77.12972222,25-05-2011 00:00,"",528,"","","","",52,"","","","","","","","","","","","","","","","","","","",""
60,Ayanagar Pz,CGWB,7,Delhi,83,SOUTH,HAUZ KHAS,-,-,-,-,-,-,-,-,28.47166667,77.12972222,25-05-2012 00:00,8.71,846,"",62.1,94,180.6,56.86,"",50.1,"","","",306,44.28,47.62,81.75,"",0.422,"","","","","","","","",""
61,Ayanagar Pz,CGWB,7,Delhi,83,SOUTH,HAUZ KHAS,-,-,-,-,-,-,-,-,28.47166667,77.12972222,25-05-2013 00:00,7.57,699,"","",317,259.8,67,"",38,"","","",337,26,66,22,"","","","","","","","","","",""
62,Ayanagar Pz,CGWB,7,Delhi,83,SOUTH,HAUZ KHAS,-,-,-,-,-,-,-,-,28.47166667,77.12972222,25-05-2014 00:00,8.18,685,"",0,266,218.03,70,"",75,"","","",299,78,25,59,"","","","","","","","","","",""
63,Badli Dw,CGWB,7,Delhi,82,NORTH WEST,SARASWATI VIHAR,SARASWATI VIHAR,BADLI,-,-,-,-,-,-,28.75833333,77.15000000,25-05-2003 00:00,8.21,1190,"","",348,285.3,160,"",142,"","","",511,24,110,93,"","","","","","","","","","",""
64,Bakoli-  Deep Pz,CGWB,7,Delhi,82,NORTH WEST,SARASWATI VIHAR,SARASWATI VIHAR,Bakoli,-,-,-,-,-,-,28.81527778,77.15166667,25-05-2008 00:00,6.97,3253,"","",495,405.7,620,"",384,"","","",286,101,8.27,564,"","","","","","","","","","",""
65,Bakoli -  Shallow Pz,CGWB,7,Delhi,82,NORTH WEST,SARASWATI VIHAR,SARASWATI VIHAR,Bakoli,-,-,-,-,-,-,28.81527778,77.15166667,25-05-2008 00:00,8.05,2150,"","",465,381.2,252,"",448,"","","",188,36,23.87,466,"","","","","","","","","","",""
66,Bakoli -  Shallow Pz,CGWB,7,Delhi,82,NORTH WEST,SARASWATI VIHAR,SARASWATI VIHAR,Bakoli,-,-,-,-,-,-,28.81527778,77.15166667,25-05-2009 00:00,8.15,3400,"","",320,262.3,630,"",620,"","","",634,112,86,540,"","","","","","","","","","",""
67,Bakoli -  Shallow Pz,CGWB,7,Delhi,82,NORTH WEST,SARASWATI VIHAR,SARASWATI VIHAR,Bakoli,-,-,-,-,-,-,28.81527778,77.15166667,25-05-2010 00:00,7.44,3120,"","",280,229.5,684,"",340,"","","",762,116,115,65,"","","","","","","","","","",""
68,Bakoli -  Shallow Pz,CGWB,7,Delhi,82,NORTH WEST,SARASWATI VIHAR,SARASWATI VIHAR,Bakoli,-,-,-,-,-,-,28.81527778,77.15166667,25-05-2011 00:00,"",1420,"","","","",299,"","","","","","","","","","","","","","","","","","","",""
69,Bakoli -  Shallow Pz,CGWB,7,Delhi,82,NORTH WEST,SARASWATI VIHAR,SARASWATI VIHAR,Bakoli,-,-,-,-,-,-,28.81527778,77.15166667,25-05-2012 00:00,8.67,4460,"",22.08,216.06,213.9,880.54,"",752,"","","",1172,158.37,186.16,884.1,"",0.427,"","","","","","","","",""
70,Bakoli -  Shallow Pz,CGWB,7,Delhi,82,NORTH WEST,SARASWATI VIHAR,SARASWATI VIHAR,Bakoli,-,-,-,-,-,-,28.81527778,77.15166667,25-05-2013 00:00,7.85,4085,"","",244,200,850,"",660,"","","",851,136,124,567,"","","","","","","","","","",""
71,Bakoli -  Shallow Pz,CGWB,7,Delhi,82,NORTH WEST,SARASWATI VIHAR,SARASWATI VIHAR,Bakoli,-,-,-,-,-,-,28.81527778,77.15166667,25-05-2014 00:00,8.1,3863,"",0,228,186.89,872,"",770,"","","",827,114,131,658,"","","","","","","","","","",""
72,Bakoli -  Shallow Pz,CGWB,7,Delhi,82,NORTH WEST,SARASWATI VIHAR,SARASWATI VIHAR,Bakoli,-,-,-,-,-,-,28.81527778,77.15166667,25-05-2015 00:00,8.13,3971,"",0,150.1,123.03,1134,"",617,"","","",1128,165,172,586,"",0.006,"","","","","","","","",""
73,Bakoli -  Shallow Pz,CGWB,7,Delhi,82,NORTH WEST,SARASWATI VIHAR,SARASWATI VIHAR,Bakoli,-,-,-,-,-,-,28.81527778,77.15166667,25-05-2016 00:00,8.1,4563,3057,"","","",1035.1,"",46.91,"","","",188.31,110.8,77.51,778.32,"","","","","","","","","","",""
74,Bakoli -  Shallow Pz,CGWB,7,Delhi,82,NORTH WEST,SARASWATI VIHAR,SARASWATI VIHAR,Bakoli,-,-,-,-,-,-,28.81527778,77.15166667,25-05-2017 00:00,7.72,4665,"",0,341,"",1031,"",830,"",22,"",1317,213,191,589,"","","","","","","","","","",""
75,Bakoli -  Shallow Pz,CGWB,7,Delhi,82,NORTH WEST,SARASWATI VIHAR,SARASWATI VIHAR,Bakoli,-,-,-,-,-,-,28.81527778,77.15166667,25-05-2018 00:00,8.13,4152,0,"",201,0,924,"",609,"",21,"",811,116,126,615,"",0,0,"","","","","","","",""
76,Balbir Nagar,CGWB,7,Delhi,83,SOUTH,HAUZ KHAS,HAUZ KHAS,Balbir Nagar,-,-,-,-,-,-,28.42000000,77.20777778,25-05-2009 00:00,7.8,417,"","",217,177.9,18,"",7.2,"","","",169,53,9,23,"","","","","","","","","","",""
77,Balbir Nagar,CGWB,7,Delhi,83,SOUTH,HAUZ KHAS,HAUZ KHAS,Balbir Nagar,-,-,-,-,-,-,28.42000000,77.20777778,25-05-2014 00:00,8.17,341,"",0,193,158.2,28,"",0,"","","",165,37,18,15,"","","","","","","","","","",""
78,Balbir Nagar,CGWB,7,Delhi,83,SOUTH,HAUZ KHAS,HAUZ KHAS,Balbir Nagar,-,-,-,-,-,-,28.42000000,77.20777778,25-05-2015 00:00,8.23,768.1,"",0,160.3,131.39,155,"",24,"","","",284,35,47,44,"",0.124,"","","","","","","","",""
79,Balbir Nagar,CGWB,7,Delhi,83,SOUTH,HAUZ KHAS,HAUZ KHAS,Balbir Nagar,-,-,-,-,-,-,28.42000000,77.20777778,25-05-2016 00:00,8.5,282,189,"","","",42.5,"",16.46,"","","",21.39,12.2,9.19,20.4,"","","","","","","","","","",""
80,Balbir Nagar,CGWB,7,Delhi,83,SOUTH,HAUZ KHAS,HAUZ KHAS,Balbir Nagar,-,-,-,-,-,-,28.42000000,77.20777778,25-05-2017 00:00,7.74,316,"",0,195,"",20,"",35,"",26,"",182,53,12,22,"","","","","","","","","","",""
81,Balbir Nagar,CGWB,7,Delhi,83,SOUTH,HAUZ KHAS,HAUZ KHAS,Balbir Nagar,-,-,-,-,-,-,28.42000000,77.20777778,25-05-2018 00:00,8.46,285,0,38,63,0,20,"","","",22,"",130,28,15,9,"",0,0,"","","","","","","",""
82,Balbir Nagar,CGWB,7,Delhi,83,SOUTH,HAUZ KHAS,HAUZ KHAS,Balbir Nagar,-,-,-,-,-,-,28.42000000,77.20777778,30-05-2021 08:00,8.01,1410,916.5,0,366,"",134.71,"",120,0.03,"","",220,32,34.048,202.4,"","","","","","","","","","",""
83,Balsawa Landfill,CGWB,7,Delhi,82,NORTH WEST,SARASWATI VIHAR,SARASWATI VIHAR,BALSAWA,-,-,-,-,-,-,28.73888889,77.15833333,25-05-2000 00:00,7.98,9590,"","",1227,1005.7,2216,"",1800,"","","",2522,351,396,1440,"","","","","","","","","","",""
84,Balsawa Landfill,CGWB,7,Delhi,82,NORTH WEST,SARASWATI VIHAR,SARASWATI VIHAR,BALSAWA,-,-,-,-,-,-,28.73888889,77.15833333,25-05-2003 00:00,7.68,7380,"","",184,150.8,202,"","","","","",1775,254,277,"","","","","","","","","","","",""
85,Balsawa Landfill,CGWB,7,Delhi,82,NORTH WEST,SARASWATI VIHAR,SARASWATI VIHAR,BALSAWA,-,-,-,-,-,-,28.73888889,77.15833333,25-05-2008 00:00,7.72,9220,"","",435,356.6,2161,"",1580,"","","",1783,349,221.8,1553,"","","","","","","","","","",""
86,Balsawa Landfill,CGWB,7,Delhi,82,NORTH WEST,SARASWATI VIHAR,SARASWATI VIHAR,BALSAWA,-,-,-,-,-,-,28.73888889,77.15833333,25-05-2009 00:00,7.4,7540,"","",242,198.4,1856,"",1180,"","","",1954,233,334,1000,"","","","","","","","","","",""
87,Balsawa Landfill,CGWB,7,Delhi,82,NORTH WEST,SARASWATI VIHAR,SARASWATI VIHAR,BALSAWA,-,-,-,-,-,-,28.73888889,77.15833333,25-05-2011 00:00,"",7990,"","","","",632,"","","","","","","","","","","","","","","","","","","",""
88,Balswa Lake,CGWB,7,Delhi,82,NORTH WEST,SARASWATI VIHAR,SARASWATI VIHAR,Balswa,-,-,-,-,-,-,28.73638889,77.16277778,25-05-2000 00:00,7.29,321,"","",116,95.1,30,"",26,"","","",134,24,18,16,"","","","","","","","","","",""
89,Balswa Lake,CGWB,7,Delhi,82,NORTH WEST,SARASWATI VIHAR,SARASWATI VIHAR,Balswa,-,-,-,-,-,-,28.73638889,77.16277778,25-05-2003 00:00,8.22,1940,"","",423,346.7,156,"",390,"","","",285,26,54,365,"","","","","","","","","","",""
90,Balswa Lake,CGWB,7,Delhi,82,NORTH WEST,SARASWATI VIHAR,SARASWATI VIHAR,Balswa,-,-,-,-,-,-,28.73638889,77.16277778,25-05-2008 00:00,7.84,4060,"","",169,138.5,1104,"",584,"","","",654,107,94.1,775,"","","","","","","","","","",""
91,Balswa Lake,CGWB,7,Delhi,82,NORTH WEST,SARASWATI VIHAR,SARASWATI VIHAR,Balswa,-,-,-,-,-,-,28.73638889,77.16277778,25-05-2009 00:00,7.97,2070,"","",508,416.4,221,"",340,"","","",428,80,55,295,"","","","","","","","","","",""
92,Balswa Lake,CGWB,7,Delhi,82,NORTH WEST,SARASWATI VIHAR,SARASWATI VIHAR,Balswa,-,-,-,-,-,-,28.73638889,77.16277778,25-05-2010 00:00,8.13,6580,"","",680,557.4,1889,"",48,"","","",1573,300,200,805,"","","","","","","","","","",""
93,Balswa Lake,CGWB,7,Delhi,82,NORTH WEST,SARASWATI VIHAR,SARASWATI VIHAR,Balswa,-,-,-,-,-,-,28.73638889,77.16277778,25-05-2012 00:00,8.15,6410,"",17.94,228.69,217.4,1738.47,"",890,"","","",1498,248.86,210,980,"",4.606,"","","","","","","","",""
94,Balswa Lake,CGWB,7,Delhi,82,NORTH WEST,SARASWATI VIHAR,SARASWATI VIHAR,Balswa,-,-,-,-,-,-,28.73638889,77.16277778,25-05-2013 00:00,7.54,5340,"","",256,209.8,1306,"",672,"","","",1091,164,165,760,"","","","","","","","","","",""
95,Balswa Lake,CGWB,7,Delhi,82,NORTH WEST,SARASWATI VIHAR,SARASWATI VIHAR,Balswa,-,-,-,-,-,-,28.73638889,77.16277778,25-05-2014 00:00,7.84,5944,"",0,242,198.36,1624,"",0,"","","",1256,206,180,554,"","","","","","","","","","",""
96,Balswa Lake,CGWB,7,Delhi,82,NORTH WEST,SARASWATI VIHAR,SARASWATI VIHAR,Balswa,-,-,-,-,-,-,28.73638889,77.16277778,25-05-2015 00:00,7.79,6686,"",0,177.6,145.57,1564,"",909,"","","",1395,203,213,897,"",0.617,"","","","","","","","",""
97,Balswa Lake,CGWB,7,Delhi,82,NORTH WEST,SARASWATI VIHAR,SARASWATI VIHAR,Balswa,-,-,-,-,-,-,28.73638889,77.16277778,25-05-2016 00:00,8,6746,4520,"","","",1644.88,"",735.58,"","","",216.2,144.3,71.9,580,"","","","","","","","","","",""
98,Balswa Lake,CGWB,7,Delhi,82,NORTH WEST,SARASWATI VIHAR,SARASWATI VIHAR,Balswa,-,-,-,-,-,-,28.73638889,77.16277778,25-05-2017 00:00,7.53,6385,"",0,390,"",1595,"",972,"",22,"",1281,240,165,1051,"","","","","","","","","","",""
99,Bankner Dw,CGWB,7,Delhi,82,NORTH WEST,SARASWATI VIHAR,SARASWATI VIHAR,Bankner-dw,-,-,-,-,-,-,28.85000000,77.07361111,25-05-2008 00:00,7.7,2830,"","",398,326.2,451,"",524,"","","",709,127,95.34,350,"","","","","","","","","","",""
100,Bankner Dw,CGWB,7,Delhi,82,NORTH WEST,SARASWATI VIHAR,SARASWATI VIHAR,Bankner-dw,-,-,-,-,-,-,28.85000000,77.07361111,25-05-2012 00:00,7.3,1820,"",48.3,318.48,341.6,157.83,"",292.5,"","","",369,37.17,66.29,280,"","","","","","","","","","",""
101,Bankner-Pz,CGWB,7,Delhi,82,NORTH WEST,SARASWATI VIHAR,SARASWATI VIHAR,Bankner-pz,-,-,-,-,-,-,28.85138889,77.07361111,25-05-2001 00:00,8.09,1940,"","",333,273,305,"",235,"","","",748,138,98,118,"","","","","","","","","","",""
102,Bankner-Pz,CGWB,7,Delhi,82,NORTH WEST,SARASWATI VIHAR,SARASWATI VIHAR,Bankner-pz,-,-,-,-,-,-,28.85138889,77.07361111,25-05-2002 00:00,9.1,3900,"",51,549,535,639,"",437,"","","",1000,240,97,430,"","","","","","","","","","",""
103,Bankner-Pz,CGWB,7,Delhi,82,NORTH WEST,SARASWATI VIHAR,SARASWATI VIHAR,Bankner-pz,-,-,-,-,-,-,28.85138889,77.07361111,25-05-2009 00:00,7.58,2820,"","",121,99.2,677,"",413,"","","",617,72,106,420,"","","","","","","","","","",""
104,Bankner-Pz,CGWB,7,Delhi,82,NORTH WEST,SARASWATI VIHAR,SARASWATI VIHAR,Bankner-pz,-,-,-,-,-,-,28.85138889,77.07361111,25-05-2011 00:00,"",1310,"","","","",493,"","","","","","","","","","","","","","","","","","","",""
105,Bankner-Pz,CGWB,7,Delhi,82,NORTH WEST,SARASWATI VIHAR,SARASWATI VIHAR,Bankner-pz,-,-,-,-,-,-,28.85138889,77.07361111,25-05-2012 00:00,7.3,1820,"",48.3,318.48,341.6,157.83,"",292.5,"","","",369,37.17,66.29,280,"",0.374,"","","","","","","","",""
106,Bankner-Pz,CGWB,7,Delhi,82,NORTH WEST,SARASWATI VIHAR,SARASWATI VIHAR,Bankner-pz,-,-,-,-,-,-,28.85138889,77.07361111,25-05-2013 00:00,8.33,1398,"",48,415,420.2,95,"",320,"","","",210,20,39,317,"","","","","","","","","","",""
107,Bankner-Pz,CGWB,7,Delhi,82,NORTH WEST,SARASWATI VIHAR,SARASWATI VIHAR,Bankner-pz,-,-,-,-,-,-,28.85138889,77.07361111,25-05-2014 00:00,8.6,1280,"",26,443,406.45,92,"",96,"","","",194,25,32,210,"","","","","","","","","","",""
108,Bankner-Pz,CGWB,7,Delhi,82,NORTH WEST,SARASWATI VIHAR,SARASWATI VIHAR,Bankner-pz,-,-,-,-,-,-,28.85138889,77.07361111,25-05-2015 00:00,8.34,1336,"","",295.7,242.38,161,"",213,"","","",320,23,63,178,"",0.02,"","","","","","","","",""
109,Bankner-Pz,CGWB,7,Delhi,82,NORTH WEST,SARASWATI VIHAR,SARASWATI VIHAR,Bankner-pz,-,-,-,-,-,-,28.85138889,77.07361111,25-05-2016 00:00,8.6,1352,906,"","","",99.26,"",167.85,"","","",27.73,3.85,23.88,253.5,"","","","","","","","","","",""
110,Baprola Dw,CGWB,7,Delhi,85,WEST,PATEL NAGAR,PATEL NAGAR,BAPROLA,-,-,-,-,-,-,28.65000000,77.01666667,25-05-2008 00:00,7.8,1863,"","",356,291.8,386,"",136,"","","",451,84,58.7,245,"","","","","","","","","","",""
111,Baprola Dw,CGWB,7,Delhi,85,WEST,PATEL NAGAR,PATEL NAGAR,BAPROLA,-,-,-,-,-,-,28.65000000,77.01666667,25-05-2009 00:00,7.35,2910,"","",514,421.3,559,"",276,"","","",708,101,111,375,"","","","","","","","","","",""
112,Baprola Dw,CGWB,7,Delhi,85,WEST,PATEL NAGAR,PATEL NAGAR,BAPROLA,-,-,-,-,-,-,28.65000000,77.01666667,25-05-2011 00:00,7.95,6450,"","",497,407.4,1615,"",835,"","","",853,75,162,1318,"","","","","","","","","","",""
113,Baprola Dw,CGWB,7,Delhi,85,WEST,PATEL NAGAR,PATEL NAGAR,BAPROLA,-,-,-,-,-,-,28.65000000,77.01666667,25-05-2012 00:00,9.06,4736,"",52.44,251.14,293.3,1026.38,"",537,"","","",1229,74.34,250.16,704,"",3.003,"","","","","","","","",""
114,Baprola Dw,CGWB,7,Delhi,85,WEST,PATEL NAGAR,PATEL NAGAR,BAPROLA,-,-,-,-,-,-,28.65000000,77.01666667,25-05-2013 00:00,7.74,5086,"","",572,468.9,1160,"",368,"","","",1148,100,218,610,"","","","","","","","","","",""
115,Baprola Dw,CGWB,7,Delhi,85,WEST,PATEL NAGAR,PATEL NAGAR,BAPROLA,-,-,-,-,-,-,28.65000000,77.01666667,25-05-2014 00:00,8.45,5540,"",36,326,327.21,646,"",1745,"","","",752,41,158,1074,"","","","","","","","","","",""
116,Baprola Dw,CGWB,7,Delhi,85,WEST,PATEL NAGAR,PATEL NAGAR,BAPROLA,-,-,-,-,-,-,28.65000000,77.01666667,25-05-2015 00:00,8.18,4331,"",0,693.3,568.28,755,"",476,"","","",1554,56,339,302,"",0.002,"","","","","","","","",""
117,Baprola Dw,CGWB,7,Delhi,85,WEST,PATEL NAGAR,PATEL NAGAR,BAPROLA,-,-,-,-,-,-,28.65000000,77.01666667,25-05-2016 00:00,8.1,335.3,225,"","","",28.36,"",46.91,"","","",32.51,25.46,7.05,7.9,"","","","","","","","","","",""
118,Baprola Dw,CGWB,7,Delhi,85,WEST,PATEL NAGAR,PATEL NAGAR,BAPROLA,-,-,-,-,-,-,28.65000000,77.01666667,25-05-2017 00:00,7.81,4750,"",0,659,"",990,"",416,"",23,"",849,93,150,725,"","","","","","","","","","",""
119,Baprola Dw,CGWB,7,Delhi,85,WEST,PATEL NAGAR,PATEL NAGAR,BAPROLA,-,-,-,-,-,-,28.65000000,77.01666667,30-05-2019 08:00,8.24,230,"",0,85,"",28,"","","",23,"",130,16,25,5.7,"","","","","","","","","","",""
120,Baprola Dw,CGWB,7,Delhi,85,WEST,PATEL NAGAR,PATEL NAGAR,BAPROLA,-,-,-,-,-,-,28.65000000,77.01666667,30-05-2020 08:00,8.24,230,"","",85,"",28,"","","",23,"","",16,25,5.7,"","","","","","","","","","",""
121,Barwala Dw,CGWB,7,Delhi,82,NORTH WEST,SARASWATI VIHAR,SARASWATI VIHAR,BARWALA,-,-,-,-,-,-,28.75833333,77.06277778,25-05-2008 00:00,7.77,3860,"","",465,381.2,742,"",544,"","","",832,79,154.36,560,"","","","","","","","","","",""
122,Barwala Dw,CGWB,7,Delhi,82,NORTH WEST,SARASWATI VIHAR,SARASWATI VIHAR,BARWALA,-,-,-,-,-,-,28.75833333,77.06277778,25-05-2017 00:00,7.2,7345,"",0,195,"",1262,"",722,"",22,"",3183,769,306,421,"","","","","","","","","","",""
123,Barwala Dw,CGWB,7,Delhi,82,NORTH WEST,SARASWATI VIHAR,SARASWATI VIHAR,BARWALA,-,-,-,-,-,-,28.75833333,77.06277778,25-05-2018 00:00,7.64,7125,0,"",113,0,2279,"",208,"",19,"",3145,681,350,275,"",0,0,"","","","","","","",""
124,Barwala Pz,CGWB,7,Delhi,82,NORTH WEST,SARASWATI VIHAR,SARASWATI VIHAR,BARWALA,-,-,-,-,-,-,28.75833333,77.06250000,25-05-2001 00:00,8,2070,"","",301,246.7,427,"",190,"","","",475,85,64,270,"","","","","","","","","","",""
125,Barwala Pz,CGWB,7,Delhi,82,NORTH WEST,SARASWATI VIHAR,SARASWATI VIHAR,BARWALA,-,-,-,-,-,-,28.75833333,77.06250000,25-05-2002 00:00,8.36,1320,"",9,195,174.8,234,"",115,"","","",390,48,65,108,"","","","","","","","","","",""
126,Barwala Pz,CGWB,7,Delhi,82,NORTH WEST,SARASWATI VIHAR,SARASWATI VIHAR,BARWALA,-,-,-,-,-,-,28.75833333,77.06250000,25-05-2003 00:00,8.1,8720,"","",259,212.3,2122,"",1680,"","","",1619,222,258,1575,"","","","","","","","","","",""
127,Barwala Pz,CGWB,7,Delhi,82,NORTH WEST,SARASWATI VIHAR,SARASWATI VIHAR,BARWALA,-,-,-,-,-,-,28.75833333,77.06250000,25-05-2009 00:00,7.5,1890,"","",550,450.8,228,"",218,"","","",454,38,87,259,"","","","","","","","","","",""
128,Barwala Pz,CGWB,7,Delhi,82,NORTH WEST,SARASWATI VIHAR,SARASWATI VIHAR,BARWALA,-,-,-,-,-,-,28.75833333,77.06250000,25-05-2010 00:00,8.13,3600,"","",120,98.4,1108,"",150,"","","",1800,435,173,34,"","","","","","","","","","",""
129,Barwala Pz,CGWB,7,Delhi,82,NORTH WEST,SARASWATI VIHAR,SARASWATI VIHAR,BARWALA,-,-,-,-,-,-,28.75833333,77.06250000,25-05-2011 00:00,"",791,"","","","",21,"","","","","","","","","","","","","","","","","","","",""
130,Barwala Pz,CGWB,7,Delhi,82,NORTH WEST,SARASWATI VIHAR,SARASWATI VIHAR,BARWALA,-,-,-,-,-,-,28.75833333,77.06250000,25-05-2012 00:00,7.69,7008,"",27.6,70.15,103.5,2037.98,"",908,"","","",3419,782.19,350.99,973.4,"",0.429,"","","","","","","","",""
131,Barwala Pz,CGWB,7,Delhi,82,NORTH WEST,SARASWATI VIHAR,SARASWATI VIHAR,BARWALA,-,-,-,-,-,-,28.75833333,77.06250000,25-05-2013 00:00,7.54,6954,"","",110,90.2,2042,"",630,"","","",2932,745,260,330,"","","","","","","","","","",""
132,Barwala Pz,CGWB,7,Delhi,82,NORTH WEST,SARASWATI VIHAR,SARASWATI VIHAR,BARWALA,-,-,-,-,-,-,28.75833333,77.06250000,25-05-2014 00:00,7.68,6041,"",0,121,99.18,2014,"",48,"","","",2736,638,278,115,"","","","","","","","","","",""
133,Barwala Pz,CGWB,7,Delhi,82,NORTH WEST,SARASWATI VIHAR,SARASWATI VIHAR,BARWALA,-,-,-,-,-,-,28.75833333,77.06250000,25-05-2015 00:00,7.55,7208,"",0,73.44,60.2,2056,"",713,"","","",2536,368,387,623,"",0.145,"","","","","","","","",""
134,Barwala Pz,CGWB,7,Delhi,82,NORTH WEST,SARASWATI VIHAR,SARASWATI VIHAR,BARWALA,-,-,-,-,-,-,28.75833333,77.06250000,25-05-2016 00:00,7.5,7400,4958,"","","",2070.28,"",627.39,"","","",636.98,556,80.98,402,"","","","","","","","","","",""
135,Barwala Pz,CGWB,7,Delhi,82,NORTH WEST,SARASWATI VIHAR,SARASWATI VIHAR,BARWALA,-,-,-,-,-,-,28.75833333,77.06250000,30-05-2019 08:00,7.3,8300,"",0,207,"",2410,"","","",21,"",3143,838,304,508,"","","","","","","","","","",""
136,Barwala Pz,CGWB,7,Delhi,82,NORTH WEST,SARASWATI VIHAR,SARASWATI VIHAR,BARWALA,-,-,-,-,-,-,28.75833333,77.06250000,30-05-2020 08:00,7.3,8300,"","",207,"",2410,"","","",21,"","",838,304,508,"","","","","","","","","","",""
137,Basant Gaon,CGWB,7,Delhi,84,SOUTH WEST,NAJAFGARH,NAJAFGARH,BASANT GAON,-,-,-,-,-,-,28.57500000,77.13750000,25-05-2000 00:00,7.42,1156,"","",500,409.8,102,"",68,"","","",391,147,5.89,120,"","","","","","","","","","",""
138,Basant Gaon,CGWB,7,Delhi,84,SOUTH WEST,NAJAFGARH,NAJAFGARH,BASANT GAON,-,-,-,-,-,-,28.57500000,77.13750000,25-05-2002 00:00,8.1,1360,"","",403,330.3,149,"",87,"","","",310,76,29,168,"","","","","","","","","","",""
139,Batla House Pz,CGWB,7,Delhi,83,SOUTH,HAUZ KHAS,HAUZ KHAS,Batla House,-,-,-,-,-,-,28.56916667,77.29222222,25-05-2008 00:00,7.15,1322,"","",455,373,158,"",80,"","","",286,70,27.07,191,"","","","","","","","","","",""
140,Batla House Pz,CGWB,7,Delhi,83,SOUTH,HAUZ KHAS,HAUZ KHAS,Batla House,-,-,-,-,-,-,28.56916667,77.29222222,25-05-2010 00:00,7.52,878,"","",230,188.5,144,"",50,"","","",275,59,31,85,"","","","","","","","","","",""
141,Batla House Pz,CGWB,7,Delhi,83,SOUTH,HAUZ KHAS,HAUZ KHAS,Batla House,-,-,-,-,-,-,28.56916667,77.29222222,25-05-2011 00:00,"",889,"","","","",163,"","","","","","","","","","","","","","","","","","","",""
142,Bawana Dw New,CGWB,7,Delhi,82,NORTH WEST,SARASWATI VIHAR,SARASWATI VIHAR,Bawana (m),-,-,-,-,-,-,28.78888889,77.02916667,25-05-2001 00:00,7.94,2300,"","",377,309,374,"",350,"","","",444,117,37,346,"","","","","","","","","","",""
143,Bawana Dw New,CGWB,7,Delhi,82,NORTH WEST,SARASWATI VIHAR,SARASWATI VIHAR,Bawana (m),-,-,-,-,-,-,28.78888889,77.02916667,25-05-2003 00:00,7.45,2680,"","",362,296.7,556,"",400,"","","",742,136,98,365,"","","","","","","","","","",""
144,Bawana Dw New,CGWB,7,Delhi,82,NORTH WEST,SARASWATI VIHAR,SARASWATI VIHAR,Bawana (m),-,-,-,-,-,-,28.78888889,77.02916667,25-05-2005 00:00,8.18,2880,"","",291,238.5,631,"",380,"","","",725,112,108.33,390,"","","","","","","","","","",""
145,Bawana Dw New,CGWB,7,Delhi,82,NORTH WEST,SARASWATI VIHAR,SARASWATI VIHAR,Bawana (m),-,-,-,-,-,-,28.78888889,77.02916667,25-05-2008 00:00,7.72,2340,"","",387,317.2,451,"",266,"","","",674,107,98.96,284,"","","","","","","","","","",""
146,Bawana Dw New,CGWB,7,Delhi,82,NORTH WEST,SARASWATI VIHAR,SARASWATI VIHAR,Bawana (m),-,-,-,-,-,-,28.78888889,77.02916667,25-05-2009 00:00,7.6,3690,"","",362,296.7,791,"",480,"","","",992,167,140,450,"","","","","","","","","","",""
147,Bawana Dw New,CGWB,7,Delhi,82,NORTH WEST,SARASWATI VIHAR,SARASWATI VIHAR,Bawana (m),-,-,-,-,-,-,28.78888889,77.02916667,25-05-2010 00:00,8.21,3310,"","",340,278.7,822,"",218,"","","",950,150,140,370,"","","","","","","","","","",""
148,Bawana Dw New,CGWB,7,Delhi,82,NORTH WEST,SARASWATI VIHAR,SARASWATI VIHAR,Bawana (m),-,-,-,-,-,-,28.78888889,77.02916667,25-05-2011 00:00,"",2980,"","","","",716,"","","","","","","","","","","","","","","","","","","",""
149,Bawana Dw New,CGWB,7,Delhi,82,NORTH WEST,SARASWATI VIHAR,SARASWATI VIHAR,Bawana (m),-,-,-,-,-,-,28.78888889,77.02916667,25-05-2012 00:00,7.46,3485,"",20.7,210.45,207,747.63,"",455,"","","",1415,147.06,251.13,840.7,"",0.153,"","","","","","","","",""
150,Bawana Dw New,CGWB,7,Delhi,82,NORTH WEST,SARASWATI VIHAR,SARASWATI VIHAR,Bawana (m),-,-,-,-,-,-,28.78888889,77.02916667,25-05-2013 00:00,7.78,4050,"","",195,159.8,810,"",545,"","","",931,156,131,520,"","","","","","","","","","",""
151,Bawana Dw New,CGWB,7,Delhi,82,NORTH WEST,SARASWATI VIHAR,SARASWATI VIHAR,Bawana (m),-,-,-,-,-,-,28.78888889,77.02916667,25-05-2014 00:00,8.15,888,"",0,228,186.89,156,"",38,"","","",255,59,26,96,"","","","","","","","","","",""
152,Bawana Dw New,CGWB,7,Delhi,82,NORTH WEST,SARASWATI VIHAR,SARASWATI VIHAR,Bawana (m),-,-,-,-,-,-,28.78888889,77.02916667,25-05-2015 00:00,8.1,1677,"",0,184,150.82,318,"",231,"","","",426,58,68,170,"",0.011,"","","","","","","","",""
153,Bawana Dw New,CGWB,7,Delhi,82,NORTH WEST,SARASWATI VIHAR,SARASWATI VIHAR,Bawana (m),-,-,-,-,-,-,28.78888889,77.02916667,25-05-2016 00:00,8.1,2010,1347,"","","",425.4,"",245.19,"","","",62.98,62.62,0.36,175.2,"","","","","","","","","","",""
154,BBMB Narela Pz,CGWB,7,Delhi,82,NORTH WEST,SARASWATI VIHAR,SARASWATI VIHAR,Narela,-,-,-,-,-,-,28.85777778,77.11833333,25-05-2003 00:00,7.75,2000,"","",301,246.7,351,"",220,"","","",888,139,131,96,"","","","","","","","","","",""
155,BBMB Narela Pz,CGWB,7,Delhi,82,NORTH WEST,SARASWATI VIHAR,SARASWATI VIHAR,Narela,-,-,-,-,-,-,28.85777778,77.11833333,25-05-2008 00:00,8.2,1240,"","",230,188.5,182,"",228,"","","",60,14,6.1,290,"","","","","","","","","","",""
156,BBMB Narela Pz,CGWB,7,Delhi,82,NORTH WEST,SARASWATI VIHAR,SARASWATI VIHAR,Narela,-,-,-,-,-,-,28.85777778,77.11833333,25-05-2009 00:00,7.75,1340,"","",314,257.4,164,"",160,"","","",491,65,80,88,"","","","","","","","","","",""
157,BBMB Narela Pz,CGWB,7,Delhi,82,NORTH WEST,SARASWATI VIHAR,SARASWATI VIHAR,Narela,-,-,-,-,-,-,28.85777778,77.11833333,25-05-2010 00:00,9.27,961,"",29,400,376.2,71,"",15,"","","",143,22,22,160,"","","","","","","","","","",""
158,BBMB Narela Pz,CGWB,7,Delhi,82,NORTH WEST,SARASWATI VIHAR,SARASWATI VIHAR,Narela,-,-,-,-,-,-,28.85777778,77.11833333,25-05-2011 00:00,"",1280,"","","","",188,"","","","","","","","","","","","","","","","","","","",""
159,BBMB Narela Pz,CGWB,7,Delhi,82,NORTH WEST,SARASWATI VIHAR,SARASWATI VIHAR,Narela,-,-,-,-,-,-,28.85777778,77.11833333,25-05-2012 00:00,8.4,1652,"","",208.69,171.1,253.82,"",284.5,"","","",671,71.91,117.81,140,"",2.84,"","","","","","","","",""
160,BBMB Narela Pz,CGWB,7,Delhi,82,NORTH WEST,SARASWATI VIHAR,SARASWATI VIHAR,Narela,-,-,-,-,-,-,28.85777778,77.11833333,25-05-2013 00:00,8.37,807,"",48,207,249.7,61,"",90,"","","",140,28,17,138,"","","","","","","","","","",""
161,BBMB Narela Pz,CGWB,7,Delhi,82,NORTH WEST,SARASWATI VIHAR,SARASWATI VIHAR,Narela,-,-,-,-,-,-,28.85777778,77.11833333,25-05-2014 00:00,8.28,1495,"",0,336,275.41,167,"",225,"","","",296,20,60,224,"","","","","","","","","","",""
162,BBMB Narela Pz,CGWB,7,Delhi,82,NORTH WEST,SARASWATI VIHAR,SARASWATI VIHAR,Narela,-,-,-,-,-,-,28.85777778,77.11833333,25-05-2015 00:00,8.34,1986,"",5.54,281.7,240.13,273,"",416,"","","",470,42,88,266,"",0.012,"","","","","","","","",""
163,BBMB Narela Pz,CGWB,7,Delhi,82,NORTH WEST,SARASWATI VIHAR,SARASWATI VIHAR,Narela,-,-,-,-,-,-,28.85777778,77.11833333,25-05-2016 00:00,8.3,1692,1134,"","","",283.6,"",280.16,"","","",78.02,37.36,40.66,55.7,"","","","","","","","","","",""
164,BBMB Narela Pz,CGWB,7,Delhi,82,NORTH WEST,SARASWATI VIHAR,SARASWATI VIHAR,Narela,-,-,-,-,-,-,28.85777778,77.11833333,25-05-2017 00:00,7.9,1925,"",0,341,"",281,"",262,"",22,"",620,120,78,174,"","","","","","","","","","",""
165,BBMB Narela Pz,CGWB,7,Delhi,82,NORTH WEST,SARASWATI VIHAR,SARASWATI VIHAR,Narela,-,-,-,-,-,-,28.85777778,77.11833333,25-05-2018 00:00,8.5,3340,0,0,139,0,716,"",380,"",21,"",1439,180,241,105,"",0,0,"","","","","","","",""
166,Bhatti-Dw,CGWB,7,Delhi,83,SOUTH,HAUZ KHAS,HAUZ KHAS,BHATTI VIL,-,-,-,-,-,-,28.44166667,77.20000000,25-05-2008 00:00,8,765,"","",356,291.8,53,"",14,"","","",327,99,19,32,"","","","","","","","","","",""
167,Bhatti-Dw,CGWB,7,Delhi,83,SOUTH,HAUZ KHAS,HAUZ KHAS,BHATTI VIL,-,-,-,-,-,-,28.44166667,77.20000000,25-05-2017 00:00,7.83,910,"",0,451,"",66,"",50,"",30,"",384,101,32,67,"","","","","","","","","","",""
168,Bhatti-Pz,CGWB,7,Delhi,83,SOUTH,HAUZ KHAS,HAUZ KHAS,BHATTI,-,-,-,-,-,-,28.42777778,77.20833333,25-05-2002 00:00,8.5,790,"",6,232,200.2,85,"",33,"","","",180,20,31,97,"","","","","","","","","","",""
169,Bhatti-Pz,CGWB,7,Delhi,83,SOUTH,HAUZ KHAS,HAUZ KHAS,BHATTI,-,-,-,-,-,-,28.42777778,77.20833333,25-05-2006 00:00,7.68,805,"","",472,386.9,43,"","","","","",331,92,24.67,54,"","","","","","","","","","",""
170,Bhatti-Pz,CGWB,7,Delhi,83,SOUTH,HAUZ KHAS,HAUZ KHAS,BHATTI,-,-,-,-,-,-,28.42777778,77.20833333,25-05-2007 00:00,7.76,2440,"","",323,264.8,478,"",252,"","","",427,73,59.53,390,"","","","","","","","","","",""
171,Bhatti-Pz,CGWB,7,Delhi,83,SOUTH,HAUZ KHAS,HAUZ KHAS,BHATTI,-,-,-,-,-,-,28.42777778,77.20833333,25-05-2009 00:00,7.45,739,"","",338,277.1,60,"",13,"","","",238,57,23,68,"","","","","","","","","","",""
172,Bhatti-Pz,CGWB,7,Delhi,83,SOUTH,HAUZ KHAS,HAUZ KHAS,BHATTI,-,-,-,-,-,-,28.42777778,77.20833333,25-05-2010 00:00,7.2,389,"","",190,155.7,21,"","","","","",153,42,11.72,24,"","","","","","","","","","",""
173,Bhatti-Pz,CGWB,7,Delhi,83,SOUTH,HAUZ KHAS,HAUZ KHAS,BHATTI,-,-,-,-,-,-,28.42777778,77.20833333,25-05-2012 00:00,9.03,705,"",38.64,106.6,151.8,56.12,"",39,"","","",150,36.36,14.35,35,"",0.23,"","","","","","","","",""
174,Bhatti-Pz,CGWB,7,Delhi,83,SOUTH,HAUZ KHAS,HAUZ KHAS,BHATTI,-,-,-,-,-,-,28.42777778,77.20833333,25-05-2013 00:00,7.34,638,"","",225,184.4,58,"",84,"","","",298,32,53,22,"","","","","","","","","","",""
175,Bhatti-Pz,CGWB,7,Delhi,83,SOUTH,HAUZ KHAS,HAUZ KHAS,BHATTI,-,-,-,-,-,-,28.42777778,77.20833333,25-05-2014 00:00,8.3,610,"","",254,208.2,70,"",72,"","","",237,82,7.88,73,"","","","","","","","","","",""
176,Bhatti-Pz,CGWB,7,Delhi,83,SOUTH,HAUZ KHAS,HAUZ KHAS,BHATTI,-,-,-,-,-,-,28.42777778,77.20833333,25-05-2016 00:00,8.4,378.9,254,"","","",28.4,"",8.2,"","","",23.53,12,11.53,26.4,"","","","","","","","","","",""
177,Bhatti-Pz,CGWB,7,Delhi,83,SOUTH,HAUZ KHAS,HAUZ KHAS,BHATTI,-,-,-,-,-,-,28.42777778,77.20833333,25-05-2018 00:00,8.25,638,0,0,377,0,69,"",0,"",17,"",200,32,29,92,"",0,0,"","","","","","","",""
178,Bijwasin,CGWB,7,Delhi,84,SOUTH WEST,NAJAFGARH,NAJAFGARH,BIJWASIN,-,-,-,-,-,-,28.53333333,77.05833333,25-05-2005 00:00,8.14,1230,"","",304,249.2,178,"",120,"","","",243,43,33,178,"","","","","","","","","","",""
179,Birla mandir,CGWB,7,Delhi,79,NEW DELHI,CHANAKYAPURI,CHANAKYAPURI,BIRLA MANDIR,-,-,-,-,-,-,28.63194444,77.19861111,25-05-2000 00:00,7.36,820,"","",330,270.5,72,"",43,"","","",317,115,7.3,52,"","","","","","","","","","",""
180,Birla mandir,CGWB,7,Delhi,79,NEW DELHI,CHANAKYAPURI,CHANAKYAPURI,BIRLA MANDIR,-,-,-,-,-,-,28.63194444,77.19861111,25-05-2001 00:00,8.04,631,"","",176,144.3,57,"",90,"","","",243,65,20,40,"","","","","","","","","","",""
181,Birla mandir,CGWB,7,Delhi,79,NEW DELHI,CHANAKYAPURI,CHANAKYAPURI,BIRLA MANDIR,-,-,-,-,-,-,28.63194444,77.19861111,25-05-2008 00:00,7.7,803,"","","","","","","","","","",297,"",72.21,"","","","","","","","","","","",""
182,Birla mandir,CGWB,7,Delhi,79,NEW DELHI,CHANAKYAPURI,CHANAKYAPURI,BIRLA MANDIR,-,-,-,-,-,-,28.63194444,77.19861111,25-05-2012 00:00,8.7,1345,"",20.7,150.12,157.6,233.52,"",222,"","","",598,103.42,81.45,185.55,"",0.495,"","","","","","","","",""
183,Birla mandir,CGWB,7,Delhi,79,NEW DELHI,CHANAKYAPURI,CHANAKYAPURI,BIRLA MANDIR,-,-,-,-,-,-,28.63194444,77.19861111,25-05-2013 00:00,7.8,1283,"","",220,180.3,223,"",118,"","","",410,52,68,125,"","","","","","","","","","",""
184,Birla mandir,CGWB,7,Delhi,79,NEW DELHI,CHANAKYAPURI,CHANAKYAPURI,BIRLA MANDIR,-,-,-,-,-,-,28.63194444,77.19861111,25-05-2014 00:00,8.21,766,"",0,242,198.36,82,"",75,"","","",250,69,19,70,"","","","","","","","","","",""
185,Birla mandir,CGWB,7,Delhi,79,NEW DELHI,CHANAKYAPURI,CHANAKYAPURI,BIRLA MANDIR,-,-,-,-,-,-,28.63194444,77.19861111,25-05-2015 00:00,8.21,1050,"",0,125.6,102.95,160,"",138,"","","",295,51,40,100,"",0.197,"","","","","","","","",""
186,Birla mandir,CGWB,7,Delhi,79,NEW DELHI,CHANAKYAPURI,CHANAKYAPURI,BIRLA MANDIR,-,-,-,-,-,-,28.63194444,77.19861111,25-05-2016 00:00,8.3,7512,5033,"","","",127.62,"",61.71,"","","",45.77,25.83,19.94,61.2,"","","","","","","","","","",""
187,Birla mandir,CGWB,7,Delhi,79,NEW DELHI,CHANAKYAPURI,CHANAKYAPURI,BIRLA MANDIR,-,-,-,-,-,-,28.63194444,77.19861111,25-05-2017 00:00,7.66,751,"",0,232,"",84,"",85,"",18,"",275,74,22,59,"","","","","","","","","","",""
188,Birla mandir,CGWB,7,Delhi,79,NEW DELHI,CHANAKYAPURI,CHANAKYAPURI,BIRLA MANDIR,-,-,-,-,-,-,28.63194444,77.19861111,25-05-2018 00:00,8.32,667,0,25,113,0,83,"",106,"",23,"",210,56,17,74,"",0,0,"","","","","","","",""
189,Burarai-Pz,CGWB,7,Delhi,82,NORTH WEST,NARELA,NARELA,Burarai-pz,-,-,-,-,-,-,28.76000000,77.20750000,25-05-2000 00:00,7.15,3280,"","",519,425.4,519,"",390,"","","",773,218,55,425,"","","","","","","","","","",""
190,Burarai-Pz,CGWB,7,Delhi,82,NORTH WEST,NARELA,NARELA,Burarai-pz,-,-,-,-,-,-,28.76000000,77.20750000,25-05-2003 00:00,7.1,840,"","",246,201.6,91,"",130,"","","",280,69,26,86,"","","","","","","","","","",""
191,Burarai-Pz,CGWB,7,Delhi,82,NORTH WEST,NARELA,NARELA,Burarai-pz,-,-,-,-,-,-,28.76000000,77.20750000,25-05-2006 00:00,7.3,3400,"","",505,413.9,737,"",235,"","","",878,204,89.72,390,"","","","","","","","","","",""
192,Burarai-Pz,CGWB,7,Delhi,82,NORTH WEST,NARELA,NARELA,Burarai-pz,-,-,-,-,-,-,28.76000000,77.20750000,25-05-2009 00:00,7.46,2540,"","",356,291.8,392,"",360,"","","",723,180,67,280,"","","","","","","","","","",""
193,Burarai-Pz,CGWB,7,Delhi,82,NORTH WEST,NARELA,NARELA,Burarai-pz,-,-,-,-,-,-,28.76000000,77.20750000,25-05-2010 00:00,8.31,1040,"","",260,213.1,199,"",85,"","","",343,95,25.77,108,"","","","","","","","","","",""
194,Burarai-Pz,CGWB,7,Delhi,82,NORTH WEST,NARELA,NARELA,Burarai-pz,-,-,-,-,-,-,28.76000000,77.20750000,25-05-2011 00:00,"",1210,"","","","",250,"","","","","","","","","","","","","","","","","","","",""
195,Burarai-Pz,CGWB,7,Delhi,82,NORTH WEST,NARELA,NARELA,Burarai-pz,-,-,-,-,-,-,28.76000000,77.20750000,25-05-2012 00:00,8.55,1870,"",42.78,51.91,113.9,323.05,"",203,"","","",526,118.96,54.78,150,"",1.058,"","","","","","","","",""
196,Burarai-Pz,CGWB,7,Delhi,82,NORTH WEST,NARELA,NARELA,Burarai-pz,-,-,-,-,-,-,28.76000000,77.20750000,25-05-2013 00:00,6.96,1757,"","",366,300,345,"",144,"","","",566,62,100,157,"","","","","","","","","","",""
197,Burarai-Pz,CGWB,7,Delhi,82,NORTH WEST,NARELA,NARELA,Burarai-pz,-,-,-,-,-,-,28.76000000,77.20750000,25-05-2014 00:00,8.29,559,"",0,181,148.36,56,"",96,"","","",247,62,22,31,"","","","","","","","","","",""
198,Burarai-Pz,CGWB,7,Delhi,82,NORTH WEST,NARELA,NARELA,Burarai-pz,-,-,-,-,-,-,28.76000000,77.20750000,25-05-2015 00:00,8.04,529.4,"",0,40.07,32.84,85,"",85,"","","",202,22,35,32,"",0.006,"","","","","","","","",""
199,Burarai-Pz,CGWB,7,Delhi,82,NORTH WEST,NARELA,NARELA,Burarai-pz,-,-,-,-,-,-,28.76000000,77.20750000,25-05-2016 00:00,8.3,1020,683,"","","",212.7,"",60.49,"","","",71.98,49.24,22.74,79.5,"","","","","","","","","","",""
200,Burarai-Pz,CGWB,7,Delhi,82,NORTH WEST,NARELA,NARELA,Burarai-pz,-,-,-,-,-,-,28.76000000,77.20750000,25-05-2017 00:00,7.6,1781,"",0,317,"",203,"",200,"",15,"",505,145,34,155,"","","","","","","","","","",""
201,Burari Auger Pz,CGWB,7,Delhi,82,NORTH WEST,NARELA,NARELA,Burari Auger,-,-,-,-,-,-,28.76888889,77.20750000,25-05-2005 00:00,7.5,1990,"","",278,227.9,456,"",125,"","","",445,116,37.83,255,"","","","","","","","","","",""
202,Burari Auger Pz,CGWB,7,Delhi,82,NORTH WEST,NARELA,NARELA,Burari Auger,-,-,-,-,-,-,28.76888889,77.20750000,25-05-2011 00:00,"",583,"","","","",35,"","","","","","","","","","","","","","","","","","","",""
203,Burari Auger Pz,CGWB,7,Delhi,82,NORTH WEST,NARELA,NARELA,Burari Auger,-,-,-,-,-,-,28.76888889,77.20750000,25-05-2012 00:00,8.13,600,"",23.46,95.4,117.3,26.95,"",54.9,"","","",230,45.09,28.12,47.97,"",1.094,"","","","","","","","",""
204,Burari Auger Pz,CGWB,7,Delhi,82,NORTH WEST,NARELA,NARELA,Burari Auger,-,-,-,-,-,-,28.76888889,77.20750000,25-05-2013 00:00,8.5,334,"",25,76,104,13,"",72,"","","",168,21,28,12,"","","","","","","","","","",""
205,Burari Auger Pz,CGWB,7,Delhi,82,NORTH WEST,NARELA,NARELA,Burari Auger,-,-,-,-,-,-,28.76888889,77.20750000,25-05-2014 00:00,8.17,508,"",0,205,168.03,56,"",36,"","","",206,58,15,35,"","","","","","","","","","",""
206,Burari Auger Pz,CGWB,7,Delhi,82,NORTH WEST,NARELA,NARELA,Burari Auger,-,-,-,-,-,-,28.76888889,77.20750000,25-05-2015 00:00,7.77,748.3,"",0,180.3,147.79,53,"",102,"","","",262,46,35,43,"",0.006,"","","","","","","","",""
207,Burari Auger Pz,CGWB,7,Delhi,82,NORTH WEST,NARELA,NARELA,Burari Auger,-,-,-,-,-,-,28.76888889,77.20750000,25-05-2016 00:00,8.6,365,245,"","","",42.54,"",48.97,"","","",27.36,12.88,14.48,21.6,"","","","","","","","","","",""
208,"Burari - Dw, Old",CGWB,7,Delhi,82,NORTH WEST,NARELA,NARELA,Burari-dw,-,-,-,-,-,-,28.75555556,77.20000000,25-05-2006 00:00,7.45,1760,"","",606,496.7,215,"",140,"","","",480,98,57,210,"","","","","","","","","","",""
209,"Burari - Dw, Old",CGWB,7,Delhi,82,NORTH WEST,NARELA,NARELA,Burari-dw,-,-,-,-,-,-,28.75555556,77.20000000,25-05-2018 00:00,7.87,1547,0,"",151,0,334,"",197,"",25,"",420,96,44,177,"",0,0,"","","","","","","",""
210,Cbd Shahdara Pz,CGWB,7,Delhi,78,EAST,GANDHI NAGAR,GANDHI NAGAR,CBD SHAHDARA,-,-,-,-,-,-,28.66111111,77.30305556,25-05-2007 00:00,8.02,910,"","",156,127.9,151,"",112,"","","",235,35,36,95,"","","","","","","","","","",""
211,Cbd Shahdara Pz,CGWB,7,Delhi,78,EAST,GANDHI NAGAR,GANDHI NAGAR,CBD SHAHDARA,-,-,-,-,-,-,28.66111111,77.30305556,25-05-2012 00:00,8.41,5084,"",37.26,196.42,223.1,1234.97,"",569,"","","",1191,176.14,180,741,"",0.395,"","","","","","","","",""
212,Cbd Shahdara Pz,CGWB,7,Delhi,78,EAST,GANDHI NAGAR,GANDHI NAGAR,CBD SHAHDARA,-,-,-,-,-,-,28.66111111,77.30305556,25-05-2013 00:00,7.18,2910,"","",205,168,729,"",312,"","","",763,100,125,345,"","","","","","","","","","",""
213,Cbd Shahdara Pz,CGWB,7,Delhi,78,EAST,GANDHI NAGAR,GANDHI NAGAR,CBD SHAHDARA,-,-,-,-,-,-,28.66111111,77.30305556,25-05-2014 00:00,7.74,3548,"",0,205,168.03,653,"",990,"","","",958,218,100,535,"","","","","","","","","","",""
214,Cbd Shahdara Pz,CGWB,7,Delhi,78,EAST,GANDHI NAGAR,GANDHI NAGAR,CBD SHAHDARA,-,-,-,-,-,-,28.66111111,77.30305556,25-05-2015 00:00,8.07,3400,"",0,192.8,158.03,122,"",407,"","","",693,92,111,792,"",0.002,"","","","","","","","",""
215,Cbd Shahdara Pz,CGWB,7,Delhi,78,EAST,GANDHI NAGAR,GANDHI NAGAR,CBD SHAHDARA,-,-,-,-,-,-,28.66111111,77.30305556,25-05-2016 00:00,8,3575,2395,"","","",709,"",427.86,"","","",98.16,43.36,54.8,558,"","","","","","","","","","",""
216,Chattarpur Temple Samadhi Tw,CGWB,7,Delhi,83,SOUTH,HAUZ KHAS,HAUZ KHAS,Chattarpur Temple,-,-,-,-,-,-,28.49305556,77.18861111,25-05-2006 00:00,7.5,1640,"","",491,402.5,178,"",84,"","","",490,123,44.52,175,"","","","","","","","","","",""
217,Chattarpur Temple Samadhi Tw,CGWB,7,Delhi,83,SOUTH,HAUZ KHAS,HAUZ KHAS,Chattarpur Temple,-,-,-,-,-,-,28.49305556,77.18861111,25-05-2010 00:00,8.05,611,"","",330,270.5,31,"","","","","",98,31,5.1,108,"","","","","","","","","","",""
218,Chawla,CGWB,7,Delhi,84,SOUTH WEST,NAJAFGARH,NAJAFGARH,Chawla,-,-,-,-,-,-,28.54638889,77.00944444,25-05-2002 00:00,7.8,3740,"","",482,395.1,391,"",835,"","","",770,76,140,492,"","","","","","","","","","",""
219,Chawla,CGWB,7,Delhi,84,SOUTH WEST,NAJAFGARH,NAJAFGARH,Chawla,-,-,-,-,-,-,28.54638889,77.00944444,25-05-2006 00:00,7.3,2325,"","",555,454.9,333,"",211,"","","",408,41,74.33,385,"","","","","","","","","","",""
220,Chawla,CGWB,7,Delhi,84,SOUTH WEST,NAJAFGARH,NAJAFGARH,Chawla,-,-,-,-,-,-,28.54638889,77.00944444,25-05-2008 00:00,7.63,6409,"","",256,209.8,1638,"",696,"","","",1980,314,290.92,596,"","","","","","","","","","",""
221,Chawla,CGWB,7,Delhi,84,SOUTH WEST,NAJAFGARH,NAJAFGARH,Chawla,-,-,-,-,-,-,28.54638889,77.00944444,25-05-2009 00:00,7.72,5890,"","",302,247.5,1554,"",670,"","","",1774,292,254.18,670,"","","","","","","","","","",""
222,Chawla,CGWB,7,Delhi,84,SOUTH WEST,NAJAFGARH,NAJAFGARH,Chawla,-,-,-,-,-,-,28.54638889,77.00944444,25-05-2011 00:00,7.75,4030,"","",107,87.7,1112,"",335,"","","",1020,185,124,485,"","","","","","","","","","",""
223,Chawla,CGWB,7,Delhi,84,SOUTH WEST,NAJAFGARH,NAJAFGARH,Chawla,-,-,-,-,-,-,28.54638889,77.00944444,25-05-2012 00:00,8.69,2584,"",20.7,164.15,169.1,555.65,"",421,"","","",1346,143.82,236.58,306.5,"",0.15,"","","","","","","","",""
224,Chawla,CGWB,7,Delhi,84,SOUTH WEST,NAJAFGARH,NAJAFGARH,Chawla,-,-,-,-,-,-,28.54638889,77.00944444,25-05-2013 00:00,7.25,1756,"","",354,290.2,388,"",30,"","","",420,40,78,205,"","","","","","","","","","",""
225,Chawla,CGWB,7,Delhi,84,SOUTH WEST,NAJAFGARH,NAJAFGARH,Chawla,-,-,-,-,-,-,28.54638889,77.00944444,25-05-2015 00:00,8.04,5826,"",0,187.2,153.44,1203,"",1058,"","","",337,63,43,1264,"",0.196,"","","","","","","","",""
226,Chawla,CGWB,7,Delhi,84,SOUTH WEST,NAJAFGARH,NAJAFGARH,Chawla,-,-,-,-,-,-,28.54638889,77.00944444,25-05-2016 00:00,8,12320,8254,"","","",2765.1,"",1709.87,"","","",309.74,223.8,85.94,1012,"","","","","","","","","","",""
227,Chilla Regulator,CGWB,7,Delhi,78,EAST,GANDHI NAGAR,GANDHI NAGAR,Chilla Regulator,-,-,-,-,-,-,28.58722222,77.30138889,25-05-2010 00:00,7.71,586,"","",210,172.1,62,"",45,"","","",211,55,18,41,"","","","","","","","","","",""
228,Chilla Regulator,CGWB,7,Delhi,78,EAST,GANDHI NAGAR,GANDHI NAGAR,Chilla Regulator,-,-,-,-,-,-,28.58722222,77.30138889,25-05-2011 00:00,"",471,"","","","",45,"","","","","","","","","","","","","","","","","","","",""
229,Chilla Regulator,CGWB,7,Delhi,78,EAST,GANDHI NAGAR,GANDHI NAGAR,Chilla Regulator,-,-,-,-,-,-,28.58722222,77.30138889,25-05-2012 00:00,8.79,846,"",30.36,188,204.7,63.87,"",41,"","","",268,35.23,43.24,82,"",2.146,"","","","","","","","",""
230,Chilla Regulator,CGWB,7,Delhi,78,EAST,GANDHI NAGAR,GANDHI NAGAR,Chilla Regulator,-,-,-,-,-,-,28.58722222,77.30138889,25-05-2013 00:00,7.53,766,"","",342,280.3,68,"",42,"","","",324,30,61,40,"","","","","","","","","","",""
231,Chilla Regulator,CGWB,7,Delhi,78,EAST,GANDHI NAGAR,GANDHI NAGAR,Chilla Regulator,-,-,-,-,-,-,28.58722222,77.30138889,25-05-2014 00:00,8.63,430,"",24,181,188.36,56,"",27,"","","",196,33,27,43,"","","","","","","","","","",""
232,Chilla Regulator,CGWB,7,Delhi,78,EAST,GANDHI NAGAR,GANDHI NAGAR,Chilla Regulator,-,-,-,-,-,-,28.58722222,77.30138889,25-05-2015 00:00,8.14,589,"",0,2.8,2.3,158,"",23,"","","",225,27,38,31,"",0.02,"","","","","","","","",""
233,Chilla Regulator,CGWB,7,Delhi,78,EAST,GANDHI NAGAR,GANDHI NAGAR,Chilla Regulator,-,-,-,-,-,-,28.58722222,77.30138889,25-05-2016 00:00,8.7,473.6,317,"","","",56.72,"",431.1,"","","",26.74,9.39,17.35,34.5,"","","","","","","","","","",""
234,Chilla Regulator,CGWB,7,Delhi,78,EAST,GANDHI NAGAR,GANDHI NAGAR,Chilla Regulator,-,-,-,-,-,-,28.58722222,77.30138889,25-05-2017 00:00,8.05,886,"",0,342,"",119,"",18,"",20,"",344,73,39,54,"","","","","","","","","","",""
235,Chilla Regulator,CGWB,7,Delhi,78,EAST,GANDHI NAGAR,GANDHI NAGAR,Chilla Regulator,-,-,-,-,-,-,28.58722222,77.30138889,25-05-2018 00:00,8.65,623,0,37,113,0,104,"",23,"",21,"",160,24,24,79,"",0,0,"","","","","","","",""
236,Chilla Regulator,CGWB,7,Delhi,78,EAST,GANDHI NAGAR,GANDHI NAGAR,Chilla Regulator,-,-,-,-,-,-,28.58722222,77.30138889,30-05-2019 08:00,8,762,"",0,244,"",149,"","","",22,"",230,56,22,85.7,"","","","","","","","","","",""
237,Chilla Regulator,CGWB,7,Delhi,78,EAST,GANDHI NAGAR,GANDHI NAGAR,Chilla Regulator,-,-,-,-,-,-,28.58722222,77.30138889,30-05-2020 08:00,8,762,"","",244,"",149,"","","",22,"","",56,22,85.7,"","","","","","","","","","",""
238,Chilla Regulator,CGWB,7,Delhi,78,EAST,GANDHI NAGAR,GANDHI NAGAR,Chilla Regulator,-,-,-,-,-,-,28.58722222,77.30138889,30-05-2021 08:00,8.03,1550,1007.5,0,109.8,"",446.67,"",50,0.02,"","",500,88,68.096,123.2,"","","","","","","","","","",""
239,Chillasaroda Dw,CGWB,7,Delhi,78,EAST,GANDHI NAGAR,GANDHI NAGAR,CHILLASARODA,-,-,-,-,-,-,28.59861111,77.30138889,25-05-2000 00:00,7.33,1557,"","",561,459.8,152,"",130,"","","",565,147,48,122,"","","","","","","","","","",""
240,Chillasaroda Dw,CGWB,7,Delhi,78,EAST,GANDHI NAGAR,GANDHI NAGAR,CHILLASARODA,-,-,-,-,-,-,28.59861111,77.30138889,25-05-2017 00:00,8.22,2110,"",0,378,"",295,"",501,"",19,"",404,73,54,384,"","","","","","","","","","",""
241,Chillasaroda Pz,CGWB,7,Delhi,78,EAST,GANDHI NAGAR,-,-,-,-,-,-,-,-,28.60027778,77.29861111,25-05-2011 00:00,"",1100,"","","","",201,"","","","","","","","","","","","","","","","","","","",""
242,Chillasaroda Pz,CGWB,7,Delhi,78,EAST,GANDHI NAGAR,-,-,-,-,-,-,-,-,28.60027778,77.29861111,25-05-2012 00:00,8.85,1345,"",28.98,196.42,209.3,188.29,"",275,"","","",428,50.1,72.72,210,"",0.758,"","","","","","","","",""
243,Chillasaroda Pz,CGWB,7,Delhi,78,EAST,GANDHI NAGAR,-,-,-,-,-,-,-,-,28.60027778,77.29861111,25-05-2013 00:00,7.51,1267,"","",403,330.3,144,"",128,"","","",523,56,93,70,"","","","","","","","","","",""
244,Chillasaroda Pz,CGWB,7,Delhi,78,EAST,GANDHI NAGAR,-,-,-,-,-,-,-,-,28.60027778,77.29861111,25-05-2015 00:00,8.39,1289,"",9.59,336.3,291.64,121,"",220,"","","",318,32,57,162,"",0.083,"","","","","","","","",""
245,Chillasaroda Pz,CGWB,7,Delhi,78,EAST,GANDHI NAGAR,-,-,-,-,-,-,-,-,28.60027778,77.29861111,25-05-2016 00:00,8.5,914.2,613,"","","",99.3,"",150.6,"","","",44.43,16.63,27.8,86.4,"","","","","","","","","","",""
246,CVD Depot Cant (Dp),CGWB,7,Delhi,84,SOUTH WEST,NAJAFGARH,NAJAFGARH,Cvd Depot Cant,-,-,-,-,-,-,28.60333333,77.11111111,25-05-2010 00:00,8.15,1730,"","",480,393.4,249,"",46,"","","",263,81,15,300,"","","","","","","","","","",""
247,CVD Depot Cant (Dp),CGWB,7,Delhi,84,SOUTH WEST,NAJAFGARH,NAJAFGARH,Cvd Depot Cant,-,-,-,-,-,-,28.60333333,77.11111111,25-05-2011 00:00,"",1280,"","","","",129,"","","","","","","","","","","","","","","","","","","",""
248,CVD Depot Cant (Dp),CGWB,7,Delhi,84,SOUTH WEST,NAJAFGARH,NAJAFGARH,Cvd Depot Cant,-,-,-,-,-,-,28.60333333,77.11111111,25-05-2012 00:00,9.19,1440,"",49.68,355.83,374.5,171.68,"",114,"","","",382,36.36,69.81,275.6,"",0.325,"","","","","","","","",""
249,CVD Depot Cant (Dp),CGWB,7,Delhi,84,SOUTH WEST,NAJAFGARH,NAJAFGARH,Cvd Depot Cant,-,-,-,-,-,-,28.60333333,77.11111111,25-05-2013 00:00,8.35,1135,"",36,293,300.2,157,"",8,"","","",120,20,17,205,"","","","","","","","","","",""
250,CVD Depot Cant (Dp),CGWB,7,Delhi,84,SOUTH WEST,NAJAFGARH,NAJAFGARH,Cvd Depot Cant,-,-,-,-,-,-,28.60333333,77.11111111,25-05-2014 00:00,8.42,896,"",13,282,252.81,135,"",0,"","","",255,20,50,110,"","","","","","","","","","",""
251,CVD Depot Cant (Dp),CGWB,7,Delhi,84,SOUTH WEST,NAJAFGARH,NAJAFGARH,Cvd Depot Cant,-,-,-,-,-,-,28.60333333,77.11111111,25-05-2015 00:00,7.94,919.3,"",0,144.7,118.61,162,"",42,"","","",337,33,61,36,"",0.078,"","","","","","","","",""
252,CVD Depot Cant (Dp),CGWB,7,Delhi,84,SOUTH WEST,NAJAFGARH,NAJAFGARH,Cvd Depot Cant,-,-,-,-,-,-,28.60333333,77.11111111,25-05-2016 00:00,8.5,1256,842,"","","",269.42,"",61.31,"","","",26.02,7.59,18.43,251.1,"","","","","","","","","","",""
253,Daulatpur Pz,CGWB,7,Delhi,84,SOUTH WEST,NAJAFGARH,NAJAFGARH,DAULATPUR,-,-,-,-,-,-,28.54305556,76.96527778,25-05-2000 00:00,7.71,1847,"","",323,264.8,451,"",65,"","","",594,129,66,180,"","","","","","","","","","",""
254,Daulatpur Pz,CGWB,7,Delhi,84,SOUTH WEST,NAJAFGARH,NAJAFGARH,DAULATPUR,-,-,-,-,-,-,28.54305556,76.96527778,25-05-2002 00:00,8.08,3790,"","",171,140.2,1157,"",54,"","","",1070,140,174,362,"","","","","","","","","","",""
255,Daulatpur Pz,CGWB,7,Delhi,84,SOUTH WEST,NAJAFGARH,NAJAFGARH,DAULATPUR,-,-,-,-,-,-,28.54305556,76.96527778,25-05-2010 00:00,7.75,3780,"","",180,147.5,1122,"",24,"","","",1494,209,236,184,"","","","","","","","","","",""
256,Daulatpur Pz,CGWB,7,Delhi,84,SOUTH WEST,NAJAFGARH,NAJAFGARH,DAULATPUR,-,-,-,-,-,-,28.54305556,76.96527778,25-05-2011 00:00,8.15,320,"","",107,87.7,42,"",18,"","","",147,35,14,10,"","","","","","","","","","",""
257,Daulatpur Pz,CGWB,7,Delhi,84,SOUTH WEST,NAJAFGARH,NAJAFGARH,DAULATPUR,-,-,-,-,-,-,28.54305556,76.96527778,25-05-2012 00:00,8.54,7757,"",20.7,117.85,131.1,230.12,"",52,"","","",3808,429.86,665.06,613,"",14,"","","","","","","","",""
258,Daulatpur Pz,CGWB,7,Delhi,84,SOUTH WEST,NAJAFGARH,NAJAFGARH,DAULATPUR,-,-,-,-,-,-,28.54305556,76.96527778,25-05-2013 00:00,7.7,3018,"","",207,169.7,953,"","","","","",1091,140,180,195,"","","","","","","","","","",""
259,Daulatpur Pz,CGWB,7,Delhi,84,SOUTH WEST,NAJAFGARH,NAJAFGARH,DAULATPUR,-,-,-,-,-,-,28.54305556,76.96527778,25-05-2014 00:00,8.11,2638,"",0,229,187.7,744,"",124,"","","",750,136,100,286,"","","","","","","","","","",""
260,Daulatpur Pz,CGWB,7,Delhi,84,SOUTH WEST,NAJAFGARH,NAJAFGARH,DAULATPUR,-,-,-,-,-,-,28.54305556,76.96527778,25-05-2015 00:00,7.91,5068,"",0,374.3,306.8,1430,"",148,"","","",1142,140,190,708,"",0.812,"","","","","","","","",""
261,Daulatpur Pz,CGWB,7,Delhi,84,SOUTH WEST,NAJAFGARH,NAJAFGARH,DAULATPUR,-,-,-,-,-,-,28.54305556,76.96527778,25-05-2016 00:00,8.3,2945,1973,"","","",808.26,"",87.24,"","","",133.09,72.98,60.11,189,"","","","","","","","","","",""
262,Daulatpur Pz,CGWB,7,Delhi,84,SOUTH WEST,NAJAFGARH,NAJAFGARH,DAULATPUR,-,-,-,-,-,-,28.54305556,76.96527778,25-05-2018 00:00,7.98,5540,0,"",239,0,1841,"","","",27,"",2042,281,326,320,"",0,0,"","","","","","","",""
263,Delhi College of Engineering,CGWB,7,Delhi,82,NORTH WEST,SARASWATI VIHAR,SARASWATI VIHAR,DELHI ENG.COLL.,-,-,-,-,-,-,28.74722222,77.11944444,25-05-2008 00:00,7.92,1890,"","",580,475.4,169,"",254,"","","",520,79,78.51,210,"","","","","","","","","","",""
264,Delhi College of Engineering,CGWB,7,Delhi,82,NORTH WEST,SARASWATI VIHAR,SARASWATI VIHAR,DELHI ENG.COLL.,-,-,-,-,-,-,28.74722222,77.11944444,25-05-2009 00:00,7.87,1760,"","",531,435.3,147,"",250,"","","",491,44,92,195,"","","","","","","","","","",""
265,Delhi College of Engineering,CGWB,7,Delhi,82,NORTH WEST,SARASWATI VIHAR,SARASWATI VIHAR,DELHI ENG.COLL.,-,-,-,-,-,-,28.74722222,77.11944444,25-05-2010 00:00,7.72,599,"","",260,213.1,18,"",45,"","","",219,45,18,45,"","","","","","","","","","",""
266,Delhi College of Engineering,CGWB,7,Delhi,82,NORTH WEST,SARASWATI VIHAR,SARASWATI VIHAR,DELHI ENG.COLL.,-,-,-,-,-,-,28.74722222,77.11944444,25-05-2011 00:00,"",1360,"","","","",118,"","","","","","","","","","","","","","","","","","","",""
267,Delhi College of Engineering,CGWB,7,Delhi,82,NORTH WEST,SARASWATI VIHAR,SARASWATI VIHAR,DELHI ENG.COLL.,-,-,-,-,-,-,28.74722222,77.11944444,25-05-2012 00:00,9.13,1746,"",74.52,300.24,370.3,215.06,"",256,"","","",434,54.14,71.5,300,"",0.154,"","","","","","","","",""
268,Delhi College of Engineering,CGWB,7,Delhi,82,NORTH WEST,SARASWATI VIHAR,SARASWATI VIHAR,DELHI ENG.COLL.,-,-,-,-,-,-,28.74722222,77.11944444,25-05-2013 00:00,8.9,1056,"",96,256,369.8,75,"",82,"","","",310,12,68,120,"","","","","","","","","","",""
269,Delhi College of Engineering,CGWB,7,Delhi,82,NORTH WEST,SARASWATI VIHAR,SARASWATI VIHAR,DELHI ENG.COLL.,-,-,-,-,-,-,28.74722222,77.11944444,25-05-2014 00:00,9,1062,"",52.8,295,329.8,89,"",92,"","","",245,20,47,114,"","","","","","","","","","",""
270,Delhi College of Engineering,CGWB,7,Delhi,82,NORTH WEST,SARASWATI VIHAR,SARASWATI VIHAR,DELHI ENG.COLL.,-,-,-,-,-,-,28.74722222,77.11944444,25-05-2015 00:00,8.77,1145,"",14.59,271.9,247.19,150,"",135,"","","",323,41,53,126,"",0.002,"","","","","","","","",""
271,Delhi College of Engineering,CGWB,7,Delhi,82,NORTH WEST,SARASWATI VIHAR,SARASWATI VIHAR,DELHI ENG.COLL.,-,-,-,-,-,-,28.74722222,77.11944444,25-05-2016 00:00,8.7,6313,4230,"","","",56.72,"",84.04,"","","",37.97,6.6,31.37,46.8,"","","","","","","","","","",""
272,Delhi College of Engineering,CGWB,7,Delhi,82,NORTH WEST,SARASWATI VIHAR,SARASWATI VIHAR,DELHI ENG.COLL.,-,-,-,-,-,-,28.74722222,77.11944444,25-05-2018 00:00,8.61,678,0,50,113,0,21,"",141,"",25,"",150,24,22,95,"",0,0,"","","","","","","",""
273,Delhi University Pz,CGWB,7,Delhi,82,NORTH WEST,NARELA,NARELA,Delhi University,-,-,-,-,-,-,28.69083333,77.21333333,25-05-2011 00:00,7.56,3300,"","",148,121.3,813,"",335,"","","",824,200,79,400,"","","","","","","","","","",""
274,Deorala Pz,CGWB,7,Delhi,84,SOUTH WEST,NAJAFGARH,NAJAFGARH,Deorala,-,-,-,-,-,-,28.51083333,76.89888889,25-05-2011 00:00,8,6440,"","",107,87.7,2210,"",140,"","","",1069,141,174.38,1102,"","","","","","","","","","",""
275,Deorala Pz,CGWB,7,Delhi,84,SOUTH WEST,NAJAFGARH,NAJAFGARH,Deorala,-,-,-,-,-,-,28.51083333,76.89888889,25-05-2013 00:00,8.16,8380,"","",113,92.6,2654,"",342,"","","",1377,148,245,1360,"","","","","","","","","","",""
276,Deorala Pz,CGWB,7,Delhi,84,SOUTH WEST,NAJAFGARH,NAJAFGARH,Deorala,-,-,-,-,-,-,28.51083333,76.89888889,25-05-2014 00:00,7.9,8390,"",0,290,237.7,2513,"",520,"","","",1525,181,260,1346,"","","","","","","","","","",""
277,Deorala Pz,CGWB,7,Delhi,84,SOUTH WEST,NAJAFGARH,NAJAFGARH,Deorala,-,-,-,-,-,-,28.51083333,76.89888889,25-05-2015 00:00,7.89,8596,"",0,202.5,165.98,3023,"",619,"","","",1636,151,302,1877,"",0.224,"","","","","","","","",""
278,Deorala Pz,CGWB,7,Delhi,84,SOUTH WEST,NAJAFGARH,NAJAFGARH,Deorala,-,-,-,-,-,-,28.51083333,76.89888889,25-05-2016 00:00,7.8,9270,6211,"","","",2552.4,"",609.84,"","","",244.39,154.4,89.99,1464,"","","","","","","","","","",""
279,Dhansa Pz,CGWB,7,Delhi,84,SOUTH WEST,NAJAFGARH,NAJAFGARH,DHANSA,-,-,-,-,-,-,28.56444444,76.84583333,25-05-2000 00:00,7.56,4096,"","",513,420.5,1081,"",177,"","","",773,107,123,650,"","","","","","","","","","",""
280,Dhansa Pz,CGWB,7,Delhi,84,SOUTH WEST,NAJAFGARH,NAJAFGARH,DHANSA,-,-,-,-,-,-,28.56444444,76.84583333,25-05-2001 00:00,8.02,689,"","",157,128.7,115,"",16,"","","",288,73,26,30,"","","","","","","","","","",""
281,Dhansa Pz,CGWB,7,Delhi,84,SOUTH WEST,NAJAFGARH,NAJAFGARH,DHANSA,-,-,-,-,-,-,28.56444444,76.84583333,25-05-2005 00:00,8.7,6770,"",85,788,787.6,1981,"",80,"","","",881,12,206.92,1320,"","","","","","","","","","",""
282,Dhansa Pz,CGWB,7,Delhi,84,SOUTH WEST,NAJAFGARH,NAJAFGARH,DHANSA,-,-,-,-,-,-,28.56444444,76.84583333,25-05-2012 00:00,8.48,8895,"",38.64,199.23,227.7,136.05,"",60,"","","",3032,255.33,582.27,933.8,"",0.437,"","","","","","","","",""
283,Dhirpur Pz,CGWB,7,Delhi,82,NORTH WEST,NARELA,NARELA,DHIRPUR,-,-,-,-,-,-,28.72555556,77.20555556,25-05-2002 00:00,7.6,14300,"","",165,135.3,3905,"",1373,"","","",3200,440,508,1799,"","","","","","","","","","",""
284,Dhirpur Pz,CGWB,7,Delhi,82,NORTH WEST,NARELA,NARELA,DHIRPUR,-,-,-,-,-,-,28.72555556,77.20555556,25-05-2003 00:00,7.61,9980,"","",191,156.6,4433,"",1202,"","","",3367,642,428,2000,"","","","","","","","","","",""
285,Dhirpur Pz,CGWB,7,Delhi,82,NORTH WEST,NARELA,NARELA,DHIRPUR,-,-,-,-,-,-,28.72555556,77.20555556,25-05-2005 00:00,7.22,13200,"","",325,266.4,4119,"",1600,"","","",2900,547,373.26,2240,"","","","","","","","","","",""
286,Dhirpur Pz,CGWB,7,Delhi,82,NORTH WEST,NARELA,NARELA,DHIRPUR,-,-,-,-,-,-,28.72555556,77.20555556,25-05-2010 00:00,8.2,7610,"","",550,450.8,2304,"",208,"","","",1869,131,375,940,"","","","","","","","","","",""
287,Dichaon Kalan,CGWB,7,Delhi,84,SOUTH WEST,NAJAFGARH,NAJAFGARH,DICHAON KALAN,-,-,-,-,-,-,28.63888889,76.98750000,25-05-2002 00:00,8.7,1080,"",15,183,175,185,"",76,"","","",270,48,36,117,"","","","","","","","","","",""
288,Dichaon Kalan,CGWB,7,Delhi,84,SOUTH WEST,NAJAFGARH,NAJAFGARH,DICHAON KALAN,-,-,-,-,-,-,28.63888889,76.98750000,25-05-2006 00:00,7.38,5250,"","",480,393.4,1320,"",370,"","","",1347,237,183.73,420,"","","","","","","","","","",""
289,Dichaon Kalan,CGWB,7,Delhi,84,SOUTH WEST,NAJAFGARH,NAJAFGARH,DICHAON KALAN,-,-,-,-,-,-,28.63888889,76.98750000,25-05-2009 00:00,7.82,2050,"","",411,336.9,405,"",94,"","","",586,80,94,219,"","","","","","","","","","",""
290,Dichaon Kalan,CGWB,7,Delhi,84,SOUTH WEST,NAJAFGARH,NAJAFGARH,DICHAON KALAN,-,-,-,-,-,-,28.63888889,76.98750000,25-05-2010 00:00,7.86,2300,"","",460,377.1,526,"",28,"","","",766,82,136,234,"","","","","","","","","","",""
291,Dichaon Kalan,CGWB,7,Delhi,84,SOUTH WEST,NAJAFGARH,NAJAFGARH,DICHAON KALAN,-,-,-,-,-,-,28.63888889,76.98750000,25-05-2012 00:00,8.77,3093,"",42.78,188,225.4,738.4,"",132,"","","","","",321.91,320.7,"",0.124,"","","","","","","","",""
292,Dichaon Kalan,CGWB,7,Delhi,84,SOUTH WEST,NAJAFGARH,NAJAFGARH,DICHAON KALAN,-,-,-,-,-,-,28.63888889,76.98750000,25-05-2016 00:00,7.7,11840,7933,"","","",85.08,"",639.47,"","","",484.6,365.9,118.7,1424,"","","","","","","","","","",""
293,Dilshad Garden Pz,CGWB,7,Delhi,78,EAST,GANDHI NAGAR,GANDHI NAGAR,Dilshad Garden,-,-,-,-,-,-,28.66472222,77.31833333,25-05-2000 00:00,7.57,2381,"","",445,364.8,498,"",200,"","","",614,173,45,315,"","","","","","","","","","",""
294,Dwarka Netaji Subhas Inst.,CGWB,7,Delhi,84,SOUTH WEST,NAJAFGARH,NAJAFGARH,Dwarka Netaji Subhas Inst.,-,-,-,-,-,-,28.60472222,77.03694444,25-05-2002 00:00,7.65,7540,"","",171,140.2,2414,"",162,"","","",1900,600,97,846,"","","","","","","","","","",""
295,Dwarka Sec-16 (Mandir),CGWB,7,Delhi,84,SOUTH WEST,NAJAFGARH,NAJAFGARH,Dwarka Sec-16 (Mandir),-,-,-,-,-,-,28.60638889,77.02777778,25-05-2002 00:00,7.9,1550,"","",397,325.4,192,"",125,"","","",290,76,24,215,"","","","","","","","","","",""
296,Dwarka Sec-16 (Mandir),CGWB,7,Delhi,84,SOUTH WEST,NAJAFGARH,NAJAFGARH,Dwarka Sec-16 (Mandir),-,-,-,-,-,-,28.60638889,77.02777778,25-05-2006 00:00,8.24,1740,"","",644,527.9,171,"",168,"","","",407,85,47.39,258,"","","","","","","","","","",""
297,Dwarka Sec-16 (Tp),CGWB,7,Delhi,84,SOUTH WEST,NAJAFGARH,NAJAFGARH,Dwarka Sec-16 (TP),-,-,-,-,-,-,28.58555556,77.02611111,25-05-2002 00:00,8.5,1260,"",9,281,245.3,199,"",54,"","","",190,36,24,196,"","","","","","","","","","",""
298,Dwarka Sec-16 (Tp),CGWB,7,Delhi,84,SOUTH WEST,NAJAFGARH,NAJAFGARH,Dwarka Sec-16 (TP),-,-,-,-,-,-,28.58555556,77.02611111,25-05-2006 00:00,8.15,1840,"","",674,552.5,171,"",163,"","","",413,95,42.79,235,"","","","","","","","","","",""
299,Dwarka Sec-16 (Tp),CGWB,7,Delhi,84,SOUTH WEST,NAJAFGARH,NAJAFGARH,Dwarka Sec-16 (TP),-,-,-,-,-,-,28.58555556,77.02611111,25-05-2008 00:00,7.6,2476,"","",313,256.6,620,"",104,"","","",759,145,96.58,96,"","","","","","","","","","",""
300,Dwarka Sec-16 (Tp),CGWB,7,Delhi,84,SOUTH WEST,NAJAFGARH,NAJAFGARH,Dwarka Sec-16 (TP),-,-,-,-,-,-,28.58555556,77.02611111,25-05-2010 00:00,8.95,2020,"",39,560,524,225,"",62,"","","",248,27,44,368,"","","","","","","","","","",""
301,Dwarka Sec-16 (Tp),CGWB,7,Delhi,84,SOUTH WEST,NAJAFGARH,NAJAFGARH,Dwarka Sec-16 (TP),-,-,-,-,-,-,28.58555556,77.02611111,25-05-2011 00:00,8.42,1600,"",66,242,308.4,306,"",45,"","","",137,7.8,29,305,"","","","","","","","","","",""
302,Dwarka Sec-16 (Tp),CGWB,7,Delhi,84,SOUTH WEST,NAJAFGARH,NAJAFGARH,Dwarka Sec-16 (TP),-,-,-,-,-,-,28.58555556,77.02611111,25-05-2012 00:00,8.88,2396,"",40.02,289.02,303.6,443.04,"",139,"","","",914,69.49,177.44,435.2,"",0.257,"","","","","","","","",""
303,Dwarka Sec-16 (Tp),CGWB,7,Delhi,84,SOUTH WEST,NAJAFGARH,NAJAFGARH,Dwarka Sec-16 (TP),-,-,-,-,-,-,28.58555556,77.02611111,25-05-2013 00:00,8.9,1821,"",74,201,288.1,320,"",298,"","","",347,105,20,330,"","","","","","","","","","",""
304,Dwarka Sec-16 (Tp),CGWB,7,Delhi,84,SOUTH WEST,NAJAFGARH,NAJAFGARH,Dwarka Sec-16 (TP),-,-,-,-,-,-,28.58555556,77.02611111,25-05-2014 00:00,8.17,1665,"",0,430,352.46,312,"",59,"","","",174,20,30,319,"","","","","","","","","","",""
305,Dwarka Sec-16 (Tp),CGWB,7,Delhi,84,SOUTH WEST,NAJAFGARH,NAJAFGARH,Dwarka Sec-16 (TP),-,-,-,-,-,-,28.58555556,77.02611111,25-05-2015 00:00,8.72,1564,"",15.13,507.8,441.45,288,"",88,"","","",226,8,50,320,"",0.107,"","","","","","","","",""
306,Dwarka Sect 12 Deep,CGWB,7,Delhi,84,SOUTH WEST,NAJAFGARH,NAJAFGARH,Dwarka Sect Twelve,-,-,-,-,-,-,28.59722222,77.04638889,25-05-2011 00:00,"",6190,"","","","",2349,"","","","","","","","","","","","","","","","","","","",""
307,Dwarka Sect.-20,CGWB,7,Delhi,84,SOUTH WEST,NAJAFGARH,NAJAFGARH,Dwarka Sec Twenty,-,-,-,-,-,-,28.56166667,77.05444444,25-05-2004 00:00,7.75,1620,"","",437,358.2,362,"",50,"","","",240,53,26,315,"","","","","","","","","","",""
308,Dwarka Sect -23,CGWB,7,Delhi,84,SOUTH WEST,NAJAFGARH,NAJAFGARH,Dwarka Sect Twenty Three,-,-,-,-,-,-,28.56666667,77.05388889,25-05-2003 00:00,7.67,7960,"","",150,123,2864,"",350,"","","",3010,474,444,700,"","","","","","","","","","",""
309,Dwarka Sect -23,CGWB,7,Delhi,84,SOUTH WEST,NAJAFGARH,NAJAFGARH,Dwarka Sect Twenty Three,-,-,-,-,-,-,28.56666667,77.05388889,25-05-2010 00:00,8.28,3440,"","",260,213.1,879,"",196,"","","",1045,167,153,345,"","","","","","","","","","",""
310,Dwarka Sect -23,CGWB,7,Delhi,84,SOUTH WEST,NAJAFGARH,NAJAFGARH,Dwarka Sect Twenty Three,-,-,-,-,-,-,28.56666667,77.05388889,25-05-2011 00:00,7.48,7730,"","",228,186.9,2806,"","","","","",2148,354,307,920,"","","","","","","","","","",""
311,Dwarka Sect-5,CGWB,7,Delhi,84,SOUTH WEST,NAJAFGARH,NAJAFGARH,Dwarka Sect Five,-,-,-,-,-,-,28.60027778,77.05500000,25-05-2009 00:00,7.8,280,"","",85,69.7,17,"",42,"","","",122,34,9,8.8,"","","","","","","","","","",""
312,Fatehpur Beri Pz,CGWB,7,Delhi,83,SOUTH,HAUZ KHAS,HAUZ KHAS,Fatehpur Beri,-,-,-,-,-,-,28.46027778,77.18333333,25-05-2006 00:00,7.52,794,"","",386,316.4,43,"",5.2,"","","",295,76,25.62,62,"","","","","","","","","","",""
313,Fatehpur Beri Pz,CGWB,7,Delhi,83,SOUTH,HAUZ KHAS,HAUZ KHAS,Fatehpur Beri,-,-,-,-,-,-,28.46027778,77.18333333,25-05-2007 00:00,7.58,648,"","",287,235.3,45,"",6.4,"","","",235,43,31,52,"","","","","","","","","","",""
314,Fatehpur Beri Pz,CGWB,7,Delhi,83,SOUTH,HAUZ KHAS,HAUZ KHAS,Fatehpur Beri,-,-,-,-,-,-,28.46027778,77.18333333,25-05-2009 00:00,8.05,840,"","",387,317.2,67,"",9.6,"","","",354,82,36,53,"","","","","","","","","","",""
315,Fatehpur Beri Pz,CGWB,7,Delhi,83,SOUTH,HAUZ KHAS,HAUZ KHAS,Fatehpur Beri,-,-,-,-,-,-,28.46027778,77.18333333,25-05-2011 00:00,"",596,"","","","",87,"","","","","","","","","","","","","","","","","","","",""
316,Fatehpur Beri Pz,CGWB,7,Delhi,83,SOUTH,HAUZ KHAS,HAUZ KHAS,Fatehpur Beri,-,-,-,-,-,-,28.46027778,77.18333333,25-05-2013 00:00,7.77,571,"","",180,147.5,86,"",40,"","","",186,17,35,62,"","","","","","","","","","",""
317,Gadaipur Pz,CGWB,7,Delhi,83,SOUTH,HAUZ KHAS,HAUZ KHAS,GADAIPUR,-,-,-,-,-,-,28.47694444,77.15611111,25-05-2005 00:00,8.24,823,"","",364,298.4,54,"",20,"","","",114,23,13.76,153,"","","","","","","","","","",""
318,Gadaipur Pz,CGWB,7,Delhi,83,SOUTH,HAUZ KHAS,HAUZ KHAS,GADAIPUR,-,-,-,-,-,-,28.47694444,77.15611111,25-05-2007 00:00,7.83,652,"","",269,220.5,45,"",24,"","","",128,25,16,100,"","","","","","","","","","",""
319,Gadaipur Pz,CGWB,7,Delhi,83,SOUTH,HAUZ KHAS,HAUZ KHAS,GADAIPUR,-,-,-,-,-,-,28.47694444,77.15611111,25-05-2010 00:00,7.35,955,"","",420,344.3,52,"","","","","",259,59,27,118,"","","","","","","","","","",""
320,Gadaipur Pz,CGWB,7,Delhi,83,SOUTH,HAUZ KHAS,HAUZ KHAS,GADAIPUR,-,-,-,-,-,-,28.47694444,77.15611111,25-05-2011 00:00,"",774,"","","","",42,"","","","","","","","","","","","","","","","","","","",""
321,Gadaipur Pz,CGWB,7,Delhi,83,SOUTH,HAUZ KHAS,HAUZ KHAS,GADAIPUR,-,-,-,-,-,-,28.47694444,77.15611111,25-05-2013 00:00,8.17,722,"","",215,176.2,96,"",76,"","","",210,18,40,92,"","","","","","","","","","",""
322,Gadaipur Pz,CGWB,7,Delhi,83,SOUTH,HAUZ KHAS,HAUZ KHAS,GADAIPUR,-,-,-,-,-,-,28.47694444,77.15611111,25-05-2014 00:00,8.52,770,"",65,193,266.53,84,"",0,"","","",155,29,20,129,"","","","","","","","","","",""
323,Gadaipur Pz,CGWB,7,Delhi,83,SOUTH,HAUZ KHAS,HAUZ KHAS,GADAIPUR,-,-,-,-,-,-,28.47694444,77.15611111,25-05-2015 00:00,8.63,978.8,"",11.89,398.1,346.13,71,"",31,"","","",183,22,31,170,"",0.002,"","","","","","","","",""
324,Gadaipur Pz,CGWB,7,Delhi,83,SOUTH,HAUZ KHAS,HAUZ KHAS,GADAIPUR,-,-,-,-,-,-,28.47694444,77.15611111,25-05-2016 00:00,8.7,814.8,546,"","","",56.72,"",27.15,"","","",22.9,6.52,16.38,118.8,"","","","","","","","","","",""
325,Gadaipur Pz,CGWB,7,Delhi,83,SOUTH,HAUZ KHAS,HAUZ KHAS,GADAIPUR,-,-,-,-,-,-,28.47694444,77.15611111,25-05-2017 00:00,7.82,118,"",0,500,"",66,"",16,"",35,"",263,57,29,139,"","","","","","","","","","",""
326,Gadaipur Pz,CGWB,7,Delhi,83,SOUTH,HAUZ KHAS,HAUZ KHAS,GADAIPUR,-,-,-,-,-,-,28.47694444,77.15611111,25-05-2018 00:00,8.6,853,0,62,214,0,77,"","","",20,"",133,20,20,152,"",0,0,"","","","","","","",""
327,Gadaipur Pz,CGWB,7,Delhi,83,SOUTH,HAUZ KHAS,HAUZ KHAS,GADAIPUR,-,-,-,-,-,-,28.47694444,77.15611111,30-05-2019 08:00,8.5,741,"",72,159,"",99,"","","",21,"",130,20,19,147,"","","","","","","","","","",""
328,Gadaipur Pz,CGWB,7,Delhi,83,SOUTH,HAUZ KHAS,HAUZ KHAS,GADAIPUR,-,-,-,-,-,-,28.47694444,77.15611111,30-05-2020 08:00,8.5,741,"","",159,"",99,"","","",21,"","",20,19,147,"","","","","","","","","","",""
329,Galibpur Pz,CGWB,7,Delhi,84,SOUTH WEST,NAJAFGARH,NAJAFGARH,Galibpur,-,-,-,-,-,-,28.53166667,76.87527778,25-05-2010 00:00,8.2,1810,"","",541,443.4,414,"","","","","",380,42,67,330,"","","","","","","","","","",""
330,Galibpur Pz,CGWB,7,Delhi,84,SOUTH WEST,NAJAFGARH,NAJAFGARH,Galibpur,-,-,-,-,-,-,28.53166667,76.87527778,25-05-2011 00:00,7.6,6100,"","",134,109.8,2077,"",175,"","","",1393,169,236,859,"","","","","","","","","","",""
331,Galibpur Pz,CGWB,7,Delhi,84,SOUTH WEST,NAJAFGARH,NAJAFGARH,Galibpur,-,-,-,-,-,-,28.53166667,76.87527778,25-05-2012 00:00,9.38,1924,"",44.16,290.42,311.7,347.97,"",85,"","","",429,25.05,87.75,299.35,"",0.96,"","","","","","","","",""
332,Gandhi Nagar Pz,CGWB,7,Delhi,78,EAST,GANDHI NAGAR,GANDHI NAGAR,Gandhi Nagar,-,-,-,-,-,-,28.66250000,77.25250000,25-05-2008 00:00,7.42,1542,"","",569,466.4,257,"",48,"","","",341,84,31.95,233,"","","","","","","","","","",""
333,Gandhi Nagar Pz,CGWB,7,Delhi,78,EAST,GANDHI NAGAR,GANDHI NAGAR,Gandhi Nagar,-,-,-,-,-,-,28.66250000,77.25250000,25-05-2010 00:00,7.05,1480,"","",320,262.3,200,"","","","","",449,110,42,139,"","","","","","","","","","",""
334,Gandhi Nagar Pz,CGWB,7,Delhi,78,EAST,GANDHI NAGAR,GANDHI NAGAR,Gandhi Nagar,-,-,-,-,-,-,28.66250000,77.25250000,25-05-2011 00:00,"",1140,"","","","",205,"","","","","","","","","","","","","","","","","","","",""
335,Gandhi Nagar Pz,CGWB,7,Delhi,78,EAST,GANDHI NAGAR,GANDHI NAGAR,Gandhi Nagar,-,-,-,-,-,-,28.66250000,77.25250000,25-05-2012 00:00,8.62,1911,"",51.06,164.15,219.7,356.28,"",15,"","","",669,105.04,97.44,336.95,"",0.497,"","","","","","","","",""
336,Gazipur SLFO,CGWB,7,Delhi,78,EAST,GANDHI NAGAR,GANDHI NAGAR,Ghazipur,-,-,-,-,-,-,28.63000000,77.32861111,25-05-2000 00:00,7.59,927,"","",293,240.2,115,"",99,"","","",178,52,12,155,"","","","","","","","","","",""
337,Gazipur Village,CGWB,7,Delhi,78,EAST,GANDHI NAGAR,GANDHI NAGAR,GAZIPUR,-,-,-,-,-,-,28.63000000,77.32861111,25-05-2000 00:00,7.77,1471,"","",348,285.3,244,"",162,"","","",258,81,13.59,255,"","","","","","","","","","",""
338,Gazipur Village,CGWB,7,Delhi,78,EAST,GANDHI NAGAR,GANDHI NAGAR,GAZIPUR,-,-,-,-,-,-,28.63000000,77.32861111,25-05-2005 00:00,7.78,3010,"","",265,217.2,802,"",200,"","","",590,104,80.36,460,"","","","","","","","","","",""
339,Gazipur Village,CGWB,7,Delhi,78,EAST,GANDHI NAGAR,GANDHI NAGAR,GAZIPUR,-,-,-,-,-,-,28.63000000,77.32861111,25-05-2010 00:00,7.01,2830,"","",470,385.3,564,"",360,"","","",596,123,71,446,"","","","","","","","","","",""
340,Ghazipur Crossing Pz,CGWB,7,Delhi,78,EAST,GANDHI NAGAR,GANDHI NAGAR,Ghazipur Crossing,-,-,-,-,-,-,28.62805556,77.31805556,25-05-2004 00:00,7.82,2180,"","",181,148.4,570,"",230,"","","",442,81,58,360,"","","","","","","","","","",""
341,Ghazipur Crossing Pz,CGWB,7,Delhi,78,EAST,GANDHI NAGAR,GANDHI NAGAR,Ghazipur Crossing,-,-,-,-,-,-,28.62805556,77.31805556,25-05-2012 00:00,8.73,1725,"",42.78,112.24,163.3,233.52,"",334,"","","",534,75.14,82.9,270,"",0.902,"","","","","","","","",""
342,Ghazipur Crossing Pz,CGWB,7,Delhi,78,EAST,GANDHI NAGAR,GANDHI NAGAR,Ghazipur Crossing,-,-,-,-,-,-,28.62805556,77.31805556,25-05-2013 00:00,7.27,1920,"","",366,300,297,"",280,"","","",608,82,98,179,"","","","","","","","","","",""
343,Ghazipur Crossing Pz,CGWB,7,Delhi,78,EAST,GANDHI NAGAR,GANDHI NAGAR,Ghazipur Crossing,-,-,-,-,-,-,28.62805556,77.31805556,25-05-2017 00:00,8.04,185,"",0,49,"",6.9,"",40,"",5.8,"",91,24,7.4,"","","","","","","","","","","",""
344,Ghazipur Crossing Pz,CGWB,7,Delhi,78,EAST,GANDHI NAGAR,GANDHI NAGAR,Ghazipur Crossing,-,-,-,-,-,-,28.62805556,77.31805556,25-05-2018 00:00,8.35,2130,0,37,76,0,389,"",397,"",23,"",439,57,72,320,"",0,0,"","","","","","","",""
345,Ghittorni Pz,CGWB,7,Delhi,84,SOUTH WEST,NAJAFGARH,NAJAFGARH,Ghittorni,-,-,-,-,-,-,28.50444444,77.15361111,25-05-2002 00:00,8.01,730,"","",329,269.7,43,"",10,"","","",120,32,10,110,"","","","","","","","","","",""
346,Ghittorni Pz,CGWB,7,Delhi,84,SOUTH WEST,NAJAFGARH,NAJAFGARH,Ghittorni,-,-,-,-,-,-,28.50444444,77.15361111,25-05-2005 00:00,7.75,838,"","",391,320.5,61,"",9,"","","",238,52,26.32,98,"","","","","","","","","","",""
347,Ghittorni Pz,CGWB,7,Delhi,84,SOUTH WEST,NAJAFGARH,NAJAFGARH,Ghittorni,-,-,-,-,-,-,28.50444444,77.15361111,25-05-2006 00:00,7.59,810,"","",411,336.9,50,"",14,"","","",325,71,35.95,60,"","","","","","","","","","",""
348,Ghittorni Pz,CGWB,7,Delhi,84,SOUTH WEST,NAJAFGARH,NAJAFGARH,Ghittorni,-,-,-,-,-,-,28.50444444,77.15361111,25-05-2007 00:00,8.46,650,"",18,323,294.8,31,"",10,"","","",152,35,16,96,"","","","","","","","","","",""
349,GK 2,CGWB,7,Delhi,670,South East Delhi,KALKAJI,-,-,-,-,-,-,-,-,28.54080000,77.24170000,30-05-2021 08:00,7.47,808,525.2,0,207.4,"",99.26,"",102,0.1,"","",230,48,26.752,83.6,"","","","","","","","","","",""
350,Goela Khurd (Dairy) Pz,CGWB,7,Delhi,84,SOUTH WEST,NAJAFGARH,NAJAFGARH,GOELA KHURD,-,-,-,-,-,-,28.57777778,77.02000000,25-05-2001 00:00,8.27,1230,"","",591,484.4,91,"",49,"","","",288,44,433,168,"","","","","","","","","","",""
351,Goela Khurd (Dairy) Pz,CGWB,7,Delhi,84,SOUTH WEST,NAJAFGARH,NAJAFGARH,GOELA KHURD,-,-,-,-,-,-,28.57777778,77.02000000,25-05-2002 00:00,8.27,1060,"",9,342,295.3,142,"",20,"","","",350,96,27,74,"","","","","","","","","","",""
352,Goela Khurd (Dairy) Pz,CGWB,7,Delhi,84,SOUTH WEST,NAJAFGARH,NAJAFGARH,GOELA KHURD,-,-,-,-,-,-,28.57777778,77.02000000,25-05-2006 00:00,7.3,855,"","",328,268.9,111,"",26,"","","",245,49,29.84,100,"","","","","","","","","","",""
353,Goela Khurd (Dairy) Pz,CGWB,7,Delhi,84,SOUTH WEST,NAJAFGARH,NAJAFGARH,GOELA KHURD,-,-,-,-,-,-,28.57777778,77.02000000,25-05-2011 00:00,8.15,1130,"","",188,154.1,222,"","","","","",304,31,55,115,"","","","","","","","","","",""
354,Gokulpuri E Pz,CGWB,7,Delhi,81,NORTH EAST,SEELAM PUR,SEELAM PUR,Gokulpuri,-,-,-,-,-,-,28.70416667,77.27444444,25-05-2000 00:00,7.37,217,"","",79,64.8,14,"",32,"","","",104,36,3.6,8,"","","","","","","","","","",""
355,Gokulpuri E Pz,CGWB,7,Delhi,81,NORTH EAST,SEELAM PUR,SEELAM PUR,Gokulpuri,-,-,-,-,-,-,28.70416667,77.27444444,25-05-2005 00:00,8.1,2290,"","",602,493.4,328,"",220,"","","",471,29,96.92,324,"","","","","","","","","","",""
356,Gokulpuri E Pz,CGWB,7,Delhi,81,NORTH EAST,SEELAM PUR,SEELAM PUR,Gokulpuri,-,-,-,-,-,-,28.70416667,77.27444444,25-05-2007 00:00,7.72,760,"","",126,103.3,117,"",85,"","","",289,59,35,48,"","","","","","","","","","",""
357,Gokulpuri E Pz,CGWB,7,Delhi,81,NORTH EAST,SEELAM PUR,SEELAM PUR,Gokulpuri,-,-,-,-,-,-,28.70416667,77.27444444,25-05-2012 00:00,9.09,380,"",28.38,92.6,123.2,13.66,"",27.1,"","","",171,44.28,14.35,4.14,"",0.429,"","","","","","","","",""
358,Gokulpuri E Pz,CGWB,7,Delhi,81,NORTH EAST,SEELAM PUR,SEELAM PUR,Gokulpuri,-,-,-,-,-,-,28.70416667,77.27444444,25-05-2013 00:00,8.35,195,"",25,38,72.8,13,"",5,"","","",95,25,8,1.6,"","","","","","","","","","",""
359,Gokulpuri E Pz,CGWB,7,Delhi,81,NORTH EAST,SEELAM PUR,SEELAM PUR,Gokulpuri,-,-,-,-,-,-,28.70416667,77.27444444,25-05-2014 00:00,8.62,475,"",24,121,139.18,21,"",108,"","","",165,33,20,51,"","","","","","","","","","",""
360,Gokulpuri E Pz,CGWB,7,Delhi,81,NORTH EAST,SEELAM PUR,SEELAM PUR,Gokulpuri,-,-,-,-,-,-,28.70416667,77.27444444,25-05-2016 00:00,8,200.8,135,"","","",127.62,"",13.17,"","","",20.38,16.31,4.07,3.63,"","","","","","","","","","",""
361,G T Road Shahdara Dw,CGWB,7,Delhi,81,NORTH EAST,SEELAM PUR,SEELAM PUR,G T Road Shahdara,-,-,-,-,-,-,28.67611111,77.29694444,25-05-2001 00:00,7.96,1460,"","",503,412.3,99,"",145,"","","",465,117,42,95,"","","","","","","","","","",""
362,G T Road Shahdara Dw,CGWB,7,Delhi,81,NORTH EAST,SEELAM PUR,SEELAM PUR,G T Road Shahdara,-,-,-,-,-,-,28.67611111,77.29694444,25-05-2007 00:00,8.28,675,"","",173,141.8,45,"",96,"","","",167,35,19,52,"","","","","","","","","","",""
363,G T Road Shahdara Dw,CGWB,7,Delhi,81,NORTH EAST,SEELAM PUR,SEELAM PUR,G T Road Shahdara,-,-,-,-,-,-,28.67611111,77.29694444,25-05-2008 00:00,7.9,533,"","",242,198.4,30,"",42,"","","",218,64,14.18,24,"","","","","","","","","","",""
364,G T Road Shahdara Dw,CGWB,7,Delhi,81,NORTH EAST,SEELAM PUR,SEELAM PUR,G T Road Shahdara,-,-,-,-,-,-,28.67611111,77.29694444,25-05-2012 00:00,8.9,550,"",34.5,129.08,163.3,26.58,"",49,"","","",200,52.68,16.29,29.69,"",0.261,"","","","","","","","",""
365,Haiderpur Dw,CGWB,7,Delhi,82,NORTH WEST,SARASWATI VIHAR,SARASWATI VIHAR,HAIDERPUR,-,-,-,-,-,-,28.72194444,77.14000000,25-05-2013 00:00,8.1,922,"","",281,"",89,"",115,"","","",420,56,68,32,"","","","","","","","","","",""
366,Haiderpur Dw,CGWB,7,Delhi,82,NORTH WEST,SARASWATI VIHAR,SARASWATI VIHAR,HAIDERPUR,-,-,-,-,-,-,28.72194444,77.14000000,25-05-2017 00:00,8.1,470,"",0,232,"",14,"",40,"",16,"",240,53,26,7.33,"","","","","","","","","","",""
367,Haiderpur Pz,CGWB,7,Delhi,82,NORTH WEST,SARASWATI VIHAR,-,-,-,-,-,-,-,-,28.72888889,77.14694444,25-05-2000 00:00,7.63,197,"","",73,59.8,14,"",22,"","","",99,24,9.6,4,"","","","","","","","","","",""
368,Haiderpur Pz,CGWB,7,Delhi,82,NORTH WEST,SARASWATI VIHAR,-,-,-,-,-,-,-,-,28.72888889,77.14694444,25-05-2003 00:00,8.2,885,"","",225,184.4,98,"",121,"","","",398,47,68,53,"","","","","","","","","","",""
369,Haiderpur Pz,CGWB,7,Delhi,82,NORTH WEST,SARASWATI VIHAR,-,-,-,-,-,-,-,-,28.72888889,77.14694444,25-05-2011 00:00,"",565,"","","","",38,"","","","","","","","","","","","","","","","","","","",""
370,Haiderpur Pz,CGWB,7,Delhi,82,NORTH WEST,SARASWATI VIHAR,-,-,-,-,-,-,-,-,28.72888889,77.14694444,25-05-2012 00:00,9.02,1071,"",31.74,157.14,181.7,147.68,"",234.5,"","","",517,91.3,69.33,81.95,"",2.259,"","","","","","","","",""
371,Haiderpur Pz,CGWB,7,Delhi,82,NORTH WEST,SARASWATI VIHAR,-,-,-,-,-,-,-,-,28.72888889,77.14694444,25-05-2013 00:00,8.1,922,"","",281,230.3,89,"",115,"","","",420,56,68,32,"","","","","","","","","","",""
372,Haiderpur Pz,CGWB,7,Delhi,82,NORTH WEST,SARASWATI VIHAR,-,-,-,-,-,-,-,-,28.72888889,77.14694444,25-05-2014 00:00,8.59,772,"",13,215,197.9,57,"",100,"","","",327,45,52,32,"","","","","","","","","","",""
373,Haiderpur Pz,CGWB,7,Delhi,82,NORTH WEST,SARASWATI VIHAR,-,-,-,-,-,-,-,-,28.72888889,77.14694444,25-05-2015 00:00,8.15,755.5,"",0,150.8,123.61,94,"",136,"","","",347,33,64,16,"",0.006,"","","","","","","","",""
374,Haiderpur Pz,CGWB,7,Delhi,82,NORTH WEST,SARASWATI VIHAR,-,-,-,-,-,-,-,-,28.72888889,77.14694444,25-05-2018 00:00,8.19,560,0,"",151,0,94,"","","",24,"",255,57,27,9,"",0,0,"","","","","","","",""
375,Haiderpur Pz,CGWB,7,Delhi,82,NORTH WEST,SARASWATI VIHAR,-,-,-,-,-,-,-,-,28.72888889,77.14694444,30-05-2019 08:00,8.17,688,"",0,195,"",106,"","","",21,"",290,44,44,44.1,"","","","","","","","","","",""
376,Haiderpur Pz,CGWB,7,Delhi,82,NORTH WEST,SARASWATI VIHAR,-,-,-,-,-,-,-,-,28.72888889,77.14694444,30-05-2020 08:00,8.17,688,"","",195,"",106,"","","",21,"","",44,44,44.1,"","","","","","","","","","",""
377,Hareoli Dw,CGWB,7,Delhi,82,NORTH WEST,SARASWATI VIHAR,SARASWATI VIHAR,HAREOLI,-,-,-,-,-,-,28.83194444,77.00833333,25-05-2000 00:00,8.03,1117,"","",323,264.8,157,"",138,"","","",342,66,43,140,"","","","","","","","","","",""
378,Hareoli Dw,CGWB,7,Delhi,82,NORTH WEST,SARASWATI VIHAR,SARASWATI VIHAR,HAREOLI,-,-,-,-,-,-,28.83194444,77.00833333,25-05-2001 00:00,8.24,1370,"","",453,371.3,46,"",250,"","","",142,32,15,270,"","","","","","","","","","",""
379,Hareoli Dw,CGWB,7,Delhi,82,NORTH WEST,SARASWATI VIHAR,SARASWATI VIHAR,HAREOLI,-,-,-,-,-,-,28.83194444,77.00833333,25-05-2002 00:00,8.4,1350,"",15,146,144.7,199,"",211,"","","",370,20,77,135,"","","","","","","","","","",""
380,Hareoli Dw,CGWB,7,Delhi,82,NORTH WEST,SARASWATI VIHAR,SARASWATI VIHAR,HAREOLI,-,-,-,-,-,-,28.83194444,77.00833333,25-05-2008 00:00,7.95,1043,"","",229,187.7,119,"",200,"","","",376,64,52.59,94,"","","","","","","","","","",""
381,Hareoli Dw,CGWB,7,Delhi,82,NORTH WEST,SARASWATI VIHAR,SARASWATI VIHAR,HAREOLI,-,-,-,-,-,-,28.83194444,77.00833333,25-05-2010 00:00,8.18,3330,"","",310,254.1,716,"",110,"","","",1066,123,189,300,"","","","","","","","","","",""
382,Hareoli Dw,CGWB,7,Delhi,82,NORTH WEST,SARASWATI VIHAR,SARASWATI VIHAR,HAREOLI,-,-,-,-,-,-,28.83194444,77.00833333,25-05-2011 00:00,"",4440,"","","","",848,"","","","","","","","","","","","","","","","","","","",""
383,Hareoli Dw,CGWB,7,Delhi,82,NORTH WEST,SARASWATI VIHAR,SARASWATI VIHAR,HAREOLI,-,-,-,-,-,-,28.83194444,77.00833333,25-05-2012 00:00,9.04,2988,"",44.16,322.69,338.1,439.35,"",711,"","","",1314,51.71,284.09,478.1,"",2.778,"","","","","","","","",""
384,Hareoli Dw,CGWB,7,Delhi,82,NORTH WEST,SARASWATI VIHAR,SARASWATI VIHAR,HAREOLI,-,-,-,-,-,-,28.83194444,77.00833333,25-05-2013 00:00,8.02,2125,"","",317,259.8,327,"",330,"","","",600,68,105,222,"","","","","","","","","","",""
385,Hareoli Dw,CGWB,7,Delhi,82,NORTH WEST,SARASWATI VIHAR,SARASWATI VIHAR,HAREOLI,-,-,-,-,-,-,28.83194444,77.00833333,25-05-2014 00:00,8.2,2109,"",0,282,231.15,376,"",400,"","","",653,82,109,250,"","","","","","","","","","",""
386,Hareoli Dw,CGWB,7,Delhi,82,NORTH WEST,SARASWATI VIHAR,SARASWATI VIHAR,HAREOLI,-,-,-,-,-,-,28.83194444,77.00833333,25-05-2015 00:00,8.21,2435,"",0,178.4,146.23,462,"",489,"","","",877,76,164,271,"",0.207,"","","","","","","","",""
387,Hareoli Dw,CGWB,7,Delhi,82,NORTH WEST,SARASWATI VIHAR,SARASWATI VIHAR,HAREOLI,-,-,-,-,-,-,28.83194444,77.00833333,25-05-2016 00:00,8.1,1500,1005,"","","",382.86,"",457.07,"","","",95.92,23.04,72.88,232.8,"","","","","","","","","","",""
388,Hareoli Dw,CGWB,7,Delhi,82,NORTH WEST,SARASWATI VIHAR,SARASWATI VIHAR,HAREOLI,-,-,-,-,-,-,28.83194444,77.00833333,25-05-2017 00:00,7.66,2770,"",0,427,"",435,"",452,"",20,"",781,100,129,315,"","","","","","","","","","",""
389,Hareoli Dw,CGWB,7,Delhi,82,NORTH WEST,SARASWATI VIHAR,SARASWATI VIHAR,HAREOLI,-,-,-,-,-,-,28.83194444,77.00833333,25-05-2018 00:00,8.21,2700,0,"",86,0,645,"",516,"",27,"",756,86,132,355,"",0,0,"","","","","","","",""
390,Hauz Khas Pz,CGWB,7,Delhi,83,SOUTH,HAUZ KHAS,HAUZ KHAS,Hauz Khas,-,-,-,-,-,-,28.54527778,77.20222222,25-05-2005 00:00,8.25,1080,"","",265,217.2,198,"",32,"","","",306,27,58.02,108,"","","","","","","","","","",""
391,Hauz Khas Pz,CGWB,7,Delhi,83,SOUTH,HAUZ KHAS,HAUZ KHAS,Hauz Khas,-,-,-,-,-,-,28.54527778,77.20222222,25-05-2006 00:00,7.36,1050,"","",366,300,83,"",110,"","","",390,65,55,83,"","","","","","","","","","",""
392,Hauz Khas Pz,CGWB,7,Delhi,83,SOUTH,HAUZ KHAS,HAUZ KHAS,Hauz Khas,-,-,-,-,-,-,28.54527778,77.20222222,25-05-2009 00:00,7.2,4630,"","",254,208.2,747,"",470,"","","",1489,321,167,440,"","","","","","","","","","",""
393,Hauz Khas Pz,CGWB,7,Delhi,83,SOUTH,HAUZ KHAS,HAUZ KHAS,Hauz Khas,-,-,-,-,-,-,28.54527778,77.20222222,25-05-2010 00:00,6.8,4920,"","",230,188.5,750,"",448,"","","",1689,285,237,414,"","","","","","","","","","",""
394,Hauz Khas Pz,CGWB,7,Delhi,83,SOUTH,HAUZ KHAS,HAUZ KHAS,Hauz Khas,-,-,-,-,-,-,28.54527778,77.20222222,25-05-2011 00:00,"",3500,"","","","",598,"","","","","","","","","","","","","","","","","","","",""
395,Hauz Khas Pz,CGWB,7,Delhi,83,SOUTH,HAUZ KHAS,HAUZ KHAS,Hauz Khas,-,-,-,-,-,-,28.54527778,77.20222222,25-05-2012 00:00,9.33,3882,"",46.92,129.08,184,679.33,"",412,"","","",1390,266.64,176.29,793.6,"",0.666,"","","","","","","","",""
396,Hauz Khas Pz,CGWB,7,Delhi,83,SOUTH,HAUZ KHAS,HAUZ KHAS,Hauz Khas,-,-,-,-,-,-,28.54527778,77.20222222,25-05-2013 00:00,7.27,1856,"","",356,291.8,336,"",232,"","","",580,148,51,210,"","","","","","","","","","",""
397,Hauz Khas Pz,CGWB,7,Delhi,83,SOUTH,HAUZ KHAS,HAUZ KHAS,Hauz Khas,-,-,-,-,-,-,28.54527778,77.20222222,25-05-2014 00:00,7.8,3125,"",0,181,148.36,442,"",560,"","","",1061,132,178,327,"","","","","","","","","","",""
398,Hauz Khas Pz,CGWB,7,Delhi,83,SOUTH,HAUZ KHAS,HAUZ KHAS,Hauz Khas,-,-,-,-,-,-,28.54527778,77.20222222,25-05-2015 00:00,7.95,2785,"",0,125.9,103.2,411,"",307,"","","",794,139,107,303,"",0.001,"","","","","","","","",""
399,Hauz Khas Pz,CGWB,7,Delhi,83,SOUTH,HAUZ KHAS,HAUZ KHAS,Hauz Khas,-,-,-,-,-,-,28.54527778,77.20222222,25-05-2016 00:00,8.1,3312,2219,"","","",496.3,"",304.4,"","","",175.16,110.8,64.36,321,"","","","","","","","","","",""
400,Hauz Khas Pz,CGWB,7,Delhi,83,SOUTH,HAUZ KHAS,HAUZ KHAS,Hauz Khas,-,-,-,-,-,-,28.54527778,77.20222222,25-05-2017 00:00,7.48,3796,"",0,293,"",613,"",780,"",29,"",1313,283,147,392,"","","","","","","","","","",""
401,Hiranki Dw,CGWB,7,Delhi,82,NORTH WEST,SARASWATI VIHAR,SARASWATI VIHAR,HIRANKI,-,-,-,-,-,-,28.78333333,77.18055556,25-05-2003 00:00,8.11,2580,"","",273,223.8,506,"",400,"","","",900,79,170.9,395,"","","","","","","","","","",""
402,Hiran Kudna Dw,CGWB,7,Delhi,85,WEST,PATEL NAGAR,PATEL NAGAR,Hiran Kudna,-,-,-,-,-,-,28.68222222,76.99416667,25-05-2004 00:00,7.7,3850,"","",173,141.8,1209,"",330,"","","",1226,260,140,460,"","","","","","","","","","",""
403,Hiran Kudna Dw,CGWB,7,Delhi,85,WEST,PATEL NAGAR,PATEL NAGAR,Hiran Kudna,-,-,-,-,-,-,28.68222222,76.99416667,25-05-2009 00:00,7.6,25300,"","",254,208.2,8710,"",1720,"","","",6775,1099,979,3650,"","","","","","","","","","",""
404,Hiran Kudna Dw,CGWB,7,Delhi,85,WEST,PATEL NAGAR,PATEL NAGAR,Hiran Kudna,-,-,-,-,-,-,28.68222222,76.99416667,25-05-2010 00:00,8.02,14100,"","",491,402.5,4396,"",200,"","","",2428,376,362,2135,"","","","","","","","","","",""
405,Hiran Kudna Dw,CGWB,7,Delhi,85,WEST,PATEL NAGAR,PATEL NAGAR,Hiran Kudna,-,-,-,-,-,-,28.68222222,76.99416667,25-05-2012 00:00,7.7,27880,"",34.5,99.61,139.2,6156.16,"",2310,"","","",5400,1052.4,664.1,3586,"",0.581,"","","","","","","","",""
406,Hiran Kudna Dw,CGWB,7,Delhi,85,WEST,PATEL NAGAR,PATEL NAGAR,Hiran Kudna,-,-,-,-,-,-,28.68222222,76.99416667,25-05-2013 00:00,7.2,8740,"","",207,169.7,3089,"",128,"","","",2919,560,370,790,"","","","","","","","","","",""
407,Hiran Kudna Dw,CGWB,7,Delhi,85,WEST,PATEL NAGAR,PATEL NAGAR,Hiran Kudna,-,-,-,-,-,-,28.68222222,76.99416667,25-05-2014 00:00,7.47,26720,"",0,169,138.52,10922,"",1810,"","","",7818,985,1297,4460,"","","","","","","","","","",""
408,Hiran Kudna Dw,CGWB,7,Delhi,85,WEST,PATEL NAGAR,PATEL NAGAR,Hiran Kudna,-,-,-,-,-,-,28.68222222,76.99416667,25-05-2015 00:00,7.56,24240,"",0,327.3,268.28,7409,"",1554,"","","",2448,142,502,4607,"",0.294,"","","","","","","","",""
409,Hiran Kudna Dw,CGWB,7,Delhi,85,WEST,PATEL NAGAR,PATEL NAGAR,Hiran Kudna,-,-,-,-,-,-,28.68222222,76.99416667,25-05-2016 00:00,7.6,33750,22613,"","","",10379.76,"",2225.39,"","","",1607.7,914.3,693.4,2350,"","","","","","","","","","",""
410,Hiran Kudna Dw,CGWB,7,Delhi,85,WEST,PATEL NAGAR,PATEL NAGAR,Hiran Kudna,-,-,-,-,-,-,28.68222222,76.99416667,25-05-2017 00:00,7.37,30500,"",0,317,"",10564,"",2288,"",22,"",8250,660,1604,4310,"","","","","","","","","","",""
411,Hiran Kudna Dw,CGWB,7,Delhi,85,WEST,PATEL NAGAR,PATEL NAGAR,Hiran Kudna,-,-,-,-,-,-,28.68222222,76.99416667,25-05-2018 00:00,7.93,6550,0,"",352,0,1716,"",480,"",22,"",1286,180,203,950,"",0,0,"","","","","","","",""
412,Hiran Kudna Dw,CGWB,7,Delhi,85,WEST,PATEL NAGAR,PATEL NAGAR,Hiran Kudna,-,-,-,-,-,-,28.68222222,76.99416667,30-05-2019 08:00,7.25,15420,"",0,171,"",4878,"","","",23,"",2802,481,389,2463,"","","","","","","","","","",""
413,Hiran Kudna Dw,CGWB,7,Delhi,85,WEST,PATEL NAGAR,PATEL NAGAR,Hiran Kudna,-,-,-,-,-,-,28.68222222,76.99416667,30-05-2020 08:00,7.25,15420,"","",171,"",4878,"","","",23,"","",481,389,2463,"","","","","","","","","","",""
414,Holambi Khurd Dw,CGWB,7,Delhi,82,NORTH WEST,SARASWATI VIHAR,SARASWATI VIHAR,HOLAMBI KHURD,-,-,-,-,-,-,28.79666667,77.09666667,25-05-2003 00:00,7.75,3010,"","",417,341.8,463,"",624,"","","",796,133,113,410,"","","","","","","","","","",""
415,Humayun Tomb,CGWB,7,Delhi,83,SOUTH,HAUZ KHAS,HAUZ KHAS,Humayun Tomb,-,-,-,-,-,-,28.59500000,77.25083333,25-05-2014 00:00,8.56,"","",59,531,533.58,456,"",448,"","","",3249,82,78,451,"","","","","","","","","","",""
416,Humayun Tomb,CGWB,7,Delhi,83,SOUTH,HAUZ KHAS,HAUZ KHAS,Humayun Tomb,-,-,-,-,-,-,28.59500000,77.25083333,25-05-2015 00:00,8.76,2522,"",15.67,508.3,442.76,349,"",288,"","","",394,28,78,405,"",0.044,"","","","","","","","",""
417,Humayun Tomb,CGWB,7,Delhi,83,SOUTH,HAUZ KHAS,HAUZ KHAS,Humayun Tomb,-,-,-,-,-,-,28.59500000,77.25083333,25-05-2017 00:00,8.06,2730,"",0,756,"",316,"",272,"",19,"",285,45,42,390,"","","","","","","","","","",""
418,Humayun Tomb,CGWB,7,Delhi,83,SOUTH,HAUZ KHAS,HAUZ KHAS,Humayun Tomb,-,-,-,-,-,-,28.59500000,77.25083333,25-05-2018 00:00,8.72,2550,0,86,440,0,299,"",325,"",25,"",225,20,42,427,"",0,0,"","","","","","","",""
419,IGNOU,CGWB,7,Delhi,83,SOUTH,HAUZ KHAS,HAUZ KHAS,IGNOU,-,-,-,-,-,-,28.49833333,77.19694444,25-05-2006 00:00,7.9,1210,"","",436,357.4,160,"",25,"","","",278,76,21.49,158,"","","","","","","","","","",""
420,India gate,CGWB,7,Delhi,79,NEW DELHI,CHANAKYAPURI,CHANAKYAPURI,INDIA GATE,-,-,-,-,-,-,28.61250000,77.22500000,25-05-2002 00:00,8.4,1250,"",12,281,250.3,178,"",106,"","","",270,72,22,79,"","","","","","","","","","",""
421,India gate,CGWB,7,Delhi,79,NEW DELHI,CHANAKYAPURI,CHANAKYAPURI,INDIA GATE,-,-,-,-,-,-,28.61250000,77.22500000,25-05-2006 00:00,7.64,1300,"","",423,346.7,100,"",160,"","","",331,47,51.97,180,"","","","","","","","","","",""
422,India gate,CGWB,7,Delhi,79,NEW DELHI,CHANAKYAPURI,CHANAKYAPURI,INDIA GATE,-,-,-,-,-,-,28.61250000,77.22500000,25-05-2008 00:00,7.97,1140,"","",369,302.5,113,"",105,"","","",188,40,22,194,"","","","","","","","","","",""
423,India gate,CGWB,7,Delhi,79,NEW DELHI,CHANAKYAPURI,CHANAKYAPURI,INDIA GATE,-,-,-,-,-,-,28.61250000,77.22500000,25-05-2010 00:00,7.91,3480,"","",120,98.4,486,"",480,"","","",989,136,158,340,"","","","","","","","","","",""
424,India gate,CGWB,7,Delhi,79,NEW DELHI,CHANAKYAPURI,CHANAKYAPURI,INDIA GATE,-,-,-,-,-,-,28.61250000,77.22500000,25-05-2011 00:00,"",3720,"","","","",719,"","","","","","","","","","","","","","","","","","","",""
425,India gate,CGWB,7,Delhi,79,NEW DELHI,CHANAKYAPURI,CHANAKYAPURI,INDIA GATE,-,-,-,-,-,-,28.61250000,77.22500000,25-05-2012 00:00,8.47,4984,"",20.7,206.24,203.6,592.57,"",750,"","","",1334,195.54,202.65,789.1,"",1.012,"","","","","","","","",""
426,India gate,CGWB,7,Delhi,79,NEW DELHI,CHANAKYAPURI,CHANAKYAPURI,INDIA GATE,-,-,-,-,-,-,28.61250000,77.22500000,25-05-2013 00:00,7.8,4712,"","",281,230.3,517,"",1325,"","","",961,156,139,726,"","","","","","","","","","",""
427,India gate,CGWB,7,Delhi,79,NEW DELHI,CHANAKYAPURI,CHANAKYAPURI,INDIA GATE,-,-,-,-,-,-,28.61250000,77.22500000,25-05-2014 00:00,8.51,2674,"",19.8,94,110.05,425,"",475,"","","",271,45,38,527,"","","","","","","","","","",""
428,India gate,CGWB,7,Delhi,79,NEW DELHI,CHANAKYAPURI,CHANAKYAPURI,INDIA GATE,-,-,-,-,-,-,28.61250000,77.22500000,25-05-2015 00:00,7.84,5107,"",0,45.28,37.11,589,"",1261,"","","",1058,115,185,640,"",0.288,"","","","","","","","",""
429,India gate,CGWB,7,Delhi,79,NEW DELHI,CHANAKYAPURI,CHANAKYAPURI,INDIA GATE,-,-,-,-,-,-,28.61250000,77.22500000,25-05-2016 00:00,7.8,5456,3656,"","","",553.02,"",1584.71,"","","",142.76,79.76,63,741,"","","","","","","","","","",""
430,India gate,CGWB,7,Delhi,79,NEW DELHI,CHANAKYAPURI,CHANAKYAPURI,INDIA GATE,-,-,-,-,-,-,28.61250000,77.22500000,25-05-2017 00:00,7.4,980,"",0,195,"",119,"",86,"",16,"",285,65,30,98,"","","","","","","","","","",""
431,India gate,CGWB,7,Delhi,79,NEW DELHI,CHANAKYAPURI,CHANAKYAPURI,INDIA GATE,-,-,-,-,-,-,28.61250000,77.22500000,25-05-2018 00:00,8.61,2390,0,49,189,0,368,"",371,"",22,"",235,33,37,470,"",0,0,"","","","","","","",""
432,Indira Nagar Pz,CGWB,7,Delhi,83,SOUTH,HAUZ KHAS,HAUZ KHAS,Bhati,-,-,-,-,-,-,28.43333333,77.21388889,25-05-2006 00:00,7.3,1160,"","",454,372.1,107,"",42,"","","",289,88,17,148,"","","","","","","","","","",""
433,Indirapuri Market,CGWB,7,Delhi,84,SOUTH WEST,NAJAFGARH,NAJAFGARH,INDRAPURI MARKET,-,-,-,-,-,-,28.64444444,77.15222222,25-05-2006 00:00,7.4,14400,"","",215,176.2,5451,"",52,"","","",6731,1584,675.64,640,"","","","","","","","","","",""
434,ISBT (Kashmiri Gate) Dw,CGWB,7,Delhi,82,NORTH WEST,NARELA,NARELA,ISBT(KASM.GATE),-,-,-,-,-,-,28.67222222,77.23055556,25-05-2001 00:00,7.89,2390,"","",597,489.3,252,"",340,"","","",738,170,76,240,"","","","","","","","","","",""
435,ISBT (Kashmiri Gate) Dw,CGWB,7,Delhi,82,NORTH WEST,NARELA,NARELA,ISBT(KASM.GATE),-,-,-,-,-,-,28.67222222,77.23055556,25-05-2002 00:00,8.5,1910,"",18,317,289.8,241,"",250,"","","",340,40,48,267,"","","","","","","","","","",""
436,ISBT (Kashmiri Gate) Dw,CGWB,7,Delhi,82,NORTH WEST,NARELA,NARELA,ISBT(KASM.GATE),-,-,-,-,-,-,28.67222222,77.23055556,25-05-2003 00:00,7.51,1716,"","",574,470.5,265,"",69,"","","",650,118,86,151,"","","","","","","","","","",""
437,ISBT (Kashmiri Gate) Dw,CGWB,7,Delhi,82,NORTH WEST,NARELA,NARELA,ISBT(KASM.GATE),-,-,-,-,-,-,28.67222222,77.23055556,25-05-2006 00:00,7.58,3800,"","",202,165.6,1056,"",217,"","","",653,172,55,560,"","","","","","","","","","",""
438,ISBT (Kashmiri Gate) Dw,CGWB,7,Delhi,82,NORTH WEST,NARELA,NARELA,ISBT(KASM.GATE),-,-,-,-,-,-,28.67222222,77.23055556,25-05-2010 00:00,7.76,1030,"","",330,270.5,103,"",65,"","","",290,82,21,96,"","","","","","","","","","",""
439,ISBT (Kashmiri Gate) Dw,CGWB,7,Delhi,82,NORTH WEST,NARELA,NARELA,ISBT(KASM.GATE),-,-,-,-,-,-,28.67222222,77.23055556,25-05-2011 00:00,"",1460,"","","","",195,"","","","","","","","","","","","","","","","","","","",""
440,ISBT (Kashmiri Gate) Dw,CGWB,7,Delhi,82,NORTH WEST,NARELA,NARELA,ISBT(KASM.GATE),-,-,-,-,-,-,28.67222222,77.23055556,25-05-2012 00:00,8.81,3225,"",35.88,116.45,155.3,509.5,"",496,"","","",429,100.19,42.9,998.7,"",0.382,"","","","","","","","",""
441,ISBT (Kashmiri Gate) Dw,CGWB,7,Delhi,82,NORTH WEST,NARELA,NARELA,ISBT(KASM.GATE),-,-,-,-,-,-,28.67222222,77.23055556,25-05-2013 00:00,8.55,574,"",37,76,124,68,"",65,"","","",189,51,15,47,"","","","","","","","","","",""
442,ISBT (Kashmiri Gate) Dw,CGWB,7,Delhi,82,NORTH WEST,NARELA,NARELA,ISBT(KASM.GATE),-,-,-,-,-,-,28.67222222,77.23055556,25-05-2014 00:00,8.13,1936,"",0,217,177.87,288,"",310,"","","",371,82,40,294,"","","","","","","","","","",""
443,ISBT (Kashmiri Gate) Dw,CGWB,7,Delhi,82,NORTH WEST,NARELA,NARELA,ISBT(KASM.GATE),-,-,-,-,-,-,28.67222222,77.23055556,25-05-2015 00:00,8.12,2390,"",0,489.8,401.48,153,"",451,"","","",942,136,144,132,"",0.231,"","","","","","","","",""
444,ISBT (Kashmiri Gate) Dw,CGWB,7,Delhi,82,NORTH WEST,NARELA,NARELA,ISBT(KASM.GATE),-,-,-,-,-,-,28.67222222,77.23055556,25-05-2016 00:00,8.6,779.7,522,"","","",99.26,"",73.66,"","","",47.44,19.34,28.1,13.8,"","","","","","","","","","",""
445,ISBT (Kashmiri Gate) Dw,CGWB,7,Delhi,82,NORTH WEST,NARELA,NARELA,ISBT(KASM.GATE),-,-,-,-,-,-,28.67222222,77.23055556,25-05-2017 00:00,8.07,245,"",0,73,"",14,"",46,"",5.9,"",111,28,9.8,8.6,"","","","","","","","","","",""
446,Issapur Khera Pz,CGWB,7,Delhi,84,SOUTH WEST,NAJAFGARH,NAJAFGARH,Issapur Khera,-,-,-,-,-,-,28.57416667,76.86222222,25-05-2004 00:00,8.25,2340,"","",995,815.6,300,"",50,"","","",219,13,45,510,"","","","","","","","","","",""
447,Issapur Khera Pz,CGWB,7,Delhi,84,SOUTH WEST,NAJAFGARH,NAJAFGARH,Issapur Khera,-,-,-,-,-,-,28.57416667,76.86222222,25-05-2010 00:00,8.29,8070,"","",350,286.9,2327,"",380,"","","",1906,82,413,1150,"","","","","","","","","","",""
448,Issapur Khera Pz,CGWB,7,Delhi,84,SOUTH WEST,NAJAFGARH,NAJAFGARH,Issapur Khera,-,-,-,-,-,-,28.57416667,76.86222222,25-05-2013 00:00,8.05,195,"","",85,69.7,13,"",16,"","","",100,28,7.3,3,"","","","","","","","","","",""
449,Issapur Khera Pz,CGWB,7,Delhi,84,SOUTH WEST,NAJAFGARH,NAJAFGARH,Issapur Khera,-,-,-,-,-,-,28.57416667,76.86222222,25-05-2015 00:00,8.07,8995,"",0,276.5,226.64,2661,"",505,"","","",1398,140,251,1376,"",0.07,"","","","","","","","",""
450,Issapur Khera Pz,CGWB,7,Delhi,84,SOUTH WEST,NAJAFGARH,NAJAFGARH,Issapur Khera,-,-,-,-,-,-,28.57416667,76.86222222,25-05-2016 00:00,8,12360,8281,"","","",3771.88,"",647.7,"","","",281.8,165.6,116.2,1660,"","","","","","","","","","",""
451,Issapur Khera Pz,CGWB,7,Delhi,84,SOUTH WEST,NAJAFGARH,NAJAFGARH,Issapur Khera,-,-,-,-,-,-,28.57416667,76.86222222,25-05-2017 00:00,7.7,7591,"",0,537,"",1923,"",260,"",20,"",1561,156,285,980,"","","","","","","","","","",""
452,Jagatpur Pz-1,CGWB,7,Delhi,82,NORTH WEST,NARELA,NARELA,Jagatpur,-,-,-,-,-,-,28.74333333,77.22138889,25-05-2006 00:00,7.53,1250,"","",505,413.9,118,"",33,"","","",419,102,40,57,"","","","","","","","","","",""
453,Jagatpur Pz-1,CGWB,7,Delhi,82,NORTH WEST,NARELA,NARELA,Jagatpur,-,-,-,-,-,-,28.74333333,77.22138889,25-05-2010 00:00,7.72,1013,"","",230,188.5,89,"",195,"","","",354,82,36,77,"","","","","","","","","","",""
454,Jagatpur Pz-1,CGWB,7,Delhi,82,NORTH WEST,NARELA,NARELA,Jagatpur,-,-,-,-,-,-,28.74333333,77.22138889,25-05-2012 00:00,8.8,1086,"",37.26,126.27,165.6,98.76,"",46,"","","",394,52.52,63.02,60,"",0.778,"","","","","","","","",""
455,Jagatpur Pz-1,CGWB,7,Delhi,82,NORTH WEST,NARELA,NARELA,Jagatpur,-,-,-,-,-,-,28.74333333,77.22138889,25-05-2017 00:00,7.8,1305,"",0,305,"",140,"",238,"",14,"",394,85,44,138,"","","","","","","","","","",""
456,Jagatpur Pz-2,CGWB,7,Delhi,82,NORTH WEST,NARELA,NARELA,Jagatpur,-,-,-,-,-,-,28.74000000,77.22250000,25-05-2009 00:00,8.08,466,"","",217,177.9,17,"",32,"","","",185,45,18,23,"","","","","","","","","","",""
457,Jagatpur Pz-2,CGWB,7,Delhi,82,NORTH WEST,NARELA,NARELA,Jagatpur,-,-,-,-,-,-,28.74000000,77.22250000,25-05-2011 00:00,"",418,"","","","",49,"","","","","","","","","","","","","","","","","","","",""
458,Jagatpur Pz-2,CGWB,7,Delhi,82,NORTH WEST,NARELA,NARELA,Jagatpur,-,-,-,-,-,-,28.74000000,77.22250000,25-05-2012 00:00,8.87,640,"",34.5,30.87,82.8,56.67,"",76.4,"","","",234,49.77,26.37,64.99,"",0.907,"","","","","","","","",""
459,Jagatpur Pz-2,CGWB,7,Delhi,82,NORTH WEST,NARELA,NARELA,Jagatpur,-,-,-,-,-,-,28.74000000,77.22250000,25-05-2013 00:00,7.3,583,"","",200,163.9,77,"",30,"","","",217,20,41,35,"","","","","","","","","","",""
460,Jagatpur Pz-2,CGWB,7,Delhi,82,NORTH WEST,NARELA,NARELA,Jagatpur,-,-,-,-,-,-,28.74000000,77.22250000,25-05-2014 00:00,8.38,575,"",24,121,139.18,49,"",136,"","","",268,49,35,37,"","","","","","","","","","",""
461,Jagatpur Pz-2,CGWB,7,Delhi,82,NORTH WEST,NARELA,NARELA,Jagatpur,-,-,-,-,-,-,28.74000000,77.22250000,25-05-2015 00:00,8.19,764.5,"",0,65.77,53.91,172,"",87,"","","",292,41,45,35,"",0.139,"","","","","","","","",""
462,Jagatpur Pz-2,CGWB,7,Delhi,82,NORTH WEST,NARELA,NARELA,Jagatpur,-,-,-,-,-,-,28.74000000,77.22250000,25-05-2016 00:00,8.4,495.2,332,"","","",56.72,"",70.78,"","","",47.76,19.6,28.16,4.53,"","","","","","","","","","",""
463,Jagatpur Pz-2,CGWB,7,Delhi,82,NORTH WEST,NARELA,NARELA,Jagatpur,-,-,-,-,-,-,28.74000000,77.22250000,25-05-2018 00:00,8.09,903,0,"",176,0,160,"","","",21,"",286,57,35,77,"",0,0,"","","","","","","",""
464,Jaitpur Khadar RD-2600,CGWB,7,Delhi,83,SOUTH,HAUZ KHAS,HAUZ KHAS,Jaitpur Khadar,-,-,-,-,-,-,28.51500000,77.33500000,25-05-2008 00:00,7.08,1569,"","",455,373,199,"",172,"","","",386,88,40.47,219,"","","","","","","","","","",""
465,Jaitpur Khadar RD-2600,CGWB,7,Delhi,83,SOUTH,HAUZ KHAS,HAUZ KHAS,Jaitpur Khadar,-,-,-,-,-,-,28.51500000,77.33500000,25-05-2014 00:00,8.04,910,"",0,266,218.03,155,"",68,"","","",258,74,17,107,"","","","","","","","","","",""
466,Jaitpur Khadar RD-2600,CGWB,7,Delhi,83,SOUTH,HAUZ KHAS,HAUZ KHAS,Jaitpur Khadar,-,-,-,-,-,-,28.51500000,77.33500000,25-05-2015 00:00,7.85,1107,"",0,192.7,157.95,190,"",104,"","","",261,37,40,140,"",0.235,"","","","","","","","",""
467,Jaitpur Khadar RD-2600,CGWB,7,Delhi,83,SOUTH,HAUZ KHAS,HAUZ KHAS,Jaitpur Khadar,-,-,-,-,-,-,28.51500000,77.33500000,25-05-2016 00:00,8.4,1039,696,"","","",170.16,"",116.87,"","","",21.25,15.96,5.29,120.3,"","","","","","","","","","",""
468,Jaitpur Khadar RD-2600,CGWB,7,Delhi,83,SOUTH,HAUZ KHAS,HAUZ KHAS,Jaitpur Khadar,-,-,-,-,-,-,28.51500000,77.33500000,25-05-2017 00:00,7.51,1532,"",0,390,"",213,"",130,"",14,"",410,88,46,160,"","","","","","","","","","",""
469,Jaitpur Khadar RD-3500,CGWB,7,Delhi,83,SOUTH,HAUZ KHAS,HAUZ KHAS,Jaitpur Khadar,-,-,-,-,-,-,28.50888889,77.34055556,25-05-2010 00:00,7.48,725,"","",250,204.9,76,"",34,"","","",211,46,23,84,"","","","","","","","","","",""
470,Jaitpur Khadar RD-3500,CGWB,7,Delhi,83,SOUTH,HAUZ KHAS,HAUZ KHAS,Jaitpur Khadar,-,-,-,-,-,-,28.50888889,77.34055556,25-05-2011 00:00,"",691,"","","","",76,"","","","","","","","","","","","","","","","","","","",""
471,Jaitpur Khadar RD-3500,CGWB,7,Delhi,83,SOUTH,HAUZ KHAS,HAUZ KHAS,Jaitpur Khadar,-,-,-,-,-,-,28.50888889,77.34055556,25-05-2012 00:00,8.29,1523,"",48.3,122.06,180.6,276.9,"",245,"","","",659,74.34,113.44,216.85,"","","","","","","","","","",""
472,Jaitpur Khadar RD-3500,CGWB,7,Delhi,83,SOUTH,HAUZ KHAS,HAUZ KHAS,Jaitpur Khadar,-,-,-,-,-,-,28.50888889,77.34055556,25-05-2014 00:00,7.95,1260,"",0,266,218.03,183,"",190,"","","",299,54,40,169,"","","","","","","","","","",""
473,Jaitpur Khadar RD-3500,CGWB,7,Delhi,83,SOUTH,HAUZ KHAS,HAUZ KHAS,Jaitpur Khadar,-,-,-,-,-,-,28.50888889,77.34055556,25-05-2015 00:00,8.62,1950,"",13.78,505.1,436.98,256,"",267,"","","",363,28,70,308,"",0.002,"","","","","","","","",""
474,Jaitpur Khadar RD-3500,CGWB,7,Delhi,83,SOUTH,HAUZ KHAS,HAUZ KHAS,Jaitpur Khadar,-,-,-,-,-,-,28.50888889,77.34055556,25-05-2016 00:00,7.8,1631,1093,"","","",283.6,"",236.2,"","","",65.13,32.67,32.46,195,"","","","","","","","","","",""
475,Jaitpur Khadar RD-3500,CGWB,7,Delhi,83,SOUTH,HAUZ KHAS,HAUZ KHAS,Jaitpur Khadar,-,-,-,-,-,-,28.50888889,77.34055556,25-05-2017 00:00,7.52,1505,"",0,402,"",206,"",144,"",23,"",410,100,39,165,"","","","","","","","","","",""
476,Jamali Kamali,CGWB,7,Delhi,83,SOUTH,HAUZ KHAS,HAUZ KHAS,Jamali Kamali,-,-,-,-,-,-,28.50611111,77.18222222,25-05-2010 00:00,7,1880,"","",510,418,172,"",175,"","","",449,68,68,253,"","","","","","","","","","",""
477,Jamali Kamali,CGWB,7,Delhi,83,SOUTH,HAUZ KHAS,HAUZ KHAS,Jamali Kamali,-,-,-,-,-,-,28.50611111,77.18222222,25-05-2012 00:00,8.61,1973,"",53.82,188,243.8,285.21,"",371,"","","",748,57.37,147.03,396.4,"",0.295,"","","","","","","","",""
478,Jamali Kamali,CGWB,7,Delhi,83,SOUTH,HAUZ KHAS,HAUZ KHAS,Jamali Kamali,-,-,-,-,-,-,28.50611111,77.18222222,25-05-2013 00:00,7.15,1760,"","",287,235.3,249,"",316,"","","",481,60,80,202,"","","","","","","","","","",""
479,Jamali Kamali,CGWB,7,Delhi,83,SOUTH,HAUZ KHAS,HAUZ KHAS,Jamali Kamali,-,-,-,-,-,-,28.50611111,77.18222222,25-05-2014 00:00,8.22,1622,"",0,326,267.21,253,"",200,"","","",299,41,48,275,"","","","","","","","","","",""
480,Jamali Kamali,CGWB,7,Delhi,83,SOUTH,HAUZ KHAS,HAUZ KHAS,Jamali Kamali,-,-,-,-,-,-,28.50611111,77.18222222,25-05-2015 00:00,8.5,1678,"",9.19,272.9,239.01,218,"",254,"","","",360,23,72,237,"",0.004,"","","","","","","","",""
481,Jamali Kamali,CGWB,7,Delhi,83,SOUTH,HAUZ KHAS,HAUZ KHAS,Jamali Kamali,-,-,-,-,-,-,28.50611111,77.18222222,25-05-2016 00:00,8.8,1530,1025,"","","",156,"",141.1,"","","",33.49,6.39,27.1,249,"","","","","","","","","","",""
482,Jamali Kamali,CGWB,7,Delhi,83,SOUTH,HAUZ KHAS,HAUZ KHAS,Jamali Kamali,-,-,-,-,-,-,28.50611111,77.18222222,25-05-2017 00:00,7.71,1710,"",0,647,"",167,"",180,"",29,"",303,61,37,300,"","","","","","","","","","",""
483,Jamali Kamali,CGWB,7,Delhi,83,SOUTH,HAUZ KHAS,HAUZ KHAS,Jamali Kamali,-,-,-,-,-,-,28.50611111,77.18222222,30-05-2021 08:00,7.61,424,275.6,0,219.6,"",28.36,"",20,0.02,"","",190,40,21.888,19.2,"","","","","","","","","","",""
484,Janakpuri Pz,CGWB,7,Delhi,85,WEST,PATEL NAGAR,PATEL NAGAR,Janakpuri,-,-,-,-,-,-,28.63000000,77.09138889,25-05-2002 00:00,8.1,200,"","",55,45.1,28,"",8,"","","",90,28,5,2,"","","","","","","","","","",""
485,Janakpuri Pz,CGWB,7,Delhi,85,WEST,PATEL NAGAR,PATEL NAGAR,Janakpuri,-,-,-,-,-,-,28.63000000,77.09138889,25-05-2006 00:00,7.65,783,"","",282,231.2,71,"",55,"","","",307,64,35.82,45,"","","","","","","","","","",""
486,Janakpuri Pz,CGWB,7,Delhi,85,WEST,PATEL NAGAR,PATEL NAGAR,Janakpuri,-,-,-,-,-,-,28.63000000,77.09138889,25-05-2008 00:00,8.29,906,"","",313,256.6,76,"",120,"","","",330,57,45.66,72,"","","","","","","","","","",""
487,Janakpuri Pz,CGWB,7,Delhi,85,WEST,PATEL NAGAR,PATEL NAGAR,Janakpuri,-,-,-,-,-,-,28.63000000,77.09138889,25-05-2010 00:00,7.54,13800,"","",260,213.1,4176,"",1050,"","","",3358,655,418,1692,"","","","","","","","","","",""
488,Janakpuri Pz,CGWB,7,Delhi,85,WEST,PATEL NAGAR,PATEL NAGAR,Janakpuri,-,-,-,-,-,-,28.63000000,77.09138889,25-05-2011 00:00,"",3500,"","","","",236,"","","","","","","","","","","","","","","","","","","",""
489,Janakpuri Pz,CGWB,7,Delhi,85,WEST,PATEL NAGAR,PATEL NAGAR,Janakpuri,-,-,-,-,-,-,28.63000000,77.09138889,25-05-2012 00:00,8.29,5300,"",66.24,189.4,265.7,406.12,"",1660,"","","",1490,129.28,279.71,730,"",1.72,"","","","","","","","",""
490,Janakpuri Pz,CGWB,7,Delhi,85,WEST,PATEL NAGAR,PATEL NAGAR,Janakpuri,-,-,-,-,-,-,28.63000000,77.09138889,25-05-2014 00:00,8.04,8644,"",0,544,445.9,1081,"",2895,"","","",1257,124,230.4,1756,"","","","","","","","","","",""
491,Janakpuri Pz,CGWB,7,Delhi,85,WEST,PATEL NAGAR,PATEL NAGAR,Janakpuri,-,-,-,-,-,-,28.63000000,77.09138889,25-05-2015 00:00,7.84,13660,"",0,237.2,194.43,2142,"",3224,"","","",2088,513,193,2065,"",0.145,"","","","","","","","",""
492,Janakpuri Pz,CGWB,7,Delhi,85,WEST,PATEL NAGAR,PATEL NAGAR,Janakpuri,-,-,-,-,-,-,28.63000000,77.09138889,25-05-2018 00:00,7.98,12860,0,"",214,0,1091,"",4451,"",29,"",2297,262,399,1795,"",0,0,"","","","","","","",""
493,Janakpuri Pz,CGWB,7,Delhi,85,WEST,PATEL NAGAR,PATEL NAGAR,Janakpuri,-,-,-,-,-,-,28.63000000,77.09138889,30-05-2019 08:00,8.2,187,"",0,73,"",28,"","","",29,"",100,20,12,1.9,"","","","","","","","","","",""
494,Janakpuri Pz,CGWB,7,Delhi,85,WEST,PATEL NAGAR,PATEL NAGAR,Janakpuri,-,-,-,-,-,-,28.63000000,77.09138889,30-05-2020 08:00,8.2,187,"","",73,"",28,"","","",29,"","",20,12,1.9,"","","","","","","","","","",""
495,Jaunapur Bapu Slum,CGWB,7,Delhi,83,SOUTH,HAUZ KHAS,-,-,-,-,-,-,-,-,28.46138889,77.15361111,25-05-2008 00:00,8.27,789,"","",338,277.1,79,"",51,"","","",109,20,14.37,164,"","","","","","","","","","",""
496,Jaunapur DJB,CGWB,7,Delhi,83,SOUTH,HAUZ KHAS,-,-,-,-,-,-,-,-,28.46805556,77.15000000,25-05-2014 00:00,8.27,1163,"",0,326,267.21,196,"",52,"","","",299,29,55,152,"","","","","","","","","","",""
497,Jaunapur DJB,CGWB,7,Delhi,83,SOUTH,HAUZ KHAS,-,-,-,-,-,-,-,-,28.46805556,77.15000000,25-05-2015 00:00,8.09,1506,"",0,476.3,390.41,195,"",84,"","","",431,42,78,173,"",0.023,"","","","","","","","",""
498,Jaunapur DJB,CGWB,7,Delhi,83,SOUTH,HAUZ KHAS,-,-,-,-,-,-,-,-,28.46805556,77.15000000,25-05-2016 00:00,8.4,1204,807,"","","",198.5,"",970.9,"","","",41.03,5.85,35.18,123.3,"","","","","","","","","","",""
499,Jaunapur DJB,CGWB,7,Delhi,83,SOUTH,HAUZ KHAS,-,-,-,-,-,-,-,-,28.46805556,77.15000000,25-05-2017 00:00,7.7,1824,"",0,537,"",281,"",94,"",31,"",398,78,50,254,"","","","","","","","","","",""
500,Jaunapur DJB,CGWB,7,Delhi,83,SOUTH,HAUZ KHAS,-,-,-,-,-,-,-,-,28.46805556,77.15000000,25-05-2018 00:00,8.52,50,0,164,195,0,167,"",61,"",23,"",255,24,47,210,"",0,0,"","","","","","","",""
501,Jaunti Dw,CGWB,7,Delhi,82,NORTH WEST,SARASWATI VIHAR,SARASWATI VIHAR,Jaunti (m Dw),-,-,-,-,-,-,28.75277778,76.96666667,25-05-2002 00:00,8.8,1760,"",33,366,355,263,"",110,"","","",190,20,34,313,"","","","","","","","","","",""
502,Jaunti Dw,CGWB,7,Delhi,82,NORTH WEST,SARASWATI VIHAR,SARASWATI VIHAR,Jaunti (m Dw),-,-,-,-,-,-,28.75277778,76.96666667,25-05-2008 00:00,7.98,244,"","",85,69.7,9.9,"",44,"","","",124,40,5.88,4.4,"","","","","","","","","","",""
503,Jaunti Dw,CGWB,7,Delhi,82,NORTH WEST,SARASWATI VIHAR,SARASWATI VIHAR,Jaunti (m Dw),-,-,-,-,-,-,28.75277778,76.96666667,25-05-2010 00:00,8.13,4980,"","",170,139.3,1571,"",38,"","","",2349,364,350,185,"","","","","","","","","","",""
504,Jaunti Dw,CGWB,7,Delhi,82,NORTH WEST,SARASWATI VIHAR,SARASWATI VIHAR,Jaunti (m Dw),-,-,-,-,-,-,28.75277778,76.96666667,25-05-2012 00:00,7.86,6048,"","",88.39,109.3,1805.39,"",160,"","","",3323,449.25,527.46,760.8,"",0.353,"","","","","","","","",""
505,Jaunti Dw,CGWB,7,Delhi,82,NORTH WEST,SARASWATI VIHAR,SARASWATI VIHAR,Jaunti (m Dw),-,-,-,-,-,-,28.75277778,76.96666667,25-05-2014 00:00,8.15,5988,"",0,416,340.98,929,"",575,"","","",664,57,126.86,339,"","","","","","","","","","",""
506,Jaunti Dw,CGWB,7,Delhi,82,NORTH WEST,SARASWATI VIHAR,SARASWATI VIHAR,Jaunti (m Dw),-,-,-,-,-,-,28.75277778,76.96666667,25-05-2015 00:00,8.11,4600,"",0,702.1,575.49,921,"",498,"","","",786,31,170,565,"",0.002,"","","","","","","","",""
507,Jaunti Dw,CGWB,7,Delhi,82,NORTH WEST,SARASWATI VIHAR,SARASWATI VIHAR,Jaunti (m Dw),-,-,-,-,-,-,28.75277778,76.96666667,25-05-2016 00:00,8.1,6600,4422,"","","",1006.78,"",563.62,"","","",35.41,33.53,1.88,278.4,"","","","","","","","","","",""
508,Jaunti Dw,CGWB,7,Delhi,82,NORTH WEST,SARASWATI VIHAR,SARASWATI VIHAR,Jaunti (m Dw),-,-,-,-,-,-,28.75277778,76.96666667,25-05-2017 00:00,8.16,4460,"",0,879,"",449,"",660,"",15,"",420,40,79,270,"","","","","","","","","","",""
509,Jaunti Dw,CGWB,7,Delhi,82,NORTH WEST,SARASWATI VIHAR,SARASWATI VIHAR,Jaunti (m Dw),-,-,-,-,-,-,28.75277778,76.96666667,25-05-2018 00:00,8,3080,0,"",151,0,618,"",437,"",23,"",776,139,104,370,"",0,0,"","","","","","","",""
510,Jaunti Dw,CGWB,7,Delhi,82,NORTH WEST,SARASWATI VIHAR,SARASWATI VIHAR,Jaunti (m Dw),-,-,-,-,-,-,28.75277778,76.96666667,30-05-2019 08:00,8.6,6000,"",60,427,"",709,"","","",23,"",350,72,41,468,"","","","","","","","","","",""
511,Jaunti Dw,CGWB,7,Delhi,82,NORTH WEST,SARASWATI VIHAR,SARASWATI VIHAR,Jaunti (m Dw),-,-,-,-,-,-,28.75277778,76.96666667,30-05-2020 08:00,8.6,6000,"","",427,"",709,"","","",23,"","",72,41,468,"","","","","","","","","","",""
512,Jharoda Kalan Pz,CGWB,7,Delhi,84,SOUTH WEST,NAJAFGARH,NAJAFGARH,JARODA KALAN,-,-,-,-,-,-,28.63888889,76.97361111,25-05-2000 00:00,7.78,3230,"","",271,222.1,861,"",425,"","","",520,112,99,8.8,"","","","","","","","","","",""
513,Jharoda Kalan Pz,CGWB,7,Delhi,84,SOUTH WEST,NAJAFGARH,NAJAFGARH,JARODA KALAN,-,-,-,-,-,-,28.63888889,76.97361111,25-05-2002 00:00,7.7,16870,"","",214,175.4,5396,"",531,"","","",3800,880,387,2100,"","","","","","","","","","",""
514,Jharoda Kalan Pz,CGWB,7,Delhi,84,SOUTH WEST,NAJAFGARH,NAJAFGARH,JARODA KALAN,-,-,-,-,-,-,28.63888889,76.97361111,25-05-2006 00:00,7.01,6200,"","",682,559,1640,"",369,"","","",1021,270,84.45,1000,"","","","","","","","","","",""
515,Jharoda Kalan Pz,CGWB,7,Delhi,84,SOUTH WEST,NAJAFGARH,NAJAFGARH,JARODA KALAN,-,-,-,-,-,-,28.63888889,76.97361111,25-05-2007 00:00,7.5,14400,"","",192,157.4,4264,"",1520,"","","",3864,640,550,1880,"","","","","","","","","","",""
516,Jharoda Kalan Pz,CGWB,7,Delhi,84,SOUTH WEST,NAJAFGARH,NAJAFGARH,JARODA KALAN,-,-,-,-,-,-,28.63888889,76.97361111,25-05-2010 00:00,7.15,11800,"","",220,180.3,3425,"",930,"","","",2661,296,467,1600,"","","","","","","","","","",""
517,Jharoda Kalan Pz,CGWB,7,Delhi,84,SOUTH WEST,NAJAFGARH,NAJAFGARH,JARODA KALAN,-,-,-,-,-,-,28.63888889,76.97361111,25-05-2012 00:00,8.2,17240,"","",162.75,188.6,5639.53,"",1950,"","","",5903,64.64,1395.89,3318,"",0.332,"","","","","","","","",""
518,Jharoda Kalan Pz,CGWB,7,Delhi,84,SOUTH WEST,NAJAFGARH,NAJAFGARH,JARODA KALAN,-,-,-,-,-,-,28.63888889,76.97361111,25-05-2013 00:00,8.05,11140,"","",76,62.3,3335,"",1110,"","","",2228,290,353,1700,"","","","","","","","","","",""
519,Jharoda Kalan Pz,CGWB,7,Delhi,84,SOUTH WEST,NAJAFGARH,NAJAFGARH,JARODA KALAN,-,-,-,-,-,-,28.63888889,76.97361111,25-05-2014 00:00,8.17,9015,"",0,133,109.02,2828,"",730,"","","",2050,214,368,1303,"","","","","","","","","","",""
520,Jharoda Kalan Pz,CGWB,7,Delhi,84,SOUTH WEST,NAJAFGARH,NAJAFGARH,JARODA KALAN,-,-,-,-,-,-,28.63888889,76.97361111,25-05-2015 00:00,7.8,3940,"",0,146.7,120.25,1286,"",137,"","","",842,121,129,562,"",0.005,"","","","","","","","",""
521,Jharoda Kalan Pz,CGWB,7,Delhi,84,SOUTH WEST,NAJAFGARH,NAJAFGARH,JARODA KALAN,-,-,-,-,-,-,28.63888889,76.97361111,25-05-2016 00:00,7.9,1086,728,"","","",2736.4,"",1035.74,"","","",422.9,158.8,264.1,1620,"","","","","","","","","","",""
522,Jharoda Kalan Pz,CGWB,7,Delhi,84,SOUTH WEST,NAJAFGARH,NAJAFGARH,JARODA KALAN,-,-,-,-,-,-,28.63888889,76.97361111,25-05-2017 00:00,7.49,5484,"",0,403,"",1658,"",240,"",26,"",1364,234,189,733,"","","","","","","","","","",""
523,Jharoda Kalan Pz,CGWB,7,Delhi,84,SOUTH WEST,NAJAFGARH,NAJAFGARH,JARODA KALAN,-,-,-,-,-,-,28.63888889,76.97361111,25-05-2018 00:00,7.84,12600,0,"",151,0,1945,"",3326,"",21,"",2797,315,489,1735,"",0,0,"","","","","","","",""
524,Jheel Khoh,CGWB,7,Delhi,83,SOUTH,HAUZ KHAS,HAUZ KHAS,Jheel Khoh,-,-,-,-,-,-,28.40888889,77.18944444,25-05-2010 00:00,7.48,741,"","",310,254.1,62,"","","","","",204,19,38,100,"","","","","","","","","","",""
525,Jheel Khoh,CGWB,7,Delhi,83,SOUTH,HAUZ KHAS,HAUZ KHAS,Jheel Khoh,-,-,-,-,-,-,28.40888889,77.18944444,25-05-2015 00:00,8.1,829.2,"",0,242.3,198.61,91,"",31,"","","",236,35,36,102,"",0.004,"","","","","","","","",""
526,Jheel Khoh,CGWB,7,Delhi,83,SOUTH,HAUZ KHAS,HAUZ KHAS,Jheel Khoh,-,-,-,-,-,-,28.40888889,77.18944444,25-05-2016 00:00,8.4,738.5,495,"","","",226.9,"",24.3,"","","",26.71,8.71,18,103.8,"","","","","","","","","","",""
527,Jheel Khoh,CGWB,7,Delhi,83,SOUTH,HAUZ KHAS,HAUZ KHAS,Jheel Khoh,-,-,-,-,-,-,28.40888889,77.18944444,25-05-2018 00:00,8.7,685,0,37,189,0,69,"",49,"",14,"",123,20,17,124,"",0,0,"","","","","","","",""
528,Jheel Khoh,CGWB,7,Delhi,83,SOUTH,HAUZ KHAS,HAUZ KHAS,Jheel Khoh,-,-,-,-,-,-,28.40888889,77.18944444,30-05-2021 08:00,7.68,1720,1118,0,207.4,"",411.22,"",60,0.12,"","",470,108,48.64,167.5,"","","","","","","","","","",""
529,Jhuljhuli Dw,CGWB,7,Delhi,84,SOUTH WEST,NAJAFGARH,-,-,-,-,-,-,-,-,28.53611111,76.90472222,25-05-2002 00:00,8.6,1660,"",21,207,204.7,298,"",168,"","","",270,32,46,246,"","","","","","","","","","",""
530,Jhuljhuli Dw,CGWB,7,Delhi,84,SOUTH WEST,NAJAFGARH,-,-,-,-,-,-,-,-,28.53611111,76.90472222,25-05-2008 00:00,7.71,3810,"","",455,373,983,"",236,"","","",1034,150,160.41,447,"","","","","","","","","","",""
531,Jhuljhuli Dw,CGWB,7,Delhi,84,SOUTH WEST,NAJAFGARH,-,-,-,-,-,-,-,-,28.53611111,76.90472222,25-05-2009 00:00,7.5,3410,"","",477,391,797,"",244,"","","",713,123,99,500,"","","","","","","","","","",""
532,Jhuljhuli Dw,CGWB,7,Delhi,84,SOUTH WEST,NAJAFGARH,-,-,-,-,-,-,-,-,28.53611111,76.90472222,25-05-2011 00:00,7.85,10700,"","",107,87.7,3905,"",635,"","","",2314,432,300,1815,"","","","","","","","","","",""
533,Jhuljhuli Dw,CGWB,7,Delhi,84,SOUTH WEST,NAJAFGARH,-,-,-,-,-,-,-,-,28.53611111,76.90472222,25-05-2012 00:00,8.94,1485,"",38.64,207.64,234.6,289.82,"",93.5,"","","",548,75.95,85.81,154.2,"",0.666,"","","","","","","","",""
534,Jhuljhuli Dw,CGWB,7,Delhi,84,SOUTH WEST,NAJAFGARH,-,-,-,-,-,-,-,-,28.53611111,76.90472222,25-05-2013 00:00,7.52,8402,"","",126,103.3,2450,"",690,"","","",883,67,174,1562,"","","","","","","","","","",""
535,Jhuljhuli Dw,CGWB,7,Delhi,84,SOUTH WEST,NAJAFGARH,-,-,-,-,-,-,-,-,28.53611111,76.90472222,25-05-2014 00:00,8.46,4794,"",24,73,99.84,1418,"",230,"","","",793,107,128,717,"","","","","","","","","","",""
536,Jhuljhuli Dw,CGWB,7,Delhi,84,SOUTH WEST,NAJAFGARH,-,-,-,-,-,-,-,-,28.53611111,76.90472222,25-05-2016 00:00,7.9,7078,4742,"","","",1744.14,"",520.14,"","","",134.62,60.65,73.97,1400,"","","","","","","","","","",""
537,Jhuljhuli Dw,CGWB,7,Delhi,84,SOUTH WEST,NAJAFGARH,-,-,-,-,-,-,-,-,28.53611111,76.90472222,25-05-2018 00:00,8.09,6010,0,"",478,0,1500,"",516,"",23,"",735,65,139,1085,"",0,0,"","","","","","","",""
538,Jhuljhuli Pz,CGWB,7,Delhi,84,SOUTH WEST,NAJAFGARH,NAJAFGARH,JULJULI,-,-,-,-,-,-,28.53472222,76.90277778,25-05-2005 00:00,8.16,3540,"","",331,271.3,930,"",250,"","","",627,71,109.37,578,"","","","","","","","","","",""
539,Jhuljhuli Pz,CGWB,7,Delhi,84,SOUTH WEST,NAJAFGARH,NAJAFGARH,JULJULI,-,-,-,-,-,-,28.53472222,76.90277778,25-05-2010 00:00,8.05,4490,"","",441,361.5,1270,"",116,"","","",1014,131,167,575,"","","","","","","","","","",""
540,JUN Pz-3 (D) Downstream,CGWB,7,Delhi,84,SOUTH WEST,NAJAFGARH,NAJAFGARH,Jnu Dam I,-,-,-,-,-,-,28.53583333,77.15694444,25-05-2000 00:00,7.81,580,"","",348,285.3,23,"",15,"","","",238,71,14,49,"","","","","","","","","","",""
541,JUN Pz-3 (D) Downstream,CGWB,7,Delhi,84,SOUTH WEST,NAJAFGARH,NAJAFGARH,Jnu Dam I,-,-,-,-,-,-,28.53583333,77.15694444,25-05-2002 00:00,8.5,610,"",12,128,124.9,71,"",43,"","","",190,56,12,51,"","","","","","","","","","",""
542,JUN Pz-3 (D) Downstream,CGWB,7,Delhi,84,SOUTH WEST,NAJAFGARH,NAJAFGARH,Jnu Dam I,-,-,-,-,-,-,28.53583333,77.15694444,25-05-2007 00:00,7.6,296,"","",90,73.8,22,"",40,"","","",118,39,4.7,14,"","","","","","","","","","",""
543,JUN Pz-3 (D) Downstream,CGWB,7,Delhi,84,SOUTH WEST,NAJAFGARH,NAJAFGARH,Jnu Dam I,-,-,-,-,-,-,28.53583333,77.15694444,25-05-2010 00:00,8.3,488,"","",210,172.1,34,"",7,"","","",201,42,23,22,"","","","","","","","","","",""
544,JUN Pz-3 (D) Downstream,CGWB,7,Delhi,84,SOUTH WEST,NAJAFGARH,NAJAFGARH,Jnu Dam I,-,-,-,-,-,-,28.53583333,77.15694444,25-05-2011 00:00,"",1270,"","","","",174,"","","","","","","","","","","","","","","","","","","",""
545,JUN Pz-3 (D) Downstream,CGWB,7,Delhi,84,SOUTH WEST,NAJAFGARH,NAJAFGARH,Jnu Dam I,-,-,-,-,-,-,28.53583333,77.15694444,25-05-2012 00:00,9.1,1232,"",34.5,185.2,209.3,204.91,"",161,"","","",487,41.21,92.11,238.95,"",2.38,"","","","","","","","",""
546,JUN Pz-3 (D) Downstream,CGWB,7,Delhi,84,SOUTH WEST,NAJAFGARH,NAJAFGARH,Jnu Dam I,-,-,-,-,-,-,28.53583333,77.15694444,25-05-2013 00:00,8.75,651,"",62,226,288.6,55,"",14,"","","",210,21,38,85,"","","","","","","","","","",""
547,JUN Pz-3 (D) Downstream,CGWB,7,Delhi,84,SOUTH WEST,NAJAFGARH,NAJAFGARH,Jnu Dam I,-,-,-,-,-,-,28.53583333,77.15694444,25-05-2014 00:00,8.16,"","",0,322,263.93,43,"",57,"","","",235,41,32,80,"","","","","","","","","","",""
548,JUN Pz-3 (D) Downstream,CGWB,7,Delhi,84,SOUTH WEST,NAJAFGARH,NAJAFGARH,Jnu Dam I,-,-,-,-,-,-,28.53583333,77.15694444,25-05-2015 00:00,8.11,779,"",0,212.1,173.85,81,"",74,"","","",251,32,41,91,"","","","","","","","","","",""
549,JUN Pz-3 (D) Downstream,CGWB,7,Delhi,84,SOUTH WEST,NAJAFGARH,NAJAFGARH,Jnu Dam I,-,-,-,-,-,-,28.53583333,77.15694444,25-05-2017 00:00,7.69,776,"",0,366,"",46,"",72,"",32,"",323,77,32,60,"","","","","","","","","","",""
550,Kabul Line Pz,CGWB,7,Delhi,84,SOUTH WEST,NAJAFGARH,NAJAFGARH,KABUL LINE,-,-,-,-,-,-,28.59222222,77.12750000,25-05-2010 00:00,8.2,301,"","",90,73.8,27,"",32,"","","",137,36,11.47,7.2,"","","","","","","","","","",""
551,Kabul Line Pz,CGWB,7,Delhi,84,SOUTH WEST,NAJAFGARH,NAJAFGARH,KABUL LINE,-,-,-,-,-,-,28.59222222,77.12750000,25-05-2015 00:00,7.92,977,"",0,273,223.77,139,"",3,"","","",237,28,40,129,"",0.013,"","","","","","","","",""
552,Kabul Line Pz,CGWB,7,Delhi,84,SOUTH WEST,NAJAFGARH,NAJAFGARH,KABUL LINE,-,-,-,-,-,-,28.59222222,77.12750000,25-05-2016 00:00,8.8,1034,693,"","","",808.26,"",116.04,"","","",37.4,6.4,31,131.1,"","","","","","","","","","",""
553,Kair pZ,CGWB,7,Delhi,84,SOUTH WEST,NAJAFGARH,NAJAFGARH,KAIR,-,-,-,-,-,-,28.62083333,76.92361111,25-05-2002 00:00,8.1,5980,"","",207,169.7,1306,"",569,"","","",820,144,110,986,"","","","","","","","","","",""
554,Kair pZ,CGWB,7,Delhi,84,SOUTH WEST,NAJAFGARH,NAJAFGARH,KAIR,-,-,-,-,-,-,28.62083333,76.92361111,25-05-2006 00:00,7.02,3900,"","",985,807.4,653,"",365,"","","",919,237,79.67,380,"","","","","","","","","","",""
555,Kair pZ,CGWB,7,Delhi,84,SOUTH WEST,NAJAFGARH,NAJAFGARH,KAIR,-,-,-,-,-,-,28.62083333,76.92361111,25-05-2009 00:00,7.89,3480,"","",471,386.1,677,"",450,"","","",612,76,103,575,"","","","","","","","","","",""
556,Kair pZ,CGWB,7,Delhi,84,SOUTH WEST,NAJAFGARH,NAJAFGARH,KAIR,-,-,-,-,-,-,28.62083333,76.92361111,25-05-2010 00:00,7.96,16700,"","",380,311.5,2878,"",5000,"","","",3801,537,598.39,2750,"","","","","","","","","","",""
557,Kalindi Kunj Barrage Pz,CGWB,7,Delhi,83,SOUTH,HAUZ KHAS,HAUZ KHAS,Kalindi Kunj,-,-,-,-,-,-,28.54333333,77.31416667,25-05-2010 00:00,7.72,1400,"","",330,270.5,255,"",52,"","","",412,51,69,126,"","","","","","","","","","",""
558,Kalindi Kunj Barrage Pz,CGWB,7,Delhi,83,SOUTH,HAUZ KHAS,HAUZ KHAS,Kalindi Kunj,-,-,-,-,-,-,28.54333333,77.31416667,25-05-2011 00:00,"",1340,"","","","",219,"","","","","","","","","","","","","","","","","","","",""
559,Kalindi Kunj Barrage Pz,CGWB,7,Delhi,83,SOUTH,HAUZ KHAS,HAUZ KHAS,Kalindi Kunj,-,-,-,-,-,-,28.54333333,77.31416667,25-05-2012 00:00,8.19,990,"",40.02,192.21,224.3,128.48,"",85.2,"","","",302,32.32,53.13,106.56,"",0.537,"","","","","","","","",""
560,Kalindi Kunj Barrage Pz,CGWB,7,Delhi,83,SOUTH,HAUZ KHAS,HAUZ KHAS,Kalindi Kunj,-,-,-,-,-,-,28.54333333,77.31416667,25-05-2013 00:00,8.6,850,"",49,113,174.3,136,"",50,"","","",200,13,15,100,"","","","","","","","","","",""
561,Kanjhawala Dw,CGWB,7,Delhi,82,NORTH WEST,SARASWATI VIHAR,SARASWATI VIHAR,Kanjhawala(m Dw),-,-,-,-,-,-,28.72500000,77.00000000,25-05-2008 00:00,8.05,672,"","",350,286.9,23,"",71,"","","",94,36,1.02,160,"","","","","","","","","","",""
562,Kanjhawala Dw,CGWB,7,Delhi,82,NORTH WEST,SARASWATI VIHAR,SARASWATI VIHAR,Kanjhawala(m Dw),-,-,-,-,-,-,28.72500000,77.00000000,25-05-2018 00:00,8.64,1774,0,74,276,0,174,"",239,"",19,"",245,16,50,115,"",0,0,"","","","","","","",""
563,Kanjhawala (pz),CGWB,7,Delhi,82,NORTH WEST,SARASWATI VIHAR,SARASWATI VIHAR,Kanjhawala (pz),-,-,-,-,-,-,28.72500000,77.00000000,25-05-2002 00:00,8.7,1890,"",33,482,450.1,249,"",125,"","","",170,24,27,354,"","","","","","","","","","",""
564,Kanjhawala (pz),CGWB,7,Delhi,82,NORTH WEST,SARASWATI VIHAR,SARASWATI VIHAR,Kanjhawala (pz),-,-,-,-,-,-,28.72500000,77.00000000,25-05-2003 00:00,8.24,2710,"","",771,632,207,"",400,"","","",307,28,57,570,"","","","","","","","","","",""
565,Kanjhawala (pz),CGWB,7,Delhi,82,NORTH WEST,SARASWATI VIHAR,SARASWATI VIHAR,Kanjhawala (pz),-,-,-,-,-,-,28.72500000,77.00000000,25-05-2009 00:00,7.57,3140,"","",622,509.8,409,"",324,"","","",607,76,101,250,"","","","","","","","","","",""
566,Kanjhawala (pz),CGWB,7,Delhi,82,NORTH WEST,SARASWATI VIHAR,SARASWATI VIHAR,Kanjhawala (pz),-,-,-,-,-,-,28.72500000,77.00000000,25-05-2010 00:00,8.21,617,"","",170,139.3,32,"",45,"","","",211,36,30,25,"","","","","","","","","","",""
567,Kanjhawala (pz),CGWB,7,Delhi,82,NORTH WEST,SARASWATI VIHAR,SARASWATI VIHAR,Kanjhawala (pz),-,-,-,-,-,-,28.72500000,77.00000000,25-05-2011 00:00,"",6660,"","","","",1984,"","","","","","","","","","","","","","","","","","","",""
568,Kanjhawala (pz),CGWB,7,Delhi,82,NORTH WEST,SARASWATI VIHAR,SARASWATI VIHAR,Kanjhawala (pz),-,-,-,-,-,-,28.72500000,77.00000000,25-05-2013 00:00,8.68,2005,"",96,464,540.3,293,"",48,"","","",230,20,44,375,"","","","","","","","","","",""
569,Kanjhawala (pz),CGWB,7,Delhi,82,NORTH WEST,SARASWATI VIHAR,SARASWATI VIHAR,Kanjhawala (pz),-,-,-,-,-,-,28.72500000,77.00000000,25-05-2014 00:00,9.11,1309,"",66,309,363.28,170,"",24,"","","",337,22,68,119,"","","","","","","","","","",""
570,Kanjhawala (pz),CGWB,7,Delhi,82,NORTH WEST,SARASWATI VIHAR,SARASWATI VIHAR,Kanjhawala (pz),-,-,-,-,-,-,28.72500000,77.00000000,25-05-2016 00:00,8.4,4323,2896,"","","",538.8,"",1016.3,"","","",85.25,10.64,74.61,645,"","","","","","","","","","",""
571,Kanjhawala (pz),CGWB,7,Delhi,82,NORTH WEST,SARASWATI VIHAR,SARASWATI VIHAR,Kanjhawala (pz),-,-,-,-,-,-,28.72500000,77.00000000,25-05-2017 00:00,8.26,1868,"",0,939,"",77,"",100,"",12,"",51,12,4.98,440,"","","","","","","","","","",""
572,Kapashera,CGWB,7,Delhi,84,SOUTH WEST,NAJAFGARH,NAJAFGARH,Kapashera,-,-,-,-,-,-,28.52500000,77.08194444,25-05-2013 00:00,8.2,550,"","",220,180.3,81,"","","","","",150,24,22,70,"","","","","","","","","","",""
573,Kapashera,CGWB,7,Delhi,84,SOUTH WEST,NAJAFGARH,NAJAFGARH,Kapashera,-,-,-,-,-,-,28.52500000,77.08194444,25-05-2014 00:00,8.68,578,"",26,148,164.64,85,"",10,"","","",143,16,25,72,"","","","","","","","","","",""
574,Keshopur Pz,CGWB,7,Delhi,85,WEST,PATEL NAGAR,PATEL NAGAR,Keshopur,-,-,-,-,-,-,28.64750000,77.08000000,25-05-2008 00:00,8,2180,"","",270,221.3,451,"",240,"","","",572,97,80.23,275,"","","","","","","","","","",""
575,Keshopur Pz,CGWB,7,Delhi,85,WEST,PATEL NAGAR,PATEL NAGAR,Keshopur,-,-,-,-,-,-,28.64750000,77.08000000,25-05-2011 00:00,7.75,2700,"","",376,308.2,598,"",168,"","","",500,55,27,395,"","","","","","","","","","",""
576,Kharkhari Nahar,CGWB,7,Delhi,84,SOUTH WEST,NAJAFGARH,NAJAFGARH,KHARKHARI NAHAR,-,-,-,-,-,-,28.58611111,76.96388889,25-05-2002 00:00,8.24,1790,"",0.002,439,359.8,334,"",42,"","","",260,20,51,285,"","","","","","","","","","",""
577,Kharkhari Nahar,CGWB,7,Delhi,84,SOUTH WEST,NAJAFGARH,NAJAFGARH,KHARKHARI NAHAR,-,-,-,-,-,-,28.58611111,76.96388889,25-05-2005 00:00,7.82,3630,"","",636,521.3,827,"",210,"","","",559,46,108.01,650,"","","","","","","","","","",""
578,Kharkhari Nahar,CGWB,7,Delhi,84,SOUTH WEST,NAJAFGARH,NAJAFGARH,KHARKHARI NAHAR,-,-,-,-,-,-,28.58611111,76.96388889,25-05-2009 00:00,8.24,3650,"","",713,584.4,687,"",255,"","","",544,61,95,630,"","","","","","","","","","",""
579,Khera Kalan Pz,CGWB,7,Delhi,82,NORTH WEST,SARASWATI VIHAR,SARASWATI VIHAR,KHERA KALAN,-,-,-,-,-,-,28.76944444,77.11805556,25-05-2000 00:00,7.77,990,"","",445,364.8,50,"",110,"","","",243,60,22.68,132,"","","","","","","","","","",""
580,Khera Kalan Pz,CGWB,7,Delhi,82,NORTH WEST,SARASWATI VIHAR,SARASWATI VIHAR,KHERA KALAN,-,-,-,-,-,-,28.76944444,77.11805556,25-05-2001 00:00,8.22,1290,"","",578,473.8,23,"",133,"","","",116,40,3.6,252,"","","","","","","","","","",""
581,Khera Kalan Pz,CGWB,7,Delhi,82,NORTH WEST,SARASWATI VIHAR,SARASWATI VIHAR,KHERA KALAN,-,-,-,-,-,-,28.76944444,77.11805556,25-05-2002 00:00,8.7,1230,"",24,317,299.8,85,"",173,"","","",180,24,29.2,189,"","","","","","","","","","",""
582,Khera Kalan Pz,CGWB,7,Delhi,82,NORTH WEST,SARASWATI VIHAR,SARASWATI VIHAR,KHERA KALAN,-,-,-,-,-,-,28.76944444,77.11805556,25-05-2003 00:00,8.21,1702,"","",745,610.7,29,"",290,"","","",194,21,34.43,360,"","","","","","","","","","",""
583,Khera Kalan Pz,CGWB,7,Delhi,82,NORTH WEST,SARASWATI VIHAR,SARASWATI VIHAR,KHERA KALAN,-,-,-,-,-,-,28.76944444,77.11805556,25-05-2008 00:00,8.14,3240,"","",894,732.8,262,"",550,"","","",386,48,64.73,604,"","","","","","","","","","",""
584,Khera Kalan Pz,CGWB,7,Delhi,82,NORTH WEST,SARASWATI VIHAR,SARASWATI VIHAR,KHERA KALAN,-,-,-,-,-,-,28.76944444,77.11805556,25-05-2010 00:00,9.4,2400,"",108,1291,1238.2,99,"","","","","",85,13,13,600,"","","","","","","","","","",""
585,Khera Kalan Pz,CGWB,7,Delhi,82,NORTH WEST,SARASWATI VIHAR,SARASWATI VIHAR,KHERA KALAN,-,-,-,-,-,-,28.76944444,77.11805556,25-05-2011 00:00,"",2150,"","","","",170,"","","","","","","","","","","","","","","","","","","",""
586,Khera Kalan Pz,CGWB,7,Delhi,82,NORTH WEST,SARASWATI VIHAR,SARASWATI VIHAR,KHERA KALAN,-,-,-,-,-,-,28.76944444,77.11805556,25-05-2012 00:00,9.47,4690,"",200,390,653,620.26,"",743,"","","",659,46.86,129.93,783.9,"",0.447,"","","","","","","","",""
587,Khera Kalan Pz,CGWB,7,Delhi,82,NORTH WEST,SARASWATI VIHAR,SARASWATI VIHAR,KHERA KALAN,-,-,-,-,-,-,28.76944444,77.11805556,25-05-2013 00:00,8.84,3675,"",168,1599,1590.7,143,"",262,"","","",20,8,"",960,"","","","","","","","","","",""
588,Khera Kalan Pz,CGWB,7,Delhi,82,NORTH WEST,SARASWATI VIHAR,SARASWATI VIHAR,KHERA KALAN,-,-,-,-,-,-,28.76944444,77.11805556,25-05-2014 00:00,8.9,3957,"",172,1638,1629.29,206,"",240,"","","",20,8,"",1016,"","","","","","","","","","",""
589,Khera Kalan Pz,CGWB,7,Delhi,82,NORTH WEST,SARASWATI VIHAR,SARASWATI VIHAR,KHERA KALAN,-,-,-,-,-,-,28.76944444,77.11805556,25-05-2015 00:00,8.85,2062,"","",556.9,456.48,343,"",188,"","","",482,120,44,263,"",0.009,"","","","","","","","",""
590,Khera Kalan Pz,CGWB,7,Delhi,82,NORTH WEST,SARASWATI VIHAR,SARASWATI VIHAR,KHERA KALAN,-,-,-,-,-,-,28.76944444,77.11805556,25-05-2016 00:00,8.7,821.3,550,"","","",28.36,"",58.42,"","","",17.23,7.25,9.99,178.2,"","","","","","","","","","",""
591,Khera Khurd Dw,CGWB,7,Delhi,82,NORTH WEST,SARASWATI VIHAR,SARASWATI VIHAR,KHERA KHURD,-,-,-,-,-,-,28.77500000,77.10555556,25-05-2003 00:00,8.24,1620,"","",540,442.6,137,"",124,"","","",663,43,135,109,"","","","","","","","","","",""
592,Kidwai Nagar Pz,CGWB,7,Delhi,83,SOUTH,HAUZ KHAS,HAUZ KHAS,Kidwai Nagar,-,-,-,-,-,-,28.57472222,77.21750000,25-05-2006 00:00,7.42,1920,"","",491,402.5,331,"",64,"","","",596,144,57.55,185,"","","","","","","","","","",""
593,Kidwai Nagar Pz,CGWB,7,Delhi,83,SOUTH,HAUZ KHAS,HAUZ KHAS,Kidwai Nagar,-,-,-,-,-,-,28.57472222,77.21750000,25-05-2008 00:00,7.55,1030,"","",387,317.2,100,"",64,"","","",188,58,10.53,170,"","","","","","","","","","",""
594,Kidwai Nagar Pz,CGWB,7,Delhi,83,SOUTH,HAUZ KHAS,HAUZ KHAS,Kidwai Nagar,-,-,-,-,-,-,28.57472222,77.21750000,25-05-2010 00:00,7.04,1200,"","",280,229.5,158,"",50,"","","",433,110,38,128,"","","","","","","","","","",""
595,Kidwai Nagar Pz,CGWB,7,Delhi,83,SOUTH,HAUZ KHAS,HAUZ KHAS,Kidwai Nagar,-,-,-,-,-,-,28.57472222,77.21750000,25-05-2011 00:00,"",1240,"","","","",198,"","","","","","","","","","","","","","","","","","","",""
596,Kingsway Camp Police Ground Pz,CGWB,7,Delhi,82,NORTH WEST,NARELA,NARELA,Kingsway Camp Polo Ground,-,-,-,-,-,-,28.68472222,77.19944444,25-05-2006 00:00,7.63,2100,"","",455,373,417,"",49,"","","",592,164,44.45,205,"","","","","","","","","","",""
597,Kingsway Camp Police Ground Pz,CGWB,7,Delhi,82,NORTH WEST,NARELA,NARELA,Kingsway Camp Polo Ground,-,-,-,-,-,-,28.68472222,77.19944444,25-05-2011 00:00,7.81,4210,"","",550,450.8,1125,"",65,"","","",471,55,81,756,"","","","","","","","","","",""
598,Kingsway Camp Police Ground Pz,CGWB,7,Delhi,82,NORTH WEST,NARELA,NARELA,Kingsway Camp Polo Ground,-,-,-,-,-,-,28.68472222,77.19944444,25-05-2012 00:00,8.69,5200,"",60.72,304.45,350.8,1150.06,"",425,"","","",1239,115.5,227.86,785,"",0.015,"","","","","","","","",""
599,Kingsway Camp Police Ground Pz,CGWB,7,Delhi,82,NORTH WEST,NARELA,NARELA,Kingsway Camp Polo Ground,-,-,-,-,-,-,28.68472222,77.19944444,25-05-2014 00:00,8.41,3598,"",48,508,496.39,716,"",370,"","","",309,41,50,748,"","","","","","","","","","",""
600,Kingsway Camp Police Ground Pz,CGWB,7,Delhi,82,NORTH WEST,NARELA,NARELA,Kingsway Camp Polo Ground,-,-,-,-,-,-,28.68472222,77.19944444,25-05-2015 00:00,8.34,2528,"",6.62,592.8,496.93,296,"",257,"","","",652,64,118,264,"",1.12,"","","","","","","","",""
601,Kingsway Camp Police Ground Pz,CGWB,7,Delhi,82,NORTH WEST,NARELA,NARELA,Kingsway Camp Polo Ground,-,-,-,-,-,-,28.68472222,77.19944444,25-05-2016 00:00,8.1,1529,1024,"","","",269.42,"",125.51,"","","",60.59,27.13,33.46,9,"","","","","","","","","","",""
602,Kingsway Camp Police Ground Pz,CGWB,7,Delhi,82,NORTH WEST,NARELA,NARELA,Kingsway Camp Polo Ground,-,-,-,-,-,-,28.68472222,77.19944444,25-05-2018 00:00,8.42,2580,0,50,164,0,521,"",299,"",20,"",225,41,30,498,"",0,0,"","","","","","","",""
603,Kingsway Camp Police Ground Pz,CGWB,7,Delhi,82,NORTH WEST,NARELA,NARELA,Kingsway Camp Polo Ground,-,-,-,-,-,-,28.68472222,77.19944444,30-05-2019 08:00,8.45,630,"",36,122,"",120,"","","",22,"",190,52,15,90.2,"","","","","","","","","","",""
604,Kingsway Camp Police Ground Pz,CGWB,7,Delhi,82,NORTH WEST,NARELA,NARELA,Kingsway Camp Polo Ground,-,-,-,-,-,-,28.68472222,77.19944444,30-05-2020 08:00,8.45,630,"","",122,"",120,"","","",22,"","",52,15,90.2,"","","","","","","","","","",""
605,Kirbi Place Pz,CGWB,7,Delhi,84,SOUTH WEST,NAJAFGARH,NAJAFGARH,KIRBI PLACE,-,-,-,-,-,-,28.60666667,77.12888889,25-05-2002 00:00,8.3,810,"",0.002,226,185.3,135,"",9,"","","",260,68,22,57,"","","","","","","","","","",""
606,Kirbi Place Pz,CGWB,7,Delhi,84,SOUTH WEST,NAJAFGARH,NAJAFGARH,KIRBI PLACE,-,-,-,-,-,-,28.60666667,77.12888889,25-05-2009 00:00,7.65,790,"","",278,227.9,95,"",33,"","","",248,46,32,76,"","","","","","","","","","",""
607,Kirbi Place Pz,CGWB,7,Delhi,84,SOUTH WEST,NAJAFGARH,NAJAFGARH,KIRBI PLACE,-,-,-,-,-,-,28.60666667,77.12888889,25-05-2011 00:00,"",560,"","","","",76,"","","","","","","","","","","","","","","","","","","",""
608,Kirbi Place Pz,CGWB,7,Delhi,84,SOUTH WEST,NAJAFGARH,NAJAFGARH,KIRBI PLACE,-,-,-,-,-,-,28.60666667,77.12888889,25-05-2012 00:00,8.91,1101,"",22.08,214.66,212.8,202.14,"",46,"","","",645,64.64,115.87,139.2,"",0.475,"","","","","","","","",""
609,Kirbi Place Pz,CGWB,7,Delhi,84,SOUTH WEST,NAJAFGARH,NAJAFGARH,KIRBI PLACE,-,-,-,-,-,-,28.60666667,77.12888889,25-05-2013 00:00,8.35,936,"",36,207,229.7,143,"",32,"","","",170,24,27,144,"","","","","","","","","","",""
610,Kirbi Place Pz,CGWB,7,Delhi,84,SOUTH WEST,NAJAFGARH,NAJAFGARH,KIRBI PLACE,-,-,-,-,-,-,28.60666667,77.12888889,25-05-2014 00:00,8.26,774,"",0,322,263.93,103,"",0,"","","",194,25,32,101,"","","","","","","","","","",""
611,Kirbi Place Pz,CGWB,7,Delhi,84,SOUTH WEST,NAJAFGARH,NAJAFGARH,KIRBI PLACE,-,-,-,-,-,-,28.60666667,77.12888889,25-05-2015 00:00,8.42,1941,"",20.54,556,489.97,314,"",71,"","","",416,31,81,303,"",0.005,"","","","","","","","",""
612,Krishna Kunj,CGWB,7,Delhi,78,EAST,GANDHI NAGAR,GANDHI NAGAR,Krishna Kunj,-,-,-,-,-,-,28.63916667,77.26527778,25-05-2008 00:00,7.86,2243,"","",495,405.7,246,"",408,"","","",770,150,96.22,198,"","","","","","","","","","",""
613,Krishna Kunj,CGWB,7,Delhi,78,EAST,GANDHI NAGAR,GANDHI NAGAR,Krishna Kunj,-,-,-,-,-,-,28.63916667,77.26527778,25-05-2010 00:00,7.25,1420,"","",220,180.3,244,"","","","","",401,101,36,161,"","","","","","","","","","",""
614,Krishna Kunj,CGWB,7,Delhi,78,EAST,GANDHI NAGAR,GANDHI NAGAR,Krishna Kunj,-,-,-,-,-,-,28.63916667,77.26527778,25-05-2011 00:00,"",1110,"","","","",205,"","","","","","","","","","","","","","","","","","","",""
615,Kutubgarh Pz,CGWB,7,Delhi,82,NORTH WEST,SARASWATI VIHAR,SARASWATI VIHAR,Kutubgarh,-,-,-,-,-,-,28.81111111,76.95000000,25-05-2003 00:00,8.2,780,"","",300,245.9,22,"",152,"","","",296,41,47,80,"","","","","","","","","","",""
616,Kutubgarh Pz,CGWB,7,Delhi,82,NORTH WEST,SARASWATI VIHAR,SARASWATI VIHAR,Kutubgarh,-,-,-,-,-,-,28.81111111,76.95000000,25-05-2008 00:00,8.28,2930,"","",1148,941,209,"",320,"","","",70,24,2.46,720,"","","","","","","","","","",""
617,Kutubgarh Pz,CGWB,7,Delhi,82,NORTH WEST,SARASWATI VIHAR,SARASWATI VIHAR,Kutubgarh,-,-,-,-,-,-,28.81111111,76.95000000,25-05-2009 00:00,7.52,15800,"","",707,579.5,2613,"",4100,"","","",1848,207,323,3180,"","","","","","","","","","",""
618,Kutubgarh Pz,CGWB,7,Delhi,82,NORTH WEST,SARASWATI VIHAR,SARASWATI VIHAR,Kutubgarh,-,-,-,-,-,-,28.81111111,76.95000000,25-05-2010 00:00,7.96,1890,"","",560,459,284,"",25,"","","",317,34,56,300,"","","","","","","","","","",""
619,Kutubgarh Pz,CGWB,7,Delhi,82,NORTH WEST,SARASWATI VIHAR,SARASWATI VIHAR,Kutubgarh,-,-,-,-,-,-,28.81111111,76.95000000,25-05-2012 00:00,8.81,13340,"",95.22,604.69,654.4,3101.28,"",2120,"","","","","",465.41,2619,"",9.161,"","","","","","","","",""
620,Lado Sarai Pz,CGWB,7,Delhi,83,SOUTH,HAUZ KHAS,-,-,-,-,-,-,-,-,28.52194444,77.19194444,25-05-2002 00:00,8.1,1700,"","",201,164.8,234,"",196,"","","",400,60,61,198,"","","","","","","","","","",""
621,Lado Sarai Pz,CGWB,7,Delhi,83,SOUTH,HAUZ KHAS,-,-,-,-,-,-,-,-,28.52194444,77.19194444,25-05-2007 00:00,8.12,1960,"","",311,254.9,230,"",252,"","","",480,86,64,260,"","","","","","","","","","",""
622,Lawrence Road,CGWB,7,Delhi,82,NORTH WEST,SARASWATI VIHAR,SARASWATI VIHAR,Lawrence Road,-,-,-,-,-,-,28.68611111,77.15416667,25-05-2001 00:00,7.96,835,"","",339,277.9,57,"",103,"","","",313,69,34,76,"","","","","","","","","","",""
623,Lawrence Road,CGWB,7,Delhi,82,NORTH WEST,SARASWATI VIHAR,SARASWATI VIHAR,Lawrence Road,-,-,-,-,-,-,28.68611111,77.15416667,25-05-2002 00:00,8.3,810,"","",226,200.3,57,"",89,"","","",250,40,36,64,"","","","","","","","","","",""
624,Lawrence Road,CGWB,7,Delhi,82,NORTH WEST,SARASWATI VIHAR,SARASWATI VIHAR,Lawrence Road,-,-,-,-,-,-,28.68611111,77.15416667,25-05-2003 00:00,7.8,820,"","",266,218,58,"",122,"","","",333,41,56,54,"","","","","","","","","","",""
625,Lawrence Road,CGWB,7,Delhi,82,NORTH WEST,SARASWATI VIHAR,SARASWATI VIHAR,Lawrence Road,-,-,-,-,-,-,28.68611111,77.15416667,25-05-2006 00:00,8.02,1160,"","",455,373,97,"",46,"","","",490,90,65,43,"","","","","","","","","","",""
626,Libaspur Pz,CGWB,7,Delhi,82,NORTH WEST,SARASWATI VIHAR,SARASWATI VIHAR,LIBASPUR,-,-,-,-,-,-,28.75833333,77.16611111,25-05-2008 00:00,7.98,2050,"","",387,317.2,382,"",244,"","","",367,68,47.98,350,"","","","","","","","","","",""
627,Libaspur Pz,CGWB,7,Delhi,82,NORTH WEST,SARASWATI VIHAR,SARASWATI VIHAR,LIBASPUR,-,-,-,-,-,-,28.75833333,77.16611111,25-05-2009 00:00,8,2490,"","",574,470.5,362,"",280,"","","",317,51,46,460,"","","","","","","","","","",""
628,Lodhi Garden (D),CGWB,7,Delhi,79,NEW DELHI,CHANAKYAPURI,CHANAKYAPURI,Lodhi Garden,-,-,-,-,-,-,28.59027778,77.21638889,25-05-2000 00:00,7.71,779,"","",268,219.7,95,"",68,"","","",258,70,20,77,"","","","","","","","","","",""
629,Lodhi Garden (D),CGWB,7,Delhi,79,NEW DELHI,CHANAKYAPURI,CHANAKYAPURI,Lodhi Garden,-,-,-,-,-,-,28.59027778,77.21638889,25-05-2008 00:00,7.7,562,"","",181,148.4,30,"",46,"","","",169,52,9.55,35,"","","","","","","","","","",""
630,Lodhi Garden (D),CGWB,7,Delhi,79,NEW DELHI,CHANAKYAPURI,CHANAKYAPURI,Lodhi Garden,-,-,-,-,-,-,28.59027778,77.21638889,25-05-2010 00:00,7.69,1670,"","",200,163.9,365,"",70,"","","",656,136,77,95,"","","","","","","","","","",""
631,Lodhi Garden (D),CGWB,7,Delhi,79,NEW DELHI,CHANAKYAPURI,CHANAKYAPURI,Lodhi Garden,-,-,-,-,-,-,28.59027778,77.21638889,25-05-2011 00:00,"",802,"","","","",168,"","","","","","","","","","","","","","","","","","","",""
632,Lodhi Garden (D),CGWB,7,Delhi,79,NEW DELHI,CHANAKYAPURI,CHANAKYAPURI,Lodhi Garden,-,-,-,-,-,-,28.59027778,77.21638889,25-05-2012 00:00,8.79,670,"",30.36,119.26,148.4,46.7,"",67.3,"","","",242,49.61,28.31,50.91,"",1.105,"","","","","","","","",""
633,Lodhi Garden (D),CGWB,7,Delhi,79,NEW DELHI,CHANAKYAPURI,CHANAKYAPURI,Lodhi Garden,-,-,-,-,-,-,28.59027778,77.21638889,25-05-2013 00:00,8.4,450,"",24,61,"",55,"",50,"","","",160,20,27,34,"",1.058,"","","","","","","","",""
634,Lodhi Garden (D),CGWB,7,Delhi,79,NEW DELHI,CHANAKYAPURI,CHANAKYAPURI,Lodhi Garden,-,-,-,-,-,-,28.59027778,77.21638889,25-05-2014 00:00,8.48,1262,"",13.2,114,115.44,266,"",75,"","","",260,49,33,166,"","","","","","","","","","",""
635,Lodhi Garden (D),CGWB,7,Delhi,79,NEW DELHI,CHANAKYAPURI,CHANAKYAPURI,Lodhi Garden,-,-,-,-,-,-,28.59027778,77.21638889,25-05-2015 00:00,7.82,2095,"",0,131.8,108.03,499,"",134,"","","",687,98,106,209,"",0.239,"","","","","","","","",""
636,Lodhi Garden (D),CGWB,7,Delhi,79,NEW DELHI,CHANAKYAPURI,CHANAKYAPURI,Lodhi Garden,-,-,-,-,-,-,28.59027778,77.21638889,30-05-2019 08:00,7.71,1472,"",0,122,"",283,"","","",31,"",460,88,58,135,"","","","","","","","","","",""
637,Lodhi Garden (D),CGWB,7,Delhi,79,NEW DELHI,CHANAKYAPURI,CHANAKYAPURI,Lodhi Garden,-,-,-,-,-,-,28.59027778,77.21638889,30-05-2020 08:00,7.71,1472,"","",122,"",283,"","","",31,"","",88,58,135,"","","","","","","","","","",""
638,Lodhi Graden Dw,CGWB,7,Delhi,79,NEW DELHI,CHANAKYAPURI,CHANAKYAPURI,Lodhi Garden,-,-,-,-,-,-,28.59166667,77.22055556,25-05-2014 00:00,7.89,1673,"",0,161,131.97,390,"",61,"","","",551,114,64,119,"","","","","","","","","","",""
639,Lodhi Graden Dw,CGWB,7,Delhi,79,NEW DELHI,CHANAKYAPURI,CHANAKYAPURI,Lodhi Garden,-,-,-,-,-,-,28.59166667,77.22055556,25-05-2016 00:00,8,1453,974,"","","",311.96,"",91.33,"","","",93.54,54.36,39.18,88.5,"","","","","","","","","","",""
640,Lodhi Graden Dw,CGWB,7,Delhi,79,NEW DELHI,CHANAKYAPURI,CHANAKYAPURI,Lodhi Garden,-,-,-,-,-,-,28.59166667,77.22055556,25-05-2018 00:00,8.09,653,0,"",113,0,90,"",72,"",22,"",255,73,17,29,"",0,0,"","","","","","","",""
641,Madan Gir,CGWB,7,Delhi,83,SOUTH,HAUZ KHAS,HAUZ KHAS,Madan Gir,-,-,-,-,-,-,28.52888889,77.23222222,25-05-2005 00:00,8.08,435,"","",112,91.8,57,"",42,"","","",104,31,6.48,55,"","","","","","","","","","",""
642,Madan Gir,CGWB,7,Delhi,83,SOUTH,HAUZ KHAS,HAUZ KHAS,Madan Gir,-,-,-,-,-,-,28.52888889,77.23222222,25-05-2010 00:00,7.06,856,"","",270,221.3,89,"",45,"","","",290,68,29,76,"","","","","","","","","","",""
643,Madan Gir,CGWB,7,Delhi,83,SOUTH,HAUZ KHAS,HAUZ KHAS,Madan Gir,-,-,-,-,-,-,28.52888889,77.23222222,25-05-2011 00:00,"",690,"","","","",21,"","","","","","","","","","","","","","","","","","","",""
644,Madanpur Khadar,CGWB,7,Delhi,83,SOUTH,HAUZ KHAS,HAUZ KHAS,Madanpur Khadar,-,-,-,-,-,-,28.52888889,77.32527778,25-05-2008 00:00,7.15,6540,"","",455,373,1439,"",736,"","","",1155,233,139.48,980,"","","","","","","","","","",""
645,Madanpur Khadar,CGWB,7,Delhi,83,SOUTH,HAUZ KHAS,HAUZ KHAS,Madanpur Khadar,-,-,-,-,-,-,28.52888889,77.32527778,25-05-2010 00:00,7.28,1000,"","",400,327.9,127,"","","","","",275,68,26,103,"","","","","","","","","","",""
646,Madanpur Khadar,CGWB,7,Delhi,83,SOUTH,HAUZ KHAS,HAUZ KHAS,Madanpur Khadar,-,-,-,-,-,-,28.52888889,77.32527778,25-05-2011 00:00,"",1010,"","","","",167,"","","","","","","","","","","","","","","","","","","",""
647,Madanpur Khadar,CGWB,7,Delhi,83,SOUTH,HAUZ KHAS,HAUZ KHAS,Madanpur Khadar,-,-,-,-,-,-,28.52888889,77.32527778,25-05-2012 00:00,8.29,1523,"",48.3,122.06,180.6,276.9,"",245,"","","",659,74.34,113.44,216.85,"",6.513,"","","","","","","","",""
648,Madanpur Khadar,CGWB,7,Delhi,83,SOUTH,HAUZ KHAS,HAUZ KHAS,Madanpur Khadar,-,-,-,-,-,-,28.52888889,77.32527778,25-05-2013 00:00,7.57,1539,"","",403,330.3,249,"",160,"","","",546,44,106,140,"","","","","","","","","","",""
649,Madanpur Khadar,CGWB,7,Delhi,83,SOUTH,HAUZ KHAS,HAUZ KHAS,Madanpur Khadar,-,-,-,-,-,-,28.52888889,77.32527778,25-05-2014 00:00,8.04,1305,"",0,435,356.56,231,"",36,"","","",340,41,58,175,"","","","","","","","","","",""
650,Madanpur Khadar,CGWB,7,Delhi,83,SOUTH,HAUZ KHAS,HAUZ KHAS,Madanpur Khadar,-,-,-,-,-,-,28.52888889,77.32527778,25-05-2015 00:00,8.16,1589,"",0,434.8,356.39,238,"",202,"","","",447,37,85,255,"",0.51,"","","","","","","","",""
651,Madanpur Khadar,CGWB,7,Delhi,83,SOUTH,HAUZ KHAS,HAUZ KHAS,Madanpur Khadar,-,-,-,-,-,-,28.52888889,77.32527778,25-05-2016 00:00,8.4,1128,756,"","","",226.9,"",68.7,"","","",47.93,15.61,32.32,133.8,"","","","","","","","","","",""
652,Madanpur Khadar,CGWB,7,Delhi,83,SOUTH,HAUZ KHAS,HAUZ KHAS,Madanpur Khadar,-,-,-,-,-,-,28.52888889,77.32527778,25-05-2017 00:00,7.48,1548,"",0,464,"",213,"",150,"",18,"",505,109,56,181,"","","","","","","","","","",""
653,Madanpur Khadar,CGWB,7,Delhi,83,SOUTH,HAUZ KHAS,HAUZ KHAS,Madanpur Khadar,-,-,-,-,-,-,28.52888889,77.32527778,25-05-2018 00:00,8.45,1063,0,49,113,0,146,"",168,"",18,"",225,45,27,154,"",0,0,"","","","","","","",""
654,Mahabir Vansth.,CGWB,7,Delhi,79,NEW DELHI,CHANAKYAPURI,CHANAKYAPURI,MAHABIR VANSTH.,-,-,-,-,-,-,28.60416667,77.17500000,25-05-2000 00:00,8.07,632,"","",256,209.8,79,"",20,"","","",233,75,11,54,"","","","","","","","","","",""
655,Mahabir Vansth.,CGWB,7,Delhi,79,NEW DELHI,CHANAKYAPURI,CHANAKYAPURI,MAHABIR VANSTH.,-,-,-,-,-,-,28.60416667,77.17500000,25-05-2008 00:00,7.49,1240,"","",338,277.1,179,"",176,"","","",461,50,81.75,94,"","","","","","","","","","",""
656,Mahabir Vansth.,CGWB,7,Delhi,79,NEW DELHI,CHANAKYAPURI,CHANAKYAPURI,MAHABIR VANSTH.,-,-,-,-,-,-,28.60416667,77.17500000,25-05-2010 00:00,7.82,1160,"","",310,254.1,206,"",25,"","","",326,106,14.96,120,"","","","","","","","","","",""
657,Mahabir Vansth.,CGWB,7,Delhi,79,NEW DELHI,CHANAKYAPURI,CHANAKYAPURI,MAHABIR VANSTH.,-,-,-,-,-,-,28.60416667,77.17500000,25-05-2011 00:00,"",603,"","","","",83,"","","","","","","","","","","","","","","","","","","",""
658,Mahabir Vansth.,CGWB,7,Delhi,79,NEW DELHI,CHANAKYAPURI,CHANAKYAPURI,MAHABIR VANSTH.,-,-,-,-,-,-,28.60416667,77.17500000,25-05-2012 00:00,8.88,745,"",24.84,143.11,158.7,93.59,"",50.3,"","","",211,44.76,23.84,80.14,"",0.24,"","","","","","","","",""
659,Mahabir Vansth.,CGWB,7,Delhi,79,NEW DELHI,CHANAKYAPURI,CHANAKYAPURI,MAHABIR VANSTH.,-,-,-,-,-,-,28.60416667,77.17500000,25-05-2013 00:00,8.1,833,"","",183,150,184,"",25,"","","",160,32,19,128,"","","","","","","","","","",""
660,Mahabir Vansth.,CGWB,7,Delhi,79,NEW DELHI,CHANAKYAPURI,CHANAKYAPURI,MAHABIR VANSTH.,-,-,-,-,-,-,28.60416667,77.17500000,25-05-2014 00:00,8.34,642,"",26.4,107,131.7,99,"",37,"","","",122,33,10,91,"","","","","","","","","","",""
661,Mahabir Vansth.,CGWB,7,Delhi,79,NEW DELHI,CHANAKYAPURI,CHANAKYAPURI,MAHABIR VANSTH.,-,-,-,-,-,-,28.60416667,77.17500000,25-05-2015 00:00,8.45,1011,"",4.19,223.6,190.26,196,"",45,"","","",313,44,49,110,"",1.526,"","","","","","","","",""
662,Mahabir Vansth.,CGWB,7,Delhi,79,NEW DELHI,CHANAKYAPURI,CHANAKYAPURI,MAHABIR VANSTH.,-,-,-,-,-,-,28.60416667,77.17500000,25-05-2016 00:00,8.4,9664,6475,"","","",212.7,"",61.3,"","","",33.31,18.79,14.52,124.8,"","","","","","","","","","",""
663,Mahabir Vansth.,CGWB,7,Delhi,79,NEW DELHI,CHANAKYAPURI,CHANAKYAPURI,MAHABIR VANSTH.,-,-,-,-,-,-,28.60416667,77.17500000,25-05-2017 00:00,7.65,1117,"",0,280,"",196,"",60,"",23,"",296,78,25,130,"","","","","","","","","","",""
664,Mahabir Vansth.,CGWB,7,Delhi,79,NEW DELHI,CHANAKYAPURI,CHANAKYAPURI,MAHABIR VANSTH.,-,-,-,-,-,-,28.60416667,77.17500000,25-05-2018 00:00,8.39,634,0,50,76,0,97,"",25,"",26,"",112,24,12,92,"",0,0,"","","","","","","",""
665,Mahabir Vansth.,CGWB,7,Delhi,79,NEW DELHI,CHANAKYAPURI,CHANAKYAPURI,MAHABIR VANSTH.,-,-,-,-,-,-,28.60416667,77.17500000,30-05-2019 08:00,7.94,1077,"",0,220,"",177,"","","",27,"",230,60,29,143,"","","","","","","","","","",""
666,Mahabir Vansth.,CGWB,7,Delhi,79,NEW DELHI,CHANAKYAPURI,CHANAKYAPURI,MAHABIR VANSTH.,-,-,-,-,-,-,28.60416667,77.17500000,30-05-2020 08:00,7.94,1077,"","",220,"",177,"","","",27,"","",60,29,143,"","","","","","","","","","",""
667,Majanu Ka Tila Dw,CGWB,7,Delhi,82,NORTH WEST,NARELA,NARELA,Majanu Ka Tila,-,-,-,-,-,-,28.69583333,77.22777778,25-05-2000 00:00,7.78,1400,"","",513,420.5,93,"",150,"","","",297,79,24,108,"","","","","","","","","","",""
668,Majanu Ka Tila Dw,CGWB,7,Delhi,82,NORTH WEST,NARELA,NARELA,Majanu Ka Tila,-,-,-,-,-,-,28.69583333,77.22777778,25-05-2001 00:00,7.78,200,"","",38,31.2,19,"",37,"","","",86,34,"",5,"","","","","","","","","","",""
669,Majanu Ka Tila Dw,CGWB,7,Delhi,82,NORTH WEST,NARELA,NARELA,Majanu Ka Tila,-,-,-,-,-,-,28.69583333,77.22777778,25-05-2003 00:00,8.05,1230,"","",389,318.9,69,"",192,"","","",215,34,31,110,"","","","","","","","","","",""
670,Majanu Ka Tila Dw,CGWB,7,Delhi,82,NORTH WEST,NARELA,NARELA,Majanu Ka Tila,-,-,-,-,-,-,28.69583333,77.22777778,25-05-2006 00:00,7.45,1400,"","",505,413.9,118,"",95,"","","",337,61,44.93,96,"","","","","","","","","","",""
671,Majanu Ka Tila Dw,CGWB,7,Delhi,82,NORTH WEST,NARELA,NARELA,Majanu Ka Tila,-,-,-,-,-,-,28.69583333,77.22777778,25-05-2010 00:00,8.17,1170,"","",460,377.1,110,"","","","","",159,51,7.8,172,"","","","","","","","","","",""
672,Majanu Ka Tila Dw,CGWB,7,Delhi,82,NORTH WEST,NARELA,NARELA,Majanu Ka Tila,-,-,-,-,-,-,28.69583333,77.22777778,25-05-2011 00:00,"",1400,"","","","",195,"","","","","","","","","","","","","","","","","","","",""
673,Majanu Ka Tila Dw,CGWB,7,Delhi,82,NORTH WEST,NARELA,NARELA,Majanu Ka Tila,-,-,-,-,-,-,28.69583333,77.22777778,25-05-2012 00:00,8.71,1825,"",57.96,199.23,259.9,248.29,"",131,"","","",681,91.3,108.6,150,"",0.308,"","","","","","","","",""
674,Majanu Ka Tila Dw,CGWB,7,Delhi,82,NORTH WEST,NARELA,NARELA,Majanu Ka Tila,-,-,-,-,-,-,28.69583333,77.22777778,25-05-2013 00:00,7.65,1446,"","",439,359.8,211,"",128,"","","",423,40,78,174,"","","","","","","","","","",""
675,Majanu Ka Tila Dw,CGWB,7,Delhi,82,NORTH WEST,NARELA,NARELA,Majanu Ka Tila,-,-,-,-,-,-,28.69583333,77.22777778,25-05-2014 00:00,8.72,1380,"",24,218,218.69,197,"",140,"","","",185,37,23,223,"","","","","","","","","","",""
676,Majanu Ka Tila Dw,CGWB,7,Delhi,82,NORTH WEST,NARELA,NARELA,Majanu Ka Tila,-,-,-,-,-,-,28.69583333,77.22777778,25-05-2015 00:00,8.56,1786,"",14.05,499,432.43,126,"",143,"","","",288,21,56,207,"",0.083,"","","","","","","","",""
677,Majanu Ka Tila Dw,CGWB,7,Delhi,82,NORTH WEST,NARELA,NARELA,Majanu Ka Tila,-,-,-,-,-,-,28.69583333,77.22777778,25-05-2016 00:00,8.3,1215,814,"","","",113.44,"",106.58,"","","",31.43,12.45,18.98,148.8,"","","","","","","","","","",""
678,Majanu Ka Tila Dw,CGWB,7,Delhi,82,NORTH WEST,NARELA,NARELA,Majanu Ka Tila,-,-,-,-,-,-,28.69583333,77.22777778,25-05-2017 00:00,7.96,390,"",0,110,"",49,"",42,"",7.1,"",142,32,15,30,"","","","","","","","","","",""
679,Majanu Ka Tila Dw,CGWB,7,Delhi,82,NORTH WEST,NARELA,NARELA,Majanu Ka Tila,-,-,-,-,-,-,28.69583333,77.22777778,25-05-2018 00:00,8.48,1457,0,37,139,0,236,"",228,"",21,"",204,41,25,270,"",0,0,"","","","","","","",""
680,Majara Dabas,CGWB,7,Delhi,82,NORTH WEST,SARASWATI VIHAR,SARASWATI VIHAR,MAJARA DABAS,-,-,-,-,-,-,28.75555556,77.00583333,25-05-2000 00:00,7.52,790,"","",366,300,57,"",59,"","","",322,75,33,42,"","","","","","","","","","",""
681,Majara Dabas,CGWB,7,Delhi,82,NORTH WEST,SARASWATI VIHAR,SARASWATI VIHAR,MAJARA DABAS,-,-,-,-,-,-,28.75555556,77.00583333,25-05-2002 00:00,8.2,1280,"","",433,354.9,99,"",121,"","","",190,24,31,201,"","","","","","","","","","",""
682,Majara Dabas,CGWB,7,Delhi,82,NORTH WEST,SARASWATI VIHAR,SARASWATI VIHAR,MAJARA DABAS,-,-,-,-,-,-,28.75555556,77.00583333,25-05-2003 00:00,8.24,1880,"","",334,273.8,262,"",360,"","","",511,43,98,270,"","","","","","","","","","",""
683,Majara Dabas,CGWB,7,Delhi,82,NORTH WEST,SARASWATI VIHAR,SARASWATI VIHAR,MAJARA DABAS,-,-,-,-,-,-,28.75555556,77.00583333,25-05-2005 00:00,8.38,2010,"",26,576,515.5,224,"",250,"","","",197,21,35.16,428,"","","","","","","","","","",""
684,Majara Dabas,CGWB,7,Delhi,82,NORTH WEST,SARASWATI VIHAR,SARASWATI VIHAR,MAJARA DABAS,-,-,-,-,-,-,28.75555556,77.00583333,25-05-2008 00:00,8.12,870,"","",254,208.2,73,"",134,"","","",178,36,21.44,116,"","","","","","","","","","",""
685,Majara Dabas,CGWB,7,Delhi,82,NORTH WEST,SARASWATI VIHAR,SARASWATI VIHAR,MAJARA DABAS,-,-,-,-,-,-,28.75555556,77.00583333,25-05-2009 00:00,7.34,1250,"","",369,302.5,111,"",172,"","","",343,74,39,125,"","","","","","","","","","",""
686,Majara Dabas,CGWB,7,Delhi,82,NORTH WEST,SARASWATI VIHAR,SARASWATI VIHAR,MAJARA DABAS,-,-,-,-,-,-,28.75555556,77.00583333,25-05-2010 00:00,8.07,1150,"","",270,221.3,141,"",100,"","","",327,46,51,115,"","","","","","","","","","",""
687,Majara Dabas,CGWB,7,Delhi,82,NORTH WEST,SARASWATI VIHAR,SARASWATI VIHAR,MAJARA DABAS,-,-,-,-,-,-,28.75555556,77.00583333,25-05-2011 00:00,"",1250,"","","","",153,"","","","","","","","","","","","","","","","","","","",""
688,Majara Dabas,CGWB,7,Delhi,82,NORTH WEST,SARASWATI VIHAR,SARASWATI VIHAR,MAJARA DABAS,-,-,-,-,-,-,28.75555556,77.00583333,25-05-2012 00:00,9.06,1331,"",48.3,274.99,305.9,193.83,"",172,"","","",536,76.76,82.42,197.05,"",0.302,"","","","","","","","",""
689,Majara Dabas,CGWB,7,Delhi,82,NORTH WEST,SARASWATI VIHAR,SARASWATI VIHAR,MAJARA DABAS,-,-,-,-,-,-,28.75555556,77.00583333,25-05-2013 00:00,8.05,2350,"","",391,320.5,354,"",285,"","","",460,48,83,298,"","","","","","","","","","",""
690,Majara Dabas,CGWB,7,Delhi,82,NORTH WEST,SARASWATI VIHAR,SARASWATI VIHAR,MAJARA DABAS,-,-,-,-,-,-,28.75555556,77.00583333,25-05-2014 00:00,8.35,3140,"",26,188,197.43,610,"",450,"","","",674,65,124,405,"","","","","","","","","","",""
691,Majara Dabas,CGWB,7,Delhi,82,NORTH WEST,SARASWATI VIHAR,SARASWATI VIHAR,MAJARA DABAS,-,-,-,-,-,-,28.75555556,77.00583333,25-05-2015 00:00,8.36,3063,"",18.24,506.8,445.81,494,"",462,"","","",704,61,132,420,"",0.005,"","","","","","","","",""
692,Majara Dabas,CGWB,7,Delhi,82,NORTH WEST,SARASWATI VIHAR,SARASWATI VIHAR,MAJARA DABAS,-,-,-,-,-,-,28.75555556,77.00583333,25-05-2016 00:00,8.3,2072,1388,"","","",368.68,"",257.13,"","","",79.5,34.96,44.54,199.2,"","","","","","","","","","",""
693,Majara Dabas,CGWB,7,Delhi,82,NORTH WEST,SARASWATI VIHAR,SARASWATI VIHAR,MAJARA DABAS,-,-,-,-,-,-,28.75555556,77.00583333,25-05-2017 00:00,8.2,3785,"",0,927,"",386,"",825,"",14,"",270,56,32,903,"","","","","","","","","","",""
694,Majara Dabas,CGWB,7,Delhi,82,NORTH WEST,SARASWATI VIHAR,SARASWATI VIHAR,MAJARA DABAS,-,-,-,-,-,-,28.75555556,77.00583333,25-05-2018 00:00,8.08,2020,0,0,239,0,299,"",360,"",22,"",429,74,60,287,"",0,0,"","","","","","","",""
695,Majara Dabas,CGWB,7,Delhi,82,NORTH WEST,SARASWATI VIHAR,SARASWATI VIHAR,MAJARA DABAS,-,-,-,-,-,-,28.75555556,77.00583333,30-05-2019 08:00,8.17,219,"",0,98,"",21,"","","",6.62,"",110,28,4.86,1,"","","","","","","","","","",""
696,Majara Dabas,CGWB,7,Delhi,82,NORTH WEST,SARASWATI VIHAR,SARASWATI VIHAR,MAJARA DABAS,-,-,-,-,-,-,28.75555556,77.00583333,30-05-2020 08:00,8.17,219,"","",98,"",21,"","","",6.62,"","",28,4.86,1,"","","","","","","","","","",""
697,Majara Dabas,CGWB,7,Delhi,82,NORTH WEST,SARASWATI VIHAR,SARASWATI VIHAR,MAJARA DABAS,-,-,-,-,-,-,28.75555556,77.00583333,30-05-2021 08:00,7.7,11810,7676.5,0,280.6,"",3474.1,"",580,0.1,"","",1340,216,194.56,2107.5,"","","","","","","","","","",""
698,Mandela Khurd Pz,CGWB,7,Delhi,84,SOUTH WEST,NAJAFGARH,NAJAFGARH,Mandela,-,-,-,-,-,-,28.60722222,76.89388889,25-05-2009 00:00,7.82,4250,"","",531,435.3,801,"",620,"","","",570,70,96,780,"","","","","","","","","","",""
699,Mandela Khurd Pz,CGWB,7,Delhi,84,SOUTH WEST,NAJAFGARH,NAJAFGARH,Mandela,-,-,-,-,-,-,28.60722222,76.89388889,25-05-2010 00:00,8.54,3580,"","",691,566.4,771,"",48,"","","",391,42,69,670,"","","","","","","","","","",""
700,Mandela Khurd Pz,CGWB,7,Delhi,84,SOUTH WEST,NAJAFGARH,NAJAFGARH,Mandela,-,-,-,-,-,-,28.60722222,76.89388889,25-05-2012 00:00,9.36,3653,"",84.18,345.14,423.2,638.72,"",387,"","","",707,59.79,133.8,564,"",0.646,"","","","","","","","",""
701,Mandela Khurd Pz,CGWB,7,Delhi,84,SOUTH WEST,NAJAFGARH,NAJAFGARH,Mandela,-,-,-,-,-,-,28.60722222,76.89388889,25-05-2013 00:00,8.35,2180,"",48,390,"",388,"",125,"","","",110,16,17,450,"","","","","","","","","","",""
702,Mandela Khurd Pz,CGWB,7,Delhi,84,SOUTH WEST,NAJAFGARH,NAJAFGARH,Mandela,-,-,-,-,-,-,28.60722222,76.89388889,25-05-2014 00:00,8.35,2585,"",13,228,208.55,652,"",190,"","","",235,33,37,507,"","","","","","","","","","",""
703,Mandela Khurd Pz,CGWB,7,Delhi,84,SOUTH WEST,NAJAFGARH,NAJAFGARH,Mandela,-,-,-,-,-,-,28.60722222,76.89388889,25-05-2016 00:00,8.3,4402,2949,"","","",864.98,"",425.49,"","","",60.33,11.21,49.12,732,"","","","","","","","","","",""
704,Mandela Khurd Pz,CGWB,7,Delhi,84,SOUTH WEST,NAJAFGARH,NAJAFGARH,Mandela,-,-,-,-,-,-,28.60722222,76.89388889,25-05-2018 00:00,8.7,4210,0,74,402,0,834,"",496,"",21,"",255,24,47,908,"",0,0,"","","","","","","",""
705,Mandi Pz,CGWB,7,Delhi,83,SOUTH,HAUZ KHAS,-,-,-,-,-,-,-,-,28.44583333,77.14583333,25-05-2002 00:00,7.88,880,"","",232,190.2,85,"",86,"","","",320,52,46,51,"","","","","","","","","","",""
706,Mandir Lane Pz,CGWB,7,Delhi,79,NEW DELHI,CHANAKYAPURI,CHANAKYAPURI,Mandir Lane,-,-,-,-,-,-,28.63277778,77.19583333,25-05-2010 00:00,7.94,907,"","",290,237.7,57,"",100,"","","",370,51,59,48,"","","","","","","","","","",""
707,Mangolpuri Pz,CGWB,7,Delhi,82,NORTH WEST,SARASWATI VIHAR,SARASWATI VIHAR,North West,-,-,-,-,-,-,28.69027778,77.07916667,25-05-2008 00:00,8.01,1109,"","",356,291.8,111,"",80,"","","",297,114,2.7,127,"","","","","","","","","","",""
708,Mangolpuri Pz,CGWB,7,Delhi,82,NORTH WEST,SARASWATI VIHAR,SARASWATI VIHAR,North West,-,-,-,-,-,-,28.69027778,77.07916667,25-05-2009 00:00,7.9,728,"","",356,291.8,23,"",47,"","","",190,36,24,90,"","","","","","","","","","",""
709,Mangolpuri Pz,CGWB,7,Delhi,82,NORTH WEST,SARASWATI VIHAR,SARASWATI VIHAR,North West,-,-,-,-,-,-,28.69027778,77.07916667,25-05-2011 00:00,"",479,"","","","",28,"","","","","","","","","","","","","","","","","","","",""
710,Mangolpuri Pz,CGWB,7,Delhi,82,NORTH WEST,SARASWATI VIHAR,SARASWATI VIHAR,North West,-,-,-,-,-,-,28.69027778,77.07916667,25-05-2012 00:00,9.16,825,"",46.92,119.45,176.1,50.95,"",81.2,"","","",195,55.11,13.67,82.56,"",8.124,"","","","","","","","",""
711,Mangolpuri Pz,CGWB,7,Delhi,82,NORTH WEST,SARASWATI VIHAR,SARASWATI VIHAR,North West,-,-,-,-,-,-,28.69027778,77.07916667,25-05-2013 00:00,7.71,1440,"","",103,84.4,401,"",60,"","","",530,52,97,79,"","","","","","","","","","",""
712,Mangolpuri Pz,CGWB,7,Delhi,82,NORTH WEST,SARASWATI VIHAR,SARASWATI VIHAR,North West,-,-,-,-,-,-,28.69027778,77.07916667,25-05-2014 00:00,8.2,840,"",0,314,257.38,84,"",110,"","","",329,49,50,78,"","","","","","","","","","",""
713,Mangolpuri Pz,CGWB,7,Delhi,82,NORTH WEST,SARASWATI VIHAR,SARASWATI VIHAR,North West,-,-,-,-,-,-,28.69027778,77.07916667,25-05-2015 00:00,8.19,1148,"",0,344.8,282.62,110,"",68,"","","",235,30,38,120,"",0.014,"","","","","","","","",""
714,Mangolpuri Pz,CGWB,7,Delhi,82,NORTH WEST,SARASWATI VIHAR,SARASWATI VIHAR,North West,-,-,-,-,-,-,28.69027778,77.07916667,25-05-2016 00:00,8.2,475,318,"","","",99.26,"",47.32,"","","",43.33,30.21,13.12,22.1,"","","","","","","","","","",""
715,Mangolpuri Pz,CGWB,7,Delhi,82,NORTH WEST,SARASWATI VIHAR,SARASWATI VIHAR,North West,-,-,-,-,-,-,28.69027778,77.07916667,25-05-2017 00:00,8.06,613,"",0,281,"",42,"",46,"",15,"",243,53,27,44,"","","","","","","","","","",""
716,Mangolpuri Pz,CGWB,7,Delhi,82,NORTH WEST,SARASWATI VIHAR,SARASWATI VIHAR,North West,-,-,-,-,-,-,28.69027778,77.07916667,25-05-2018 00:00,8.23,576,0,"",176,0,77,"",41,"",18,"",235,57,22,33,"",0,0,"","","","","","","",""
717,Mayapuri Pz,CGWB,7,Delhi,85,WEST,PATEL NAGAR,PATEL NAGAR,Mayapuri,-,-,-,-,-,-,28.61861111,77.11111111,25-05-2007 00:00,7.4,1410,"","",275,225.4,279,"",64,"","","",485,100,57,105,"","","","","","","","","","",""
718,Mayapuri Pz,CGWB,7,Delhi,85,WEST,PATEL NAGAR,PATEL NAGAR,Mayapuri,-,-,-,-,-,-,28.61861111,77.11111111,25-05-2008 00:00,8.27,1355,"","",583,477.9,117,"",76,"","","",154,26,21.67,251,"","","","","","","","","","",""
719,Mayapuri Pz,CGWB,7,Delhi,85,WEST,PATEL NAGAR,PATEL NAGAR,Mayapuri,-,-,-,-,-,-,28.61861111,77.11111111,25-05-2011 00:00,"",1170,"","","","",125,"","","","","","","","","","","","","","","","","","","",""
720,Mayapuri Pz,CGWB,7,Delhi,85,WEST,PATEL NAGAR,PATEL NAGAR,Mayapuri,-,-,-,-,-,-,28.61861111,77.11111111,25-05-2012 00:00,9,1460,"",51.06,116.45,180.6,180.91,"",110,"","","",308,37.98,51.2,224.35,"",6.041,"","","","","","","","",""
721,Mayapuri Pz,CGWB,7,Delhi,85,WEST,PATEL NAGAR,PATEL NAGAR,Mayapuri,-,-,-,-,-,-,28.61861111,77.11111111,25-05-2013 00:00,7.49,1084,"","",339,277.9,125,"",58,"","","",198,4,46,153,"","","","","","","","","","",""
722,Mayapuri Pz,CGWB,7,Delhi,85,WEST,PATEL NAGAR,PATEL NAGAR,Mayapuri,-,-,-,-,-,-,28.61861111,77.11111111,25-05-2014 00:00,8.85,1120,"",48,430,432.46,84,"",140,"","","",134,29,15,265,"","","","","","","","","","",""
723,Mayapuri Pz,CGWB,7,Delhi,85,WEST,PATEL NAGAR,PATEL NAGAR,Mayapuri,-,-,-,-,-,-,28.61861111,77.11111111,25-05-2015 00:00,8.83,1197,"",26.61,209.9,216.4,117,"",86,"","","",206,42,24,132,"",0.027,"","","","","","","","",""
724,Mayapuri Pz,CGWB,7,Delhi,85,WEST,PATEL NAGAR,PATEL NAGAR,Mayapuri,-,-,-,-,-,-,28.61861111,77.11111111,25-05-2016 00:00,8.5,1796,1203,"","","",311.96,"",146.08,"","","",36.81,7.54,29.27,338,"","","","","","","","","","",""
725,"Mayur Vihar B Block, Ph-II",CGWB,7,Delhi,78,EAST,GANDHI NAGAR,GANDHI NAGAR,Mayur Vihar,-,-,-,-,-,-,28.61638889,77.30444444,25-05-2007 00:00,7.97,230,"","",77,63.1,16,"",33,"","","",98,27,7.2,11,"","","","","","","","","","",""
726,"Mayur Vihar B Block, Ph-II",CGWB,7,Delhi,78,EAST,GANDHI NAGAR,GANDHI NAGAR,Mayur Vihar,-,-,-,-,-,-,28.61638889,77.30444444,25-05-2011 00:00,"",231,"","","","",31,"","","","","","","","","","","","","","","","","","","",""
727,"Mayur Vihar B Block, Ph-II",CGWB,7,Delhi,78,EAST,GANDHI NAGAR,GANDHI NAGAR,Mayur Vihar,-,-,-,-,-,-,28.61638889,77.30444444,25-05-2012 00:00,8.95,1100,"",55.2,221.67,273.7,141.22,"",170,"","","","","","",150,"",0.641,"","","","","","","","",""
728,"Mayur Vihar B Block, Ph-II",CGWB,7,Delhi,78,EAST,GANDHI NAGAR,GANDHI NAGAR,Mayur Vihar,-,-,-,-,-,-,28.61638889,77.30444444,25-05-2013 00:00,7.37,1050,"","",378,309.8,115,"",110,"","","",424,52,71.54,78,"","","","","","","","","","",""
729,"Mayur Vihar B Block, Ph-II",CGWB,7,Delhi,78,EAST,GANDHI NAGAR,GANDHI NAGAR,Mayur Vihar,-,-,-,-,-,-,28.61638889,77.30444444,25-05-2014 00:00,8.21,810,"",0,278,227.87,77,"",130,"","","",289,54,38,83,"","","","","","","","","","",""
730,"Mayur Vihar B Block, Ph-II",CGWB,7,Delhi,78,EAST,GANDHI NAGAR,GANDHI NAGAR,Mayur Vihar,-,-,-,-,-,-,28.61638889,77.30444444,25-05-2015 00:00,8.45,1032,"",7.7,229.2,200.7,119,"",163,"","","",271,31,46,134,"",0.021,"","","","","","","","",""
731,"Mayur Vihar B Block, Ph-II",CGWB,7,Delhi,78,EAST,GANDHI NAGAR,GANDHI NAGAR,Mayur Vihar,-,-,-,-,-,-,28.61638889,77.30444444,25-05-2016 00:00,8.2,679,455,"","","",85.1,"",81,"","","",36.9,19.47,17.43,57,"","","","","","","","","","",""
732,"Mayur Vihar B Block, Ph-II",CGWB,7,Delhi,78,EAST,GANDHI NAGAR,GANDHI NAGAR,Mayur Vihar,-,-,-,-,-,-,28.61638889,77.30444444,25-05-2018 00:00,8.89,2200,0,99,201,0,299,"",253,"",27,"",459,65,72,345,"",0,0,"","","","","","","",""
733,Mayur Vihar Flood Plain,CGWB,7,Delhi,78,EAST,GANDHI NAGAR,GANDHI NAGAR,Mayur Vihar,-,-,-,-,-,-,28.60055556,77.28111111,25-05-2007 00:00,8.25,720,"","",186,152.5,110,"",115,"","","",157,25,23,95,"","","","","","","","","","",""
734,Mayur Vihar Flood Plain,CGWB,7,Delhi,78,EAST,GANDHI NAGAR,GANDHI NAGAR,Mayur Vihar,-,-,-,-,-,-,28.60055556,77.28111111,25-05-2011 00:00,"",770,"","","","",118,"","","","","","","","","","","","","","","","","","","",""
735,Mayur Vihar Flood Plain,CGWB,7,Delhi,78,EAST,GANDHI NAGAR,GANDHI NAGAR,Mayur Vihar,-,-,-,-,-,-,28.60055556,77.28111111,25-05-2012 00:00,8.71,565,"",20.7,131.88,142.6,28.06,"",52.6,"","","",197,42.66,21.62,40,"",0.363,"","","","","","","","",""
736,Mayur Vihar Flood Plain,CGWB,7,Delhi,78,EAST,GANDHI NAGAR,GANDHI NAGAR,Mayur Vihar,-,-,-,-,-,-,28.60055556,77.28111111,25-05-2017 00:00,7.67,1446,"",0,427,"",246,"",45,"",18,"",424,109,37,163,"","","","","","","","","","",""
737,Mubarakpur,CGWB,7,Delhi,82,NORTH WEST,SARASWATI VIHAR,SARASWATI VIHAR,MUBARAKPUR,-,-,-,-,-,-,28.70000000,77.03333333,25-05-2003 00:00,8.04,9500,"","",314,257.4,2703,"",1280,"","","",1926,213,338,1825,"","","","","","","","","","",""
738,Mubarakpur,CGWB,7,Delhi,82,NORTH WEST,SARASWATI VIHAR,SARASWATI VIHAR,MUBARAKPUR,-,-,-,-,-,-,28.70000000,77.03333333,25-05-2008 00:00,7.83,3020,"","",85,69.7,686,"",490,"","","",694,173,63.79,450,"","","","","","","","","","",""
739,Mubarakpur,CGWB,7,Delhi,82,NORTH WEST,SARASWATI VIHAR,SARASWATI VIHAR,MUBARAKPUR,-,-,-,-,-,-,28.70000000,77.03333333,25-05-2009 00:00,7.05,3710,"","",356,291.8,781,"",460,"","","",998,279,73,475,"","","","","","","","","","",""
740,Mubarakpur,CGWB,7,Delhi,82,NORTH WEST,SARASWATI VIHAR,SARASWATI VIHAR,MUBARAKPUR,-,-,-,-,-,-,28.70000000,77.03333333,25-05-2010 00:00,8.25,2370,"","",160,131.2,638,"",100,"","","",750,165,82,185,"","","","","","","","","","",""
741,Mubarakpur,CGWB,7,Delhi,82,NORTH WEST,SARASWATI VIHAR,SARASWATI VIHAR,MUBARAKPUR,-,-,-,-,-,-,28.70000000,77.03333333,25-05-2011 00:00,"",3600,"","","","",820,"","","","","","","","","","","","","","","","","","","",""
742,Mubarakpur,CGWB,7,Delhi,82,NORTH WEST,SARASWATI VIHAR,SARASWATI VIHAR,MUBARAKPUR,-,-,-,-,-,-,28.70000000,77.03333333,25-05-2012 00:00,8.54,4193,"","",199.23,163.3,1087.29,"",541,"","","",1415,253.71,187.13,710,"",2.432,"","","","","","","","",""
743,Mubarakpur,CGWB,7,Delhi,82,NORTH WEST,SARASWATI VIHAR,SARASWATI VIHAR,MUBARAKPUR,-,-,-,-,-,-,28.70000000,77.03333333,25-05-2013 00:00,8.35,4025,"",96,683,719.8,545,"",625,"","","",330,28,63,860,"","","","","","","","","","",""
744,Mubarakpur,CGWB,7,Delhi,82,NORTH WEST,SARASWATI VIHAR,SARASWATI VIHAR,MUBARAKPUR,-,-,-,-,-,-,28.70000000,77.03333333,25-05-2014 00:00,7.94,2915,"",0,107,87.7,723,"",360,"","","",806,208,69.79,323,"","","","","","","","","","",""
745,Mubarakpur,CGWB,7,Delhi,82,NORTH WEST,SARASWATI VIHAR,SARASWATI VIHAR,MUBARAKPUR,-,-,-,-,-,-,28.70000000,77.03333333,25-05-2015 00:00,7.65,4051,"",0,138,113.11,987,"",461,"","","",973,189,120,563,"",0.009,"","","","","","","","",""
746,Mubarakpur,CGWB,7,Delhi,82,NORTH WEST,SARASWATI VIHAR,SARASWATI VIHAR,MUBARAKPUR,-,-,-,-,-,-,28.70000000,77.03333333,25-05-2016 00:00,8,1270,851,"","","",269.42,"",120.95,"","","",36.73,18.37,18.36,215.1,"","","","","","","","","","",""
747,Mubarakpur,CGWB,7,Delhi,82,NORTH WEST,SARASWATI VIHAR,SARASWATI VIHAR,MUBARAKPUR,-,-,-,-,-,-,28.70000000,77.03333333,25-05-2017 00:00,7.98,810,"",0,305,"",49,"",82,"",15,"",230,48,15,90,"","","","","","","","","","",""
748,Mubarakpur,CGWB,7,Delhi,82,NORTH WEST,SARASWATI VIHAR,SARASWATI VIHAR,MUBARAKPUR,-,-,-,-,-,-,28.70000000,77.03333333,25-05-2018 00:00,8.59,624,0,37,164,0,42,"",27,"",23,"",204,24,35,50,"",0,0,"","","","","","","",""
749,Nagali Rajapur Pz,CGWB,7,Delhi,78,EAST,GANDHI NAGAR,GANDHI NAGAR,Nagali Rajapur,-,-,-,-,-,-,28.59444444,77.27333333,25-05-2002 00:00,7.9,450,"","",189,154.9,21,"",15,"","","",200,52,17.08,8,"","","","","","","","","","",""
750,Nagali Rajapur Pz,CGWB,7,Delhi,78,EAST,GANDHI NAGAR,GANDHI NAGAR,Nagali Rajapur,-,-,-,-,-,-,28.59444444,77.27333333,25-05-2007 00:00,8.1,893,"","",156,127.9,93,"",138,"","","",265,47,36,86,"","","","","","","","","","",""
751,Nagali Rajapur Pz,CGWB,7,Delhi,78,EAST,GANDHI NAGAR,GANDHI NAGAR,Nagali Rajapur,-,-,-,-,-,-,28.59444444,77.27333333,25-05-2008 00:00,7.86,910,"","",242,198.4,152,"",23,"","","",208,56,16.6,120,"","","","","","","","","","",""
752,Nagali Rajapur Pz,CGWB,7,Delhi,78,EAST,GANDHI NAGAR,GANDHI NAGAR,Nagali Rajapur,-,-,-,-,-,-,28.59444444,77.27333333,25-05-2010 00:00,7.34,1050,"","",290,237.7,168,"","","","","",211,53,19,145,"","","","","","","","","","",""
753,Nagali Rajapur Pz,CGWB,7,Delhi,78,EAST,GANDHI NAGAR,GANDHI NAGAR,Nagali Rajapur,-,-,-,-,-,-,28.59444444,77.27333333,25-05-2011 00:00,"",1160,"","","","",254,"","","","","","","","","","","","","","","","","","","",""
754,Nagali Rajapur Pz,CGWB,7,Delhi,78,EAST,GANDHI NAGAR,GANDHI NAGAR,Nagali Rajapur,-,-,-,-,-,-,28.59444444,77.27333333,25-05-2012 00:00,8.66,1524,"",42.78,119.26,169.1,268.56,"",15,"","","",365,66.25,47.75,300,"",13,"","","","","","","","",""
755,Nagali Rajapur Pz,CGWB,7,Delhi,78,EAST,GANDHI NAGAR,GANDHI NAGAR,Nagali Rajapur,-,-,-,-,-,-,28.59444444,77.27333333,25-05-2013 00:00,7.42,1191,"","",366,300,249,"",24,"","","",431,36,83,110,"","","","","","","","","","",""
756,Nagali Rajapur Pz,CGWB,7,Delhi,78,EAST,GANDHI NAGAR,GANDHI NAGAR,Nagali Rajapur,-,-,-,-,-,-,28.59444444,77.27333333,25-05-2014 00:00,8.4,1220,"",24,230,228.52,239,"",90,"","","",258,45,35,182,"","","","","","","","","","",""
757,Nagali Rajapur Pz,CGWB,7,Delhi,78,EAST,GANDHI NAGAR,GANDHI NAGAR,Nagali Rajapur,-,-,-,-,-,-,28.59444444,77.27333333,25-05-2015 00:00,7.92,977,"",0,273,223.77,139,"",3,"","","",237,28,40,129,"",0.013,"","","","","","","","",""
758,Nagali Rajapur Pz,CGWB,7,Delhi,78,EAST,GANDHI NAGAR,GANDHI NAGAR,Nagali Rajapur,-,-,-,-,-,-,28.59444444,77.27333333,25-05-2016 00:00,8.6,1239,830,"","","",212.7,"",37.4,"","","",42.04,14.04,28,123,"","","","","","","","","","",""
759,Nagali Rajapur Pz,CGWB,7,Delhi,78,EAST,GANDHI NAGAR,GANDHI NAGAR,Nagali Rajapur,-,-,-,-,-,-,28.59444444,77.27333333,25-05-2018 00:00,8.29,1392,0,0,264,0,264,"",74,"",21,"",245,53,27,230,"",0,0,"","","","","","","",""
760,Najafgarh Town,CGWB,7,Delhi,84,SOUTH WEST,NAJAFGARH,-,-,-,-,-,-,-,-,28.61472222,77.00055556,25-05-2000 00:00,7.6,5476,"","",452,370.5,1096,"",310,"","","",1228,226,161,800,"","","","","","","","","","",""
761,Najafgarh Town,CGWB,7,Delhi,84,SOUTH WEST,NAJAFGARH,-,-,-,-,-,-,-,-,28.61472222,77.00055556,25-05-2002 00:00,8.27,1610,"",0.002,323,264.8,291,"",77,"","","",430,56,70,159,"","","","","","","","","","",""
762,Najafgarh Town,CGWB,7,Delhi,84,SOUTH WEST,NAJAFGARH,-,-,-,-,-,-,-,-,28.61472222,77.00055556,25-05-2006 00:00,7.72,1040,"","",491,402.5,57,"",90,"","","",319,64,38.74,124,"","","","","","","","","","",""
763,Najafgarh Town,CGWB,7,Delhi,84,SOUTH WEST,NAJAFGARH,-,-,-,-,-,-,-,-,28.61472222,77.00055556,25-05-2009 00:00,7.56,7960,"","",236,193.4,2580,"",380,"","","",2460,355,382,850,"","","","","","","","","","",""
764,Najafgarh Town,CGWB,7,Delhi,84,SOUTH WEST,NAJAFGARH,-,-,-,-,-,-,-,-,28.61472222,77.00055556,25-05-2012 00:00,8.65,3483,"",27.6,218.87,225.4,875,"",250,"","","",852,75.74,158.88,578,"",0.606,"","","","","","","","",""
765,Najafgarh Town,CGWB,7,Delhi,84,SOUTH WEST,NAJAFGARH,-,-,-,-,-,-,-,-,28.61472222,77.00055556,25-05-2013 00:00,7.9,2400,"","",317,259.8,585,"",105,"","","",520,56,92,320,"","","","","","","","","","",""
766,Najafgarh Town,CGWB,7,Delhi,84,SOUTH WEST,NAJAFGARH,-,-,-,-,-,-,-,-,28.61472222,77.00055556,25-05-2014 00:00,8.25,1743,"",0,362,296.72,330,"",210,"","","",327,25,64,311,"","","","","","","","","","",""
767,Najafgarh Town,CGWB,7,Delhi,84,SOUTH WEST,NAJAFGARH,-,-,-,-,-,-,-,-,28.61472222,77.00055556,25-05-2015 00:00,8.37,1869,"",129.7,582,693.22,249,"",136,"","","",437,28,88,311,"",0.003,"","","","","","","","",""
768,Najafgarh Town,CGWB,7,Delhi,84,SOUTH WEST,NAJAFGARH,-,-,-,-,-,-,-,-,28.61472222,77.00055556,25-05-2016 00:00,8.8,1854,1242,"","","",241.06,"",106.17,"","","",44.4,6.41,37.99,318,"","","","","","","","","","",""
769,Najafgarh Town,CGWB,7,Delhi,84,SOUTH WEST,NAJAFGARH,-,-,-,-,-,-,-,-,28.61472222,77.00055556,25-05-2017 00:00,7.54,4680,"",0,427,"",1298,"",102,"",22,"",1296,184,203,475,"","","","","","","","","","",""
770,Najafgarh Town,CGWB,7,Delhi,84,SOUTH WEST,NAJAFGARH,-,-,-,-,-,-,-,-,28.61472222,77.00055556,25-05-2018 00:00,8.21,4430,0,"",189,0,945,"",658,"",23,"",939,78,181,640,"",0,0,"","","","","","","",""
771,Najafgarh Town,CGWB,7,Delhi,84,SOUTH WEST,NAJAFGARH,-,-,-,-,-,-,-,-,28.61472222,77.00055556,30-05-2019 08:00,8.27,212,"",0,98,"",14,"","","",5.67,"",110,32,7.29,2,"","","","","","","","","","",""
772,Najafgarh Town,CGWB,7,Delhi,84,SOUTH WEST,NAJAFGARH,-,-,-,-,-,-,-,-,28.61472222,77.00055556,30-05-2020 08:00,8.27,212,"","",98,"",14,"","","",5.67,"","",32,7.29,2,"","","","","","","","","","",""
773,Nangal Dewat,CGWB,7,Delhi,84,SOUTH WEST,NAJAFGARH,NAJAFGARH,NANGAL DEWAT,-,-,-,-,-,-,28.55000000,77.09722222,25-05-2005 00:00,7.67,1610,"","",331,271.3,374,"",27,"","","",554,131,55.23,55,"","","","","","","","","","",""
774,Nangloi Pz,CGWB,7,Delhi,85,WEST,PATEL NAGAR,PATEL NAGAR,NANGLOI,-,-,-,-,-,-,28.68583333,77.05250000,25-05-2002 00:00,8.3,230,"",0.002,55,45.1,36,"",14,"","","",100,24,10,5,"","","","","","","","","","",""
775,Nangloi Pz,CGWB,7,Delhi,85,WEST,PATEL NAGAR,PATEL NAGAR,NANGLOI,-,-,-,-,-,-,28.68583333,77.05250000,25-05-2003 00:00,8.25,7670,"","",882,723,1279,"",1820,"","","",532,28,112,1875,"","","","","","","","","","",""
776,Nangloi Pz,CGWB,7,Delhi,85,WEST,PATEL NAGAR,PATEL NAGAR,NANGLOI,-,-,-,-,-,-,28.68583333,77.05250000,25-05-2008 00:00,7.57,3454,"","",242,198.4,790,"",332,"","","",726,80,127.98,425,"","","","","","","","","","",""
777,Nangloi Pz,CGWB,7,Delhi,85,WEST,PATEL NAGAR,PATEL NAGAR,NANGLOI,-,-,-,-,-,-,28.68583333,77.05250000,25-05-2009 00:00,7.57,7030,"","",441,361.5,2124,"",196,"","","",1763,123,354,900,"","","","","","","","","","",""
778,Nangloi Pz,CGWB,7,Delhi,85,WEST,PATEL NAGAR,PATEL NAGAR,NANGLOI,-,-,-,-,-,-,28.68583333,77.05250000,25-05-2012 00:00,8.32,5190,"",26.22,175.38,187.5,1133.13,"",361,"","","",1634,315.12,203,707.7,"",15,"","","","","","","","",""
779,Nangloi Pz,CGWB,7,Delhi,85,WEST,PATEL NAGAR,PATEL NAGAR,NANGLOI,-,-,-,-,-,-,28.68583333,77.05250000,25-05-2013 00:00,6.91,3654,"","",471,386.1,987,"",240,"","","",1174,88,232,364,"","","","","","","","","","",""
780,Nangloi Pz,CGWB,7,Delhi,85,WEST,PATEL NAGAR,PATEL NAGAR,NANGLOI,-,-,-,-,-,-,28.68583333,77.05250000,25-05-2014 00:00,8.64,3275,"",48,399,407.05,126,"",980,"","","",350,33,65,580,"","","","","","","","","","",""
781,Nangloi Pz,CGWB,7,Delhi,85,WEST,PATEL NAGAR,PATEL NAGAR,NANGLOI,-,-,-,-,-,-,28.68583333,77.05250000,25-05-2015 00:00,7.88,4618,"",0,356.6,292.3,1100,"",322,"","","",990,129,160,653,"",0.314,"","","","","","","","",""
782,Nangloi Pz,CGWB,7,Delhi,85,WEST,PATEL NAGAR,PATEL NAGAR,NANGLOI,-,-,-,-,-,-,28.68583333,77.05250000,25-05-2018 00:00,8.47,1072,0,37,139,0,153,"",139,"",23,"",255,37,40,152,"",0,0,"","","","","","","",""
783,Naraina Dw,CGWB,7,Delhi,84,SOUTH WEST,NAJAFGARH,NAJAFGARH,NARAINA,-,-,-,-,-,-,28.61750000,77.13694444,25-05-2000 00:00,7.1,2574,"","",452,370.5,505,"",180,"","","",594,171,41,365,"","","","","","","","","","",""
784,Naraina Dw,CGWB,7,Delhi,84,SOUTH WEST,NAJAFGARH,NAJAFGARH,NARAINA,-,-,-,-,-,-,28.61750000,77.13694444,25-05-2002 00:00,7.8,2270,"","",342,280.3,405,"",130,"","","",510,100,63,242,"","","","","","","","","","",""
785,Naraina Dw,CGWB,7,Delhi,84,SOUTH WEST,NAJAFGARH,NAJAFGARH,NARAINA,-,-,-,-,-,-,28.61750000,77.13694444,25-05-2009 00:00,7.7,320,"","",121,99.2,18,"",38,"","","",127,40,6.4,18,"","","","","","","","","","",""
786,Narela Air Force,CGWB,7,Delhi,82,NORTH WEST,SARASWATI VIHAR,SARASWATI VIHAR,Narela Air Force,-,-,-,-,-,-,28.81972222,77.06083333,25-05-2008 00:00,7.84,1980,"","",483,395.9,65,"",472,"","","",319,53,45.41,307,"","","","","","","","","","",""
787,Nehru Park Dw,CGWB,7,Delhi,79,NEW DELHI,CHANAKYAPURI,CHANAKYAPURI,Nehru Park,-,-,-,-,-,-,28.60611111,77.21000000,25-05-2008 00:00,7.7,340,"","",145,118.9,33,"",13,"","","",139,34,13.17,19,"","","","","","","","","","",""
788,Nehru Park Dw,CGWB,7,Delhi,79,NEW DELHI,CHANAKYAPURI,CHANAKYAPURI,Nehru Park,-,-,-,-,-,-,28.60611111,77.21000000,25-05-2011 00:00,"",1460,"","","","",181,"","","","","","","","","","","","","","","","","","","",""
789,Nehru Park Dw,CGWB,7,Delhi,79,NEW DELHI,CHANAKYAPURI,CHANAKYAPURI,Nehru Park,-,-,-,-,-,-,28.60611111,77.21000000,25-05-2012 00:00,8.8,1640,"",28.38,217.47,225.6,306.44,"",221,"","","",497,57.37,84.81,190,"",0.199,"","","","","","","","",""
790,Nehru Park Dw,CGWB,7,Delhi,79,NEW DELHI,CHANAKYAPURI,CHANAKYAPURI,Nehru Park,-,-,-,-,-,-,28.60611111,77.21000000,25-05-2013 00:00,8.45,1260,"",36,207,229.7,211,"",110,"","","",230,20,44,189,"","","","","","","","","","",""
791,Nehru Park Dw,CGWB,7,Delhi,79,NEW DELHI,CHANAKYAPURI,CHANAKYAPURI,Nehru Park,-,-,-,-,-,-,28.60611111,77.21000000,25-05-2014 00:00,8.5,1997,"",132,443,583.11,312,"",0,"","","",424,51,72,277,"","","","","","","","","","",""
792,Nehru Park Dw,CGWB,7,Delhi,79,NEW DELHI,CHANAKYAPURI,CHANAKYAPURI,Nehru Park,-,-,-,-,-,-,28.60611111,77.21000000,25-05-2015 00:00,8.35,2073,"",7.84,248.7,216.92,478,"",119,"","","",454,53,77,307,"",0.226,"","","","","","","","",""
793,Nehru Park Dw,CGWB,7,Delhi,79,NEW DELHI,CHANAKYAPURI,CHANAKYAPURI,Nehru Park,-,-,-,-,-,-,28.60611111,77.21000000,25-05-2016 00:00,8.3,6453,4324,"","","",99.26,"",100.38,"","","",42.69,28.14,14.55,43.5,"","","","","","","","","","",""
794,Nehru Park Dw,CGWB,7,Delhi,79,NEW DELHI,CHANAKYAPURI,CHANAKYAPURI,Nehru Park,-,-,-,-,-,-,28.60611111,77.21000000,25-05-2017 00:00,7.35,641,"",0,85,"",91,"",120,"",4.23,"",163,37,17,75,"","","","","","","","","","",""
795,Nicolsan Range Pz,CGWB,7,Delhi,84,SOUTH WEST,NAJAFGARH,NAJAFGARH,NICOLSAN RANGE,-,-,-,-,-,-,28.60944444,77.15055556,25-05-2009 00:00,7.65,248,"","",91,74.6,12,"",36,"","","",116,38,5.1,5.2,"","","","","","","","","","",""
796,Nicolsan Range Pz,CGWB,7,Delhi,84,SOUTH WEST,NAJAFGARH,NAJAFGARH,NICOLSAN RANGE,-,-,-,-,-,-,28.60944444,77.15055556,25-05-2010 00:00,8,280,"","",80,65.6,27,"",31,"","","",142,30,16.33,1.8,"","","","","","","","","","",""
797,Nicolsan Range Pz,CGWB,7,Delhi,84,SOUTH WEST,NAJAFGARH,NAJAFGARH,NICOLSAN RANGE,-,-,-,-,-,-,28.60944444,77.15055556,25-05-2012 00:00,8.87,835,"",28.98,123.46,149.5,553.38,"",87.2,"","","",241,47.99,29,62.67,"",0.171,"","","","","","","","",""
798,Nizampur,CGWB,7,Delhi,82,NORTH WEST,SARASWATI VIHAR,SARASWATI VIHAR,NIZAMPUR,-,-,-,-,-,-,28.71944444,76.96666667,25-05-2002 00:00,7.9,1660,"","",159,130.3,341,"",187,"","","",480,64,77,156,"","","","","","","","","","",""
799,Nizampur,CGWB,7,Delhi,82,NORTH WEST,SARASWATI VIHAR,SARASWATI VIHAR,NIZAMPUR,-,-,-,-,-,-,28.71944444,76.96666667,25-05-2008 00:00,7.74,5240,"","",193,158.2,1644,"",296,"","","",1308,171,214.29,700,"","","","","","","","","","",""
800,Nizampur,CGWB,7,Delhi,82,NORTH WEST,SARASWATI VIHAR,SARASWATI VIHAR,NIZAMPUR,-,-,-,-,-,-,28.71944444,76.96666667,25-05-2009 00:00,7.69,5280,"","",719,589.3,1072,"",720,"","","",1304,104,254,770,"","","","","","","","","","",""
801,Nizampur,CGWB,7,Delhi,82,NORTH WEST,SARASWATI VIHAR,SARASWATI VIHAR,NIZAMPUR,-,-,-,-,-,-,28.71944444,76.96666667,25-05-2012 00:00,9.45,2420,"",20.7,213.26,209.3,396.89,"",275,"","","",223,54.94,20.46,550,"",0.574,"","","","","","","","",""
802,Nizampur,CGWB,7,Delhi,82,NORTH WEST,SARASWATI VIHAR,SARASWATI VIHAR,NIZAMPUR,-,-,-,-,-,-,28.71944444,76.96666667,25-05-2013 00:00,8.22,6345,"","",647,530.3,1436,"",568,"","","",680,52,134,1220,"","","","","","","","","","",""
803,Nizampur,CGWB,7,Delhi,82,NORTH WEST,SARASWATI VIHAR,SARASWATI VIHAR,NIZAMPUR,-,-,-,-,-,-,28.71944444,76.96666667,25-05-2014 00:00,9.2,4643,"",200,295,575.14,943,"",670,"","","",704,282,"",940,"","","","","","","","","","",""
804,Nizampur,CGWB,7,Delhi,82,NORTH WEST,SARASWATI VIHAR,SARASWATI VIHAR,NIZAMPUR,-,-,-,-,-,-,28.71944444,76.96666667,25-05-2015 00:00,7.83,4570,"",0,202.3,165.82,1148,"",425,"","","",877,96,152,708,"",0.025,"","","","","","","","",""
805,Nizampur,CGWB,7,Delhi,82,NORTH WEST,SARASWATI VIHAR,SARASWATI VIHAR,NIZAMPUR,-,-,-,-,-,-,28.71944444,76.96666667,25-05-2016 00:00,8.3,6261,4195,"","","",1474.72,"",567.32,"","","",36.73,18.37,18.36,1120,"","","","","","","","","","",""
806,Nizampur,CGWB,7,Delhi,82,NORTH WEST,SARASWATI VIHAR,SARASWATI VIHAR,NIZAMPUR,-,-,-,-,-,-,28.71944444,76.96666667,25-05-2018 00:00,8.81,4120,0,124,528,0,813,"",234,"",24,"",592,24,129,710,"",0,0,"","","","","","","",""
807,Nizamuddin Bridge-1,CGWB,7,Delhi,78,EAST,GANDHI NAGAR,GANDHI NAGAR,Nizamuddin Bridge,-,-,-,-,-,-,28.60694444,77.26611111,25-05-2002 00:00,8.1,2140,"","",439,359.8,305,"",219,"","","",290,56,36.54,352,"","","","","","","","","","",""
808,Nizamuddin Bridge-1,CGWB,7,Delhi,78,EAST,GANDHI NAGAR,GANDHI NAGAR,Nizamuddin Bridge,-,-,-,-,-,-,28.60694444,77.26611111,25-05-2007 00:00,7.82,782,"","",107,87.7,86,"",50,"","","",245,63,21,70,"","","","","","","","","","",""
809,Nizamuddin Bridge-1,CGWB,7,Delhi,78,EAST,GANDHI NAGAR,GANDHI NAGAR,Nizamuddin Bridge,-,-,-,-,-,-,28.60694444,77.26611111,25-05-2010 00:00,7.32,692,"","",290,237.7,31,"",5.2,"","","",317,97,18,37,"","","","","","","","","","",""
810,Nizamuddin Bridge-1,CGWB,7,Delhi,78,EAST,GANDHI NAGAR,GANDHI NAGAR,Nizamuddin Bridge,-,-,-,-,-,-,28.60694444,77.26611111,25-05-2014 00:00,8.05,1021,"",0,266,218.03,175,"",170,"","","",288,54,38,174,"","","","","","","","","","",""
811,Nizamuddin Bridge-1,CGWB,7,Delhi,78,EAST,GANDHI NAGAR,GANDHI NAGAR,Nizamuddin Bridge,-,-,-,-,-,-,28.60694444,77.26611111,25-05-2017 00:00,7.37,1478,"",0,403,"",225,"",140,"",16,"",414,109,34,174,"","","","","","","","","","",""
812,Nizamuddin Bridge-1,CGWB,7,Delhi,78,EAST,GANDHI NAGAR,GANDHI NAGAR,Nizamuddin Bridge,-,-,-,-,-,-,28.60694444,77.26611111,25-05-2018 00:00,8.4,740,0,37,113,0,118,"",27,"",23,"",163,24,25,90,"",0,0,"","","","","","","",""
813,Nizamuddin Bridge-2,CGWB,7,Delhi,78,EAST,GANDHI NAGAR,GANDHI NAGAR,Nizamuddin Bridge,-,-,-,-,-,-,28.60472222,77.26611111,25-05-2010 00:00,7.01,1250,"","",380,311.5,189,"","","","","",428,133,23,109,"","","","","","","","","","",""
814,Nizamuddin Bridge-2,CGWB,7,Delhi,78,EAST,GANDHI NAGAR,GANDHI NAGAR,Nizamuddin Bridge,-,-,-,-,-,-,28.60472222,77.26611111,25-05-2011 00:00,"",978,"","","","",195,"","","","","","","","","","","","","","","","","","","",""
815,Nizamuddin Bridge-2,CGWB,7,Delhi,78,EAST,GANDHI NAGAR,GANDHI NAGAR,Nizamuddin Bridge,-,-,-,-,-,-,28.60472222,77.26611111,25-05-2012 00:00,8.8,1154,"",27.6,204.84,213.9,169.83,"",76,"","","",582,77.57,93.08,159,"",0.121,"","","","","","","","",""
816,Nizamuddin Bridge-2,CGWB,7,Delhi,78,EAST,GANDHI NAGAR,GANDHI NAGAR,Nizamuddin Bridge,-,-,-,-,-,-,28.60472222,77.26611111,25-05-2013 00:00,7.29,1217,"","",427,350,201,"",44,"","","",461,54,79,109,"","","","","","","","","","",""
817,Nizamuddin Bridge-2,CGWB,7,Delhi,78,EAST,GANDHI NAGAR,GANDHI NAGAR,Nizamuddin Bridge,-,-,-,-,-,-,28.60472222,77.26611111,25-05-2014 00:00,8.17,1160,"",0,254,208.2,211,"",126,"","","",247,66,20,184,"","","","","","","","","","",""
818,Nizamuddin Bridge-2,CGWB,7,Delhi,78,EAST,GANDHI NAGAR,GANDHI NAGAR,Nizamuddin Bridge,-,-,-,-,-,-,28.60472222,77.26611111,25-05-2015 00:00,8.43,891,"",4.73,195.8,168.38,134,"",75,"","","",185,22,31,126,"",0.003,"","","","","","","","",""
819,Nizamuddin Bridge-2,CGWB,7,Delhi,78,EAST,GANDHI NAGAR,GANDHI NAGAR,Nizamuddin Bridge,-,-,-,-,-,-,28.60472222,77.26611111,25-05-2016 00:00,8.3,1091,731,"","","",212.7,"",16.46,"","","",84.05,56.32,27.73,105,"","","","","","","","","","",""
820,Nizamuddin Bridge-2,CGWB,7,Delhi,78,EAST,GANDHI NAGAR,GANDHI NAGAR,Nizamuddin Bridge,-,-,-,-,-,-,28.60472222,77.26611111,25-05-2017 00:00,7.76,1814,"",0,342,"",407,"",60,"",15,"",505,137,39,194,"","","","","","","","","","",""
821,Ojwah Pz,CGWB,7,Delhi,84,SOUTH WEST,NAJAFGARH,NAJAFGARH,OJWAH,-,-,-,-,-,-,28.57666667,76.91416667,25-05-2002 00:00,8.64,2370,"",27,641,570.4,149,"",370,"","","",400,48,68,352,"","","","","","","","","","",""
822,Ojwah Pz,CGWB,7,Delhi,84,SOUTH WEST,NAJAFGARH,NAJAFGARH,OJWAH,-,-,-,-,-,-,28.57666667,76.91416667,25-05-2009 00:00,7.34,4640,"","",344,282,1085,"",470,"","","",1014,144,159,630,"","","","","","","","","","",""
823,Ojwah Pz,CGWB,7,Delhi,84,SOUTH WEST,NAJAFGARH,NAJAFGARH,OJWAH,-,-,-,-,-,-,28.57666667,76.91416667,25-05-2010 00:00,8.06,2850,"","",450,368.9,529,"",260,"","","",359,45,60,483,"","","","","","","","","","",""
824,Ojwah Pz,CGWB,7,Delhi,84,SOUTH WEST,NAJAFGARH,NAJAFGARH,OJWAH,-,-,-,-,-,-,28.57666667,76.91416667,25-05-2012 00:00,8.92,4796,"",63.48,277.29,333.1,926.69,"",686,"","","",1282,87.26,255,920.7,"",0.174,"","","","","","","","",""
825,Ojwah Pz,CGWB,7,Delhi,84,SOUTH WEST,NAJAFGARH,NAJAFGARH,OJWAH,-,-,-,-,-,-,28.57666667,76.91416667,25-05-2014 00:00,9.09,3776,"",83,435,494.89,779,"",266,"","","",423,25,88,689,"","","","","","","","","","",""
826,Ojwah Pz,CGWB,7,Delhi,84,SOUTH WEST,NAJAFGARH,NAJAFGARH,OJWAH,-,-,-,-,-,-,28.57666667,76.91416667,25-05-2015 00:00,8.11,4474,"",0,114.4,93.77,1154,"",654,"","","",980,40,211,681,"",0.017,"","","","","","","","",""
827,Ojwah Pz,CGWB,7,Delhi,84,SOUTH WEST,NAJAFGARH,NAJAFGARH,OJWAH,-,-,-,-,-,-,28.57666667,76.91416667,25-05-2016 00:00,8.9,3217,2155,"","","",553.02,"",238.67,"","","",62.02,4.53,57.49,579.9,"","","","","","","","","","",""
828,Ojwah Pz,CGWB,7,Delhi,84,SOUTH WEST,NAJAFGARH,NAJAFGARH,OJWAH,-,-,-,-,-,-,28.57666667,76.91416667,25-05-2017 00:00,7.95,2468,"",0,671,"",428,"",90,"",21,"",367,61,52,423,"","","","","","","","","","",""
829,Ojwah Pz,CGWB,7,Delhi,84,SOUTH WEST,NAJAFGARH,NAJAFGARH,OJWAH,-,-,-,-,-,-,28.57666667,76.91416667,25-05-2018 00:00,8.5,5110,0,86,301,0,1244,"",350,"",21,"",674,24,149,860,"",0,0,"","","","","","","",""
830,Ojwah Pz,CGWB,7,Delhi,84,SOUTH WEST,NAJAFGARH,NAJAFGARH,OJWAH,-,-,-,-,-,-,28.57666667,76.91416667,30-05-2019 08:00,8.14,5740,"",0,391,"",1503,"","","",22,"",961,160,137,872,"","","","","","","","","","",""
831,Ojwah Pz,CGWB,7,Delhi,84,SOUTH WEST,NAJAFGARH,NAJAFGARH,OJWAH,-,-,-,-,-,-,28.57666667,76.91416667,30-05-2020 08:00,8.14,5740,"","",391,"",1503,"","","",22,"","",160,137,872,"","","","","","","","","","",""
832,Old Delhi Rstn,CGWB,7,Delhi,77,CENTRAL,CIVIL LINES,CIVIL LINES,Old Delhi Rstn,-,-,-,-,-,-,28.64472222,77.25277778,25-05-2000 00:00,7.62,879,"","",342,280.3,97,"",75,"","","",367,99,29,37,"","","","","","","","","","",""
833,Pachkuian Road,CGWB,7,Delhi,79,NEW DELHI,CHANAKYAPURI,CHANAKYAPURI,Pachkuian Road,-,-,-,-,-,-,28.64277778,77.20361111,25-05-2000 00:00,7.13,1174,"","",439,359.8,122,"",135,"","","",375,127,14,124,"","","","","","","","","","",""
834,Pachkuian Road,CGWB,7,Delhi,79,NEW DELHI,CHANAKYAPURI,CHANAKYAPURI,Pachkuian Road,-,-,-,-,-,-,28.64277778,77.20361111,25-05-2001 00:00,8.24,1140,"","",390,319.7,111,"",105,"","","",334,109,15,102,"","","","","","","","","","",""
835,Pachkuian Road,CGWB,7,Delhi,79,NEW DELHI,CHANAKYAPURI,CHANAKYAPURI,Pachkuian Road,-,-,-,-,-,-,28.64277778,77.20361111,25-05-2002 00:00,8.4,1030,"",12,293,260.2,114,"",60,"","","",300,72,29,76,"","","","","","","","","","",""
836,Pachkuian Road,CGWB,7,Delhi,79,NEW DELHI,CHANAKYAPURI,CHANAKYAPURI,Pachkuian Road,-,-,-,-,-,-,28.64277778,77.20361111,25-05-2005 00:00,8.12,1340,"","",397,325.4,196,"",140,"","","",435,108,40.25,130,"","","","","","","","","","",""
837,Pachkuian Road,CGWB,7,Delhi,79,NEW DELHI,CHANAKYAPURI,CHANAKYAPURI,Pachkuian Road,-,-,-,-,-,-,28.64277778,77.20361111,25-05-2006 00:00,7.4,1470,"","",558,457.4,164,"",135,"","","",496,128,42.95,137,"","","","","","","","","","",""
838,Pachkuian Road,CGWB,7,Delhi,79,NEW DELHI,CHANAKYAPURI,CHANAKYAPURI,Pachkuian Road,-,-,-,-,-,-,28.64277778,77.20361111,25-05-2008 00:00,7.4,1620,"","",423,346.7,219,"",192,"","","",456,127,33.83,170,"","","","","","","","","","",""
839,Pachkuian Road,CGWB,7,Delhi,79,NEW DELHI,CHANAKYAPURI,CHANAKYAPURI,Pachkuian Road,-,-,-,-,-,-,28.64277778,77.20361111,25-05-2010 00:00,7.93,1420,"","",220,"",266,"",150,"","","",553,67,72,110,"","","","","","","","","","",""
840,Palam Road Pz,CGWB,7,Delhi,84,SOUTH WEST,NAJAFGARH,NAJAFGARH,PALAM RD.,-,-,-,-,-,-,28.56972222,77.13333333,25-05-2002 00:00,7.9,1240,"","",146,119.7,277,"",45,"","","",400,64,58,100,"","","","","","","","","","",""
841,Palam Road Pz,CGWB,7,Delhi,84,SOUTH WEST,NAJAFGARH,NAJAFGARH,PALAM RD.,-,-,-,-,-,-,28.56972222,77.13333333,25-05-2006 00:00,7.76,884,"","",546,447.5,25,"",3.2,"","","",177,45,16,150,"","","","","","","","","","",""
842,Palam Signal Camp,CGWB,7,Delhi,84,SOUTH WEST,NAJAFGARH,-,-,-,-,-,-,-,-,28.58472222,77.09361111,25-05-2010 00:00,8.82,1270,"",20,621,542.4,88,"",24,"","","",106,27,9,276,"","","","","","","","","","",""
843,Palam Signal Camp,CGWB,7,Delhi,84,SOUTH WEST,NAJAFGARH,-,-,-,-,-,-,-,-,28.58472222,77.09361111,25-05-2013 00:00,8.4,890,"",60,268,319.7,95,"",5,"","","",140,12,27,152,"","","","","","","","","","",""
844,Palam Signal Camp,CGWB,7,Delhi,84,SOUTH WEST,NAJAFGARH,-,-,-,-,-,-,-,-,28.58472222,77.09361111,25-05-2014 00:00,8.47,1929,"",26,309,296.61,425,"",215,"","","",102,12,17,477,"","","","","","","","","","",""
845,Palam Signal Camp,CGWB,7,Delhi,84,SOUTH WEST,NAJAFGARH,-,-,-,-,-,-,-,-,28.58472222,77.09361111,25-05-2015 00:00,8.68,2967,"",28.37,1095,944.82,812,"",5,"","","",285,10,62,759,"",0.452,"","","","","","","","",""
846,Palam Signal Camp,CGWB,7,Delhi,84,SOUTH WEST,NAJAFGARH,-,-,-,-,-,-,-,-,28.58472222,77.09361111,25-05-2016 00:00,8.9,1063,712,"","","",1630.7,"",17.69,"","","",15.86,2.46,13.4,254.4,"","","","","","","","","","",""
847,Palam Signal Camp,CGWB,7,Delhi,84,SOUTH WEST,NAJAFGARH,-,-,-,-,-,-,-,-,28.58472222,77.09361111,25-05-2018 00:00,8.51,2060,0,62,264,0,465,"",69,"",19,"",133,16,22,430,"",0,0,"","","","","","","",""
848,Palla Temple,CGWB,7,Delhi,82,NORTH WEST,SARASWATI VIHAR,SARASWATI VIHAR,Palla,-,-,-,-,-,-,28.82250000,77.20361111,25-05-2000 00:00,7.86,462,"","",262,214.8,14,"",35,"","","",203,50,19.03,29,"","","","","","","","","","",""
849,Palla Temple,CGWB,7,Delhi,82,NORTH WEST,SARASWATI VIHAR,SARASWATI VIHAR,Palla,-,-,-,-,-,-,28.82250000,77.20361111,25-05-2003 00:00,7.72,1860,"","",423,346.7,260,"",328,"","","",516,82,76,240,"","","","","","","","","","",""
850,Palla Temple,CGWB,7,Delhi,82,NORTH WEST,SARASWATI VIHAR,SARASWATI VIHAR,Palla,-,-,-,-,-,-,28.82250000,77.20361111,25-05-2005 00:00,8.1,1690,"","",258,211.5,228,"",340,"","","",383,83,42.77,240,"","","","","","","","","","",""
851,Palla Temple,CGWB,7,Delhi,82,NORTH WEST,SARASWATI VIHAR,SARASWATI VIHAR,Palla,-,-,-,-,-,-,28.82250000,77.20361111,25-05-2008 00:00,7.97,532,"","",248,203.3,33,"",40,"","","",218,48,23.89,34,"","","","","","","","","","",""
852,Palla Temple,CGWB,7,Delhi,82,NORTH WEST,SARASWATI VIHAR,SARASWATI VIHAR,Palla,-,-,-,-,-,-,28.82250000,77.20361111,25-05-2009 00:00,7.92,648,"","",260,213.1,40,"",52,"","","",190,42,21,64,"","","","","","","","","","",""
853,Palla Temple,CGWB,7,Delhi,82,NORTH WEST,SARASWATI VIHAR,SARASWATI VIHAR,Palla,-,-,-,-,-,-,28.82250000,77.20361111,25-05-2010 00:00,8.23,548,"","",180,147.5,50,"",35,"","","",190,38,23.14,39,"","","","","","","","","","",""
854,Palla Temple,CGWB,7,Delhi,82,NORTH WEST,SARASWATI VIHAR,SARASWATI VIHAR,Palla,-,-,-,-,-,-,28.82250000,77.20361111,25-05-2011 00:00,"",669,"","","","",80,"","","","","","","","","","","","","","","","","","","",""
855,Palla Temple,CGWB,7,Delhi,82,NORTH WEST,SARASWATI VIHAR,SARASWATI VIHAR,Palla,-,-,-,-,-,-,28.82250000,77.20361111,25-05-2012 00:00,9.06,804,"",20.7,155.73,162.2,80.12,"",96.6,"","","",217,35.55,30.73,95.47,"",0.151,"","","","","","","","",""
856,Palla Temple,CGWB,7,Delhi,82,NORTH WEST,SARASWATI VIHAR,SARASWATI VIHAR,Palla,-,-,-,-,-,-,28.82250000,77.20361111,25-05-2013 00:00,8.07,772,"","",232,190.2,123,"",25,"","","",230,48,27,73,"","","","","","","","","","",""
857,Palla Temple,CGWB,7,Delhi,82,NORTH WEST,SARASWATI VIHAR,SARASWATI VIHAR,Palla,-,-,-,-,-,-,28.82250000,77.20361111,25-05-2014 00:00,8.37,756,"",26,81,109.73,128,"",115,"","","",296,53,40,56,"","","","","","","","","","",""
858,Palla Temple,CGWB,7,Delhi,82,NORTH WEST,SARASWATI VIHAR,SARASWATI VIHAR,Palla,-,-,-,-,-,-,28.82250000,77.20361111,25-05-2015 00:00,8.19,1040,"",0,404.8,331.8,86,"",104,"","","",340,48,53,100,"",0.009,"","","","","","","","",""
859,Palla Temple,CGWB,7,Delhi,82,NORTH WEST,SARASWATI VIHAR,SARASWATI VIHAR,Palla,-,-,-,-,-,-,28.82250000,77.20361111,25-05-2016 00:00,8.3,667.7,447,"","","",269.42,"",74.05,"","","",41.97,21.7,20.27,58.5,"","","","","","","","","","",""
860,Palla Temple,CGWB,7,Delhi,82,NORTH WEST,SARASWATI VIHAR,SARASWATI VIHAR,Palla,-,-,-,-,-,-,28.82250000,77.20361111,25-05-2018 00:00,8.28,761,0,"",139,0,132,"",99,"",21,"",286,61,32,53,"",0,0,"","","","","","","",""
861,Palla Temple,CGWB,7,Delhi,82,NORTH WEST,SARASWATI VIHAR,SARASWATI VIHAR,Palla,-,-,-,-,-,-,28.82250000,77.20361111,30-05-2019 08:00,8.35,663,"",60,98,"",85,"","","",20,"",170,36,19,86,"","","","","","","","","","",""
862,Palla Temple,CGWB,7,Delhi,82,NORTH WEST,SARASWATI VIHAR,SARASWATI VIHAR,Palla,-,-,-,-,-,-,28.82250000,77.20361111,30-05-2020 08:00,8.35,663,"","",98,"",85,"","","",20,"","",36,19,86,"","","","","","","","","","",""
863,Palla Temple,CGWB,7,Delhi,82,NORTH WEST,SARASWATI VIHAR,SARASWATI VIHAR,Palla,-,-,-,-,-,-,28.82250000,77.20361111,30-05-2021 08:00,7.56,8490,5518.5,0,1037,"",1134,"",1633,0.02,"","",1200,160,194.56,1400,"","","","","","","","","","",""
864,Palla Zero RD,CGWB,7,Delhi,82,NORTH WEST,SARASWATI VIHAR,SARASWATI VIHAR,Palla,-,-,-,-,-,-,28.85805556,77.19638889,25-05-2009 00:00,7.7,3940,"","",362,296.7,660,"",870,"","","",977,220,104,560,"","","","","","","","","","",""
865,Palla Zero RD,CGWB,7,Delhi,82,NORTH WEST,SARASWATI VIHAR,SARASWATI VIHAR,Palla,-,-,-,-,-,-,28.85805556,77.19638889,25-05-2010 00:00,7.99,2850,"","",230,188.5,481,"",600,"","","",839,167,103,320,"","","","","","","","","","",""
866,Palla Zero RD,CGWB,7,Delhi,82,NORTH WEST,SARASWATI VIHAR,SARASWATI VIHAR,Palla,-,-,-,-,-,-,28.85805556,77.19638889,25-05-2011 00:00,"",2300,"","","","",358,"","","","","","","","","","","","","","","","","","","",""
867,Palla Zero RD,CGWB,7,Delhi,82,NORTH WEST,SARASWATI VIHAR,SARASWATI VIHAR,Palla,-,-,-,-,-,-,28.85805556,77.19638889,25-05-2012 00:00,8.52,2432,"",8.28,151.52,138,452.27,"",609,"","","",840,127.66,125,320,"",15,"","","","","","","","",""
868,Palla Zero RD,CGWB,7,Delhi,82,NORTH WEST,SARASWATI VIHAR,SARASWATI VIHAR,Palla,-,-,-,-,-,-,28.85805556,77.19638889,25-05-2013 00:00,7.98,2010,"","",281,230.3,277,"",400,"","","",320,52,49,325,"","","","","","","","","","",""
869,Palla Zero RD,CGWB,7,Delhi,82,NORTH WEST,SARASWATI VIHAR,SARASWATI VIHAR,Palla,-,-,-,-,-,-,28.85805556,77.19638889,25-05-2014 00:00,8.42,1746,"",13,148,142.98,291,"","","","","",327,61,42,"","","","","","","","","","","",""
870,Palla Zero RD,CGWB,7,Delhi,82,NORTH WEST,SARASWATI VIHAR,SARASWATI VIHAR,Palla,-,-,-,-,-,-,28.85805556,77.19638889,25-05-2015 00:00,8.31,1790,"","",107.8,88.36,273,"",418,"","","",371,50,59,220,"",0.113,"","","","","","","","",""
871,Palla Zero RD,CGWB,7,Delhi,82,NORTH WEST,SARASWATI VIHAR,SARASWATI VIHAR,Palla,-,-,-,-,-,-,28.85805556,77.19638889,25-05-2016 00:00,8.1,1797,1204,"","","",425.4,"",373.96,"","","",82.54,42.24,40.3,248.1,"","","","","","","","","","",""
872,Palla Zero RD,CGWB,7,Delhi,82,NORTH WEST,SARASWATI VIHAR,SARASWATI VIHAR,Palla,-,-,-,-,-,-,28.85805556,77.19638889,25-05-2017 00:00,7.73,1853,"",0,353,"",237,"",318,"",19,"",480,92,61,219,"","","","","","","","","","",""
873,Palla Zero RD,CGWB,7,Delhi,82,NORTH WEST,SARASWATI VIHAR,SARASWATI VIHAR,Palla,-,-,-,-,-,-,28.85805556,77.19638889,25-05-2018 00:00,8.07,1558,0,0,189,0,236,"",322,"",25,"",286,45,42,255,"",0,0,"","","","","","","",""
874,Palla Zero RD,CGWB,7,Delhi,82,NORTH WEST,SARASWATI VIHAR,SARASWATI VIHAR,Palla,-,-,-,-,-,-,28.85805556,77.19638889,30-05-2019 08:00,8.25,1415,"",0,244,"",205,"","","",20,"",230,52,24,230,"","","","","","","","","","",""
875,Palla Zero RD,CGWB,7,Delhi,82,NORTH WEST,SARASWATI VIHAR,SARASWATI VIHAR,Palla,-,-,-,-,-,-,28.85805556,77.19638889,30-05-2020 08:00,8.25,1415,"","",244,"",205,"","","",20,"","",52,24,230,"","","","","","","","","","",""
876,Palla Zero RD,CGWB,7,Delhi,82,NORTH WEST,SARASWATI VIHAR,SARASWATI VIHAR,Palla,-,-,-,-,-,-,28.85805556,77.19638889,30-05-2021 08:00,8.18,6750,4387.5,0,1281,"",780,"",613,0.25,"","",1060,176,150.784,1063,"","","","","","","","","","",""
877,Papankalan(SPG),CGWB,7,Delhi,84,SOUTH WEST,NAJAFGARH,NAJAFGARH,PAPANKALAN(SPG),-,-,-,-,-,-,28.56527778,77.07500000,25-05-2002 00:00,8.4,1860,"",15,384,339.8,376,"",24,"","","",280,72,24,297,"","","","","","","","","","",""
878,Papankalan(SPG),CGWB,7,Delhi,84,SOUTH WEST,NAJAFGARH,NAJAFGARH,PAPANKALAN(SPG),-,-,-,-,-,-,28.56527778,77.07500000,25-05-2011 00:00,8.5,1370,"",66,167,246.9,306,"",9,"","","",98,12,17,277,"","","","","","","","","","",""
879,Parsidharamsala Dw,CGWB,7,Delhi,77,CENTRAL,CIVIL LINES,CIVIL LINES,PARSIDHARAMSALA,-,-,-,-,-,-,28.62916667,77.23750000,25-05-2001 00:00,8.24,1430,"","",408,334.4,130,"",138,"","","",354,77,39,130,"","","","","","","","","","",""
880,Parsidharamsala Dw,CGWB,7,Delhi,77,CENTRAL,CIVIL LINES,CIVIL LINES,PARSIDHARAMSALA,-,-,-,-,-,-,28.62916667,77.23750000,25-05-2005 00:00,8.12,1250,"","",344,282,132,"",115,"","","",337,56,47.96,100,"","","","","","","","","","",""
881,Peera Garhi Pz,CGWB,7,Delhi,85,WEST,PATEL NAGAR,PATEL NAGAR,Peera Garhi,-,-,-,-,-,-,28.67805556,77.09472222,25-05-2008 00:00,7.91,3549,"","",483,395.9,731,"",392,"","","",1012,79,198.13,377,"","","","","","","","","","",""
882,Peera Garhi Pz,CGWB,7,Delhi,85,WEST,PATEL NAGAR,PATEL NAGAR,Peera Garhi,-,-,-,-,-,-,28.67805556,77.09472222,25-05-2009 00:00,7.86,3110,"","",568,465.6,442,"",580,"","","",480,64,78,562,"","","","","","","","","","",""
883,Peera Garhi Pz,CGWB,7,Delhi,85,WEST,PATEL NAGAR,PATEL NAGAR,Peera Garhi,-,-,-,-,-,-,28.67805556,77.09472222,25-05-2010 00:00,8.31,8840,"","",350,286.9,2418,"",700,"","","",1996,275,318,1242,"","","","","","","","","","",""
884,Peera Garhi Pz,CGWB,7,Delhi,85,WEST,PATEL NAGAR,PATEL NAGAR,Peera Garhi,-,-,-,-,-,-,28.67805556,77.09472222,25-05-2013 00:00,8.55,535,"",37,101,144.5,48,"",40,"","","",189,38,23,39,"","","","","","","","","","",""
885,Peera Garhi Pz,CGWB,7,Delhi,85,WEST,PATEL NAGAR,PATEL NAGAR,Peera Garhi,-,-,-,-,-,-,28.67805556,77.09472222,25-05-2014 00:00,7.98,850,"",0,229,187.7,42,"",220,"","","",422,82,53,39,"","","","","","","","","","",""
886,Peera Garhi Pz,CGWB,7,Delhi,85,WEST,PATEL NAGAR,PATEL NAGAR,Peera Garhi,-,-,-,-,-,-,28.67805556,77.09472222,25-05-2015 00:00,7.94,1070,"",0,128.1,105,144,"",200,"","","",448,62,70,59,"",0.288,"","","","","","","","",""
887,Peera Garhi Pz,CGWB,7,Delhi,85,WEST,PATEL NAGAR,PATEL NAGAR,Peera Garhi,-,-,-,-,-,-,28.67805556,77.09472222,25-05-2016 00:00,8.1,15640,10479,"","","",4154.74,"",2226.63,"","","",578.9,332.6,246.3,2420,"","","","","","","","","","",""
888,Peera Garhi Pz,CGWB,7,Delhi,85,WEST,PATEL NAGAR,PATEL NAGAR,Peera Garhi,-,-,-,-,-,-,28.67805556,77.09472222,25-05-2017 00:00,7.76,5300,"",0,415,"",1299,"",466,"",4,"",1374,162,235,587,"","","","","","","","","","",""
889,Peera Garhi Pz,CGWB,7,Delhi,85,WEST,PATEL NAGAR,PATEL NAGAR,Peera Garhi,-,-,-,-,-,-,28.67805556,77.09472222,25-05-2018 00:00,8.18,5010,0,"",226,0,1299,"",473,"",18,"",1276,127,233,619,"",0,0,"","","","","","","",""
890,Pragati Maidan,CGWB,7,Delhi,79,NEW DELHI,CHANAKYAPURI,CHANAKYAPURI,Pragati Maidan,-,-,-,-,-,-,28.61444444,77.24638889,25-05-2007 00:00,7.76,6340,"","",84,68.9,1313,"",1000,"","","",2604,493,334,475,"","","","","","","","","","",""
891,Presidents Estate-1,CGWB,7,Delhi,79,NEW DELHI,CHANAKYAPURI,CHANAKYAPURI,Presidents Estate,-,-,-,-,-,-,28.61166667,77.19944444,25-05-2008 00:00,7.42,1350,"","",290,237.7,179,"",150,"","","",290,79,22.59,136,"","","","","","","","","","",""
892,Presidents Estate-1,CGWB,7,Delhi,79,NEW DELHI,CHANAKYAPURI,CHANAKYAPURI,Presidents Estate,-,-,-,-,-,-,28.61166667,77.19944444,25-05-2011 00:00,"",1400,"","","","",226,"","","","","","","","","","","","","","","","","","","",""
893,Presidents Estate-1,CGWB,7,Delhi,79,NEW DELHI,CHANAKYAPURI,CHANAKYAPURI,Presidents Estate,-,-,-,-,-,-,28.61166667,77.19944444,25-05-2012 00:00,8.82,1596,"",22.08,193.61,195.5,292.59,"",200.5,"","","",569,93.52,80.48,241.45,"",0.49,"","","","","","","","",""
894,Presidents Estate-1,CGWB,7,Delhi,79,NEW DELHI,CHANAKYAPURI,CHANAKYAPURI,Presidents Estate,-,-,-,-,-,-,28.61166667,77.19944444,25-05-2013 00:00,8.05,1550,"","",427,350,218,"",95,"","","",390,48,66,200,"","","","","","","","","","",""
895,Presidents Estate-1,CGWB,7,Delhi,79,NEW DELHI,CHANAKYAPURI,CHANAKYAPURI,Presidents Estate,-,-,-,-,-,-,28.61166667,77.19944444,25-05-2014 00:00,8.38,1435,"",66,27,132.13,262,"",146,"","","",316,41,52,180,"","","","","","","","","","",""
896,Presidents Estate-1,CGWB,7,Delhi,79,NEW DELHI,CHANAKYAPURI,CHANAKYAPURI,Presidents Estate,-,-,-,-,-,-,28.61166667,77.19944444,25-05-2016 00:00,8.3,1162,779,"","","",198.52,"",112.31,"","","",54.46,18.28,36.18,103.8,"","","","","","","","","","",""
897,PUSA Indrapuri Gate,CGWB,7,Delhi,84,SOUTH WEST,NAJAFGARH,NAJAFGARH,Pusa Institute,-,-,-,-,-,-,28.63305556,77.14888889,25-05-2007 00:00,8.56,1610,"",29,478,440.1,203,"",75,"","","",88,22,8.3,350,"","","","","","","","","","",""
898,PUSA Indrapuri Gate,CGWB,7,Delhi,84,SOUTH WEST,NAJAFGARH,NAJAFGARH,Pusa Institute,-,-,-,-,-,-,28.63305556,77.14888889,25-05-2014 00:00,8.27,2085,"",0,268,219.67,518,"",71,"","","",541,41,107,245,"","","","","","","","","","",""
899,PUSA (NRL),CGWB,7,Delhi,84,SOUTH WEST,NAJAFGARH,NAJAFGARH,Pusa Institute,-,-,-,-,-,-,28.63916667,77.16222222,25-05-2007 00:00,8.2,1370,"","",478,391.8,182,"",65,"","","",177,24,29,260,"","","","","","","","","","",""
900,PUSA (NRL),CGWB,7,Delhi,84,SOUTH WEST,NAJAFGARH,NAJAFGARH,Pusa Institute,-,-,-,-,-,-,28.63916667,77.16222222,25-05-2008 00:00,7.76,1530,"","",333,273,278,"",110,"","","",386,79,45.93,194,"","","","","","","","","","",""
901,PUSA (NRL),CGWB,7,Delhi,84,SOUTH WEST,NAJAFGARH,NAJAFGARH,Pusa Institute,-,-,-,-,-,-,28.63916667,77.16222222,25-05-2014 00:00,8.48,2016,"",13,134,131.5,525,"",184,"","","",480,25,102,282,"","","","","","","","","","",""
902,PUSA (NRL),CGWB,7,Delhi,84,SOUTH WEST,NAJAFGARH,NAJAFGARH,Pusa Institute,-,-,-,-,-,-,28.63916667,77.16222222,25-05-2016 00:00,8.1,1746,1170,"","","",382.86,"",60.49,"","","",61.03,26.92,34.11,235.5,"","","","","","","","","","",""
903,PUSA (NRL),CGWB,7,Delhi,84,SOUTH WEST,NAJAFGARH,NAJAFGARH,Pusa Institute,-,-,-,-,-,-,28.63916667,77.16222222,25-05-2017 00:00,7.95,1972,"",0,439,"",393,"",78,"",25,"",561,110,69,210,"","","","","","","","","","",""
904,PUSA (NRL),CGWB,7,Delhi,84,SOUTH WEST,NAJAFGARH,NAJAFGARH,Pusa Institute,-,-,-,-,-,-,28.63916667,77.16222222,25-05-2018 00:00,8.47,1650,0,62,251,0,382,"","","",15,"",316,29,59,252,"",0,0,"","","","","","","",""
905,PUSA (NRL),CGWB,7,Delhi,84,SOUTH WEST,NAJAFGARH,NAJAFGARH,Pusa Institute,-,-,-,-,-,-,28.63916667,77.16222222,30-05-2021 08:00,7.76,1570,1020.5,0,341.6,"",241.06,"",55,0.02,"","",370,52,58.368,162.4,"","","","","","","","","","",""
906,PUSA (WTC),CGWB,7,Delhi,84,SOUTH WEST,NAJAFGARH,NAJAFGARH,Pusa Institute,-,-,-,-,-,-,28.63194444,77.15944444,25-05-2007 00:00,8.1,3600,"","",263,215.6,1094,"",98,"","","",1044,228,116,400,"","","","","","","","","","",""
907,PUSA (WTC),CGWB,7,Delhi,84,SOUTH WEST,NAJAFGARH,NAJAFGARH,Pusa Institute,-,-,-,-,-,-,28.63194444,77.15944444,25-05-2008 00:00,7.13,2193,"","",384,314.8,509,"",47,"","","",880,224,78.07,129,"","","","","","","","","","",""
908,PUSA (WTC),CGWB,7,Delhi,84,SOUTH WEST,NAJAFGARH,NAJAFGARH,Pusa Institute,-,-,-,-,-,-,28.63194444,77.15944444,25-05-2010 00:00,7.86,1640,"","",270,"",358,"",50,"","","",553,94,56,178,"","","","","","","","","","",""
909,PUSA (WTC),CGWB,7,Delhi,84,SOUTH WEST,NAJAFGARH,NAJAFGARH,Pusa Institute,-,-,-,-,-,-,28.63194444,77.15944444,25-05-2011 00:00,"",1000,"","","","",181,"","","","","","","","","","","","","","","","","","","",""
910,PUSA (WTC),CGWB,7,Delhi,84,SOUTH WEST,NAJAFGARH,NAJAFGARH,Pusa Institute,-,-,-,-,-,-,28.63194444,77.15944444,25-05-2012 00:00,8.81,1917,"",13.8,157.14,151.8,428.27,"",107.5,"","","",554,96.96,74.7,248.6,"",0.215,"","","","","","","","",""
911,PUSA (WTC),CGWB,7,Delhi,84,SOUTH WEST,NAJAFGARH,NAJAFGARH,Pusa Institute,-,-,-,-,-,-,28.63194444,77.15944444,25-05-2013 00:00,7.96,1700,"","",171,140.2,429,"",102,"","","",350,64,46,240,"","","","","","","","","","",""
912,PUSA (WTC),CGWB,7,Delhi,84,SOUTH WEST,NAJAFGARH,NAJAFGARH,Pusa Institute,-,-,-,-,-,-,28.63194444,77.15944444,25-05-2014 00:00,8.01,1866,"",0,228,186.89,454,"",1.9,"","","",174,20,30,329,"","","","","","","","","","",""
913,PUSA (WTC),CGWB,7,Delhi,84,SOUTH WEST,NAJAFGARH,NAJAFGARH,Pusa Institute,-,-,-,-,-,-,28.63194444,77.15944444,25-05-2015 00:00,7.68,2099,"",0,465.2,381.31,494,"",71,"","","",544,53,99,280,"",0.002,"","","","","","","","",""
914,PUSA (WTC),CGWB,7,Delhi,84,SOUTH WEST,NAJAFGARH,NAJAFGARH,Pusa Institute,-,-,-,-,-,-,28.63194444,77.15944444,25-05-2017 00:00,7.54,1910,"",0,293,"",491,"",42,"",28,"",510,143,37,225,"","","","","","","","","","",""
915,Pusp Vihar Pz,CGWB,7,Delhi,83,SOUTH,HAUZ KHAS,HAUZ KHAS,Pusp Vihar,-,-,-,-,-,-,28.52777778,77.22666667,25-05-2005 00:00,7.92,654,"","",265,217.2,52,"",22,"","","",228,56,21.46,21,"","","","","","","","","","",""
916,Pusp Vihar Pz,CGWB,7,Delhi,83,SOUTH,HAUZ KHAS,HAUZ KHAS,Pusp Vihar,-,-,-,-,-,-,28.52777778,77.22666667,25-05-2013 00:00,8.12,847,"","",370,303.3,105,"","","","","",281,22,55,73,"","","","","","","","","","",""
917,Pusp Vihar Pz,CGWB,7,Delhi,83,SOUTH,HAUZ KHAS,HAUZ KHAS,Pusp Vihar,-,-,-,-,-,-,28.52777778,77.22666667,25-05-2014 00:00,8.2,835,"",0,229,187.7,126,"",26,"","","",268,62,28,85,"","","","","","","","","","",""
918,Pusp Vihar Pz,CGWB,7,Delhi,83,SOUTH,HAUZ KHAS,HAUZ KHAS,Pusp Vihar,-,-,-,-,-,-,28.52777778,77.22666667,25-05-2015 00:00,8.25,812.6,"",0,302.1,247.62,75,"",35,"","","",289,29,52,66,"",0.156,"","","","","","","","",""
919,Pusp Vihar Pz,CGWB,7,Delhi,83,SOUTH,HAUZ KHAS,HAUZ KHAS,Pusp Vihar,-,-,-,-,-,-,28.52777778,77.22666667,25-05-2017 00:00,7.3,2465,"",0,244,"",425,"",52,"",30,"",901,272,54,150,"","","","","","","","","","",""
920,Puth kalan Dw,CGWB,7,Delhi,82,NORTH WEST,SARASWATI VIHAR,SARASWATI VIHAR,PUTH KALAN,-,-,-,-,-,-,28.71666667,77.07777778,25-05-2002 00:00,8.9,4390,"",60,445,464.8,994,"",254,"","","",800,160,97,594,"","","","","","","","","","",""
921,Puth kalan Dw,CGWB,7,Delhi,82,NORTH WEST,SARASWATI VIHAR,SARASWATI VIHAR,PUTH KALAN,-,-,-,-,-,-,28.71666667,77.07777778,25-05-2003 00:00,7.8,2160,"","",423,346.7,345,"",245,"","","",511,71,81,290,"","","","","","","","","","",""
922,Qatlupur Pz,CGWB,7,Delhi,82,NORTH WEST,SARASWATI VIHAR,SARASWATI VIHAR,Qatlupur,-,-,-,-,-,-,28.83472222,77.02250000,25-05-2000 00:00,7.59,1273,"","",354,290.2,147,"",180,"","","",535,107,65,78,"","","","","","","","","","",""
923,Qatlupur Pz,CGWB,7,Delhi,82,NORTH WEST,SARASWATI VIHAR,SARASWATI VIHAR,Qatlupur,-,-,-,-,-,-,28.83472222,77.02250000,25-05-2003 00:00,8.05,775,"","",362,296.7,22,"",64,"","","",178,19,31,112,"","","","","","","","","","",""
924,Qatlupur Pz,CGWB,7,Delhi,82,NORTH WEST,SARASWATI VIHAR,SARASWATI VIHAR,Qatlupur,-,-,-,-,-,-,28.83472222,77.02250000,25-05-2008 00:00,7.53,9000,"","",483,395.9,2009,"",1580,"","","",1541,202,252.13,1560,"","","","","","","","","","",""
925,Qatlupur Pz,CGWB,7,Delhi,82,NORTH WEST,SARASWATI VIHAR,SARASWATI VIHAR,Qatlupur,-,-,-,-,-,-,28.83472222,77.02250000,25-05-2010 00:00,8.12,850,"","",120,98.4,3017,"",1268,"","","",3490,717,413,1034,"","","","","","","","","","",""
926,Qatlupur Pz,CGWB,7,Delhi,82,NORTH WEST,SARASWATI VIHAR,SARASWATI VIHAR,Qatlupur,-,-,-,-,-,-,28.83472222,77.02250000,25-05-2012 00:00,8.7,960,"",24.84,173.97,184,50.95,"",137.8,"","","",291,47.51,41.3,65.34,"",1.105,"","","","","","","","",""
927,Qatlupur Pz,CGWB,7,Delhi,82,NORTH WEST,SARASWATI VIHAR,SARASWATI VIHAR,Qatlupur,-,-,-,-,-,-,28.83472222,77.02250000,25-05-2013 00:00,8.36,526,"",36,159,190.3,21,"",70,"","","",210,24,36,38,"","","","","","","","","","",""
928,Qatlupur Pz,CGWB,7,Delhi,82,NORTH WEST,SARASWATI VIHAR,SARASWATI VIHAR,Qatlupur,-,-,-,-,-,-,28.83472222,77.02250000,25-05-2014 00:00,8.61,592,"",26,201,208.09,14,"",60,"","","",204,45,22,44,"","","","","","","","","","",""
929,Qatlupur Pz,CGWB,7,Delhi,82,NORTH WEST,SARASWATI VIHAR,SARASWATI VIHAR,Qatlupur,-,-,-,-,-,-,28.83472222,77.02250000,25-05-2015 00:00,8.14,513,"",0,125.7,103.03,53,"",56,"","","",220,39,30,18,"",0.713,"","","","","","","","",""
930,Qatlupur Pz,CGWB,7,Delhi,82,NORTH WEST,SARASWATI VIHAR,SARASWATI VIHAR,Qatlupur,-,-,-,-,-,-,28.83472222,77.02250000,25-05-2016 00:00,8.4,421.5,282,"","","",28.36,"",63.26,"","","",36.14,16.93,19.21,24,"","","","","","","","","","",""
931,Rajendra Nagar,CGWB,7,Delhi,77,CENTRAL,CIVIL LINES,CIVIL LINES,Rajendra Nagar,-,-,-,-,-,-,28.63611111,77.19444444,25-05-2006 00:00,7.55,816,"","",319,261.5,68,"",75,"","","",342,62,45.54,51,"","","","","","","","","","",""
932,Rajghat Pz,CGWB,7,Delhi,77,CENTRAL,CIVIL LINES,CIVIL LINES,RAJGHAT,-,-,-,-,-,-,28.63944444,77.24888889,25-05-2011 00:00,"",1670,"","","","",264,"","","","","","","","","","","","","","","","","","","",""
933,Rajghat Pz,CGWB,7,Delhi,77,CENTRAL,CIVIL LINES,CIVIL LINES,RAJGHAT,-,-,-,-,-,-,28.63944444,77.24888889,25-05-2012 00:00,8.37,3745,"",31.74,98.21,133.4,629.49,"",545,"","","",1439,185.84,233.57,486.4,"",1.535,"","","","","","","","",""
934,Rajghat Pz,CGWB,7,Delhi,77,CENTRAL,CIVIL LINES,CIVIL LINES,RAJGHAT,-,-,-,-,-,-,28.63944444,77.24888889,25-05-2014 00:00,8.73,1641,"",33,188,209.1,308,"",95,"","","",342,82,33,206,"","","","","","","","","","",""
935,Rajghat Pz,CGWB,7,Delhi,77,CENTRAL,CIVIL LINES,CIVIL LINES,RAJGHAT,-,-,-,-,-,-,28.63944444,77.24888889,25-05-2015 00:00,7.76,3989,"",0,807.9,662.21,178,"",491,"","","",1080,141,174,394,"",2.829,"","","","","","","","",""
936,Rajghat Pz,CGWB,7,Delhi,77,CENTRAL,CIVIL LINES,CIVIL LINES,RAJGHAT,-,-,-,-,-,-,28.63944444,77.24888889,25-05-2016 00:00,8.1,2943,1972,"","","",397,"",370,"","","",138.4,78.2,60.2,303,"","","","","","","","","","",""
937,Rajokri Pz,CGWB,7,Delhi,84,SOUTH WEST,NAJAFGARH,-,-,-,-,-,-,-,-,28.51666667,77.09888889,25-05-2005 00:00,8.21,670,"","",298,244.3,52,"",35,"","","",140,27,17.66,109,"","","","","","","","","","",""
938,Rani Khera,CGWB,7,Delhi,82,NORTH WEST,SARASWATI VIHAR,SARASWATI VIHAR,RANI KHERA,-,-,-,-,-,-,28.70694444,77.02500000,25-05-2003 00:00,8.2,1020,"","",205,168,138,"",146,"","","",376,43,65,72,"","","","","","","","","","",""
939,Rani Khera,CGWB,7,Delhi,82,NORTH WEST,SARASWATI VIHAR,SARASWATI VIHAR,RANI KHERA,-,-,-,-,-,-,28.70694444,77.02500000,25-05-2008 00:00,7.8,4580,"","",302,247.5,812,"",940,"","","",1471,238,213.27,440,"","","","","","","","","","",""
940,Rani Khera,CGWB,7,Delhi,82,NORTH WEST,SARASWATI VIHAR,SARASWATI VIHAR,RANI KHERA,-,-,-,-,-,-,28.70694444,77.02500000,25-05-2009 00:00,7.25,7850,"","",405,332,1809,"",1100,"","","",2719,370,436,625,"","","","","","","","","","",""
941,Rani Khera,CGWB,7,Delhi,82,NORTH WEST,SARASWATI VIHAR,SARASWATI VIHAR,RANI KHERA,-,-,-,-,-,-,28.70694444,77.02500000,25-05-2010 00:00,8.05,3950,"","",220,180.3,844,"",100,"","","",1542,243,235,240,"","","","","","","","","","",""
942,Rani Khera,CGWB,7,Delhi,82,NORTH WEST,SARASWATI VIHAR,SARASWATI VIHAR,RANI KHERA,-,-,-,-,-,-,28.70694444,77.02500000,25-05-2011 00:00,"",2970,"","","","",434,"","","","","","","","","","","","","","","","","","","",""
943,Rani Khera,CGWB,7,Delhi,82,NORTH WEST,SARASWATI VIHAR,SARASWATI VIHAR,RANI KHERA,-,-,-,-,-,-,28.70694444,77.02500000,25-05-2012 00:00,8.37,10690,"",15.18,151.52,149.5,2935.14,"",1470,"","","",4213,711.04,583.92,1608.2,"",7.481,"","","","","","","","",""
944,Rani Khera,CGWB,7,Delhi,82,NORTH WEST,SARASWATI VIHAR,SARASWATI VIHAR,RANI KHERA,-,-,-,-,-,-,28.70694444,77.02500000,25-05-2013 00:00,7.4,8620,"","",171,140.2,2335,"",1200,"","","",2992,477,438,780,"","","","","","","","","","",""
945,Rani Khera,CGWB,7,Delhi,82,NORTH WEST,SARASWATI VIHAR,SARASWATI VIHAR,RANI KHERA,-,-,-,-,-,-,28.70694444,77.02500000,25-05-2014 00:00,7.8,7592,"",0,188,154.1,2191,"","","","","",2756,417,417,738,"","","","","","","","","","",""
946,Rani Khera,CGWB,7,Delhi,82,NORTH WEST,SARASWATI VIHAR,SARASWATI VIHAR,RANI KHERA,-,-,-,-,-,-,28.70694444,77.02500000,25-05-2015 00:00,7.94,8900,"",0,88.33,72.4,2511,"",562,"","","",2397,521,263,959,"",0.176,"","","","","","","","",""
947,Rani Khera,CGWB,7,Delhi,82,NORTH WEST,SARASWATI VIHAR,SARASWATI VIHAR,RANI KHERA,-,-,-,-,-,-,28.70694444,77.02500000,25-05-2016 00:00,7.7,10430,6988,"","","",1985.2,"",227.09,"","","",104.63,41.01,63.62,976,"","","","","","","","","","",""
948,Rani Khera,CGWB,7,Delhi,82,NORTH WEST,SARASWATI VIHAR,SARASWATI VIHAR,RANI KHERA,-,-,-,-,-,-,28.70694444,77.02500000,25-05-2018 00:00,7.85,7610,0,"",101,0,1932,"",856,"",23,"",2338,397,327,690,"",0,0,"","","","","","","",""
949,Rani Khera,CGWB,7,Delhi,82,NORTH WEST,SARASWATI VIHAR,SARASWATI VIHAR,RANI KHERA,-,-,-,-,-,-,28.70694444,77.02500000,30-05-2021 08:00,7.5,993,645.45,0,244,"",141.8,"",68,0.02,"","",280,60,31.616,88.6,"","","","","","","","","","",""
950,Raota,CGWB,7,Delhi,84,SOUTH WEST,NAJAFGARH,NAJAFGARH,RAOTA,-,-,-,-,-,-,28.51805556,76.90416667,25-05-2002 00:00,7.4,10045,"","",110,90.2,1562,"",2246,"","","",3200,920,218,814,"","","","","","","","","","",""
951,Raota,CGWB,7,Delhi,84,SOUTH WEST,NAJAFGARH,NAJAFGARH,RAOTA,-,-,-,-,-,-,28.51805556,76.90416667,25-05-2007 00:00,8.4,3170,"",18,562,490.7,674,"",146,"","","",255,24,48,650,"","","","","","","","","","",""
952,Raota,CGWB,7,Delhi,84,SOUTH WEST,NAJAFGARH,NAJAFGARH,RAOTA,-,-,-,-,-,-,28.51805556,76.90416667,25-05-2008 00:00,7.91,4910,"","",327,268,1375,"",268,"","","",495,123,45.74,854,"","","","","","","","","","",""
953,Raota,CGWB,7,Delhi,84,SOUTH WEST,NAJAFGARH,NAJAFGARH,RAOTA,-,-,-,-,-,-,28.51805556,76.90416667,25-05-2009 00:00,7.98,5800,"","",387,317.2,1453,"",400,"","","",876,150,122,960,"","","","","","","","","","",""
954,Raota,CGWB,7,Delhi,84,SOUTH WEST,NAJAFGARH,NAJAFGARH,RAOTA,-,-,-,-,-,-,28.51805556,76.90416667,25-05-2010 00:00,8.25,5760,"","",90,73.8,1596,"",250,"","","",876,106,149,1000,"","","","","","","","","","",""
955,Raota,CGWB,7,Delhi,84,SOUTH WEST,NAJAFGARH,NAJAFGARH,RAOTA,-,-,-,-,-,-,28.51805556,76.90416667,25-05-2011 00:00,8.02,7380,"","",322,263.9,2390,"",495,"","","",706,43,145,1618,"","","","","","","","","","",""
956,Raota,CGWB,7,Delhi,84,SOUTH WEST,NAJAFGARH,NAJAFGARH,RAOTA,-,-,-,-,-,-,28.51805556,76.90416667,25-05-2012 00:00,8.29,7945,"",20.7,192.21,192.1,1200,"",540,"","","",2251,310,359.26,870,"",0.942,"","","","","","","","",""
957,Raota,CGWB,7,Delhi,84,SOUTH WEST,NAJAFGARH,NAJAFGARH,RAOTA,-,-,-,-,-,-,28.51805556,76.90416667,25-05-2013 00:00,8.1,7172,"","",113,92.6,1919,"",585,"","","",1040,126,176,1180,"","","","","","","","","","",""
958,Raota,CGWB,7,Delhi,84,SOUTH WEST,NAJAFGARH,NAJAFGARH,RAOTA,-,-,-,-,-,-,28.51805556,76.90416667,25-05-2014 00:00,7.98,6709,"",0,229,187.7,1881,"",510,"","","",1319,148,230,1035,"","","","","","","","","","",""
959,Raota,CGWB,7,Delhi,84,SOUTH WEST,NAJAFGARH,NAJAFGARH,RAOTA,-,-,-,-,-,-,28.51805556,76.90416667,25-05-2015 00:00,7.78,7138,"",0,290.7,238.28,2015,"",437,"","","",1272,96,248,1389,"",0.109,"","","","","","","","",""
960,Raota,CGWB,7,Delhi,84,SOUTH WEST,NAJAFGARH,NAJAFGARH,RAOTA,-,-,-,-,-,-,28.51805556,76.90416667,25-05-2016 00:00,7.9,6981,4677,"","","",1942.66,"",417.26,"","","",211.51,136.3,75.21,1216,"","","","","","","","","","",""
961,Raota,CGWB,7,Delhi,84,SOUTH WEST,NAJAFGARH,NAJAFGARH,RAOTA,-,-,-,-,-,-,28.51805556,76.90416667,25-05-2017 00:00,7.6,9600,"",0,525,"",2808,"",442,"",22,"",1041,128,175,1760,"","","","","","","","","","",""
962,Raota,CGWB,7,Delhi,84,SOUTH WEST,NAJAFGARH,NAJAFGARH,RAOTA,-,-,-,-,-,-,28.51805556,76.90416667,30-05-2021 08:00,7.6,10620,6903,0,231.8,"",2268.8,"",2140,0.02,"","",2240,304,359.936,1550,"","","","","","","","","","",""
963,Rohini Sec-28,CGWB,7,Delhi,82,NORTH WEST,SARASWATI VIHAR,SARASWATI VIHAR,Rohini Sec Twenty Eight,-,-,-,-,-,-,28.75277778,77.09500000,25-05-2011 00:00,"",2040,"","","","",465,"","","","","","","","","","","","","","","","","","","",""
964,Rohini Sec-28,CGWB,7,Delhi,82,NORTH WEST,SARASWATI VIHAR,SARASWATI VIHAR,Rohini Sec Twenty Eight,-,-,-,-,-,-,28.75277778,77.09500000,25-05-2012 00:00,9.03,2120,"",69,296.03,357.7,367.35,"",416,"","","",699,59.79,131.87,380,"",0.588,"","","","","","","","",""
965,Rohini Sec-28,CGWB,7,Delhi,82,NORTH WEST,SARASWATI VIHAR,SARASWATI VIHAR,Rohini Sec Twenty Eight,-,-,-,-,-,-,28.75277778,77.09500000,25-05-2013 00:00,8.22,1970,"","",586,480.3,136,"",332,"","","",220,20,68,370,"","","","","","","","","","",""
966,Rohini Sec-28,CGWB,7,Delhi,82,NORTH WEST,SARASWATI VIHAR,SARASWATI VIHAR,Rohini Sec Twenty Eight,-,-,-,-,-,-,28.75277778,77.09500000,25-05-2014 00:00,8.6,1852,"",40,483,462.57,149,"",385,"","","",204,29,32,412,"","","","","","","","","","",""
967,Rohini Sec-28,CGWB,7,Delhi,82,NORTH WEST,SARASWATI VIHAR,SARASWATI VIHAR,Rohini Sec Twenty Eight,-,-,-,-,-,-,28.75277778,77.09500000,25-05-2015 00:00,8.4,1975,"",5.67,42.5,44.29,355,"",382,"","","",362,40,63,308,"",0.008,"","","","","","","","",""
968,Rohini Sec-28,CGWB,7,Delhi,82,NORTH WEST,SARASWATI VIHAR,SARASWATI VIHAR,Rohini Sec Twenty Eight,-,-,-,-,-,-,28.75277778,77.09500000,25-05-2016 00:00,8.7,1980,1327,"","","",226.9,"",364.7,"","","",39.01,3.71,35.3,450,"","","","","","","","","","",""
969,Rohini Sec-28,CGWB,7,Delhi,82,NORTH WEST,SARASWATI VIHAR,SARASWATI VIHAR,Rohini Sec Twenty Eight,-,-,-,-,-,-,28.75277778,77.09500000,25-05-2017 00:00,8.02,674,"",0,220,"",14,"",72,"",13,"",194,32,27,41,"","","","","","","","","","",""
970,Rohini Sec-28,CGWB,7,Delhi,82,NORTH WEST,SARASWATI VIHAR,SARASWATI VIHAR,Rohini Sec Twenty Eight,-,-,-,-,-,-,28.75277778,77.09500000,25-05-2018 00:00,8.65,2180,0,74,314,0,257,"",333,"",19,"",225,20,42,415,"",0,0,"","","","","","","",""
971,Rohini Sector - 11,CGWB,7,Delhi,82,NORTH WEST,SARASWATI VIHAR,SARASWATI VIHAR,Rohini Sector Eleven,-,-,-,-,-,-,28.73222222,77.10444444,25-05-2007 00:00,8.1,3550,"","",222,182,849,"",440,"","","",476,47,87,650,"","","","","","","","","","",""
972,Rohini Sector - 11,CGWB,7,Delhi,82,NORTH WEST,SARASWATI VIHAR,SARASWATI VIHAR,Rohini Sector Eleven,-,-,-,-,-,-,28.73222222,77.10444444,25-05-2009 00:00,7.82,795,"","",302,247.5,32,"",86,"","","",238,40,33,82,"","","","","","","","","","",""
973,Rohini Sector - 11,CGWB,7,Delhi,82,NORTH WEST,SARASWATI VIHAR,SARASWATI VIHAR,Rohini Sector Eleven,-,-,-,-,-,-,28.73222222,77.10444444,25-05-2010 00:00,8.55,562,"",20,130,139.9,32,"",80,"","","",229,49,26,25,"","","","","","","","","","",""
974,Rohini Sector - 11,CGWB,7,Delhi,82,NORTH WEST,SARASWATI VIHAR,SARASWATI VIHAR,Rohini Sector Eleven,-,-,-,-,-,-,28.73222222,77.10444444,25-05-2011 00:00,"",557,"","","","",38,"","","","","","","","","","","","","","","","","","","",""
975,Rohini Sector - 11,CGWB,7,Delhi,82,NORTH WEST,SARASWATI VIHAR,SARASWATI VIHAR,Rohini Sector Eleven,-,-,-,-,-,-,28.73222222,77.10444444,25-05-2012 00:00,8.96,1760,"",41.4,335.32,343.9,223.37,"",318,"","","",578,54.14,106.17,340,"",0.21,"","","","","","","","",""
976,Rohini Sector - 11,CGWB,7,Delhi,82,NORTH WEST,SARASWATI VIHAR,SARASWATI VIHAR,Rohini Sector Eleven,-,-,-,-,-,-,28.73222222,77.10444444,25-05-2013 00:00,8.2,2595,"","",610,500,184,"",572,"","","",380,32,73,460,"","","","","","","","","","",""
977,Rohini Sector - 11,CGWB,7,Delhi,82,NORTH WEST,SARASWATI VIHAR,SARASWATI VIHAR,Rohini Sector Eleven,-,-,-,-,-,-,28.73222222,77.10444444,25-05-2014 00:00,8.48,2659,"",53,483,484.23,142,"",660,"","","",347,41,60,436,"","","","","","","","","","",""
978,Rohini Sector - 11,CGWB,7,Delhi,82,NORTH WEST,SARASWATI VIHAR,SARASWATI VIHAR,Rohini Sector Eleven,-,-,-,-,-,-,28.73222222,77.10444444,25-05-2015 00:00,8.73,2020,"",7.7,132.5,121.44,458,"",272,"","","",383,18,81,294,"",0.143,"","","","","","","","",""
979,Rohini Sector - 11,CGWB,7,Delhi,82,NORTH WEST,SARASWATI VIHAR,SARASWATI VIHAR,Rohini Sector Eleven,-,-,-,-,-,-,28.73222222,77.10444444,25-05-2016 00:00,8.5,1386,929,"","","",70.9,"",172.79,"","","",59.75,18.19,41.56,264.6,"","","","","","","","","","",""
980,Rohini Sector - 11,CGWB,7,Delhi,82,NORTH WEST,SARASWATI VIHAR,SARASWATI VIHAR,Rohini Sector Eleven,-,-,-,-,-,-,28.73222222,77.10444444,25-05-2018 00:00,8.37,698,0,37,139,0,69,"",61,"",14,"",204,41,25,57,"",0,0,"","","","","","","",""
981,Rohini Sector 26,CGWB,7,Delhi,82,NORTH WEST,SARASWATI VIHAR,SARASWATI VIHAR,Rohini Sector 26,-,-,-,-,-,-,28.75805556,77.09916667,25-05-2002 00:00,8.6,1420,"",12,214,195.4,213,"",156,"","","",350,32,65,156,"","","","","","","","","","",""
982,Rohini Sector 26,CGWB,7,Delhi,82,NORTH WEST,SARASWATI VIHAR,SARASWATI VIHAR,Rohini Sector 26,-,-,-,-,-,-,28.75805556,77.09916667,25-05-2003 00:00,7.9,1050,"","",171,140.2,95,"",280,"","","",333,67,38,118,"","","","","","","","","","",""
983,Rohini Sector 26,CGWB,7,Delhi,82,NORTH WEST,SARASWATI VIHAR,SARASWATI VIHAR,Rohini Sector 26,-,-,-,-,-,-,28.75805556,77.09916667,25-05-2008 00:00,8.25,2730,"","",652,534.4,457,"",224,"","","",480,40,92.44,456,"","","","","","","","","","",""
984,Rohini Sector 26,CGWB,7,Delhi,82,NORTH WEST,SARASWATI VIHAR,SARASWATI VIHAR,Rohini Sector 26,-,-,-,-,-,-,28.75805556,77.09916667,25-05-2009 00:00,7.82,1850,"","",459,376.2,184,"",280,"","","",275,36,45,310,"","","","","","","","","","",""
985,Rohini Sector 26,CGWB,7,Delhi,82,NORTH WEST,SARASWATI VIHAR,SARASWATI VIHAR,Rohini Sector 26,-,-,-,-,-,-,28.75805556,77.09916667,25-05-2010 00:00,8.28,5730,"","",450,368.9,1663,"",20,"","","",1436,181,251,740,"","","","","","","","","","",""
986,Rohini Sector 26,CGWB,7,Delhi,82,NORTH WEST,SARASWATI VIHAR,SARASWATI VIHAR,Rohini Sector 26,-,-,-,-,-,-,28.75805556,77.09916667,25-05-2011 00:00,"",10100,"","","","",3321,"","","","","","","","","","","","","","","","","","","",""
987,Rohini Sector 26,CGWB,7,Delhi,82,NORTH WEST,SARASWATI VIHAR,SARASWATI VIHAR,Rohini Sector 26,-,-,-,-,-,-,28.75805556,77.09916667,25-05-2012 00:00,8.89,1690,"",33.12,144.51,"",351.66,"",202.5,"","","",833,111.5,132.84,125,"",0.65,"","","","","","","","",""
988,Safdarjung tomb,CGWB,7,Delhi,79,NEW DELHI,CHANAKYAPURI,CHANAKYAPURI,SAFDARJANG TOMB,-,-,-,-,-,-,28.59027778,77.21250000,25-05-2002 00:00,7.7,1720,"","",268,219.7,376,"",83,"","","",370,88,36,220,"","","","","","","","","","",""
989,Safdarjung tomb,CGWB,7,Delhi,79,NEW DELHI,CHANAKYAPURI,CHANAKYAPURI,SAFDARJANG TOMB,-,-,-,-,-,-,28.59027778,77.21250000,25-05-2008 00:00,7.56,1410,"","",181,148.4,381,"",27,"","","",535,95,72.45,91,"","","","","","","","","","",""
990,Safdarjung tomb,CGWB,7,Delhi,79,NEW DELHI,CHANAKYAPURI,CHANAKYAPURI,SAFDARJANG TOMB,-,-,-,-,-,-,28.59027778,77.21250000,25-05-2010 00:00,6.82,1810,"","",280,"",406,"",100,"","","",745,127,104,107,"","","","","","","","","","",""
991,Safdarjung tomb,CGWB,7,Delhi,79,NEW DELHI,CHANAKYAPURI,CHANAKYAPURI,SAFDARJANG TOMB,-,-,-,-,-,-,28.59027778,77.21250000,25-05-2011 00:00,"",1930,"","","","",434,"","","","","","","","","","","","","","","","","","","",""
992,Safdarjung tomb,CGWB,7,Delhi,79,NEW DELHI,CHANAKYAPURI,CHANAKYAPURI,SAFDARJANG TOMB,-,-,-,-,-,-,28.59027778,77.21250000,25-05-2012 00:00,8.34,1996,"",37.26,113.64,155.3,430.12,"",95,"","","",736,89.69,122.65,191.45,"",0.153,"","","","","","","","",""
993,Safdarjung tomb,CGWB,7,Delhi,79,NEW DELHI,CHANAKYAPURI,CHANAKYAPURI,SAFDARJANG TOMB,-,-,-,-,-,-,28.59027778,77.21250000,25-05-2013 00:00,7.64,4144,"","",390,319.7,527,"",1008,"","","",1129,108,209,464,"","","","","","","","","","",""
994,Safdarjung tomb,CGWB,7,Delhi,79,NEW DELHI,CHANAKYAPURI,CHANAKYAPURI,SAFDARJANG TOMB,-,-,-,-,-,-,28.59027778,77.21250000,25-05-2014 00:00,8.5,1879,"",19.8,107,120.7,482,"",81,"","","",403,55,64,231,"","","","","","","","","","",""
995,Safdarjung tomb,CGWB,7,Delhi,79,NEW DELHI,CHANAKYAPURI,CHANAKYAPURI,SAFDARJANG TOMB,-,-,-,-,-,-,28.59027778,77.21250000,25-05-2015 00:00,7.96,2211,"",0,141,115.57,688,"",66,"","","",611,79,99,254,"",0.057,"","","","","","","","",""
996,Safdarjung tomb,CGWB,7,Delhi,79,NEW DELHI,CHANAKYAPURI,CHANAKYAPURI,SAFDARJANG TOMB,-,-,-,-,-,-,28.59027778,77.21250000,25-05-2016 00:00,8.1,1836,1230,"","","",467.94,"",86.39,"","","",105.09,49.69,55.4,117.6,"","","","","","","","","","",""
997,Safdarjung tomb,CGWB,7,Delhi,79,NEW DELHI,CHANAKYAPURI,CHANAKYAPURI,SAFDARJANG TOMB,-,-,-,-,-,-,28.59027778,77.21250000,25-05-2018 00:00,8.23,1642,0,"",189,0,354,"",171,"",21,"",337,45,109,243,"",0,0,"","","","","","","",""
998,Safdarjung tomb,CGWB,7,Delhi,79,NEW DELHI,CHANAKYAPURI,CHANAKYAPURI,SAFDARJANG TOMB,-,-,-,-,-,-,28.59027778,77.21250000,30-05-2019 08:00,8.26,1708,"",0,207,"",397,"","","",35,"",400,64,58,213,"","","","","","","","","","",""
999,Safdarjung tomb,CGWB,7,Delhi,79,NEW DELHI,CHANAKYAPURI,CHANAKYAPURI,SAFDARJANG TOMB,-,-,-,-,-,-,28.59027778,77.21250000,30-05-2020 08:00,8.26,1708,"","",207,"",397,"","","",35,"","",64,58,213,"","","","","","","","","","",""
1000,Safdarjung tomb,CGWB,7,Delhi,79,NEW DELHI,CHANAKYAPURI,CHANAKYAPURI,SAFDARJANG TOMB,-,-,-,-,-,-,28.59027778,77.21250000,30-05-2021 08:00,7.77,3140,2041,0,350,"",650,"",390,0.12,"","",330,56,46.208,590,"","","","","","","","","","",""
1001,Sainik Vihar Pz,CGWB,7,Delhi,82,NORTH WEST,SARASWATI VIHAR,SARASWATI VIHAR,Sainik Vihar,-,-,-,-,-,-,28.69111111,77.12388889,25-05-2011 00:00,"",13400,"","","","",4513,"","","","","","","","","","","","","","","","","","","",""
1002,Sainik Vihar Pz,CGWB,7,Delhi,82,NORTH WEST,SARASWATI VIHAR,SARASWATI VIHAR,Sainik Vihar,-,-,-,-,-,-,28.69111111,77.12388889,25-05-2012 00:00,9.2,225,"","",106.63,87.4,28.43,"",33,"","","","","",12.51,0.79,"",0.307,"","","","","","","","",""
1003,Sainik Vihar Pz,CGWB,7,Delhi,82,NORTH WEST,SARASWATI VIHAR,SARASWATI VIHAR,Sainik Vihar,-,-,-,-,-,-,28.69111111,77.12388889,25-05-2013 00:00,7.76,10077,"","",73,59.8,3104,"",555,"","","",1541,248,224,1600,"","","","","","","","","","",""
1004,Sainik Vihar Pz,CGWB,7,Delhi,82,NORTH WEST,SARASWATI VIHAR,SARASWATI VIHAR,Sainik Vihar,-,-,-,-,-,-,28.69111111,77.12388889,25-05-2014 00:00,7.56,7866,"",0,148,121.31,2340,"",815,"","","",1225,188,184,1396,"","","","","","","","","","",""
1005,Sainik Vihar Pz,CGWB,7,Delhi,82,NORTH WEST,SARASWATI VIHAR,SARASWATI VIHAR,Sainik Vihar,-,-,-,-,-,-,28.69111111,77.12388889,25-05-2015 00:00,8.29,2826,"",9.05,155.8,142.79,747,"",256,"","","",432,39,80,480,"",0.01,"","","","","","","","",""
1006,Sainik Vihar Pz,CGWB,7,Delhi,82,NORTH WEST,SARASWATI VIHAR,SARASWATI VIHAR,Sainik Vihar,-,-,-,-,-,-,28.69111111,77.12388889,25-05-2016 00:00,8.2,6630,4442,"","","",2084.4,"",371.7,"","","",142.57,68.93,73.64,1056,"","","","","","","","","","",""
1007,Sainik Vihar Pz,CGWB,7,Delhi,82,NORTH WEST,SARASWATI VIHAR,SARASWATI VIHAR,Sainik Vihar,-,-,-,-,-,-,28.69111111,77.12388889,25-05-2017 00:00,7.69,15040,"",0,305,"",4724,"",872,"",22,"",2583,433,365,2400,"","","","","","","","","","",""
1008,Sainik Vihar Pz,CGWB,7,Delhi,82,NORTH WEST,SARASWATI VIHAR,SARASWATI VIHAR,Sainik Vihar,-,-,-,-,-,-,28.69111111,77.12388889,25-05-2018 00:00,7.58,22600,0,"",139,0,7087,"",1167,"",25,"",3318,507,499,3703,"",0,0,"","","","","","","",""
1009,Saket D Block Pz,CGWB,7,Delhi,83,SOUTH,HAUZ KHAS,HAUZ KHAS,Saket D Block,-,-,-,-,-,-,28.52444444,77.20611111,25-05-2005 00:00,7.91,1940,"","",596,488.5,26,"",180,"","","",528,149,37.99,255,"","","","","","","","","","",""
1010,Saket D Block Pz,CGWB,7,Delhi,83,SOUTH,HAUZ KHAS,HAUZ KHAS,Saket D Block,-,-,-,-,-,-,28.52444444,77.20611111,25-05-2007 00:00,8.15,1500,"","",179,146.7,378,"",42,"","","",221,41,29,255,"","","","","","","","","","",""
1011,Saket D Block Pz,CGWB,7,Delhi,83,SOUTH,HAUZ KHAS,HAUZ KHAS,Saket D Block,-,-,-,-,-,-,28.52444444,77.20611111,25-05-2010 00:00,7.38,1200,"","",300,245.9,186,"",24,"","","",227,53,23,155,"","","","","","","","","","",""
1012,Saket D Block Pz,CGWB,7,Delhi,83,SOUTH,HAUZ KHAS,HAUZ KHAS,Saket D Block,-,-,-,-,-,-,28.52444444,77.20611111,25-05-2011 00:00,"",1040,"","","","",195,"","","","","","","","","","","","","","","","","","","",""
1013,Saket D Block Pz,CGWB,7,Delhi,83,SOUTH,HAUZ KHAS,HAUZ KHAS,Saket D Block,-,-,-,-,-,-,28.52444444,77.20611111,25-05-2012 00:00,8.1,1202,"",41.1,168.36,206.5,172.6,"",132.5,"","","",614,41.21,124.4,300,"",0.215,"","","","","","","","",""
1014,Saket D Block Pz,CGWB,7,Delhi,83,SOUTH,HAUZ KHAS,HAUZ KHAS,Saket D Block,-,-,-,-,-,-,28.52444444,77.20611111,25-05-2013 00:00,7.24,1486,"","",490,401.6,241,"",88,"","","",526,46,100,158,"","","","","","","","","","",""
1015,Sandesh Vihar Pz,CGWB,7,Delhi,82,NORTH WEST,SARASWATI VIHAR,-,-,-,-,-,-,-,-,28.69500000,77.14611100,30-05-2019 08:00,8.16,4500,"",0,391,"",1021,"","","",25,"",721,104,112,711,"","","","","","","","","","",""
1016,Sandesh Vihar Pz,CGWB,7,Delhi,82,NORTH WEST,SARASWATI VIHAR,-,-,-,-,-,-,-,-,28.69500000,77.14611100,30-05-2020 08:00,8.16,4500,"","",391,"",1021,"","","",25,"","",104,112,711,"","","","","","","","","","",""
1017,Sanjay van Ck Dam,CGWB,7,Delhi,83,SOUTH,HAUZ KHAS,HAUZ KHAS,SANJAY VAN,-,-,-,-,-,-,28.53944444,77.18055556,25-05-2006 00:00,7.47,662,"","",331,271.3,25,"",38,"","","",248,62,22.69,54,"","","","","","","","","","",""
1018,Sanjay Van Pz,CGWB,7,Delhi,82,NORTH WEST,SARASWATI VIHAR,-,-,-,-,-,-,-,-,28.69027800,77.14194400,30-05-2019 08:00,8.28,1512,"",0,488,"",99,"","","",18,"",200,36,27,268,"","","","","","","","","","",""
1019,Sanjay Van Pz,CGWB,7,Delhi,82,NORTH WEST,SARASWATI VIHAR,-,-,-,-,-,-,-,-,28.69027800,77.14194400,30-05-2020 08:00,8.28,1512,"","",488,"",99,"","","",18,"","",36,27,268,"","","","","","","","","","",""
1020,Sanjay Van Temple Dw,CGWB,7,Delhi,83,SOUTH,HAUZ KHAS,-,-,-,-,-,-,-,-,28.53916667,77.17916667,25-05-2002 00:00,8.33,820,"",0.002,165,135.3,78,"",134,"","","",220,40,29,83,"","","","","","","","","","",""
1021,Sanoth Pz,CGWB,7,Delhi,82,NORTH WEST,SARASWATI VIHAR,SARASWATI VIHAR,SANOTH,-,-,-,-,-,-,28.81250000,77.06805556,25-05-2003 00:00,7.22,1580,"","",143,117.2,258,"",360,"","","",667,164,63,98,"","","","","","","","","","",""
1022,Sanoth Pz,CGWB,7,Delhi,82,NORTH WEST,SARASWATI VIHAR,SARASWATI VIHAR,SANOTH,-,-,-,-,-,-,28.81250000,77.06805556,25-05-2009 00:00,7.48,3850,"","",248,203.3,724,"",790,"","","",1404,406,95,330,"","","","","","","","","","",""
1023,Sanoth Pz,CGWB,7,Delhi,82,NORTH WEST,SARASWATI VIHAR,SARASWATI VIHAR,SANOTH,-,-,-,-,-,-,28.81250000,77.06805556,25-05-2010 00:00,8.02,3280,"","",130,106.6,702,"",380,"","","",1187,306,103,200,"","","","","","","","","","",""
1024,Sanoth Pz,CGWB,7,Delhi,82,NORTH WEST,SARASWATI VIHAR,SARASWATI VIHAR,SANOTH,-,-,-,-,-,-,28.81250000,77.06805556,25-05-2011 00:00,"",2990,"","","","",532,"","","","","","","","","","","","","","","","","","","",""
1025,Sarai Kale Khan Pz,CGWB,7,Delhi,83,SOUTH,HAUZ KHAS,HAUZ KHAS,Sarai Kale Kha,-,-,-,-,-,-,28.58694444,77.25888889,25-05-2007 00:00,8.05,2130,"","",466,382,268,"",364,"","","",407,61,62,370,"","","","","","","","","","",""
1026,Sarai Kale Khan Pz,CGWB,7,Delhi,83,SOUTH,HAUZ KHAS,HAUZ KHAS,Sarai Kale Kha,-,-,-,-,-,-,28.58694444,77.25888889,25-05-2008 00:00,7.6,2660,"","",242,198.4,676,"",290,"","","",654,126,82.57,366,"","","","","","","","","","",""
1027,Sarita Vihar Pz,CGWB,7,Delhi,83,SOUTH,HAUZ KHAS,HAUZ KHAS,Sarita Vihar,-,-,-,-,-,-,28.53444444,77.28777778,25-05-2005 00:00,7.91,1130,"","",371,304.1,125,"",116,"","","",378,62,54.29,110,"","","","","","","","","","",""
1028,Satbari Dw,CGWB,7,Delhi,83,SOUTH,HAUZ KHAS,HAUZ KHAS,SATBARI,-,-,-,-,-,-,28.48333333,77.19166667,25-05-2008 00:00,8.04,443,"","",242,198.4,20,"",6.8,"","","",178,60,6.88,29,"","","","","","","","","","",""
1029,Satbari Pz,CGWB,7,Delhi,83,SOUTH,HAUZ KHAS,HAUZ KHAS,SATBARI,-,-,-,-,-,-,28.47777778,77.20444444,25-05-2000 00:00,7.49,1103,"","",268,219.7,172,"",55,"","","",515,151,34,40,"","","","","","","","","","",""
1030,Satbari Pz,CGWB,7,Delhi,83,SOUTH,HAUZ KHAS,HAUZ KHAS,SATBARI,-,-,-,-,-,-,28.47777778,77.20444444,25-05-2010 00:00,8.54,670,"",20,320,"",39,"","","","","",206,20,30,95,"","","","","","","","","","",""
1031,Satbari Pz,CGWB,7,Delhi,83,SOUTH,HAUZ KHAS,HAUZ KHAS,SATBARI,-,-,-,-,-,-,28.47777778,77.20444444,25-05-2011 00:00,"",964,"","","","",118,"","","","","","","","","","","","","","","","","","","",""
1032,Satbari Pz,CGWB,7,Delhi,83,SOUTH,HAUZ KHAS,HAUZ KHAS,SATBARI,-,-,-,-,-,-,28.47777778,77.20444444,25-05-2012 00:00,8.85,1652,"",69,224.48,299,243.67,"",102.5,"","","",412,46.86,71.82,400.45,"",0.229,"","","","","","","","",""
1033,Satbari Pz,CGWB,7,Delhi,83,SOUTH,HAUZ KHAS,HAUZ KHAS,SATBARI,-,-,-,-,-,-,28.47777778,77.20444444,25-05-2013 00:00,7.69,1014,"","",488,400,96,"",24,"","","",307,28,58,110,"","","","","","","","","","",""
1034,Satbari Pz,CGWB,7,Delhi,83,SOUTH,HAUZ KHAS,HAUZ KHAS,SATBARI,-,-,-,-,-,-,28.47777778,77.20444444,25-05-2014 00:00,8.33,870,"",24,350,326.89,106,"",35,"","","",196,66,7.4,157,"","","","","","","","","","",""
1035,Satbari Pz,CGWB,7,Delhi,83,SOUTH,HAUZ KHAS,HAUZ KHAS,SATBARI,-,-,-,-,-,-,28.47777778,77.20444444,25-05-2015 00:00,8.7,1340,"",18.91,586.8,512.5,110,"",38,"","","",302,20,60,207,"",0.02,"","","","","","","","",""
1036,Satbari Pz,CGWB,7,Delhi,83,SOUTH,HAUZ KHAS,HAUZ KHAS,SATBARI,-,-,-,-,-,-,28.47777778,77.20444444,25-05-2017 00:00,7.7,967,"",0,476,"",60,"",0,"",29,"",200,20,36,135,"","","","","","","","","","",""
1037,Shanti Path Dw,CGWB,7,Delhi,79,NEW DELHI,CHANAKYAPURI,CHANAKYAPURI,SHANTI PATH,-,-,-,-,-,-,28.59027778,77.18416667,25-05-2008 00:00,8,1190,"","",296,242.6,162,"",92,"","","",396,28,79.29,97,"","","","","","","","","","",""
1038,Shekhawati Line Pz,CGWB,7,Delhi,84,SOUTH WEST,NAJAFGARH,NAJAFGARH,SHEKHAWATI LINE,-,-,-,-,-,-,28.57833333,77.10777778,25-05-2000 00:00,7.24,1941,"","",244,200,14,"",35,"","","",337,79,34.01,330,"","","","","","","","","","",""
1039,Shekhawati Line Pz,CGWB,7,Delhi,84,SOUTH WEST,NAJAFGARH,NAJAFGARH,SHEKHAWATI LINE,-,-,-,-,-,-,28.57833333,77.10777778,25-05-2002 00:00,8.15,1900,"","",268,219.7,462,"",48,"","","",290,52,39,300,"","","","","","","","","","",""
1040,Shekhawati Line Pz,CGWB,7,Delhi,84,SOUTH WEST,NAJAFGARH,NAJAFGARH,SHEKHAWATI LINE,-,-,-,-,-,-,28.57833333,77.10777778,25-05-2009 00:00,7.52,1760,"","",326,267.2,432,"",35,"","","",269,55,32,315,"","","","","","","","","","",""
1041,Shekhawati Line Pz,CGWB,7,Delhi,84,SOUTH WEST,NAJAFGARH,NAJAFGARH,SHEKHAWATI LINE,-,-,-,-,-,-,28.57833333,77.10777778,25-05-2012 00:00,8.77,2584,"",27.6,157.14,174.8,647.95,"",50,"","","",706,105,106.41,335,"",0.307,"","","","","","","","",""
1042,Shekhawati Line Pz,CGWB,7,Delhi,84,SOUTH WEST,NAJAFGARH,NAJAFGARH,SHEKHAWATI LINE,-,-,-,-,-,-,28.57833333,77.10777778,25-05-2014 00:00,8.13,1895,"",0,201,164.75,539,"",62,"","","",439,82,57,248,"","","","","","","","","","",""
1043,Shekhawati Line Pz,CGWB,7,Delhi,84,SOUTH WEST,NAJAFGARH,NAJAFGARH,SHEKHAWATI LINE,-,-,-,-,-,-,28.57833333,77.10777778,25-05-2015 00:00,7.92,2144,"",0,388.8,318.69,515,"",58,"","","",688,77,119,247,"",0.211,"","","","","","","","",""
1044,Shekhawati Line Pz,CGWB,7,Delhi,84,SOUTH WEST,NAJAFGARH,NAJAFGARH,SHEKHAWATI LINE,-,-,-,-,-,-,28.57833333,77.10777778,25-05-2018 00:00,8.06,1700,0,"",176,0,403,"",126,"",26,"",306,45,47,260,"",0,0,"","","","","","","",""
1045,Shram Shakti Bhawan 1,CGWB,7,Delhi,79,NEW DELHI,CHANAKYAPURI,CHANAKYAPURI,Shram Shakti Bhawan,-,-,-,-,-,-,28.61472222,77.21194444,25-05-2008 00:00,7.69,2320,"","",405,332,328,"",432,"","","",644,127,79.54,295,"","","","","","","","","","",""
1046,Shram Shakti Bhawan 1,CGWB,7,Delhi,79,NEW DELHI,CHANAKYAPURI,CHANAKYAPURI,Shram Shakti Bhawan,-,-,-,-,-,-,28.61472222,77.21194444,25-05-2010 00:00,8.05,2180,"","",250,204.9,337,"",280,"","","",562,85,85,260,"","","","","","","","","","",""
1047,Shram Shakti Bhawan 1,CGWB,7,Delhi,79,NEW DELHI,CHANAKYAPURI,CHANAKYAPURI,Shram Shakti Bhawan,-,-,-,-,-,-,28.61472222,77.21194444,25-05-2014 00:00,8.08,2133,"",0,302,247.54,397,"",240,"","","",485,65,78,296,"","","","","","","","","","",""
1048,Sikarpur Shallow,CGWB,7,Delhi,84,SOUTH WEST,NAJAFGARH,NAJAFGARH,Sikarpur,-,-,-,-,-,-,28.52472222,76.95333333,25-05-2004 00:00,8.25,2250,"","",467,382.8,489,"",125,"","","",416,21,88,410,"","","","","","","","","","",""
1049,Sikarpur Shallow,CGWB,7,Delhi,84,SOUTH WEST,NAJAFGARH,NAJAFGARH,Sikarpur,-,-,-,-,-,-,28.52472222,76.95333333,25-05-2009 00:00,7.3,16600,"","",200,163.9,5092,"",1760,"","","",4593,613,744.85,2100,"","","","","","","","","","",""
1050,Sikarpur Shallow,CGWB,7,Delhi,84,SOUTH WEST,NAJAFGARH,NAJAFGARH,Sikarpur,-,-,-,-,-,-,28.52472222,76.95333333,25-05-2011 00:00,8.05,3770,"","",148,121.3,764,"",650,"","","",696,110,102,550,"","","","","","","","","","",""
1051,Sikarpur Shallow,CGWB,7,Delhi,84,SOUTH WEST,NAJAFGARH,NAJAFGARH,Sikarpur,-,-,-,-,-,-,28.52472222,76.95333333,25-05-2013 00:00,8.2,205,"","",85,69.7,13,"",18,"","","",100,20,12,3.7,"","","","","","","","","","",""
1052,Sikarpur Shallow,CGWB,7,Delhi,84,SOUTH WEST,NAJAFGARH,NAJAFGARH,Sikarpur,-,-,-,-,-,-,28.52472222,76.95333333,25-05-2014 00:00,8.32,3150,"",26,322,307.27,830,"",188,"","","",664,37,139,471,"","","","","","","","","","",""
1053,Sikarpur Shallow,CGWB,7,Delhi,84,SOUTH WEST,NAJAFGARH,NAJAFGARH,Sikarpur,-,-,-,-,-,-,28.52472222,76.95333333,25-05-2015 00:00,8.09,4692,"",0,380.2,311.64,1204,"",306,"","","",896,86,163,763,"",0.007,"","","","","","","","",""
1054,Sikarpur Shallow,CGWB,7,Delhi,84,SOUTH WEST,NAJAFGARH,NAJAFGARH,Sikarpur,-,-,-,-,-,-,28.52472222,76.95333333,25-05-2016 00:00,8.4,6206,4158,"","","",1545.62,"",322.62,"","","",109.47,32.33,77.14,1224,"","","","","","","","","","",""
1055,Sikarpur Shallow,CGWB,7,Delhi,84,SOUTH WEST,NAJAFGARH,NAJAFGARH,Sikarpur,-,-,-,-,-,-,28.52472222,76.95333333,25-05-2018 00:00,8.8,620,0,50,251,0,42,"","","",16,"",102,12,17,111,"",0,0,"","","","","","","",""
1056,Singhola Pz,CGWB,7,Delhi,82,NORTH WEST,SARASWATI VIHAR,SARASWATI VIHAR,SINGHOLA,-,-,-,-,-,-,28.84333333,77.12944444,25-05-2000 00:00,7.68,3540,"","",317,259.8,634,"",725,"","","",842,179,96.13,480,"","","","","","","","","","",""
1057,Singhola Pz,CGWB,7,Delhi,82,NORTH WEST,SARASWATI VIHAR,SARASWATI VIHAR,SINGHOLA,-,-,-,-,-,-,28.84333333,77.12944444,25-05-2002 00:00,8.2,3660,"","",98,80.3,781,"",600,"","","",800,160,97,464,"","","","","","","","","","",""
1058,Singhola Pz,CGWB,7,Delhi,82,NORTH WEST,SARASWATI VIHAR,SARASWATI VIHAR,SINGHOLA,-,-,-,-,-,-,28.84333333,77.12944444,25-05-2003 00:00,7.86,2132,"","",163,133.6,610,"",250,"","","",861,118,137,190,"","","","","","","","","","",""
1059,Singhola Pz,CGWB,7,Delhi,82,NORTH WEST,SARASWATI VIHAR,SARASWATI VIHAR,SINGHOLA,-,-,-,-,-,-,28.84333333,77.12944444,25-05-2008 00:00,8.17,4850,"","",242,198.4,842,"",1080,"","","",733,131,98.75,824,"","","","","","","","","","",""
1060,Singhola Pz,CGWB,7,Delhi,82,NORTH WEST,SARASWATI VIHAR,SARASWATI VIHAR,SINGHOLA,-,-,-,-,-,-,28.84333333,77.12944444,25-05-2009 00:00,7.74,3810,"","",302,247.5,663,"",900,"","","",1193,197,171,442,"","","","","","","","","","",""
1061,Singhola Pz,CGWB,7,Delhi,82,NORTH WEST,SARASWATI VIHAR,SARASWATI VIHAR,SINGHOLA,-,-,-,-,-,-,28.84333333,77.12944444,25-05-2010 00:00,8.83,3440,"",20,180,180.9,569,"",680,"","","",876,51,182,445,"","","","","","","","","","",""
1062,Singhola Pz,CGWB,7,Delhi,82,NORTH WEST,SARASWATI VIHAR,SARASWATI VIHAR,SINGHOLA,-,-,-,-,-,-,28.84333333,77.12944444,25-05-2011 00:00,"",4240,"","","","",851,"","","","","","","","","","","","","","","","","","","",""
1063,Singhola Pz,CGWB,7,Delhi,82,NORTH WEST,SARASWATI VIHAR,SARASWATI VIHAR,SINGHOLA,-,-,-,-,-,-,28.84333333,77.12944444,25-05-2012 00:00,7.83,5037,"","",214.66,176,963.61,"",1207,"","","",1413,273.1,175,745,"",12.258,"","","","","","","","",""
1064,Singhola Pz,CGWB,7,Delhi,82,NORTH WEST,SARASWATI VIHAR,SARASWATI VIHAR,SINGHOLA,-,-,-,-,-,-,28.84333333,77.12944444,25-05-2013 00:00,7.51,4685,"","",171,140.2,878,"",1195,"","","",1311,240,173,598,"","","","","","","","","","",""
1065,Singhola Pz,CGWB,7,Delhi,82,NORTH WEST,SARASWATI VIHAR,SARASWATI VIHAR,SINGHOLA,-,-,-,-,-,-,28.84333333,77.12944444,25-05-2014 00:00,8.06,3567,"",0,336,275.41,627,"",720,"","","",755,74,139,507,"","","","","","","","","","",""
1066,Singhola Pz,CGWB,7,Delhi,82,NORTH WEST,SARASWATI VIHAR,SARASWATI VIHAR,SINGHOLA,-,-,-,-,-,-,28.84333333,77.12944444,25-05-2015 00:00,7.93,4590,"",0,24.58,20.15,848,"",1320,"","","",866,128,131,860,"",0.118,"","","","","","","","",""
1067,Singhola Pz,CGWB,7,Delhi,82,NORTH WEST,SARASWATI VIHAR,SARASWATI VIHAR,SINGHOLA,-,-,-,-,-,-,28.84333333,77.12944444,25-05-2016 00:00,8.1,4740,3176,"","","",864.98,"",1139.99,"","","",130.45,130.2,0.25,576,"","","","","","","","","","",""
1068,Singhola Pz,CGWB,7,Delhi,82,NORTH WEST,SARASWATI VIHAR,SARASWATI VIHAR,SINGHOLA,-,-,-,-,-,-,28.84333333,77.12944444,30-05-2019 08:00,8.04,3630,"",0,244,"",588,"","","",20,"",900,104,156,483,"","","","","","","","","","",""
1069,Singhola Pz,CGWB,7,Delhi,82,NORTH WEST,SARASWATI VIHAR,SARASWATI VIHAR,SINGHOLA,-,-,-,-,-,-,28.84333333,77.12944444,30-05-2020 08:00,8.04,3630,"","",244,"",588,"","","",20,"","",104,156,483,"","","","","","","","","","",""
1070,Sonia Vihar WTP,CGWB,7,Delhi,81,NORTH EAST,SEELAM PUR,SEELAM PUR,Sonia Vihar Wtp,-,-,-,-,-,-,28.71277778,77.23666667,25-05-2003 00:00,7.75,1275,"","",184,150.8,203,"",244,"","","",452,90,55,117,"","","","","","","","","","",""
1071,Sultanpur Dabas,CGWB,7,Delhi,82,NORTH WEST,-,-,-,-,-,-,-,-,-,28.76500000,77.03560000,30-05-2021 08:00,8.32,4450,2892.5,108,658,"",595,"",613,0.02,"","",420,56,68.096,831,"","","","","","","","","","",""
1072,Sultanpur IMS,CGWB,7,Delhi,83,SOUTH,HAUZ KHAS,HAUZ KHAS,Sultanpur,-,-,-,-,-,-,28.48944444,77.14583333,25-05-2007 00:00,7.75,789,"","",496,406.6,17,"",7,"","","",240,61,21,100,"","","","","","","","","","",""
1073,Sultanpur IMS,CGWB,7,Delhi,83,SOUTH,HAUZ KHAS,HAUZ KHAS,Sultanpur,-,-,-,-,-,-,28.48944444,77.14583333,25-05-2008 00:00,8.05,639,"","",398,326.2,13,"",5.2,"","","",154,36,15.6,98,"","","","","","","","","","",""
1074,Sultanpur IMS,CGWB,7,Delhi,83,SOUTH,HAUZ KHAS,HAUZ KHAS,Sultanpur,-,-,-,-,-,-,28.48944444,77.14583333,25-05-2010 00:00,7.76,785,"","",521,427.1,14,"","","","","",243,80,10,96,"","","","","","","","","","",""
1075,Sultanpur IMS,CGWB,7,Delhi,83,SOUTH,HAUZ KHAS,HAUZ KHAS,Sultanpur,-,-,-,-,-,-,28.48944444,77.14583333,25-05-2012 00:00,7.99,660,"","",234.3,192.1,27.87,"",4,"","","",127,12.28,23.41,90.65,"",0.174,"","","","","","","","",""
1076,Sultanpur IMS,CGWB,7,Delhi,83,SOUTH,HAUZ KHAS,HAUZ KHAS,Sultanpur,-,-,-,-,-,-,28.48944444,77.14583333,25-05-2013 00:00,8.85,577,"",62,213,277.9,34,"",5,"","","",95,8.42,18,110,"","","","","","","","","","",""
1077,Sultanpur IMS,CGWB,7,Delhi,83,SOUTH,HAUZ KHAS,HAUZ KHAS,Sultanpur,-,-,-,-,-,-,28.48944444,77.14583333,25-05-2014 00:00,8.33,590,"",12,266,238.03,77,"",28,"","","",165,8.2,35,99,"","","","","","","","","","",""
1078,Sultanpur IMS,CGWB,7,Delhi,83,SOUTH,HAUZ KHAS,HAUZ KHAS,Sultanpur,-,-,-,-,-,-,28.48944444,77.14583333,25-05-2015 00:00,8.31,631.1,"",8.92,227.2,201.1,85,"",36,"","","",152,32,17,105,"",0.624,"","","","","","","","",""
1079,Sultanpur IMS,CGWB,7,Delhi,83,SOUTH,HAUZ KHAS,HAUZ KHAS,Sultanpur,-,-,-,-,-,-,28.48944444,77.14583333,25-05-2016 00:00,8.6,602,403,"","","",113.4,"",2.9,"","","",17.73,5.37,12.36,76.5,"","","","","","","","","","",""
1080,Sultanpur IMS,CGWB,7,Delhi,83,SOUTH,HAUZ KHAS,HAUZ KHAS,Sultanpur,-,-,-,-,-,-,28.48944444,77.14583333,25-05-2018 00:00,8.7,643,0,62,251,0,35,"","","",22,"",133,8,27,101,"",0,0,"","","","","","","",""
1081,Sultanpur IMS,CGWB,7,Delhi,83,SOUTH,HAUZ KHAS,HAUZ KHAS,Sultanpur,-,-,-,-,-,-,28.48944444,77.14583333,30-05-2021 08:00,7.8,400,260,0,183,"",28.36,"",15,0.04,"","",160,36,17.024,18.1,"","","","","","","","","","",""
1082,Sundar Nursery Pz,CGWB,7,Delhi,83,SOUTH,HAUZ KHAS,HAUZ KHAS,Sundar Nursery,-,-,-,-,-,-,28.59611111,77.24500000,25-05-2007 00:00,8.2,2100,"","",455,373,267,"",356,"","","",382,51,62,368,"","","","","","","","","","",""
1083,Sundar Nursery Pz,CGWB,7,Delhi,83,SOUTH,HAUZ KHAS,HAUZ KHAS,Sundar Nursery,-,-,-,-,-,-,28.59611111,77.24500000,25-05-2008 00:00,7.57,2148,"","",583,477.9,257,"",260,"","","",462,70,69.86,325,"","","","","","","","","","",""
1084,Sundar Nursery Pz,CGWB,7,Delhi,83,SOUTH,HAUZ KHAS,HAUZ KHAS,Sundar Nursery,-,-,-,-,-,-,28.59611111,77.24500000,25-05-2011 00:00,"",1550,"","","","",243,"","","","","","","","","","","","","","","","","","","",""
1085,Sundar Nursery Pz,CGWB,7,Delhi,83,SOUTH,HAUZ KHAS,HAUZ KHAS,Sundar Nursery,-,-,-,-,-,-,28.59611111,77.24500000,25-05-2012 00:00,8.99,1994,"",38.64,207.64,234.6,289.82,"",93.5,"","","",582,36.36,117.81,460.45,"",1.452,"","","","","","","","",""
1086,Sundar Nursery Pz,CGWB,7,Delhi,83,SOUTH,HAUZ KHAS,HAUZ KHAS,Sundar Nursery,-,-,-,-,-,-,28.59611111,77.24500000,25-05-2013 00:00,8.1,2025,"","",513,420.5,245,"",185,"","","",340,48,54,310,"","","","","","","","","","",""
1087,Sundar Nursery Pz,CGWB,7,Delhi,83,SOUTH,HAUZ KHAS,HAUZ KHAS,Sundar Nursery,-,-,-,-,-,-,28.59611111,77.24500000,25-05-2014 00:00,8.28,2411,"",0,314,257.38,379,"",352,"","","",484,21,105,364,"","","","","","","","","","",""
1088,Sundar Nursery Pz,CGWB,7,Delhi,83,SOUTH,HAUZ KHAS,HAUZ KHAS,Sundar Nursery,-,-,-,-,-,-,28.59611111,77.24500000,25-05-2015 00:00,8.46,2406,"",20.94,574.7,505.97,310,"",229,"","","",458,25,95,422,"",0.005,"","","","","","","","",""
1089,Sundar Nursery Pz,CGWB,7,Delhi,83,SOUTH,HAUZ KHAS,HAUZ KHAS,Sundar Nursery,-,-,-,-,-,-,28.59611111,77.24500000,25-05-2017 00:00,8.02,2125,"",0,561,"",281,"",195,"",28,"",428,82,55,337,"","","","","","","","","","",""
1090,Tagore Garden Pz,CGWB,7,Delhi,84,SOUTH WEST,NAJAFGARH,NAJAFGARH,Tagore Garden,-,-,-,-,-,-,28.57861111,77.10805556,25-05-2006 00:00,7.94,2170,"","",724,593.4,171,"",290,"","","",425,90,48.74,49,"","","","","","","","","","",""
1091,Tagore Garden Pz,CGWB,7,Delhi,84,SOUTH WEST,NAJAFGARH,NAJAFGARH,Tagore Garden,-,-,-,-,-,-,28.57861111,77.10805556,25-05-2010 00:00,8.25,11500,"","",340,278.7,1609,"",3270,"","","",2275,482,260,1725,"","","","","","","","","","",""
1092,Tagore Garden Pz,CGWB,7,Delhi,84,SOUTH WEST,NAJAFGARH,NAJAFGARH,Tagore Garden,-,-,-,-,-,-,28.57861111,77.10805556,25-05-2011 00:00,7.9,205,"","",94,77.1,21,"","","","","",98,27,7.2,3,"","","","","","","","","","",""
1093,Tagore Garden Pz,CGWB,7,Delhi,84,SOUTH WEST,NAJAFGARH,NAJAFGARH,Tagore Garden,-,-,-,-,-,-,28.57861111,77.10805556,25-05-2012 00:00,8.32,12250,"",44.16,189.41,228.9,1887.54,"",3057.5,"","","",3309,618.12,422.96,1229,"",0.46,"","","","","","","","",""
1094,Tagore Garden Pz,CGWB,7,Delhi,84,SOUTH WEST,NAJAFGARH,NAJAFGARH,Tagore Garden,-,-,-,-,-,-,28.57861111,77.10805556,25-05-2013 00:00,7.47,8460,"","",715,586.1,1983,"",728,"","","",2229,240,396,902,"","","","","","","","","","",""
1095,Tagore Garden Pz,CGWB,7,Delhi,84,SOUTH WEST,NAJAFGARH,NAJAFGARH,Tagore Garden,-,-,-,-,-,-,28.57861111,77.10805556,25-05-2014 00:00,7.87,6760,"",0,386,316.39,898,"",2250,"","","",1782,198,313,1018,"","","","","","","","","","",""
1096,Tagore Garden Pz,CGWB,7,Delhi,84,SOUTH WEST,NAJAFGARH,NAJAFGARH,Tagore Garden,-,-,-,-,-,-,28.57861111,77.10805556,25-05-2015 00:00,7.94,14470,"",0,214.8,176.07,2204,"",3852,"","","",1706,412,162,2477,"",0.006,"","","","","","","","",""
1097,Tagore Garden Pz,CGWB,7,Delhi,84,SOUTH WEST,NAJAFGARH,NAJAFGARH,Tagore Garden,-,-,-,-,-,-,28.57861111,77.10805556,25-05-2016 00:00,7.7,12260,8214,"","","",2041.92,"",3383.35,"","","",563.2,316.1,247.1,2090,"","","","","","","","","","",""
1098,Tagore Garden Pz,CGWB,7,Delhi,84,SOUTH WEST,NAJAFGARH,NAJAFGARH,Tagore Garden,-,-,-,-,-,-,28.57861111,77.10805556,25-05-2017 00:00,7.73,12100,"",0,354,"",470,"",5730,"",25,"",2616,327,437,1988,"","","","","","","","","","",""
1099,Talkatora,CGWB,7,Delhi,79,NEW DELHI,CHANAKYAPURI,CHANAKYAPURI,Talkatora,-,-,-,-,-,-,28.62416667,77.20138889,25-05-2008 00:00,7.7,915,"","",278,227.9,116,"",76,"","","",312,93,19.44,78,"","","","","","","","","","",""
1100,Tehkhund,CGWB,7,Delhi,83,SOUTH,HAUZ KHAS,HAUZ KHAS,Tehkhund,-,-,-,-,-,-,28.52194444,77.28638889,25-05-2007 00:00,7.84,2430,"","",323,264.8,481,"",268,"","","",431,69,63,395,"","","","","","","","","","",""
1101,Tiggipur Deep Pz,CGWB,7,Delhi,82,NORTH WEST,SARASWATI VIHAR,SARASWATI VIHAR,Tiggipur,-,-,-,-,-,-,28.81472222,77.19722222,25-05-2008 00:00,7.05,819,"","",298,244.3,65,"",48,"","","",143,26,19,110,"","","","","","","","","","",""
1102,Tiggipur Deep Pz,CGWB,7,Delhi,82,NORTH WEST,SARASWATI VIHAR,SARASWATI VIHAR,Tiggipur,-,-,-,-,-,-,28.81472222,77.19722222,25-05-2009 00:00,8.22,893,"","",272,223,90,"",80,"","","",243,68,18,92,"","","","","","","","","","",""
1103,Tiggipur Deep Pz,CGWB,7,Delhi,82,NORTH WEST,SARASWATI VIHAR,SARASWATI VIHAR,Tiggipur,-,-,-,-,-,-,28.81472222,77.19722222,25-05-2010 00:00,8.01,522,"","",220,180.3,21,"",45,"","","",303,42,35,7.3,"","","","","","","","","","",""
1104,Tiggipur Deep Pz,CGWB,7,Delhi,82,NORTH WEST,SARASWATI VIHAR,SARASWATI VIHAR,Tiggipur,-,-,-,-,-,-,28.81472222,77.19722222,25-05-2011 00:00,"",1340,"","","","",243,"","","","","","","","","","","","","","","","","","","",""
1105,Tiggipur Deep Pz,CGWB,7,Delhi,82,NORTH WEST,SARASWATI VIHAR,SARASWATI VIHAR,Tiggipur,-,-,-,-,-,-,28.81472222,77.19722222,25-05-2012 00:00,8.58,2995,"",22.08,108.03,125.4,810.39,"",278,"","","",1071,138.98,173.56,741.2,"",0.432,"","","","","","","","",""
1106,Tiggipur Deep Pz,CGWB,7,Delhi,82,NORTH WEST,SARASWATI VIHAR,SARASWATI VIHAR,Tiggipur,-,-,-,-,-,-,28.81472222,77.19722222,25-05-2013 00:00,8.5,600,"",36,159,190.3,61,"",35,"","","",160,20,27,70,"","","","","","","","","","",""
1107,Tiggipur Deep Pz,CGWB,7,Delhi,82,NORTH WEST,SARASWATI VIHAR,SARASWATI VIHAR,Tiggipur,-,-,-,-,-,-,28.81472222,77.19722222,25-05-2014 00:00,8.16,2620,"",0,81,66.39,723,"",260,"","","",408,82,50,447,"","","","","","","","","","",""
1108,Tiggipur Deep Pz,CGWB,7,Delhi,82,NORTH WEST,SARASWATI VIHAR,SARASWATI VIHAR,Tiggipur,-,-,-,-,-,-,28.81472222,77.19722222,25-05-2015 00:00,7.77,917,"",0,262.3,215,115,"",88,"","","",396,81,47,34,"",0.005,"","","","","","","","",""
1109,Tiggipur Deep Pz,CGWB,7,Delhi,82,NORTH WEST,SARASWATI VIHAR,SARASWATI VIHAR,Tiggipur,-,-,-,-,-,-,28.81472222,77.19722222,30-05-2019 08:00,8.41,601,"",24,122,"",78,"","","",25,"",140,36,12,83.7,"","","","","","","","","","",""
1110,Tiggipur Deep Pz,CGWB,7,Delhi,82,NORTH WEST,SARASWATI VIHAR,SARASWATI VIHAR,Tiggipur,-,-,-,-,-,-,28.81472222,77.19722222,30-05-2020 08:00,8.41,601,"","",122,"",78,"","","",25,"","",36,12,83.7,"","","","","","","","","","",""
1111,Tiggipur Shallow Pz,CGWB,7,Delhi,82,NORTH WEST,SARASWATI VIHAR,SARASWATI VIHAR,Tiggipur,-,-,-,-,-,-,28.81472222,77.19750000,25-05-2003 00:00,7.36,1370,"","",191,156.6,202,"",218,"","","",333,64,42,180,"","","","","","","","","","",""
1112,Tiggipur Shallow Pz,CGWB,7,Delhi,82,NORTH WEST,SARASWATI VIHAR,SARASWATI VIHAR,Tiggipur,-,-,-,-,-,-,28.81472222,77.19750000,25-05-2016 00:00,8.1,2009,1346,"","","",453.8,"",147.3,"","","",59.17,34.31,24.86,229.2,"","","","","","","","","","",""
1113,Tiggipur Shallow Pz,CGWB,7,Delhi,82,NORTH WEST,SARASWATI VIHAR,SARASWATI VIHAR,Tiggipur,-,-,-,-,-,-,28.81472222,77.19750000,25-05-2017 00:00,7.7,925,"",0,293,"",98,"",102,"",22,"",310,96,17,82,"","","","","","","","","","",""
1114,Tiggipur Shallow Pz,CGWB,7,Delhi,82,NORTH WEST,SARASWATI VIHAR,SARASWATI VIHAR,Tiggipur,-,-,-,-,-,-,28.81472222,77.19750000,25-05-2018 00:00,7.99,1751,0,"",176,0,403,"",227,"",24,"",286,65,30,305,"",0,0,"","","","","","","",""
1115,Tikri Kalan Pz,CGWB,7,Delhi,85,WEST,PATEL NAGAR,PATEL NAGAR,TIKRI KALAN,-,-,-,-,-,-,28.68333333,76.96944444,25-05-2003 00:00,7.64,8800,"","",191,156.6,2645,"",1810,"","","",3228,547,452,1075,"","","","","","","","","","",""
1116,Tikri Kalan Pz,CGWB,7,Delhi,85,WEST,PATEL NAGAR,PATEL NAGAR,TIKRI KALAN,-,-,-,-,-,-,28.68333333,76.96944444,25-05-2005 00:00,7.69,6540,"","",411,336.9,2052,"",240,"","","",2082,259,349.09,707,"","","","","","","","","","",""
1117,Tikri Kalan Pz,CGWB,7,Delhi,85,WEST,PATEL NAGAR,PATEL NAGAR,TIKRI KALAN,-,-,-,-,-,-,28.68333333,76.96944444,25-05-2008 00:00,7.82,4810,"","",526,431.2,824,"",808,"","","",1232,158,203.69,428,"","","","","","","","","","",""
1118,Tikri Kalan Pz,CGWB,7,Delhi,85,WEST,PATEL NAGAR,PATEL NAGAR,TIKRI KALAN,-,-,-,-,-,-,28.68333333,76.96944444,25-05-2009 00:00,7.55,7010,"","",586,480.3,1072,"",780,"","","",860,72,106,420,"","","","","","","","","","",""
1119,Tikri Kalan Pz,CGWB,7,Delhi,85,WEST,PATEL NAGAR,PATEL NAGAR,TIKRI KALAN,-,-,-,-,-,-,28.68333333,76.96944444,25-05-2010 00:00,8,7390,"","",240,196.7,1326,"",580,"","","",2112,334,310,790,"","","","","","","","","","",""
1120,Tikri Kalan Pz,CGWB,7,Delhi,85,WEST,PATEL NAGAR,PATEL NAGAR,TIKRI KALAN,-,-,-,-,-,-,28.68333333,76.96944444,25-05-2012 00:00,8.33,10240,"",34.5,169.76,196.7,1200.43,"",876,"","","",3080,277.95,572.06,466.4,"",0.529,"","","","","","","","",""
1121,Tikri Kalan Pz,CGWB,7,Delhi,85,WEST,PATEL NAGAR,PATEL NAGAR,TIKRI KALAN,-,-,-,-,-,-,28.68333333,76.96944444,25-05-2013 00:00,6.61,14140,"","",954,782,4486,"",560,"","","",4257,360,816,1550,"","","","","","","","","","",""
1122,Tikri Kalan Pz,CGWB,7,Delhi,85,WEST,PATEL NAGAR,PATEL NAGAR,TIKRI KALAN,-,-,-,-,-,-,28.68333333,76.96944444,25-05-2014 00:00,8.53,5550,"",59,411,435.22,1292,"",760,"","","",752,45,155.54,1089,"","","","","","","","","","",""
1123,Tikri Kalan Pz,CGWB,7,Delhi,85,WEST,PATEL NAGAR,PATEL NAGAR,TIKRI KALAN,-,-,-,-,-,-,28.68333333,76.96944444,25-05-2018 00:00,8.81,6780,0,37,25,0,2001,"",366,"",22,"",1623,298,213,880,"",0,0,"","","","","","","",""
1124,Tilangpur Kotla Dw,CGWB,7,Delhi,85,WEST,PATEL NAGAR,PATEL NAGAR,TILANGPUR KOTLA,-,-,-,-,-,-,28.64861111,77.02916667,25-05-2000 00:00,7.57,1900,"","",659,540.2,258,"",66,"","","",376,64,53,305,"","","","","","","","","","",""
1125,Tilangpur Kotla Dw,CGWB,7,Delhi,85,WEST,PATEL NAGAR,PATEL NAGAR,TILANGPUR KOTLA,-,-,-,-,-,-,28.64861111,77.02916667,25-05-2001 00:00,8.26,797,"",0.02,421,345.1,27,"",14,"","","",81,28,2.71,152,"","","","","","","","","","",""
1126,Tilangpur Kotla Dw,CGWB,7,Delhi,85,WEST,PATEL NAGAR,PATEL NAGAR,TILANGPUR KOTLA,-,-,-,-,-,-,28.64861111,77.02916667,25-05-2002 00:00,8.6,750,"",30,311,304.9,36,"",11,"","","",140,36,12,101,"","","","","","","","","","",""
1127,Tilangpur Kotla Dw,CGWB,7,Delhi,85,WEST,PATEL NAGAR,PATEL NAGAR,TILANGPUR KOTLA,-,-,-,-,-,-,28.64861111,77.02916667,25-05-2004 00:00,8.2,760,"","",445,364.8,33,"",2,"","","",91,13,14,150,"","","","","","","","","","",""
1128,Tilangpur Kotla Dw,CGWB,7,Delhi,85,WEST,PATEL NAGAR,PATEL NAGAR,TILANGPUR KOTLA,-,-,-,-,-,-,28.64861111,77.02916667,25-05-2005 00:00,8.6,707,"",39,358,358.4,43,"",14,"","","",68,8.2,11.56,173,"","","","","","","","","","",""
1129,Tilangpur Kotla Dw,CGWB,7,Delhi,85,WEST,PATEL NAGAR,PATEL NAGAR,TILANGPUR KOTLA,-,-,-,-,-,-,28.64861111,77.02916667,25-05-2008 00:00,8.25,2797,"","",1009,827.1,322,"",132,"","","",253,40,37.25,548,"","","","","","","","","","",""
1130,Tilangpur Kotla Dw,CGWB,7,Delhi,85,WEST,PATEL NAGAR,PATEL NAGAR,TILANGPUR KOTLA,-,-,-,-,-,-,28.64861111,77.02916667,25-05-2011 00:00,8.32,2780,"",82,779,775.2,403,"",55,"","","",167,12,33,623,"","","","","","","","","","",""
1131,Tilangpur Kotla Dw,CGWB,7,Delhi,85,WEST,PATEL NAGAR,PATEL NAGAR,TILANGPUR KOTLA,-,-,-,-,-,-,28.64861111,77.02916667,25-05-2012 00:00,8.76,1870,"",71.76,429.32,471.5,287.98,"",155,"","","",691,43.63,136.62,326.07,"",13,"","","","","","","","",""
1132,Tilangpur Kotla Dw,CGWB,7,Delhi,85,WEST,PATEL NAGAR,PATEL NAGAR,TILANGPUR KOTLA,-,-,-,-,-,-,28.64861111,77.02916667,25-05-2013 00:00,7.85,1816,"","",553,453.3,277,"",64,"","","",416,32,82,223,"","","","","","","","","","",""
1133,Tilangpur Kotla Dw,CGWB,7,Delhi,85,WEST,PATEL NAGAR,PATEL NAGAR,TILANGPUR KOTLA,-,-,-,-,-,-,28.64861111,77.02916667,25-05-2014 00:00,8.91,2490,"",71,543,563.42,372,"",170,"","","",278,41,42.72,502,"","","","","","","","","","",""
1134,Tilangpur Kotla Dw,CGWB,7,Delhi,85,WEST,PATEL NAGAR,PATEL NAGAR,TILANGPUR KOTLA,-,-,-,-,-,-,28.64861111,77.02916667,25-05-2015 00:00,8.92,3438,"",46.74,827.3,756.01,393,"",185,"","","",239,18,47,660,"",0.005,"","","","","","","","",""
1135,Tilangpur Kotla Dw,CGWB,7,Delhi,85,WEST,PATEL NAGAR,PATEL NAGAR,TILANGPUR KOTLA,-,-,-,-,-,-,28.64861111,77.02916667,25-05-2016 00:00,8.7,2582,1730,"","","",56.72,"",132.91,"","","",39.42,4.5,34.92,500,"","","","","","","","","","",""
1136,TRANSCO Maharani Bagh,CGWB,7,Delhi,83,SOUTH,HAUZ KHAS,HAUZ KHAS,Transco Maharani Bagh,-,-,-,-,-,-,28.58583333,77.26333333,25-05-2008 00:00,7.78,1112,"","",284,232.8,135,"",108,"","","",341,88,29.53,86,"","","","","","","","","","",""
1137,TRANSCO Maharani Bagh,CGWB,7,Delhi,83,SOUTH,HAUZ KHAS,HAUZ KHAS,Transco Maharani Bagh,-,-,-,-,-,-,28.58583333,77.26333333,25-05-2010 00:00,7.3,1850,"","",441,361.5,268,"",183,"","","",311,63,37,298,"","","","","","","","","","",""
1138,Tuglakabad Pz,CGWB,7,Delhi,83,SOUTH,HAUZ KHAS,HAUZ KHAS,Tuglakabad,-,-,-,-,-,-,28.50888889,77.26500000,25-05-2005 00:00,7.42,658,"","",337,276.2,36,"",11,"","","",218,64,14.18,66,"","","","","","","","","","",""
1139,Ugarsen ki Baodi,CGWB,7,Delhi,79,NEW DELHI,CHANAKYAPURI,CHANAKYAPURI,UGARSAIN KI BAO,-,-,-,-,-,-,28.62638889,77.22500000,25-05-2008 00:00,7.2,4200,"","",217,177.9,945,"",390,"","","",1397,306,154.03,371,"","","","","","","","","","",""
1140,Ushmanpur Pz,CGWB,7,Delhi,81,NORTH EAST,SEELAM PUR,SEELAM PUR,Ushmanpur,-,-,-,-,-,-,28.68472222,77.24916667,25-05-2010 00:00,7.21,1063,"","",260,213.1,138,"",130,"","","",406,99,38,62,"","","","","","","","","","",""
1141,Ushmanpur Pz,CGWB,7,Delhi,81,NORTH EAST,SEELAM PUR,SEELAM PUR,Ushmanpur,-,-,-,-,-,-,28.68472222,77.24916667,25-05-2011 00:00,"",794,"","","","",63,"","","","","","","","","","","","","","","","","","","",""
1142,Ushmanpur Pz,CGWB,7,Delhi,81,NORTH EAST,SEELAM PUR,SEELAM PUR,Ushmanpur,-,-,-,-,-,-,28.68472222,77.24916667,25-05-2012 00:00,8.6,1466,"",42.78,99.61,153,245.52,"",247.5,"","","",602,102.62,82.78,180,"",1.134,"","","","","","","","",""
1143,Ushmanpur Pz,CGWB,7,Delhi,81,NORTH EAST,SEELAM PUR,SEELAM PUR,Ushmanpur,-,-,-,-,-,-,28.68472222,77.24916667,25-05-2013 00:00,7.4,971,"","",329,269.7,78,"",184,"","","",472,52,83.21,38,"","","","","","","","","","",""
1144,Ushmanpur Pz,CGWB,7,Delhi,81,NORTH EAST,SEELAM PUR,SEELAM PUR,Ushmanpur,-,-,-,-,-,-,28.68472222,77.24916667,25-05-2014 00:00,8.05,"","",0,181,148.36,98,"",290,"","","",975,87,43,62,"","","","","","","","","","",""
1145,Ushmanpur Pz,CGWB,7,Delhi,81,NORTH EAST,SEELAM PUR,SEELAM PUR,Ushmanpur,-,-,-,-,-,-,28.68472222,77.24916667,25-05-2015 00:00,8.34,1211,"",7.03,205.7,180.32,136,"",247,"","","",379,28,74,71,"",0.132,"","","","","","","","",""
1146,Ushmanpur Pz,CGWB,7,Delhi,81,NORTH EAST,SEELAM PUR,SEELAM PUR,Ushmanpur,-,-,-,-,-,-,28.68472222,77.24916667,25-05-2016 00:00,8.3,644.6,432,"","","",113.44,"",111.52,"","","",38.4,18.98,19.42,51.3,"","","","","","","","","","",""
1147,Ushmanpur Pz,CGWB,7,Delhi,81,NORTH EAST,SEELAM PUR,SEELAM PUR,Ushmanpur,-,-,-,-,-,-,28.68472222,77.24916667,25-05-2017 00:00,7.53,1128,"",0,390,"",126,"",118,"",18,"",465,113,44,56,"","","","","","","","","","",""
1148,Vikashpuri Pz,CGWB,7,Delhi,85,WEST,PATEL NAGAR,PATEL NAGAR,Vikashpuri,-,-,-,-,-,-,28.63222222,77.07416667,25-05-2008 00:00,8.51,1117,"",14,298,267.6,170,"",96,"","","",176,22,29.45,198,"","","","","","","","","","",""
1149,Vikashpuri Pz,CGWB,7,Delhi,85,WEST,PATEL NAGAR,PATEL NAGAR,Vikashpuri,-,-,-,-,-,-,28.63222222,77.07416667,25-05-2009 00:00,8.23,2140,"","",181,148.4,456,"",180,"","","",317,42,51,320,"","","","","","","","","","",""
1150,Vikashpuri Pz,CGWB,7,Delhi,85,WEST,PATEL NAGAR,PATEL NAGAR,Vikashpuri,-,-,-,-,-,-,28.63222222,77.07416667,25-05-2010 00:00,8.23,3130,"","",440,360.7,674,"",260,"","","",676,104,101,441,"","","","","","","","","","",""
1151,Vikashpuri Pz,CGWB,7,Delhi,85,WEST,PATEL NAGAR,PATEL NAGAR,Vikashpuri,-,-,-,-,-,-,28.63222222,77.07416667,25-05-2011 00:00,8.05,1400,"","",389,318.9,236,"","","","","",206,27,33.71,227,"","","","","","","","","","",""
1152,Vikashpuri Pz,CGWB,7,Delhi,85,WEST,PATEL NAGAR,PATEL NAGAR,Vikashpuri,-,-,-,-,-,-,28.63222222,77.07416667,25-05-2012 00:00,9.3,1473,"",45.54,336.72,351.9,202.14,"",214.5,"","","",503,71.91,77.57,282.1,"",0.574,"","","","","","","","",""
1153,Vikashpuri Pz,CGWB,7,Delhi,85,WEST,PATEL NAGAR,PATEL NAGAR,Vikashpuri,-,-,-,-,-,-,28.63222222,77.07416667,25-05-2013 00:00,7.69,345,"","",73,59.8,38,"",64,"","","",179,18,33,2.3,"","","","","","","","","","",""
1154,Vikashpuri Pz,CGWB,7,Delhi,85,WEST,PATEL NAGAR,PATEL NAGAR,Vikashpuri,-,-,-,-,-,-,28.63222222,77.07416667,25-05-2014 00:00,8.94,1530,"",59,314,355.71,197,"",120,"","","",309,70,33,221,"","","","","","","","","","",""
1155,Vikashpuri Pz,CGWB,7,Delhi,85,WEST,PATEL NAGAR,PATEL NAGAR,Vikashpuri,-,-,-,-,-,-,28.63222222,77.07416667,25-05-2015 00:00,7.84,8128,"",0,181,148.36,2178,"",670,"","","",2568,384,386,660,"",0.923,"","","","","","","","",""
1156,Vikashpuri Pz,CGWB,7,Delhi,85,WEST,PATEL NAGAR,PATEL NAGAR,Vikashpuri,-,-,-,-,-,-,28.63222222,77.07416667,25-05-2016 00:00,8.7,1365,915,"","","",127.62,"",114.4,"","","",26.74,6.33,20.41,248.8,"","","","","","","","","","",""
1157,Vikashpuri Pz,CGWB,7,Delhi,85,WEST,PATEL NAGAR,PATEL NAGAR,Vikashpuri,-,-,-,-,-,-,28.63222222,77.07416667,25-05-2018 00:00,8.62,1124,0,37,201,0,160,"",84,"",18,"",163,21,27,186,"",0,0,"","","","","","","",""
1158,Wazirabad Raf,CGWB,7,Delhi,81,NORTH EAST,SEELAM PUR,SEELAM PUR,Wazirabad Raf,-,-,-,-,-,-,28.71583333,77.25666667,25-05-2008 00:00,8.03,1066,"","",228,186.9,135,"",108,"","","",220,44,26.8,124,"","","","","","","","","","",""
1159,Wazirabad Raf,CGWB,7,Delhi,81,NORTH EAST,SEELAM PUR,SEELAM PUR,Wazirabad Raf,-,-,-,-,-,-,28.71583333,77.25666667,25-05-2010 00:00,7.73,1300,"","",200,163.9,213,"",180,"","","",243,27,42.7,189,"","","","","","","","","","",""
1160,Wazirabad Raf,CGWB,7,Delhi,81,NORTH EAST,SEELAM PUR,SEELAM PUR,Wazirabad Raf,-,-,-,-,-,-,28.71583333,77.25666667,25-05-2011 00:00,"",1570,"","","","",320,"","","","","","","","","","","","","","","","","","","",""
1161,Wazirabad Raf,CGWB,7,Delhi,81,NORTH EAST,SEELAM PUR,SEELAM PUR,Wazirabad Raf,-,-,-,-,-,-,28.71583333,77.25666667,25-05-2012 00:00,8.54,1720,"",38.64,112.24,156.4,251.98,"",200,"","","",552,117.97,61.57,234.4,"",0.16,"","","","","","","","",""
1162,Wazirabad Raf,CGWB,7,Delhi,81,NORTH EAST,SEELAM PUR,SEELAM PUR,Wazirabad Raf,-,-,-,-,-,-,28.71583333,77.25666667,25-05-2013 00:00,7.2,1638,"","",202,165.6,297,"",336,"","","",570,60,102,166,"","","","","","","","","","",""
1163,Wazirabad Raf,CGWB,7,Delhi,81,NORTH EAST,SEELAM PUR,SEELAM PUR,Wazirabad Raf,-,-,-,-,-,-,28.71583333,77.25666667,25-05-2014 00:00,8.23,1473,"",0,254,208.2,281,"",166,"","","",206,45,22,266,"","","","","","","","","","",""
1164,Wazirabad Raf,CGWB,7,Delhi,81,NORTH EAST,SEELAM PUR,SEELAM PUR,Wazirabad Raf,-,-,-,-,-,-,28.71583333,77.25666667,25-05-2015 00:00,8.37,1053,"",8.51,294.8,255.82,101,"",117,"","","",288,33,49,107,"",0.766,"","","","","","","","",""
1165,Wazirabad Raf,CGWB,7,Delhi,81,NORTH EAST,SEELAM PUR,SEELAM PUR,Wazirabad Raf,-,-,-,-,-,-,28.71583333,77.25666667,25-05-2017 00:00,7.5,1412,"",0,451,"",190,"",142,"",17,"","",93,52,152,"","","","","","","","","","",""
1166,Wazirabad TRANSCO,CGWB,7,Delhi,81,NORTH EAST,SEELAM PUR,SEELAM PUR,Wazirabad Transco,-,-,-,-,-,-,28.70138889,77.25444444,25-05-2003 00:00,7.8,3310,"","",239,195.9,865,"",396,"","","",591,112,75,600,"","","","","","","","","","",""
1167,Wazirabad TRANSCO,CGWB,7,Delhi,81,NORTH EAST,SEELAM PUR,SEELAM PUR,Wazirabad Transco,-,-,-,-,-,-,28.70138889,77.25444444,25-05-2008 00:00,7.78,1112,"","",284,232.8,135,"",108,"","","",341,88,29.53,86,"","","","","","","","","","",""
1168,Wazirabad TRANSCO,CGWB,7,Delhi,81,NORTH EAST,SEELAM PUR,SEELAM PUR,Wazirabad Transco,-,-,-,-,-,-,28.70138889,77.25444444,25-05-2010 00:00,8.01,237,"","",150,123,6.7,"","","","","",127,32,12,2.3,"","","","","","","","","","",""
1169,Wazirabad TRANSCO,CGWB,7,Delhi,81,NORTH EAST,SEELAM PUR,SEELAM PUR,Wazirabad Transco,-,-,-,-,-,-,28.70138889,77.25444444,25-05-2011 00:00,"",737,"","","","",90,"","","","","","","","","","","","","","","","","","","",""
