SlNo,Station,Agency,State LGD Code,State,District LGD Code,District,Tehsil,Block,Village,River,Basin,Tributary,Subtributary,SubSubtributary,Local River,Latitude,Longitude,Data Acquisition Time,Potential of Hydrogen (pH),Electric Conductivity (μS/cm),Total Dissolved Solids (mg/L),Carbonate (mg/L),Bicarbonate (mg/L),Total Alkalinity (mg/L as CaCO3),Chloride (mg/L),Nitrate N (mgN/L),Sulphate (mg/L),Phosphate(mg/L),Silica(mg/L),Fluoride (mg/L),Total Hardness (mgCaCO3/L),Calcium (mg/L),Magnesium (mg/L),Sodium (mg/L),Potassium (mg/L),Iron(mg/L),Arsenic (mg/L),Uranium(mg/L),Manganese (mg/L),Copper (mg/L),Lead (mg/L),Zinc (mg/L),Nickel (mg/L),Cadmium (mg/L),Chromium (mg/L)
1,Adavapal,CGWB,30,Goa,551,NORTH GOA,BARDEZ,BARDEZ,Adavapal,-,-,-,-,-,-,15.63972222,73.89583333,25-05-2014 00:00,7,130,"","",24,19.67,25,"",6,"","","",30,8,2.44,15,"","","","","","","","","","",""
2,Adavapal,CGWB,30,Goa,551,NORTH GOA,BARDEZ,BARDEZ,Adavapal,-,-,-,-,-,-,15.63972222,73.89583333,25-05-2017 00:00,7.86,81,"",0,12,"",25,"",1,"","","",35,6,5,7,"","","","","","","","","","",""
3,Adavapal,CGWB,30,Goa,551,NORTH GOA,BARDEZ,BARDEZ,Adavapal,-,-,-,-,-,-,15.63972222,73.89583333,25-05-2018 00:00,7.954,60,0,0,15.25,0,7.1,"",2,"",0,"",20,2,3.648,3.51,"",0,0,"","","","","","","",""
4,Adavapal,CGWB,30,Goa,551,NORTH GOA,BARDEZ,BARDEZ,Adavapal,-,-,-,-,-,-,15.63972222,73.89583333,30-05-2019 08:00,7.75,231,"",0,30.5,"",14.2,"","","","","",35,6,5,21.3,"","","","","","","","","","",""
5,Adavapal,CGWB,30,Goa,551,NORTH GOA,BARDEZ,BARDEZ,Adavapal,-,-,-,-,-,-,15.63972222,73.89583333,30-05-2020 08:00,7.75,231,"","",30.5,"",14.2,"","","","","","",6,5,21.3,"","","","","","","","","","",""
6,Adavapal,CGWB,30,Goa,551,NORTH GOA,BARDEZ,BARDEZ,Adavapal,-,-,-,-,-,-,15.63972222,73.89583333,03-05-2022 11:36,6.41,86,52,0,18,15,11,"",10,0,7,"",35,6,5,3,"","","",0,"","","","","","",""
7,Agonda Desaiwada,CGWB,30,Goa,552,SOUTH GOA,CANACONA,CANACONA,Agonda Desaiwada,-,-,-,-,-,-,15.04027778,73.99222222,25-05-2000 00:00,"",265,"","","","",35,"","","","","","","","","","","","","","","","","","","",""
8,Agonda Desaiwada,CGWB,30,Goa,552,SOUTH GOA,CANACONA,CANACONA,Agonda Desaiwada,-,-,-,-,-,-,15.04027778,73.99222222,25-05-2002 00:00,"",235,"","","","",30,"","","","","","","","","","","","","","","","","","","",""
9,Agonda Desaiwada,CGWB,30,Goa,552,SOUTH GOA,CANACONA,CANACONA,Agonda Desaiwada,-,-,-,-,-,-,15.04027778,73.99222222,25-05-2003 00:00,"",220,"","","","","","","","","","","","","","","","","","","","","","","","",""
10,Agonda Desaiwada,CGWB,30,Goa,552,SOUTH GOA,CANACONA,CANACONA,Agonda Desaiwada,-,-,-,-,-,-,15.04027778,73.99222222,25-05-2007 00:00,7.9,990,"",0,173,23,177,"",72,"","","",280,68,27,92,"","","","","","","","","","",""
11,Agonda Desaiwada,CGWB,30,Goa,552,SOUTH GOA,CANACONA,CANACONA,Agonda Desaiwada,-,-,-,-,-,-,15.04027778,73.99222222,25-05-2008 00:00,8.3,1570,"",60,160,231.2,260,"",100,"","","",370,20,78,130,"","","","","","","","","","",""
12,Agonda Desaiwada,CGWB,30,Goa,552,SOUTH GOA,CANACONA,CANACONA,Agonda Desaiwada,-,-,-,-,-,-,15.04027778,73.99222222,25-05-2009 00:00,7.1,200,"","","","","","","","","","","","","",2,"","","","","","","","","","",""
13,Agonda Desaiwada,CGWB,30,Goa,552,SOUTH GOA,CANACONA,CANACONA,Agonda Desaiwada,-,-,-,-,-,-,15.04027778,73.99222222,25-05-2011 00:00,7.1,3400,"",0,102,83.6,50,"",8,"","","",90,20,10,34,"","","","","","","","","","",""
14,Agonda Desaiwada,CGWB,30,Goa,552,SOUTH GOA,CANACONA,CANACONA,Agonda Desaiwada,-,-,-,-,-,-,15.04027778,73.99222222,25-05-2012 00:00,7.6,140,"",0,30,24.6,28,"",4,"","","",60,8,5,11,"","","","","","","","","","",""
15,Agonda Desaiwada,CGWB,30,Goa,552,SOUTH GOA,CANACONA,CANACONA,Agonda Desaiwada,-,-,-,-,-,-,15.04027778,73.99222222,25-05-2013 00:00,7.6,230,"",0,55,45.1,43,"",5,"","","",70,12,10,19,"","","","","","","","","","",""
16,Agonda Desaiwada,CGWB,30,Goa,552,SOUTH GOA,CANACONA,CANACONA,Agonda Desaiwada,-,-,-,-,-,-,15.04027778,73.99222222,25-05-2014 00:00,7.2,220,"",0,55,45.08,32,"",10,"","","",70,18,6.1,16,"","","","","","","","","","",""
17,Agonda Desaiwada,CGWB,30,Goa,552,SOUTH GOA,CANACONA,CANACONA,Agonda Desaiwada,-,-,-,-,-,-,15.04027778,73.99222222,25-05-2017 00:00,8.27,71,"",0,12,"",14,"",0,"","","",15,2,2,7,"","","","","","","","","","",""
18,Agonda Desaiwada,CGWB,30,Goa,552,SOUTH GOA,CANACONA,CANACONA,Agonda Desaiwada,-,-,-,-,-,-,15.04027778,73.99222222,25-05-2018 00:00,8.269,190,0,0,48.8,0,14.2,"",6,"",0,"",35,10,2.432,11.46,"",0,0,"","","","","","","",""
19,Agonda Desaiwada,CGWB,30,Goa,552,SOUTH GOA,CANACONA,CANACONA,Agonda Desaiwada,-,-,-,-,-,-,15.04027778,73.99222222,30-05-2019 08:00,7.7,479,"",0,54.9,"",28.4,"","","","","",50,18,1.216,67.51,"","","","","","","","","","",""
20,Agonda Desaiwada,CGWB,30,Goa,552,SOUTH GOA,CANACONA,CANACONA,Agonda Desaiwada,-,-,-,-,-,-,15.04027778,73.99222222,30-05-2020 08:00,7.7,479,"","",54.9,"",28.4,"","","","","","",18,1.216,67.51,"","","","","","","","","","",""
21,Akamol Ambavalli,CGWB,30,Goa,552,SOUTH GOA,QUEPEM,QUEPEM,Akamol Ambavalli,-,-,-,-,-,-,15.19027778,74.03805556,25-05-2000 00:00,"",80,"","","","",21,"","","","","","","","","","","","","","","","","","","",""
22,Akamol Ambavalli,CGWB,30,Goa,552,SOUTH GOA,QUEPEM,QUEPEM,Akamol Ambavalli,-,-,-,-,-,-,15.19027778,74.03805556,25-05-2001 00:00,"",36,"","",12,9.8,5.7,"","","","","","","","","","","","","","","","","","","",""
23,Akamol Ambavalli,CGWB,30,Goa,552,SOUTH GOA,QUEPEM,QUEPEM,Akamol Ambavalli,-,-,-,-,-,-,15.19027778,74.03805556,25-05-2003 00:00,"",60,"","","","","","","","","","","","","","","","","","","","","","","","",""
24,Akamol Ambavalli,CGWB,30,Goa,552,SOUTH GOA,QUEPEM,QUEPEM,Akamol Ambavalli,-,-,-,-,-,-,15.19027778,74.03805556,25-05-2007 00:00,7.3,120,"",0,36,7.4,14,"",1,"","","",40,10,4,6,"","","","","","","","","","",""
25,Akamol Ambavalli,CGWB,30,Goa,552,SOUTH GOA,QUEPEM,QUEPEM,Akamol Ambavalli,-,-,-,-,-,-,15.19027778,74.03805556,25-05-2008 00:00,8.2,1260,"",0,207,59.8,199,"",98,"","","",460,112,44,62,"","","","","","","","","","",""
26,Akamol Ambavalli,CGWB,30,Goa,552,SOUTH GOA,QUEPEM,QUEPEM,Akamol Ambavalli,-,-,-,-,-,-,15.19027778,74.03805556,25-05-2009 00:00,7.9,70,"","","","","","","","","","","","","",7,"","","","","","","","","","",""
27,Akamol Ambavalli,CGWB,30,Goa,552,SOUTH GOA,QUEPEM,QUEPEM,Akamol Ambavalli,-,-,-,-,-,-,15.19027778,74.03805556,25-05-2011 00:00,7.2,110,"",0,24,19.7,21,"",3,"","","",40,8,5,5,"","","","","","","","","","",""
28,Akamol Ambavalli,CGWB,30,Goa,552,SOUTH GOA,QUEPEM,QUEPEM,Akamol Ambavalli,-,-,-,-,-,-,15.19027778,74.03805556,25-05-2014 00:00,6.7,60,"",0,12,9.84,11,"",3,"","","",20,2,3.65,4,"","","","","","","","","","",""
29,Akamol Ambavalli,CGWB,30,Goa,552,SOUTH GOA,QUEPEM,QUEPEM,Akamol Ambavalli,-,-,-,-,-,-,15.19027778,74.03805556,25-05-2015 00:00,7.5,90,"",0,12,"",21,"",2,"","","",30,4,5,6,"","","","","","","","","","",""
30,Alto Betim Porvorim,CGWB,30,Goa,551,NORTH GOA,BARDEZ,BARDEZ,Alto Betim Porvorim,-,-,-,-,-,-,15.52361111,73.83027778,25-05-2000 00:00,"",205,"","","","",35,"","","","","","","","","","","","","","","","","","","",""
31,Alto Betim Porvorim,CGWB,30,Goa,551,NORTH GOA,BARDEZ,BARDEZ,Alto Betim Porvorim,-,-,-,-,-,-,15.52361111,73.83027778,25-05-2006 00:00,7.9,139,"","","","",14,"","","","","","","","","","","","","","","","","","","",""
32,Alto Betim Porvorim,CGWB,30,Goa,551,NORTH GOA,BARDEZ,BARDEZ,Alto Betim Porvorim,-,-,-,-,-,-,15.52361111,73.83027778,25-05-2009 00:00,6.5,210,"","","","","","","","","","","","","",4,"","","","","","","","","","",""
33,Alto Betim Porvorim,CGWB,30,Goa,551,NORTH GOA,BARDEZ,BARDEZ,Alto Betim Porvorim,-,-,-,-,-,-,15.52361111,73.83027778,25-05-2011 00:00,7.2,130,"",0,24,"",28,"",1,"","","",40,12,2,11,"","","","","","","","","","",""
34,Alto Betim Porvorim,CGWB,30,Goa,551,NORTH GOA,BARDEZ,BARDEZ,Alto Betim Porvorim,-,-,-,-,-,-,15.52361111,73.83027778,25-05-2017 00:00,7.62,274,"",0,37,"",53,"",12,"","","",75,18,7,29,"","","","","","","","","","",""
35,Amberem,CGWB,30,Goa,551,NORTH GOA,-,-,-,-,-,-,-,-,-,15.74000000,73.82000000,30-05-2019 08:00,7.81,305,"",0,48.8,"",17.75,"","","","","",55,16,3.648,20.03,"","","","","","","","","","",""
36,Amberem,CGWB,30,Goa,551,NORTH GOA,-,-,-,-,-,-,-,-,-,15.74000000,73.82000000,30-05-2020 08:00,7.81,305,"","",48.8,"",17.75,"","","","","","",16,3.648,20.03,"","","","","","","","","","",""
37,Anjuna Beach,CGWB,30,Goa,551,NORTH GOA,BARDEZ,BARDEZ,Anjuna Beach,-,-,-,-,-,-,15.58416667,73.73805556,25-05-2013 00:00,7.3,150,"",0,18,14.8,35,"",2,"","","",30,4,5,19,"","","","","","","","","","",""
38,Anjuna Beach,CGWB,30,Goa,551,NORTH GOA,BARDEZ,BARDEZ,Anjuna Beach,-,-,-,-,-,-,15.58416667,73.73805556,25-05-2014 00:00,6.9,160,"","",24,19.67,36,"",2,"","","",30,8,2.44,21,"","","","","","","","","","",""
39,Anjuna Beach,CGWB,30,Goa,551,NORTH GOA,BARDEZ,BARDEZ,Anjuna Beach,-,-,-,-,-,-,15.58416667,73.73805556,25-05-2017 00:00,7.88,191,"",0,49,"",36,"",5,"","","",55,8,8,20,"","","","","","","","","","",""
40,Anjuna Beach,CGWB,30,Goa,551,NORTH GOA,BARDEZ,BARDEZ,Anjuna Beach,-,-,-,-,-,-,15.58416667,73.73805556,25-05-2018 00:00,7.97,220,"",0,37,0,43,"",3,"",0,"",55,16,4,19,"",0,"","","","","","","","",""
41,Anjuna Beach,CGWB,30,Goa,551,NORTH GOA,BARDEZ,BARDEZ,Anjuna Beach,-,-,-,-,-,-,15.58416667,73.73805556,30-05-2019 08:00,8.01,260,"",0,36.6,"",24.85,"","","","","",50,8,7,25.6,"","","","","","","","","","",""
42,Anjuna Beach,CGWB,30,Goa,551,NORTH GOA,BARDEZ,BARDEZ,Anjuna Beach,-,-,-,-,-,-,15.58416667,73.73805556,30-05-2020 08:00,8.01,260,"","",36.6,"",24.85,"","","","","","",8,7,25.6,"","","","","","","","","","",""
43,Anjuna Beach,CGWB,30,Goa,551,NORTH GOA,BARDEZ,BARDEZ,Anjuna Beach,-,-,-,-,-,-,15.58416667,73.73805556,03-05-2022 10:22,7.06,179,106,0,61,50,16,"",13,0,27,"",50,10,6,15,"","","",0,"","","","","","",""
44,Bagmola,CGWB,30,Goa,552,SOUTH GOA,-,-,-,-,-,-,-,-,-,15.37000000,73.84000000,30-05-2019 08:00,7.801,269,"",0,48.8,"",28.4,"","","","","",60,14,6,28.3,"","","","","","","","","","",""
45,Bagmola,CGWB,30,Goa,552,SOUTH GOA,-,-,-,-,-,-,-,-,-,15.37000000,73.84000000,30-05-2020 08:00,7.801,269,"","",48.8,"",28.4,"","","","","","",14,6,28.3,"","","","","","","","","","",""
46,Ballynuvhen,CGWB,30,Goa,552,SOUTH GOA,SALCETE,SALCETE,Ballynuvhen,-,-,-,-,-,-,15.31555556,73.94861111,25-05-2000 00:00,"",85,"","","","",21,"","","","","","","","","","","","","","","","","","","",""
47,Ballynuvhen,CGWB,30,Goa,552,SOUTH GOA,SALCETE,SALCETE,Ballynuvhen,-,-,-,-,-,-,15.31555556,73.94861111,25-05-2003 00:00,"",150,"","","","","","","","","","","","","","","","","","","","","","","","",""
48,Ballynuvhen,CGWB,30,Goa,552,SOUTH GOA,SALCETE,SALCETE,Ballynuvhen,-,-,-,-,-,-,15.31555556,73.94861111,25-05-2006 00:00,7.4,70,"","","","",14,"","","","","","","","","","","","","","","","","","","",""
49,Ballynuvhen,CGWB,30,Goa,552,SOUTH GOA,SALCETE,SALCETE,Ballynuvhen,-,-,-,-,-,-,15.31555556,73.94861111,25-05-2007 00:00,7.7,170,"",0,61,21.3,14,"",10,"","","",60,16,5,5,"","","","","","","","","","",""
50,Ballynuvhen,CGWB,30,Goa,552,SOUTH GOA,SALCETE,SALCETE,Ballynuvhen,-,-,-,-,-,-,15.31555556,73.94861111,25-05-2009 00:00,7.5,110,"","","","","","","","","","","","","",6,"","","","","","","","","","",""
51,Ballynuvhen,CGWB,30,Goa,552,SOUTH GOA,SALCETE,SALCETE,Ballynuvhen,-,-,-,-,-,-,15.31555556,73.94861111,25-05-2011 00:00,7.9,130,"",0,37,30.3,21,"",3,"","","",40,12,2.4,10,"","","","","","","","","","",""
52,Ballynuvhen,CGWB,30,Goa,552,SOUTH GOA,SALCETE,SALCETE,Ballynuvhen,-,-,-,-,-,-,15.31555556,73.94861111,25-05-2013 00:00,7.4,110,"",0,18,14.8,21,"",3,"","","",30,8,2,9,"","","","","","","","","","",""
53,Ballynuvhen,CGWB,30,Goa,552,SOUTH GOA,SALCETE,SALCETE,Ballynuvhen,-,-,-,-,-,-,15.31555556,73.94861111,25-05-2014 00:00,7.3,130,"",0,37,30.33,21,"",2,"","","",40,10,3.66,10,"","","","","","","","","","",""
54,Ballynuvhen,CGWB,30,Goa,552,SOUTH GOA,SALCETE,SALCETE,Ballynuvhen,-,-,-,-,-,-,15.31555556,73.94861111,25-05-2017 00:00,7.99,130,"",0,49,"",21,"",2,"","","",60,8,10,12,"","","","","","","","","","",""
55,Ballynuvhen,CGWB,30,Goa,552,SOUTH GOA,SALCETE,SALCETE,Ballynuvhen,-,-,-,-,-,-,15.31555556,73.94861111,25-05-2018 00:00,8.03,110,0,0,36.6,0,14.2,"",3,"",0,"",30,7,3.04,9.3,"",0,0,"","","","","","","",""
56,Ballynuvhen,CGWB,30,Goa,552,SOUTH GOA,SALCETE,SALCETE,Ballynuvhen,-,-,-,-,-,-,15.31555556,73.94861111,30-05-2019 08:00,7.75,234,"",0,67.1,"",24.85,"","","","","",50,14,4,28.29,"","","","","","","","","","",""
57,Ballynuvhen,CGWB,30,Goa,552,SOUTH GOA,SALCETE,SALCETE,Ballynuvhen,-,-,-,-,-,-,15.31555556,73.94861111,30-05-2020 08:00,7.75,234,"","",67.1,"",24.85,"","","","","","",14,4,28.29,"","","","","","","","","","",""
58,Barodi Velni Betul,CGWB,30,Goa,552,SOUTH GOA,SALCETE,SALCETE,Barodi Velni Betul,-,-,-,-,-,-,15.14972222,73.96083333,25-05-2013 00:00,7.7,110,"",0,24,81.4,2,"",3,"","","",20,4,2,14,"","","","","","","","","","",""
59,Barodi Velni Betul,CGWB,30,Goa,552,SOUTH GOA,SALCETE,SALCETE,Barodi Velni Betul,-,-,-,-,-,-,15.14972222,73.96083333,25-05-2014 00:00,8.1,180,"","",18,14.75,36,"",18,"","","",50,8,7.3,17,"","","","","","","","","","",""
60,Barodi Velni Betul,CGWB,30,Goa,552,SOUTH GOA,SALCETE,SALCETE,Barodi Velni Betul,-,-,-,-,-,-,15.14972222,73.96083333,25-05-2018 00:00,8.791,120,0,12,30.5,0,10.65,"",2,"",0,"",35,8,3.648,9.45,"",0,0,"","","","","","","",""
61,Bayalwadikeri(querim),CGWB,30,Goa,551,NORTH GOA,SATARI,SATARI,Bayalwadikeri(querim),-,-,-,-,-,-,15.61000000,74.06666667,25-05-2000 00:00,"",75,"","","","",14,"","","","","","","","","","","","","","","","","","","",""
62,Bayalwadikeri(querim),CGWB,30,Goa,551,NORTH GOA,SATARI,SATARI,Bayalwadikeri(querim),-,-,-,-,-,-,15.61000000,74.06666667,25-05-2007 00:00,7.8,170,"",0,61,20.5,14,"",10,"","","",60,16,5,5,"","","","","","","","","","",""
63,Bayalwadikeri(querim),CGWB,30,Goa,551,NORTH GOA,SATARI,SATARI,Bayalwadikeri(querim),-,-,-,-,-,-,15.61000000,74.06666667,25-05-2009 00:00,6.7,180,"","","","","","","","","","","","","",4,"","","","","","","","","","",""
64,Bayalwadikeri(querim),CGWB,30,Goa,551,NORTH GOA,SATARI,SATARI,Bayalwadikeri(querim),-,-,-,-,-,-,15.61000000,74.06666667,25-05-2010 00:00,6.7,180,"","","","",14,"","","","","","","","","","","","","","","","","","","",""
65,Bayalwadikeri(querim),CGWB,30,Goa,551,NORTH GOA,SATARI,SATARI,Bayalwadikeri(querim),-,-,-,-,-,-,15.61000000,74.06666667,25-05-2011 00:00,7.1,200,"",0,55,45.1,32,"",1,"","","",50,12,5,16,"","","","","","","","","","",""
66,Bayalwadikeri(querim),CGWB,30,Goa,551,NORTH GOA,SATARI,SATARI,Bayalwadikeri(querim),-,-,-,-,-,-,15.61000000,74.06666667,25-05-2012 00:00,8,140,"",0,49,40.2,14,"",5,"","","",40,8,5,13,"","","","","","","","","","",""
67,Bayalwadikeri(querim),CGWB,30,Goa,551,NORTH GOA,SATARI,SATARI,Bayalwadikeri(querim),-,-,-,-,-,-,15.61000000,74.06666667,25-05-2013 00:00,7,110,"",0,24,19.7,14,"",12,"","","",40,4,7,6,"","","","","","","","","","",""
68,Bayalwadikeri(querim),CGWB,30,Goa,551,NORTH GOA,SATARI,SATARI,Bayalwadikeri(querim),-,-,-,-,-,-,15.61000000,74.06666667,25-05-2014 00:00,6.9,170,"",0,49,"",21,"",5,"","","",60,14,6,9,"","","","","","","","","","",""
69,Bayalwadikeri(querim),CGWB,30,Goa,551,NORTH GOA,SATARI,SATARI,Bayalwadikeri(querim),-,-,-,-,-,-,15.61000000,74.06666667,25-05-2017 00:00,7.8,68,"",0,18,"",18,"",2,"","","",35,4,6,7,"","","","","","","","","","",""
70,Bayalwadikeri(querim),CGWB,30,Goa,551,NORTH GOA,SATARI,SATARI,Bayalwadikeri(querim),-,-,-,-,-,-,15.61000000,74.06666667,25-05-2018 00:00,7.648,60,0,0,18.3,0,10.65,"",1,"",0,"",25,6,2.432,5.26,"",0,0,"","","","","","","",""
71,Betalbhatti,CGWB,30,Goa,552,SOUTH GOA,SALCETE,SALCETE,Betalbhatti,-,-,-,-,-,-,15.30055556,73.92000000,25-05-2013 00:00,7.5,220,"",0,43,35.3,35,"",6,"","","",50,16,2,26,"","","","","","","","","","",""
72,Betalbhatti,CGWB,30,Goa,552,SOUTH GOA,SALCETE,SALCETE,Betalbhatti,-,-,-,-,-,-,15.30055556,73.92000000,25-05-2014 00:00,6.9,120,"","",18,14.75,14,"",12,"","","",40,4,7.3,7,"","","","","","","","","","",""
73,Betalbhatti,CGWB,30,Goa,552,SOUTH GOA,SALCETE,SALCETE,Betalbhatti,-,-,-,-,-,-,15.30055556,73.92000000,25-05-2017 00:00,7.4,173,"",0,67,"",25,"",8,"","","",75,18,7,14,"","","","","","","","","","",""
74,Betalbhatti,CGWB,30,Goa,552,SOUTH GOA,SALCETE,SALCETE,Betalbhatti,-,-,-,-,-,-,15.30055556,73.92000000,25-05-2018 00:00,8.138,190,0,0,61,0,14.2,"",13,"",0,"",35,12,1.216,14.9,"",0,0,"","","","","","","",""
75,Bhamber Nanoda Cross,CGWB,30,Goa,551,NORTH GOA,SATARI,SATARI,Bhamber Nanoda Cross,-,-,-,-,-,-,15.58777778,74.19111111,25-05-2013 00:00,7.6,100,"",0,18,14.8,21,"",2,"","","",30,8,2,8,"","","","","","","","","","",""
76,Bhamber Nanoda Cross,CGWB,30,Goa,551,NORTH GOA,SATARI,SATARI,Bhamber Nanoda Cross,-,-,-,-,-,-,15.58777778,74.19111111,25-05-2014 00:00,7.3,190,"","",61,50,25,"",8,"","","",50,10,6.09,19,"","","","","","","","","","",""
77,Bhamber Nanoda Cross,CGWB,30,Goa,551,NORTH GOA,SATARI,SATARI,Bhamber Nanoda Cross,-,-,-,-,-,-,15.58777778,74.19111111,25-05-2017 00:00,7.87,75,"",0,31,"",18,"",1,"","","",45,8,6,5,"","","","","","","","","","",""
78,Bhamber Nanoda Cross,CGWB,30,Goa,551,NORTH GOA,SATARI,SATARI,Bhamber Nanoda Cross,-,-,-,-,-,-,15.58777778,74.19111111,25-05-2018 00:00,7.834,70,0,0,30.5,0,10.65,"",2,"",0,"",35,10,2.432,3.04,"",0,0,"","","","","","","",""
79,Bhamber Nanoda Cross,CGWB,30,Goa,551,NORTH GOA,SATARI,SATARI,Bhamber Nanoda Cross,-,-,-,-,-,-,15.58777778,74.19111111,03-05-2022 11:02,6.82,129,85,0,43,35,12,"",11,0,9,"",40,8,5,7,"","","",0,"","","","","","",""
80,Bhati,CGWB,30,Goa,552,SOUTH GOA,SANGUEM,SANGUEM,Bhati,-,-,-,-,-,-,15.18166667,74.22638889,25-05-2013 00:00,7.5,100,"",0,30,24.6,14,"",1,"","","",450,4,7,4,"","","","","","","","","","",""
81,Bhati,CGWB,30,Goa,552,SOUTH GOA,SANGUEM,SANGUEM,Bhati,-,-,-,-,-,-,15.18166667,74.22638889,25-05-2014 00:00,7.3,60,"","",12,9.84,7,"",4,"","","",20,4,2.44,2.4,"","","","","","","","","","",""
82,Bhati,CGWB,30,Goa,552,SOUTH GOA,SANGUEM,SANGUEM,Bhati,-,-,-,-,-,-,15.18166667,74.22638889,25-05-2017 00:00,8.1,49,"",0,12,"",14,"",1,"","","",30,4,5,2,"","","","","","","","","","",""
83,Bhati,CGWB,30,Goa,552,SOUTH GOA,SANGUEM,SANGUEM,Bhati,-,-,-,-,-,-,15.18166667,74.22638889,25-05-2018 00:00,8.341,30,0,0,12.2,0,7.1,"",1,"",0,"",15,4,1.216,2.72,"",0,0,"","","","","","","",""
84,Bhati,CGWB,30,Goa,552,SOUTH GOA,SANGUEM,SANGUEM,Bhati,-,-,-,-,-,-,15.18166667,74.22638889,30-05-2019 08:00,8.105,222,"",0,24.4,"",10.65,"","","","","",10,4,-4.3200998e-14,40.48,"","","","","","","","","","",""
85,Bhati,CGWB,30,Goa,552,SOUTH GOA,SANGUEM,SANGUEM,Bhati,-,-,-,-,-,-,15.18166667,74.22638889,30-05-2020 08:00,8.105,222,"","",24.4,"",10.65,"","","","","","",4,-4.3200998e-14,40.48,"","","","","","","","","","",""
86,Bhati,CGWB,30,Goa,552,SOUTH GOA,SANGUEM,SANGUEM,Bhati,-,-,-,-,-,-,15.18166667,74.22638889,03-05-2022 16:27,6.36,55,31,0,21,17,8,"",0,"","","",20,4,2,3,"","","",0,"","","","","","",""
87,Bhujpal,CGWB,30,Goa,551,NORTH GOA,SATARI,SATARI,Bhujpal,-,-,-,-,-,-,15.53916667,74.08805556,25-05-2013 00:00,7.2,140,"",0,30,24.6,28,"",4,"","","",50,16,2,8.8,"","","","","","","","","","",""
88,Bhujpal,CGWB,30,Goa,551,NORTH GOA,SATARI,SATARI,Bhujpal,-,-,-,-,-,-,15.53916667,74.08805556,25-05-2014 00:00,7.2,190,"","",61,50,25,"",8,"","","",60,10,8.52,15,"","","","","","","","","","",""
89,Bhujpal,CGWB,30,Goa,551,NORTH GOA,SATARI,SATARI,Bhujpal,-,-,-,-,-,-,15.53916667,74.08805556,25-05-2017 00:00,8.17,135,"",0,31,"",21,"",3,"","","",45,6,7,12,"","","","","","","","","","",""
90,Bhujpal,CGWB,30,Goa,551,NORTH GOA,SATARI,SATARI,Bhujpal,-,-,-,-,-,-,15.53916667,74.08805556,25-05-2018 00:00,9.347,110,0,12,18.3,0,17.75,"",2,"",0,"",35,6,4.864,9.4,"",0,0,"","","","","","","",""
91,Bhujpal,CGWB,30,Goa,551,NORTH GOA,SATARI,SATARI,Bhujpal,-,-,-,-,-,-,15.53916667,74.08805556,30-05-2019 08:00,7.706,381,"",0,45.75,"",21.3,"","","","","",37.5,8,4.256,41.58,"","","","","","","","","","",""
92,Bhujpal,CGWB,30,Goa,551,NORTH GOA,SATARI,SATARI,Bhujpal,-,-,-,-,-,-,15.53916667,74.08805556,30-05-2020 08:00,7.706,381,"","",45.75,"",21.3,"","","","","","",8,4.256,41.58,"","","","","","","","","","",""
93,Bhujpal,CGWB,30,Goa,551,NORTH GOA,SATARI,SATARI,Bhujpal,-,-,-,-,-,-,15.53916667,74.08805556,03-05-2022 12:49,7.24,676,427,0,89,73,21,"",205,0.1,20,"",85,16,11,116,"","","",0,"","","","","","",""
94,Bicholim,CGWB,30,Goa,551,NORTH GOA,BICHOLIM,BICHOLIM,Bicholim,-,-,-,-,-,-,15.58472222,73.95750000,25-05-2001 00:00,"",69,"","",12,9.8,10,"","","","","","","","","","","","","","","","","","","",""
95,Bicholim,CGWB,30,Goa,551,NORTH GOA,BICHOLIM,BICHOLIM,Bicholim,-,-,-,-,-,-,15.58472222,73.95750000,25-05-2006 00:00,7.4,105,"","","","",18,"","","","","","","","","","","","","","","","","","","",""
96,Bicholim,CGWB,30,Goa,551,NORTH GOA,BICHOLIM,BICHOLIM,Bicholim,-,-,-,-,-,-,15.58472222,73.95750000,25-05-2009 00:00,6.9,120,"","","","","","","","","","","","","",12,"","","","","","","","","","",""
97,Bicholim,CGWB,30,Goa,551,NORTH GOA,BICHOLIM,BICHOLIM,Bicholim,-,-,-,-,-,-,15.58472222,73.95750000,25-05-2010 00:00,6.9,120,"","","","",28,"","","","","","","","","","","","","","","","","","","",""
98,Bicholim,CGWB,30,Goa,551,NORTH GOA,BICHOLIM,BICHOLIM,Bicholim,-,-,-,-,-,-,15.58472222,73.95750000,25-05-2013 00:00,7.5,130,"",0,24,102,4,"",4,"","","",40,8,5,11,"","","","","","","","","","",""
99,Bolkharnem,CGWB,30,Goa,552,SOUTH GOA,SANGUEM,SANGUEM,Bolkharnem,-,-,-,-,-,-,15.42833333,74.19333333,25-05-2000 00:00,"",75,"","","","",21,"","","","","","","","","","","","","","","","","","","",""
100,Bolkharnem,CGWB,30,Goa,552,SOUTH GOA,SANGUEM,SANGUEM,Bolkharnem,-,-,-,-,-,-,15.42833333,74.19333333,25-05-2006 00:00,7.3,86,"","","","",14,"","","","","","","","","","","","","","","","","","","",""
101,Bolkharnem,CGWB,30,Goa,552,SOUTH GOA,SANGUEM,SANGUEM,Bolkharnem,-,-,-,-,-,-,15.42833333,74.19333333,25-05-2007 00:00,7.8,100,"",0,27,12.3,14,"",1,"","","",30,8,2,7,"","","","","","","","","","",""
102,Bolkharnem,CGWB,30,Goa,552,SOUTH GOA,SANGUEM,SANGUEM,Bolkharnem,-,-,-,-,-,-,15.42833333,74.19333333,25-05-2008 00:00,8.3,650,"",24,233,231,21,"",50,"","","",260,24,40,50,"","","","","","","","","","",""
103,Bolkharnem,CGWB,30,Goa,552,SOUTH GOA,SANGUEM,SANGUEM,Bolkharnem,-,-,-,-,-,-,15.42833333,74.19333333,25-05-2009 00:00,6.9,110,"","","","","","","","","","","","","",5,"","","","","","","","","","",""
104,Bolkharnem,CGWB,30,Goa,552,SOUTH GOA,SANGUEM,SANGUEM,Bolkharnem,-,-,-,-,-,-,15.42833333,74.19333333,25-05-2011 00:00,7.2,150,"",0,31,25.4,28,"",8,"","","",30,8,2,19,"","","","","","","","","","",""
105,Bolkharnem,CGWB,30,Goa,552,SOUTH GOA,SANGUEM,SANGUEM,Bolkharnem,-,-,-,-,-,-,15.42833333,74.19333333,25-05-2012 00:00,7.5,100,"",0,12,71.6,21,"",6,"","","",30,8,2,7,"","","","","","","","","","",""
106,Bolkharnem,CGWB,30,Goa,552,SOUTH GOA,SANGUEM,SANGUEM,Bolkharnem,-,-,-,-,-,-,15.42833333,74.19333333,25-05-2013 00:00,7.7,150,"",0,43,35.3,21,"",4,"","","",50,12,5,9,"","","","","","","","","","",""
107,Bolkharnem,CGWB,30,Goa,552,SOUTH GOA,SANGUEM,SANGUEM,Bolkharnem,-,-,-,-,-,-,15.42833333,74.19333333,25-05-2016 00:00,7.3,86,"","","","",14,"","","","","","","","","","","","","","","","","","","",""
108,Bolkharnem,CGWB,30,Goa,552,SOUTH GOA,SANGUEM,SANGUEM,Bolkharnem,-,-,-,-,-,-,15.42833333,74.19333333,25-05-2017 00:00,8.04,90,"",0,37,"",14,"",1,"","","",45,12,4,5,"","","","","","","","","","",""
109,Bolkharnem,CGWB,30,Goa,552,SOUTH GOA,SANGUEM,SANGUEM,Bolkharnem,-,-,-,-,-,-,15.42833333,74.19333333,25-05-2018 00:00,8.135,70,0,0,30.5,0,10.65,"",6,"",0,"",35,8,3.648,2.77,"",0,0,"","","","","","","",""
110,Bolkharnem,CGWB,30,Goa,552,SOUTH GOA,SANGUEM,SANGUEM,Bolkharnem,-,-,-,-,-,-,15.42833333,74.19333333,30-05-2019 08:00,7.585,176,"",0,30.5,"",14.2,"","","","","",30,6,3.648,23.33,"","","","","","","","","","",""
111,Bolkharnem,CGWB,30,Goa,552,SOUTH GOA,SANGUEM,SANGUEM,Bolkharnem,-,-,-,-,-,-,15.42833333,74.19333333,30-05-2020 08:00,7.585,176,"","",30.5,"",14.2,"","","","","","",6,3.648,23.33,"","","","","","","","","","",""
112,Bori,CGWB,30,Goa,551,NORTH GOA,PONDA,PONDA,Bori,-,-,-,-,-,-,15.35555556,74.00333333,25-05-2013 00:00,7.4,160,"",0,37,112.7,28,"",4,"","","",60,8,10,7.6,"","","","","","","","","","",""
113,Bori,CGWB,30,Goa,551,NORTH GOA,PONDA,PONDA,Bori,-,-,-,-,-,-,15.35555556,74.00333333,25-05-2014 00:00,7,120,"","",37,30.33,14,"",6,"","","",50,8,7.3,3.5,"","","","","","","","","","",""
114,Bori,CGWB,30,Goa,551,NORTH GOA,PONDA,PONDA,Bori,-,-,-,-,-,-,15.35555556,74.00333333,25-05-2017 00:00,7.92,304,"",0,61,"",50,"",23,"","","",110,28,10,25,"","","","","","","","","","",""
115,Bori,CGWB,30,Goa,551,NORTH GOA,PONDA,PONDA,Bori,-,-,-,-,-,-,15.35555556,74.00333333,25-05-2018 00:00,8.24,310,0,0,79.3,0,39.05,"",15,"",0,"",80,16,9.728,19.4,"",0,0,"","","","","","","",""
116,Bori,CGWB,30,Goa,551,NORTH GOA,PONDA,PONDA,Bori,-,-,-,-,-,-,15.35555556,74.00333333,30-05-2021 08:00,7.7,801,"",0,341.6,"",28.36,"",84,0,"","",275,44,39.6,66,"","","","","","","","","","",""
117,Bori,CGWB,30,Goa,551,NORTH GOA,PONDA,PONDA,Bori,-,-,-,-,-,-,15.35555556,74.00333333,03-05-2022 14:34,7.33,282,185,0,79,65,26,"",39,"","","",100,24,10,20,"","","",0,"","","","","","",""
118,Britona,CGWB,30,Goa,551,NORTH GOA,BARDEZ,BARDEZ,Britona,-,-,-,-,-,-,15.51666667,73.83916667,25-05-2013 00:00,7.5,160,"",0,43,35.3,21,"",10,"","","",60,20,2,8,"","","","","","","","","","",""
119,Britona,CGWB,30,Goa,551,NORTH GOA,BARDEZ,BARDEZ,Britona,-,-,-,-,-,-,15.51666667,73.83916667,25-05-2014 00:00,7,230,"","",37,30.33,28,"",10,"","","",50,16,2.45,27,"","","","","","","","","","",""
120,Britona,CGWB,30,Goa,551,NORTH GOA,BARDEZ,BARDEZ,Britona,-,-,-,-,-,-,15.51666667,73.83916667,25-05-2017 00:00,7.55,217,"",0,49,"",32,"",12,"","","",95,26,7,12,"","","","","","","","","","",""
121,Britona,CGWB,30,Goa,551,NORTH GOA,BARDEZ,BARDEZ,Britona,-,-,-,-,-,-,15.51666667,73.83916667,25-05-2018 00:00,8.035,110,0,0,36.6,0,10.65,"",3,"",0,"",25,9,0.608,8.1,"",0,0,"","","","","","","",""
122,Britona,CGWB,30,Goa,551,NORTH GOA,BARDEZ,BARDEZ,Britona,-,-,-,-,-,-,15.51666667,73.83916667,30-05-2019 08:00,7.905,182,"",0,48.8,"",17.75,"","","","","",50,14,3.648,14.61,"","","","","","","","","","",""
123,Britona,CGWB,30,Goa,551,NORTH GOA,BARDEZ,BARDEZ,Britona,-,-,-,-,-,-,15.51666667,73.83916667,30-05-2020 08:00,7.905,182,"","",48.8,"",17.75,"","","","","","",14,3.648,14.61,"","","","","","","","","","",""
124,Calangute,CGWB,30,Goa,551,NORTH GOA,BARDEZ,BARDEZ,Calangute,-,-,-,-,-,-,15.54527778,73.75805556,25-05-2000 00:00,"",430,"","","","",78,"","","","","","","","","","","","","","","","","","","",""
125,Calangute,CGWB,30,Goa,551,NORTH GOA,BARDEZ,BARDEZ,Calangute,-,-,-,-,-,-,15.54527778,73.75805556,25-05-2001 00:00,"",483,"","",56,45.9,68,"","","","","","","","","","","","","","","","","","","",""
126,Calangute,CGWB,30,Goa,551,NORTH GOA,BARDEZ,BARDEZ,Calangute,-,-,-,-,-,-,15.54527778,73.75805556,25-05-2003 00:00,"",400,"","","","","","","","","","","","","","","","","","","","","","","","",""
127,Calangute,CGWB,30,Goa,551,NORTH GOA,BARDEZ,BARDEZ,Calangute,-,-,-,-,-,-,15.54527778,73.75805556,25-05-2006 00:00,7.5,307,"","","","",43,"","","","","","","","","","","","","","","","","","","",""
128,Calangute,CGWB,30,Goa,551,NORTH GOA,BARDEZ,BARDEZ,Calangute,-,-,-,-,-,-,15.54527778,73.75805556,25-05-2008 00:00,8.3,1220,"",24,220,220.3,150,"",120,"","","",220,28,36,175,"","","","","","","","","","",""
129,Calangute,CGWB,30,Goa,551,NORTH GOA,BARDEZ,BARDEZ,Calangute,-,-,-,-,-,-,15.54527778,73.75805556,25-05-2009 00:00,7.1,400,"","","","","","","","","","","","","",30,"","","","","","","","","","",""
130,Calangute,CGWB,30,Goa,551,NORTH GOA,BARDEZ,BARDEZ,Calangute,-,-,-,-,-,-,15.54527778,73.75805556,25-05-2010 00:00,7.1,400,"","","","",50,"","","","","","","","","","","","","","","","","","","",""
131,Calangute,CGWB,30,Goa,551,NORTH GOA,BARDEZ,BARDEZ,Calangute,-,-,-,-,-,-,15.54527778,73.75805556,25-05-2011 00:00,7.8,450,"",0,110,90.2,65,"",25,"","","",120,32,10,38,"","","","","","","","","","",""
132,Calangute,CGWB,30,Goa,551,NORTH GOA,BARDEZ,BARDEZ,Calangute,-,-,-,-,-,-,15.54527778,73.75805556,25-05-2012 00:00,8.1,500,"",0,183,150,43,"",6,"","","",130,40,7.34,49,"","","","","","","","","","",""
133,Calangute,CGWB,30,Goa,551,NORTH GOA,BARDEZ,BARDEZ,Calangute,-,-,-,-,-,-,15.54527778,73.75805556,25-05-2013 00:00,7.6,370,"",0,55,"",57,"",30,"","","",110,32,7,32,"","","","","","","","","","",""
134,Calangute,CGWB,30,Goa,551,NORTH GOA,BARDEZ,BARDEZ,Calangute,-,-,-,-,-,-,15.54527778,73.75805556,25-05-2014 00:00,7.6,370,"",0,55,"",57,"",30,"","","",110,32,7,32,"","","","","","","","","","",""
135,Calangute,CGWB,30,Goa,551,NORTH GOA,BARDEZ,BARDEZ,Calangute,-,-,-,-,-,-,15.54527778,73.75805556,25-05-2017 00:00,7.99,616,"",0,85,"",82,"",33,"","","",180,46,16,59,"","","","","","","","","","",""
136,Calangute,CGWB,30,Goa,551,NORTH GOA,BARDEZ,BARDEZ,Calangute,-,-,-,-,-,-,15.54527778,73.75805556,25-05-2018 00:00,7.794,600,0,0,79.3,0,81.65,"",25,"",0,"",150,24,21.888,47.4,"",0,0,"","","","","","","",""
137,Calangute,CGWB,30,Goa,551,NORTH GOA,BARDEZ,BARDEZ,Calangute,-,-,-,-,-,-,15.54527778,73.75805556,03-05-2022 10:19,7.79,640,378,0,104,85,85,"",59,0,14,"",170,44,15,59,"","","",0,"","","","","","",""
138,Canacona,CGWB,30,Goa,552,SOUTH GOA,CANACONA,CANACONA,Canacona,-,-,-,-,-,-,15.00638889,74.05055556,25-05-2000 00:00,"",115,"","","","",21,"","","","","","","","","","","","","","","","","","","",""
139,Canacona,CGWB,30,Goa,552,SOUTH GOA,CANACONA,CANACONA,Canacona,-,-,-,-,-,-,15.00638889,74.05055556,25-05-2001 00:00,"",131,"","",39,32,14,"","","","","","","","","","","","","","","","","","","",""
140,Canacona,CGWB,30,Goa,552,SOUTH GOA,CANACONA,CANACONA,Canacona,-,-,-,-,-,-,15.00638889,74.05055556,25-05-2003 00:00,"",200,"","","","","","","","","","","","","","","","","","","","","","","","",""
141,Canacona,CGWB,30,Goa,552,SOUTH GOA,CANACONA,CANACONA,Canacona,-,-,-,-,-,-,15.00638889,74.05055556,25-05-2006 00:00,7.6,170,"","","","",21,"","","","","","","","","","","","","","","","","","","",""
142,Canacona,CGWB,30,Goa,552,SOUTH GOA,CANACONA,CANACONA,Canacona,-,-,-,-,-,-,15.00638889,74.05055556,25-05-2009 00:00,7.3,170,"","","","","","","","","","","","","",5.3,"","","","","","","","","","",""
143,Canacona,CGWB,30,Goa,552,SOUTH GOA,CANACONA,CANACONA,Canacona,-,-,-,-,-,-,15.00638889,74.05055556,25-05-2012 00:00,7.9,190,"",0,49,40.2,28,"",12,"","","",60,12,7,14,"","","","","","","","","","",""
144,Canacona,CGWB,30,Goa,552,SOUTH GOA,CANACONA,CANACONA,Canacona,-,-,-,-,-,-,15.00638889,74.05055556,25-05-2014 00:00,7.1,230,"",0,67,54.92,36,"",4,"","","",80,14,10.96,14,"","","","","","","","","","",""
145,Canacona,CGWB,30,Goa,552,SOUTH GOA,CANACONA,CANACONA,Canacona,-,-,-,-,-,-,15.00638889,74.05055556,25-05-2017 00:00,7.99,188,"",0,67,"",32,"",2,"","","",80,12,12,15,"","","","","","","","","","",""
146,Canacona,CGWB,30,Goa,552,SOUTH GOA,CANACONA,CANACONA,Canacona,-,-,-,-,-,-,15.00638889,74.05055556,25-05-2018 00:00,8.269,170,0,0,67.1,0,17.75,"",2,"",0,"",45,8,6.08,12.45,"",0,0,"","","","","","","",""
147,Canacona,CGWB,30,Goa,552,SOUTH GOA,CANACONA,CANACONA,Canacona,-,-,-,-,-,-,15.00638889,74.05055556,30-05-2019 08:00,7.48,312,"",0,79.3,"",28.4,"","","","","",60,14,6.08,36.11,"","","","","","","","","","",""
148,Canacona,CGWB,30,Goa,552,SOUTH GOA,CANACONA,CANACONA,Canacona,-,-,-,-,-,-,15.00638889,74.05055556,30-05-2020 08:00,7.48,312,"","",79.3,"",28.4,"","","","","","",14,6.08,36.11,"","","","","","","","","","",""
149,Canacona,CGWB,30,Goa,552,SOUTH GOA,CANACONA,CANACONA,Canacona,-,-,-,-,-,-,15.00638889,74.05055556,04-05-2022 10:18,7.25,183,202,0,43,35,25,"",22,"","","","",8,10,13,"","","",0,"","","","","","",""
150,Carmona,CGWB,30,Goa,552,SOUTH GOA,SALCETE,SALCETE,Carmona,-,-,-,-,-,-,15.20277778,73.95250000,25-05-2000 00:00,"",75,"","","","",14,"","","","","","","","","","","","","","","","","","","",""
151,Charayode,CGWB,30,Goa,551,NORTH GOA,SATARI,SATARI,Charayode,-,-,-,-,-,-,15.62777778,74.13055556,25-05-2013 00:00,7.4,240,"",0,61,50,36,"",12,"","","",70,12,10,21,"","","","","","","","","","",""
152,Charayode,CGWB,30,Goa,551,NORTH GOA,SATARI,SATARI,Charayode,-,-,-,-,-,-,15.62777778,74.13055556,25-05-2014 00:00,7.3,210,"","",61,50,28,"",10,"","","",50,10,6.09,24,"","","","","","","","","","",""
153,Charayode,CGWB,30,Goa,551,NORTH GOA,SATARI,SATARI,Charayode,-,-,-,-,-,-,15.62777778,74.13055556,25-05-2017 00:00,7.7,162,"",0,67,"",18,"",4,"","","",65,12,8,12,"","","","","","","","","","",""
154,Charayode,CGWB,30,Goa,551,NORTH GOA,SATARI,SATARI,Charayode,-,-,-,-,-,-,15.62777778,74.13055556,25-05-2018 00:00,9.42,120,0,12,18.3,0,14.2,"",7,"",0,"",35,6,4.864,10.35,"",0,0,"","","","","","","",""
155,Charayode,CGWB,30,Goa,551,NORTH GOA,SATARI,SATARI,Charayode,-,-,-,-,-,-,15.62777778,74.13055556,30-05-2019 08:00,7.781,446,"",0,76.25,"",21.3,"","","","","",65,16,6.08,51.65,"","","","","","","","","","",""
156,Charayode,CGWB,30,Goa,551,NORTH GOA,SATARI,SATARI,Charayode,-,-,-,-,-,-,15.62777778,74.13055556,30-05-2020 08:00,7.781,446,"","",76.25,"",21.3,"","","","","","",16,6.08,51.65,"","","","","","","","","","",""
157,Chikalim,CGWB,30,Goa,552,SOUTH GOA,SALCETE,SALCETE,Chikalim,-,-,-,-,-,-,15.39805556,73.83666667,25-05-2018 00:00,7.575,120,0,0,18.3,0,14.2,"",3,"",0,"",15,4,1.216,13.26,"",0,0,"","","","","","","",""
158,Chikalim,CGWB,30,Goa,552,SOUTH GOA,SALCETE,SALCETE,Chikalim,-,-,-,-,-,-,15.39805556,73.83666667,30-05-2019 08:00,8.22,386,"",0,42.7,"",42.6,"","","","","",85,20,9,38.44,"","","","","","","","","","",""
159,Chikalim,CGWB,30,Goa,552,SOUTH GOA,SALCETE,SALCETE,Chikalim,-,-,-,-,-,-,15.39805556,73.83666667,30-05-2020 08:00,8.22,386,"","",42.7,"",42.6,"","","","","","",20,9,38.44,"","","","","","","","","","",""
160,Collem(kolamba),CGWB,30,Goa,552,SOUTH GOA,SANGUEM,SANGUEM,Collem(kolamba),-,-,-,-,-,-,15.33416667,74.24416667,25-05-2000 00:00,"",70,"","","","",14,"","","","","","","","","","","","","","","","","","","",""
161,Collem(kolamba),CGWB,30,Goa,552,SOUTH GOA,SANGUEM,SANGUEM,Collem(kolamba),-,-,-,-,-,-,15.33416667,74.24416667,25-05-2003 00:00,"",70,"","","","","","","","","","","","","","","","","","","","","","","","",""
162,Collem(kolamba),CGWB,30,Goa,552,SOUTH GOA,SANGUEM,SANGUEM,Collem(kolamba),-,-,-,-,-,-,15.33416667,74.24416667,25-05-2006 00:00,7.8,101,"","","","",14,"","","","","","","","","","","","","","","","","","","",""
163,Collem(kolamba),CGWB,30,Goa,552,SOUTH GOA,SANGUEM,SANGUEM,Collem(kolamba),-,-,-,-,-,-,15.33416667,74.24416667,25-05-2007 00:00,7.3,340,"",0,82,2.5,43,"",20,"","","",130,40,7,9,"","","","","","","","","","",""
164,Collem(kolamba),CGWB,30,Goa,552,SOUTH GOA,SANGUEM,SANGUEM,Collem(kolamba),-,-,-,-,-,-,15.33416667,74.24416667,25-05-2008 00:00,8.5,830,"",24,232,230.2,120,"",5,"","","",260,12,56,80,"","","","","","","","","","",""
165,Collem(kolamba),CGWB,30,Goa,552,SOUTH GOA,SANGUEM,SANGUEM,Collem(kolamba),-,-,-,-,-,-,15.33416667,74.24416667,25-05-2009 00:00,7.1,110,"","","","","","","","","","","","","",3,"","","","","","","","","","",""
166,Collem(kolamba),CGWB,30,Goa,552,SOUTH GOA,SANGUEM,SANGUEM,Collem(kolamba),-,-,-,-,-,-,15.33416667,74.24416667,25-05-2011 00:00,7.3,130,"",0,30,24.6,21,"",4,"","","",30,4,5,14,"","","","","","","","","","",""
167,Collem(kolamba),CGWB,30,Goa,552,SOUTH GOA,SANGUEM,SANGUEM,Collem(kolamba),-,-,-,-,-,-,15.33416667,74.24416667,25-05-2013 00:00,7.5,130,"",0,30,24.6,21,"",6,"","","",40,12,2,10,"","","","","","","","","","",""
168,Collem(kolamba),CGWB,30,Goa,552,SOUTH GOA,SANGUEM,SANGUEM,Collem(kolamba),-,-,-,-,-,-,15.33416667,74.24416667,25-05-2014 00:00,6.9,70,"",0,12,9.84,14,"",1,"","","",40,6,1,5,"","","","","","","","","","",""
169,Collem(kolamba),CGWB,30,Goa,552,SOUTH GOA,SANGUEM,SANGUEM,Collem(kolamba),-,-,-,-,-,-,15.33416667,74.24416667,25-05-2017 00:00,8.23,53,"",0,18,"",14,"",0,"","","",30,4,5,5,"","","","","","","","","","",""
170,Collem(kolamba),CGWB,30,Goa,552,SOUTH GOA,SANGUEM,SANGUEM,Collem(kolamba),-,-,-,-,-,-,15.33416667,74.24416667,25-05-2018 00:00,8.217,50,0,0,18.3,0,10.65,"",3,"",0,"",20,6,1.216,3.52,"",0,0,"","","","","","","",""
171,Collem(kolamba),CGWB,30,Goa,552,SOUTH GOA,SANGUEM,SANGUEM,Collem(kolamba),-,-,-,-,-,-,15.33416667,74.24416667,30-05-2019 08:00,8.266,194,"",0,36.6,"",14.2,"","","","","",20,6,1.216,32.39,"","","","","","","","","","",""
172,Collem(kolamba),CGWB,30,Goa,552,SOUTH GOA,SANGUEM,SANGUEM,Collem(kolamba),-,-,-,-,-,-,15.33416667,74.24416667,30-05-2020 08:00,8.266,194,"","",36.6,"",14.2,"","","","","","",6,1.216,32.39,"","","","","","","","","","",""
173,Colval,CGWB,30,Goa,551,NORTH GOA,BARDEZ,BARDEZ,Colval,-,-,-,-,-,-,15.64388889,73.83722222,25-05-2013 00:00,7.6,350,"",0,79,64.8,36,"",30,"","","",130,28,14,18,"","","","","","","","","","",""
174,Colval,CGWB,30,Goa,551,NORTH GOA,BARDEZ,BARDEZ,Colval,-,-,-,-,-,-,15.64388889,73.83722222,25-05-2014 00:00,6.9,360,"","",98,80.33,36,"",38,"","","",120,32,9.76,22,"","","","","","","","","","",""
175,Colval,CGWB,30,Goa,551,NORTH GOA,BARDEZ,BARDEZ,Colval,-,-,-,-,-,-,15.64388889,73.83722222,25-05-2018 00:00,8.21,330,"",0,73,0,16,"",12,"",0,"",70,20,5,26,"",0,"","","","","","","","",""
176,Colval,CGWB,30,Goa,551,NORTH GOA,BARDEZ,BARDEZ,Colval,-,-,-,-,-,-,15.64388889,73.83722222,30-05-2019 08:00,6.72,522,"",0,109.8,"",35.5,"","","","","",135,30,15,58.46,"","","","","","","","","","",""
177,Colval,CGWB,30,Goa,551,NORTH GOA,BARDEZ,BARDEZ,Colval,-,-,-,-,-,-,15.64388889,73.83722222,30-05-2020 08:00,6.72,522,"","",109.8,"",35.5,"","","","","","",30,15,58.46,"","","","","","","","","","",""
178,Colval,CGWB,30,Goa,551,NORTH GOA,BARDEZ,BARDEZ,Colval,-,-,-,-,-,-,15.64388889,73.83722222,03-05-2022 11:46,7.17,258,175,0,65,53,18,"",40,0.06,6,"",95,26,7,15,"","","",0,"","","","","","",""
179,Cuncalim,CGWB,30,Goa,552,SOUTH GOA,SALCETE,SALCETE,Cuncalim,-,-,-,-,-,-,15.18000000,74.00000000,25-05-2013 00:00,7.7,210,"",0,73,59.8,21,"",10,"","","",60,20,2,18,"","","","","","","","","","",""
180,Cuncalim,CGWB,30,Goa,552,SOUTH GOA,SALCETE,SALCETE,Cuncalim,-,-,-,-,-,-,15.18000000,74.00000000,25-05-2014 00:00,7.3,220,"","",67,54.92,28,"",10,"","","",70,20,4.89,15,"","","","","","","","","","",""
181,Cuncalim,CGWB,30,Goa,552,SOUTH GOA,SALCETE,SALCETE,Cuncalim,-,-,-,-,-,-,15.18000000,74.00000000,25-05-2017 00:00,7.72,126,"",0,43,"",18,"",4,"","","",45,8,6,12,"","","","","","","","","","",""
182,Cuncalim,CGWB,30,Goa,552,SOUTH GOA,SALCETE,SALCETE,Cuncalim,-,-,-,-,-,-,15.18000000,74.00000000,25-05-2018 00:00,7.874,190,0,0,61,0,14.2,"",9,"",0,"",40,10,3.648,13.05,"",0,0,"","","","","","","",""
183,Cuncalim,CGWB,30,Goa,552,SOUTH GOA,SALCETE,SALCETE,Cuncalim,-,-,-,-,-,-,15.18000000,74.00000000,30-05-2019 08:00,9.024,438,"",24,12.2,"",28.4,"","","","","",45,14,2.432,63.21,"","","","","","","","","","",""
184,Cuncalim,CGWB,30,Goa,552,SOUTH GOA,SALCETE,SALCETE,Cuncalim,-,-,-,-,-,-,15.18000000,74.00000000,30-05-2020 08:00,9.024,438,"","",12.2,"",28.4,"","","","","","",14,2.432,63.21,"","","","","","","","","","",""
185,Daptamol Lolien,CGWB,30,Goa,552,SOUTH GOA,CANACONA,CANACONA,Daptamol Lolien,-,-,-,-,-,-,14.94888889,74.05611111,25-05-2003 00:00,"",50,"","","","","","","","","","","","","","","","","","","","","","","","",""
186,Daptamol Lolien,CGWB,30,Goa,552,SOUTH GOA,CANACONA,CANACONA,Daptamol Lolien,-,-,-,-,-,-,14.94888889,74.05611111,25-05-2006 00:00,7.4,45,"","","","",7,"","","","","","","","","","","","","","","","","","","",""
187,Daptamol Lolien,CGWB,30,Goa,552,SOUTH GOA,CANACONA,CANACONA,Daptamol Lolien,-,-,-,-,-,-,14.94888889,74.05611111,25-05-2011 00:00,7.8,160,"",0,24,19.7,36,"",5,"","","",40,12,2,17,"","","","","","","","","","",""
188,Daptamol Lolien,CGWB,30,Goa,552,SOUTH GOA,CANACONA,CANACONA,Daptamol Lolien,-,-,-,-,-,-,14.94888889,74.05611111,25-05-2012 00:00,8.4,630,"",9,91,74.6,50,"",16,"","","",110,20,14,27,"","","","","","","","","","",""
189,Daptamol Lolien,CGWB,30,Goa,552,SOUTH GOA,CANACONA,CANACONA,Daptamol Lolien,-,-,-,-,-,-,14.94888889,74.05611111,25-05-2013 00:00,7.7,130,"",0,24,19.7,28,"",3,"","","",30,8,2,15,"","","","","","","","","","",""
190,Daptamol Lolien,CGWB,30,Goa,552,SOUTH GOA,CANACONA,CANACONA,Daptamol Lolien,-,-,-,-,-,-,14.94888889,74.05611111,25-05-2014 00:00,7,90,"",0,18,14.75,18,"",1,"","","",30,6,3.65,4.6,"","","","","","","","","","",""
191,Daptamol Lolien,CGWB,30,Goa,552,SOUTH GOA,CANACONA,CANACONA,Daptamol Lolien,-,-,-,-,-,-,14.94888889,74.05611111,25-05-2017 00:00,8.08,97,"",0,37,"",18,"",1,"","","",55,8,8,5,"","","","","","","","","","",""
192,Daptamol Lolien,CGWB,30,Goa,552,SOUTH GOA,CANACONA,CANACONA,Daptamol Lolien,-,-,-,-,-,-,14.94888889,74.05611111,25-05-2018 00:00,7.714,40,0,0,12.2,0,5.325,"",1,"",0,"",10,2,1.216,4.5,"",0,0,"","","","","","","",""
193,Daptamol Lolien,CGWB,30,Goa,552,SOUTH GOA,CANACONA,CANACONA,Daptamol Lolien,-,-,-,-,-,-,14.94888889,74.05611111,30-05-2019 08:00,7.71,285,"",0,24.4,"",17.75,"","","","","",25,6,2.432,41.76,"","","","","","","","","","",""
194,Daptamol Lolien,CGWB,30,Goa,552,SOUTH GOA,CANACONA,CANACONA,Daptamol Lolien,-,-,-,-,-,-,14.94888889,74.05611111,30-05-2020 08:00,7.71,285,"","",24.4,"",17.75,"","","","","","",6,2.432,41.76,"","","","","","","","","","",""
195,Deulwada Kolamba,CGWB,30,Goa,552,SOUTH GOA,SANGUEM,SANGUEM,Deulwada Kolamba,-,-,-,-,-,-,15.14888889,74.13194444,25-05-2003 00:00,"",100,"","","","","","","","","","","","","","","","","","","","","","","","",""
196,Deulwada Kolamba,CGWB,30,Goa,552,SOUTH GOA,SANGUEM,SANGUEM,Deulwada Kolamba,-,-,-,-,-,-,15.14888889,74.13194444,25-05-2007 00:00,7.8,120,"",0,43,21.3,14,"",1,"","","",45,8,6,5,"","","","","","","","","","",""
197,Deulwada Kolamba,CGWB,30,Goa,552,SOUTH GOA,SANGUEM,SANGUEM,Deulwada Kolamba,-,-,-,-,-,-,15.14888889,74.13194444,25-05-2009 00:00,6.9,140,"","","","","","","","","","","","","",6,"","","","","","","","","","",""
198,Deulwada Kolamba,CGWB,30,Goa,552,SOUTH GOA,SANGUEM,SANGUEM,Deulwada Kolamba,-,-,-,-,-,-,15.14888889,74.13194444,25-05-2011 00:00,7.3,320,"",0,138,113.1,25,"",2,"","","",90,30,4,29,"","","","","","","","","","",""
199,Deulwada Kolamba,CGWB,30,Goa,552,SOUTH GOA,SANGUEM,SANGUEM,Deulwada Kolamba,-,-,-,-,-,-,15.14888889,74.13194444,25-05-2012 00:00,7.8,160,"",0,49,40.2,21,"",6,"","","",50,8,7,12,"","","","","","","","","","",""
200,Deulwada Kolamba,CGWB,30,Goa,552,SOUTH GOA,SANGUEM,SANGUEM,Deulwada Kolamba,-,-,-,-,-,-,15.14888889,74.13194444,25-05-2013 00:00,7.6,170,"",0,55,45.1,21,"",3,"","","",60,8,10,8,"","","","","","","","","","",""
201,Deulwada Kolamba,CGWB,30,Goa,552,SOUTH GOA,SANGUEM,SANGUEM,Deulwada Kolamba,-,-,-,-,-,-,15.14888889,74.13194444,25-05-2014 00:00,7.5,160,"",0,55,45.08,21,"",4,"","","",50,12,4.88,12,"","","","","","","","","","",""
202,Deulwada Kolamba,CGWB,30,Goa,552,SOUTH GOA,SANGUEM,SANGUEM,Deulwada Kolamba,-,-,-,-,-,-,15.14888889,74.13194444,25-05-2017 00:00,7.98,111,"",0,49,"",14,"",3,"","","",60,12,7,5,"","","","","","","","","","",""
203,Deulwada Kolamba,CGWB,30,Goa,552,SOUTH GOA,SANGUEM,SANGUEM,Deulwada Kolamba,-,-,-,-,-,-,15.14888889,74.13194444,25-05-2018 00:00,7.91,110,"",0,42.7,0,10.65,"",6,"",0,"",40,6,6,4.12,"",0,"","","","","","","","",""
204,Deulwada Kolamba,CGWB,30,Goa,552,SOUTH GOA,SANGUEM,SANGUEM,Deulwada Kolamba,-,-,-,-,-,-,15.14888889,74.13194444,30-05-2019 08:00,7.565,274,"",0,54.9,"",14.2,"","","","","",50,8,7.296,35.9,"","","","","","","","","","",""
205,Deulwada Kolamba,CGWB,30,Goa,552,SOUTH GOA,SANGUEM,SANGUEM,Deulwada Kolamba,-,-,-,-,-,-,15.14888889,74.13194444,30-05-2020 08:00,7.565,274,"","",54.9,"",14.2,"","","","","","",8,7.296,35.9,"","","","","","","","","","",""
206,Deulwada Kolamba,CGWB,30,Goa,552,SOUTH GOA,SANGUEM,SANGUEM,Deulwada Kolamba,-,-,-,-,-,-,15.14888889,74.13194444,03-05-2022 16:10,7.09,141,94,0,39,32,15,"",23,"","","",60,10,8,5,"","","",0,"","","","","","",""
207,Dhatwado Vante,CGWB,30,Goa,551,NORTH GOA,-,-,-,-,-,-,-,-,-,15.50000000,74.10000000,30-05-2019 08:00,7.83,295,"",0,45.75,"",17.75,"","","","","",35,6,5,35.42,"","","","","","","","","","",""
208,Dhatwado Vante,CGWB,30,Goa,551,NORTH GOA,-,-,-,-,-,-,-,-,-,15.50000000,74.10000000,30-05-2020 08:00,7.83,295,"","",45.75,"",17.75,"","","","","","",6,5,35.42,"","","","","","","","","","",""
209,Fathorda Margao(pz),CGWB,30,Goa,552,SOUTH GOA,SALCETE,SALCETE,Fathorda Margao(pz),-,-,-,-,-,-,15.28805556,73.96944444,25-05-2013 00:00,7.6,250,"",0,49,40.2,43,"",10,"","","",70,12,10,23,"","","","","","","","","","",""
210,Fathorda Margao(pz),CGWB,30,Goa,552,SOUTH GOA,SALCETE,SALCETE,Fathorda Margao(pz),-,-,-,-,-,-,15.28805556,73.96944444,25-05-2014 00:00,7.3,290,"",0,61,50,43,"",18,"","","",100,20,12.18,17,"","","","","","","","","","",""
211,Gauli Mola,CGWB,30,Goa,551,NORTH GOA,TISWADI,TISWADI,Gauli Mola,-,-,-,-,-,-,15.46138889,73.89805556,25-05-2013 00:00,7.7,160,"",0,30,24.6,35,"",3,"","","",50,12,5,12,"","","","","","","","","","",""
212,Gavalebhat Chimbel,CGWB,30,Goa,551,NORTH GOA,TISWADI,TISWADI,Gavalebhat Chimbel,-,-,-,-,-,-,15.48944444,73.87416667,25-05-2013 00:00,7.6,160,"",0,24,19.7,36,"",5,"","","",40,12,2,16,"","","","","","","","","","",""
213,Gavalebhat Chimbel,CGWB,30,Goa,551,NORTH GOA,TISWADI,TISWADI,Gavalebhat Chimbel,-,-,-,-,-,-,15.48944444,73.87416667,25-05-2014 00:00,6.9,240,"","",61,50,36,"",8,"","","",40,8,4.87,34,"","","","","","","","","","",""
214,Gavalebhat Chimbel,CGWB,30,Goa,551,NORTH GOA,TISWADI,TISWADI,Gavalebhat Chimbel,-,-,-,-,-,-,15.48944444,73.87416667,25-05-2017 00:00,7.42,123,"",0,24,"",25,"",2,"","","",45,8,6,12,"","","","","","","","","","",""
215,Gavalebhat Chimbel,CGWB,30,Goa,551,NORTH GOA,TISWADI,TISWADI,Gavalebhat Chimbel,-,-,-,-,-,-,15.48944444,73.87416667,25-05-2018 00:00,8.289,100,0,0,18.3,0,10.65,"",1,"",0,"",20,4,2.432,8.51,"",0,0,"","","","","","","",""
216,Ghadiawada,CGWB,30,Goa,552,SOUTH GOA,QUEPEM,QUEPEM,Ghadiawada,-,-,-,-,-,-,15.23805556,74.11388889,25-05-2000 00:00,"",120,"","","","",35,"","","","","","","","","","","","","","","","","","","",""
217,Ghadiawada,CGWB,30,Goa,552,SOUTH GOA,QUEPEM,QUEPEM,Ghadiawada,-,-,-,-,-,-,15.23805556,74.11388889,25-05-2001 00:00,"",87,"","",22,18,12,"","","","","","","","","","","","","","","","","","","",""
218,Ghadiawada,CGWB,30,Goa,552,SOUTH GOA,QUEPEM,QUEPEM,Ghadiawada,-,-,-,-,-,-,15.23805556,74.11388889,25-05-2003 00:00,"",90,"","","","","","","","","","","","","","","","","","","","","","","","",""
219,Ghadiawada,CGWB,30,Goa,552,SOUTH GOA,QUEPEM,QUEPEM,Ghadiawada,-,-,-,-,-,-,15.23805556,74.11388889,25-05-2006 00:00,8,40,"","","","",7,"","","","","","","","","","","","","","","","","","","",""
220,Ghadiawada,CGWB,30,Goa,552,SOUTH GOA,QUEPEM,QUEPEM,Ghadiawada,-,-,-,-,-,-,15.23805556,74.11388889,25-05-2007 00:00,7.7,130,"",0,46,10.7,11,"",2,"","","",40,10,4,8,"","","","","","","","","","",""
221,Ghadiawada,CGWB,30,Goa,552,SOUTH GOA,QUEPEM,QUEPEM,Ghadiawada,-,-,-,-,-,-,15.23805556,74.11388889,25-05-2009 00:00,7.1,130,"","","","","","","","","","","","","",2,"","","","","","","","","","",""
222,Ghadiawada,CGWB,30,Goa,552,SOUTH GOA,QUEPEM,QUEPEM,Ghadiawada,-,-,-,-,-,-,15.23805556,74.11388889,25-05-2011 00:00,7,170,"",0,37,"",36,"",1,"","","",40,12,2,20,"","","","","","","","","","",""
223,Ghadiawada,CGWB,30,Goa,552,SOUTH GOA,QUEPEM,QUEPEM,Ghadiawada,-,-,-,-,-,-,15.23805556,74.11388889,25-05-2013 00:00,7.4,170,"",0,61,111.8,21,"",2,"","","",60,8,10,10,"","","","","","","","","","",""
224,Ghadiawada,CGWB,30,Goa,552,SOUTH GOA,QUEPEM,QUEPEM,Ghadiawada,-,-,-,-,-,-,15.23805556,74.11388889,25-05-2014 00:00,6.9,120,"",0,24,19.67,18,"",10,"","","",30,4,4.87,11,"","","","","","","","","","",""
225,Ghadiawada,CGWB,30,Goa,552,SOUTH GOA,QUEPEM,QUEPEM,Ghadiawada,-,-,-,-,-,-,15.23805556,74.11388889,25-05-2017 00:00,8.25,149,"",0,31,"",25,"",8,"","","",50,8,7,12,"","","","","","","","","","",""
226,Ghadiawada,CGWB,30,Goa,552,SOUTH GOA,QUEPEM,QUEPEM,Ghadiawada,-,-,-,-,-,-,15.23805556,74.11388889,25-05-2018 00:00,7.48,120,0,0,30.5,0,21.3,"",1,"",0,"",40,6,6.08,6.6,"",0,0,"","","","","","","",""
227,Ghadiawada,CGWB,30,Goa,552,SOUTH GOA,QUEPEM,QUEPEM,Ghadiawada,-,-,-,-,-,-,15.23805556,74.11388889,30-05-2019 08:00,7.948,240,"",0,24.4,"",24.85,"","","","","",30,8,2.432,25.39,"","","","","","","","","","",""
228,Ghadiawada,CGWB,30,Goa,552,SOUTH GOA,QUEPEM,QUEPEM,Ghadiawada,-,-,-,-,-,-,15.23805556,74.11388889,30-05-2020 08:00,7.948,240,"","",24.4,"",24.85,"","","","","","",8,2.432,25.39,"","","","","","","","","","",""
229,Goa Velha,CGWB,30,Goa,551,NORTH GOA,TISWADI,TISWADI,Goa Velha,-,-,-,-,-,-,15.44138889,73.87972222,25-05-2000 00:00,"",385,"","","","",57,"","","","","","","","","","","","","","","","","","","",""
230,Goa Velha,CGWB,30,Goa,551,NORTH GOA,TISWADI,TISWADI,Goa Velha,-,-,-,-,-,-,15.44138889,73.87972222,25-05-2001 00:00,"",520,"","",159,130.3,51,"","","","","","","","","","","","","","","","","","","",""
231,Goa Velha,CGWB,30,Goa,551,NORTH GOA,TISWADI,TISWADI,Goa Velha,-,-,-,-,-,-,15.44138889,73.87972222,25-05-2002 00:00,"",450,"","","","",48,"","","","","","","","","","","","","","","","","","","",""
232,Goa Velha,CGWB,30,Goa,551,NORTH GOA,TISWADI,TISWADI,Goa Velha,-,-,-,-,-,-,15.44138889,73.87972222,25-05-2003 00:00,"",1020,"","","","","","","","","","","","","","","","","","","","","","","","",""
233,Goa Velha,CGWB,30,Goa,551,NORTH GOA,TISWADI,TISWADI,Goa Velha,-,-,-,-,-,-,15.44138889,73.87972222,25-05-2006 00:00,8,523,"","","","",128,"","","","","","","","","","","","","","","","","","","",""
234,Goa Velha,CGWB,30,Goa,551,NORTH GOA,TISWADI,TISWADI,Goa Velha,-,-,-,-,-,-,15.44138889,73.87972222,25-05-2007 00:00,7.8,230,"",0,61,"",25,"",15,"","","",80,16,10,7,"","","","","","","","","","",""
235,Goa Velha,CGWB,30,Goa,551,NORTH GOA,TISWADI,TISWADI,Goa Velha,-,-,-,-,-,-,15.44138889,73.87972222,25-05-2009 00:00,7.4,490,"","","","","","","","","","","","","",30,"","","","","","","","","","",""
236,Goa Velha,CGWB,30,Goa,551,NORTH GOA,TISWADI,TISWADI,Goa Velha,-,-,-,-,-,-,15.44138889,73.87972222,25-05-2010 00:00,7.2,490,"","","","",64,"","","","","","","","","","","","","","","","","","","",""
237,Goa Velha,CGWB,30,Goa,551,NORTH GOA,TISWADI,TISWADI,Goa Velha,-,-,-,-,-,-,15.44138889,73.87972222,25-05-2011 00:00,7.7,350,"",0,134,109.8,40,"",4,"","","",110,24,12,27,"","","","","","","","","","",""
238,Goa Velha,CGWB,30,Goa,551,NORTH GOA,TISWADI,TISWADI,Goa Velha,-,-,-,-,-,-,15.44138889,73.87972222,25-05-2012 00:00,7.9,970,"",0,348,285.3,106,"",44,"","","",170,60,5,130,"","","","","","","","","","",""
239,Goa Velha,CGWB,30,Goa,551,NORTH GOA,TISWADI,TISWADI,Goa Velha,-,-,-,-,-,-,15.44138889,73.87972222,25-05-2013 00:00,7.8,280,"",0,91,74.6,28,"",16,"","","",120,32,10,7,"","","","","","","","","","",""
240,Guddemal,CGWB,30,Goa,552,SOUTH GOA,-,-,-,-,-,-,-,-,-,15.29000000,74.77000000,30-05-2019 08:00,7.368,228,"",0,48.8,"",17.75,"","","","","",45,10,4.864,29.93,"","","","","","","","","","",""
241,Guddemal,CGWB,30,Goa,552,SOUTH GOA,-,-,-,-,-,-,-,-,-,15.29000000,74.77000000,30-05-2020 08:00,7.368,228,"","",48.8,"",17.75,"","","","","","",10,4.864,29.93,"","","","","","","","","","",""
242,Gulem Velipwada,CGWB,30,Goa,552,SOUTH GOA,CANACONA,CANACONA,Gulem Velipwada,-,-,-,-,-,-,15.03666667,74.03111111,25-05-2009 00:00,7.2,140,"","","","","","","","","","","","","",6,"","","","","","","","","","",""
243,Gulem Velipwada,CGWB,30,Goa,552,SOUTH GOA,CANACONA,CANACONA,Gulem Velipwada,-,-,-,-,-,-,15.03666667,74.03111111,25-05-2011 00:00,7.9,1160,"",0,335,274.6,156,"",28,"","","",400,56,63,78,"","","","","","","","","","",""
244,Gulem Velipwada,CGWB,30,Goa,552,SOUTH GOA,CANACONA,CANACONA,Gulem Velipwada,-,-,-,-,-,-,15.03666667,74.03111111,25-05-2012 00:00,8,170,"",0,43,35.3,21,"",16,"","","",60,12,7,9,"","","","","","","","","","",""
245,Gulem Velipwada,CGWB,30,Goa,552,SOUTH GOA,CANACONA,CANACONA,Gulem Velipwada,-,-,-,-,-,-,15.03666667,74.03111111,25-05-2013 00:00,7.7,180,"",0,67,54.9,21,"",2,"","","",60,16,5,12,"","","","","","","","","","",""
246,Gulem Velipwada,CGWB,30,Goa,552,SOUTH GOA,CANACONA,CANACONA,Gulem Velipwada,-,-,-,-,-,-,15.03666667,74.03111111,25-05-2014 00:00,6.8,210,"",0,67,54.92,25,"",8,"","","",50,16,2.45,23,"","","","","","","","","","",""
247,Gulem Velipwada,CGWB,30,Goa,552,SOUTH GOA,CANACONA,CANACONA,Gulem Velipwada,-,-,-,-,-,-,15.03666667,74.03111111,25-05-2017 00:00,7.51,128,"",0,55,"",18,"",9,"","","",70,10,11,8,"","","","","","","","","","",""
248,Gulem Velipwada,CGWB,30,Goa,552,SOUTH GOA,CANACONA,CANACONA,Gulem Velipwada,-,-,-,-,-,-,15.03666667,74.03111111,25-05-2018 00:00,8.523,130,0,6,42.7,0,7.1,"",2,"",0,"",35,6,4.864,7.4,"",0,0,"","","","","","","",""
249,Gulem Velipwada,CGWB,30,Goa,552,SOUTH GOA,CANACONA,CANACONA,Gulem Velipwada,-,-,-,-,-,-,15.03666667,74.03111111,04-07-2023 10:29,6.39,162,97,0,47,65,18,"","","","","","",8,11,8,"","","",0,"","","","","","",""
250,Hattipal Poinguinem,CGWB,30,Goa,552,SOUTH GOA,CANACONA,CANACONA,Hattipal Poinguinem,-,-,-,-,-,-,14.98333333,74.10916667,25-05-2001 00:00,"",69,"","",24,19.7,8,"","","","","","","","","","","","","","","","","","","",""
251,Hattipal Poinguinem,CGWB,30,Goa,552,SOUTH GOA,CANACONA,CANACONA,Hattipal Poinguinem,-,-,-,-,-,-,14.98333333,74.10916667,25-05-2003 00:00,"",110,"","","","","","","","","","","","","","","","","","","","","","","","",""
252,Hattipal Poinguinem,CGWB,30,Goa,552,SOUTH GOA,CANACONA,CANACONA,Hattipal Poinguinem,-,-,-,-,-,-,14.98333333,74.10916667,25-05-2006 00:00,7.9,63,"","","","",7,"","","","","","","","","","","","","","","","","","","",""
253,Hattipal Poinguinem,CGWB,30,Goa,552,SOUTH GOA,CANACONA,CANACONA,Hattipal Poinguinem,-,-,-,-,-,-,14.98333333,74.10916667,25-05-2007 00:00,7.4,90,"",0,24,12.3,11,"",1,"","","",30,8,2,5,"","","","","","","","","","",""
254,Hattipal Poinguinem,CGWB,30,Goa,552,SOUTH GOA,CANACONA,CANACONA,Hattipal Poinguinem,-,-,-,-,-,-,14.98333333,74.10916667,25-05-2009 00:00,7.3,120,"","","","","","","","","","","","","",7,"","","","","","","","","","",""
255,Hattipal Poinguinem,CGWB,30,Goa,552,SOUTH GOA,CANACONA,CANACONA,Hattipal Poinguinem,-,-,-,-,-,-,14.98333333,74.10916667,25-05-2011 00:00,7.9,130,"",0,37,30.3,21,"",4,"","","",40,12,2.4,10,"","","","","","","","","","",""
256,Hattipal Poinguinem,CGWB,30,Goa,552,SOUTH GOA,CANACONA,CANACONA,Hattipal Poinguinem,-,-,-,-,-,-,14.98333333,74.10916667,25-05-2012 00:00,7.7,100,"",0,30,24.6,14,"",2,"","","",20,4,2,12,"","","","","","","","","","",""
257,Hattipal Poinguinem,CGWB,30,Goa,552,SOUTH GOA,CANACONA,CANACONA,Hattipal Poinguinem,-,-,-,-,-,-,14.98333333,74.10916667,25-05-2013 00:00,7.5,90,"",0,24,19.7,14,"",2,"","","",30,4,4.87,5,"","","","","","","","","","",""
258,Hattipal Poinguinem,CGWB,30,Goa,552,SOUTH GOA,CANACONA,CANACONA,Hattipal Poinguinem,-,-,-,-,-,-,14.98333333,74.10916667,25-05-2014 00:00,7.3,140,"",0,30,24.59,28,"",2,"","","",30,10,1.23,17,"","","","","","","","","","",""
259,Hattipal Poinguinem,CGWB,30,Goa,552,SOUTH GOA,CANACONA,CANACONA,Hattipal Poinguinem,-,-,-,-,-,-,14.98333333,74.10916667,25-05-2017 00:00,6.93,92,"",0,18,"",14,"",2,"","","",30,8,2,5,"","","","","","","","","","",""
260,Hattipal Poinguinem,CGWB,30,Goa,552,SOUTH GOA,CANACONA,CANACONA,Hattipal Poinguinem,-,-,-,-,-,-,14.98333333,74.10916667,25-05-2018 00:00,7.726,100,0,0,36.6,0,10.65,"",3,"",0,"",35,8,3.648,4.45,"",0,0,"","","","","","","",""
261,Hattipal Poinguinem,CGWB,30,Goa,552,SOUTH GOA,CANACONA,CANACONA,Hattipal Poinguinem,-,-,-,-,-,-,14.98333333,74.10916667,04-05-2022 09:52,6.76,"",50,0,21,30,11,"",9,"","","","",8,2,4,"","","",0,"","","","","","",""
262,Hivre Budruk,CGWB,30,Goa,551,NORTH GOA,SATARI,SATARI,Hivre Budruk,-,-,-,-,-,-,15.63194444,74.14638889,25-05-2000 00:00,"",90,"","","","",21,"","","","","","","","","","","","","","","","","","","",""
263,Hivre Budruk,CGWB,30,Goa,551,NORTH GOA,SATARI,SATARI,Hivre Budruk,-,-,-,-,-,-,15.63194444,74.14638889,25-05-2001 00:00,"",136,"","",73,59.8,8,"","","","","","","","","","","","","","","","","","","",""
264,Honda,CGWB,30,Goa,551,NORTH GOA,SATARI,SATARI,Honda,-,-,-,-,-,-,15.54666667,74.05055556,25-05-2003 00:00,"",60,"","","","","","","","","","","","","","","","","","","","","","","","",""
265,Honda,CGWB,30,Goa,551,NORTH GOA,SATARI,SATARI,Honda,-,-,-,-,-,-,15.54666667,74.05055556,25-05-2009 00:00,7.8,60,"","","","","","","","","","","","","",3,"","","","","","","","","","",""
266,Honda,CGWB,30,Goa,551,NORTH GOA,SATARI,SATARI,Honda,-,-,-,-,-,-,15.54666667,74.05055556,25-05-2010 00:00,7.8,60,"","","","",21,"","","","","","","","","","","","","","","","","","","",""
267,Honda,CGWB,30,Goa,551,NORTH GOA,SATARI,SATARI,Honda,-,-,-,-,-,-,15.54666667,74.05055556,25-05-2011 00:00,7.1,400,"",0,61,50,95,"",2,"","","",110,24,12,32,"","","","","","","","","","",""
268,Honda,CGWB,30,Goa,551,NORTH GOA,SATARI,SATARI,Honda,-,-,-,-,-,-,15.54666667,74.05055556,25-05-2012 00:00,7.3,110,"",0,18,14.8,21,"",5,"","","",30,8,2,10,"","","","","","","","","","",""
269,Honda,CGWB,30,Goa,551,NORTH GOA,SATARI,SATARI,Honda,-,-,-,-,-,-,15.54666667,74.05055556,25-05-2013 00:00,7.3,120,"",0,24,19.7,21,"",5,"","","",40,8,5,8,"","","","","","","","","","",""
270,Honda,CGWB,30,Goa,551,NORTH GOA,SATARI,SATARI,Honda,-,-,-,-,-,-,15.54666667,74.05055556,25-05-2014 00:00,7.1,120,"",0,18,"",25,"",2,"","","",30,3.6,5,13,"","","","","","","","","","",""
271,Honda,CGWB,30,Goa,551,NORTH GOA,SATARI,SATARI,Honda,-,-,-,-,-,-,15.54666667,74.05055556,25-05-2017 00:00,8.02,108,"",0,24,"",21,"",2,"","","",40,6,6,9,"","","","","","","","","","",""
272,Honda,CGWB,30,Goa,551,NORTH GOA,SATARI,SATARI,Honda,-,-,-,-,-,-,15.54666667,74.05055556,25-05-2018 00:00,8.225,80,0,0,24.4,0,14.2,"",5,"",0,"",30,4,4.864,6.45,"",0,0,"","","","","","","",""
273,Honda,CGWB,30,Goa,551,NORTH GOA,SATARI,SATARI,Honda,-,-,-,-,-,-,15.54666667,74.05055556,30-05-2019 08:00,7.14,186,"",0,30.5,"",17.75,"","","","","",32.5,6,4.256,28.67,"","","","","","","","","","",""
274,Honda,CGWB,30,Goa,551,NORTH GOA,SATARI,SATARI,Honda,-,-,-,-,-,-,15.54666667,74.05055556,30-05-2020 08:00,7.14,186,"","",30.5,"",17.75,"","","","","","",6,4.256,28.67,"","","","","","","","","","",""
275,Jambavli,CGWB,30,Goa,552,SOUTH GOA,SANGUEM,SANGUEM,Jambavli,-,-,-,-,-,-,15.18638889,74.09527778,25-05-2014 00:00,6.8,100,"","",24,19.67,14,"",4,"","","",30,4,4.87,7.3,"","","","","","","","","","",""
276,Jambavli,CGWB,30,Goa,552,SOUTH GOA,SANGUEM,SANGUEM,Jambavli,-,-,-,-,-,-,15.18638889,74.09527778,25-05-2017 00:00,8.13,64,"",0,18,"",28,"",0,"","","",40,4,7,6,"","","","","","","","","","",""
277,Jambavli,CGWB,30,Goa,552,SOUTH GOA,SANGUEM,SANGUEM,Jambavli,-,-,-,-,-,-,15.18638889,74.09527778,25-05-2018 00:00,7.967,90,0,0,36.6,0,10.65,"",1,"",0,"",30,4,4.864,5.18,"",0,0,"","","","","","","",""
278,Jambavli,CGWB,30,Goa,552,SOUTH GOA,SANGUEM,SANGUEM,Jambavli,-,-,-,-,-,-,15.18638889,74.09527778,30-05-2019 08:00,7.528,264,"",0,30.5,"",14.2,"","","","","",35,8,3.648,41.57,"","","","","","","","","","",""
279,Jambavli,CGWB,30,Goa,552,SOUTH GOA,SANGUEM,SANGUEM,Jambavli,-,-,-,-,-,-,15.18638889,74.09527778,30-05-2020 08:00,7.528,264,"","",30.5,"",14.2,"","","","","","",8,3.648,41.57,"","","","","","","","","","",""
280,Jambhul Batt(mayam Lake),CGWB,30,Goa,551,NORTH GOA,-,-,-,-,-,-,-,-,-,15.58000000,73.93000000,30-05-2019 08:00,7.52,337,"",0,36.6,"",17.75,"","","","","",45,10,4.864,26.62,"","","","","","","","","","",""
281,Jambhul Batt(mayam Lake),CGWB,30,Goa,551,NORTH GOA,-,-,-,-,-,-,-,-,-,15.58000000,73.93000000,30-05-2020 08:00,7.52,337,"","",36.6,"",17.75,"","","","","","",10,4.864,26.62,"","","","","","","","","","",""
282,Kalay,CGWB,30,Goa,552,SOUTH GOA,SANGUEM,SANGUEM,Kalay,-,-,-,-,-,-,15.28833333,74.18000000,25-05-2013 00:00,7.3,120,"","",18,14.8,28,"",2,"","","",30,4,5,13,"","","","","","","","","","",""
283,Kalay,CGWB,30,Goa,552,SOUTH GOA,SANGUEM,SANGUEM,Kalay,-,-,-,-,-,-,15.28833333,74.18000000,25-05-2014 00:00,7.2,70,"","",12,9.84,14,"",4,"","","",20,4,2.44,6.4,"","","","","","","","","","",""
284,Kalay,CGWB,30,Goa,552,SOUTH GOA,SANGUEM,SANGUEM,Kalay,-,-,-,-,-,-,15.28833333,74.18000000,25-05-2017 00:00,8.28,65,"",0,18,"",14,"",1,"","","",35,6,5,4,"","","","","","","","","","",""
285,Kalay,CGWB,30,Goa,552,SOUTH GOA,SANGUEM,SANGUEM,Kalay,-,-,-,-,-,-,15.28833333,74.18000000,25-05-2018 00:00,8.526,60,0,0,12.2,0,14.2,"",3,"",0,"",20,4,2.432,4.45,"",0,0,"","","","","","","",""
286,Kalay,CGWB,30,Goa,552,SOUTH GOA,SANGUEM,SANGUEM,Kalay,-,-,-,-,-,-,15.28833333,74.18000000,30-05-2019 08:00,8.267,251,"",0,30.5,"",24.85,"","","","","",30,8,2.432,31.19,"","","","","","","","","","",""
287,Kalay,CGWB,30,Goa,552,SOUTH GOA,SANGUEM,SANGUEM,Kalay,-,-,-,-,-,-,15.28833333,74.18000000,30-05-2020 08:00,8.267,251,"","",30.5,"",24.85,"","","","","","",8,2.432,31.19,"","","","","","","","","","",""
288,Karanjhalen,CGWB,30,Goa,551,NORTH GOA,TISWADI,TISWADI,Karanjhalen,-,-,-,-,-,-,15.45805556,73.80416667,25-05-2000 00:00,"",305,"","","","",64,"","","","","","","","","","","","","","","","","","","",""
289,Karanjhalen,CGWB,30,Goa,551,NORTH GOA,TISWADI,TISWADI,Karanjhalen,-,-,-,-,-,-,15.45805556,73.80416667,25-05-2001 00:00,"",179,"","",17,13.9,27,"","","","","","","","","","","","","","","","","","","",""
290,Karanjhalen,CGWB,30,Goa,551,NORTH GOA,TISWADI,TISWADI,Karanjhalen,-,-,-,-,-,-,15.45805556,73.80416667,25-05-2002 00:00,"",190,"","","","",37,"","","","","","","","","","","","","","","","","","","",""
291,Karanjhalen,CGWB,30,Goa,551,NORTH GOA,TISWADI,TISWADI,Karanjhalen,-,-,-,-,-,-,15.45805556,73.80416667,25-05-2003 00:00,"",190,"","","","","","","","","","","","","","","","","","","","","","","","",""
292,Karanjhalen,CGWB,30,Goa,551,NORTH GOA,TISWADI,TISWADI,Karanjhalen,-,-,-,-,-,-,15.45805556,73.80416667,25-05-2006 00:00,7.7,233,"","","","",50,"","","","","","","","","","","","","","","","","","","",""
293,Karanjhalen,CGWB,30,Goa,551,NORTH GOA,TISWADI,TISWADI,Karanjhalen,-,-,-,-,-,-,15.45805556,73.80416667,25-05-2009 00:00,7.2,210,"","","","","","","","","","","","","",18,"","","","","","","","","","",""
294,Karanjhalen,CGWB,30,Goa,551,NORTH GOA,TISWADI,TISWADI,Karanjhalen,-,-,-,-,-,-,15.45805556,73.80416667,25-05-2010 00:00,7.2,210,"","","","",43,"","","","","","","","","","","","","","","","","","","",""
295,Karanjhalen,CGWB,30,Goa,551,NORTH GOA,TISWADI,TISWADI,Karanjhalen,-,-,-,-,-,-,15.45805556,73.80416667,25-05-2011 00:00,7.4,250,"",0,49,40.2,43,"",8,"","","",70,22,4,23,"","","","","","","","","","",""
296,Karanjhalen,CGWB,30,Goa,551,NORTH GOA,TISWADI,TISWADI,Karanjhalen,-,-,-,-,-,-,15.45805556,73.80416667,25-05-2012 00:00,7.2,230,"",0,12,9.8,50,"",14,"","","",60,12,7,21,"","","","","","","","","","",""
297,Karanjhalen,CGWB,30,Goa,551,NORTH GOA,TISWADI,TISWADI,Karanjhalen,-,-,-,-,-,-,15.45805556,73.80416667,25-05-2013 00:00,7.7,650,"",0,238,195.1,43,"",46,"","","",240,60,22,37,"","","","","","","","","","",""
298,Karanjhalen,CGWB,30,Goa,551,NORTH GOA,TISWADI,TISWADI,Karanjhalen,-,-,-,-,-,-,15.45805556,73.80416667,25-05-2014 00:00,6.8,430,"",0,134,"",39,"",36,"","","",160,44,12,23,"","","","","","","","","","",""
299,Karanjhalen,CGWB,30,Goa,551,NORTH GOA,TISWADI,TISWADI,Karanjhalen,-,-,-,-,-,-,15.45805556,73.80416667,25-05-2017 00:00,7.81,130,"",0,37,"",28,"",3,"","","",60,10,8,11,"","","","","","","","","","",""
300,Karanjhalen,CGWB,30,Goa,551,NORTH GOA,TISWADI,TISWADI,Karanjhalen,-,-,-,-,-,-,15.45805556,73.80416667,25-05-2018 00:00,7.83,330,0,0,42.7,0,28.4,"",14,"",0,"",40,10,3.648,29.06,"",0,0,"","","","","","","",""
301,Karanjhalen,CGWB,30,Goa,551,NORTH GOA,TISWADI,TISWADI,Karanjhalen,-,-,-,-,-,-,15.45805556,73.80416667,30-05-2019 08:00,9.73,438,"",18,18.3,"",46.15,"","","","","",90,16,12,40.37,"","","","","","","","","","",""
302,Karanjhalen,CGWB,30,Goa,551,NORTH GOA,TISWADI,TISWADI,Karanjhalen,-,-,-,-,-,-,15.45805556,73.80416667,30-05-2020 08:00,9.73,438,"","",18.3,"",46.15,"","","","","","",16,12,40.37,"","","","","","","","","","",""
303,Kaveslium,CGWB,30,Goa,552,SOUTH GOA,SALCETE,SALCETE,Kaveslium,-,-,-,-,-,-,15.18555556,73.94722222,25-05-2013 00:00,7.6,520,"",0,195,159.8,50,"",12,"","","",170,44,14,38,"","","","","","","","","","",""
304,Kaveslium,CGWB,30,Goa,552,SOUTH GOA,SALCETE,SALCETE,Kaveslium,-,-,-,-,-,-,15.18555556,73.94722222,25-05-2014 00:00,7.8,440,"","",146,119.67,28,"",34,"","","",150,44,9.78,28,"","","","","","","","","","",""
305,Kaveslium,CGWB,30,Goa,552,SOUTH GOA,SALCETE,SALCETE,Kaveslium,-,-,-,-,-,-,15.18555556,73.94722222,25-05-2017 00:00,8.04,221,"",0,104,"",21,"",3,"","","",110,32,7,9,"","","","","","","","","","",""
306,Kaveslium,CGWB,30,Goa,552,SOUTH GOA,SALCETE,SALCETE,Kaveslium,-,-,-,-,-,-,15.18555556,73.94722222,25-05-2018 00:00,8.185,250,0,0,85.4,0,10.65,"",11,"",0,"",55,18,2.432,12.7,"",0,0,"","","","","","","",""
307,Khadki(harijanwada),CGWB,30,Goa,551,NORTH GOA,SATARI,SATARI,Khadki(harijanwada),-,-,-,-,-,-,15.48444444,74.14055556,25-05-2000 00:00,"",50,"","","","",14,"","","","","","","","","","","","","","","","","","","",""
308,Khadki(harijanwada),CGWB,30,Goa,551,NORTH GOA,SATARI,SATARI,Khadki(harijanwada),-,-,-,-,-,-,15.48444444,74.14055556,25-05-2001 00:00,"",68,"","",34,27.9,5.7,"","","","","","","","","","","","","","","","","","","",""
309,Khadki(harijanwada),CGWB,30,Goa,551,NORTH GOA,SATARI,SATARI,Khadki(harijanwada),-,-,-,-,-,-,15.48444444,74.14055556,25-05-2003 00:00,"",80,"","","","","","","","","","","","","","","","","","","","","","","","",""
310,Khadki(harijanwada),CGWB,30,Goa,551,NORTH GOA,SATARI,SATARI,Khadki(harijanwada),-,-,-,-,-,-,15.48444444,74.14055556,25-05-2006 00:00,7.4,71,"","","","",7,"","","","","","","","","","","","","","","","","","","",""
311,Khadki(harijanwada),CGWB,30,Goa,551,NORTH GOA,SATARI,SATARI,Khadki(harijanwada),-,-,-,-,-,-,15.48444444,74.14055556,25-05-2007 00:00,7.5,110,"",0,37,11.5,11,"",3,"","","",40,12,2,5,"","","","","","","","","","",""
312,Khadki(harijanwada),CGWB,30,Goa,551,NORTH GOA,SATARI,SATARI,Khadki(harijanwada),-,-,-,-,-,-,15.48444444,74.14055556,25-05-2008 00:00,8.5,1390,"",48,244,270.2,182,"",124,"","","",380,12,85,150,"","","","","","","","","","",""
313,Khadki(harijanwada),CGWB,30,Goa,551,NORTH GOA,SATARI,SATARI,Khadki(harijanwada),-,-,-,-,-,-,15.48444444,74.14055556,25-05-2009 00:00,6.9,60,"","","","","","","","","","","","","",1,"","","","","","","","","","",""
314,Khadki(harijanwada),CGWB,30,Goa,551,NORTH GOA,SATARI,SATARI,Khadki(harijanwada),-,-,-,-,-,-,15.48444444,74.14055556,25-05-2010 00:00,6.9,60,"","","","",21,"","","","","","","","","","","","","","","","","","","",""
315,Khadki(harijanwada),CGWB,30,Goa,551,NORTH GOA,SATARI,SATARI,Khadki(harijanwada),-,-,-,-,-,-,15.48444444,74.14055556,25-05-2011 00:00,7,100,"",0,24,19.7,14,"",2,"","","",20,6,1,13,"","","","","","","","","","",""
316,Khadki(harijanwada),CGWB,30,Goa,551,NORTH GOA,SATARI,SATARI,Khadki(harijanwada),-,-,-,-,-,-,15.48444444,74.14055556,25-05-2012 00:00,7.6,100,"",0,24,19.7,14,"",7,"","","",40,12,2,4,"","","","","","","","","","",""
317,Khadki(harijanwada),CGWB,30,Goa,551,NORTH GOA,SATARI,SATARI,Khadki(harijanwada),-,-,-,-,-,-,15.48444444,74.14055556,25-05-2013 00:00,7.4,"","",0,24,19.7,21,"",4,"","","",40,12,2,6.5,"","","","","","","","","","",""
318,Khadki(harijanwada),CGWB,30,Goa,551,NORTH GOA,SATARI,SATARI,Khadki(harijanwada),-,-,-,-,-,-,15.48444444,74.14055556,25-05-2014 00:00,6.4,140,"","",43,35.25,21,"",1,"","","",30,10,1.23,16,"","","","","","","","","","",""
319,Khadki(harijanwada),CGWB,30,Goa,551,NORTH GOA,SATARI,SATARI,Khadki(harijanwada),-,-,-,-,-,-,15.48444444,74.14055556,25-05-2017 00:00,8.24,51,"",0,12,"",21,"",1,"","","",30,4,5,4,"","","","","","","","","","",""
320,Khadki(harijanwada),CGWB,30,Goa,551,NORTH GOA,SATARI,SATARI,Khadki(harijanwada),-,-,-,-,-,-,15.48444444,74.14055556,25-05-2018 00:00,8.02,50,0,0,12.2,0,10.65,"",1,"",0,"",20,2,3.648,2.71,"",0,0,"","","","","","","",""
321,Khadki(harijanwada),CGWB,30,Goa,551,NORTH GOA,SATARI,SATARI,Khadki(harijanwada),-,-,-,-,-,-,15.48444444,74.14055556,30-05-2019 08:00,7.85,189,"",0,30.5,"",17.75,"","","","","",40,6,6.08,20.33,"","","","","","","","","","",""
322,Khadki(harijanwada),CGWB,30,Goa,551,NORTH GOA,SATARI,SATARI,Khadki(harijanwada),-,-,-,-,-,-,15.48444444,74.14055556,30-05-2020 08:00,7.85,189,"","",30.5,"",17.75,"","","","","","",6,6.08,20.33,"","","","","","","","","","",""
323,Khadki(harijanwada),CGWB,30,Goa,551,NORTH GOA,SATARI,SATARI,Khadki(harijanwada),-,-,-,-,-,-,15.48444444,74.14055556,03-05-2022 14:47,7.64,521,368,0,66,54,24,"",162,0,13,"",45,8,6,102,"","","",0.39,"","","","","","",""
324,Khotodem,CGWB,30,Goa,551,NORTH GOA,SATARI,SATARI,Khotodem,-,-,-,-,-,-,15.48277778,74.13694444,25-05-2013 00:00,7.5,100,"",0,30,24.6,14,"",2,"","","",30,4,5,8,"","","","","","","","","","",""
325,Khotodem,CGWB,30,Goa,551,NORTH GOA,SATARI,SATARI,Khotodem,-,-,-,-,-,-,15.48277778,74.13694444,25-05-2014 00:00,6.8,220,"","",61,50,32,"",8,"","","",50,8,7.3,26,"","","","","","","","","","",""
326,Khotodem,CGWB,30,Goa,551,NORTH GOA,SATARI,SATARI,Khotodem,-,-,-,-,-,-,15.48277778,74.13694444,25-05-2017 00:00,8.22,98,"",0,31,"",21,"",3,"","","",45,10,5,6,"","","","","","","","","","",""
327,Khotodem,CGWB,30,Goa,551,NORTH GOA,SATARI,SATARI,Khotodem,-,-,-,-,-,-,15.48277778,74.13694444,25-05-2018 00:00,9.304,70,0,12,6.1,0,7.1,"",7,"",0,"",30,4,4.864,3.84,"",0,0,"","","","","","","",""
328,Khotodem,CGWB,30,Goa,551,NORTH GOA,SATARI,SATARI,Khotodem,-,-,-,-,-,-,15.48277778,74.13694444,30-05-2019 08:00,7.91,331,"",0,27.45,"",14.2,"","","","","",45,4,8.512,36.65,"","","","","","","","","","",""
329,Khotodem,CGWB,30,Goa,551,NORTH GOA,SATARI,SATARI,Khotodem,-,-,-,-,-,-,15.48277778,74.13694444,30-05-2020 08:00,7.91,331,"","",27.45,"",14.2,"","","","","","",4,8.512,36.65,"","","","","","","","","","",""
330,Korgaon1,CGWB,30,Goa,551,NORTH GOA,PERNEM,PERNEM,Korgaon,-,-,-,-,-,-,15.70805556,73.75138889,25-05-2000 00:00,"",115,"","","","",21,"","","","","","","","","","","","","","","","","","","",""
331,Korgaon1,CGWB,30,Goa,551,NORTH GOA,PERNEM,PERNEM,Korgaon,-,-,-,-,-,-,15.70805556,73.75138889,25-05-2001 00:00,"",50,"","",20,16.4,6.8,"","","","","","","","","","","","","","","","","","","",""
332,Korgaon1,CGWB,30,Goa,551,NORTH GOA,PERNEM,PERNEM,Korgaon,-,-,-,-,-,-,15.70805556,73.75138889,25-05-2003 00:00,"",90,"","","","","","","","","","","","","","","","","","","","","","","","",""
333,Korgaon1,CGWB,30,Goa,551,NORTH GOA,PERNEM,PERNEM,Korgaon,-,-,-,-,-,-,15.70805556,73.75138889,25-05-2006 00:00,8.1,77,"","","","",14,"","","","","","","","","","","","","","","","","","","",""
334,Korgaon1,CGWB,30,Goa,551,NORTH GOA,PERNEM,PERNEM,Korgaon,-,-,-,-,-,-,15.70805556,73.75138889,25-05-2007 00:00,7.9,100,"",0,24,"",14,"",6,"","","",25,4,4,9,"","","","","","","","","","",""
335,Korgaon1,CGWB,30,Goa,551,NORTH GOA,PERNEM,PERNEM,Korgaon,-,-,-,-,-,-,15.70805556,73.75138889,25-05-2008 00:00,8.6,580,"",48,171,220.2,21,"",6,"","","",180,24,29,48,"","","","","","","","","","",""
336,Korgaon1,CGWB,30,Goa,551,NORTH GOA,PERNEM,PERNEM,Korgaon,-,-,-,-,-,-,15.70805556,73.75138889,25-05-2011 00:00,7.1,180,"",0,30,"",39,"",1,"","","",30,8,2,27,"","","","","","","","","","",""
337,Korgaon1,CGWB,30,Goa,551,NORTH GOA,PERNEM,PERNEM,Korgaon,-,-,-,-,-,-,15.70805556,73.75138889,25-05-2013 00:00,7.1,140,"",0,30,"",28,"",4,"","","",40,12,2,12,"","","","","","","","","","",""
338,Korgaon1,CGWB,30,Goa,551,NORTH GOA,PERNEM,PERNEM,Korgaon,-,-,-,-,-,-,15.70805556,73.75138889,25-05-2014 00:00,6.6,120,"",0,18,14.75,28,"",1,"","","",40,6,6.09,8,"","","","","","","","","","",""
339,Korgaon1,CGWB,30,Goa,551,NORTH GOA,PERNEM,PERNEM,Korgaon,-,-,-,-,-,-,15.70805556,73.75138889,25-05-2018 00:00,9.132,70,0,0,18.3,0,14.2,"",1,"",0,"",25,6,2.432,3.9,"",0,0,"","","","","","","",""
340,Kundel Dassolwada,CGWB,30,Goa,551,NORTH GOA,-,-,-,-,-,-,-,-,-,15.45000000,73.95000000,30-05-2019 08:00,8.193,189,"",0,36.6,"",17.75,"","","","","",20,4,2.432,30.42,"","","","","","","","","","",""
341,Kundel Dassolwada,CGWB,30,Goa,551,NORTH GOA,-,-,-,-,-,-,-,-,-,15.45000000,73.95000000,30-05-2020 08:00,8.193,189,"","",36.6,"",17.75,"","","","","","",4,2.432,30.42,"","","","","","","","","","",""
342,Majorda Bpada Curilo,CGWB,30,Goa,552,SOUTH GOA,SALCETE,SALCETE,Majorda Bpada Curilo,-,-,-,-,-,-,15.32444444,73.91777778,25-05-2002 00:00,"",420,"","","","",42,"","","","","","","","","","","","","","","","","","","",""
343,Majorda Bpada Curilo,CGWB,30,Goa,552,SOUTH GOA,SALCETE,SALCETE,Majorda Bpada Curilo,-,-,-,-,-,-,15.32444444,73.91777778,25-05-2007 00:00,7.6,140,"",0,27,9.8,11,"",14,"","","",45,12,4,10,"","","","","","","","","","",""
344,Majorda Bpada Curilo,CGWB,30,Goa,552,SOUTH GOA,SALCETE,SALCETE,Majorda Bpada Curilo,-,-,-,-,-,-,15.32444444,73.91777778,25-05-2008 00:00,8.3,420,"",24,85,109.7,21,"",22,"","","",160,32,19,24,"","","","","","","","","","",""
345,Majorda Bpada Curilo,CGWB,30,Goa,552,SOUTH GOA,SALCETE,SALCETE,Majorda Bpada Curilo,-,-,-,-,-,-,15.32444444,73.91777778,25-05-2011 00:00,7.1,380,"",0,165,135.3,21,"",20,"","","",150,28,19.48,17,"","","","","","","","","","",""
346,Majorda Bpada Curilo,CGWB,30,Goa,552,SOUTH GOA,SALCETE,SALCETE,Majorda Bpada Curilo,-,-,-,-,-,-,15.32444444,73.91777778,25-05-2013 00:00,7.3,210,"",0,24,146.1,43,"",8,"","","",60,16,5,18,"","","","","","","","","","",""
347,Majorda Bpada Curilo,CGWB,30,Goa,552,SOUTH GOA,SALCETE,SALCETE,Majorda Bpada Curilo,-,-,-,-,-,-,15.32444444,73.91777778,25-05-2014 00:00,7,160,"",0,18,14.75,36,"",10,"","","",30,8,2.44,21,"","","","","","","","","","",""
348,Majorda Bpada Curilo,CGWB,30,Goa,552,SOUTH GOA,SALCETE,SALCETE,Majorda Bpada Curilo,-,-,-,-,-,-,15.32444444,73.91777778,25-05-2017 00:00,7.93,292,"",0,85,"",36,"",28,"","","",85,16,11,31,"","","","","","","","","","",""
349,Majorda Bpada Curilo,CGWB,30,Goa,552,SOUTH GOA,SALCETE,SALCETE,Majorda Bpada Curilo,-,-,-,-,-,-,15.32444444,73.91777778,25-05-2018 00:00,8.63,320,0,12,67.1,0,21.3,"",20,"",0,"",50,12,4.864,27.05,"",0,0,"","","","","","","",""
350,Majorda Bpada Curilo,CGWB,30,Goa,552,SOUTH GOA,SALCETE,SALCETE,Majorda Bpada Curilo,-,-,-,-,-,-,15.32444444,73.91777778,04-05-2022 10:52,7.5,302,216,0,61,70,32,"",41,"","","","",20,5,33,"","","",0,"","","","","","",""
351,Malkarnem,CGWB,30,Goa,552,SOUTH GOA,SANGUEM,SANGUEM,Malkarnem,-,-,-,-,-,-,15.17805556,74.15166667,25-05-2013 00:00,7.3,120,"",0,30,24.6,14,"",12,"","","",50,12,5,3,"","","","","","","","","","",""
352,Malkarnem,CGWB,30,Goa,552,SOUTH GOA,SANGUEM,SANGUEM,Malkarnem,-,-,-,-,-,-,15.17805556,74.15166667,25-05-2014 00:00,6.3,170,"","",37,30.33,28,"",8,"","","",60,16,4.88,9,"","","","","","","","","","",""
353,Malkarnem,CGWB,30,Goa,552,SOUTH GOA,SANGUEM,SANGUEM,Malkarnem,-,-,-,-,-,-,15.17805556,74.15166667,25-05-2018 00:00,7.697,70,0,0,24.4,0,10.65,"",4,"",0,"",25,4,3.648,5.03,"",0,0,"","","","","","","",""
354,Mankem,CGWB,30,Goa,551,NORTH GOA,PONDA,PONDA,Mankem,-,-,-,-,-,-,15.30527778,74.04833333,25-05-2014 00:00,5.6,90,"","",24,19.67,14,"",4,"","","",20,4,2.44,10.4,"","","","","","","","","","",""
355,Mankem,CGWB,30,Goa,551,NORTH GOA,PONDA,PONDA,Mankem,-,-,-,-,-,-,15.30527778,74.04833333,25-05-2017 00:00,8.05,129,"",0,43,"",21,"",8,"","","",55,8,8,12,"","","","","","","","","","",""
356,Mankem,CGWB,30,Goa,551,NORTH GOA,PONDA,PONDA,Mankem,-,-,-,-,-,-,15.30527778,74.04833333,25-05-2018 00:00,8.066,220,0,0,30.5,0,49.7,"",7,"",0,"",55,6,9.728,13.48,"",0,0,"","","","","","","",""
357,Mankem,CGWB,30,Goa,551,NORTH GOA,PONDA,PONDA,Mankem,-,-,-,-,-,-,15.30527778,74.04833333,30-05-2019 08:00,7.83,270,"",0,36.6,"",24.85,"","","","","",45,6,7.296,40.11,"","","","","","","","","","",""
358,Mankem,CGWB,30,Goa,551,NORTH GOA,PONDA,PONDA,Mankem,-,-,-,-,-,-,15.30527778,74.04833333,30-05-2020 08:00,7.83,270,"","",36.6,"",24.85,"","","","","","",6,7.296,40.11,"","","","","","","","","","",""
359,Mankem,CGWB,30,Goa,551,NORTH GOA,PONDA,PONDA,Mankem,-,-,-,-,-,-,15.30527778,74.04833333,03-05-2022 15:08,7,118,79,0,31,25,14,"",20,"","","","",10,5,7,"","","",0,"","","","","","",""
360,Mapuca,CGWB,30,Goa,551,NORTH GOA,BARDEZ,BARDEZ,Mapuca,-,-,-,-,-,-,15.60944444,73.82638889,25-05-2000 00:00,"",400,"","","","",105,"","","","","","","","","","","","","","","","","","","",""
361,Mapuca,CGWB,30,Goa,551,NORTH GOA,BARDEZ,BARDEZ,Mapuca,-,-,-,-,-,-,15.60944444,73.82638889,25-05-2001 00:00,"",1114,"","",100,82,236,"","","","","","","","","","","","","","","","","","","",""
362,Mapuca,CGWB,30,Goa,551,NORTH GOA,BARDEZ,BARDEZ,Mapuca,-,-,-,-,-,-,15.60944444,73.82638889,25-05-2003 00:00,"",1910,"","","","","","","","","","","","","","","","","","","","","","","","",""
363,Mapuca,CGWB,30,Goa,551,NORTH GOA,BARDEZ,BARDEZ,Mapuca,-,-,-,-,-,-,15.60944444,73.82638889,25-05-2006 00:00,7.4,75,"","","","",14,"","","","","","","","","","","","","","","","","","","",""
364,Mapuca,CGWB,30,Goa,551,NORTH GOA,BARDEZ,BARDEZ,Mapuca,-,-,-,-,-,-,15.60944444,73.82638889,25-05-2007 00:00,8,540,"",0,46,27.9,128,"",30,"","","",80,12,7,74,"","","","","","","","","","",""
365,Mapuca,CGWB,30,Goa,551,NORTH GOA,BARDEZ,BARDEZ,Mapuca,-,-,-,-,-,-,15.60944444,73.82638889,25-05-2008 00:00,8.4,610,"",36,195,219.8,28,"",30,"","","",110,12,19,90,"","","","","","","","","","",""
366,Mapuca,CGWB,30,Goa,551,NORTH GOA,BARDEZ,BARDEZ,Mapuca,-,-,-,-,-,-,15.60944444,73.82638889,25-05-2009 00:00,6.6,180,"","","","","","","","","","","","","",6,"","","","","","","","","","",""
367,Mapuca,CGWB,30,Goa,551,NORTH GOA,BARDEZ,BARDEZ,Mapuca,-,-,-,-,-,-,15.60944444,73.82638889,25-05-2011 00:00,7.4,210,"",0,49,172.1,28,"",6,"","","",50,12,5,23,"","","","","","","","","","",""
368,Mapuca,CGWB,30,Goa,551,NORTH GOA,BARDEZ,BARDEZ,Mapuca,-,-,-,-,-,-,15.60944444,73.82638889,25-05-2012 00:00,7,380,"",0,61,50,78,"",22,"","","",50,12,5,60,"","","","","","","","","","",""
369,Mapuca,CGWB,30,Goa,551,NORTH GOA,BARDEZ,BARDEZ,Mapuca,-,-,-,-,-,-,15.60944444,73.82638889,25-05-2013 00:00,7.5,320,"",0,24,19.7,78,"",10,"","","",70,20,5,39,"","","","","","","","","","",""
370,Mapuca,CGWB,30,Goa,551,NORTH GOA,BARDEZ,BARDEZ,Mapuca,-,-,-,-,-,-,15.60944444,73.82638889,25-05-2014 00:00,6.5,180,"",0,30,24.59,35,"",10,"","","",30,8,2.44,24,"","","","","","","","","","",""
371,Mapuca,CGWB,30,Goa,551,NORTH GOA,BARDEZ,BARDEZ,Mapuca,-,-,-,-,-,-,15.60944444,73.82638889,25-05-2017 00:00,8.17,267,"",0,24,"",46,"",7,"","","",60,12,7,34,"","","","","","","","","","",""
372,Mapuca,CGWB,30,Goa,551,NORTH GOA,BARDEZ,BARDEZ,Mapuca,-,-,-,-,-,-,15.60944444,73.82638889,25-05-2018 00:00,8.015,260,0,0,12.2,0,24.85,"",4,"",0,"",25,6,2.432,25.4,"",0,0,"","","","","","","",""
373,Mapuca,CGWB,30,Goa,551,NORTH GOA,BARDEZ,BARDEZ,Mapuca,-,-,-,-,-,-,15.60944444,73.82638889,30-05-2019 08:00,8.25,612,"",0,48.8,"",42.6,"","","","","",90,14,13,57.7,"","","","","","","","","","",""
374,Mapuca,CGWB,30,Goa,551,NORTH GOA,BARDEZ,BARDEZ,Mapuca,-,-,-,-,-,-,15.60944444,73.82638889,30-05-2020 08:00,8.25,612,"","",48.8,"",42.6,"","","","","","",14,13,57.7,"","","","","","","","","","",""
375,Mapuca,CGWB,30,Goa,551,NORTH GOA,BARDEZ,BARDEZ,Mapuca,-,-,-,-,-,-,15.60944444,73.82638889,03-05-2022 12:22,6.57,224,145,0,31,25,17,"",35,0,6,"",45,8,6,26,"","","",0,"","","","","","",""
376,Mashe,CGWB,30,Goa,552,SOUTH GOA,-,-,-,-,-,-,-,-,-,14.03000000,74.15000000,30-05-2019 08:00,7.705,241,"",0,24.4,"",21.3,"","","","","",20,6,1.216,41.81,"","","","","","","","","","",""
377,Mashe,CGWB,30,Goa,552,SOUTH GOA,-,-,-,-,-,-,-,-,-,14.03000000,74.15000000,30-05-2020 08:00,7.705,241,"","",24.4,"",21.3,"","","","","","",6,1.216,41.81,"","","","","","","","","","",""
378,Molem,CGWB,30,Goa,552,SOUTH GOA,SANGUEM,SANGUEM,Molem,-,-,-,-,-,-,15.37583333,74.23027778,25-05-2000 00:00,"",40,"","","","",7,"","","","","","","","","","","","","","","","","","","",""
379,Molem,CGWB,30,Goa,552,SOUTH GOA,SANGUEM,SANGUEM,Molem,-,-,-,-,-,-,15.37583333,74.23027778,25-05-2001 00:00,"",90,"","",44,36.1,6.8,"","","","","","","","","","","","","","","","","","","",""
380,Molem,CGWB,30,Goa,552,SOUTH GOA,SANGUEM,SANGUEM,Molem,-,-,-,-,-,-,15.37583333,74.23027778,25-05-2002 00:00,"",125,"","","","",14,"","","","","","","","","","","","","","","","","","","",""
381,Molem,CGWB,30,Goa,552,SOUTH GOA,SANGUEM,SANGUEM,Molem,-,-,-,-,-,-,15.37583333,74.23027778,25-05-2003 00:00,"",120,"","","","","","","","","","","","","","","","","","","","","","","","",""
382,Molem,CGWB,30,Goa,552,SOUTH GOA,SANGUEM,SANGUEM,Molem,-,-,-,-,-,-,15.37583333,74.23027778,25-05-2006 00:00,7.3,86,"","","","",21,"","","","","","","","","","","","","","","","","","","",""
383,Molem,CGWB,30,Goa,552,SOUTH GOA,SANGUEM,SANGUEM,Molem,-,-,-,-,-,-,15.37583333,74.23027778,25-05-2007 00:00,7.6,140,"",0,31,4.9,11,"",10,"","","",50,12,5,6,"","","","","","","","","","",""
384,Molem,CGWB,30,Goa,552,SOUTH GOA,SANGUEM,SANGUEM,Molem,-,-,-,-,-,-,15.37583333,74.23027778,25-05-2009 00:00,7.3,220,"","","","","","","","","","","","","",8,"","","","","","","","","","",""
385,Molem,CGWB,30,Goa,552,SOUTH GOA,SANGUEM,SANGUEM,Molem,-,-,-,-,-,-,15.37583333,74.23027778,25-05-2011 00:00,7.3,240,"",0,49,40.2,50,"",6,"","","",40,12,2,33,"","","","","","","","","","",""
386,Molem,CGWB,30,Goa,552,SOUTH GOA,SANGUEM,SANGUEM,Molem,-,-,-,-,-,-,15.37583333,74.23027778,25-05-2012 00:00,7.1,190,"",0,49,40.2,28,"",8,"","","",60,8,10,14,"","","","","","","","","","",""
387,Molem,CGWB,30,Goa,552,SOUTH GOA,SANGUEM,SANGUEM,Molem,-,-,-,-,-,-,15.37583333,74.23027778,25-05-2013 00:00,7.8,280,"",0,122,100,21,"",8,"","","",120,28,12,8,"","","","","","","","","","",""
388,Molem,CGWB,30,Goa,552,SOUTH GOA,SANGUEM,SANGUEM,Molem,-,-,-,-,-,-,15.37583333,74.23027778,25-05-2014 00:00,7,200,"",0,24,19.67,50,"",4,"","","",50,6,8,20,"","","","","","","","","","",""
389,Molem,CGWB,30,Goa,552,SOUTH GOA,SANGUEM,SANGUEM,Molem,-,-,-,-,-,-,15.37583333,74.23027778,25-05-2017 00:00,8.07,188,"",0,116,"",14,"",1,"","","",105,20,13,5,"","","","","","","","","","",""
390,Molem,CGWB,30,Goa,552,SOUTH GOA,SANGUEM,SANGUEM,Molem,-,-,-,-,-,-,15.37583333,74.23027778,25-05-2018 00:00,8.518,110,0,6,30.5,0,10.65,"",6,"",0,"",40,8,4.864,4.4,"",0,0,"","","","","","","",""
391,Morji,CGWB,30,Goa,551,NORTH GOA,PERNEM,PERNEM,Morji,-,-,-,-,-,-,15.63750000,73.73666667,25-05-2000 00:00,"",185,"","","","",35,"","","","","","","","","","","","","","","","","","","",""
392,Morji,CGWB,30,Goa,551,NORTH GOA,PERNEM,PERNEM,Morji,-,-,-,-,-,-,15.63750000,73.73666667,25-05-2001 00:00,"",100,"","",490,401.6,12,"","","","","","","","","","","","","","","","","","","",""
393,Morji,CGWB,30,Goa,551,NORTH GOA,PERNEM,PERNEM,Morji,-,-,-,-,-,-,15.63750000,73.73666667,25-05-2003 00:00,"",120,"","","","","","","","","","","","","","","","","","","","","","","","",""
394,Morji,CGWB,30,Goa,551,NORTH GOA,PERNEM,PERNEM,Morji,-,-,-,-,-,-,15.63750000,73.73666667,25-05-2006 00:00,7.8,262,"","","","",50,"","","","","","","","","","","","","","","","","","","",""
395,Morji,CGWB,30,Goa,551,NORTH GOA,PERNEM,PERNEM,Morji,-,-,-,-,-,-,15.63750000,73.73666667,25-05-2007 00:00,7.7,150,"",0,43,27.1,21,"",2,"","","",50,16,2,10,"","","","","","","","","","",""
396,Morji,CGWB,30,Goa,551,NORTH GOA,PERNEM,PERNEM,Morji,-,-,-,-,-,-,15.63750000,73.73666667,25-05-2008 00:00,8.2,700,"",0,37,30.3,121,"",96,"","","",190,52,15,70,"","","","","","","","","","",""
397,Morji,CGWB,30,Goa,551,NORTH GOA,PERNEM,PERNEM,Morji,-,-,-,-,-,-,15.63750000,73.73666667,25-05-2009 00:00,7.3,90,"","","","","","","","","","","","","",5,"","","","","","","","","","",""
398,Morji,CGWB,30,Goa,551,NORTH GOA,PERNEM,PERNEM,Morji,-,-,-,-,-,-,15.63750000,73.73666667,25-05-2011 00:00,7.5,120,"",0,30,24.6,14,"",3,"","","",30,6,3.6,12,"","","","","","","","","","",""
399,Morji,CGWB,30,Goa,551,NORTH GOA,PERNEM,PERNEM,Morji,-,-,-,-,-,-,15.63750000,73.73666667,25-05-2012 00:00,7.7,110,"",0,24,81.4,21,"",2,"","","",30,8,2,10,"","","","","","","","","","",""
400,Morji,CGWB,30,Goa,551,NORTH GOA,PERNEM,PERNEM,Morji,-,-,-,-,-,-,15.63750000,73.73666667,25-05-2013 00:00,7.3,190,"",0,30,106.9,28,"",16,"","","",50,16,2,19,"","","","","","","","","","",""
401,Morji,CGWB,30,Goa,551,NORTH GOA,PERNEM,PERNEM,Morji,-,-,-,-,-,-,15.63750000,73.73666667,25-05-2014 00:00,6.7,190,"",0,49,40.16,32,"",5,"","","",60,12,7.31,14,"","","","","","","","","","",""
402,Morji,CGWB,30,Goa,551,NORTH GOA,PERNEM,PERNEM,Morji,-,-,-,-,-,-,15.63750000,73.73666667,25-05-2017 00:00,7.94,188,"",0,67,"",36,"",8,"","","",70,14,8,19,"","","","","","","","","","",""
403,Morji,CGWB,30,Goa,551,NORTH GOA,PERNEM,PERNEM,Morji,-,-,-,-,-,-,15.63750000,73.73666667,25-05-2018 00:00,8.044,160,0,0,54.9,0,21.3,"",6,"",0,"",50,6,8.512,10.73,"",0,0,"","","","","","","",""
404,Morji,CGWB,30,Goa,551,NORTH GOA,PERNEM,PERNEM,Morji,-,-,-,-,-,-,15.63750000,73.73666667,30-05-2019 08:00,7.79,626,"",0,48.8,"",28.4,"","","","","",70,12,10,56.85,"","","","","","","","","","",""
405,Morji,CGWB,30,Goa,551,NORTH GOA,PERNEM,PERNEM,Morji,-,-,-,-,-,-,15.63750000,73.73666667,30-05-2020 08:00,7.79,626,"","",48.8,"",28.4,"","","","","","",12,10,56.85,"","","","","","","","","","",""
406,Morji,CGWB,30,Goa,551,NORTH GOA,PERNEM,PERNEM,Morji,-,-,-,-,-,-,15.63750000,73.73666667,03-05-2022 10:55,7.12,156,90,0,68,56,11,"",8,0,24,"",55,14,5,9,"","","",0,"","","","","","",""
407,Morlem,CGWB,30,Goa,551,NORTH GOA,SATARI,SATARI,Morlem,-,-,-,-,-,-,15.59305556,74.04638889,25-05-2000 00:00,"",45,"","","","",14,"","","","","","","","","","","","","","","","","","","",""
408,Morlem,CGWB,30,Goa,551,NORTH GOA,SATARI,SATARI,Morlem,-,-,-,-,-,-,15.59305556,74.04638889,25-05-2001 00:00,"",42,"","",15,12.3,3.4,"","","","","","","","","","","","","","","","","","","",""
409,Morlem,CGWB,30,Goa,551,NORTH GOA,SATARI,SATARI,Morlem,-,-,-,-,-,-,15.59305556,74.04638889,25-05-2003 00:00,"",70,"","","","","","","","","","","","","","","","","","","","","","","","",""
410,Morlem,CGWB,30,Goa,551,NORTH GOA,SATARI,SATARI,Morlem,-,-,-,-,-,-,15.59305556,74.04638889,25-05-2006 00:00,7.5,58,"","","","",7,"","","","","","","","","","","","","","","","","","","",""
411,Morlem,CGWB,30,Goa,551,NORTH GOA,SATARI,SATARI,Morlem,-,-,-,-,-,-,15.59305556,74.04638889,25-05-2009 00:00,6.8,70,"","","","","","","","","","","","","",4,"","","","","","","","","","",""
412,Morlem,CGWB,30,Goa,551,NORTH GOA,SATARI,SATARI,Morlem,-,-,-,-,-,-,15.59305556,74.04638889,25-05-2011 00:00,7.2,90,"",0,24,19.7,11,"",1,"","","",20,6,1.22,10,"","","","","","","","","","",""
413,Morlem,CGWB,30,Goa,551,NORTH GOA,SATARI,SATARI,Morlem,-,-,-,-,-,-,15.59305556,74.04638889,25-05-2013 00:00,7.1,110,"",0,18,14.8,21,"",4,"","","",30,8,2,9,"","","","","","","","","","",""
414,Morlem,CGWB,30,Goa,551,NORTH GOA,SATARI,SATARI,Morlem,-,-,-,-,-,-,15.59305556,74.04638889,25-05-2014 00:00,6.8,200,"",0,24,19.67,50,"",4,"","","",50,6,8.52,20,"","","","","","","","","","",""
415,Morlem,CGWB,30,Goa,551,NORTH GOA,SATARI,SATARI,Morlem,-,-,-,-,-,-,15.59305556,74.04638889,25-05-2017 00:00,8.26,62,"",0,24,"",18,"",2,"","","",40,4,7,6,"","","","","","","","","","",""
416,Morlem,CGWB,30,Goa,551,NORTH GOA,SATARI,SATARI,Morlem,-,-,-,-,-,-,15.59305556,74.04638889,25-05-2018 00:00,8.32,50,0,0,24.4,0,10.65,"",1,"",0,"",25,4,3.648,4.17,"",0,0,"","","","","","","",""
417,Morlem,CGWB,30,Goa,551,NORTH GOA,SATARI,SATARI,Morlem,-,-,-,-,-,-,15.59305556,74.04638889,30-05-2019 08:00,8.026,191,"",0,30.5,"",17.75,"","","","","",25,6,2.432,24.49,"","","","","","","","","","",""
418,Morlem,CGWB,30,Goa,551,NORTH GOA,SATARI,SATARI,Morlem,-,-,-,-,-,-,15.59305556,74.04638889,30-05-2020 08:00,8.026,191,"","",30.5,"",17.75,"","","","","","",6,2.432,24.49,"","","","","","","","","","",""
419,Mulgaon Shivalkherwad,CGWB,30,Goa,551,NORTH GOA,BICHOLIM,BICHOLIM,Mulgaon Shivalkherwad,-,-,-,-,-,-,15.61361111,73.92638889,25-05-2005 00:00,8,1220,"",0,317,259.8,135,"",50,"","","",260,68,19,161,"","","","","","","","","","",""
420,Mulgaon Shivalkherwad,CGWB,30,Goa,551,NORTH GOA,BICHOLIM,BICHOLIM,Mulgaon Shivalkherwad,-,-,-,-,-,-,15.61361111,73.92638889,25-05-2006 00:00,7.4,89,"","","","",7,"","","","","","","","","","","","","","","","","","","",""
421,Mulgaon Shivalkherwad,CGWB,30,Goa,551,NORTH GOA,BICHOLIM,BICHOLIM,Mulgaon Shivalkherwad,-,-,-,-,-,-,15.61361111,73.92638889,25-05-2007 00:00,7.6,150,"",0,36,6.6,21,"",6,"","","",40,8,5,12,"","","","","","","","","","",""
422,Mulgaon Shivalkherwad,CGWB,30,Goa,551,NORTH GOA,BICHOLIM,BICHOLIM,Mulgaon Shivalkherwad,-,-,-,-,-,-,15.61361111,73.92638889,25-05-2009 00:00,7,60,"","","","","","","","","","","","","",1,"","","","","","","","","","",""
423,Mulgaon Shivalkherwad,CGWB,30,Goa,551,NORTH GOA,BICHOLIM,BICHOLIM,Mulgaon Shivalkherwad,-,-,-,-,-,-,15.61361111,73.92638889,25-05-2011 00:00,7.1,100,"",0,18,14.8,18,"",3,"","","",20,4,2,13,"","","","","","","","","","",""
424,Mulgaon Shivalkherwad,CGWB,30,Goa,551,NORTH GOA,BICHOLIM,BICHOLIM,Mulgaon Shivalkherwad,-,-,-,-,-,-,15.61361111,73.92638889,25-05-2012 00:00,7.5,110,"",0,30,24.6,14,"",7,"","","",40,12,2,6,"","","","","","","","","","",""
425,Mulgaon Shivalkherwad,CGWB,30,Goa,551,NORTH GOA,BICHOLIM,BICHOLIM,Mulgaon Shivalkherwad,-,-,-,-,-,-,15.61361111,73.92638889,25-05-2013 00:00,7.5,130,"",0,24,19.7,28,"",4,"","","",40,8,5,11,"","","","","","","","","","",""
426,Mulgaon Shivalkherwad,CGWB,30,Goa,551,NORTH GOA,BICHOLIM,BICHOLIM,Mulgaon Shivalkherwad,-,-,-,-,-,-,15.61361111,73.92638889,25-05-2014 00:00,6.9,160,"",0,37,30.33,28,"",4,"","","",30,8,2.44,21,"","","","","","","","","","",""
427,Mulgaon Shivalkherwad,CGWB,30,Goa,551,NORTH GOA,BICHOLIM,BICHOLIM,Mulgaon Shivalkherwad,-,-,-,-,-,-,15.61361111,73.92638889,25-05-2017 00:00,8.28,71,"",0,18,"",25,"",2,"","","",35,4,6,7,"","","","","","","","","","",""
428,Mulgaon Shivalkherwad,CGWB,30,Goa,551,NORTH GOA,BICHOLIM,BICHOLIM,Mulgaon Shivalkherwad,-,-,-,-,-,-,15.61361111,73.92638889,25-05-2018 00:00,8.128,70,0,0,18.3,0,8.875,"",1,"",0,"",15,4,1.216,4.89,"",0,0,"","","","","","","",""
429,Mulgaon Shivalkherwad,CGWB,30,Goa,551,NORTH GOA,BICHOLIM,BICHOLIM,Mulgaon Shivalkherwad,-,-,-,-,-,-,15.61361111,73.92638889,30-05-2019 08:00,8.15,236,"",0,30.5,"",17.75,"","","","","",35,10,2.432,26.27,"","","","","","","","","","",""
430,Mulgaon Shivalkherwad,CGWB,30,Goa,551,NORTH GOA,BICHOLIM,BICHOLIM,Mulgaon Shivalkherwad,-,-,-,-,-,-,15.61361111,73.92638889,30-05-2020 08:00,8.15,236,"","",30.5,"",17.75,"","","","","","",10,2.432,26.27,"","","","","","","","","","",""
431,Mulgaon Shivalkherwad,CGWB,30,Goa,551,NORTH GOA,BICHOLIM,BICHOLIM,Mulgaon Shivalkherwad,-,-,-,-,-,-,15.61361111,73.92638889,03-05-2022 11:43,6.8,82,52,0,18,15,11,"",10,0,6,"",30,4,5,5,"","","",0,"","","","","","",""
432,Nagargoan,CGWB,30,Goa,551,NORTH GOA,SATARI,SATARI,Nagargoan,-,-,-,-,-,-,15.56138889,74.16305556,25-05-2014 00:00,6.9,210,"","",61,50,28,"",10,"","","",50,8,7.3,23,"","","","","","","","","","",""
433,Nagargoan,CGWB,30,Goa,551,NORTH GOA,SATARI,SATARI,Nagargoan,-,-,-,-,-,-,15.56138889,74.16305556,25-05-2017 00:00,8.17,70,"",0,24,"",18,"",2,"","","",40,6,6,5,"","","","","","","","","","",""
434,Nagargoan,CGWB,30,Goa,551,NORTH GOA,SATARI,SATARI,Nagargoan,-,-,-,-,-,-,15.56138889,74.16305556,25-05-2018 00:00,8.371,110,0,0,36.6,0,14.2,"",3,"",0,"",40,8,4.864,4.36,"",0,0,"","","","","","","",""
435,Nagargoan,CGWB,30,Goa,551,NORTH GOA,SATARI,SATARI,Nagargoan,-,-,-,-,-,-,15.56138889,74.16305556,30-05-2019 08:00,7.93,283,"",0,24.4,"",17.75,"","","","","",35,6,4.864,31.4,"","","","","","","","","","",""
436,Nagargoan,CGWB,30,Goa,551,NORTH GOA,SATARI,SATARI,Nagargoan,-,-,-,-,-,-,15.56138889,74.16305556,30-05-2020 08:00,7.93,283,"","",24.4,"",17.75,"","","","","","",6,4.864,31.4,"","","","","","","","","","",""
437,Nagjhar,CGWB,30,Goa,551,NORTH GOA,PERNEM,PERNEM,Nagjhar,-,-,-,-,-,-,15.70861111,73.85500000,25-05-2000 00:00,"",70,"","","","",21,"","","","","","","","","","","","","","","","","","","",""
438,Nagjhar,CGWB,30,Goa,551,NORTH GOA,PERNEM,PERNEM,Nagjhar,-,-,-,-,-,-,15.70861111,73.85500000,25-05-2007 00:00,7.8,110,"",0,27,4.9,14,"",10,"","","",40,10,4,5,"","","","","","","","","","",""
439,Nagjhar,CGWB,30,Goa,551,NORTH GOA,PERNEM,PERNEM,Nagjhar,-,-,-,-,-,-,15.70861111,73.85500000,25-05-2008 00:00,8.2,700,"",0,232,190.2,64,"",10,"","","",210,24,36,55,"","","","","","","","","","",""
440,Nagjhar,CGWB,30,Goa,551,NORTH GOA,PERNEM,PERNEM,Nagjhar,-,-,-,-,-,-,15.70861111,73.85500000,25-05-2009 00:00,6.9,230,"","","","","","","","","","","","","",3,"","","","","","","","","","",""
441,Nagjhar,CGWB,30,Goa,551,NORTH GOA,PERNEM,PERNEM,Nagjhar,-,-,-,-,-,-,15.70861111,73.85500000,25-05-2011 00:00,6.9,330,"",0,72,59,65,"",4,"","","",80,24,5,37,"","","","","","","","","","",""
442,Nagjhar,CGWB,30,Goa,551,NORTH GOA,PERNEM,PERNEM,Nagjhar,-,-,-,-,-,-,15.70861111,73.85500000,25-05-2013 00:00,7.7,120,"",0,18,76.5,21,"",4,"","","",40,12,2,8,"","","","","","","","","","",""
443,Nagjhar,CGWB,30,Goa,551,NORTH GOA,PERNEM,PERNEM,Nagjhar,-,-,-,-,-,-,15.70861111,73.85500000,25-05-2014 00:00,7,130,"",0,18,14.75,25,"",2,"","","",50,6,8.52,5,"","","","","","","","","","",""
444,Nagjhar,CGWB,30,Goa,551,NORTH GOA,PERNEM,PERNEM,Nagjhar,-,-,-,-,-,-,15.70861111,73.85500000,25-05-2017 00:00,8.12,160,"",0,12,"",21,"",3,"","","",35,6,5,8,"","","","","","","","","","",""
445,Nagjhar,CGWB,30,Goa,551,NORTH GOA,PERNEM,PERNEM,Nagjhar,-,-,-,-,-,-,15.70861111,73.85500000,25-05-2018 00:00,8.668,90,0,0,18.3,0,12.425,"",1,"",0,"",25,4,3.648,6.42,"",0,0,"","","","","","","",""
446,Nagjhar,CGWB,30,Goa,551,NORTH GOA,PERNEM,PERNEM,Nagjhar,-,-,-,-,-,-,15.70861111,73.85500000,30-05-2019 08:00,8.24,342,"",0,24.4,"",21.3,"","","","","",40,4,7.296,32.42,"","","","","","","","","","",""
447,Nagjhar,CGWB,30,Goa,551,NORTH GOA,PERNEM,PERNEM,Nagjhar,-,-,-,-,-,-,15.70861111,73.85500000,30-05-2020 08:00,8.24,342,"","",24.4,"",21.3,"","","","","","",4,7.296,32.42,"","","","","","","","","","",""
448,Nagjhar,CGWB,30,Goa,551,NORTH GOA,PERNEM,PERNEM,Nagjhar,-,-,-,-,-,-,15.70861111,73.85500000,03-05-2022 11:05,6.36,84,59,0,31,25,6,"",5,0,7,"",35,8,4,4,"","","",0,"","","","","","",""
449,Navelim,CGWB,30,Goa,552,SOUTH GOA,SALCETE,SALCETE,Navelim,-,-,-,-,-,-,15.25444444,73.96722222,25-05-2001 00:00,"",86,"","",44,36.1,6.8,"","","","","","","","","","","","","","","","","","","",""
450,Navelim,CGWB,30,Goa,552,SOUTH GOA,SALCETE,SALCETE,Navelim,-,-,-,-,-,-,15.25444444,73.96722222,25-05-2011 00:00,7.5,330,"",0,18,14.8,99,"",4,"","","",70,20,5,41,"","","","","","","","","","",""
451,Navelim,CGWB,30,Goa,552,SOUTH GOA,SALCETE,SALCETE,Navelim,-,-,-,-,-,-,15.25444444,73.96722222,25-05-2013 00:00,7.2,170,"",0,24,19.7,35,"",4,"","","",40,8,5,19,"","","","","","","","","","",""
452,Navelim,CGWB,30,Goa,552,SOUTH GOA,SALCETE,SALCETE,Navelim,-,-,-,-,-,-,15.25444444,73.96722222,25-05-2014 00:00,6.9,210,"","",37,30.33,43,"",10,"","","",50,12,4.88,23,"","","","","","","","","","",""
453,Navelim,CGWB,30,Goa,552,SOUTH GOA,SALCETE,SALCETE,Navelim,-,-,-,-,-,-,15.25444444,73.96722222,25-05-2017 00:00,8.19,163,"",0,18,"",39,"",4,"","","",45,4,8,19,"","","","","","","","","","",""
454,Navelim,CGWB,30,Goa,552,SOUTH GOA,SALCETE,SALCETE,Navelim,-,-,-,-,-,-,15.25444444,73.96722222,25-05-2018 00:00,7.62,160,0,0,24.4,0,17.75,"",4,"",0,"",20,4,2.432,18.09,"",0,0,"","","","","","","",""
455,Netrolim,CGWB,30,Goa,552,SOUTH GOA,SANGUEM,SANGUEM,Netrolim,-,-,-,-,-,-,15.08944444,74.21666667,25-05-2002 00:00,"",80,"","","","",11,"","","","","","","","","","","","","","","","","","","",""
456,Netrolim,CGWB,30,Goa,552,SOUTH GOA,SANGUEM,SANGUEM,Netrolim,-,-,-,-,-,-,15.08944444,74.21666667,25-05-2003 00:00,"",110,"","","","","","","","","","","","","","","","","","","","","","","","",""
457,Netrolim,CGWB,30,Goa,552,SOUTH GOA,SANGUEM,SANGUEM,Netrolim,-,-,-,-,-,-,15.08944444,74.21666667,25-05-2006 00:00,7.3,118,"","","","",25,"","","","","","","","","","","","","","","","","","","",""
458,Netrolim,CGWB,30,Goa,552,SOUTH GOA,SANGUEM,SANGUEM,Netrolim,-,-,-,-,-,-,15.08944444,74.21666667,25-05-2007 00:00,7.8,100,"",0,37,14.8,7,"",2,"","","",35,12,1,6,"","","","","","","","","","",""
459,Netrolim,CGWB,30,Goa,552,SOUTH GOA,SANGUEM,SANGUEM,Netrolim,-,-,-,-,-,-,15.08944444,74.21666667,25-05-2009 00:00,6.9,110,"","","","","","","","","","","","","",8,"","","","","","","","","","",""
460,Netrolim,CGWB,30,Goa,552,SOUTH GOA,SANGUEM,SANGUEM,Netrolim,-,-,-,-,-,-,15.08944444,74.21666667,25-05-2011 00:00,7.5,330,"",0,18,14.8,99,"",4,"","","",70,20,5,41,"","","","","","","","","","",""
461,Netrolim,CGWB,30,Goa,552,SOUTH GOA,SANGUEM,SANGUEM,Netrolim,-,-,-,-,-,-,15.08944444,74.21666667,25-05-2012 00:00,7.9,150,"",0,55,45.1,14,"",8,"","","",60,20,2,6,"","","","","","","","","","",""
462,Netrolim,CGWB,30,Goa,552,SOUTH GOA,SANGUEM,SANGUEM,Netrolim,-,-,-,-,-,-,15.08944444,74.21666667,25-05-2013 00:00,7.4,180,"",0,55,"",21,"",10,"","","",50,8,7,16,"","","","","","","","","","",""
463,Netrolim,CGWB,30,Goa,552,SOUTH GOA,SANGUEM,SANGUEM,Netrolim,-,-,-,-,-,-,15.08944444,74.21666667,25-05-2014 00:00,6.6,160,"",0,49,40.16,21,"",8,"","","",60,16,4.88,8.4,"","","","","","","","","","",""
464,Netrolim,CGWB,30,Goa,552,SOUTH GOA,SANGUEM,SANGUEM,Netrolim,-,-,-,-,-,-,15.08944444,74.21666667,25-05-2017 00:00,7.82,210,"",0,49,"",36,"",11,"","","",75,16,8,17,"","","","","","","","","","",""
465,Netrolim,CGWB,30,Goa,552,SOUTH GOA,SANGUEM,SANGUEM,Netrolim,-,-,-,-,-,-,15.08944444,74.21666667,25-05-2018 00:00,8.386,80,0,0,30.5,0,8.875,"",2,"",0,"",25,5,3.04,3.49,"",0,0,"","","","","","","",""
466,Netrolim,CGWB,30,Goa,552,SOUTH GOA,SANGUEM,SANGUEM,Netrolim,-,-,-,-,-,-,15.08944444,74.21666667,30-05-2019 08:00,7.568,325,"",0,91.5,"",14.2,"","","","","",80,20,7.296,36.21,"","","","","","","","","","",""
467,Netrolim,CGWB,30,Goa,552,SOUTH GOA,SANGUEM,SANGUEM,Netrolim,-,-,-,-,-,-,15.08944444,74.21666667,30-05-2020 08:00,7.568,325,"","",91.5,"",14.2,"","","","","","",20,7.296,36.21,"","","","","","","","","","",""
468,Netrolim,CGWB,30,Goa,552,SOUTH GOA,SANGUEM,SANGUEM,Netrolim,-,-,-,-,-,-,15.08944444,74.21666667,03-05-2022 16:39,6.82,141,98,0,47,39,14,"",20,"","","",39,16,6,4,"","","",0,"","","","","","",""
469,Olaulim,CGWB,30,Goa,551,NORTH GOA,BARDEZ,BARDEZ,Olaulim,-,-,-,-,-,-,15.56944444,73.86333333,25-05-2014 00:00,7,240,"","",24,19.67,50,"",20,"","","",60,8,9.73,25,"","","","","","","","","","",""
470,Olaulim,CGWB,30,Goa,551,NORTH GOA,BARDEZ,BARDEZ,Olaulim,-,-,-,-,-,-,15.56944444,73.86333333,25-05-2017 00:00,8.08,92,"",0,37,"",21,"",1,"","","",45,12,4,5,"","","","","","","","","","",""
471,Olaulim,CGWB,30,Goa,551,NORTH GOA,BARDEZ,BARDEZ,Olaulim,-,-,-,-,-,-,15.56944444,73.86333333,25-05-2018 00:00,8.023,70,0,0,18.3,0,10.65,"",2,"",0,"",20,2,3.648,6.5,"",0,0,"","","","","","","",""
472,Olaulim,CGWB,30,Goa,551,NORTH GOA,BARDEZ,BARDEZ,Olaulim,-,-,-,-,-,-,15.56944444,73.86333333,30-05-2019 08:00,8.23,301,"",0,30.5,"",21.3,"","","","","",35,6,4.864,33.96,"","","","","","","","","","",""
473,Olaulim,CGWB,30,Goa,551,NORTH GOA,BARDEZ,BARDEZ,Olaulim,-,-,-,-,-,-,15.56944444,73.86333333,30-05-2020 08:00,8.23,301,"","",30.5,"",21.3,"","","","","","",6,4.864,33.96,"","","","","","","","","","",""
474,Padi,CGWB,30,Goa,552,SOUTH GOA,SALCETE,SALCETE,Padi,-,-,-,-,-,-,15.09277778,74.03055556,25-05-2013 00:00,7.4,170,"",0,49,40.2,28,"",2,"","","",40,12,2,19,"","","","","","","","","","",""
475,Padi,CGWB,30,Goa,552,SOUTH GOA,SALCETE,SALCETE,Padi,-,-,-,-,-,-,15.09277778,74.03055556,25-05-2014 00:00,7.1,140,"","",37,30.33,21,"",4,"","","",50,16,2.45,7.2,"","","","","","","","","","",""
476,Padi,CGWB,30,Goa,552,SOUTH GOA,SALCETE,SALCETE,Padi,-,-,-,-,-,-,15.09277778,74.03055556,25-05-2017 00:00,7.96,91,"",0,49,"",14,"",1,"","","",55,10,7,6,"","","","","","","","","","",""
477,Padi,CGWB,30,Goa,552,SOUTH GOA,SALCETE,SALCETE,Padi,-,-,-,-,-,-,15.09277778,74.03055556,25-05-2018 00:00,7.965,90,0,0,42.7,0,7.1,"",2,"",0,"",30,6,3.648,5.45,"",0,0,"","","","","","","",""
478,Padi,CGWB,30,Goa,552,SOUTH GOA,SALCETE,SALCETE,Padi,-,-,-,-,-,-,15.09277778,74.03055556,30-05-2019 08:00,7.542,204,"",0,54.9,"",14.2,"","","","","",60,12,7.296,24.22,"","","","","","","","","","",""
479,Padi,CGWB,30,Goa,552,SOUTH GOA,SALCETE,SALCETE,Padi,-,-,-,-,-,-,15.09277778,74.03055556,30-05-2020 08:00,7.542,204,"","",54.9,"",14.2,"","","","","","",12,7.296,24.22,"","","","","","","","","","",""
480,Padi,CGWB,30,Goa,552,SOUTH GOA,SALCETE,SALCETE,Padi,-,-,-,-,-,-,15.09277778,74.03055556,04-05-2022 10:41,6.93,94,63,0,38,40,11,"","","","","","",8,5,5,"","","",0,"","","","","","",""
481,Panchawadi(pz),CGWB,30,Goa,551,NORTH GOA,PONDA,PONDA,Panchawadi(pz),-,-,-,-,-,-,15.28250000,74.09583333,25-05-2009 00:00,6.6,70,"","","","","","","","","","","","","",8,"","","","","","","","","","",""
482,Panchawadi(pz),CGWB,30,Goa,551,NORTH GOA,PONDA,PONDA,Panchawadi(pz),-,-,-,-,-,-,15.28250000,74.09583333,25-05-2014 00:00,6.9,150,"",0,30,"",32,"",2,"","","",40,4,7,15,"","","","","","","","","","",""
483,Panchawadi(pz),CGWB,30,Goa,551,NORTH GOA,PONDA,PONDA,Panchawadi(pz),-,-,-,-,-,-,15.28250000,74.09583333,25-05-2017 00:00,8.21,59,"",0,18,"",14,"",0,"","","",20,2,4,6,"","","","","","","","","","",""
484,Panchawadi(pz),CGWB,30,Goa,551,NORTH GOA,PONDA,PONDA,Panchawadi(pz),-,-,-,-,-,-,15.28250000,74.09583333,30-05-2019 08:00,8.205,185,"",0,36.6,"",17.75,"","","","","",25,6,2,26.42,"","","","","","","","","","",""
485,Panchawadi(pz),CGWB,30,Goa,551,NORTH GOA,PONDA,PONDA,Panchawadi(pz),-,-,-,-,-,-,15.28250000,74.09583333,30-05-2020 08:00,8.205,185,"","",36.6,"",17.75,"","","","","","",6,2,26.42,"","","","","","","","","","",""
486,Parra,CGWB,30,Goa,551,NORTH GOA,BARDEZ,BARDEZ,Parra,-,-,-,-,-,-,15.57277778,73.79250000,25-05-2014 00:00,7,420,"","",122,100,60,"",22,"","","",100,28,7.33,47,"","","","","","","","","","",""
487,Parra,CGWB,30,Goa,551,NORTH GOA,BARDEZ,BARDEZ,Parra,-,-,-,-,-,-,15.57277778,73.79250000,25-05-2017 00:00,8.18,387,"",0,128,"",46,"",35,"","","",125,28,13,34,"","","","","","","","","","",""
488,Parra,CGWB,30,Goa,551,NORTH GOA,BARDEZ,BARDEZ,Parra,-,-,-,-,-,-,15.57277778,73.79250000,25-05-2018 00:00,8.127,370,0,0,122,0,39.05,"",22,"",0,"",95,18,12.16,26.4,"",0,0,"","","","","","","",""
489,Parra,CGWB,30,Goa,551,NORTH GOA,BARDEZ,BARDEZ,Parra,-,-,-,-,-,-,15.57277778,73.79250000,30-05-2019 08:00,7.845,501,"",0,128.1,"",46.15,"","","","","",125,28,13.376,39.4,"","","","","","","","","","",""
490,Parra,CGWB,30,Goa,551,NORTH GOA,BARDEZ,BARDEZ,Parra,-,-,-,-,-,-,15.57277778,73.79250000,30-05-2020 08:00,7.845,501,"","",128.1,"",46.15,"","","","","","",28,13.376,39.4,"","","","","","","","","","",""
491,Parra,CGWB,30,Goa,551,NORTH GOA,BARDEZ,BARDEZ,Parra,-,-,-,-,-,-,15.57277778,73.79250000,03-05-2022 10:14,7.47,365,220,0,119,98,39,"",38,0.15,13,"",145,36,13,14,"","","",0,"","","","","","",""
492,Pernem,CGWB,30,Goa,551,NORTH GOA,PERNEM,PERNEM,Pernem,-,-,-,-,-,-,15.71750000,73.79888889,25-05-2000 00:00,"",110,"","","","",21,"","","","","","","","","","","","","","","","","","","",""
493,Pernem,CGWB,30,Goa,551,NORTH GOA,PERNEM,PERNEM,Pernem,-,-,-,-,-,-,15.71750000,73.79888889,25-05-2003 00:00,"",130,"","","","","","","","","","","","","","","","","","","","","","","","",""
494,Pernem,CGWB,30,Goa,551,NORTH GOA,PERNEM,PERNEM,Pernem,-,-,-,-,-,-,15.71750000,73.79888889,25-05-2006 00:00,7.5,106,"","","","",14,"","","","","","","","","","","","","","","","","","","",""
495,Pernem,CGWB,30,Goa,551,NORTH GOA,PERNEM,PERNEM,Pernem,-,-,-,-,-,-,15.71750000,73.79888889,25-05-2008 00:00,8,490,"",0,61,50,71,"",30,"","","",70,16,7,52,"","","","","","","","","","",""
496,Pernem,CGWB,30,Goa,551,NORTH GOA,PERNEM,PERNEM,Pernem,-,-,-,-,-,-,15.71750000,73.79888889,25-05-2009 00:00,7.1,140,"","","","","","","","","","","","","",4,"","","","","","","","","","",""
497,Pernem,CGWB,30,Goa,551,NORTH GOA,PERNEM,PERNEM,Pernem,-,-,-,-,-,-,15.71750000,73.79888889,25-05-2011 00:00,7,200,"",0,49,40.2,35,"",2,"","","",60,20,2,17,"","","","","","","","","","",""
498,Pernem,CGWB,30,Goa,551,NORTH GOA,PERNEM,PERNEM,Pernem,-,-,-,-,-,-,15.71750000,73.79888889,25-05-2012 00:00,8,140,"",0,12,92.2,28,"",12,"","","",40,12,2,10,"","","","","","","","","","",""
499,Pernem,CGWB,30,Goa,551,NORTH GOA,PERNEM,PERNEM,Pernem,-,-,-,-,-,-,15.71750000,73.79888889,25-05-2013 00:00,7,160,"",0,49,101.9,21,"",4,"","","",60,12,7,8,"","","","","","","","","","",""
500,Pernem,CGWB,30,Goa,551,NORTH GOA,PERNEM,PERNEM,Pernem,-,-,-,-,-,-,15.71750000,73.79888889,25-05-2014 00:00,7,170,"",0,49,40.16,28,"",3,"","","",50,8,7.3,14,"","","","","","","","","","",""
501,Pernem,CGWB,30,Goa,551,NORTH GOA,PERNEM,PERNEM,Pernem,-,-,-,-,-,-,15.71750000,73.79888889,25-05-2017 00:00,7.14,224,"",0,49,"",53,"",12,"","","",95,20,11,15,"","","","","","","","","","",""
502,Pernem,CGWB,30,Goa,551,NORTH GOA,PERNEM,PERNEM,Pernem,-,-,-,-,-,-,15.71750000,73.79888889,30-05-2019 08:00,7.594,453,"",0,73.2,"",21.3,"","","","","",75,18,7,38.31,"","","","","","","","","","",""
503,Pernem,CGWB,30,Goa,551,NORTH GOA,PERNEM,PERNEM,Pernem,-,-,-,-,-,-,15.71750000,73.79888889,30-05-2020 08:00,7.594,453,"","",73.2,"",21.3,"","","","","","",18,7,38.31,"","","","","","","","","","",""
504,Pernem,CGWB,30,Goa,551,NORTH GOA,PERNEM,PERNEM,Pernem,-,-,-,-,-,-,15.71750000,73.79888889,03-05-2022 10:59,7.22,142,87,0,56,46,10,"",10,0,18,"",50,12,5,7,"","","",0,"","","","","","",""
505,Pirna,CGWB,30,Goa,551,NORTH GOA,BARDEZ,BARDEZ,Pirna,-,-,-,-,-,-,15.66833333,73.88138889,25-05-2013 00:00,7.4,120,"",0,18,14.8,28,"",2,"","","",40,12,2,8,"","","","","","","","","","",""
506,Pirna,CGWB,30,Goa,551,NORTH GOA,BARDEZ,BARDEZ,Pirna,-,-,-,-,-,-,15.66833333,73.88138889,25-05-2014 00:00,7.1,80,"","",12,9.84,14,"",4,"","","",20,4,2.44,8,"","","","","","","","","","",""
507,Pirna,CGWB,30,Goa,551,NORTH GOA,BARDEZ,BARDEZ,Pirna,-,-,-,-,-,-,15.66833333,73.88138889,25-05-2017 00:00,8.27,72,"",0,12,"",18,"",2,"","","",30,8,2,5,"","","","","","","","","","",""
508,Pirna,CGWB,30,Goa,551,NORTH GOA,BARDEZ,BARDEZ,Pirna,-,-,-,-,-,-,15.66833333,73.88138889,25-05-2018 00:00,8.212,60,0,0,24.4,0,7.1,"",2,"",0,"",20,4,2.432,4.61,"",0,0,"","","","","","","",""
509,Pirna,CGWB,30,Goa,551,NORTH GOA,BARDEZ,BARDEZ,Pirna,-,-,-,-,-,-,15.66833333,73.88138889,30-05-2019 08:00,6.95,121,"",0,18.3,"",14.2,"","","","","",20,4,2.432,15.44,"","","","","","","","","","",""
510,Pirna,CGWB,30,Goa,551,NORTH GOA,BARDEZ,BARDEZ,Pirna,-,-,-,-,-,-,15.66833333,73.88138889,30-05-2020 08:00,6.95,121,"","",18.3,"",14.2,"","","","","","",4,2.432,15.44,"","","","","","","","","","",""
511,Pirna,CGWB,30,Goa,551,NORTH GOA,BARDEZ,BARDEZ,Pirna,-,-,-,-,-,-,15.66833333,73.88138889,03-05-2022 11:32,6.82,476,318,0,61,50,18,"",158,0,6,"",20,4,2,97,"","","",0,"","","","","","",""
512,Polem(polen),CGWB,30,Goa,552,SOUTH GOA,CANACONA,CANACONA,Polem(polen),-,-,-,-,-,-,14.91083333,74.08638889,25-05-2000 00:00,"",430,"","","","",113,"","","","","","","","","","","","","","","","","","","",""
513,Polem(polen),CGWB,30,Goa,552,SOUTH GOA,CANACONA,CANACONA,Polem(polen),-,-,-,-,-,-,14.91083333,74.08638889,25-05-2001 00:00,"",352,"","",120,98.4,40,"","","","","","","","","","","","","","","","","","","",""
514,Polem(polen),CGWB,30,Goa,552,SOUTH GOA,CANACONA,CANACONA,Polem(polen),-,-,-,-,-,-,14.91083333,74.08638889,25-05-2002 00:00,"",350,"","","","",45,"","","","","","","","","","","","","","","","","","","",""
515,Polem(polen),CGWB,30,Goa,552,SOUTH GOA,CANACONA,CANACONA,Polem(polen),-,-,-,-,-,-,14.91083333,74.08638889,25-05-2006 00:00,7.6,367,"","","","",54,"","","","","","","","","","","","","","","","","","","",""
516,Polem(polen),CGWB,30,Goa,552,SOUTH GOA,CANACONA,CANACONA,Polem(polen),-,-,-,-,-,-,14.91083333,74.08638889,25-05-2008 00:00,8.2,300,"",0,49,40.2,43,"",12,"","","",90,28,5,25,"","","","","","","","","","",""
517,Polem(polen),CGWB,30,Goa,552,SOUTH GOA,CANACONA,CANACONA,Polem(polen),-,-,-,-,-,-,14.91083333,74.08638889,25-05-2009 00:00,8.2,410,"","","","","","","","","","","","","",11,"","","","","","","","","","",""
518,Polem(polen),CGWB,30,Goa,552,SOUTH GOA,CANACONA,CANACONA,Polem(polen),-,-,-,-,-,-,14.91083333,74.08638889,25-05-2012 00:00,7.5,110,"",0,24,19.7,14,"",11,"","","",40,4,7,6,"","","","","","","","","","",""
519,Polem(polen),CGWB,30,Goa,552,SOUTH GOA,CANACONA,CANACONA,Polem(polen),-,-,-,-,-,-,14.91083333,74.08638889,25-05-2013 00:00,7.8,420,"",0,152,124.6,43,"",15,"","","",130,20,19,34,"","","","","","","","","","",""
520,Polem(polen),CGWB,30,Goa,552,SOUTH GOA,CANACONA,CANACONA,Polem(polen),-,-,-,-,-,-,14.91083333,74.08638889,25-05-2014 00:00,6.9,430,"",0,152,124.59,50,"",14,"","","",110,28,9.76,46,"","","","","","","","","","",""
521,Polem(polen),CGWB,30,Goa,552,SOUTH GOA,CANACONA,CANACONA,Polem(polen),-,-,-,-,-,-,14.91083333,74.08638889,30-05-2019 08:00,8.31,443,"",24,122,"",39.05,"","","","","",140,22,20.672,37.81,"","","","","","","","","","",""
522,Polem(polen),CGWB,30,Goa,552,SOUTH GOA,CANACONA,CANACONA,Polem(polen),-,-,-,-,-,-,14.91083333,74.08638889,30-05-2020 08:00,8.31,443,"","",122,"",39.05,"","","","","","",22,20.672,37.81,"","","","","","","","","","",""
523,Polem(polen),CGWB,30,Goa,552,SOUTH GOA,CANACONA,CANACONA,Polem(polen),-,-,-,-,-,-,14.91083333,74.08638889,04-05-2022 10:02,7.25,"",109,0,43,111,25,"",22,3,"","","",22,17,19,"","","",0,"","","","","","",""
524,Pomburpa Palmar,CGWB,30,Goa,551,NORTH GOA,-,-,-,-,-,-,-,-,-,15.56000000,73.87000000,30-05-2019 08:00,8.24,396,"",0,36.6,"",31.95,"","","","","",50,8,7,45.75,"","","","","","","","","","",""
525,Pomburpa Palmar,CGWB,30,Goa,551,NORTH GOA,-,-,-,-,-,-,-,-,-,15.56000000,73.87000000,30-05-2020 08:00,8.24,396,"","",36.6,"",31.95,"","","","","","",8,7,45.75,"","","","","","","","","","",""
526,Ponda(pz),CGWB,30,Goa,551,NORTH GOA,PONDA,PONDA,Ponda(pz),-,-,-,-,-,-,15.39083333,74.00027778,25-05-2009 00:00,7.2,120,"","","","","","","","","","","","","",2,"","","","","","","","","","",""
527,Ponquini,CGWB,30,Goa,552,SOUTH GOA,CANACONA,CANACONA,Ponquini,-,-,-,-,-,-,14.97527778,74.09527778,25-05-2000 00:00,"",110,"","","","",21,"","","","","","","","","","","","","","","","","","","",""
528,Quepem,CGWB,30,Goa,552,SOUTH GOA,QUEPEM,QUEPEM,Quepem,-,-,-,-,-,-,15.21694444,74.08138889,25-05-2000 00:00,"",80,"","","","",14,"","","","","","","","","","","","","","","","","","","",""
529,Quepem,CGWB,30,Goa,552,SOUTH GOA,QUEPEM,QUEPEM,Quepem,-,-,-,-,-,-,15.21694444,74.08138889,25-05-2001 00:00,"",106,"","",39,32,8,"","","","","","","","","","","","","","","","","","","",""
530,Quepem,CGWB,30,Goa,552,SOUTH GOA,QUEPEM,QUEPEM,Quepem,-,-,-,-,-,-,15.21694444,74.08138889,25-05-2002 00:00,"",85,"","","","",17,"","","","","","","","","","","","","","","","","","","",""
531,Quepem,CGWB,30,Goa,552,SOUTH GOA,QUEPEM,QUEPEM,Quepem,-,-,-,-,-,-,15.21694444,74.08138889,25-05-2003 00:00,"",110,"","","","","","","","","","","","","","","","","","","","","","","","",""
532,Quepem,CGWB,30,Goa,552,SOUTH GOA,QUEPEM,QUEPEM,Quepem,-,-,-,-,-,-,15.21694444,74.08138889,25-05-2006 00:00,7.8,125,"","","","",21,"","","","","","","","","","","","","","","","","","","",""
533,Quepem,CGWB,30,Goa,552,SOUTH GOA,QUEPEM,QUEPEM,Quepem,-,-,-,-,-,-,15.21694444,74.08138889,25-05-2007 00:00,8,100,"",0,37,6.6,7,"",1,"","","",35,8,4,5,"","","","","","","","","","",""
534,Quepem,CGWB,30,Goa,552,SOUTH GOA,QUEPEM,QUEPEM,Quepem,-,-,-,-,-,-,15.21694444,74.08138889,25-05-2012 00:00,7.8,140,"",0,30,86.4,21,"",10,"","","",50,16,2,7,"","","","","","","","","","",""
535,Quepem,CGWB,30,Goa,552,SOUTH GOA,QUEPEM,QUEPEM,Quepem,-,-,-,-,-,-,15.21694444,74.08138889,25-05-2013 00:00,7.7,120,"",0,43,35.3,14,"",1,"","","",50,16,2,4,"","","","","","","","","","",""
536,Quepem,CGWB,30,Goa,552,SOUTH GOA,QUEPEM,QUEPEM,Quepem,-,-,-,-,-,-,15.21694444,74.08138889,25-05-2017 00:00,7.92,110,"",0,43,"",18,"",5,"","","",60,8,10,6,"","","","","","","","","","",""
537,Quepem,CGWB,30,Goa,552,SOUTH GOA,QUEPEM,QUEPEM,Quepem,-,-,-,-,-,-,15.21694444,74.08138889,25-05-2018 00:00,8.024,110,0,0,30.5,0,10.65,"",8,"",0,"",40,6,6.08,3.84,"",0,0,"","","","","","","",""
538,Quepem,CGWB,30,Goa,552,SOUTH GOA,QUEPEM,QUEPEM,Quepem,-,-,-,-,-,-,15.21694444,74.08138889,30-05-2019 08:00,7.81,406,"",0,48.8,"",17.75,"","","","","",45,12,3.648,60.75,"","","","","","","","","","",""
539,Quepem,CGWB,30,Goa,552,SOUTH GOA,QUEPEM,QUEPEM,Quepem,-,-,-,-,-,-,15.21694444,74.08138889,30-05-2020 08:00,7.81,406,"","",48.8,"",17.75,"","","","","","",12,3.648,60.75,"","","","","","","","","","",""
540,Revona,CGWB,30,Goa,552,SOUTH GOA,SANGUEM,SANGUEM,Revona,-,-,-,-,-,-,15.16416667,74.10666667,25-05-2013 00:00,7.6,140,"",0,30,24.6,21,"",4,"","","",40,12,2,12,"","","","","","","","","","",""
541,Revona,CGWB,30,Goa,552,SOUTH GOA,SANGUEM,SANGUEM,Revona,-,-,-,-,-,-,15.16416667,74.10666667,25-05-2014 00:00,7.2,140,"","",24,19.67,28,"",2,"","","",40,8,4.87,11,"","","","","","","","","","",""
542,Revona,CGWB,30,Goa,552,SOUTH GOA,SANGUEM,SANGUEM,Revona,-,-,-,-,-,-,15.16416667,74.10666667,25-05-2017 00:00,8.14,146,"",0,31,"",25,"",4,"","","",55,8,8,11,"","","","","","","","","","",""
543,Revona,CGWB,30,Goa,552,SOUTH GOA,SANGUEM,SANGUEM,Revona,-,-,-,-,-,-,15.16416667,74.10666667,25-05-2018 00:00,8.322,130,0,6,30.5,0,17.75,"",7,"",0,"",50,8,7.296,7.55,"",0,0,"","","","","","","",""
544,Revona,CGWB,30,Goa,552,SOUTH GOA,SANGUEM,SANGUEM,Revona,-,-,-,-,-,-,15.16416667,74.10666667,30-05-2019 08:00,7.738,269,"",0,36.6,"",24.85,"","","","","",50,12,4.864,29.58,"","","","","","","","","","",""
545,Revona,CGWB,30,Goa,552,SOUTH GOA,SANGUEM,SANGUEM,Revona,-,-,-,-,-,-,15.16416667,74.10666667,30-05-2020 08:00,7.738,269,"","",36.6,"",24.85,"","","","","","",12,4.864,29.58,"","","","","","","","","","",""
546,Revona,CGWB,30,Goa,552,SOUTH GOA,SANGUEM,SANGUEM,Revona,-,-,-,-,-,-,15.16416667,74.10666667,03-05-2022 16:07,6.89,150,99,0,34,28,12,"",28,"","","",50,12,5,9,"","","",0,"","","","","","",""
547,Sal,CGWB,30,Goa,551,NORTH GOA,BICHOLIM,BICHOLIM,Sal,-,-,-,-,-,-,15.68638889,73.92722222,25-05-2000 00:00,"",255,"","","","",50,"","","","","","","","","","","","","","","","","","","",""
548,Sal,CGWB,30,Goa,551,NORTH GOA,BICHOLIM,BICHOLIM,Sal,-,-,-,-,-,-,15.68638889,73.92722222,25-05-2001 00:00,"",106,"","",32,26.2,11,"","","","","","","","","","","","","","","","","","","",""
549,Sal,CGWB,30,Goa,551,NORTH GOA,BICHOLIM,BICHOLIM,Sal,-,-,-,-,-,-,15.68638889,73.92722222,25-05-2003 00:00,"",100,"","","","","","","","","","","","","","","","","","","","","","","","",""
550,Sal,CGWB,30,Goa,551,NORTH GOA,BICHOLIM,BICHOLIM,Sal,-,-,-,-,-,-,15.68638889,73.92722222,25-05-2007 00:00,7.4,120,"",0,27,18,14,"",12,"","","",40,10,4,6,"","","","","","","","","","",""
551,Sal,CGWB,30,Goa,551,NORTH GOA,BICHOLIM,BICHOLIM,Sal,-,-,-,-,-,-,15.68638889,73.92722222,25-05-2008 00:00,8.2,1040,"",0,207,87.7,107,"",142,"","","",330,44,50,85,"","","","","","","","","","",""
552,Sal,CGWB,30,Goa,551,NORTH GOA,BICHOLIM,BICHOLIM,Sal,-,-,-,-,-,-,15.68638889,73.92722222,25-05-2009 00:00,7.2,110,"","","","","","","","","","","","","",6.5,"","","","","","","","","","",""
553,Sal,CGWB,30,Goa,551,NORTH GOA,BICHOLIM,BICHOLIM,Sal,-,-,-,-,-,-,15.68638889,73.92722222,25-05-2011 00:00,7.3,380,"",0,124,101.6,55,"",4,"","","",100,28,7,38,"","","","","","","","","","",""
554,Sal,CGWB,30,Goa,551,NORTH GOA,BICHOLIM,BICHOLIM,Sal,-,-,-,-,-,-,15.68638889,73.92722222,25-05-2012 00:00,7.3,120,"",0,24,19.7,21,"",8,"","","",30,8,2,7,"","","","","","","","","","",""
555,Sal,CGWB,30,Goa,551,NORTH GOA,BICHOLIM,BICHOLIM,Sal,-,-,-,-,-,-,15.68638889,73.92722222,25-05-2013 00:00,7.5,160,"",0,43,35.3,21,"",11,"","","",50,16,2.45,10,"","","","","","","","","","",""
556,Sal,CGWB,30,Goa,551,NORTH GOA,BICHOLIM,BICHOLIM,Sal,-,-,-,-,-,-,15.68638889,73.92722222,25-05-2014 00:00,7.1,170,"",0,49,40.16,21,"",10,"","","",40,12,2.45,13,"","","","","","","","","","",""
557,Sal,CGWB,30,Goa,551,NORTH GOA,BICHOLIM,BICHOLIM,Sal,-,-,-,-,-,-,15.68638889,73.92722222,25-05-2017 00:00,7.91,184,"",0,43,"",32,"",10,"","","",65,14,7,10,"","","","","","","","","","",""
558,Sal,CGWB,30,Goa,551,NORTH GOA,BICHOLIM,BICHOLIM,Sal,-,-,-,-,-,-,15.68638889,73.92722222,25-05-2018 00:00,7.842,140,0,0,39.65,0,10.65,"",8,"",0,"",35,6,4.864,6.47,"",0,0,"","","","","","","",""
559,Sal,CGWB,30,Goa,551,NORTH GOA,BICHOLIM,BICHOLIM,Sal,-,-,-,-,-,-,15.68638889,73.92722222,30-05-2019 08:00,7.93,227,"",0,24.4,"",17.75,"","","","","",35,10,2.432,19.93,"","","","","","","","","","",""
560,Sal,CGWB,30,Goa,551,NORTH GOA,BICHOLIM,BICHOLIM,Sal,-,-,-,-,-,-,15.68638889,73.92722222,30-05-2020 08:00,7.93,227,"","",24.4,"",17.75,"","","","","","",10,2.432,19.93,"","","","","","","","","","",""
561,Sal,CGWB,30,Goa,551,NORTH GOA,BICHOLIM,BICHOLIM,Sal,-,-,-,-,-,-,15.68638889,73.92722222,03-05-2022 11:39,7.08,159,98,0,43,35,18,"",16,0,15,"",50,12,5,7,"","","",0,"","","","","","",""
562,Salwardhar Dumun,CGWB,30,Goa,551,NORTH GOA,-,-,-,-,-,-,-,-,-,15.54000000,73.87000000,30-05-2019 08:00,8.19,253,"",0,36.6,"",17.75,"","","","","",45,8,6,32.11,"","","","","","","","","","",""
563,Salwardhar Dumun,CGWB,30,Goa,551,NORTH GOA,-,-,-,-,-,-,-,-,-,15.54000000,73.87000000,30-05-2020 08:00,8.19,253,"","",36.6,"",17.75,"","","","","","",8,6,32.11,"","","","","","","","","","",""
564,Sawanthawada,CGWB,30,Goa,551,NORTH GOA,PERNEM,PERNEM,Sawanthawada,-,-,-,-,-,-,15.68138889,73.75222222,25-05-2013 00:00,7.2,110,"",0,24,19.7,21,"",2,"","","",40,8,5,6,"","","","","","","","","","",""
565,Sawanthawada,CGWB,30,Goa,551,NORTH GOA,PERNEM,PERNEM,Sawanthawada,-,-,-,-,-,-,15.68138889,73.75222222,25-05-2014 00:00,6.8,100,"",0,18,14.75,14,"",10,"","","",20,6,1.22,12,"","","","","","","","","","",""
566,Sawanthawada,CGWB,30,Goa,551,NORTH GOA,PERNEM,PERNEM,Sawanthawada,-,-,-,-,-,-,15.68138889,73.75222222,25-05-2017 00:00,7.11,299,"",0,18,"",60,"",14,"","","",80,14,11,26,"","","","","","","","","","",""
567,Sawanthawada,CGWB,30,Goa,551,NORTH GOA,PERNEM,PERNEM,Sawanthawada,-,-,-,-,-,-,15.68138889,73.75222222,25-05-2018 00:00,7.905,60,0,0,18.3,0,10.65,"",2,"",0,"",25,4,3.648,4.5,"",0,0,"","","","","","","",""
568,Shiroda,CGWB,30,Goa,551,NORTH GOA,PONDA,PONDA,Shiroda,-,-,-,-,-,-,15.32000000,74.03555556,25-05-2000 00:00,"",170,"","","","",35,"","","","","","","","","","","","","","","","","","","",""
569,Shiroda,CGWB,30,Goa,551,NORTH GOA,PONDA,PONDA,Shiroda,-,-,-,-,-,-,15.32000000,74.03555556,25-05-2001 00:00,"",117,"","",44,36.1,10,"","","","","","","","","","","","","","","","","","","",""
570,Shiroda,CGWB,30,Goa,551,NORTH GOA,PONDA,PONDA,Shiroda,-,-,-,-,-,-,15.32000000,74.03555556,25-05-2003 00:00,"",120,"","","","","","","","","","","","","","","","","","","","","","","","",""
571,Shiroda,CGWB,30,Goa,551,NORTH GOA,PONDA,PONDA,Shiroda,-,-,-,-,-,-,15.32000000,74.03555556,25-05-2005 00:00,8.4,510,"",24,160,171.2,35,"",20,"","","",40,12,2,95,"","","","","","","","","","",""
572,Shiroda,CGWB,30,Goa,551,NORTH GOA,PONDA,PONDA,Shiroda,-,-,-,-,-,-,15.32000000,74.03555556,25-05-2006 00:00,7.2,148,"","","","",18,"","","","","","","","","","","","","","","","","","","",""
573,Shiroda,CGWB,30,Goa,551,NORTH GOA,PONDA,PONDA,Shiroda,-,-,-,-,-,-,15.32000000,74.03555556,25-05-2007 00:00,7.4,140,"",0,46,12.3,14,"",5,"","","",45,8,6,7,"","","","","","","","","","",""
574,Shiroda,CGWB,30,Goa,551,NORTH GOA,PONDA,PONDA,Shiroda,-,-,-,-,-,-,15.32000000,74.03555556,25-05-2011 00:00,7.3,190,"",0,49,40.2,32,"",2,"","","",50,8,7,19,"","","","","","","","","","",""
575,Shiroda,CGWB,30,Goa,551,NORTH GOA,PONDA,PONDA,Shiroda,-,-,-,-,-,-,15.32000000,74.03555556,25-05-2013 00:00,7.3,200,"",0,30,127.5,35,"",10,"","","",50,16,2,21,"","","","","","","","","","",""
576,Shiroda,CGWB,30,Goa,551,NORTH GOA,PONDA,PONDA,Shiroda,-,-,-,-,-,-,15.32000000,74.03555556,25-05-2014 00:00,6.9,150,"",0,49,40.16,25,"",7,"","","",60,16,4.88,11,"","","","","","","","","","",""
577,Shiroda,CGWB,30,Goa,551,NORTH GOA,PONDA,PONDA,Shiroda,-,-,-,-,-,-,15.32000000,74.03555556,25-05-2017 00:00,7.96,138,"",0,37,"",46,"",2,"","","",65,12,8,11,"","","","","","","","","","",""
578,Shiroda,CGWB,30,Goa,551,NORTH GOA,PONDA,PONDA,Shiroda,-,-,-,-,-,-,15.32000000,74.03555556,25-05-2018 00:00,7.96,130,0,0,30.5,0,17.75,"",5,"",0,"",40,6,6.08,8.41,"",0,0,"","","","","","","",""
579,Shiroda,CGWB,30,Goa,551,NORTH GOA,PONDA,PONDA,Shiroda,-,-,-,-,-,-,15.32000000,74.03555556,30-05-2019 08:00,7.939,243,"",0,42.7,"",24.85,"","","","","",50,12,4.864,29.86,"","","","","","","","","","",""
580,Shiroda,CGWB,30,Goa,551,NORTH GOA,PONDA,PONDA,Shiroda,-,-,-,-,-,-,15.32000000,74.03555556,30-05-2020 08:00,7.939,243,"","",42.7,"",24.85,"","","","","","",12,4.864,29.86,"","","","","","","","","","",""
581,Shivoli Brahmanwada,CGWB,30,Goa,551,NORTH GOA,BARDEZ,BARDEZ,Shivoli Brahmanwada,-,-,-,-,-,-,15.62333333,73.76750000,25-05-2013 00:00,7.8,340,"",0,146,119.7,28,"",6,"","","",130,44,5,15,"","","","","","","","","","",""
582,Shivoli Brahmanwada,CGWB,30,Goa,551,NORTH GOA,BARDEZ,BARDEZ,Shivoli Brahmanwada,-,-,-,-,-,-,15.62333333,73.76750000,25-05-2014 00:00,6.9,400,"","",171,140.16,31,"",10,"","","",80,22,6.11,50,"","","","","","","","","","",""
583,Shivoli Brahmanwada,CGWB,30,Goa,551,NORTH GOA,BARDEZ,BARDEZ,Shivoli Brahmanwada,-,-,-,-,-,-,15.62333333,73.76750000,25-05-2017 00:00,8.33,362,"",30,104,"",39,"",7,"","","",150,40,12,19,"","","","","","","","","","",""
584,Shivoli Brahmanwada,CGWB,30,Goa,551,NORTH GOA,BARDEZ,BARDEZ,Shivoli Brahmanwada,-,-,-,-,-,-,15.62333333,73.76750000,25-05-2018 00:00,8.31,240,"",0,92,"",21,"",5,"","","",60,20,2,15,"","","","","","","","","","",""
585,Shivoli Brahmanwada,CGWB,30,Goa,551,NORTH GOA,BARDEZ,BARDEZ,Shivoli Brahmanwada,-,-,-,-,-,-,15.62333333,73.76750000,03-05-2022 10:50,7.67,363,220,0,123,101,25,"",32,0.12,39,"",140,34,13,20,"","","",0.06,"","","","","","",""
586,Shrishtal Gaondongar,CGWB,30,Goa,552,SOUTH GOA,CANACONA,CANACONA,Shrishtal Gaondongar,-,-,-,-,-,-,15.03527778,74.11888889,25-05-2000 00:00,"",90,"","","","",28,"","","","","","","","","","","","","","","","","","","",""
587,Shrishtal Gaondongar,CGWB,30,Goa,552,SOUTH GOA,CANACONA,CANACONA,Shrishtal Gaondongar,-,-,-,-,-,-,15.03527778,74.11888889,25-05-2002 00:00,"",64,"","","","",14,"","","","","","","","","","","","","","","","","","","",""
588,Shrishtal Gaondongar,CGWB,30,Goa,552,SOUTH GOA,CANACONA,CANACONA,Shrishtal Gaondongar,-,-,-,-,-,-,15.03527778,74.11888889,25-05-2003 00:00,"",90,"","","","","","","","","","","","","","","","","","","","","","","","",""
589,Shrishtal Gaondongar,CGWB,30,Goa,552,SOUTH GOA,CANACONA,CANACONA,Shrishtal Gaondongar,-,-,-,-,-,-,15.03527778,74.11888889,25-05-2008 00:00,8.6,600,"",36,134,169.8,55,"",20,"","","",210,16,41,42,"","","","","","","","","","",""
590,Shrishtal Gaondongar,CGWB,30,Goa,552,SOUTH GOA,CANACONA,CANACONA,Shrishtal Gaondongar,-,-,-,-,-,-,15.03527778,74.11888889,25-05-2009 00:00,7.4,110,"","","","","","","","","","","","","",8,"","","","","","","","","","",""
591,Shrishtal Gaondongar,CGWB,30,Goa,552,SOUTH GOA,CANACONA,CANACONA,Shrishtal Gaondongar,-,-,-,-,-,-,15.03527778,74.11888889,25-05-2012 00:00,7.8,140,"",0,37,30.3,21,"",8,"","","",50,12,5,8,"","","","","","","","","","",""
592,Shrishtal Gaondongar,CGWB,30,Goa,552,SOUTH GOA,CANACONA,CANACONA,Shrishtal Gaondongar,-,-,-,-,-,-,15.03527778,74.11888889,25-05-2013 00:00,7.6,180,"",0,55,45.1,28,"",2,"","","",40,12,2,22,"","","","","","","","","","",""
593,Shrishtal Gaondongar,CGWB,30,Goa,552,SOUTH GOA,CANACONA,CANACONA,Shrishtal Gaondongar,-,-,-,-,-,-,15.03527778,74.11888889,25-05-2014 00:00,7.2,130,"",0,43,35.25,18,"",2,"","","",40,8,4.87,10,"","","","","","","","","","",""
594,Shrishtal Gaondongar,CGWB,30,Goa,552,SOUTH GOA,CANACONA,CANACONA,Shrishtal Gaondongar,-,-,-,-,-,-,15.03527778,74.11888889,25-05-2017 00:00,8.18,100,"",0,43,"",18,"",2,"","","",55,8,8,8,"","","","","","","","","","",""
595,Shrishtal Gaondongar,CGWB,30,Goa,552,SOUTH GOA,CANACONA,CANACONA,Shrishtal Gaondongar,-,-,-,-,-,-,15.03527778,74.11888889,25-05-2018 00:00,7.933,90,0,0,42.7,0,8.875,"",3,"",0,"",35,5,5.472,5.81,"",0,0,"","","","","","","",""
596,Shrishtal Gaondongar,CGWB,30,Goa,552,SOUTH GOA,CANACONA,CANACONA,Shrishtal Gaondongar,-,-,-,-,-,-,15.03527778,74.11888889,30-05-2019 08:00,7.68,375,"",0,67.1,"",14.2,"","","","","",40,12,2.432,58.45,"","","","","","","","","","",""
597,Shrishtal Gaondongar,CGWB,30,Goa,552,SOUTH GOA,CANACONA,CANACONA,Shrishtal Gaondongar,-,-,-,-,-,-,15.03527778,74.11888889,30-05-2020 08:00,7.68,375,"","",67.1,"",14.2,"","","","","","",12,2.432,58.45,"","","","","","","","","","",""
598,Shrishtal Gaondongar,CGWB,30,Goa,552,SOUTH GOA,CANACONA,CANACONA,Shrishtal Gaondongar,-,-,-,-,-,-,15.03527778,74.11888889,03-05-2022 16:47,6.86,107,62,0,30,25,8,"",15,"","","",35,6,5,6,"","","",0,"","","","","","",""
599,Sirsaim,CGWB,30,Goa,551,NORTH GOA,BARDEZ,BARDEZ,Sirsaim,-,-,-,-,-,-,15.62666667,73.87638889,25-05-2001 00:00,"",41,"","",12,9.8,6.8,"","","","","","","","","","","","","","","","","","","",""
600,Sirsaim,CGWB,30,Goa,551,NORTH GOA,BARDEZ,BARDEZ,Sirsaim,-,-,-,-,-,-,15.62666667,73.87638889,25-05-2003 00:00,"",90,"","","","","","","","","","","","","","","","","","","","","","","","",""
601,Sirsaim,CGWB,30,Goa,551,NORTH GOA,BARDEZ,BARDEZ,Sirsaim,-,-,-,-,-,-,15.62666667,73.87638889,25-05-2007 00:00,7.4,70,"",0,24,8.2,7,"",1,"","","",25,4,4,2,"","","","","","","","","","",""
602,Sirsaim,CGWB,30,Goa,551,NORTH GOA,BARDEZ,BARDEZ,Sirsaim,-,-,-,-,-,-,15.62666667,73.87638889,25-05-2008 00:00,8.4,870,"",24,183,190,85,"",20,"","","",220,20,40,56,"","","","","","","","","","",""
603,Sirsaim,CGWB,30,Goa,551,NORTH GOA,BARDEZ,BARDEZ,Sirsaim,-,-,-,-,-,-,15.62666667,73.87638889,25-05-2009 00:00,6.9,110,"","","","","","","","","","","","","",4,"","","","","","","","","","",""
604,Sirsaim,CGWB,30,Goa,551,NORTH GOA,BARDEZ,BARDEZ,Sirsaim,-,-,-,-,-,-,15.62666667,73.87638889,25-05-2011 00:00,7.2,130,"",0,24,19.7,28,"",2,"","","",40,12,2,11,"","","","","","","","","","",""
605,Sirsaim,CGWB,30,Goa,551,NORTH GOA,BARDEZ,BARDEZ,Sirsaim,-,-,-,-,-,-,15.62666667,73.87638889,25-05-2012 00:00,7.7,100,"",0,18,14.8,21,"",3,"","","",30,8,2,8,"","","","","","","","","","",""
606,Sirsaim,CGWB,30,Goa,551,NORTH GOA,BARDEZ,BARDEZ,Sirsaim,-,-,-,-,-,-,15.62666667,73.87638889,25-05-2013 00:00,7.6,110,"",0,24,19.7,21,"",2,"","","",40,8,5,6,"","","","","","","","","","",""
607,Sirsaim,CGWB,30,Goa,551,NORTH GOA,BARDEZ,BARDEZ,Sirsaim,-,-,-,-,-,-,15.62666667,73.87638889,25-05-2014 00:00,7.2,130,"",0,37,30.33,18,"",8,"","","",50,2,10.94,6,"","","","","","","","","","",""
608,Sirsaim,CGWB,30,Goa,551,NORTH GOA,BARDEZ,BARDEZ,Sirsaim,-,-,-,-,-,-,15.62666667,73.87638889,25-05-2017 00:00,8.26,77,"",0,12,"",21,"",2,"","","",35,4,6,7,"","","","","","","","","","",""
609,Sirsaim,CGWB,30,Goa,551,NORTH GOA,BARDEZ,BARDEZ,Sirsaim,-,-,-,-,-,-,15.62666667,73.87638889,30-05-2019 08:00,8.23,236,"",0,30.5,"",17.75,"","","","","",30,8,2,25.41,"","","","","","","","","","",""
610,Sirsaim,CGWB,30,Goa,551,NORTH GOA,BARDEZ,BARDEZ,Sirsaim,-,-,-,-,-,-,15.62666667,73.87638889,30-05-2020 08:00,8.23,236,"","",30.5,"",17.75,"","","","","","",8,2,25.41,"","","","","","","","","","",""
611,Sirsaim,CGWB,30,Goa,551,NORTH GOA,BARDEZ,BARDEZ,Sirsaim,-,-,-,-,-,-,15.62666667,73.87638889,03-05-2022 12:32,6.94,492,318,0,31,25,21,"",170,0,6,"",30,4,5,96,"","","",0,"","","","","","",""
612,Sristal,CGWB,30,Goa,552,SOUTH GOA,CANACONA,CANACONA,Sristal,-,-,-,-,-,-,15.02000000,74.07527778,25-05-2006 00:00,8.1,83,"","","","",11,"","","","","","","","","","","","","","","","","","","",""
613,Sristal,CGWB,30,Goa,552,SOUTH GOA,CANACONA,CANACONA,Sristal,-,-,-,-,-,-,15.02000000,74.07527778,25-05-2013 00:00,7.7,220,"",0,98,80.3,14,"",6,"","","",80,24,5,11,"","","","","","","","","","",""
614,Sristal,CGWB,30,Goa,552,SOUTH GOA,CANACONA,CANACONA,Sristal,-,-,-,-,-,-,15.02000000,74.07527778,25-05-2014 00:00,7.1,150,"","",37,30.33,14,"",14,"","","",60,12,7.31,5,"","","","","","","","","","",""
615,Sristal,CGWB,30,Goa,552,SOUTH GOA,CANACONA,CANACONA,Sristal,-,-,-,-,-,-,15.02000000,74.07527778,25-05-2017 00:00,8.26,136,"",0,37,"",21,"",7,"","","",55,10,7,12,"","","","","","","","","","",""
616,Sristal,CGWB,30,Goa,552,SOUTH GOA,CANACONA,CANACONA,Sristal,-,-,-,-,-,-,15.02000000,74.07527778,25-05-2018 00:00,8.45,50,0,0,24.4,0,7.1,"",2,"",0,"",20,4,2.432,4.3,"",0,0,"","","","","","","",""
617,Sristal,CGWB,30,Goa,552,SOUTH GOA,CANACONA,CANACONA,Sristal,-,-,-,-,-,-,15.02000000,74.07527778,30-05-2019 08:00,7.761,331,"",0,79.3,"",17.75,"","","","","",60,18,3.648,42.59,"","","","","","","","","","",""
618,Sristal,CGWB,30,Goa,552,SOUTH GOA,CANACONA,CANACONA,Sristal,-,-,-,-,-,-,15.02000000,74.07527778,30-05-2020 08:00,7.761,331,"","",79.3,"",17.75,"","","","","","",18,3.648,42.59,"","","","","","","","","","",""
619,Suktali Molem,CGWB,30,Goa,552,SOUTH GOA,SANGUEM,SANGUEM,Suktali Molem,-,-,-,-,-,-,15.36361111,74.17527778,25-05-2014 00:00,7,180,"","",18,14.75,14,"",2,"","","",30,8,2.44,3.2,"","","","","","","","","","",""
620,Suktali Molem,CGWB,30,Goa,552,SOUTH GOA,SANGUEM,SANGUEM,Suktali Molem,-,-,-,-,-,-,15.36361111,74.17527778,25-05-2018 00:00,7.855,50,0,0,6.1,0,10.65,"",5,"",0,"",20,2,3.648,3.93,"",0,0,"","","","","","","",""
621,Themchewada,CGWB,30,Goa,552,SOUTH GOA,SANGUEM,SANGUEM,Themchewada,-,-,-,-,-,-,15.21944444,74.15750000,25-05-2014 00:00,6.6,80,"","",18,14.75,14,"",2,"","","",30,8,2.44,4,"","","","","","","","","","",""
622,Ugem(pz),CGWB,30,Goa,552,SOUTH GOA,SANGUEM,SANGUEM,Ugem(pz),-,-,-,-,-,-,15.22972222,74.18194444,25-05-2013 00:00,7.4,130,"",0,18,14.8,28,"",6,"","","",40,8,5,10,"","","","","","","","","","",""
623,Uguem(ugawe),CGWB,30,Goa,551,NORTH GOA,PERNEM,PERNEM,Uguem(ugawe),-,-,-,-,-,-,15.75222222,73.83888889,25-05-2000 00:00,"",240,"","","","",50,"","","","","","","","","","","","","","","","","","","",""
624,Uguem(ugawe),CGWB,30,Goa,551,NORTH GOA,PERNEM,PERNEM,Uguem(ugawe),-,-,-,-,-,-,15.75222222,73.83888889,25-05-2001 00:00,"",76,"","",4.9,4,12,"","","","","","","","","","","","","","","","","","","",""
625,Uguem(ugawe),CGWB,30,Goa,551,NORTH GOA,PERNEM,PERNEM,Uguem(ugawe),-,-,-,-,-,-,15.75222222,73.83888889,25-05-2003 00:00,"",90,"","","","","","","","","","","","","","","","","","","","","","","","",""
626,Uguem(ugawe),CGWB,30,Goa,551,NORTH GOA,PERNEM,PERNEM,Uguem(ugawe),-,-,-,-,-,-,15.75222222,73.83888889,25-05-2006 00:00,7.8,61,"","","","",11,"","","","","","","","","","","","","","","","","","","",""
627,Uguem(ugawe),CGWB,30,Goa,551,NORTH GOA,PERNEM,PERNEM,Uguem(ugawe),-,-,-,-,-,-,15.75222222,73.83888889,25-05-2007 00:00,7.3,100,"",0,24,12.3,14,"",2,"","","",35,10,2,5,"","","","","","","","","","",""
628,Uguem(ugawe),CGWB,30,Goa,551,NORTH GOA,PERNEM,PERNEM,Uguem(ugawe),-,-,-,-,-,-,15.75222222,73.83888889,25-05-2009 00:00,7,130,"","","","","","","","","","","","","",2,"","","","","","","","","","",""
629,Uguem(ugawe),CGWB,30,Goa,551,NORTH GOA,PERNEM,PERNEM,Uguem(ugawe),-,-,-,-,-,-,15.75222222,73.83888889,25-05-2011 00:00,6.8,180,"",0,30,24.6,32,"",6,"","","",30,10,1,26,"","","","","","","","","","",""
630,Uguem(ugawe),CGWB,30,Goa,551,NORTH GOA,PERNEM,PERNEM,Uguem(ugawe),-,-,-,-,-,-,15.75222222,73.83888889,25-05-2012 00:00,7.4,140,"",0,30,86.4,21,"",12,"","","",50,8,7,7,"","","","","","","","","","",""
631,Uguem(ugawe),CGWB,30,Goa,551,NORTH GOA,PERNEM,PERNEM,Uguem(ugawe),-,-,-,-,-,-,15.75222222,73.83888889,25-05-2013 00:00,7.4,180,"",0,18,118.7,28,"",6,"","","",40,8,5,10,"","","","","","","","","","",""
632,Uguem(ugawe),CGWB,30,Goa,551,NORTH GOA,PERNEM,PERNEM,Uguem(ugawe),-,-,-,-,-,-,15.75222222,73.83888889,25-05-2014 00:00,7.3,120,"",0,18,14.75,25,"",4,"","","",40,8,4.87,8,"","","","","","","","","","",""
633,Uguem(ugawe),CGWB,30,Goa,551,NORTH GOA,PERNEM,PERNEM,Uguem(ugawe),-,-,-,-,-,-,15.75222222,73.83888889,25-05-2017 00:00,7.92,106,"",0,18,"",21,"",3,"","","",40,8,5,8,"","","","","","","","","","",""
634,Uguem(ugawe),CGWB,30,Goa,551,NORTH GOA,PERNEM,PERNEM,Uguem(ugawe),-,-,-,-,-,-,15.75222222,73.83888889,25-05-2018 00:00,8.949,80,0,6,6.1,0,15.975,"",6,"",0,"",25,2,4.864,6.4,"",0,0,"","","","","","","",""
635,Uguem(ugawe),CGWB,30,Goa,551,NORTH GOA,PERNEM,PERNEM,Uguem(ugawe),-,-,-,-,-,-,15.75222222,73.83888889,30-05-2019 08:00,8.2,227,"",0,24.4,"",21.3,"","","","","",30,8,2,22.3,"","","","","","","","","","",""
636,Uguem(ugawe),CGWB,30,Goa,551,NORTH GOA,PERNEM,PERNEM,Uguem(ugawe),-,-,-,-,-,-,15.75222222,73.83888889,30-05-2020 08:00,8.2,227,"","",24.4,"",21.3,"","","","","","",8,2,22.3,"","","","","","","","","","",""
637,Vadam,CGWB,30,Goa,552,SOUTH GOA,SANGUEM,SANGUEM,Vadam,-,-,-,-,-,-,15.13055556,74.20750000,25-05-2013 00:00,7.4,130,"",0,24,19.7,28,"",2,"","","",40,4,7,11,"","","","","","","","","","",""
638,Vadam,CGWB,30,Goa,552,SOUTH GOA,SANGUEM,SANGUEM,Vadam,-,-,-,-,-,-,15.13055556,74.20750000,25-05-2014 00:00,5,70,"","",12,9.84,14,"",2,"","","",20,4,2.44,5.7,"","","","","","","","","","",""
639,Vadam,CGWB,30,Goa,552,SOUTH GOA,SANGUEM,SANGUEM,Vadam,-,-,-,-,-,-,15.13055556,74.20750000,25-05-2017 00:00,8.08,43,"",0,12,"",14,"",0,"","","",25,2,5,4,"","","","","","","","","","",""
640,Vadam,CGWB,30,Goa,552,SOUTH GOA,SANGUEM,SANGUEM,Vadam,-,-,-,-,-,-,15.13055556,74.20750000,25-05-2018 00:00,8.038,30,0,0,12.2,0,7.1,"",0,"",0,"",15,3,1.824,2.53,"",0,0,"","","","","","","",""
641,Vadam,CGWB,30,Goa,552,SOUTH GOA,SANGUEM,SANGUEM,Vadam,-,-,-,-,-,-,15.13055556,74.20750000,30-05-2019 08:00,8.267,253,"",0,12.2,"",14.2,"","","","","",30,6,3.648,42.4,"","","","","","","","","","",""
642,Vadam,CGWB,30,Goa,552,SOUTH GOA,SANGUEM,SANGUEM,Vadam,-,-,-,-,-,-,15.13055556,74.20750000,30-05-2020 08:00,8.267,253,"","",12.2,"",14.2,"","","","","","",6,3.648,42.4,"","","","","","","","","","",""
643,Vadam,CGWB,30,Goa,552,SOUTH GOA,SANGUEM,SANGUEM,Vadam,-,-,-,-,-,-,15.13055556,74.20750000,03-05-2022 16:19,6.08,60,31,0,12,10,11,"",0,"","","",20,4,2,3,"","","",0,"","","","","","",""
644,Valpoi,CGWB,30,Goa,551,NORTH GOA,SATARI,SATARI,Valpoi,-,-,-,-,-,-,15.53194444,74.13833333,25-05-2000 00:00,"",190,"","","","",35,"","","","","","","","","","","","","","","","","","","",""
645,Valpoi,CGWB,30,Goa,551,NORTH GOA,SATARI,SATARI,Valpoi,-,-,-,-,-,-,15.53194444,74.13833333,25-05-2003 00:00,"",210,"","","","","","","","","","","","","","","","","","","","","","","","",""
646,Valpoi,CGWB,30,Goa,551,NORTH GOA,SATARI,SATARI,Valpoi,-,-,-,-,-,-,15.53194444,74.13833333,25-05-2006 00:00,8,185,"","","","",25,"","","","","","","","","","","","","","","","","","","",""
647,Valpoi,CGWB,30,Goa,551,NORTH GOA,SATARI,SATARI,Valpoi,-,-,-,-,-,-,15.53194444,74.13833333,25-05-2007 00:00,7.2,200,"",0,55,15.6,25,"",10,"","","",80,12,12,5,"","","","","","","","","","",""
648,Valpoi,CGWB,30,Goa,551,NORTH GOA,SATARI,SATARI,Valpoi,-,-,-,-,-,-,15.53194444,74.13833333,25-05-2008 00:00,8.2,910,"",0,244,200,107,"",60,"","","",270,44,36,85,"","","","","","","","","","",""
649,Valpoi,CGWB,30,Goa,551,NORTH GOA,SATARI,SATARI,Valpoi,-,-,-,-,-,-,15.53194444,74.13833333,25-05-2009 00:00,6.9,220,"","","","","","","","","","","","","",10,"","","","","","","","","","",""
650,Valpoi,CGWB,30,Goa,551,NORTH GOA,SATARI,SATARI,Valpoi,-,-,-,-,-,-,15.53194444,74.13833333,25-05-2011 00:00,7.4,310,"",0,116,95.1,36,"",2,"","","",120,30,11,15,"","","","","","","","","","",""
651,Valpoi,CGWB,30,Goa,551,NORTH GOA,SATARI,SATARI,Valpoi,-,-,-,-,-,-,15.53194444,74.13833333,25-05-2012 00:00,7.4,180,"",0,30,24.6,36,"",10,"","","",50,8,7,15,"","","","","","","","","","",""
652,Valpoi,CGWB,30,Goa,551,NORTH GOA,SATARI,SATARI,Valpoi,-,-,-,-,-,-,15.53194444,74.13833333,25-05-2013 00:00,7.3,200,"",0,49,40.2,36,"",5,"","","",50,16,2,21,"","","","","","","","","","",""
653,Valpoi,CGWB,30,Goa,551,NORTH GOA,SATARI,SATARI,Valpoi,-,-,-,-,-,-,15.53194444,74.13833333,25-05-2014 00:00,6.9,220,"",0,55,45.08,31,"",14,"","","",60,12,7.31,19,"","","","","","","","","","",""
654,Valpoi,CGWB,30,Goa,551,NORTH GOA,SATARI,SATARI,Valpoi,-,-,-,-,-,-,15.53194444,74.13833333,25-05-2017 00:00,7.74,154,"",0,37,"",25,"",11,"","","",50,12,5,12,"","","","","","","","","","",""
655,Valpoi,CGWB,30,Goa,551,NORTH GOA,SATARI,SATARI,Valpoi,-,-,-,-,-,-,15.53194444,74.13833333,30-05-2019 08:00,7.89,264,"",0,18.3,"",17.75,"","","","","",25,8,1.216,31.16,"","","","","","","","","","",""
656,Valpoi,CGWB,30,Goa,551,NORTH GOA,SATARI,SATARI,Valpoi,-,-,-,-,-,-,15.53194444,74.13833333,30-05-2020 08:00,7.89,264,"","",18.3,"",17.75,"","","","","","",8,1.216,31.16,"","","","","","","","","","",""
657,Velha Goa,CGWB,30,Goa,551,NORTH GOA,TISWADI,TISWADI,Velha Goa,-,-,-,-,-,-,15.49972222,73.91666667,25-05-2009 00:00,7.4,260,"","","","","","","","","","","","","",5,"","","","","","","","","","",""
658,Velha Goa,CGWB,30,Goa,551,NORTH GOA,TISWADI,TISWADI,Velha Goa,-,-,-,-,-,-,15.49972222,73.91666667,25-05-2011 00:00,7.7,350,"",0,134,"",40,"",4,"","","",110,24,12,27,"","","","","","","","","","",""
659,Velha Goa,CGWB,30,Goa,551,NORTH GOA,TISWADI,TISWADI,Velha Goa,-,-,-,-,-,-,15.49972222,73.91666667,25-05-2012 00:00,8.2,230,"",0,73,59.8,28,"",10,"","","",80,28,2,15,"","","","","","","","","","",""
660,Velha Goa,CGWB,30,Goa,551,NORTH GOA,TISWADI,TISWADI,Velha Goa,-,-,-,-,-,-,15.49972222,73.91666667,25-05-2013 00:00,7.6,300,"",0,116,95.1,28,"",10,"","","",120,28,12,13,"","","","","","","","","","",""
661,Velha Goa,CGWB,30,Goa,551,NORTH GOA,TISWADI,TISWADI,Velha Goa,-,-,-,-,-,-,15.49972222,73.91666667,25-05-2014 00:00,6.9,290,"",0,116,95.08,21,"",8,"","","",110,30,8.55,14,"","","","","","","","","","",""
662,Velha Goa,CGWB,30,Goa,551,NORTH GOA,TISWADI,TISWADI,Velha Goa,-,-,-,-,-,-,15.49972222,73.91666667,25-05-2017 00:00,7.96,194,"",0,67,"",21,"",4,"","","",85,24,6,11,"","","","","","","","","","",""
663,Velha Goa,CGWB,30,Goa,551,NORTH GOA,TISWADI,TISWADI,Velha Goa,-,-,-,-,-,-,15.49972222,73.91666667,25-05-2018 00:00,7.81,210,"",0,85,0,14,"",2,"",0,"",55,16,4,12,"",0,"","","","","","","","",""
664,Velha Goa,CGWB,30,Goa,551,NORTH GOA,TISWADI,TISWADI,Velha Goa,-,-,-,-,-,-,15.49972222,73.91666667,30-05-2019 08:00,8.82,492,"",12,61,"",24.85,"","","","","",85,22,7,29.15,"","","","","","","","","","",""
665,Velha Goa,CGWB,30,Goa,551,NORTH GOA,TISWADI,TISWADI,Velha Goa,-,-,-,-,-,-,15.49972222,73.91666667,30-05-2020 08:00,8.82,492,"","",61,"",24.85,"","","","","","",22,7,29.15,"","","","","","","","","","",""
666,Vichundrem,CGWB,30,Goa,552,SOUTH GOA,SANGUEM,SANGUEM,Vichundrem,-,-,-,-,-,-,15.10333333,74.20305556,25-05-2013 00:00,7.5,120,"",0,37,30.3,14,"",5,"","","",40,12,2,8,"","","","","","","","","","",""
667,Vichundrem,CGWB,30,Goa,552,SOUTH GOA,SANGUEM,SANGUEM,Vichundrem,-,-,-,-,-,-,15.10333333,74.20305556,25-05-2014 00:00,5.9,80,"","",18,14.75,14,"",1,"","","",20,4,2.44,7,"","","","","","","","","","",""
668,Vichundrem,CGWB,30,Goa,552,SOUTH GOA,SANGUEM,SANGUEM,Vichundrem,-,-,-,-,-,-,15.10333333,74.20305556,25-05-2017 00:00,7.52,73,"",0,31,"",18,"",1,"","","",45,10,5,4,"","","","","","","","","","",""
669,Vichundrem,CGWB,30,Goa,552,SOUTH GOA,SANGUEM,SANGUEM,Vichundrem,-,-,-,-,-,-,15.10333333,74.20305556,25-05-2018 00:00,7.802,60,0,0,30.5,0,7.1,"",2,"",0,"",30,5,4.256,2.64,"",0,0,"","","","","","","",""
670,Vichundrem,CGWB,30,Goa,552,SOUTH GOA,SANGUEM,SANGUEM,Vichundrem,-,-,-,-,-,-,15.10333333,74.20305556,03-05-2022 16:14,6.45,45,26,0,16,13,6,"",0,"","","",15,4,1,3,"","","",0,"","","","","","",""
671,Yedda,CGWB,30,Goa,552,SOUTH GOA,CANACONA,CANACONA,Yedda,-,-,-,-,-,-,14.99777778,74.19111111,25-05-2014 00:00,7.2,270,"","",104,85.25,28,"",5,"","","",100,20,12.18,10,"","","","","","","","","","",""
672,Yedda,CGWB,30,Goa,552,SOUTH GOA,CANACONA,CANACONA,Yedda,-,-,-,-,-,-,14.99777778,74.19111111,25-05-2017 00:00,8.07,1245,"",0,250,"",188,"",40,"","","",300,46,45,102,"","","","","","","","","","",""
673,Yedda,CGWB,30,Goa,552,SOUTH GOA,CANACONA,CANACONA,Yedda,-,-,-,-,-,-,14.99777778,74.19111111,25-05-2018 00:00,8.46,370,0,0,103.7,0,24.85,"",14,"",0,"",80,16,9.728,20.45,"",0,0,"","","","","","","",""
674,Yedda,CGWB,30,Goa,552,SOUTH GOA,CANACONA,CANACONA,Yedda,-,-,-,-,-,-,14.99777778,74.19111111,03-05-2022 16:56,7.17,165,99,0,31,25,18,"",25,"","","",7,14,7,7,"","","",0,"","","","","","",""
