SlNo,Station,Agency,State LGD Code,State,District LGD Code,District,Tehsil,Block,Village,River,Basin,Tributary,Subtributary,SubSubtributary,Local River,Latitude,Longitude,Data Acquisition Time,Potential of Hydrogen (pH),Electric Conductivity (μS/cm),Total Dissolved Solids (mg/L),Carbonate (mg/L),Bicarbonate (mg/L),Total Alkalinity (mg/L as CaCO3),Chloride (mg/L),Nitrate N (mgN/L),Sulphate (mg/L),Phosphate(mg/L),Silica(mg/L),Fluoride (mg/L),Total Hardness (mgCaCO3/L),Calcium (mg/L),Magnesium (mg/L),Sodium (mg/L),Potassium (mg/L),Iron(mg/L),Arsenic (mg/L),Uranium(mg/L),Manganese (mg/L),Copper (mg/L),Lead (mg/L),Zinc (mg/L),Nickel (mg/L),Cadmium (mg/L),Chromium (mg/L)
1,Ajiwala,CGWB,2,Himachal Pradesh,24,SIRMAUR,PAONTA SAHIB(T),PAONTA SAHIB,Ajiwala,-,-,-,-,-,-,30.47055556,77.58750000,25-05-2005 00:00,7.75,462,"","",238,195.08,21,"","","","","",210,66,11.02,17,"","","","","","","","","","",""
2,Ajiwala,CGWB,2,Himachal Pradesh,24,SIRMAUR,PAONTA SAHIB(T),PAONTA SAHIB,Ajiwala,-,-,-,-,-,-,30.47055556,77.58750000,25-05-2006 00:00,7.75,462,"","",238,195.08,21,"","","","","",210,66,11.02,17,"","","","","","","","","","",""
3,Ajiwala,CGWB,2,Himachal Pradesh,24,SIRMAUR,PAONTA SAHIB(T),PAONTA SAHIB,Ajiwala,-,-,-,-,-,-,30.47055556,77.58750000,25-05-2007 00:00,7.5,620,"","",265,217.21,30,"",34,"","","",236,80,8.85,30,"","","","","","","","","","",""
4,Ajiwala,CGWB,2,Himachal Pradesh,24,SIRMAUR,PAONTA SAHIB(T),PAONTA SAHIB,Ajiwala,-,-,-,-,-,-,30.47055556,77.58750000,25-05-2008 00:00,8.1,620,"","",293,240.16,28,"",77,"","","",295,84,21,29,"","","","","","","","","","",""
5,Ajiwala,CGWB,2,Himachal Pradesh,24,SIRMAUR,PAONTA SAHIB(T),PAONTA SAHIB,Ajiwala,-,-,-,-,-,-,30.47055556,77.58750000,25-05-2009 00:00,7.8,620,"","",238,195.08,27,"",38,"","","",190,34,26,39,"","","","","","","","","","",""
6,Ajiwala,CGWB,2,Himachal Pradesh,24,SIRMAUR,PAONTA SAHIB(T),PAONTA SAHIB,Ajiwala,-,-,-,-,-,-,30.47055556,77.58750000,25-05-2010 00:00,7.6,268,"","",134,109.84,21,"","","","","",128,23,17,8.5,"","","","","","","","","","",""
7,Ajiwala,CGWB,2,Himachal Pradesh,24,SIRMAUR,PAONTA SAHIB(T),PAONTA SAHIB,Ajiwala,-,-,-,-,-,-,30.47055556,77.58750000,25-05-2011 00:00,8.12,310,"","",146,119.67,14,"",15,"","","",130,30,13,13,"","","","","","","","","","",""
8,Ajiwala,CGWB,2,Himachal Pradesh,24,SIRMAUR,PAONTA SAHIB(T),PAONTA SAHIB,Ajiwala,-,-,-,-,-,-,30.47055556,77.58750000,25-05-2012 00:00,7.58,380,"","",177,145.08,14,"",13,"","","",160,46,11,13,"","","","","","","","","","",""
9,Ajiwala,CGWB,2,Himachal Pradesh,24,SIRMAUR,PAONTA SAHIB(T),PAONTA SAHIB,Ajiwala,-,-,-,-,-,-,30.47055556,77.58750000,25-05-2014 00:00,7.48,430,"",0,153,125.41,18,"",54,"","","",200,40,24.36,12,"","","","","","","","","","",""
10,Ajiwala,CGWB,2,Himachal Pradesh,24,SIRMAUR,PAONTA SAHIB(T),PAONTA SAHIB,Ajiwala,-,-,-,-,-,-,30.47055556,77.58750000,25-05-2015 00:00,7.48,430,"",0,153,125.41,18,"",54,"","","",200,40,24.36,12,"","","","","","","","","","",""
11,Ajiwala,CGWB,2,Himachal Pradesh,24,SIRMAUR,PAONTA SAHIB(T),PAONTA SAHIB,Ajiwala,-,-,-,-,-,-,30.47055556,77.58750000,25-05-2018 00:00,8.16,280,0,0,146,0,21,"",18,"",0,"",0,32,19,8.4,"",0,0,"","","","","","","",""
12,Ajiwala,CGWB,2,Himachal Pradesh,24,SIRMAUR,PAONTA SAHIB(T),PAONTA SAHIB,Ajiwala,-,-,-,-,-,-,30.47055556,77.58750000,30-05-2019 08:00,8.46,492,"",57,116,"",28,"","","",17,"",158,34,18,19,"","","","","","","","","","",""
13,Ajiwala,CGWB,2,Himachal Pradesh,24,SIRMAUR,PAONTA SAHIB(T),PAONTA SAHIB,Ajiwala,-,-,-,-,-,-,30.47055556,77.58750000,30-05-2020 08:00,8.46,492,"","",116,"",28,"","","",17,"","",34,18,19,"","","","","","","","","","",""
14,Akkawala,CGWB,2,Himachal Pradesh,24,SIRMAUR,PAONTA SAHIB(T),PAONTA SAHIB,Akkawala,-,-,-,-,-,-,30.51888889,77.62472222,25-05-2007 00:00,7.92,275,"","",156,127.87,11,"","","","","",103,20,13,17,"","","","","","","","","","",""
15,Akkawala,CGWB,2,Himachal Pradesh,24,SIRMAUR,PAONTA SAHIB(T),PAONTA SAHIB,Akkawala,-,-,-,-,-,-,30.51888889,77.62472222,25-05-2008 00:00,8.2,520,"","",336,275.41,7.1,"",48,"","","",295,90,17,19,"","","","","","","","","","",""
16,Akkawala,CGWB,2,Himachal Pradesh,24,SIRMAUR,PAONTA SAHIB(T),PAONTA SAHIB,Akkawala,-,-,-,-,-,-,30.51888889,77.62472222,25-05-2009 00:00,7.9,290,"","",189,154.92,5.3,"","","","","",100,18,13,26,"","","","","","","","","","",""
17,Akkawala,CGWB,2,Himachal Pradesh,24,SIRMAUR,PAONTA SAHIB(T),PAONTA SAHIB,Akkawala,-,-,-,-,-,-,30.51888889,77.62472222,25-05-2010 00:00,7.5,350,"","",228,186.89,21,"","","","","",147,23,22,27,"","","","","","","","","","",""
18,Akkawala,CGWB,2,Himachal Pradesh,24,SIRMAUR,PAONTA SAHIB(T),PAONTA SAHIB,Akkawala,-,-,-,-,-,-,30.51888889,77.62472222,25-05-2011 00:00,8,240,"","",146,119.67,3.5,"","","","","",100,18,13,8.7,"","","","","","","","","","",""
19,Akkawala,CGWB,2,Himachal Pradesh,24,SIRMAUR,PAONTA SAHIB(T),PAONTA SAHIB,Akkawala,-,-,-,-,-,-,30.51888889,77.62472222,25-05-2012 00:00,7.27,350,"","",208,170.49,7,"",11,"","","",150,32,17,18,"","","","","","","","","","",""
20,Akkawala,CGWB,2,Himachal Pradesh,24,SIRMAUR,PAONTA SAHIB(T),PAONTA SAHIB,Akkawala,-,-,-,-,-,-,30.51888889,77.62472222,25-05-2014 00:00,7.92,350,"",0,195,159.84,14,"",32,"","","",135,30,14.62,33,"","","","","","","","","","",""
21,Akkawala,CGWB,2,Himachal Pradesh,24,SIRMAUR,PAONTA SAHIB(T),PAONTA SAHIB,Akkawala,-,-,-,-,-,-,30.51888889,77.62472222,25-05-2015 00:00,7.92,350,"",0,195,159.84,18,"",54,"","","",135,30,14.62,33,"","","","","","","","","","",""
22,Akkawala,CGWB,2,Himachal Pradesh,24,SIRMAUR,PAONTA SAHIB(T),PAONTA SAHIB,Akkawala,-,-,-,-,-,-,30.51888889,77.62472222,25-05-2018 00:00,8.56,261,0,36,122,0,35,"","","",0,"",0,16,19,40,"",0,0,"","","","","","","",""
23,AKKWALA,CGWB,2,Himachal Pradesh,24,SIRMAUR,-,-,-,-,-,-,-,-,-,30.52011100,77.28686100,30-05-2019 08:00,8.13,290,"","",145,"",14,"","","",17,"",116,21,15,30,"","","","","","","","","","",""
24,AKKWALA,CGWB,2,Himachal Pradesh,24,SIRMAUR,-,-,-,-,-,-,-,-,-,30.52011100,77.28686100,30-05-2020 08:00,8.13,290,"","",145,"",14,"","","",17,"","",21,15,30,"","","","","","","","","","",""
25,Amb,CGWB,2,Himachal Pradesh,26,UNA,UNA(T),UNA,Una,-,-,-,-,-,-,31.68333333,76.11666667,25-05-2000 00:00,8.34,485,"",23,209,209.64,17,"","","","","",185,22,31.63,"","","","","","","","","","","",""
26,Amb,CGWB,2,Himachal Pradesh,26,UNA,UNA(T),UNA,Una,-,-,-,-,-,-,31.68333333,76.11666667,25-05-2003 00:00,7.72,982,"","",464,380.33,28,"","","","","",415,58,65.72,44,"","","","","","","","","","",""
27,Amb,CGWB,2,Himachal Pradesh,26,UNA,UNA(T),UNA,Una,-,-,-,-,-,-,31.68333333,76.11666667,25-05-2004 00:00,7.93,854,"",0,500,409.84,28,"","","","","",390,74,49.93,23,"","","","","","","","","","",""
28,Amb,CGWB,2,Himachal Pradesh,26,UNA,UNA(T),UNA,Una,-,-,-,-,-,-,31.68333333,76.11666667,25-05-2005 00:00,8.23,812,"","",460,377.05,28,"","","","","",417,70,58.92,19,"","","","","","","","","","",""
29,Amb,CGWB,2,Himachal Pradesh,26,UNA,UNA(T),UNA,Una,-,-,-,-,-,-,31.68333333,76.11666667,25-05-2006 00:00,8.2,655,"","",378,309.84,35,"","","","","",316,24,62.27,43,"","","","","","","","","","",""
30,Amb,CGWB,2,Himachal Pradesh,26,UNA,UNA(T),UNA,Una,-,-,-,-,-,-,31.68333333,76.11666667,25-05-2007 00:00,8.02,784,"","",351,287.7,43,"",55,"","","",291,20,59,46,"","","","","","","","","","",""
31,Amb,CGWB,2,Himachal Pradesh,26,UNA,UNA(T),UNA,Una,-,-,-,-,-,-,31.68333333,76.11666667,25-05-2008 00:00,7.75,810,"","",470,385.25,50,"","","","","",410,66,60,32,"","","","","","","","","","",""
32,Amb,CGWB,2,Himachal Pradesh,26,UNA,UNA(T),UNA,Una,-,-,-,-,-,-,31.68333333,76.11666667,25-05-2009 00:00,7.2,730,"","",287,235.25,28,"",70,"","","",295,20,60,45,"","","","","","","","","","",""
33,Amb,CGWB,2,Himachal Pradesh,26,UNA,UNA(T),UNA,Una,-,-,-,-,-,-,31.68333333,76.11666667,25-05-2010 00:00,7.93,650,"","",341,279.51,35,"",15,"","","",248,22,47,45,"","","","","","","","","","",""
34,Amb,CGWB,2,Himachal Pradesh,26,UNA,UNA(T),UNA,Una,-,-,-,-,-,-,31.68333333,76.11666667,25-05-2011 00:00,8.2,830,"","",396,324.59,28,"",16,"","","",300,28,56,43,"","","","","","","","","","",""
35,Amb,CGWB,2,Himachal Pradesh,26,UNA,UNA(T),UNA,Una,-,-,-,-,-,-,31.68333333,76.11666667,25-05-2012 00:00,8.13,470,"","",281,230.33,18,"",31,"","","",180,10,38,47,"","","","","","","","","","",""
36,Amb,CGWB,2,Himachal Pradesh,26,UNA,UNA(T),UNA,Una,-,-,-,-,-,-,31.68333333,76.11666667,25-05-2013 00:00,8.18,580,"","",391,320.49,25,"",60,"","","",270,34,45,63,"","","","","","","","","","",""
37,Amb,CGWB,2,Himachal Pradesh,26,UNA,UNA(T),UNA,Una,-,-,-,-,-,-,31.68333333,76.11666667,25-05-2015 00:00,8.15,510,"",0,348,285.25,18,"",35,"","","",225,12,47.43,51.3,"","","","","","","","","","",""
38,Amb,CGWB,2,Himachal Pradesh,26,UNA,UNA(T),UNA,Una,-,-,-,-,-,-,31.68333333,76.11666667,25-05-2018 00:00,8.65,469,0,48,183,0,56,"",8,"",0,"",0,12,34,68,"",0,0,"","","","","","","",""
39,Amb,CGWB,2,Himachal Pradesh,26,UNA,UNA(T),UNA,Una,-,-,-,-,-,-,31.68333333,76.11666667,30-05-2019 08:00,8.7,490,"",60,183,"",21,"","","",15,"",170,12,34,48,"","","","","","","","","","",""
40,Amb,CGWB,2,Himachal Pradesh,26,UNA,UNA(T),UNA,Una,-,-,-,-,-,-,31.68333333,76.11666667,30-05-2020 08:00,8.7,490,"","",183,"",21,"","","",15,"","",12,34,48,"","","","","","","","","","",""
41,Amb,CGWB,2,Himachal Pradesh,26,UNA,UNA(T),UNA,Una,-,-,-,-,-,-,31.68333333,76.11666667,30-05-2021 08:00,7.04,608,"",0,170.828,"",102.95,"",27,"","","",175,46,14.5944,56.8,"","","","","","","","","","",""
42,Amb,CGWB,2,Himachal Pradesh,26,UNA,UNA(T),UNA,Una,-,-,-,-,-,-,31.68333333,76.11666667,04-02-2022 16:24,"",400,"",18,153,"",36,"",10,"",12,"",180,20,32,22,"","","","","","","","","","",""
43,Ambota,CGWB,2,Himachal Pradesh,26,UNA,AMB(T),AMB,Amb,-,-,-,-,-,-,31.67222222,76.04583333,25-05-2013 00:00,7.98,560,"","",226,185.25,50,"",61,"","","",250,44,34,49,"","","","","","","","","","",""
44,Ambota,CGWB,2,Himachal Pradesh,26,UNA,AMB(T),AMB,Amb,-,-,-,-,-,-,31.67222222,76.04583333,30-05-2019 08:00,8.12,523,"","",102,"",21,"","","",15,"",220,56,19,19,"","","","","","","","","","",""
45,Ambota,CGWB,2,Himachal Pradesh,26,UNA,AMB(T),AMB,Amb,-,-,-,-,-,-,31.67222222,76.04583333,30-05-2020 08:00,8.12,523,"","",102,"",21,"","","",15,"","",56,19,19,"","","","","","","","","","",""
46,Ambota,CGWB,2,Himachal Pradesh,26,UNA,AMB(T),AMB,Amb,-,-,-,-,-,-,31.67222222,76.04583333,30-05-2021 08:00,7.5,660,"",0,183.03,"",113.6,"",45.25,"","","",240,60,21.8916,38.3,"","","","","","","","","","",""
47,Ambota,CGWB,2,Himachal Pradesh,26,UNA,AMB(T),AMB,Amb,-,-,-,-,-,-,31.67222222,76.04583333,04-02-2022 12:07,8.49,492,"",12,73,"",92,"",0,"",13,"",200,40,24,27,"","","","","","","","","","",""
48,Androli-Bhatoli,CGWB,2,Himachal Pradesh,25,SOLAN,NALAGARH(T),NALAGARH,Androli-Bhatoli,-,-,-,-,-,-,31.11250000,76.69166667,25-05-2004 00:00,7,493,"",0,302,247.54,10,"","","","","",250,65,21,31,"","","","","","","","","","",""
49,Babehr,CGWB,2,Himachal Pradesh,26,UNA,AMB(T),AMB,Babehr,-,-,-,-,-,-,31.79250000,75.98583333,25-05-2014 00:00,7.75,400,"","",171,140.16,35,"",35,"","","",175,34,21.92,28,"","","","","","","","","","",""
50,Babehr,CGWB,2,Himachal Pradesh,26,UNA,AMB(T),AMB,Babehr,-,-,-,-,-,-,31.79250000,75.98583333,25-05-2015 00:00,7.75,400,"",0,171,140.16,36,"",35,"","","",175,34,21.92,28,"","","","","","","","","","",""
51,Babehr,CGWB,2,Himachal Pradesh,26,UNA,AMB(T),AMB,Babehr,-,-,-,-,-,-,31.79250000,75.98583333,25-05-2018 00:00,8.14,341,0,0,158,0,42,"",32,"",0,"",0,40,17,28,"",0,0,"","","","","","","",""
52,Babehr,CGWB,2,Himachal Pradesh,26,UNA,AMB(T),AMB,Babehr,-,-,-,-,-,-,31.79250000,75.98583333,30-05-2019 08:00,8.06,353,"","",203,"",21,"","","",20,"",137,25,18,28,"","","","","","","","","","",""
53,Babehr,CGWB,2,Himachal Pradesh,26,UNA,AMB(T),AMB,Babehr,-,-,-,-,-,-,31.79250000,75.98583333,30-05-2020 08:00,8.06,353,"","",203,"",21,"","","",20,"","",25,18,28,"","","","","","","","","","",""
54,Babehr,CGWB,2,Himachal Pradesh,26,UNA,AMB(T),AMB,Babehr,-,-,-,-,-,-,31.79250000,75.98583333,30-05-2021 08:00,7.89,1099,"",0,183,"",142,"",152,"","","",360,92,32,86,"","","","","","","","","","",""
55,Babehr,CGWB,2,Himachal Pradesh,26,UNA,AMB(T),AMB,Babehr,-,-,-,-,-,-,31.79250000,75.98583333,04-02-2022 16:27,"",385,"",12,79,"",71,"",0,"",11,"",155,28,21,26,"","","","","","","","","","",""
56,Baddi,CGWB,2,Himachal Pradesh,25,SOLAN,NALAGARH(T),NALAGARH,Baddi,-,-,-,-,-,-,30.92416667,76.79444444,25-05-2000 00:00,7.45,337,"",0,179,146.72,14,"","","","","",135,40,8.56,"","","","","","","","","","","",""
57,Baddi,CGWB,2,Himachal Pradesh,25,SOLAN,NALAGARH(T),NALAGARH,Baddi,-,-,-,-,-,-,30.92416667,76.79444444,25-05-2001 00:00,7.59,464,"",0,244,200,14,"","","","","",205,56,15.87,30,"","","","","","","","","","",""
58,Baddi,CGWB,2,Himachal Pradesh,25,SOLAN,NALAGARH(T),NALAGARH,Baddi,-,-,-,-,-,-,30.92416667,76.79444444,25-05-2002 00:00,8.15,760,"",0,92,75.41,142,"","","","","",180,46,15.86,80,"","","","","","","","","","",""
59,Baddi,CGWB,2,Himachal Pradesh,25,SOLAN,NALAGARH(T),NALAGARH,Baddi,-,-,-,-,-,-,30.92416667,76.79444444,25-05-2003 00:00,7.56,1118,"","",451,369.67,113,"","","","","",410,142,13.54,72,"","","","","","","","","","",""
60,Baddi,CGWB,2,Himachal Pradesh,25,SOLAN,NALAGARH(T),NALAGARH,Baddi,-,-,-,-,-,-,30.92416667,76.79444444,25-05-2004 00:00,7.68,1026,"",0,390,319.67,121,"","","","","",416,112,33.2,79,"","","","","","","","","","",""
61,Baddi,CGWB,2,Himachal Pradesh,25,SOLAN,NALAGARH(T),NALAGARH,Baddi,-,-,-,-,-,-,30.92416667,76.79444444,25-05-2005 00:00,7.8,850,"","",281,230.33,135,"","","","","",220,48,24,110,"","","","","","","","","","",""
62,Baddi,CGWB,2,Himachal Pradesh,25,SOLAN,NALAGARH(T),NALAGARH,Baddi,-,-,-,-,-,-,30.92416667,76.79444444,25-05-2006 00:00,8.1,795,"","",214,175.41,149,"","","","","",230,43,30,77,"","","","","","","","","","",""
63,Baddi,CGWB,2,Himachal Pradesh,25,SOLAN,NALAGARH(T),NALAGARH,Baddi,-,-,-,-,-,-,30.92416667,76.79444444,25-05-2008 00:00,7.45,990,"","",305,250,135,"",70,"","","",330,86,28,71,"","","","","","","","","","",""
64,Baddi,CGWB,2,Himachal Pradesh,25,SOLAN,NALAGARH(T),NALAGARH,Baddi,-,-,-,-,-,-,30.92416667,76.79444444,25-05-2009 00:00,7.9,1260,"","",616,504.92,82,"",135,"","","",530,164,29,108,"","","","","","","","","","",""
65,Baddi,CGWB,2,Himachal Pradesh,25,SOLAN,NALAGARH(T),NALAGARH,Baddi,-,-,-,-,-,-,30.92416667,76.79444444,25-05-2010 00:00,7.75,1100,"","",81,66.39,264,"",20,"","","",206,55,17,138,"","","","","","","","","","",""
66,Baddi,CGWB,2,Himachal Pradesh,25,SOLAN,NALAGARH(T),NALAGARH,Baddi,-,-,-,-,-,-,30.92416667,76.79444444,25-05-2011 00:00,8.3,1420,"","",470,385.25,174,"",80,"","","",435,138,22,134,"","","","","","","","","","",""
67,Baddi,CGWB,2,Himachal Pradesh,25,SOLAN,NALAGARH(T),NALAGARH,Baddi,-,-,-,-,-,-,30.92416667,76.79444444,25-05-2012 00:00,7.95,230,"","",138,113.11,18,"","","","","",100,16,2.4,17,"","","","","","","","","","",""
68,Baddi,CGWB,2,Himachal Pradesh,25,SOLAN,NALAGARH(T),NALAGARH,Baddi,-,-,-,-,-,-,30.92416667,76.79444444,30-05-2021 08:00,7.74,1710,1111.5,0,585.6,"",220,"",25,0.21,"","",510,144,36.48,103.2,"","","","","","","","","","",""
69,Badripur,CGWB,2,Himachal Pradesh,24,SIRMAUR,PAONTA SAHIB(T),PAONTA SAHIB,Badripur,-,-,-,-,-,-,30.44027778,77.62361111,25-05-2003 00:00,7.56,523,"","",146,119.67,18,"","","","","",260,66,23.18,9,"","","","","","","","","","",""
70,Badripur,CGWB,2,Himachal Pradesh,24,SIRMAUR,PAONTA SAHIB(T),PAONTA SAHIB,Badripur,-,-,-,-,-,-,30.44027778,77.62361111,25-05-2005 00:00,7.7,515,"","",183,150,15,"","","","","",255,68,20.75,9.2,"","","","","","","","","","",""
71,Badripur,CGWB,2,Himachal Pradesh,24,SIRMAUR,PAONTA SAHIB(T),PAONTA SAHIB,Badripur,-,-,-,-,-,-,30.44027778,77.62361111,25-05-2006 00:00,7.7,515,"","",183,150,15,"","","","","",255,68,20.75,9.2,"","","","","","","","","","",""
72,Badripur,CGWB,2,Himachal Pradesh,24,SIRMAUR,PAONTA SAHIB(T),PAONTA SAHIB,Badripur,-,-,-,-,-,-,30.44027778,77.62361111,25-05-2007 00:00,7.55,430,"","",109,89.34,15,"",97,"","","",210,51,20,10,"","","","","","","","","","",""
73,Badripur,CGWB,2,Himachal Pradesh,24,SIRMAUR,PAONTA SAHIB(T),PAONTA SAHIB,Badripur,-,-,-,-,-,-,30.44027778,77.62361111,25-05-2008 00:00,7.9,460,"","",159,130.33,18,"",96,"","","",245,62,22,12,"","","","","","","","","","",""
74,Badripur,CGWB,2,Himachal Pradesh,24,SIRMAUR,PAONTA SAHIB(T),PAONTA SAHIB,Badripur,-,-,-,-,-,-,30.44027778,77.62361111,25-05-2009 00:00,7.9,420,"","",122,100,14,"",80,"","","",200,46,21,9.4,"","","","","","","","","","",""
75,Badripur,CGWB,2,Himachal Pradesh,24,SIRMAUR,PAONTA SAHIB(T),PAONTA SAHIB,Badripur,-,-,-,-,-,-,30.44027778,77.62361111,25-05-2010 00:00,7.55,480,"","",175,143.44,14,"",15,"","","",196,59,12,8.6,"","","","","","","","","","",""
76,Badripur,CGWB,2,Himachal Pradesh,24,SIRMAUR,PAONTA SAHIB(T),PAONTA SAHIB,Badripur,-,-,-,-,-,-,30.44027778,77.62361111,25-05-2011 00:00,8.25,400,"","",165,135.25,18,"",30,"","","",185,40,21,8.8,"","","","","","","","","","",""
77,Badripur,CGWB,2,Himachal Pradesh,24,SIRMAUR,PAONTA SAHIB(T),PAONTA SAHIB,Badripur,-,-,-,-,-,-,30.44027778,77.62361111,25-05-2012 00:00,8.24,520,"","",201,164.75,32,"",49,"","","",245,56,26,14.3,"","","","","","","","","","",""
78,Badripur,CGWB,2,Himachal Pradesh,24,SIRMAUR,PAONTA SAHIB(T),PAONTA SAHIB,Badripur,-,-,-,-,-,-,30.44027778,77.62361111,25-05-2014 00:00,7.59,420,"",0,218,178.69,18,"",33,"","","",165,28,23.13,38,"","","","","","","","","","",""
79,Badripur,CGWB,2,Himachal Pradesh,24,SIRMAUR,PAONTA SAHIB(T),PAONTA SAHIB,Badripur,-,-,-,-,-,-,30.44027778,77.62361111,25-05-2015 00:00,7.73,390,"",0,116,95.08,25,"",63,"","","",190,36,24.36,12,"","","","","","","","","","",""
80,Badripur,CGWB,2,Himachal Pradesh,24,SIRMAUR,PAONTA SAHIB(T),PAONTA SAHIB,Badripur,-,-,-,-,-,-,30.44027778,77.62361111,25-05-2018 00:00,8.22,446,0,0,122,0,43,"",36,"",0,"",0,32,26,25.3,"",0,0,"","","","","","","",""
81,Badripur,CGWB,2,Himachal Pradesh,24,SIRMAUR,PAONTA SAHIB(T),PAONTA SAHIB,Badripur,-,-,-,-,-,-,30.44027778,77.62361111,30-05-2019 08:00,8.21,431,"","",130,"",35,"","","",15,"",168,34,20,19,"","","","","","","","","","",""
82,Badripur,CGWB,2,Himachal Pradesh,24,SIRMAUR,PAONTA SAHIB(T),PAONTA SAHIB,Badripur,-,-,-,-,-,-,30.44027778,77.62361111,30-05-2020 08:00,8.21,431,"","",130,"",35,"","","",15,"","",34,20,19,"","","","","","","","","","",""
83,Badshara,CGWB,2,Himachal Pradesh,26,UNA,HAROLI(T),HAROLI,Badshara,-,-,-,-,-,-,31.41250000,76.33750000,25-05-2003 00:00,7.64,792,"","",317,259.84,43,"","","","","",295,82,21.98,32,"","","","","","","","","","",""
84,Badshara,CGWB,2,Himachal Pradesh,26,UNA,HAROLI(T),HAROLI,Badshara,-,-,-,-,-,-,31.41250000,76.33750000,25-05-2004 00:00,8.18,561,"",0,177,145.08,82,"","","","","",195,36,25.57,56,"","","","","","","","","","",""
85,Badshara,CGWB,2,Himachal Pradesh,26,UNA,HAROLI(T),HAROLI,Badshara,-,-,-,-,-,-,31.41250000,76.33750000,25-05-2005 00:00,8.27,946,"","",376,308.2,78,"","","","","",446,148,18.66,46,"","","","","","","","","","",""
86,Badshara,CGWB,2,Himachal Pradesh,26,UNA,HAROLI(T),HAROLI,Badshara,-,-,-,-,-,-,31.41250000,76.33750000,25-05-2006 00:00,8.1,420,"","",134,109.84,43,"","","","","",169,39,17,31,"","","","","","","","","","",""
87,Badshara,CGWB,2,Himachal Pradesh,26,UNA,HAROLI(T),HAROLI,Badshara,-,-,-,-,-,-,31.41250000,76.33750000,25-05-2007 00:00,7.62,411,"","",116,95.08,37,"",43,"","","",148,37,14,30,"","","","","","","","","","",""
88,Badshara,CGWB,2,Himachal Pradesh,26,UNA,HAROLI(T),HAROLI,Badshara,-,-,-,-,-,-,31.41250000,76.33750000,25-05-2008 00:00,7.55,690,"","",201,164.75,85,"",96,"","","",280,84,17,56,"","","","","","","","","","",""
89,Baduhi,CGWB,2,Himachal Pradesh,26,UNA,AMB(T),AMB,Baduhi,-,-,-,-,-,-,31.59166667,76.15833333,25-05-2000 00:00,7.96,298,"",0,162,132.79,14,"","","","","",115,36,6.12,"","","","","","","","","","","",""
90,Baduhi,CGWB,2,Himachal Pradesh,26,UNA,AMB(T),AMB,Baduhi,-,-,-,-,-,-,31.59166667,76.15833333,25-05-2003 00:00,7.55,305,"","",165,135.25,11,"","","","","",130,40,7.34,19,"","","","","","","","","","",""
91,Bagnalla,CGWB,2,Himachal Pradesh,17,HAMIRPUR,NADAUN(T),NADAUN,Bagnalla,-,-,-,-,-,-,31.77916667,76.33750000,25-05-2003 00:00,7.51,348,"","",153,125.41,18,"","","","","",175,44,15.86,12,"","","","","","","","","","",""
92,Bagnalla,CGWB,2,Himachal Pradesh,17,HAMIRPUR,NADAUN(T),NADAUN,Bagnalla,-,-,-,-,-,-,31.77916667,76.33750000,25-05-2005 00:00,8.18,369,"","",140,114.75,25,"","","","","",172,52,10.27,13,"","","","","","","","","","",""
93,Bagnalla,CGWB,2,Himachal Pradesh,17,HAMIRPUR,NADAUN(T),NADAUN,Bagnalla,-,-,-,-,-,-,31.77916667,76.33750000,25-05-2006 00:00,8.02,290,"","",110,90.16,25,"","","","","",153,31,19,12,"","","","","","","","","","",""
94,Bagnalla,CGWB,2,Himachal Pradesh,17,HAMIRPUR,NADAUN(T),NADAUN,Bagnalla,-,-,-,-,-,-,31.77916667,76.33750000,25-05-2007 00:00,7.73,384,"","",183,150,15,"",15,"","","",174,51,11,14,"","","","","","","","","","",""
95,Bagnalla,CGWB,2,Himachal Pradesh,17,HAMIRPUR,NADAUN(T),NADAUN,Bagnalla,-,-,-,-,-,-,31.77916667,76.33750000,25-05-2008 00:00,8.1,330,"","",159,130.33,18,"",14,"","","",160,48,9.7,12,"","","","","","","","","","",""
96,Bagnalla,CGWB,2,Himachal Pradesh,17,HAMIRPUR,NADAUN(T),NADAUN,Bagnalla,-,-,-,-,-,-,31.77916667,76.33750000,25-05-2009 00:00,7.7,370,"","",177,145.08,14,"",16,"","","",165,42,15,14,"","","","","","","","","","",""
97,Bagnalla,CGWB,2,Himachal Pradesh,17,HAMIRPUR,NADAUN(T),NADAUN,Bagnalla,-,-,-,-,-,-,31.77916667,76.33750000,25-05-2010 00:00,7.95,360,"","",201,164.75,21,"","","","","",177,43,17,15,"","","","","","","","","","",""
98,Bagnalla,CGWB,2,Himachal Pradesh,17,HAMIRPUR,NADAUN(T),NADAUN,Bagnalla,-,-,-,-,-,-,31.77916667,76.33750000,25-05-2011 00:00,8.2,430,"","",189,154.92,18,"",15,"","","",185,48,16,12,"","","","","","","","","","",""
99,Bagnalla,CGWB,2,Himachal Pradesh,17,HAMIRPUR,NADAUN(T),NADAUN,Bagnalla,-,-,-,-,-,-,31.77916667,76.33750000,25-05-2012 00:00,8.02,280,"","",12,9.84,25,"",85,"","","",120,30,10.98,14,"","","","","","","","","","",""
100,Bagnalla,CGWB,2,Himachal Pradesh,17,HAMIRPUR,NADAUN(T),NADAUN,Bagnalla,-,-,-,-,-,-,31.77916667,76.33750000,25-05-2013 00:00,8.75,380,"",6,165,145.25,18,"",34,"","","",175,38,20,22,"","","","","","","","","","",""
101,Bahangrotu,CGWB,2,Himachal Pradesh,22,MANDI,MANDI(T),MANDI,Bahangrotu,-,-,-,-,-,-,31.60833333,76.92083333,25-05-2002 00:00,8.05,926,"","",92,75.41,177,"","","","","",295,62,34.11,65,"","","","","","","","","","",""
102,Bahangrotu,CGWB,2,Himachal Pradesh,22,MANDI,MANDI(T),MANDI,Bahangrotu,-,-,-,-,-,-,31.60833333,76.92083333,25-05-2003 00:00,7.89,914,"","",98,80.33,181,"","","","","",315,72,32.91,59,"","","","","","","","","","",""
103,Bahangrotu,CGWB,2,Himachal Pradesh,22,MANDI,MANDI(T),MANDI,Bahangrotu,-,-,-,-,-,-,31.60833333,76.92083333,25-05-2004 00:00,7.83,1441,"",0,494,404.92,192,"","","","","",250,68,19.53,104,"","","","","","","","","","",""
104,Bahangrotu,CGWB,2,Himachal Pradesh,22,MANDI,MANDI(T),MANDI,Bahangrotu,-,-,-,-,-,-,31.60833333,76.92083333,25-05-2005 00:00,7.65,480,"","",237,194.26,39,"","","","","",231,67,15,18,"","","","","","","","","","",""
105,Bahangrotu,CGWB,2,Himachal Pradesh,22,MANDI,MANDI(T),MANDI,Bahangrotu,-,-,-,-,-,-,31.60833333,76.92083333,25-05-2006 00:00,8.15,485,"","",171,140.16,82,"","","","","",163,29,22,40,"","","","","","","","","","",""
106,Bahangrotu,CGWB,2,Himachal Pradesh,22,MANDI,MANDI(T),MANDI,Bahangrotu,-,-,-,-,-,-,31.60833333,76.92083333,25-05-2007 00:00,7.14,1388,"","",330,270.49,233,"",75,"","","",538,153,38,102,"","","","","","","","","","",""
107,Bahangrotu,CGWB,2,Himachal Pradesh,22,MANDI,MANDI(T),MANDI,Bahangrotu,-,-,-,-,-,-,31.60833333,76.92083333,25-05-2008 00:00,7.35,1400,"","",372,304.92,234,"",26,"","","",580,170,38,93,"","","","","","","","","","",""
108,Bahangrotu,CGWB,2,Himachal Pradesh,22,MANDI,MANDI(T),MANDI,Bahangrotu,-,-,-,-,-,-,31.60833333,76.92083333,25-05-2009 00:00,7.7,1480,"","",491,402.46,135,"",115,"","","",600,180,36,77,"","","","","","","","","","",""
109,Bahangrotu,CGWB,2,Himachal Pradesh,22,MANDI,MANDI(T),MANDI,Bahangrotu,-,-,-,-,-,-,31.60833333,76.92083333,25-05-2010 00:00,7.8,290,"","",148,121.31,14,"","","","","",88,27,4.7,27,"","","","","","","","","","",""
110,Bahangrotu,CGWB,2,Himachal Pradesh,22,MANDI,MANDI(T),MANDI,Bahangrotu,-,-,-,-,-,-,31.60833333,76.92083333,25-05-2011 00:00,8,1190,"","",140,114.75,220,"",75,"","","",400,64,58,78,"","","","","","","","","","",""
111,Bahangrotu,CGWB,2,Himachal Pradesh,22,MANDI,MANDI(T),MANDI,Bahangrotu,-,-,-,-,-,-,31.60833333,76.92083333,25-05-2012 00:00,7.38,1320,"","",122,100,255,"",101,"","","",385,66,54,102,"","","","","","","","","","",""
112,Bahangrotu,CGWB,2,Himachal Pradesh,22,MANDI,MANDI(T),MANDI,Bahangrotu,-,-,-,-,-,-,31.60833333,76.92083333,25-05-2014 00:00,7.58,1260,"","",122,100,245,"",180,"","","",423,74,57.96,97,"","","","","","","","","","",""
113,Bahangrotu,CGWB,2,Himachal Pradesh,22,MANDI,MANDI(T),MANDI,Bahangrotu,-,-,-,-,-,-,31.60833333,76.92083333,25-05-2015 00:00,7.58,1260,"","","","","","","","","","",423.3,74.15,55.94,"","","","","","","","","","","",""
114,Bahangrotu,CGWB,2,Himachal Pradesh,22,MANDI,MANDI(T),MANDI,Bahangrotu,-,-,-,-,-,-,31.60833333,76.92083333,25-05-2018 00:00,7.82,1231,0,0,244,0,198,"",121,"",0,"",0,77,56,97,"",0,0,"","","","","","","",""
115,Bandh,CGWB,2,Himachal Pradesh,18,KANGRA,KANGRA(T),KANGRA,Bandh,-,-,-,-,-,-,32.01250000,76.23333333,25-05-2003 00:00,8.11,628,"","",128,104.92,125,"","","","","",175,18,31.63,57,"","","","","","","","","","",""
116,Bandh,CGWB,2,Himachal Pradesh,18,KANGRA,KANGRA(T),KANGRA,Bandh,-,-,-,-,-,-,32.01250000,76.23333333,25-05-2004 00:00,7.46,959,"",0,311,254.92,121,"","","","","",330,70,37.77,80,"","","","","","","","","","",""
117,Bandh,CGWB,2,Himachal Pradesh,18,KANGRA,KANGRA(T),KANGRA,Bandh,-,-,-,-,-,-,32.01250000,76.23333333,25-05-2005 00:00,7.66,819,"","",281,230.33,92,"","","","","",326,42,53.78,30,"","","","","","","","","","",""
118,Bandh,CGWB,2,Himachal Pradesh,18,KANGRA,KANGRA(T),KANGRA,Bandh,-,-,-,-,-,-,32.01250000,76.23333333,25-05-2006 00:00,8,383,"","",165,135.25,43,"","","","","",138,27,17,35,"","","","","","","","","","",""
119,Bandh,CGWB,2,Himachal Pradesh,18,KANGRA,KANGRA(T),KANGRA,Bandh,-,-,-,-,-,-,32.01250000,76.23333333,25-05-2007 00:00,7.41,748,"","",229,187.7,100,"",40,"","","",259,69,21,60,"","","","","","","","","","",""
120,Bandh,CGWB,2,Himachal Pradesh,18,KANGRA,KANGRA(T),KANGRA,Bandh,-,-,-,-,-,-,32.01250000,76.23333333,25-05-2008 00:00,7.45,795,"","",323,264.75,124,"","","","","",310,66,35,57,"","","","","","","","","","",""
121,Bandh,CGWB,2,Himachal Pradesh,18,KANGRA,KANGRA(T),KANGRA,Bandh,-,-,-,-,-,-,32.01250000,76.23333333,25-05-2009 00:00,7.1,840,"","",329,269.67,85,"",80,"","","",325,76,35,66,"","","","","","","","","","",""
122,Bandh,CGWB,2,Himachal Pradesh,18,KANGRA,KANGRA(T),KANGRA,Bandh,-,-,-,-,-,-,32.01250000,76.23333333,25-05-2010 00:00,7.7,680,"","",214,175.41,106,"",30,"","","",222,40,29,65,"","","","","","","","","","",""
123,Bandh,CGWB,2,Himachal Pradesh,18,KANGRA,KANGRA(T),KANGRA,Bandh,-,-,-,-,-,-,32.01250000,76.23333333,25-05-2011 00:00,7.97,610,"","",226,185.25,60,"",22,"","","",215,50,22,46,"","","","","","","","","","",""
124,Bandh,CGWB,2,Himachal Pradesh,18,KANGRA,KANGRA(T),KANGRA,Bandh,-,-,-,-,-,-,32.01250000,76.23333333,25-05-2012 00:00,7.88,250,"","",140,114.75,18,"",5.7,"","","",125,34,10,9.3,"","","","","","","","","","",""
125,Bandh,CGWB,2,Himachal Pradesh,18,KANGRA,KANGRA(T),KANGRA,Bandh,-,-,-,-,-,-,32.01250000,76.23333333,25-05-2013 00:00,7.65,400,"","",189,154.92,32,"",77,"","","",200,38,26,41,"","","","","","","","","","",""
126,Bandh,CGWB,2,Himachal Pradesh,18,KANGRA,KANGRA(T),KANGRA,Bandh,-,-,-,-,-,-,32.01250000,76.23333333,25-05-2015 00:00,7.27,380,"",0,183,150,36,"",37,"","","",163.4,32.06,20.28,39.2,"","","","","","","","","","",""
127,Bandh,CGWB,2,Himachal Pradesh,18,KANGRA,KANGRA(T),KANGRA,Bandh,-,-,-,-,-,-,32.01250000,76.23333333,25-05-2018 00:00,8.31,310,0,36,85,0,28,"",8,"",0,"",0,36,7.29,28.5,"",0,0,"","","","","","","",""
128,Bandh,CGWB,2,Himachal Pradesh,18,KANGRA,KANGRA(T),KANGRA,Bandh,-,-,-,-,-,-,32.01250000,76.23333333,30-05-2019 08:00,8.45,310,"",12,159,"",28,"","","",23,"",110,32,7.3,24,"","","","","","","","","","",""
129,Bandh,CGWB,2,Himachal Pradesh,18,KANGRA,KANGRA(T),KANGRA,Bandh,-,-,-,-,-,-,32.01250000,76.23333333,30-05-2020 08:00,8.45,310,"","",159,"",28,"","","",23,"","",32,7.3,24,"","","","","","","","","","",""
130,Bandh,CGWB,2,Himachal Pradesh,18,KANGRA,KANGRA(T),KANGRA,Bandh,-,-,-,-,-,-,32.01250000,76.23333333,30-05-2021 08:00,7.4,354,"",0,67.1,"",49.63,"",41,"","","",130,28,14.5824,14.09,"","","","","","","","","","",""
131,Barotiwala,CGWB,2,Himachal Pradesh,25,SOLAN,NALAGARH(T),NALAGARH,Barotiwala,-,-,-,-,-,-,30.90527778,76.83972222,25-05-2009 00:00,8.2,660,"","",329,269.67,21,"",35,"","","",295,98,12,29,"","","","","","","","","","",""
132,Barotiwala,CGWB,2,Himachal Pradesh,25,SOLAN,NALAGARH(T),NALAGARH,Barotiwala,-,-,-,-,-,-,30.90527778,76.83972222,25-05-2010 00:00,7.6,328,"","",201,164.75,14,"","","","","",128,35,9.6,29,"","","","","","","","","","",""
133,Barotiwala,CGWB,2,Himachal Pradesh,25,SOLAN,NALAGARH(T),NALAGARH,Barotiwala,-,-,-,-,-,-,30.90527778,76.83972222,25-05-2011 00:00,7.64,690,"","",268,219.67,25,"",18,"","","",300,76,27,19,"","","","","","","","","","",""
134,Barotiwala,CGWB,2,Himachal Pradesh,25,SOLAN,NALAGARH(T),NALAGARH,Barotiwala,-,-,-,-,-,-,30.90527778,76.83972222,25-05-2012 00:00,7.98,220,"","",116,95.08,11,"",7.2,"","","",85,14,12,18,"","","","","","","","","","",""
135,Barotiwala,CGWB,2,Himachal Pradesh,25,SOLAN,NALAGARH(T),NALAGARH,Barotiwala,-,-,-,-,-,-,30.90527778,76.83972222,25-05-2014 00:00,7.82,340,"",0,140,114.75,18,"",51,"","","",145,22,22,25,"","","","","","","","","","",""
136,Barotiwala,CGWB,2,Himachal Pradesh,25,SOLAN,NALAGARH(T),NALAGARH,Barotiwala,-,-,-,-,-,-,30.90527778,76.83972222,25-05-2015 00:00,7.82,340,"",0,140,114.75,18,"",51,"","","",145,22,21.91,25,"","","","","","","","","","",""
137,Barotiwala,CGWB,2,Himachal Pradesh,25,SOLAN,NALAGARH(T),NALAGARH,Barotiwala,-,-,-,-,-,-,30.90527778,76.83972222,25-05-2018 00:00,8.31,251,0,24,85,0,21,"",13,"",0,"",0,20,12,30,"",0,0,"","","","","","","",""
138,Barun,CGWB,2,Himachal Pradesh,25,SOLAN,NALAGARH(T),NALAGARH,Barun,-,-,-,-,-,-,31.15416667,76.63611111,25-05-2000 00:00,7.85,332,"",0,192,157.38,14,"","","","","",132,24,17.53,"","","","","","","","","","","",""
139,Barun,CGWB,2,Himachal Pradesh,25,SOLAN,NALAGARH(T),NALAGARH,Barun,-,-,-,-,-,-,31.15416667,76.63611111,25-05-2001 00:00,7.55,518,"",0,311,254.92,11,"","","","","",260,66,23.18,30,"","","","","","","","","","",""
140,Barun,CGWB,2,Himachal Pradesh,25,SOLAN,NALAGARH(T),NALAGARH,Barun,-,-,-,-,-,-,31.15416667,76.63611111,25-05-2002 00:00,7.66,465,"",0,256,209.84,11,"","","","","",215,60,15.88,22,"","","","","","","","","","",""
141,Barun,CGWB,2,Himachal Pradesh,25,SOLAN,NALAGARH(T),NALAGARH,Barun,-,-,-,-,-,-,31.15416667,76.63611111,25-05-2003 00:00,7.67,665,"","",366,300,18,"","","","","",280,76,21.97,28,"","","","","","","","","","",""
142,Barun,CGWB,2,Himachal Pradesh,25,SOLAN,NALAGARH(T),NALAGARH,Barun,-,-,-,-,-,-,31.15416667,76.63611111,25-05-2004 00:00,7.57,648,"",0,362,296.72,18,"","","","","",333,88,27.58,13,"","","","","","","","","","",""
143,Barun,CGWB,2,Himachal Pradesh,25,SOLAN,NALAGARH(T),NALAGARH,Barun,-,-,-,-,-,-,31.15416667,76.63611111,25-05-2005 00:00,7.85,466,"",0,284,232.79,89,"","","","","",208,63,12.35,"","","","","","","","","","","",""
144,Barun,CGWB,2,Himachal Pradesh,25,SOLAN,NALAGARH(T),NALAGARH,Barun,-,-,-,-,-,-,31.15416667,76.63611111,25-05-2006 00:00,8.35,485,"",36,189,214.92,21,"","","","","",250,65,21,23,"","","","","","","","","","",""
145,Barun,CGWB,2,Himachal Pradesh,25,SOLAN,NALAGARH(T),NALAGARH,Barun,-,-,-,-,-,-,31.15416667,76.63611111,25-05-2007 00:00,7.8,585,"","",300,245.9,15,"","","","","",256,78,15,21,"","","","","","","","","","",""
146,Barun,CGWB,2,Himachal Pradesh,25,SOLAN,NALAGARH(T),NALAGARH,Barun,-,-,-,-,-,-,31.15416667,76.63611111,25-05-2008 00:00,7.7,530,"","",311,254.92,14,"",38,"","","",260,64,24,34,"","","","","","","","","","",""
147,Barun,CGWB,2,Himachal Pradesh,25,SOLAN,NALAGARH(T),NALAGARH,Barun,-,-,-,-,-,-,31.15416667,76.63611111,25-05-2010 00:00,7.5,337,"","",175,143.44,21,"","","","","",147,31,17,25,"","","","","","","","","","",""
148,Barun,CGWB,2,Himachal Pradesh,25,SOLAN,NALAGARH(T),NALAGARH,Barun,-,-,-,-,-,-,31.15416667,76.63611111,25-05-2011 00:00,8.25,400,"","",195,159.84,11,"",6,"","","",150,34,16,21,"","","","","","","","","","",""
149,Barun,CGWB,2,Himachal Pradesh,25,SOLAN,NALAGARH(T),NALAGARH,Barun,-,-,-,-,-,-,31.15416667,76.63611111,25-05-2012 00:00,7.81,300,"","",159,130.33,11,"",18,"","","",125,20,18,28,"","","","","","","","","","",""
150,Barun,CGWB,2,Himachal Pradesh,25,SOLAN,NALAGARH(T),NALAGARH,Barun,-,-,-,-,-,-,31.15416667,76.63611111,25-05-2014 00:00,7.45,750,"",0,220,180.33,29,"",57,"","","",240,42,32.87,34,"","","","","","","","","","",""
151,Barun,CGWB,2,Himachal Pradesh,25,SOLAN,NALAGARH(T),NALAGARH,Barun,-,-,-,-,-,-,31.15416667,76.63611111,25-05-2015 00:00,7.45,570,"",0,220,180.33,29,"",57,"","","",240,42,33,34,"","","","","","","","","","",""
152,Barun,CGWB,2,Himachal Pradesh,25,SOLAN,NALAGARH(T),NALAGARH,Barun,-,-,-,-,-,-,31.15416667,76.63611111,25-05-2018 00:00,8.44,281,0,24,98,0,21,"","","",0,"",0,20,12,33.2,"",0,0,"","","","","","","",""
153,Basa Bazira,CGWB,2,Himachal Pradesh,18,KANGRA,NURPUR(T),NURPUR,Basa Bazira,-,-,-,-,-,-,32.26916667,75.86972222,25-05-2014 00:00,6.98,390,"","",299,245.08,14,"",3,"","","",250,"",60.78,"","","","","","","","","","","",""
154,Basa Bazira,CGWB,2,Himachal Pradesh,18,KANGRA,NURPUR(T),NURPUR,Basa Bazira,-,-,-,-,-,-,32.26916667,75.86972222,25-05-2015 00:00,6.98,390,"",0,299,245.08,14,"",3,"","","",249.9,50.1,29.18,15.04,"","","","","","","","","","",""
155,Basa Bazira,CGWB,2,Himachal Pradesh,18,KANGRA,NURPUR(T),NURPUR,Basa Bazira,-,-,-,-,-,-,32.26916667,75.86972222,25-05-2018 00:00,8.49,344,0,36,98,0,21,"",16,"",0,"",0,24,29,9,"",0,0,"","","","","","","",""
156,Basa Bazira,CGWB,2,Himachal Pradesh,18,KANGRA,NURPUR(T),NURPUR,Basa Bazira,-,-,-,-,-,-,32.26916667,75.86972222,04-02-2022 10:48,"",560,"",0,323,"",14,"",0,"",17,"",260,52,32,15,"","","","","","","","","","",""
157,Bawal,CGWB,2,Himachal Pradesh,26,UNA,BANGANA(T),BANGANA,Bawal,-,-,-,-,-,-,31.54111111,76.31111111,25-05-2002 00:00,7.96,620,"","",362,296.72,32,"",1,"","","",190,28,29,68,"","","","","","","","","","",""
158,Bawal,CGWB,2,Himachal Pradesh,26,UNA,BANGANA(T),BANGANA,Bawal,-,-,-,-,-,-,31.54111111,76.31111111,25-05-2007 00:00,7.84,781,"","",442,362.3,22,"",29,"","","",231,25,41,92,"","","","","","","","","","",""
159,Bawal,CGWB,2,Himachal Pradesh,26,UNA,BANGANA(T),BANGANA,Bawal,-,-,-,-,-,-,31.54111111,76.31111111,25-05-2008 00:00,8.1,800,"","",506,414.75,28,"",15,"","","",295,58,36,91,"","","","","","","","","","",""
160,Bawal,CGWB,2,Himachal Pradesh,26,UNA,BANGANA(T),BANGANA,Bawal,-,-,-,-,-,-,31.54111111,76.31111111,25-05-2009 00:00,7.7,830,"","",519,425.41,18,"",24,"","","",260,48,34,100,"","","","","","","","","","",""
161,Bawal,CGWB,2,Himachal Pradesh,26,UNA,BANGANA(T),BANGANA,Bawal,-,-,-,-,-,-,31.54111111,76.31111111,25-05-2011 00:00,8.8,760,"",12,372,324.92,28,"",12,"","","",185,16,35,89,"","","","","","","","","","",""
162,Bawal,CGWB,2,Himachal Pradesh,26,UNA,BANGANA(T),BANGANA,Bawal,-,-,-,-,-,-,31.54111111,76.31111111,25-05-2013 00:00,8.39,710,"",12,254,228.2,25,"",148,"","","",195,18,37,101,"","","","","","","","","","",""
163,Bawal,CGWB,2,Himachal Pradesh,26,UNA,BANGANA(T),BANGANA,Bawal,-,-,-,-,-,-,31.54111111,76.31111111,25-05-2015 00:00,7.64,520,"",0,372,304.92,71,"",1,"","","",210,40,26.79,88.2,"","","","","","","","","","",""
164,Bawal,CGWB,2,Himachal Pradesh,26,UNA,BANGANA(T),BANGANA,Bawal,-,-,-,-,-,-,31.54111111,76.31111111,25-05-2018 00:00,8.53,667,0,48,244,0,35,"",35,"",0,"",0,20,32,89,"",0,0,"","","","","","","",""
165,Bawal,CGWB,2,Himachal Pradesh,26,UNA,BANGANA(T),BANGANA,Bawal,-,-,-,-,-,-,31.54111111,76.31111111,01-04-2022 16:33,8.43,664,"",6,49,"",75,"",201,"",10,"",160,24,24,95,"","","","","","","","","","",""
166,Bhadsali,CGWB,2,Himachal Pradesh,26,UNA,UNA(T),UNA,Badsali,-,-,-,-,-,-,31.47305556,76.17833333,25-05-2015 00:00,8.06,360,"",0,140,114.75,138,"",8,"","","",200,80,0.1,71.7,"","","","","","","","","","",""
167,Bhadsali,CGWB,2,Himachal Pradesh,26,UNA,UNA(T),UNA,Badsali,-,-,-,-,-,-,31.47305556,76.17833333,25-05-2018 00:00,7.97,1094,0,0,61,0,156,"",60,"",0,"",0,92,29,74,"",0,0,"","","","","","","",""
168,Bhadsali,CGWB,2,Himachal Pradesh,26,UNA,UNA(T),UNA,Badsali,-,-,-,-,-,-,31.47305556,76.17833333,04-02-2022 10:52,8.42,650,"",6,43,"",199,"",0,"",15,"",200,30,30,66,"","","","","","","","","","",""
169,Bhagheri,CGWB,2,Himachal Pradesh,25,SOLAN,NALAGARH(T),NALAGARH,Bhagheri,-,-,-,-,-,-,31.15972222,76.62222222,25-05-2000 00:00,7.7,1410,"",0,192,157.38,184,"","","","","",419,73,57.59,"","","","","","","","","","","",""
170,Bhagheri,CGWB,2,Himachal Pradesh,25,SOLAN,NALAGARH(T),NALAGARH,Bhagheri,-,-,-,-,-,-,31.15972222,76.62222222,25-05-2001 00:00,7.75,536,"",0,305,250,14,"","","","","",285,90,14.7,19,"","","","","","","","","","",""
171,Bhagheri,CGWB,2,Himachal Pradesh,25,SOLAN,NALAGARH(T),NALAGARH,Bhagheri,-,-,-,-,-,-,31.15972222,76.62222222,25-05-2002 00:00,8.22,277,"",0,159,130.33,14,"","","","","",120,26,13.4,32,"","","","","","","","","","",""
172,Bhagheri,CGWB,2,Himachal Pradesh,25,SOLAN,NALAGARH(T),NALAGARH,Bhagheri,-,-,-,-,-,-,31.15972222,76.62222222,25-05-2003 00:00,7.37,1327,"","",384,314.75,121,"","","","","",275,106,2.56,156,"","","","","","","","","","",""
173,Bhagheri,CGWB,2,Himachal Pradesh,25,SOLAN,NALAGARH(T),NALAGARH,Bhagheri,-,-,-,-,-,-,31.15972222,76.62222222,25-05-2004 00:00,7.52,1157,"",0,445,364.75,82,"","","","","",362,84,37.06,116,"","","","","","","","","","",""
174,Bhagheri,CGWB,2,Himachal Pradesh,25,SOLAN,NALAGARH(T),NALAGARH,Bhagheri,-,-,-,-,-,-,31.15972222,76.62222222,25-05-2005 00:00,7.5,915,"","",317,259.84,78,"","","","","",240,56,24.38,137,"","","","","","","","","","",""
175,Bhagheri,CGWB,2,Himachal Pradesh,25,SOLAN,NALAGARH(T),NALAGARH,Bhagheri,-,-,-,-,-,-,31.15972222,76.62222222,25-05-2006 00:00,7.75,835,"","",268,219.67,78,"","","","","",199,43,22,126,"","","","","","","","","","",""
176,Bhagheri,CGWB,2,Himachal Pradesh,25,SOLAN,NALAGARH(T),NALAGARH,Bhagheri,-,-,-,-,-,-,31.15972222,76.62222222,25-05-2007 00:00,7.41,843,"","",279,228.69,63,"",41,"","","",190,49,16,114,"","","","","","","","","","",""
177,Bhagheri,CGWB,2,Himachal Pradesh,25,SOLAN,NALAGARH(T),NALAGARH,Bhagheri,-,-,-,-,-,-,31.15972222,76.62222222,25-05-2008 00:00,7.8,870,"","",311,254.92,74,"",77,"","","",235,62,19,120,"","","","","","","","","","",""
178,Bhagheri,CGWB,2,Himachal Pradesh,25,SOLAN,NALAGARH(T),NALAGARH,Bhagheri,-,-,-,-,-,-,31.15972222,76.62222222,25-05-2009 00:00,7.6,1270,"","",561,459.84,60,"",12,"","","",410,76,17,108,"","","","","","","","","","",""
179,Bhagheri,CGWB,2,Himachal Pradesh,25,SOLAN,NALAGARH(T),NALAGARH,Bhagheri,-,-,-,-,-,-,31.15972222,76.62222222,25-05-2010 00:00,7.82,762,"","",228,186.89,69,"","","","","",137,27,17,111,"","","","","","","","","","",""
180,Bhagheri,CGWB,2,Himachal Pradesh,25,SOLAN,NALAGARH(T),NALAGARH,Bhagheri,-,-,-,-,-,-,31.15972222,76.62222222,25-05-2011 00:00,8.13,820,"","",281,230.33,71,"",25,"","","",260,50,33,90,"","","","","","","","","","",""
181,Bhagheri,CGWB,2,Himachal Pradesh,25,SOLAN,NALAGARH(T),NALAGARH,Bhagheri,-,-,-,-,-,-,31.15972222,76.62222222,25-05-2012 00:00,7.81,850,"","",220,180.33,89,"",29,"","","",265,34,44,90,"","","","","","","","","","",""
182,Bhagheri,CGWB,2,Himachal Pradesh,25,SOLAN,NALAGARH(T),NALAGARH,Bhagheri,-,-,-,-,-,-,31.15972222,76.62222222,25-05-2014 00:00,7.59,42,"",0,218,178.69,18,"",33,"","","",165,28,23.13,38,"","","","","","","","","","",""
183,Bhagheri,CGWB,2,Himachal Pradesh,25,SOLAN,NALAGARH(T),NALAGARH,Bhagheri,-,-,-,-,-,-,31.15972222,76.62222222,25-05-2015 00:00,7.59,420,"",0,218,178.69,18,"",33,"","","",165,28,23.13,38,"","","","","","","","","","",""
184,Bhagheri,CGWB,2,Himachal Pradesh,25,SOLAN,NALAGARH(T),NALAGARH,Bhagheri,-,-,-,-,-,-,31.15972222,76.62222222,25-05-2018 00:00,8.36,416,0,24,98,0,35,"",32,"",0,"",0,20,14,62.8,"",0,0,"","","","","","","",""
185,Bhali,CGWB,2,Himachal Pradesh,18,KANGRA,NURPUR(T),NURPUR,Bhali,-,-,-,-,-,-,32.22305556,76.10722222,04-02-2022 16:45,"",780,"",0,207,"",78,"",67,"",11,"",240,76,12,71,"","","","","","","","","","",""
186,Bhangana,CGWB,2,Himachal Pradesh,26,UNA,BANGANA(T),BANGANA,Bhangana,-,-,-,-,-,-,31.62361111,76.34194444,25-05-2007 00:00,7.9,358,"","",116,95.08,37,"",17,"","","",138,18,22,19,"","","","","","","","","","",""
187,Bhangana,CGWB,2,Himachal Pradesh,26,UNA,BANGANA(T),BANGANA,Bhangana,-,-,-,-,-,-,31.62361111,76.34194444,25-05-2008 00:00,7.45,540,"","",244,200,46,"",34,"","","",270,74,21,22,"","","","","","","","","","",""
188,Bhangana,CGWB,2,Himachal Pradesh,26,UNA,BANGANA(T),BANGANA,Bhangana,-,-,-,-,-,-,31.62361111,76.34194444,25-05-2009 00:00,7.5,550,"","",220,180.33,39,"",30,"","","",225,54,22,26,"","","","","","","","","","",""
189,Bhangana,CGWB,2,Himachal Pradesh,26,UNA,BANGANA(T),BANGANA,Bhangana,-,-,-,-,-,-,31.62361111,76.34194444,25-05-2010 00:00,7.65,457,"","",121,99.18,62,"",22,"","","",167,35,19.37,33,"","","","","","","","","","",""
190,Bhangana,CGWB,2,Himachal Pradesh,26,UNA,BANGANA(T),BANGANA,Bhangana,-,-,-,-,-,-,31.62361111,76.34194444,25-05-2011 00:00,8,610,"","",220,180.33,46,"",50,"","","",190,44,19,55,"","","","","","","","","","",""
191,Bhangana,CGWB,2,Himachal Pradesh,26,UNA,BANGANA(T),BANGANA,Bhangana,-,-,-,-,-,-,31.62361111,76.34194444,25-05-2012 00:00,7.85,370,"","",134,109.84,43,"",5,"","","",145,24,21,20,"","","","","","","","","","",""
192,Bhangana,CGWB,2,Himachal Pradesh,26,UNA,BANGANA(T),BANGANA,Bhangana,-,-,-,-,-,-,31.62361111,76.34194444,25-05-2013 00:00,8.1,500,"","",201,164.75,43,"",44,"","","",210,54,18,36,"","","","","","","","","","",""
193,Bhangana,CGWB,2,Himachal Pradesh,26,UNA,BANGANA(T),BANGANA,Bhangana,-,-,-,-,-,-,31.62361111,76.34194444,25-05-2014 00:00,7.72,430,"","",171,140.16,11,"",132,"","","",220,52,21.95,37,"","","","","","","","","","",""
194,Bhangana,CGWB,2,Himachal Pradesh,26,UNA,BANGANA(T),BANGANA,Bhangana,-,-,-,-,-,-,31.62361111,76.34194444,25-05-2015 00:00,7.72,430,"",0,171,140.16,11,"",132,"","","",220,52,21.95,371.08,"","","","","","","","","","",""
195,Bhangana,CGWB,2,Himachal Pradesh,26,UNA,BANGANA(T),BANGANA,Bhangana,-,-,-,-,-,-,31.62361111,76.34194444,25-05-2018 00:00,8.27,473,0,0,110,0,63,"",35,"",0,"",0,36,17,40,"",0,0,"","","","","","","",""
196,Bhangana,CGWB,2,Himachal Pradesh,26,UNA,BANGANA(T),BANGANA,Bhangana,-,-,-,-,-,-,31.62361111,76.34194444,30-05-2019 08:00,8.4,427,"",24,110,"",50,"","","",13,"",110,20,15,52,"","","","","","","","","","",""
197,Bhangana,CGWB,2,Himachal Pradesh,26,UNA,BANGANA(T),BANGANA,Bhangana,-,-,-,-,-,-,31.62361111,76.34194444,30-05-2020 08:00,8.4,427,"","",110,"",50,"","","",13,"","",20,15,52,"","","","","","","","","","",""
198,Bharoli,CGWB,2,Himachal Pradesh,18,KANGRA,DERA GOPIPUR(T),DERA GOPIPUR,Bharoli,-,-,-,-,-,-,31.79583333,76.33333333,25-05-2003 00:00,8.08,495,"","",244,200,35,"","","","","",210,32,31.65,23,"","","","","","","","","","",""
199,Bharoli,CGWB,2,Himachal Pradesh,18,KANGRA,DERA GOPIPUR(T),DERA GOPIPUR,Bharoli,-,-,-,-,-,-,31.79583333,76.33333333,25-05-2005 00:00,8.19,668,"","",292,239.34,43,"","","","","",321,32,58.63,28,"","","","","","","","","","",""
200,Bharoli,CGWB,2,Himachal Pradesh,18,KANGRA,DERA GOPIPUR(T),DERA GOPIPUR,Bharoli,-,-,-,-,-,-,31.79583333,76.33333333,25-05-2006 00:00,7.65,530,"","",244,200,43,"","","","","",265,41,40,25,"","","","","","","","","","",""
201,Bharoli,CGWB,2,Himachal Pradesh,18,KANGRA,DERA GOPIPUR(T),DERA GOPIPUR,Bharoli,-,-,-,-,-,-,31.79583333,76.33333333,25-05-2007 00:00,7.46,541,"","",261,213.93,50,"",11,"","","",239,53,26,29,"","","","","","","","","","",""
202,Bharoli,CGWB,2,Himachal Pradesh,18,KANGRA,DERA GOPIPUR(T),DERA GOPIPUR,Bharoli,-,-,-,-,-,-,31.79583333,76.33333333,25-05-2008 00:00,7.65,625,"","",287,235.25,50,"",43,"","","",300,68,32,26,"","","","","","","","","","",""
203,Bharoli,CGWB,2,Himachal Pradesh,18,KANGRA,DERA GOPIPUR(T),DERA GOPIPUR,Bharoli,-,-,-,-,-,-,31.79583333,76.33333333,25-05-2009 00:00,7.3,620,"","",256,209.84,36,"",50,"","","",265,56,30,35,"","","","","","","","","","",""
204,Bharoli,CGWB,2,Himachal Pradesh,18,KANGRA,DERA GOPIPUR(T),DERA GOPIPUR,Bharoli,-,-,-,-,-,-,31.79583333,76.33333333,25-05-2010 00:00,7.45,560,"","",142,116.39,64,"",104,"","","",253,61,25,34,"","","","","","","","","","",""
205,Bharoli,CGWB,2,Himachal Pradesh,18,KANGRA,DERA GOPIPUR(T),DERA GOPIPUR,Bharoli,-,-,-,-,-,-,31.79583333,76.33333333,25-05-2011 00:00,8.3,610,"",3,238,200.08,53,"",35,"","","",235,40,33,37,"","","","","","","","","","",""
206,Bharoli,CGWB,2,Himachal Pradesh,18,KANGRA,DERA GOPIPUR(T),DERA GOPIPUR,Bharoli,-,-,-,-,-,-,31.79583333,76.33333333,25-05-2012 00:00,8.28,470,"","",165,135.25,60,"",49,"","","",185,20,33,38,"","","","","","","","","","",""
207,Bharoli,CGWB,2,Himachal Pradesh,18,KANGRA,DERA GOPIPUR(T),DERA GOPIPUR,Bharoli,-,-,-,-,-,-,31.79583333,76.33333333,25-05-2013 00:00,8.07,540,"","",195,159.84,60,"",128,"","","",280,32,49,47,"","","","","","","","","","",""
208,Bharoli,CGWB,2,Himachal Pradesh,18,KANGRA,DERA GOPIPUR(T),DERA GOPIPUR,Bharoli,-,-,-,-,-,-,31.79583333,76.33333333,25-05-2014 00:00,7.93,640,"","",311,254.92,60,"",35,"","","",286,35,48.3,3,"","","","","","","","","","",""
209,Bharoli,CGWB,2,Himachal Pradesh,18,KANGRA,DERA GOPIPUR(T),DERA GOPIPUR,Bharoli,-,-,-,-,-,-,31.79583333,76.33333333,25-05-2015 00:00,7.93,640,"",0,311,254.92,60,"",35,"","","",285.6,54.11,36.61,40.2,"","","","","","","","","","",""
210,Bharoli,CGWB,2,Himachal Pradesh,18,KANGRA,DERA GOPIPUR(T),DERA GOPIPUR,Bharoli,-,-,-,-,-,-,31.79583333,76.33333333,25-05-2018 00:00,8.36,604,0,48,85,0,78,"",50,"",0,"",0,36,36,38,"",0,0,"","","","","","","",""
211,Bharoli,CGWB,2,Himachal Pradesh,18,KANGRA,DERA GOPIPUR(T),DERA GOPIPUR,Bharoli,-,-,-,-,-,-,31.79583333,76.33333333,30-05-2019 08:00,8.32,630,"",12,159,"",83,"","","",9.75,"",180,36,"",57,"","","","","","","","","","",""
212,Bharoli,CGWB,2,Himachal Pradesh,18,KANGRA,DERA GOPIPUR(T),DERA GOPIPUR,Bharoli,-,-,-,-,-,-,31.79583333,76.33333333,30-05-2020 08:00,8.32,630,"","",159,"",83,"","","",9.75,"","",36,"",57,"","","","","","","","","","",""
213,Bharoli,CGWB,2,Himachal Pradesh,18,KANGRA,DERA GOPIPUR(T),DERA GOPIPUR,Bharoli,-,-,-,-,-,-,31.79583333,76.33333333,30-05-2021 08:00,8.32,989,"",0,299,"",92,"",89,"","","",220,32,34,109,"","","","","","","","","","",""
214,Bharoli,CGWB,2,Himachal Pradesh,18,KANGRA,DERA GOPIPUR(T),DERA GOPIPUR,Bharoli,-,-,-,-,-,-,31.79583333,76.33333333,04-02-2022 12:24,"",540,"",18,122,"",82,"",29,"",18,"",205,28,33,35,"","","","","","","","","","",""
215,BHATOLI,CGWB,2,Himachal Pradesh,25,SOLAN,NALAGARH(T),NALAGARH,BHATOLI,-,-,-,-,-,-,31.16527778,76.61111111,25-05-2000 00:00,8.2,300,"",0,137,112.3,14,"","","","","",101,22,11.21,"","","","","","","","","","","",""
216,BHATOLI,CGWB,2,Himachal Pradesh,25,SOLAN,NALAGARH(T),NALAGARH,BHATOLI,-,-,-,-,-,-,31.16527778,76.61111111,25-05-2001 00:00,7.42,835,"",0,406,332.79,89,"","","","","",330,98,20.79,68,"","","","","","","","","","",""
217,BHATOLI,CGWB,2,Himachal Pradesh,25,SOLAN,NALAGARH(T),NALAGARH,BHATOLI,-,-,-,-,-,-,31.16527778,76.61111111,25-05-2002 00:00,8.05,540,"",0,268,219.67,21,"","","","","",230,64,17.1,34,"","","","","","","","","","",""
218,BHATOLI,CGWB,2,Himachal Pradesh,25,SOLAN,NALAGARH(T),NALAGARH,BHATOLI,-,-,-,-,-,-,31.16527778,76.61111111,25-05-2003 00:00,8.21,347,"","",134,109.84,18,"","","","","",115,30,9.76,31,"","","","","","","","","","",""
219,BHATOLI,CGWB,2,Himachal Pradesh,25,SOLAN,NALAGARH(T),NALAGARH,BHATOLI,-,-,-,-,-,-,31.16527778,76.61111111,25-05-2004 00:00,7.48,439,"",0,236,193.44,18,"","","","","",192,47,18.17,24,"","","","","","","","","","",""
220,BHATOLI,CGWB,2,Himachal Pradesh,25,SOLAN,NALAGARH(T),NALAGARH,BHATOLI,-,-,-,-,-,-,31.16527778,76.61111111,25-05-2006 00:00,7.8,370,"","",207,169.67,18,"","","","","",179,37,21,25,"","","","","","","","","","",""
221,BHATOLI,CGWB,2,Himachal Pradesh,25,SOLAN,NALAGARH(T),NALAGARH,BHATOLI,-,-,-,-,-,-,31.16527778,76.61111111,25-05-2007 00:00,7.89,315,"","",149,122.13,11,"",14,"","","",123,23,16,21,"","","","","","","","","","",""
222,BHATOLI,CGWB,2,Himachal Pradesh,25,SOLAN,NALAGARH(T),NALAGARH,BHATOLI,-,-,-,-,-,-,31.16527778,76.61111111,25-05-2008 00:00,7.65,625,"","",366,300,18,"",25,"","","",330,94,23,29,"","","","","","","","","","",""
223,BHATOLI,CGWB,2,Himachal Pradesh,25,SOLAN,NALAGARH(T),NALAGARH,BHATOLI,-,-,-,-,-,-,31.16527778,76.61111111,25-05-2009 00:00,7.7,470,"","",275,225.41,7.1,"",30,"","","",205,72,6,30,"","","","","","","","","","",""
224,BHATOLI,CGWB,2,Himachal Pradesh,25,SOLAN,NALAGARH(T),NALAGARH,BHATOLI,-,-,-,-,-,-,31.16527778,76.61111111,25-05-2010 00:00,7.55,360,"","",175,143.44,21,"","","","","",137,35,12,30,"","","","","","","","","","",""
225,BHATOLI,CGWB,2,Himachal Pradesh,25,SOLAN,NALAGARH(T),NALAGARH,BHATOLI,-,-,-,-,-,-,31.16527778,76.61111111,25-05-2011 00:00,8.3,350,"","",171,140.16,18,"","","","","",135,32,13,20,"","","","","","","","","","",""
226,BHATOLI,CGWB,2,Himachal Pradesh,25,SOLAN,NALAGARH(T),NALAGARH,BHATOLI,-,-,-,-,-,-,31.16527778,76.61111111,25-05-2012 00:00,7.85,340,"","",120,98.36,25,"",1.9,"","","",140,24,20,19,"","","","","","","","","","",""
227,BHATOLI,CGWB,2,Himachal Pradesh,25,SOLAN,NALAGARH(T),NALAGARH,BHATOLI,-,-,-,-,-,-,31.16527778,76.61111111,25-05-2015 00:00,7.51,520,"",0,195,159.84,18,"",60,"","","",220,42,28.01,27,"","","","","","","","","","",""
228,BHATOLI,CGWB,2,Himachal Pradesh,25,SOLAN,NALAGARH(T),NALAGARH,BHATOLI,-,-,-,-,-,-,31.16527778,76.61111111,25-05-2018 00:00,8.18,301,0,0,110,0,21,"",21,"",0,"",0,16,17,30,"",0,0,"","","","","","","",""
229,BHATOLI,CGWB,2,Himachal Pradesh,25,SOLAN,NALAGARH(T),NALAGARH,BHATOLI,-,-,-,-,-,-,31.16527778,76.61111111,30-05-2019 08:00,8.4,318,"",43,87,"",21,"","","",13,"",116,10,18,28,"","","","","","","","","","",""
230,BHATOLI,CGWB,2,Himachal Pradesh,25,SOLAN,NALAGARH(T),NALAGARH,BHATOLI,-,-,-,-,-,-,31.16527778,76.61111111,30-05-2020 08:00,8.4,318,"",43,87,"",21,"","","",13,"","",10,18,28,"","","","","","","","","","",""
231,BHATOLI,CGWB,2,Himachal Pradesh,25,SOLAN,NALAGARH(T),NALAGARH,BHATOLI,-,-,-,-,-,-,31.16527778,76.61111111,30-05-2021 08:00,7.54,1140,741,0,512.4,"",77.99,"",75,0.1,"","",400,76,51.072,94.3,"","","","","","","","","","",""
232,Bijari,CGWB,2,Himachal Pradesh,17,HAMIRPUR,NADAUN(T),NADAUN,Bijari,-,-,-,-,-,-,31.52250000,76.53916667,25-05-2007 00:00,8.25,290,"","",109,89.34,26,"",15,"","","",118,29,11,14,"","","","","","","","","","",""
233,Bijari,CGWB,2,Himachal Pradesh,17,HAMIRPUR,NADAUN(T),NADAUN,Bijari,-,-,-,-,-,-,31.52250000,76.53916667,25-05-2008 00:00,7.25,375,"","",146,119.67,35,"",19,"","","",185,54,12,14,"","","","","","","","","","",""
234,Bijari,CGWB,2,Himachal Pradesh,17,HAMIRPUR,NADAUN(T),NADAUN,Bijari,-,-,-,-,-,-,31.52250000,76.53916667,25-05-2009 00:00,7.7,400,"","",165,135.25,21,"",10,"","","",160,48,9.7,14,"","","","","","","","","","",""
235,Bijari,CGWB,2,Himachal Pradesh,17,HAMIRPUR,NADAUN(T),NADAUN,Bijari,-,-,-,-,-,-,31.52250000,76.53916667,25-05-2010 00:00,7.65,415,"","",175,143.44,35,"","","","","",177,55,9.6,16,"","","","","","","","","","",""
236,Bijari,CGWB,2,Himachal Pradesh,17,HAMIRPUR,NADAUN(T),NADAUN,Bijari,-,-,-,-,-,-,31.52250000,76.53916667,25-05-2011 00:00,8.3,430,"","",165,135.25,28,"",32,"","","",185,42,19,15,"","","","","","","","","","",""
237,Bijari,CGWB,2,Himachal Pradesh,17,HAMIRPUR,NADAUN(T),NADAUN,Bijari,-,-,-,-,-,-,31.52250000,76.53916667,25-05-2012 00:00,8.17,360,"","",153,125.41,28,"",26,"","","",165,48,11,13,"","","","","","","","","","",""
238,Bijari,CGWB,2,Himachal Pradesh,17,HAMIRPUR,NADAUN(T),NADAUN,Bijari,-,-,-,-,-,-,31.52250000,76.53916667,25-05-2013 00:00,8.23,360,"","",122,100,36,"",22,"","","",145,34,15,20,"","","","","","","","","","",""
239,Bijari,CGWB,2,Himachal Pradesh,17,HAMIRPUR,NADAUN(T),NADAUN,Bijari,-,-,-,-,-,-,31.52250000,76.53916667,25-05-2015 00:00,8.52,290,"","",97.6,80,39,"",26,"","","",125,28,13.41,19.3,"","","","","","","","","","",""
240,Bijari,CGWB,2,Himachal Pradesh,17,HAMIRPUR,NADAUN(T),NADAUN,Bijari,-,-,-,-,-,-,31.52250000,76.53916667,25-05-2018 00:00,8.3,364,0,24,73,0,43,"",22,"",0,"",0,32,17,22,"",0,0,"","","","","","","",""
241,Bijari,CGWB,2,Himachal Pradesh,17,HAMIRPUR,NADAUN(T),NADAUN,Bijari,-,-,-,-,-,-,31.52250000,76.53916667,30-05-2021 08:00,7.82,1240,806,0,454,"",136,"",42,0.07,"","",320,58,42.56,140,"","","","","","","","","","",""
242,Bilna,CGWB,2,Himachal Pradesh,26,UNA,HAROLI(T),HAROLI,Bilna,-,-,-,-,-,-,31.38750000,76.20000000,25-05-2004 00:00,8.15,356,"",0,195,159.84,11,"","","","","",155,24,23.13,11,"","","","","","","","","","",""
243,Bod,CGWB,2,Himachal Pradesh,18,KANGRA,NURPUR(T),NURPUR,Bod,-,-,-,-,-,-,32.28750000,75.87083333,25-05-2003 00:00,8.2,857,"","",335,274.59,64,"","","","","",375,58,55.99,38,"","","","","","","","","","",""
244,Bod,CGWB,2,Himachal Pradesh,18,KANGRA,NURPUR(T),NURPUR,Bod,-,-,-,-,-,-,32.28750000,75.87083333,25-05-2004 00:00,7.87,956,"",0,403,330.33,46,"","","","","",395,94,39.02,34,"","","","","","","","","","",""
245,Bod,CGWB,2,Himachal Pradesh,18,KANGRA,NURPUR(T),NURPUR,Bod,-,-,-,-,-,-,32.28750000,75.87083333,25-05-2005 00:00,8.48,782,"",24,345,322.79,46,"","","","","",369,112,21.77,9,"","","","","","","","","","",""
246,Bod,CGWB,2,Himachal Pradesh,18,KANGRA,NURPUR(T),NURPUR,Bod,-,-,-,-,-,-,32.28750000,75.87083333,25-05-2006 00:00,8.15,762,"","",420,344.26,57,"","","","","",393,98,36,35,"","","","","","","","","","",""
247,Bod,CGWB,2,Himachal Pradesh,18,KANGRA,NURPUR(T),NURPUR,Bod,-,-,-,-,-,-,32.28750000,75.87083333,25-05-2007 00:00,7.5,957,"","",402,329.51,54,"",66,"","","",406,106,35,37,"","","","","","","","","","",""
248,Bod,CGWB,2,Himachal Pradesh,18,KANGRA,NURPUR(T),NURPUR,Bod,-,-,-,-,-,-,32.28750000,75.87083333,25-05-2008 00:00,8.2,720,"","",336,275.41,43,"",36,"","","",325,90,24,34,"","","","","","","","","","",""
249,Bod,CGWB,2,Himachal Pradesh,18,KANGRA,NURPUR(T),NURPUR,Bod,-,-,-,-,-,-,32.28750000,75.87083333,25-05-2009 00:00,7.9,740,"","",378,309.84,18,"",50,"","","",310,90,21,34,"","","","","","","","","","",""
250,Bod,CGWB,2,Himachal Pradesh,18,KANGRA,NURPUR(T),NURPUR,Bod,-,-,-,-,-,-,32.28750000,75.87083333,25-05-2010 00:00,7.9,775,"","",376,308.2,57,"",2,"","","",313,93,20,43,"","","","","","","","","","",""
251,Bod,CGWB,2,Himachal Pradesh,18,KANGRA,NURPUR(T),NURPUR,Bod,-,-,-,-,-,-,32.28750000,75.87083333,25-05-2011 00:00,8.85,830,"",12,384,334.75,35,"",15,"","","",320,88,24,36,"","","","","","","","","","",""
252,Bod,CGWB,2,Himachal Pradesh,18,KANGRA,NURPUR(T),NURPUR,Bod,-,-,-,-,-,-,32.28750000,75.87083333,25-05-2012 00:00,8.46,790,"",18,378,339.84,7.09,"",71,"","","",360,112,20,28,"","","","","","","","","","",""
253,Bod,CGWB,2,Himachal Pradesh,18,KANGRA,NURPUR(T),NURPUR,Bod,-,-,-,-,-,-,32.28750000,75.87083333,25-05-2013 00:00,8.27,790,"","",409,335.25,53,"",75,"","","",390,94,38,50,"","","","","","","","","","",""
254,Bod,CGWB,2,Himachal Pradesh,18,KANGRA,NURPUR(T),NURPUR,Bod,-,-,-,-,-,-,32.28750000,75.87083333,25-05-2014 00:00,7.6,320,"","",110,90.16,14,"",75,"","","",46,10,5.12,65,"","","","","","","","","","",""
255,Bod,CGWB,2,Himachal Pradesh,18,KANGRA,NURPUR(T),NURPUR,Bod,-,-,-,-,-,-,32.28750000,75.87083333,25-05-2015 00:00,7.6,320,"",0,110,90.16,14,"",75,"","","",45.6,10.02,4.86,65,"","","","","","","","","","",""
256,Bod,CGWB,2,Himachal Pradesh,18,KANGRA,NURPUR(T),NURPUR,Bod,-,-,-,-,-,-,32.28750000,75.87083333,25-05-2018 00:00,8.39,681,0,36,73,0,78,"",78,"",0,"",0,48,32,35,"",0,0,"","","","","","","",""
257,Bod,CGWB,2,Himachal Pradesh,18,KANGRA,NURPUR(T),NURPUR,Bod,-,-,-,-,-,-,32.28750000,75.87083333,30-05-2019 08:00,8.6,795,"",60,232,"",57,"","","",22,"",290,56,"",48,"","","","","","","","","","",""
258,Bod,CGWB,2,Himachal Pradesh,18,KANGRA,NURPUR(T),NURPUR,Bod,-,-,-,-,-,-,32.28750000,75.87083333,30-05-2020 08:00,8.6,795,"","",232,"",57,"","","",22,"","",56,"",48,"","","","","","","","","","",""
259,Bod,CGWB,2,Himachal Pradesh,18,KANGRA,NURPUR(T),NURPUR,Bod,-,-,-,-,-,-,32.28750000,75.87083333,30-05-2021 08:00,7.49,2650,"",0,488.16,"",425.4,"",192,"","","",1080,128,184.7104,119.6,"","","","","","","","","","",""
260,Bod,CGWB,2,Himachal Pradesh,18,KANGRA,NURPUR(T),NURPUR,Bod,-,-,-,-,-,-,32.28750000,75.87083333,04-02-2022 11:03,"",1000,"",48,354,"",64,"",0,"",22,"",400,92,41,41,"","","","","","","","","","",""
261,Chakban Ambari,CGWB,2,Himachal Pradesh,18,KANGRA,HARCHAKIAN(T),HARCHAKIAN,Chakban Ambari,-,-,-,-,-,-,32.10666667,76.41083333,30-05-2019 08:00,8,150,"","",61,"",20,"","","",13,"",50,16,"",16,"","","","","","","","","","",""
262,Chakban Ambari,CGWB,2,Himachal Pradesh,18,KANGRA,HARCHAKIAN(T),HARCHAKIAN,Chakban Ambari,-,-,-,-,-,-,32.10666667,76.41083333,30-05-2020 08:00,8,150,"","",61,"",20,"","","",13,"","",16,"",16,"","","","","","","","","","",""
263,Chakban Ambari,CGWB,2,Himachal Pradesh,18,KANGRA,HARCHAKIAN(T),HARCHAKIAN,Chakban Ambari,-,-,-,-,-,-,32.10666667,76.41083333,04-02-2022 11:37,"",220,"",0,49,100,21,"",38,"",13,"","",20,12,8,"","","","","","","","","","",""
264,Changara,CGWB,2,Himachal Pradesh,18,KANGRA,-,-,-,-,-,-,-,-,-,32.17127000,75.69536000,30-05-2019 08:00,8.4,255,"",24,110,"",14,"","","",22,"",110,12,"",21,"","","","","","","","","","",""
265,Changara,CGWB,2,Himachal Pradesh,18,KANGRA,-,-,-,-,-,-,-,-,-,32.17127000,75.69536000,30-05-2020 08:00,8.4,255,"","",110,"",14,"","","",22,"","",12,"",21,"","","","","","","","","","",""
266,Changara,CGWB,2,Himachal Pradesh,18,KANGRA,-,-,-,-,-,-,-,-,-,32.17127000,75.69536000,30-05-2021 08:00,7.87,1137,"",0,347.814,"",145.345,"",72,"","","",375,40,66.836,94.3,"","","","","","","","","","",""
267,Darkati,CGWB,2,Himachal Pradesh,18,KANGRA,NURPUR(T),NURPUR,Darkati,-,-,-,-,-,-,32.16194444,75.99083333,30-05-2019 08:00,8.35,345,"",12,146,"",27,"","","",15,"",120,24,"",28,"","","","","","","","","","",""
268,Darkati,CGWB,2,Himachal Pradesh,18,KANGRA,NURPUR(T),NURPUR,Darkati,-,-,-,-,-,-,32.16194444,75.99083333,30-05-2020 08:00,8.35,345,"","",146,"",27,"","","",15,"","",24,"",28,"","","","","","","","","","",""
269,Darkati,CGWB,2,Himachal Pradesh,18,KANGRA,NURPUR(T),NURPUR,Darkati,-,-,-,-,-,-,32.16194444,75.99083333,30-05-2021 08:00,7.7,3590,"",0,597.8,"",475.03,"",240,"","","",1120,268,109.368,175.5,"","","","","","","","","","",""
270,Darkati,CGWB,2,Himachal Pradesh,18,KANGRA,NURPUR(T),NURPUR,Darkati,-,-,-,-,-,-,32.16194444,75.99083333,04-02-2022 11:15,"",460,"",30,165,"",28,"",0,"",14,"",180,44,17,22,"","","","","","","","","","",""
271,Daulatpur,CGWB,2,Himachal Pradesh,26,UNA,AMB(T),AMB,Daulatpur,-,-,-,-,-,-,31.77916667,75.99583333,25-05-2000 00:00,7.55,935,"",0,227,186.07,233,"","","","","",310,82,25.63,"","","","","","","","","","","",""
272,Daulatpur,CGWB,2,Himachal Pradesh,26,UNA,AMB(T),AMB,Daulatpur,-,-,-,-,-,-,31.77916667,75.99583333,25-05-2003 00:00,7.72,1198,"","",226,185.25,174,"","","","","",280,44,41.39,140,"","","","","","","","","","",""
273,Daulatpur,CGWB,2,Himachal Pradesh,26,UNA,AMB(T),AMB,Daulatpur,-,-,-,-,-,-,31.77916667,75.99583333,25-05-2004 00:00,7.95,649,"",0,378,309.84,11,"","","","","",285,52,37.75,24,"","","","","","","","","","",""
274,Daulatpur,CGWB,2,Himachal Pradesh,26,UNA,AMB(T),AMB,Daulatpur,-,-,-,-,-,-,31.77916667,75.99583333,25-05-2005 00:00,7.95,1380,"","",387,317.21,185,"","","","","",398,100,36.11,133,"","","","","","","","","","",""
275,Daulatpur,CGWB,2,Himachal Pradesh,26,UNA,AMB(T),AMB,Daulatpur,-,-,-,-,-,-,31.77916667,75.99583333,25-05-2006 00:00,8.35,805,"",36,134,169.84,128,"","","","","",153,27,20.82,130,"","","","","","","","","","",""
276,Daulatpur,CGWB,2,Himachal Pradesh,26,UNA,AMB(T),AMB,Daulatpur,-,-,-,-,-,-,31.77916667,75.99583333,25-05-2007 00:00,7.53,804,"","",357,292.62,43,"",34,"","","",242,72,15,79,"","","","","","","","","","",""
277,Daulatpur,CGWB,2,Himachal Pradesh,26,UNA,AMB(T),AMB,Daulatpur,-,-,-,-,-,-,31.77916667,75.99583333,25-05-2008 00:00,8,985,"","",458,375.41,89,"",43,"","","",420,128,24,72,"","","","","","","","","","",""
278,Daulatpur,CGWB,2,Himachal Pradesh,26,UNA,AMB(T),AMB,Daulatpur,-,-,-,-,-,-,31.77916667,75.99583333,25-05-2009 00:00,7.2,690,"","",397,325.41,18,"",20,"","","",280,80,19,48,"","","","","","","","","","",""
279,Daulatpur,CGWB,2,Himachal Pradesh,26,UNA,AMB(T),AMB,Daulatpur,-,-,-,-,-,-,31.77916667,75.99583333,25-05-2010 00:00,8,750,"","",220,180.33,89,"",34,"","","",177,36,21,105,"","","","","","","","","","",""
280,Daulatpur,CGWB,2,Himachal Pradesh,26,UNA,AMB(T),AMB,Daulatpur,-,-,-,-,-,-,31.77916667,75.99583333,25-05-2011 00:00,8.2,830,"","",183,150,114,"",20,"","","",205,34,29,96,"","","","","","","","","","",""
281,Daulatpur,CGWB,2,Himachal Pradesh,26,UNA,AMB(T),AMB,Daulatpur,-,-,-,-,-,-,31.77916667,75.99583333,25-05-2012 00:00,8.01,810,"","",195,159.84,106,"",101,"","","",205,26,34,94,"","","","","","","","","","",""
282,Daulatpur,CGWB,2,Himachal Pradesh,26,UNA,AMB(T),AMB,Daulatpur,-,-,-,-,-,-,31.77916667,75.99583333,25-05-2013 00:00,8.01,890,"","",287,235.25,106,"",207,"","","",276,36,45,183,"","","","","","","","","","",""
283,Daulatpur,CGWB,2,Himachal Pradesh,26,UNA,AMB(T),AMB,Daulatpur,-,-,-,-,-,-,31.77916667,75.99583333,25-05-2014 00:00,9.01,810,"","",122,100,103,"",93,"","","",160,28,21.92,103,"","","","","","","","","","",""
284,Daulatpur,CGWB,2,Himachal Pradesh,26,UNA,AMB(T),AMB,Daulatpur,-,-,-,-,-,-,31.77916667,75.99583333,25-05-2015 00:00,9.01,100,"","",122,100,103,"",93,"","","",160,28,21.92,102.9,"","","","","","","","","","",""
285,Daulatpur,CGWB,2,Himachal Pradesh,26,UNA,AMB(T),AMB,Daulatpur,-,-,-,-,-,-,31.77916667,75.99583333,25-05-2018 00:00,7.89,970,0,0,244,0,141,"",108,"",0,"",0,44,36,124,"",0,0,"","","","","","","",""
286,Daulatpur,CGWB,2,Himachal Pradesh,26,UNA,AMB(T),AMB,Daulatpur,-,-,-,-,-,-,31.77916667,75.99583333,04-02-2022 16:06,"",380,"",18,92,"",43,"",17,"",11,"",130,24,17,33,"","","","","","","","","","",""
287,Dehra Gopipur,CGWB,2,Himachal Pradesh,18,KANGRA,DERA GOPIPUR(T),DERA GOPIPUR,Dehra Gopipur,-,-,-,-,-,-,31.88333333,76.21666667,25-05-2000 00:00,7.15,475,"",0,148,121.31,56,"","","","","",189,37,23.51,"","","","","","","","","","","",""
288,Dehra Gopipur,CGWB,2,Himachal Pradesh,18,KANGRA,DERA GOPIPUR(T),DERA GOPIPUR,Dehra Gopipur,-,-,-,-,-,-,31.88333333,76.21666667,25-05-2003 00:00,7.28,829,"","",293,240.16,50,"","","","","",345,68,42.63,43,"","","","","","","","","","",""
289,Dehra Gopipur,CGWB,2,Himachal Pradesh,18,KANGRA,DERA GOPIPUR(T),DERA GOPIPUR,Dehra Gopipur,-,-,-,-,-,-,31.88333333,76.21666667,25-05-2004 00:00,7.94,620,"",0,213,174.59,46,"","","","","",220,36,31.65,46,"","","","","","","","","","",""
290,Dehra Gopipur,CGWB,2,Himachal Pradesh,18,KANGRA,DERA GOPIPUR(T),DERA GOPIPUR,Dehra Gopipur,-,-,-,-,-,-,31.88333333,76.21666667,25-05-2005 00:00,7.89,719,"","",303,248.36,46,"","","","","",298,28,55.47,21,"","","","","","","","","","",""
291,Dehra Gopipur,CGWB,2,Himachal Pradesh,18,KANGRA,DERA GOPIPUR(T),DERA GOPIPUR,Dehra Gopipur,-,-,-,-,-,-,31.88333333,76.21666667,25-05-2006 00:00,8.1,540,"","",159,130.33,60,"","","","","",225,18,43,43,"","","","","","","","","","",""
292,Dehra Gopipur,CGWB,2,Himachal Pradesh,18,KANGRA,DERA GOPIPUR(T),DERA GOPIPUR,Dehra Gopipur,-,-,-,-,-,-,31.88333333,76.21666667,25-05-2007 00:00,7.77,159,"","",159,130.33,54,"",73,"","","",229,28,38,48,"","","","","","","","","","",""
293,Dehra Gopipur,CGWB,2,Himachal Pradesh,18,KANGRA,DERA GOPIPUR(T),DERA GOPIPUR,Dehra Gopipur,-,-,-,-,-,-,31.88333333,76.21666667,25-05-2008 00:00,7.6,245,"","",104,85.25,21,"","","","","",115,32,8.5,7.7,"","","","","","","","","","",""
294,Dehra Gopipur,CGWB,2,Himachal Pradesh,18,KANGRA,DERA GOPIPUR(T),DERA GOPIPUR,Dehra Gopipur,-,-,-,-,-,-,31.88333333,76.21666667,25-05-2009 00:00,7.2,680,"","",195,159.84,46,"",80,"","","",245,48,30,49,"","","","","","","","","","",""
295,Dehra Gopipur,CGWB,2,Himachal Pradesh,18,KANGRA,DERA GOPIPUR(T),DERA GOPIPUR,Dehra Gopipur,-,-,-,-,-,-,31.88333333,76.21666667,25-05-2010 00:00,7.6,665,"","",256,209.84,67,"",15,"","","",243,34,38,54,"","","","","","","","","","",""
296,Dehra Gopipur,CGWB,2,Himachal Pradesh,18,KANGRA,DERA GOPIPUR(T),DERA GOPIPUR,Dehra Gopipur,-,-,-,-,-,-,31.88333333,76.21666667,25-05-2011 00:00,8.47,570,"",6,201,174.75,50,"",15,"","","",200,32,29,45,"","","","","","","","","","",""
297,Dehra Gopipur,CGWB,2,Himachal Pradesh,18,KANGRA,DERA GOPIPUR(T),DERA GOPIPUR,Dehra Gopipur,-,-,-,-,-,-,31.88333333,76.21666667,25-05-2012 00:00,8.15,450,"","",153,125.41,46,"",37,"","","",165,22,27,38,"","","","","","","","","","",""
298,Dehra Gopipur,CGWB,2,Himachal Pradesh,18,KANGRA,DERA GOPIPUR(T),DERA GOPIPUR,Dehra Gopipur,-,-,-,-,-,-,31.88333333,76.21666667,25-05-2013 00:00,7.99,540,"","",189,154.92,50,"",122,"","","",270,30,47,53,"","","","","","","","","","",""
299,Dehra Gopipur,CGWB,2,Himachal Pradesh,18,KANGRA,DERA GOPIPUR(T),DERA GOPIPUR,Dehra Gopipur,-,-,-,-,-,-,31.88333333,76.21666667,25-05-2014 00:00,7.62,510,"","",183,150,57,"",45,"","","",199,32,28.97,49,"","","","","","","","","","",""
300,Dehra Gopipur,CGWB,2,Himachal Pradesh,18,KANGRA,DERA GOPIPUR(T),DERA GOPIPUR,Dehra Gopipur,-,-,-,-,-,-,31.88333333,76.21666667,25-05-2015 00:00,7.62,510,"",0,183,150,57,"",45,"","","",198.9,32.06,28.91,48.9,"","","","","","","","","","",""
301,Dehra Gopipur,CGWB,2,Himachal Pradesh,18,KANGRA,DERA GOPIPUR(T),DERA GOPIPUR,Dehra Gopipur,-,-,-,-,-,-,31.88333333,76.21666667,25-05-2018 00:00,842,580,0,36,110,0,57,"",6.72,"",0,"",0,32,34,35,"",0,0,"","","","","","","",""
302,Dehra Gopipur,CGWB,2,Himachal Pradesh,18,KANGRA,DERA GOPIPUR(T),DERA GOPIPUR,Dehra Gopipur,-,-,-,-,-,-,31.88333333,76.21666667,30-05-2021 08:00,7,1366,"",0,414.8,"",170.16,"",74,"","","",570,112,70.4816,28.5,"","","","","","","","","","",""
303,Dehra Gopipur,CGWB,2,Himachal Pradesh,18,KANGRA,DERA GOPIPUR(T),DERA GOPIPUR,Dehra Gopipur,-,-,-,-,-,-,31.88333333,76.21666667,04-02-2022 11:26,"",553,"",30,116,"",75,"",0,"",26,"",195,24,33,47,"","","","","","","","","","",""
304,Dehrian,CGWB,2,Himachal Pradesh,18,KANGRA,TEHSIL 3 ( KHUNDIAN),TEHSIL 3 ( KHUNDIAN),Dehrian,-,-,-,-,-,-,31.92916667,76.28333333,25-05-2000 00:00,7.72,333,"",0,154,126.23,14,"","","","","",158,51,7.48,"","","","","","","","","","","",""
305,Dehrian,CGWB,2,Himachal Pradesh,18,KANGRA,TEHSIL 3 ( KHUNDIAN),TEHSIL 3 ( KHUNDIAN),Dehrian,-,-,-,-,-,-,31.92916667,76.28333333,25-05-2003 00:00,7.89,437,"","",183,150,25,"","","","","",200,62,11.02,15,"","","","","","","","","","",""
306,Dehrian,CGWB,2,Himachal Pradesh,18,KANGRA,TEHSIL 3 ( KHUNDIAN),TEHSIL 3 ( KHUNDIAN),Dehrian,-,-,-,-,-,-,31.92916667,76.28333333,25-05-2004 00:00,7.86,449,"",0,207,169.67,25,"","","","","",210,56,17.09,16,"","","","","","","","","","",""
307,Dehrian,CGWB,2,Himachal Pradesh,18,KANGRA,TEHSIL 3 ( KHUNDIAN),TEHSIL 3 ( KHUNDIAN),Dehrian,-,-,-,-,-,-,31.92916667,76.28333333,25-05-2005 00:00,8.18,430,"","",185,151.64,21,"","","","","",192,48,17.56,12,"","","","","","","","","","",""
308,Dehrian,CGWB,2,Himachal Pradesh,18,KANGRA,TEHSIL 3 ( KHUNDIAN),TEHSIL 3 ( KHUNDIAN),Dehrian,-,-,-,-,-,-,31.92916667,76.28333333,25-05-2006 00:00,8.4,275,"",42,18,84.75,21,"","","","","",123,20,17,11,"","","","","","","","","","",""
309,Dehrian,CGWB,2,Himachal Pradesh,18,KANGRA,TEHSIL 3 ( KHUNDIAN),TEHSIL 3 ( KHUNDIAN),Dehrian,-,-,-,-,-,-,31.92916667,76.28333333,25-05-2007 00:00,7.52,424,"","",198,162.3,25,"",12,"","","",203,67,8.6,13,"","","","","","","","","","",""
310,Dehrian,CGWB,2,Himachal Pradesh,18,KANGRA,TEHSIL 3 ( KHUNDIAN),TEHSIL 3 ( KHUNDIAN),Dehrian,-,-,-,-,-,-,31.92916667,76.28333333,25-05-2008 00:00,7.8,465,"","",220,180.33,35,"",65,"","","",225,64,16,13,"","","","","","","","","","",""
311,Dehrian,CGWB,2,Himachal Pradesh,18,KANGRA,TEHSIL 3 ( KHUNDIAN),TEHSIL 3 ( KHUNDIAN),Dehrian,-,-,-,-,-,-,31.92916667,76.28333333,25-05-2009 00:00,7.4,490,"","",220,180.33,18,"",35,"","","",220,66,13,17,"","","","","","","","","","",""
312,Dehrian,CGWB,2,Himachal Pradesh,18,KANGRA,TEHSIL 3 ( KHUNDIAN),TEHSIL 3 ( KHUNDIAN),Dehrian,-,-,-,-,-,-,31.92916667,76.28333333,25-05-2010 00:00,7.58,310,"","",135,110.66,18,"",18,"","","",111,28,10,28,"","","","","","","","","","",""
313,Dehrian,CGWB,2,Himachal Pradesh,18,KANGRA,TEHSIL 3 ( KHUNDIAN),TEHSIL 3 ( KHUNDIAN),Dehrian,-,-,-,-,-,-,31.92916667,76.28333333,25-05-2011 00:00,8.25,320,"","",153,125.41,18,"","","","","",135,36,11,15,"","","","","","","","","","",""
314,Dehrian,CGWB,2,Himachal Pradesh,18,KANGRA,TEHSIL 3 ( KHUNDIAN),TEHSIL 3 ( KHUNDIAN),Dehrian,-,-,-,-,-,-,31.92916667,76.28333333,25-05-2012 00:00,7.93,290,"","",128,104.92,25,"",21,"","","",145,38,12,13,"","","","","","","","","","",""
315,Dehrian,CGWB,2,Himachal Pradesh,18,KANGRA,TEHSIL 3 ( KHUNDIAN),TEHSIL 3 ( KHUNDIAN),Dehrian,-,-,-,-,-,-,31.92916667,76.28333333,25-05-2013 00:00,7.8,410,"","",208,170.49,32,"",66,"","","",265,56,30,15,"","","","","","","","","","",""
316,Dehrian,CGWB,2,Himachal Pradesh,18,KANGRA,TEHSIL 3 ( KHUNDIAN),TEHSIL 3 ( KHUNDIAN),Dehrian,-,-,-,-,-,-,31.92916667,76.28333333,25-05-2018 00:00,8.12,322,0,0,159,0,28,"",15,"",0,"",0,40,15,17,"",0,0,"","","","","","","",""
317,Dehrian,CGWB,2,Himachal Pradesh,18,KANGRA,TEHSIL 3 ( KHUNDIAN),TEHSIL 3 ( KHUNDIAN),Dehrian,-,-,-,-,-,-,31.92916667,76.28333333,04-02-2022 11:48,"",293,"",12,67,"",46,"",0,"",22,"",110,20,15,19,"","","","","","","","","","",""
318,Dhabota,CGWB,2,Himachal Pradesh,25,SOLAN,NALAGARH(T),NALAGARH,Dhabota,-,-,-,-,-,-,31.08777778,76.63472222,25-05-2000 00:00,7.5,402,"",0,162,132.79,28,"","","","","",120,20,17.04,"","","","","","","","","","","",""
319,Dhabota,CGWB,2,Himachal Pradesh,25,SOLAN,NALAGARH(T),NALAGARH,Dhabota,-,-,-,-,-,-,31.08777778,76.63472222,25-05-2001 00:00,7.61,560,"",0,232,190.16,35,"","","","","",215,58,17.09,45,"","","","","","","","","","",""
320,Dhabota,CGWB,2,Himachal Pradesh,25,SOLAN,NALAGARH(T),NALAGARH,Dhabota,-,-,-,-,-,-,31.08777778,76.63472222,25-05-2002 00:00,7.67,550,"",0,220,180.33,28,"","","","","",205,62,12.23,42,"","","","","","","","","","",""
321,Dhabota,CGWB,2,Himachal Pradesh,25,SOLAN,NALAGARH(T),NALAGARH,Dhabota,-,-,-,-,-,-,31.08777778,76.63472222,25-05-2003 00:00,7.67,529,"","",214,175.41,32,"","","","","",170,36,19.49,45,"","","","","","","","","","",""
322,Dhabota,CGWB,2,Himachal Pradesh,25,SOLAN,NALAGARH(T),NALAGARH,Dhabota,-,-,-,-,-,-,31.08777778,76.63472222,25-05-2004 00:00,7.47,665,"",0,258,211.48,46,"","","","","",279,53,35.68,36,"","","","","","","","","","",""
323,Dhabota,CGWB,2,Himachal Pradesh,25,SOLAN,NALAGARH(T),NALAGARH,Dhabota,-,-,-,-,-,-,31.08777778,76.63472222,25-05-2005 00:00,7.45,535,"","",535,438.52,250,"","","","","",200,46,21,45,"","","","","","","","","","",""
324,Dhabota,CGWB,2,Himachal Pradesh,25,SOLAN,NALAGARH(T),NALAGARH,Dhabota,-,-,-,-,-,-,31.08777778,76.63472222,25-05-2006 00:00,7.58,600,"","",207,169.67,53,"","","","","",235,47,28,44,"","","","","","","","","","",""
325,Dhabota,CGWB,2,Himachal Pradesh,25,SOLAN,NALAGARH(T),NALAGARH,Dhabota,-,-,-,-,-,-,31.08777778,76.63472222,25-05-2007 00:00,7.71,538,"","",149,122.13,48,"",36,"","","",190,39,22,40,"","","","","","","","","","",""
326,Dhabota,CGWB,2,Himachal Pradesh,25,SOLAN,NALAGARH(T),NALAGARH,Dhabota,-,-,-,-,-,-,31.08777778,76.63472222,25-05-2008 00:00,7.6,720,"","",281,230.33,57,"",62,"","","",310,76,29,46,"","","","","","","","","","",""
327,Dhabota,CGWB,2,Himachal Pradesh,25,SOLAN,NALAGARH(T),NALAGARH,Dhabota,-,-,-,-,-,-,31.08777778,76.63472222,25-05-2009 00:00,7.9,740,"","",275,225.41,36,"",70,"","","",290,72,27,49,"","","","","","","","","","",""
328,Dhabota,CGWB,2,Himachal Pradesh,25,SOLAN,NALAGARH(T),NALAGARH,Dhabota,-,-,-,-,-,-,31.08777778,76.63472222,25-05-2010 00:00,7.82,555,"","",227,186.07,49,"","","","","",186,31,26,50,"","","","","","","","","","",""
329,Dhabota,CGWB,2,Himachal Pradesh,25,SOLAN,NALAGARH(T),NALAGARH,Dhabota,-,-,-,-,-,-,31.08777778,76.63472222,25-05-2011 00:00,8.27,530,"","",153,125.41,67,"",20,"","","",185,30,27,41,"","","","","","","","","","",""
330,Dhabota,CGWB,2,Himachal Pradesh,25,SOLAN,NALAGARH(T),NALAGARH,Dhabota,-,-,-,-,-,-,31.08777778,76.63472222,25-05-2012 00:00,8.03,590,"","",177,145.08,57,"",57,"","","",190,24,32,54,"","","","","","","","","","",""
331,Dhabota,CGWB,2,Himachal Pradesh,25,SOLAN,NALAGARH(T),NALAGARH,Dhabota,-,-,-,-,-,-,31.08777778,76.63472222,25-05-2015 00:00,7.68,620,"",0,140,114.75,60,"",129,"","","",235,34,37,59,"","","","","","","","","","",""
332,Dhabota,CGWB,2,Himachal Pradesh,25,SOLAN,NALAGARH(T),NALAGARH,Dhabota,-,-,-,-,-,-,31.08777778,76.63472222,25-05-2018 00:00,8.53,592,0,24,122,0,70,"",28,"",0,"",0,24,19,81.2,"",0,0,"","","","","","","",""
333,Dharampur,CGWB,2,Himachal Pradesh,26,UNA,HAROLI(T),HAROLI,Dharampur,-,-,-,-,-,-,31.45333333,76.23805556,25-05-2007 00:00,7.62,443,"","",197,161.48,22,"",10,"","","",190,49,16,19,"","","","","","","","","","",""
334,Dharampur,CGWB,2,Himachal Pradesh,26,UNA,HAROLI(T),HAROLI,Dharampur,-,-,-,-,-,-,31.45333333,76.23805556,25-05-2008 00:00,7.55,500,"","",262,214.75,25,"",17,"","","",250,76,15,18,"","","","","","","","","","",""
335,Dharampur,CGWB,2,Himachal Pradesh,26,UNA,HAROLI(T),HAROLI,Dharampur,-,-,-,-,-,-,31.45333333,76.23805556,25-05-2009 00:00,7.5,500,"","",262,214.75,14,"",6,"","","",205,60,13,24,"","","","","","","","","","",""
336,Dharampur,CGWB,2,Himachal Pradesh,26,UNA,HAROLI(T),HAROLI,Dharampur,-,-,-,-,-,-,31.45333333,76.23805556,25-05-2010 00:00,7.42,415,"","",178,145.9,28,"",18,"","","",177,36,21,26,"","","","","","","","","","",""
337,Dharampur,CGWB,2,Himachal Pradesh,26,UNA,HAROLI(T),HAROLI,Dharampur,-,-,-,-,-,-,31.45333333,76.23805556,25-05-2011 00:00,8.17,440,"","",165,135.25,21,"",8,"","","",145,34,15,23,"","","","","","","","","","",""
338,Dharampur,CGWB,2,Himachal Pradesh,26,UNA,HAROLI(T),HAROLI,Dharampur,-,-,-,-,-,-,31.45333333,76.23805556,25-05-2012 00:00,7.3,460,"","",210,172.13,25,"","","","","",190,40,22,16,"","","","","","","","","","",""
339,Dharampur,CGWB,2,Himachal Pradesh,26,UNA,HAROLI(T),HAROLI,Dharampur,-,-,-,-,-,-,31.45333333,76.23805556,25-05-2015 00:00,8.3,670,"","",183,150,32,"",44,"","","",180,30,25.57,29.1,"","","","","","","","","","",""
340,Dharampur,CGWB,2,Himachal Pradesh,26,UNA,HAROLI(T),HAROLI,Dharampur,-,-,-,-,-,-,31.45333333,76.23805556,25-05-2018 00:00,8.34,338,0,12,98,0,35,"",5.76,"",0,"",0,29,9,25,"",0,0,"","","","","","","",""
341,Dharampur,CGWB,2,Himachal Pradesh,26,UNA,HAROLI(T),HAROLI,Dharampur,-,-,-,-,-,-,31.45333333,76.23805556,01-04-2022 12:39,8.48,395,"",12,92,"",71,"",0,"",12,"",140,12,27,33,"","","","","","","","","","",""
342,Dhaulakuan,CGWB,2,Himachal Pradesh,24,SIRMAUR,PAONTA SAHIB(T),PAONTA SAHIB,Dhaulakuan,-,-,-,-,-,-,30.49833333,77.47611111,25-05-2005 00:00,7.4,430,"","",183,150,15,"","","","","",270,66,25.61,13,"","","","","","","","","","",""
343,Dhaulakuan,CGWB,2,Himachal Pradesh,24,SIRMAUR,PAONTA SAHIB(T),PAONTA SAHIB,Dhaulakuan,-,-,-,-,-,-,30.49833333,77.47611111,25-05-2006 00:00,7.4,430,"","",183,150,15,"","","","","",270,66,25.61,13,"","","","","","","","","","",""
344,Dhaulakuan,CGWB,2,Himachal Pradesh,24,SIRMAUR,PAONTA SAHIB(T),PAONTA SAHIB,Dhaulakuan,-,-,-,-,-,-,30.49833333,77.47611111,25-05-2007 00:00,7.35,537,"","",218,178.69,7.4,"",72,"","","",256,86,10,10,"","","","","","","","","","",""
345,Dhaulakuan,CGWB,2,Himachal Pradesh,24,SIRMAUR,PAONTA SAHIB(T),PAONTA SAHIB,Dhaulakuan,-,-,-,-,-,-,30.49833333,77.47611111,25-05-2008 00:00,7.7,460,"","",171,140.16,18,"",80,"","","",230,74,11,14,"","","","","","","","","","",""
346,Dhaulakuan,CGWB,2,Himachal Pradesh,24,SIRMAUR,PAONTA SAHIB(T),PAONTA SAHIB,Dhaulakuan,-,-,-,-,-,-,30.49833333,77.47611111,25-05-2009 00:00,7.8,340,"","",98,80.33,7.1,"",70,"","","",150,44,9.7,11,"","","","","","","","","","",""
347,Dhaulakuan,CGWB,2,Himachal Pradesh,24,SIRMAUR,PAONTA SAHIB(T),PAONTA SAHIB,Dhaulakuan,-,-,-,-,-,-,30.49833333,77.47611111,25-05-2011 00:00,8.15,410,"","",177,145.08,11,"",40,"","","",195,56,13,7.5,"","","","","","","","","","",""
348,Dhaulakuan,CGWB,2,Himachal Pradesh,24,SIRMAUR,PAONTA SAHIB(T),PAONTA SAHIB,Dhaulakuan,-,-,-,-,-,-,30.49833333,77.47611111,25-05-2012 00:00,8.02,400,"","",128,104.92,11,"",57,"","","",165,46,12,10.4,"","","","","","","","","","",""
349,Dhaulakuan,CGWB,2,Himachal Pradesh,24,SIRMAUR,PAONTA SAHIB(T),PAONTA SAHIB,Dhaulakuan,-,-,-,-,-,-,30.49833333,77.47611111,25-05-2014 00:00,7.66,450,"",0,153,125.41,18,"",81,"","","",205,54,17.08,12,"","","","","","","","","","",""
350,Dhaulakuan,CGWB,2,Himachal Pradesh,24,SIRMAUR,PAONTA SAHIB(T),PAONTA SAHIB,Dhaulakuan,-,-,-,-,-,-,30.49833333,77.47611111,25-05-2015 00:00,7.66,"","",0,153,125.41,18,"",81,"","","",205,54,18,12,"","","","","","","","","","",""
351,Dhaulakuan,CGWB,2,Himachal Pradesh,24,SIRMAUR,PAONTA SAHIB(T),PAONTA SAHIB,Dhaulakuan,-,-,-,-,-,-,30.49833333,77.47611111,25-05-2018 00:00,8.1,330,0,0,98,0,21,"",60,"",0,"",0,40,12,15.5,"",0,0,"","","","","","","",""
352,Dhaulakuan,CGWB,2,Himachal Pradesh,24,SIRMAUR,PAONTA SAHIB(T),PAONTA SAHIB,Dhaulakuan,-,-,-,-,-,-,30.49833333,77.47611111,30-05-2019 08:00,8.22,345,"","",116,"",21,"","","",10,"",147,38,13,12,"","","","","","","","","","",""
353,Dhaulakuan,CGWB,2,Himachal Pradesh,24,SIRMAUR,PAONTA SAHIB(T),PAONTA SAHIB,Dhaulakuan,-,-,-,-,-,-,30.49833333,77.47611111,30-05-2020 08:00,8.22,345,"","",116,"",21,"","","",10,"","",38,13,12,"","","","","","","","","","",""
354,Dinak,CGWB,2,Himachal Pradesh,22,MANDI,-,-,-,-,-,-,-,-,-,31.56480000,76.92406100,30-05-2019 08:00,8.42,445,"",43,102,"",43,"","","",11,"",179,29,"",25,"","","","","","","","","","",""
355,Dinak,CGWB,2,Himachal Pradesh,22,MANDI,-,-,-,-,-,-,-,-,-,31.56480000,76.92406100,30-05-2020 08:00,8.42,445,"","",102,"",43,"","","",11,"","",29,"",25,"","","","","","","","","","",""
356,Dinak,CGWB,2,Himachal Pradesh,22,MANDI,-,-,-,-,-,-,-,-,-,31.56480000,76.92406100,30-05-2021 08:00,8.32,2830,1839.5,12,576,"",575,"",85,0.04,"","",580,46,113.088,380,"","","","","","","","","","",""
357,Gadauri,CGWB,2,Himachal Pradesh,20,KULLU,KULLU(T),KULLU,Gadauri,-,-,-,-,-,-,31.90833333,77.12916667,25-05-2001 00:00,7.84,300,"","",134,109.84,14,"","","","","",160,48,9.78,9.6,"","","","","","","","","","",""
358,Gadauri,CGWB,2,Himachal Pradesh,20,KULLU,KULLU(T),KULLU,Gadauri,-,-,-,-,-,-,31.90833333,77.12916667,25-05-2003 00:00,8.2,280,"","",128,104.92,18,"","","","","",135,42,7.35,6,"","","","","","","","","","",""
359,Gadauri,CGWB,2,Himachal Pradesh,20,KULLU,KULLU(T),KULLU,Gadauri,-,-,-,-,-,-,31.90833333,77.12916667,25-05-2005 00:00,7.9,225,"","",125,102.46,15,"","","","","",132,34,11.47,5.7,"","","","","","","","","","",""
360,Gadauri,CGWB,2,Himachal Pradesh,20,KULLU,KULLU(T),KULLU,Gadauri,-,-,-,-,-,-,31.90833333,77.12916667,25-05-2006 00:00,7.7,180,"","",104,85.25,11,"","","","","",102,27,8.6,3.5,"","","","","","","","","","",""
361,Gadauri,CGWB,2,Himachal Pradesh,20,KULLU,KULLU(T),KULLU,Gadauri,-,-,-,-,-,-,31.90833333,77.12916667,25-05-2007 00:00,7.33,199,"","",83,68.03,14,"",12,"","","",87,30,2.6,4.4,"","","","","","","","","","",""
362,Gadauri,CGWB,2,Himachal Pradesh,20,KULLU,KULLU(T),KULLU,Gadauri,-,-,-,-,-,-,31.90833333,77.12916667,25-05-2009 00:00,7.5,260,"","",140,114.75,11,"",10,"","","",125,36,8.5,5.9,"","","","","","","","","","",""
363,Gadauri,CGWB,2,Himachal Pradesh,20,KULLU,KULLU(T),KULLU,Gadauri,-,-,-,-,-,-,31.90833333,77.12916667,25-05-2010 00:00,7.7,205,"","",121,99.18,7.1,"","","","","",98,27,7.1,6,"","","","","","","","","","",""
364,Gadauri,CGWB,2,Himachal Pradesh,20,KULLU,KULLU(T),KULLU,Gadauri,-,-,-,-,-,-,31.90833333,77.12916667,25-05-2011 00:00,8.4,260,"",6,128,114.92,11,"","","","","",120,38,6,4.6,"","","","","","","","","","",""
365,Gadauri,CGWB,2,Himachal Pradesh,20,KULLU,KULLU(T),KULLU,Gadauri,-,-,-,-,-,-,31.90833333,77.12916667,25-05-2012 00:00,8.07,340,"","",140,114.75,18,"",18,"","","",150,32,17,8.6,"","","","","","","","","","",""
366,Gadauri,CGWB,2,Himachal Pradesh,20,KULLU,KULLU(T),KULLU,Gadauri,-,-,-,-,-,-,31.90833333,77.12916667,25-05-2018 00:00,8.35,331,0,24,85,0,57,"","","",0,"",0,56,34,7,"",0,0,"","","","","","","",""
367,Gadauri,CGWB,2,Himachal Pradesh,20,KULLU,KULLU(T),KULLU,Gadauri,-,-,-,-,-,-,31.90833333,77.12916667,30-05-2019 08:00,8.18,378,"","",102,"",35,"","","",16,"",158,38,"",11,"","","","","","","","","","",""
368,Gadauri,CGWB,2,Himachal Pradesh,20,KULLU,KULLU(T),KULLU,Gadauri,-,-,-,-,-,-,31.90833333,77.12916667,30-05-2020 08:00,8.18,378,"","",102,"",35,"","","",16,"","",38,"",11,"","","","","","","","","","",""
369,Gagal,CGWB,2,Himachal Pradesh,22,MANDI,SUNDARNAGAR(T),SUNDARNAGAR,Gagal,-,-,-,-,-,-,31.62916667,76.96250000,25-05-2002 00:00,9.29,155,"","",49,40.16,11,"","","","","",75,12,10.96,6,"","","","","","","","","","",""
370,Gagal,CGWB,2,Himachal Pradesh,22,MANDI,SUNDARNAGAR(T),SUNDARNAGAR,Gagal,-,-,-,-,-,-,31.62916667,76.96250000,25-05-2003 00:00,8.96,212,"","",79,64.75,14,"","","","","",95,26,7.33,10,"","","","","","","","","","",""
371,Gagal,CGWB,2,Himachal Pradesh,22,MANDI,SUNDARNAGAR(T),SUNDARNAGAR,Gagal,-,-,-,-,-,-,31.62916667,76.96250000,25-05-2004 00:00,7.46,203,"",0,85,69.67,14,"","","","","",70,22,3.67,16,"","","","","","","","","","",""
372,Gagal,CGWB,2,Himachal Pradesh,22,MANDI,SUNDARNAGAR(T),SUNDARNAGAR,Gagal,-,-,-,-,-,-,31.62916667,76.96250000,25-05-2005 00:00,7.65,205,"","",92,75.41,18,"","","","","",90,21,9.14,12,"","","","","","","","","","",""
373,Gagal,CGWB,2,Himachal Pradesh,22,MANDI,SUNDARNAGAR(T),SUNDARNAGAR,Gagal,-,-,-,-,-,-,31.62916667,76.96250000,25-05-2006 00:00,8.1,220,"","",104,85.25,14,"","","","","",102,27,8.6,9.6,"","","","","","","","","","",""
374,Gagal,CGWB,2,Himachal Pradesh,22,MANDI,SUNDARNAGAR(T),SUNDARNAGAR,Gagal,-,-,-,-,-,-,31.62916667,76.96250000,25-05-2007 00:00,7.28,247,"","",85,69.67,22,"",20,"","","",97,35,2.4,11,"","","","","","","","","","",""
375,Gagal,CGWB,2,Himachal Pradesh,22,MANDI,SUNDARNAGAR(T),SUNDARNAGAR,Gagal,-,-,-,-,-,-,31.62916667,76.96250000,25-05-2008 00:00,7.75,230,"","",25,20.49,18,"",26,"","","",95,26,7.3,14,"","","","","","","","","","",""
376,Gagal,CGWB,2,Himachal Pradesh,22,MANDI,SUNDARNAGAR(T),SUNDARNAGAR,Gagal,-,-,-,-,-,-,31.62916667,76.96250000,25-05-2009 00:00,7.7,230,"","",98,80.33,11,"",6,"","","",75,26,2.4,11,"","","","","","","","","","",""
377,Gagal,CGWB,2,Himachal Pradesh,22,MANDI,SUNDARNAGAR(T),SUNDARNAGAR,Gagal,-,-,-,-,-,-,31.62916667,76.96250000,25-05-2010 00:00,7.65,210,"","",94,77.05,14,"","","","","",69,24,2.3,12,"","","","","","","","","","",""
378,Gagal,CGWB,2,Himachal Pradesh,22,MANDI,SUNDARNAGAR(T),SUNDARNAGAR,Gagal,-,-,-,-,-,-,31.62916667,76.96250000,25-05-2011 00:00,8.45,250,"",6,110,100.16,14,"","","","","",90,24,7.2,13,"","","","","","","","","","",""
379,Gagal,CGWB,2,Himachal Pradesh,22,MANDI,SUNDARNAGAR(T),SUNDARNAGAR,Gagal,-,-,-,-,-,-,31.62916667,76.96250000,25-05-2012 00:00,7.31,180,"","",67,54.92,18,"",11,"","","",60,14,6,11,"","","","","","","","","","",""
380,Gagal,CGWB,2,Himachal Pradesh,22,MANDI,SUNDARNAGAR(T),SUNDARNAGAR,Gagal,-,-,-,-,-,-,31.62916667,76.96250000,25-05-2014 00:00,7.78,240,"","",122,100,14,"",18,"","","",107,26,10.24,12,"","","","","","","","","","",""
381,Gagal,CGWB,2,Himachal Pradesh,22,MANDI,SUNDARNAGAR(T),SUNDARNAGAR,Gagal,-,-,-,-,-,-,31.62916667,76.96250000,25-05-2015 00:00,7.78,240,"","",122,100,14,"",18,"","","",107.1,26.05,9.73,11.6,"","","","","","","","","","",""
382,Gagal,CGWB,2,Himachal Pradesh,22,MANDI,SUNDARNAGAR(T),SUNDARNAGAR,Gagal,-,-,-,-,-,-,31.62916667,76.96250000,25-05-2018 00:00,7.02,235,0,0,98,0,64,"","","",0,"",0,32,8,25,"",0,0,"","","","","","","",""
383,Gagret,CGWB,2,Himachal Pradesh,26,UNA,AMB(T),AMB,Gagret,-,-,-,-,-,-,31.66250000,76.06250000,25-05-2000 00:00,8,522,"",0,102,83.61,73,"","","","","",190,44,19.5,"","","","","","","","","","","",""
384,Gagret,CGWB,2,Himachal Pradesh,26,UNA,AMB(T),AMB,Gagret,-,-,-,-,-,-,31.66250000,76.06250000,25-05-2003 00:00,7.62,658,"","",165,135.25,57,"","","","","",255,66,21.96,32,"","","","","","","","","","",""
385,Gagret,CGWB,2,Himachal Pradesh,26,UNA,AMB(T),AMB,Gagret,-,-,-,-,-,-,31.66250000,76.06250000,25-05-2004 00:00,7.77,797,"",0,329,269.67,53,"","","","","",335,108,15.93,34,"","","","","","","","","","",""
386,Gagret,CGWB,2,Himachal Pradesh,26,UNA,AMB(T),AMB,Gagret,-,-,-,-,-,-,31.66250000,76.06250000,25-05-2006 00:00,8.15,415,"","",122,100,43,"","","","","",184,45,17.44,20,"","","","","","","","","","",""
387,Gagret,CGWB,2,Himachal Pradesh,26,UNA,AMB(T),AMB,Gagret,-,-,-,-,-,-,31.66250000,76.06250000,25-05-2007 00:00,7.82,516,"","",293,240.16,11,"",1.2,"","","",228,88,2.1,18,"","","","","","","","","","",""
388,Gagret,CGWB,2,Himachal Pradesh,26,UNA,AMB(T),AMB,Gagret,-,-,-,-,-,-,31.66250000,76.06250000,25-05-2008 00:00,8.1,420,"","",268,219.67,7.1,"",15,"","","",225,64,16,15,"","","","","","","","","","",""
389,Gagret,CGWB,2,Himachal Pradesh,26,UNA,AMB(T),AMB,Gagret,-,-,-,-,-,-,31.66250000,76.06250000,25-05-2009 00:00,7.1,650,"","",183,150,32,"",50,"","","",230,60,19,39,"","","","","","","","","","",""
390,Gagret,CGWB,2,Himachal Pradesh,26,UNA,AMB(T),AMB,Gagret,-,-,-,-,-,-,31.66250000,76.06250000,25-05-2010 00:00,7.3,610,"","",199,163.11,43,"",40,"","","",238,59,22,40,"","","","","","","","","","",""
391,Gagret,CGWB,2,Himachal Pradesh,26,UNA,AMB(T),AMB,Gagret,-,-,-,-,-,-,31.66250000,76.06250000,25-05-2011 00:00,8.24,500,"","",159,130.33,36,"",10,"","","",220,40,29,16,"","","","","","","","","","",""
392,Gagret,CGWB,2,Himachal Pradesh,26,UNA,AMB(T),AMB,Gagret,-,-,-,-,-,-,31.66250000,76.06250000,25-05-2012 00:00,7.84,340,"","",177,145.08,21,"",1.4,"","","",150,26,21,18,"","","","","","","","","","",""
393,Gagret,CGWB,2,Himachal Pradesh,26,UNA,AMB(T),AMB,Gagret,-,-,-,-,-,-,31.66250000,76.06250000,25-05-2013 00:00,7.69,540,"","",269,220.49,43,"",57,"","","",245,52,28,54,"","","","","","","","","","",""
394,Gagret,CGWB,2,Himachal Pradesh,26,UNA,AMB(T),AMB,Gagret,-,-,-,-,-,-,31.66250000,76.06250000,25-05-2014 00:00,7.81,490,"","",128,104.92,53,"",64,"","","",165,24,25.56,50,"","","","","","","","","","",""
395,Gagret,CGWB,2,Himachal Pradesh,26,UNA,AMB(T),AMB,Gagret,-,-,-,-,-,-,31.66250000,76.06250000,25-05-2015 00:00,7.81,490,"",0,128,104.92,53,"",64,"","","",165,24,25.56,50.3,"","","","","","","","","","",""
396,Gagret,CGWB,2,Himachal Pradesh,26,UNA,AMB(T),AMB,Gagret,-,-,-,-,-,-,31.66250000,76.06250000,25-05-2018 00:00,8.17,381,0,0,85,0,42,"",45,"",0,"",0,64,12,4,"",0,0,"","","","","","","",""
397,Gagret,CGWB,2,Himachal Pradesh,26,UNA,AMB(T),AMB,Gagret,-,-,-,-,-,-,31.66250000,76.06250000,30-05-2019 08:00,8.1,400,"","",110,"",42,"","","",23,"",180,56,15,12,"","","","","","","","","","",""
398,Gagret,CGWB,2,Himachal Pradesh,26,UNA,AMB(T),AMB,Gagret,-,-,-,-,-,-,31.66250000,76.06250000,30-05-2020 08:00,8.1,400,"","",110,"",42,"","","",23,"","",56,15,12,"","","","","","","","","","",""
399,Gagret,CGWB,2,Himachal Pradesh,26,UNA,AMB(T),AMB,Gagret,-,-,-,-,-,-,31.66250000,76.06250000,30-05-2021 08:00,7.46,629,"",0,164.727,"",110.05,"",16,"","","",170,50,10.9458,57.8,"","","","","","","","","","",""
400,Gagret,CGWB,2,Himachal Pradesh,26,UNA,AMB(T),AMB,Gagret,-,-,-,-,-,-,31.66250000,76.06250000,04-02-2022 12:13,8.23,262,"",0,110,"",32,"",0,"",12,"",115,36,6.1,16,"","","","","","","","","","",""
401,Galore,CGWB,2,Himachal Pradesh,17,HAMIRPUR,NADAUN(T),NADAUN,Galore,-,-,-,-,-,-,31.61444444,76.47472222,25-05-2007 00:00,7.84,306,"","",156,127.87,11,"",10,"","","",138,41,8.6,9,"","","","","","","","","","",""
402,Galore,CGWB,2,Himachal Pradesh,17,HAMIRPUR,NADAUN(T),NADAUN,Galore,-,-,-,-,-,-,31.61444444,76.47472222,25-05-2008 00:00,7.75,270,"","",122,100,25,"",17,"","","",135,34,12,9,"","","","","","","","","","",""
403,Galore,CGWB,2,Himachal Pradesh,17,HAMIRPUR,NADAUN(T),NADAUN,Galore,-,-,-,-,-,-,31.61444444,76.47472222,25-05-2009 00:00,7.6,310,"","",104,85.25,16,"",30,"","","",125,34,9.7,11,"","","","","","","","","","",""
404,Galore,CGWB,2,Himachal Pradesh,17,HAMIRPUR,NADAUN(T),NADAUN,Galore,-,-,-,-,-,-,31.61444444,76.47472222,25-05-2010 00:00,7.5,245,"","",134,109.84,21,"","","","","",128,27,9.4,6.8,"","","","","","","","","","",""
405,Galore,CGWB,2,Himachal Pradesh,17,HAMIRPUR,NADAUN(T),NADAUN,Galore,-,-,-,-,-,-,31.61444444,76.47472222,25-05-2011 00:00,8.4,300,"",6,146,129.67,14,"","","","","",120,40,4.8,9.4,"","","","","","","","","","",""
406,Galore,CGWB,2,Himachal Pradesh,17,HAMIRPUR,NADAUN(T),NADAUN,Galore,-,-,-,-,-,-,31.61444444,76.47472222,25-05-2012 00:00,8.12,290,"","",153,125.41,21,"",1,"","","",135,36,11,10,"","","","","","","","","","",""
407,Galore,CGWB,2,Himachal Pradesh,17,HAMIRPUR,NADAUN(T),NADAUN,Galore,-,-,-,-,-,-,31.61444444,76.47472222,25-05-2013 00:00,8.28,290,"","",147,120.49,18,"",67,"","","",190,34,26,11,"","","","","","","","","","",""
408,Galore,CGWB,2,Himachal Pradesh,17,HAMIRPUR,NADAUN(T),NADAUN,Galore,-,-,-,-,-,-,31.61444444,76.47472222,25-05-2015 00:00,9.84,160,"",21,6.1,40,11,"",35,"","","",65,16,6.1,9,"","","","","","","","","","",""
409,Galore,CGWB,2,Himachal Pradesh,17,HAMIRPUR,NADAUN(T),NADAUN,Galore,-,-,-,-,-,-,31.61444444,76.47472222,25-05-2018 00:00,8.37,355,0,36,73,0,35,"",7,"",0,"",0,48,4.86,20,"",0,0,"","","","","","","",""
410,Galore,CGWB,2,Himachal Pradesh,17,HAMIRPUR,NADAUN(T),NADAUN,Galore,-,-,-,-,-,-,31.61444444,76.47472222,30-05-2019 08:00,8.46,350,"",57,87,"",21,"","","",14,"",168,51,"",10,"","","","","","","","","","",""
411,Galore,CGWB,2,Himachal Pradesh,17,HAMIRPUR,NADAUN(T),NADAUN,Galore,-,-,-,-,-,-,31.61444444,76.47472222,30-05-2020 08:00,8.46,350,"","",87,"",21,"","","",14,"","",51,"",10,"","","","","","","","","","",""
412,Galore,CGWB,2,Himachal Pradesh,17,HAMIRPUR,NADAUN(T),NADAUN,Galore,-,-,-,-,-,-,31.61444444,76.47472222,30-05-2021 08:00,7.74,1140,741,0,430,"",86,"",39,0.09,"","",410,102,37.696,70,"","","","","","","","","","",""
413,Ghaneri,CGWB,2,Himachal Pradesh,26,UNA,UNA(T),UNA,Ghaneri,-,-,-,-,-,-,31.70416667,76.00416667,25-05-2000 00:00,7.15,365,"",0,215,176.23,7.1,"","","","","",185,58,9.8,"","","","","","","","","","","",""
414,Ghaneri,CGWB,2,Himachal Pradesh,26,UNA,UNA(T),UNA,Ghaneri,-,-,-,-,-,-,31.70416667,76.00416667,25-05-2003 00:00,7.84,374,"","",201,164.75,11,"","","","","",180,64,4.94,9,"","","","","","","","","","",""
415,Ghaneri,CGWB,2,Himachal Pradesh,26,UNA,UNA(T),UNA,Ghaneri,-,-,-,-,-,-,31.70416667,76.00416667,25-05-2005 00:00,8.27,410,"","",213,174.59,7,"","","","","",211,70,8.84,5,"","","","","","","","","","",""
416,Ghaneri,CGWB,2,Himachal Pradesh,26,UNA,UNA(T),UNA,Ghaneri,-,-,-,-,-,-,31.70416667,76.00416667,25-05-2006 00:00,8.05,240,"","",128,104.92,14,"","","","","",128,35,9.89,7.8,"","","","","","","","","","",""
417,Ghaneri,CGWB,2,Himachal Pradesh,26,UNA,UNA(T),UNA,Ghaneri,-,-,-,-,-,-,31.70416667,76.00416667,25-05-2007 00:00,7.55,743,"","",325,266.39,25,"",59,"","","",358,124,12,13,"","","","","","","","","","",""
418,Ghaneri,CGWB,2,Himachal Pradesh,26,UNA,UNA(T),UNA,Ghaneri,-,-,-,-,-,-,31.70416667,76.00416667,25-05-2008 00:00,8.1,535,"","",330,270.49,18,"",19,"","","",295,102,9.7,10,"","","","","","","","","","",""
419,Ghaneri,CGWB,2,Himachal Pradesh,26,UNA,UNA(T),UNA,Ghaneri,-,-,-,-,-,-,31.70416667,76.00416667,25-05-2009 00:00,7.7,410,"","",238,195.08,7.1,"",10,"","","",205,64,11,9.8,"","","","","","","","","","",""
420,Ghaneri,CGWB,2,Himachal Pradesh,26,UNA,UNA(T),UNA,Ghaneri,-,-,-,-,-,-,31.70416667,76.00416667,25-05-2010 00:00,7.42,380,"","",228,186.89,11,"",3,"","","",192,42,21,10,"","","","","","","","","","",""
421,Ghaneri,CGWB,2,Himachal Pradesh,26,UNA,UNA(T),UNA,Ghaneri,-,-,-,-,-,-,31.70416667,76.00416667,25-05-2011 00:00,8.4,460,"",12,232,210.16,11,"","","","","",215,66,12,8.2,"","","","","","","","","","",""
422,Ghaneri,CGWB,2,Himachal Pradesh,26,UNA,UNA(T),UNA,Ghaneri,-,-,-,-,-,-,31.70416667,76.00416667,25-05-2012 00:00,7.98,410,"","",236,193.44,15,"","","","","",210,68,10,8.2,"","","","","","","","","","",""
423,Ghaneri,CGWB,2,Himachal Pradesh,26,UNA,UNA(T),UNA,Ghaneri,-,-,-,-,-,-,31.70416667,76.00416667,25-05-2013 00:00,8.22,400,"","",244,200,18,"",7,"","","",215,62,15,14,"","","","","","","","","","",""
424,Ghaneri,CGWB,2,Himachal Pradesh,26,UNA,UNA(T),UNA,Ghaneri,-,-,-,-,-,-,31.70416667,76.00416667,25-05-2014 00:00,9.57,1600,"","",85.4,70,11,"",51,"","","",110,12,19.47,36,"","","","","","","","","","",""
425,Ghaneri,CGWB,2,Himachal Pradesh,26,UNA,UNA(T),UNA,Ghaneri,-,-,-,-,-,-,31.70416667,76.00416667,25-05-2015 00:00,9.75,160,"","",85.4,70,11,"",51,"","","",110,12,19.47,36.5,"","","","","","","","","","",""
426,Ghaneri,CGWB,2,Himachal Pradesh,26,UNA,UNA(T),UNA,Ghaneri,-,-,-,-,-,-,31.70416667,76.00416667,30-05-2021 08:00,7.19,636,"",0,164.727,"",120.7,"",21.5,"","","",155,30,19.4592,69.5,"","","","","","","","","","",""
427,Ghaneri,CGWB,2,Himachal Pradesh,26,UNA,UNA(T),UNA,Ghaneri,-,-,-,-,-,-,31.70416667,76.00416667,04-02-2022 11:18,8.51,285,"",12,85,"",53,"",0,"",24,"",130,32,12,15,"","","","","","","","","","",""
428,Goindpur - Banehra,CGWB,2,Himachal Pradesh,26,UNA,AMB(T),AMB,Goindpur - Banehra,-,-,-,-,-,-,31.74722222,76.03888889,25-05-2003 00:00,7.76,520,"","",256,209.84,11,"","","","","",255,86,9.83,15,"","","","","","","","","","",""
429,Goindpur - Banehra,CGWB,2,Himachal Pradesh,26,UNA,AMB(T),AMB,Goindpur - Banehra,-,-,-,-,-,-,31.74722222,76.03888889,25-05-2004 00:00,7.78,481,"",0,262,214.75,11,"","","","","",290,70,28.05,7,"","","","","","","","","","",""
430,Goindpur - Banehra,CGWB,2,Himachal Pradesh,26,UNA,AMB(T),AMB,Goindpur - Banehra,-,-,-,-,-,-,31.74722222,76.03888889,25-05-2005 00:00,8.24,345,"","",190,155.74,11,"","","","","",177,52,11.49,7.3,"","","","","","","","","","",""
431,Guglahar,CGWB,2,Himachal Pradesh,26,UNA,HAROLI(T),HAROLI,Guglahar,-,-,-,-,-,-,31.56250000,76.12916667,25-05-2000 00:00,7.82,460,"",0,132,108.2,49,"","","","","",160,34,18.28,"","","","","","","","","","","",""
432,Guglahar,CGWB,2,Himachal Pradesh,26,UNA,HAROLI(T),HAROLI,Guglahar,-,-,-,-,-,-,31.56250000,76.12916667,25-05-2003 00:00,7.84,503,"","",134,109.84,50,"","","","","",180,38,20.71,30,"","","","","","","","","","",""
433,Guglahar,CGWB,2,Himachal Pradesh,26,UNA,HAROLI(T),HAROLI,Guglahar,-,-,-,-,-,-,31.56250000,76.12916667,25-05-2005 00:00,7.94,704,"","",241,197.54,46,"","","","","",307,84,23.69,40,"","","","","","","","","","",""
434,Guglahar,CGWB,2,Himachal Pradesh,26,UNA,HAROLI(T),HAROLI,Guglahar,-,-,-,-,-,-,31.56250000,76.12916667,25-05-2006 00:00,7.85,570,"","",146,119.67,53,"","","","","",209,45,24,35,"","","","","","","","","","",""
435,Guglahar,CGWB,2,Himachal Pradesh,26,UNA,HAROLI(T),HAROLI,Guglahar,-,-,-,-,-,-,31.56250000,76.12916667,25-05-2007 00:00,7.48,858,"","",223,182.79,68,"",102,"","","",345,95,26,50,"","","","","","","","","","",""
436,Guglahar,CGWB,2,Himachal Pradesh,26,UNA,HAROLI(T),HAROLI,Guglahar,-,-,-,-,-,-,31.56250000,76.12916667,25-05-2008 00:00,8.35,415,"",24,226,225.25,11,"",10,"","","",225,68,13,16,"","","","","","","","","","",""
437,Guglahar,CGWB,2,Himachal Pradesh,26,UNA,HAROLI(T),HAROLI,Guglahar,-,-,-,-,-,-,31.56250000,76.12916667,25-05-2009 00:00,7.5,910,"","",98,80.33,85,"",65,"","","",245,62,22,60,"","","","","","","","","","",""
438,Guglahar,CGWB,2,Himachal Pradesh,26,UNA,HAROLI(T),HAROLI,Guglahar,-,-,-,-,-,-,31.56250000,76.12916667,25-05-2010 00:00,7.2,635,"","",128,104.92,74,"",75,"","","",233,48,27,55,"","","","","","","","","","",""
439,Guglahar,CGWB,2,Himachal Pradesh,26,UNA,HAROLI(T),HAROLI,Guglahar,-,-,-,-,-,-,31.56250000,76.12916667,25-05-2011 00:00,8.25,630,"","",140,114.75,75,"",30,"","","",235,26,41,48,"","","","","","","","","","",""
440,Guglahar,CGWB,2,Himachal Pradesh,26,UNA,HAROLI(T),HAROLI,Guglahar,-,-,-,-,-,-,31.56250000,76.12916667,25-05-2012 00:00,7.65,700,"","",122,100,89,"",95,"","","",225,46,27,60,"","","","","","","","","","",""
441,Guglahar,CGWB,2,Himachal Pradesh,26,UNA,HAROLI(T),HAROLI,Guglahar,-,-,-,-,-,-,31.56250000,76.12916667,25-05-2015 00:00,7.96,1140,"",0,165,135.25,146,"",208,"","","",385,68,52.36,82.6,"","","","","","","","","","",""
442,Guglahar,CGWB,2,Himachal Pradesh,26,UNA,HAROLI(T),HAROLI,Guglahar,-,-,-,-,-,-,31.56250000,76.12916667,25-05-2018 00:00,8.41,662,0,12,122,0,77,"",79,"",0,"",0,28,31,70,"",0,0,"","","","","","","",""
443,Guglahar,CGWB,2,Himachal Pradesh,26,UNA,HAROLI(T),HAROLI,Guglahar,-,-,-,-,-,-,31.56250000,76.12916667,28-02-2022 10:13,8.62,355,"",12,110,"",28,"",19,"",10,"",140,26,18,27,"","","","","","","","","","",""
444,GUTKAR,CGWB,2,Himachal Pradesh,22,MANDI,MANDI(T),MANDI,GUTKAR,-,-,-,-,-,-,31.65833333,76.94583333,25-05-2002 00:00,7.8,440,"","",214,175.41,28,"","","","","",200,68,7.38,12,"","","","","","","","","","",""
445,GUTKAR,CGWB,2,Himachal Pradesh,22,MANDI,MANDI(T),MANDI,GUTKAR,-,-,-,-,-,-,31.65833333,76.94583333,25-05-2003 00:00,8.2,446,"","",220,180.33,35,"","","","","",230,76,9.82,11,"","","","","","","","","","",""
446,GUTKAR,CGWB,2,Himachal Pradesh,22,MANDI,MANDI(T),MANDI,GUTKAR,-,-,-,-,-,-,31.65833333,76.94583333,25-05-2004 00:00,7.42,364,"",0,159,130.33,25,"","","","","",150,48,7.35,15,"","","","","","","","","","",""
447,GUTKAR,CGWB,2,Himachal Pradesh,22,MANDI,MANDI(T),MANDI,GUTKAR,-,-,-,-,-,-,31.65833333,76.94583333,25-05-2005 00:00,7.4,415,"","",165,135.25,50,"","","","","",200,55,15.26,18,"","","","","","","","","","",""
448,GUTKAR,CGWB,2,Himachal Pradesh,22,MANDI,MANDI(T),MANDI,GUTKAR,-,-,-,-,-,-,31.65833333,76.94583333,25-05-2006 00:00,7.8,680,"","",342,280.33,67,"","","","","",316,94,19.81,20,"","","","","","","","","","",""
449,GUTKAR,CGWB,2,Himachal Pradesh,22,MANDI,MANDI(T),MANDI,GUTKAR,-,-,-,-,-,-,31.65833333,76.94583333,25-05-2007 00:00,7.18,408,"","",151,123.77,39,"",16,"","","",168,67,"",16,"","","","","","","","","","",""
450,GUTKAR,CGWB,2,Himachal Pradesh,22,MANDI,MANDI(T),MANDI,GUTKAR,-,-,-,-,-,-,31.65833333,76.94583333,25-05-2008 00:00,7.8,345,"","",159,130.33,25,"",24,"","","",185,50,15,15,"","","","","","","","","","",""
451,GUTKAR,CGWB,2,Himachal Pradesh,22,MANDI,MANDI(T),MANDI,GUTKAR,-,-,-,-,-,-,31.65833333,76.94583333,25-05-2009 00:00,7.7,400,"","",174,142.62,21,"",15,"","","",165,48,6,12,"","","","","","","","","","",""
452,GUTKAR,CGWB,2,Himachal Pradesh,22,MANDI,MANDI(T),MANDI,GUTKAR,-,-,-,-,-,-,31.65833333,76.94583333,25-05-2010 00:00,7.48,590,"","",148,121.31,97,"","","","","",196,55,14,33,"","","","","","","","","","",""
453,GUTKAR,CGWB,2,Himachal Pradesh,22,MANDI,MANDI(T),MANDI,GUTKAR,-,-,-,-,-,-,31.65833333,76.94583333,25-05-2011 00:00,8.75,340,"",6,153,135.41,14,"","","","","",135,46,4.8,12,"","","","","","","","","","",""
454,GUTKAR,CGWB,2,Himachal Pradesh,22,MANDI,MANDI(T),MANDI,GUTKAR,-,-,-,-,-,-,31.65833333,76.94583333,25-05-2012 00:00,7.89,370,"","",165,135.25,28,"",9,"","","",150,42,11,15,"","","","","","","","","","",""
455,GUTKAR,CGWB,2,Himachal Pradesh,22,MANDI,MANDI(T),MANDI,GUTKAR,-,-,-,-,-,-,31.65833333,76.94583333,25-05-2014 00:00,7.84,450,"","",153,125.41,60,"",40,"","","",194,54,14.41,24,"","","","","","","","","","",""
456,GUTKAR,CGWB,2,Himachal Pradesh,22,MANDI,MANDI(T),MANDI,GUTKAR,-,-,-,-,-,-,31.65833333,76.94583333,25-05-2015 00:00,7.84,450,"",0,153,125.41,60,"",40,"","","",193.8,54.11,13.38,24,"","","","","","","","","","",""
457,GUTKAR,CGWB,2,Himachal Pradesh,22,MANDI,MANDI(T),MANDI,GUTKAR,-,-,-,-,-,-,31.65833333,76.94583333,25-05-2018 00:00,8.1,251,0,0,110,0,57,"",18,"",0,"",0,52,10,13,"",0,0,"","","","","","","",""
458,GUTKAR,CGWB,2,Himachal Pradesh,22,MANDI,MANDI(T),MANDI,GUTKAR,-,-,-,-,-,-,31.65833333,76.94583333,30-05-2019 08:00,8.18,244,"","",102,"",28,"","","",14,"",84,29,"",18,"","","","","","","","","","",""
459,GUTKAR,CGWB,2,Himachal Pradesh,22,MANDI,MANDI(T),MANDI,GUTKAR,-,-,-,-,-,-,31.65833333,76.94583333,30-05-2020 08:00,8.18,244,"","",102,"",28,"","","",14,"","",29,"",18,"","","","","","","","","","",""
460,GUTKAR,CGWB,2,Himachal Pradesh,22,MANDI,MANDI(T),MANDI,GUTKAR,-,-,-,-,-,-,31.65833333,76.94583333,30-05-2021 08:00,7.71,973,"",0,244.04,"",134.9,"",134,"","","",370,44,63.2424,58.8,"","","","","","","","","","",""
461,Hardogri,CGWB,2,Himachal Pradesh,18,KANGRA,TEHSIL 1 (RAKKAR)(T),TEHSIL 1 (RAKKAR),Hardogri,-,-,-,-,-,-,31.78611111,76.29722222,25-05-2003 00:00,8.2,350,"","",220,180.33,28,"","","","","",215,56,18.3,19,"","","","","","","","","","",""
462,Hardogri,CGWB,2,Himachal Pradesh,18,KANGRA,TEHSIL 1 (RAKKAR)(T),TEHSIL 1 (RAKKAR),Hardogri,-,-,-,-,-,-,31.78611111,76.29722222,25-05-2004 00:00,8.18,456,"",0,232,190.16,28,"","","","","",220,64,14.67,11,"","","","","","","","","","",""
463,Hardogri,CGWB,2,Himachal Pradesh,18,KANGRA,TEHSIL 1 (RAKKAR)(T),TEHSIL 1 (RAKKAR),Hardogri,-,-,-,-,-,-,31.78611111,76.29722222,25-05-2005 00:00,8.25,423,"","",213,174.59,21,"","","","","",192,66,6.64,11,"","","","","","","","","","",""
464,Hardogri,CGWB,2,Himachal Pradesh,18,KANGRA,TEHSIL 1 (RAKKAR)(T),TEHSIL 1 (RAKKAR),Hardogri,-,-,-,-,-,-,31.78611111,76.29722222,25-05-2006 00:00,8.4,230,"",30,37,80.33,32,"","","","","",82,14,11,18,"","","","","","","","","","",""
465,Hardogri,CGWB,2,Himachal Pradesh,18,KANGRA,TEHSIL 1 (RAKKAR)(T),TEHSIL 1 (RAKKAR),Hardogri,-,-,-,-,-,-,31.78611111,76.29722222,25-05-2007 00:00,7.81,325,"","",179,146.72,22,"",12,"","","",170,52,9.7,12,"","","","","","","","","","",""
466,Hardogri,CGWB,2,Himachal Pradesh,18,KANGRA,TEHSIL 1 (RAKKAR)(T),TEHSIL 1 (RAKKAR),Hardogri,-,-,-,-,-,-,31.78611111,76.29722222,25-05-2008 00:00,7.85,450,"","",226,185.25,32,"",18,"","","",220,66,13,16,"","","","","","","","","","",""
467,Hardogri,CGWB,2,Himachal Pradesh,18,KANGRA,TEHSIL 1 (RAKKAR)(T),TEHSIL 1 (RAKKAR),Hardogri,-,-,-,-,-,-,31.78611111,76.29722222,25-05-2009 00:00,7.1,530,"","",281,230.33,28,"",32,"","","",255,78,14,24,"","","","","","","","","","",""
468,Hardogri,CGWB,2,Himachal Pradesh,18,KANGRA,TEHSIL 1 (RAKKAR)(T),TEHSIL 1 (RAKKAR),Hardogri,-,-,-,-,-,-,31.78611111,76.29722222,25-05-2010 00:00,7.7,535,"","",284,232.79,39,"",2,"","","",248,75,15,22,"","","","","","","","","","",""
469,Hardogri,CGWB,2,Himachal Pradesh,18,KANGRA,TEHSIL 1 (RAKKAR)(T),TEHSIL 1 (RAKKAR),Hardogri,-,-,-,-,-,-,31.78611111,76.29722222,25-05-2011 00:00,8.7,530,"",9,253,222.38,28,"",6,"","","",230,72,12,20,"","","","","","","","","","",""
470,Hardogri,CGWB,2,Himachal Pradesh,18,KANGRA,TEHSIL 1 (RAKKAR)(T),TEHSIL 1 (RAKKAR),Hardogri,-,-,-,-,-,-,31.78611111,76.29722222,25-05-2012 00:00,8.23,480,"","",281,230.33,32,"","","","","",225,60,18,19,"","","","","","","","","","",""
471,Hardogri,CGWB,2,Himachal Pradesh,18,KANGRA,TEHSIL 1 (RAKKAR)(T),TEHSIL 1 (RAKKAR),Hardogri,-,-,-,-,-,-,31.78611111,76.29722222,25-05-2013 00:00,8.32,520,"","",275,225.41,36,"",84,"","","",305,77,29,32,"","","","","","","","","","",""
472,Hardogri,CGWB,2,Himachal Pradesh,18,KANGRA,TEHSIL 1 (RAKKAR)(T),TEHSIL 1 (RAKKAR),Hardogri,-,-,-,-,-,-,31.78611111,76.29722222,25-05-2015 00:00,7.8,540,"",0,323,264.75,36,"",15,"","","",270.3,76.15,19.52,27.1,"","","","","","","","","","",""
473,Hardogri,CGWB,2,Himachal Pradesh,18,KANGRA,TEHSIL 1 (RAKKAR)(T),TEHSIL 1 (RAKKAR),Hardogri,-,-,-,-,-,-,31.78611111,76.29722222,25-05-2018 00:00,8.61,618,0,72,134,0,35,"",52,"",0,"",0,84,17,29,"",0,0,"","","","","","","",""
474,Hardogri,CGWB,2,Himachal Pradesh,18,KANGRA,TEHSIL 1 (RAKKAR)(T),TEHSIL 1 (RAKKAR),Hardogri,-,-,-,-,-,-,31.78611111,76.29722222,30-05-2019 08:00,8.3,385,"",24,159,"",35,"","","",15,"",150,44,"",32,"","","","","","","","","","",""
475,Hardogri,CGWB,2,Himachal Pradesh,18,KANGRA,TEHSIL 1 (RAKKAR)(T),TEHSIL 1 (RAKKAR),Hardogri,-,-,-,-,-,-,31.78611111,76.29722222,30-05-2020 08:00,8.3,385,"","",159,"",35,"","","",15,"","",44,"",32,"","","","","","","","","","",""
476,Hardogri,CGWB,2,Himachal Pradesh,18,KANGRA,TEHSIL 1 (RAKKAR)(T),TEHSIL 1 (RAKKAR),Hardogri,-,-,-,-,-,-,31.78611111,76.29722222,30-05-2021 08:00,7.1,1069,"",0,268,"",135,"",75,"","","",340,92,27,65,"","","","","","","","","","",""
477,Hardogri,CGWB,2,Himachal Pradesh,18,KANGRA,TEHSIL 1 (RAKKAR)(T),TEHSIL 1 (RAKKAR),Hardogri,-,-,-,-,-,-,31.78611111,76.29722222,04-02-2022 11:36,"",380,"",12,134,"",46,"",0,"",13,"",150,28,19,"","","","","","","","","","","",""
478,Hathithan,CGWB,2,Himachal Pradesh,20,KULLU,KULLU(T),KULLU,Hathithan,-,-,-,-,-,-,31.88083333,77.14305556,25-05-2002 00:00,8,475,"","",128,104.92,35,"","","","","",230,68,14.67,13,"","","","","","","","","","",""
479,Hathithan,CGWB,2,Himachal Pradesh,20,KULLU,KULLU(T),KULLU,Hathithan,-,-,-,-,-,-,31.88083333,77.14305556,25-05-2003 00:00,7.8,386,"","",134,109.84,18,"","","","","",180,56,9.79,9,"","","","","","","","","","",""
480,Hathithan,CGWB,2,Himachal Pradesh,20,KULLU,KULLU(T),KULLU,Hathithan,-,-,-,-,-,-,31.88083333,77.14305556,25-05-2005 00:00,7.85,502,"","",171,140.16,35,"","","","","",240,70,15.89,18,"","","","","","","","","","",""
481,Hathithan,CGWB,2,Himachal Pradesh,20,KULLU,KULLU(T),KULLU,Hathithan,-,-,-,-,-,-,31.88083333,77.14305556,25-05-2006 00:00,7.8,360,"","",79,64.75,28,"","","","","",153,39,13.54,13,"","","","","","","","","","",""
482,Hathithan,CGWB,2,Himachal Pradesh,20,KULLU,KULLU(T),KULLU,Hathithan,-,-,-,-,-,-,31.88083333,77.14305556,25-05-2007 00:00,7.54,538,"","",146,119.67,36,"",55,"","","",224,73,10,20,"","","","","","","","","","",""
483,Hathithan,CGWB,2,Himachal Pradesh,20,KULLU,KULLU(T),KULLU,Hathithan,-,-,-,-,-,-,31.88083333,77.14305556,25-05-2008 00:00,7.7,458,"","",140,114.75,39,"",28,"","","",205,60,13,22,"","","","","","","","","","",""
484,Hathithan,CGWB,2,Himachal Pradesh,20,KULLU,KULLU(T),KULLU,Hathithan,-,-,-,-,-,-,31.88083333,77.14305556,25-05-2009 00:00,7.4,510,"","",153,125.41,21,"",50,"","","",200,62,11,20,"","","","","","","","","","",""
485,Hathithan,CGWB,2,Himachal Pradesh,20,KULLU,KULLU(T),KULLU,Hathithan,-,-,-,-,-,-,31.88083333,77.14305556,25-05-2010 00:00,7.9,352,"","",148,121.31,21,"","","","","",157,47,9.6,7.9,"","","","","","","","","","",""
486,Hathithan,CGWB,2,Himachal Pradesh,20,KULLU,KULLU(T),KULLU,Hathithan,-,-,-,-,-,-,31.88083333,77.14305556,25-05-2011 00:00,8.5,540,"",6,128,114.92,43,"",30,"","","",210,68,9.7,27,"","","","","","","","","","",""
487,Hathithan,CGWB,2,Himachal Pradesh,20,KULLU,KULLU(T),KULLU,Hathithan,-,-,-,-,-,-,31.88083333,77.14305556,25-05-2012 00:00,7.82,790,"","",67,54.92,78,"",48,"","","",275,62,29,50,"","","","","","","","","","",""
488,Ishapur,CGWB,2,Himachal Pradesh,26,UNA,UNA(T),UNA,Ishapur,-,-,-,-,-,-,31.49583333,76.17500000,25-05-2003 00:00,7.67,1055,"","",396,324.59,89,"","","","","",320,22,64.46,68,"","","","","","","","","","",""
489,Ishapur,CGWB,2,Himachal Pradesh,26,UNA,UNA(T),UNA,Ishapur,-,-,-,-,-,-,31.49583333,76.17500000,25-05-2004 00:00,7.34,728,"",0,311,254.92,67,"","","","","",290,48,41.39,48,"","","","","","","","","","",""
490,Ishapur,CGWB,2,Himachal Pradesh,26,UNA,UNA(T),UNA,Ishapur,-,-,-,-,-,-,31.49583333,76.17500000,25-05-2005 00:00,8.16,900,"","",213,174.59,160,"","","","","",350,84,34.14,44,"","","","","","","","","","",""
491,Ishapur,CGWB,2,Himachal Pradesh,26,UNA,UNA(T),UNA,Ishapur,-,-,-,-,-,-,31.49583333,76.17500000,25-05-2006 00:00,8.2,555,"","",104,85.25,89,"","","","","",214,35,30.8,38,"","","","","","","","","","",""
492,Ishapur,CGWB,2,Himachal Pradesh,26,UNA,UNA(T),UNA,Ishapur,-,-,-,-,-,-,31.49583333,76.17500000,25-05-2007 00:00,7.02,760,"","",217,177.87,86,"",55,"","","",308,76,29,45,"","","","","","","","","","",""
493,Ishapur,CGWB,2,Himachal Pradesh,26,UNA,UNA(T),UNA,Ishapur,-,-,-,-,-,-,31.49583333,76.17500000,25-05-2008 00:00,7.45,1080,"","",293,240.16,156,"",80,"","","",485,146,29,51,"","","","","","","","","","",""
494,Ishapur,CGWB,2,Himachal Pradesh,26,UNA,UNA(T),UNA,Ishapur,-,-,-,-,-,-,31.49583333,76.17500000,25-05-2009 00:00,7.5,920,"","",122,100,92,"",120,"","","",340,76,36,65,"","","","","","","","","","",""
495,Ishapur,CGWB,2,Himachal Pradesh,26,UNA,UNA(T),UNA,Ishapur,-,-,-,-,-,-,31.49583333,76.17500000,25-05-2010 00:00,7.48,1000,"","",121,99.18,163,"",115,"","","",374,75,45,85,"","","","","","","","","","",""
496,Ishapur,CGWB,2,Himachal Pradesh,26,UNA,UNA(T),UNA,Ishapur,-,-,-,-,-,-,31.49583333,76.17500000,25-05-2011 00:00,8.26,840,"","",195,159.84,114,"",60,"","","",190,34,25,112,"","","","","","","","","","",""
497,Ishapur,CGWB,2,Himachal Pradesh,26,UNA,UNA(T),UNA,Ishapur,-,-,-,-,-,-,31.49583333,76.17500000,25-05-2012 00:00,7.38,1080,"","",281,230.33,142,"",45,"","","",265,38,41,110,"","","","","","","","","","",""
498,Ishapur,CGWB,2,Himachal Pradesh,26,UNA,UNA(T),UNA,Ishapur,-,-,-,-,-,-,31.49583333,76.17500000,25-05-2014 00:00,7.75,1030,"",0,354,290.16,114,"",100,"","","",220,36,31.65,172,"","","","","","","","","","",""
499,Ishapur,CGWB,2,Himachal Pradesh,26,UNA,UNA(T),UNA,Ishapur,-,-,-,-,-,-,31.49583333,76.17500000,25-05-2015 00:00,7.75,1030,"",0,354,290.16,114,"",100,"","","",220,36,31.65,172,"","","","","","","","","","",""
500,Ishapur,CGWB,2,Himachal Pradesh,26,UNA,UNA(T),UNA,Ishapur,-,-,-,-,-,-,31.49583333,76.17500000,25-05-2018 00:00,8.55,1047,0,24,109,0,155,"",169,"",0,"",0,44,24,162,"",0,0,"","","","","","","",""
501,Ishapur,CGWB,2,Himachal Pradesh,26,UNA,UNA(T),UNA,Ishapur,-,-,-,-,-,-,31.49583333,76.17500000,04-02-2022 10:37,8.49,625,"",18,159,"",82,"",53,"",14,"",115,22,15,95,"","","","","","","","","","",""
502,Jagatpur,CGWB,2,Himachal Pradesh,25,SOLAN,NALAGARH(T),NALAGARH,Jagatpur,-,-,-,-,-,-,31.16111111,76.68055556,25-05-2000 00:00,7.6,428,"",0,233,190.98,14,"","","","","",147,42,10.26,"","","","","","","","","","","",""
503,Jagatpur,CGWB,2,Himachal Pradesh,25,SOLAN,NALAGARH(T),NALAGARH,Jagatpur,-,-,-,-,-,-,31.16111111,76.68055556,25-05-2001 00:00,7.82,516,"",0,305,250,11,"","","","","",210,64,12.23,43,"","","","","","","","","","",""
504,Jagatpur,CGWB,2,Himachal Pradesh,25,SOLAN,NALAGARH(T),NALAGARH,Jagatpur,-,-,-,-,-,-,31.16111111,76.68055556,25-05-2002 00:00,7.7,515,"",0,268,219.67,18,"","","","","",210,68,9.81,35,"","","","","","","","","","",""
505,Jagatpur,CGWB,2,Himachal Pradesh,25,SOLAN,NALAGARH(T),NALAGARH,Jagatpur,-,-,-,-,-,-,31.16111111,76.68055556,25-05-2003 00:00,8.16,378,"","",152,124.59,3.5,"","","","","",110,22,13.4,38,"","","","","","","","","","",""
506,Jagatpur,CGWB,2,Himachal Pradesh,25,SOLAN,NALAGARH(T),NALAGARH,Jagatpur,-,-,-,-,-,-,31.16111111,76.68055556,25-05-2004 00:00,7.72,530,"",0,313,256.56,14,"","","","","",235,63,18.92,29,"","","","","","","","","","",""
507,Jagatpur,CGWB,2,Himachal Pradesh,25,SOLAN,NALAGARH(T),NALAGARH,Jagatpur,-,-,-,-,-,-,31.16111111,76.68055556,25-05-2005 00:00,7.55,900,"","",238,195.08,15,"","","","","",145,38,12.2,50,"","","","","","","","","","",""
508,Jagatpur,CGWB,2,Himachal Pradesh,25,SOLAN,NALAGARH(T),NALAGARH,Jagatpur,-,-,-,-,-,-,31.16111111,76.68055556,25-05-2006 00:00,7.76,425,"","",244,200,14,"","","","","",169,41,16,36,"","","","","","","","","","",""
509,Jagatpur,CGWB,2,Himachal Pradesh,25,SOLAN,NALAGARH(T),NALAGARH,Jagatpur,-,-,-,-,-,-,31.16111111,76.68055556,25-05-2007 00:00,7.85,340,"","",170,139.34,11,"",14,"","","",113,25,12,30,"","","","","","","","","","",""
510,Jagatpur,CGWB,2,Himachal Pradesh,25,SOLAN,NALAGARH(T),NALAGARH,Jagatpur,-,-,-,-,-,-,31.16111111,76.68055556,25-05-2008 00:00,8.05,560,"","",336,275.41,14,"",43,"","","",265,84,13,40,"","","","","","","","","","",""
511,Jagatpur,CGWB,2,Himachal Pradesh,25,SOLAN,NALAGARH(T),NALAGARH,Jagatpur,-,-,-,-,-,-,31.16111111,76.68055556,25-05-2009 00:00,7.7,440,"","",232,190.16,11,"",18,"","","",150,42,11,35,"","","","","","","","","","",""
512,Jagatpur,CGWB,2,Himachal Pradesh,25,SOLAN,NALAGARH(T),NALAGARH,Jagatpur,-,-,-,-,-,-,31.16111111,76.68055556,25-05-2010 00:00,7.6,375,"","",215,176.23,14,"","","","","",108,27,9.6,45,"","","","","","","","","","",""
513,Jagatpur,CGWB,2,Himachal Pradesh,25,SOLAN,NALAGARH(T),NALAGARH,Jagatpur,-,-,-,-,-,-,31.16111111,76.68055556,25-05-2011 00:00,8.25,310,"","",171,140.16,18,"","","","","",100,18,13,34,"","","","","","","","","","",""
514,Jagatpur,CGWB,2,Himachal Pradesh,25,SOLAN,NALAGARH(T),NALAGARH,Jagatpur,-,-,-,-,-,-,31.16111111,76.68055556,25-05-2012 00:00,7.97,380,"","",177,145.08,14,"",22,"","","",110,18,16,40,"","","","","","","","","","",""
515,Jagatpur,CGWB,2,Himachal Pradesh,25,SOLAN,NALAGARH(T),NALAGARH,Jagatpur,-,-,-,-,-,-,31.16111111,76.68055556,25-05-2014 00:00,7.62,450,"",0,250,204.92,14,"",43,"","","",180,34,23.14,42,"","","","","","","","","","",""
516,Jagatpur,CGWB,2,Himachal Pradesh,25,SOLAN,NALAGARH(T),NALAGARH,Jagatpur,-,-,-,-,-,-,31.16111111,76.68055556,25-05-2015 00:00,7.62,450,"",0,250,204.92,14,"",43,"","","",180,34,23.14,42,"","","","","","","","","","",""
517,Jagatpur,CGWB,2,Himachal Pradesh,25,SOLAN,NALAGARH(T),NALAGARH,Jagatpur,-,-,-,-,-,-,31.16111111,76.68055556,25-05-2018 00:00,8.46,296,0,36,85,0,14,"",42,"",0,"",0,20,7.29,55.1,"",0,0,"","","","","","","",""
518,Jagir,CGWB,2,Himachal Pradesh,18,KANGRA,FATEHPUR(T),FATEHPUR,Jagir,-,-,-,-,-,-,31.97722222,75.90500000,30-05-2019 08:00,8.4,480,"",24,134,"",42,"","","",6.74,"",180,24,"",30,"","","","","","","","","","",""
519,Jagir,CGWB,2,Himachal Pradesh,18,KANGRA,FATEHPUR(T),FATEHPUR,Jagir,-,-,-,-,-,-,31.97722222,75.90500000,30-05-2020 08:00,8.4,480,"","",134,"",42,"","","",6.74,"","",24,"",30,"","","","","","","","","","",""
520,Jagir,CGWB,2,Himachal Pradesh,18,KANGRA,FATEHPUR(T),FATEHPUR,Jagir,-,-,-,-,-,-,31.97722222,75.90500000,30-05-2021 08:00,7.6,1719,"",0,414.8,"",212.7,"",237,"","","",710,40,148.2544,65.4,"","","","","","","","","","",""
521,Jagir,CGWB,2,Himachal Pradesh,18,KANGRA,FATEHPUR(T),FATEHPUR,Jagir,-,-,-,-,-,-,31.97722222,75.90500000,21-02-2022 12:04,"",480,"",24,171,"",43,"",12,"",9,"",200,48,19,30,"","","","","","","","","","",""
522,Jankaur,CGWB,2,Himachal Pradesh,26,UNA,UNA(T),UNA,Jankaur,-,-,-,-,-,-,31.42027778,76.27805556,25-05-2015 00:00,10.4,430,"","",48.8,40,43,"",0,"","","",65,14,7.31,44.2,"","","","","","","","","","",""
523,Jankaur,CGWB,2,Himachal Pradesh,26,UNA,UNA(T),UNA,Jankaur,-,-,-,-,-,-,31.42027778,76.27805556,30-05-2021 08:00,7.97,935,607.75,0,235,"",161,"",50,0.24,"","",360,95,29.792,60,"","","","","","","","","","",""
524,Jankaur,CGWB,2,Himachal Pradesh,26,UNA,UNA(T),UNA,Jankaur,-,-,-,-,-,-,31.42027778,76.27805556,01-04-2022 11:14,8.47,630,"",18,116,"",156,"",0,"",13,"",160,20,27,82,"","","","","","","","","","",""
525,Jarl,CGWB,2,Himachal Pradesh,22,MANDI,SUNDARNAGAR(T),SUNDARNAGAR,Jarl,-,-,-,-,-,-,31.55833333,76.89583333,25-05-2002 00:00,7.83,447,"","",226,185.25,18,"","","","","",215,72,8.6,13,"","","","","","","","","","",""
526,Jarl,CGWB,2,Himachal Pradesh,22,MANDI,SUNDARNAGAR(T),SUNDARNAGAR,Jarl,-,-,-,-,-,-,31.55833333,76.89583333,25-05-2003 00:00,8.19,292,"","",128,104.92,18,"","","","","",130,28,14.62,14,"","","","","","","","","","",""
527,Jarl,CGWB,2,Himachal Pradesh,22,MANDI,SUNDARNAGAR(T),SUNDARNAGAR,Jarl,-,-,-,-,-,-,31.55833333,76.89583333,25-05-2004 00:00,7.81,433,"",0,226,185.25,25,"","","","","",205,42,24.36,15,"","","","","","","","","","",""
528,Jarl,CGWB,2,Himachal Pradesh,22,MANDI,SUNDARNAGAR(T),SUNDARNAGAR,Jarl,-,-,-,-,-,-,31.55833333,76.89583333,25-05-2005 00:00,7.55,390,"","",204,167.21,35,"","","","","",195,48,18,20,"","","","","","","","","","",""
529,Jarl,CGWB,2,Himachal Pradesh,22,MANDI,SUNDARNAGAR(T),SUNDARNAGAR,Jarl,-,-,-,-,-,-,31.55833333,76.89583333,25-05-2006 00:00,7.75,370,"","",201,164.75,25,"","","","","",184,41,19.87,16,"","","","","","","","","","",""
530,Jarl,CGWB,2,Himachal Pradesh,22,MANDI,SUNDARNAGAR(T),SUNDARNAGAR,Jarl,-,-,-,-,-,-,31.55833333,76.89583333,25-05-2007 00:00,7.65,652,"","",290,237.7,32,"",28,"","","",284,85,17,19,"","","","","","","","","","",""
531,Jarl,CGWB,2,Himachal Pradesh,22,MANDI,SUNDARNAGAR(T),SUNDARNAGAR,Jarl,-,-,-,-,-,-,31.55833333,76.89583333,25-05-2008 00:00,7.7,405,"","",232,190.16,21,"",40,"","","",235,64,18,15,"","","","","","","","","","",""
532,Jarl,CGWB,2,Himachal Pradesh,22,MANDI,SUNDARNAGAR(T),SUNDARNAGAR,Jarl,-,-,-,-,-,-,31.55833333,76.89583333,25-05-2009 00:00,7.8,490,"","",275,225.41,14,"",25,"","","",245,68,18,14,"","","","","","","","","","",""
533,Jarl,CGWB,2,Himachal Pradesh,22,MANDI,SUNDARNAGAR(T),SUNDARNAGAR,Jarl,-,-,-,-,-,-,31.55833333,76.89583333,25-05-2010 00:00,7.65,290,"","",134,109.84,21,"","","","","",108,27,9.6,18,"","","","","","","","","","",""
534,Jarl,CGWB,2,Himachal Pradesh,22,MANDI,SUNDARNAGAR(T),SUNDARNAGAR,Jarl,-,-,-,-,-,-,31.55833333,76.89583333,25-05-2011 00:00,8.4,370,"",6,159,140.33,28,"","","","","",150,32,17,16,"","","","","","","","","","",""
535,Jarl,CGWB,2,Himachal Pradesh,22,MANDI,SUNDARNAGAR(T),SUNDARNAGAR,Jarl,-,-,-,-,-,-,31.55833333,76.89583333,25-05-2012 00:00,7.58,430,"","",183,150,28,"",31,"","","",170,28,24,23,"","","","","","","","","","",""
536,Jarl,CGWB,2,Himachal Pradesh,22,MANDI,SUNDARNAGAR(T),SUNDARNAGAR,Jarl,-,-,-,-,-,-,31.55833333,76.89583333,25-05-2014 00:00,7.91,340,"","",165,135.25,36,"",3,"","","",158,26,22.64,26,"","","","","","","","","","",""
537,Jarl,CGWB,2,Himachal Pradesh,22,MANDI,SUNDARNAGAR(T),SUNDARNAGAR,Jarl,-,-,-,-,-,-,31.55833333,76.89583333,25-05-2015 00:00,7.91,340,"","",165,135.25,36,"",30,"","","",158.1,26.05,22.64,26.1,"","","","","","","","","","",""
538,Jarl,CGWB,2,Himachal Pradesh,22,MANDI,SUNDARNAGAR(T),SUNDARNAGAR,Jarl,-,-,-,-,-,-,31.55833333,76.89583333,25-05-2018 00:00,8.45,327,0,36,85,0,63,"","","",0,"",0,24,21,34,"",0,0,"","","","","","","",""
539,Jarl,CGWB,2,Himachal Pradesh,22,MANDI,SUNDARNAGAR(T),SUNDARNAGAR,Jarl,-,-,-,-,-,-,31.55833333,76.89583333,30-05-2019 08:00,8.45,396,"",43,116,"",35,"","","",14,"",168,42,"",21,"","","","","","","","","","",""
540,Jarl,CGWB,2,Himachal Pradesh,22,MANDI,SUNDARNAGAR(T),SUNDARNAGAR,Jarl,-,-,-,-,-,-,31.55833333,76.89583333,30-05-2020 08:00,8.45,396,"","",116,"",35,"","","",14,"","",42,"",21,"","","","","","","","","","",""
541,Jarl,CGWB,2,Himachal Pradesh,22,MANDI,SUNDARNAGAR(T),SUNDARNAGAR,Jarl,-,-,-,-,-,-,31.55833333,76.89583333,30-05-2021 08:00,7.93,1360,884,0,344,"",185,"",115,0.05,"","",330,50,49.856,155,"","","","","","","","","","",""
542,Jassur,CGWB,2,Himachal Pradesh,18,KANGRA,NURPUR(T),NURPUR,Jassur,-,-,-,-,-,-,32.27916667,75.84166667,25-05-2000 00:00,7.96,259,"",0,107,87.7,17,"","","","","",105,32,6.12,"","","","","","","","","","","",""
543,Jassur,CGWB,2,Himachal Pradesh,18,KANGRA,NURPUR(T),NURPUR,Jassur,-,-,-,-,-,-,32.27916667,75.84166667,25-05-2004 00:00,7.46,351,"",0,165,135.25,21,"","","","","",165,44,13.43,15,"","","","","","","","","","",""
544,Jassur,CGWB,2,Himachal Pradesh,18,KANGRA,NURPUR(T),NURPUR,Jassur,-,-,-,-,-,-,32.27916667,75.84166667,25-05-2005 00:00,7.83,333,"","",183,150,18,"","","","","",168,48,11.73,14,"","","","","","","","","","",""
545,Jassur,CGWB,2,Himachal Pradesh,18,KANGRA,NURPUR(T),NURPUR,Jassur,-,-,-,-,-,-,32.27916667,75.84166667,25-05-2007 00:00,7.81,319,"","",140,114.75,22,"",20,"","","",152,45,9.8,13,"","","","","","","","","","",""
546,Jassur,CGWB,2,Himachal Pradesh,18,KANGRA,NURPUR(T),NURPUR,Jassur,-,-,-,-,-,-,32.27916667,75.84166667,25-05-2018 00:00,8.4,360,0,36,73,0,28,"",5,"",0,"",0,32,22,5,"",0,0,"","","","","","","",""
547,Jassur,CGWB,2,Himachal Pradesh,18,KANGRA,NURPUR(T),NURPUR,Jassur,-,-,-,-,-,-,32.27916667,75.84166667,30-05-2019 08:00,8.45,330,"",24,122,"",21,"","","",14,"",140,24,19,23,"","","","","","","","","","",""
548,Jassur,CGWB,2,Himachal Pradesh,18,KANGRA,NURPUR(T),NURPUR,Jassur,-,-,-,-,-,-,32.27916667,75.84166667,30-05-2020 08:00,8.45,330,"","",122,"",21,"","","",14,"","",24,19,23,"","","","","","","","","","",""
549,Jassur,CGWB,2,Himachal Pradesh,18,KANGRA,NURPUR(T),NURPUR,Jassur,-,-,-,-,-,-,32.27916667,75.84166667,30-05-2021 08:00,7.92,3230,"",0,561.384,"",602.65,"",201.6,"","","",815,186,85.064,379.5,"","","","","","","","","","",""
550,Jassur,CGWB,2,Himachal Pradesh,18,KANGRA,NURPUR(T),NURPUR,Jassur,-,-,-,-,-,-,32.27916667,75.84166667,04-02-2022 16:22,"",670,"",0,293,"",43,"",58,"",9,"",350,48,56,16,"","","","","","","","","","",""
551,Jawar,CGWB,2,Himachal Pradesh,26,UNA,AMB(T),AMB,Jawar,-,-,-,-,-,-,31.74166667,76.20000000,25-05-2003 00:00,7.77,382,"","",171,140.16,18,"","","","","",200,50,18.3,6,"","","","","","","","","","",""
552,Jawar,CGWB,2,Himachal Pradesh,26,UNA,AMB(T),AMB,Jawar,-,-,-,-,-,-,31.74166667,76.20000000,25-05-2004 00:00,7.82,466,"",0,238,195.08,21,"","","","","",215,52,20.73,14,"","","","","","","","","","",""
553,Jawar,CGWB,2,Himachal Pradesh,26,UNA,AMB(T),AMB,Jawar,-,-,-,-,-,-,31.74166667,76.20000000,25-05-2005 00:00,8.28,460,"","",207,169.67,14,"","","","","",201,62,11.26,15,"","","","","","","","","","",""
554,Jawar,CGWB,2,Himachal Pradesh,26,UNA,AMB(T),AMB,Jawar,-,-,-,-,-,-,31.74166667,76.20000000,25-05-2006 00:00,7.85,315,"","",140,114.75,21,"","","","","",153,35,16,12,"","","","","","","","","","",""
555,Jawar,CGWB,2,Himachal Pradesh,26,UNA,AMB(T),AMB,Jawar,-,-,-,-,-,-,31.74166667,76.20000000,25-05-2007 00:00,7.71,325,"","",156,127.87,15,"",11,"","","",144,37,13,13,"","","","","","","","","","",""
556,Jawar,CGWB,2,Himachal Pradesh,26,UNA,AMB(T),AMB,Jawar,-,-,-,-,-,-,31.74166667,76.20000000,25-05-2008 00:00,8.1,415,"","",214,175.41,18,"",20,"","","",215,60,16,12,"","","","","","","","","","",""
557,Jawar,CGWB,2,Himachal Pradesh,26,UNA,AMB(T),AMB,Jawar,-,-,-,-,-,-,31.74166667,76.20000000,25-05-2009 00:00,7.9,440,"","",232,190.16,11,"",16,"","","",205,56,16,14,"","","","","","","","","","",""
558,Jawar,CGWB,2,Himachal Pradesh,26,UNA,AMB(T),AMB,Jawar,-,-,-,-,-,-,31.74166667,76.20000000,25-05-2010 00:00,7.9,420,"","",220,180.33,21,"",16,"","","",207,42,25,16,"","","","","","","","","","",""
559,Jawar,CGWB,2,Himachal Pradesh,26,UNA,AMB(T),AMB,Jawar,-,-,-,-,-,-,31.74166667,76.20000000,25-05-2011 00:00,8.35,520,"",4,244,206.67,25,"",8,"","","",210,66,11,25,"","","","","","","","","","",""
560,Jawar,CGWB,2,Himachal Pradesh,26,UNA,AMB(T),AMB,Jawar,-,-,-,-,-,-,31.74166667,76.20000000,25-05-2012 00:00,7.87,310,"","",134,109.84,21,"",7,"","","",135,26,17,12,"","","","","","","","","","",""
561,Jawar,CGWB,2,Himachal Pradesh,26,UNA,AMB(T),AMB,Jawar,-,-,-,-,-,-,31.74166667,76.20000000,25-05-2013 00:00,8.32,370,"",6,153,135.41,32,"",11,"","","",165,40,16,19,"","","","","","","","","","",""
562,Jawar,CGWB,2,Himachal Pradesh,26,UNA,AMB(T),AMB,Jawar,-,-,-,-,-,-,31.74166667,76.20000000,25-05-2014 00:00,7.82,360,"","",165,135.25,25,"",33,"","","",185,40,20.71,21,"","","","","","","","","","",""
563,Jawar,CGWB,2,Himachal Pradesh,26,UNA,AMB(T),AMB,Jawar,-,-,-,-,-,-,31.74166667,76.20000000,25-05-2015 00:00,7.82,360,"",0,165,135.25,25,"",33,"","","",185,40,20.71,15.8,"","","","","","","","","","",""
564,Jawar,CGWB,2,Himachal Pradesh,26,UNA,AMB(T),AMB,Jawar,-,-,-,-,-,-,31.74166667,76.20000000,25-05-2018 00:00,8.47,418,0,24,122,0,35,"",11,"",0,"",0,56,12,17,"",0,0,"","","","","","","",""
565,Jawar,CGWB,2,Himachal Pradesh,26,UNA,AMB(T),AMB,Jawar,-,-,-,-,-,-,31.74166667,76.20000000,04-02-2022 15:36,"",510,"",12,73,"","","",46,"",17,"",165,24,26,50,"","","","","","","","","","",""
566,Jhalera,CGWB,2,Himachal Pradesh,26,UNA,UNA(T),UNA,Jhalera,-,-,-,-,-,-,31.48750000,76.24166667,25-05-2003 00:00,8.13,510,"","",195,159.84,32,"","","","","",105,12,18.25,80,"","","","","","","","","","",""
567,Jhalera,CGWB,2,Himachal Pradesh,26,UNA,UNA(T),UNA,Jhalera,-,-,-,-,-,-,31.48750000,76.24166667,25-05-2004 00:00,7.76,546,"",0,244,200,32,"","","","","",145,34,14.63,73,"","","","","","","","","","",""
568,Jhalera,CGWB,2,Himachal Pradesh,26,UNA,UNA(T),UNA,Jhalera,-,-,-,-,-,-,31.48750000,76.24166667,25-05-2005 00:00,7.97,854,"","","","","","","","","","",292,"",70.99,"","","","","","","","","","","",""
569,Jhalera,CGWB,2,Himachal Pradesh,26,UNA,UNA(T),UNA,Jhalera,-,-,-,-,-,-,31.48750000,76.24166667,25-05-2006 00:00,7.8,522,"","",238,195.08,46,"","","","","",158,35,17,67,"","","","","","","","","","",""
570,Jhalera,CGWB,2,Himachal Pradesh,26,UNA,UNA(T),UNA,Jhalera,-,-,-,-,-,-,31.48750000,76.24166667,25-05-2007 00:00,7.25,610,"","",149,122.13,48,"",74,"","","",179,43,17,67,"","","","","","","","","","",""
571,Jhalera,CGWB,2,Himachal Pradesh,26,UNA,UNA(T),UNA,Jhalera,-,-,-,-,-,-,31.48750000,76.24166667,25-05-2008 00:00,7.45,685,"","",287,235.25,43,"",29,"","","",260,70,21,54,"","","","","","","","","","",""
572,Jhalera,CGWB,2,Himachal Pradesh,26,UNA,UNA(T),UNA,Jhalera,-,-,-,-,-,-,31.48750000,76.24166667,25-05-2009 00:00,7.4,590,"","",250,204.92,21,"",27,"","","",195,44,21,53,"","","","","","","","","","",""
573,Jhalera,CGWB,2,Himachal Pradesh,26,UNA,UNA(T),UNA,Jhalera,-,-,-,-,-,-,31.48750000,76.24166667,25-05-2010 00:00,7.6,545,"","",192,157.38,46,"",26,"","","",172,34,21,61,"","","","","","","","","","",""
574,Jhalera,CGWB,2,Himachal Pradesh,26,UNA,UNA(T),UNA,Jhalera,-,-,-,-,-,-,31.48750000,76.24166667,25-05-2011 00:00,8.35,600,"",6,189,164.92,46,"",32,"","","",185,30,27,52,"","","","","","","","","","",""
575,Jhalera,CGWB,2,Himachal Pradesh,26,UNA,UNA(T),UNA,Jhalera,-,-,-,-,-,-,31.48750000,76.24166667,25-05-2012 00:00,7.82,530,"","",134,109.84,53,"",58,"","","",155,28,21,55,"","","","","","","","","","",""
576,Jhalera,CGWB,2,Himachal Pradesh,26,UNA,UNA(T),UNA,Jhalera,-,-,-,-,-,-,31.48750000,76.24166667,25-05-2014 00:00,7.67,410,"","",195,159.84,25,"",42,"","","",155,28,20.7,45,"","","","","","","","","","",""
577,Jhalera,CGWB,2,Himachal Pradesh,26,UNA,UNA(T),UNA,Jhalera,-,-,-,-,-,-,31.48750000,76.24166667,25-05-2015 00:00,7.67,410,"",0,160,131.15,25,"",42,"","","",155,28,20.7,44.9,"","","","","","","","","","",""
578,Jhalera,CGWB,2,Himachal Pradesh,26,UNA,UNA(T),UNA,Jhalera,-,-,-,-,-,-,31.48750000,76.24166667,25-05-2018 00:00,8.5,492,0,24,110,0,49,"",78,"",0,"",0,20,24,64,"",0,0,"","","","","","","",""
579,Jhalera,CGWB,2,Himachal Pradesh,26,UNA,UNA(T),UNA,Jhalera,-,-,-,-,-,-,31.48750000,76.24166667,30-05-2021 08:00,8.14,980,637,0,186,"",136,"",156,0.08,"","",230,50,25.536,136,"","","","","","","","","","",""
580,Jhalera,CGWB,2,Himachal Pradesh,26,UNA,UNA(T),UNA,Jhalera,-,-,-,-,-,-,31.48750000,76.24166667,28-04-2022 16:17,8.65,459,"",18,92,"",92,"",0,"",13,"",170,32,22,42,"","","","","","","","","","",""
581,Jharmajri,CGWB,2,Himachal Pradesh,25,SOLAN,NALAGARH(T),NALAGARH,Jharmajri,-,-,-,-,-,-,30.92222222,76.83333333,25-05-2000 00:00,7.48,332,"","",222,181.97,10,"","","","","",155,9.7,31.8,"","","","","","","","","","","",""
582,Jharmajri,CGWB,2,Himachal Pradesh,25,SOLAN,NALAGARH(T),NALAGARH,Jharmajri,-,-,-,-,-,-,30.92222222,76.83333333,25-05-2002 00:00,7.8,650,"",0,146,119.67,89,"","","","","",200,48,19.51,54,"","","","","","","","","","",""
583,Jharmajri,CGWB,2,Himachal Pradesh,25,SOLAN,NALAGARH(T),NALAGARH,Jharmajri,-,-,-,-,-,-,30.92222222,76.83333333,25-05-2004 00:00,7.87,408,"",0,214,175.41,11,"","","","","",200,64,9.8,18,"","","","","","","","","","",""
584,Jharmajri,CGWB,2,Himachal Pradesh,25,SOLAN,NALAGARH(T),NALAGARH,Jharmajri,-,-,-,-,-,-,30.92222222,76.83333333,25-05-2005 00:00,7.55,440,"","",256,209.84,21,"","","","","",205,68,8.59,20,"","","","","","","","","","",""
585,Jhiri,CGWB,2,Himachal Pradesh,22,MANDI,AUT(T),AUT,Jhiri,-,-,-,-,-,-,31.82916667,77.16833333,25-05-2002 00:00,7.98,510,"","",255,209.02,21,"","","","","",255,90,7.4,7.2,"","","","","","","","","","",""
586,Jhiri,CGWB,2,Himachal Pradesh,22,MANDI,AUT(T),AUT,Jhiri,-,-,-,-,-,-,31.82916667,77.16833333,25-05-2003 00:00,7.91,244,"","",104,85.25,25,"","","","","",110,30,8.55,7,"","","","","","","","","","",""
587,Jhiri,CGWB,2,Himachal Pradesh,22,MANDI,AUT(T),AUT,Jhiri,-,-,-,-,-,-,31.82916667,77.16833333,25-05-2004 00:00,8.01,304,"",0,146,119.67,11,"","","","","",135,44,6.13,8,"","","","","","","","","","",""
588,Jhiri,CGWB,2,Himachal Pradesh,22,MANDI,AUT(T),AUT,Jhiri,-,-,-,-,-,-,31.82916667,77.16833333,25-05-2005 00:00,7.9,335,"","",178,145.9,15,"","","","","",184,57,10.16,8.4,"","","","","","","","","","",""
589,Jhiri,CGWB,2,Himachal Pradesh,22,MANDI,AUT(T),AUT,Jhiri,-,-,-,-,-,-,31.82916667,77.16833333,25-05-2006 00:00,8.4,295,"",24,12,49.84,32,"","","","","",128,24,16,11,"","","","","","","","","","",""
590,Jhiri,CGWB,2,Himachal Pradesh,22,MANDI,AUT(T),AUT,Jhiri,-,-,-,-,-,-,31.82916667,77.16833333,25-05-2008 00:00,7.95,400,"","",195,159.84,18,"",24,"","","",200,66,8.5,12,"","","","","","","","","","",""
591,Jhiri,CGWB,2,Himachal Pradesh,22,MANDI,AUT(T),AUT,Jhiri,-,-,-,-,-,-,31.82916667,77.16833333,25-05-2009 00:00,7.8,430,"","",195,159.84,11,"",22,"","","",202,68,7.9,8.4,"","","","","","","","","","",""
592,Jhiri,CGWB,2,Himachal Pradesh,22,MANDI,AUT(T),AUT,Jhiri,-,-,-,-,-,-,31.82916667,77.16833333,25-05-2010 00:00,7.75,425,"","",201,164.75,21,"","","","","",196,63,9.5,8.7,"","","","","","","","","","",""
593,Jhiri,CGWB,2,Himachal Pradesh,22,MANDI,AUT(T),AUT,Jhiri,-,-,-,-,-,-,31.82916667,77.16833333,25-05-2011 00:00,8.45,460,"",6,201,174.75,21,"",18,"","","",215,70,9.7,9.9,"","","","","","","","","","",""
594,Jhiri,CGWB,2,Himachal Pradesh,22,MANDI,AUT(T),AUT,Jhiri,-,-,-,-,-,-,31.82916667,77.16833333,25-05-2012 00:00,7.7,300,"","",98,80.33,25,"",23,"","","",130,22,18.26,12,"","","","","","","","","","",""
595,Jhiri,CGWB,2,Himachal Pradesh,22,MANDI,AUT(T),AUT,Jhiri,-,-,-,-,-,-,31.82916667,77.16833333,25-05-2014 00:00,7.75,300,"","",104,85.25,18,"",44,"","","",153,38,14.15,11,"","","","","","","","","","",""
596,Jhiri,CGWB,2,Himachal Pradesh,22,MANDI,AUT(T),AUT,Jhiri,-,-,-,-,-,-,31.82916667,77.16833333,25-05-2015 00:00,7.75,300,"","",104,85.25,18,"","","","","",153,38.08,13.38,11,"","","","","","","","","","",""
597,Jhiri,CGWB,2,Himachal Pradesh,22,MANDI,AUT(T),AUT,Jhiri,-,-,-,-,-,-,31.82916667,77.16833333,25-05-2018 00:00,8.11,279,0,0,110,0,57,"","","",0,"",0,40,12,18,"",0,0,"","","","","","","",""
598,Jwalaji,CGWB,2,Himachal Pradesh,18,KANGRA,DERA GOPIPUR(T),DERA GOPIPUR,Jwalaji,-,-,-,-,-,-,31.87916667,76.31666667,25-05-2000 00:00,8.07,1760,"",0,225,184.43,546,"","","","","",143,16,25.06,"","","","","","","","","","","",""
599,Jwalaji,CGWB,2,Himachal Pradesh,18,KANGRA,DERA GOPIPUR(T),DERA GOPIPUR,Jwalaji,-,-,-,-,-,-,31.87916667,76.31666667,25-05-2004 00:00,7.65,407,"",0,214,175.41,18,"","","","","",160,40,14.64,25,"","","","","","","","","","",""
600,Jwalaji,CGWB,2,Himachal Pradesh,18,KANGRA,DERA GOPIPUR(T),DERA GOPIPUR,Jwalaji,-,-,-,-,-,-,31.87916667,76.31666667,25-05-2005 00:00,8.28,871,"","",393,322.13,64,"","","","","",288,30,51.82,55,"","","","","","","","","","",""
601,Jwalaji,CGWB,2,Himachal Pradesh,18,KANGRA,DERA GOPIPUR(T),DERA GOPIPUR,Jwalaji,-,-,-,-,-,-,31.87916667,76.31666667,25-05-2006 00:00,7.8,970,"","",525,430.33,85,"","","","","",398,123,22,82,"","","","","","","","","","",""
602,Jwalaji,CGWB,2,Himachal Pradesh,18,KANGRA,DERA GOPIPUR(T),DERA GOPIPUR,Jwalaji,-,-,-,-,-,-,31.87916667,76.31666667,25-05-2007 00:00,7.39,884,"","",370,303.28,72,"",82,"","","",290,69,28,87,"","","","","","","","","","",""
603,Jwalaji,CGWB,2,Himachal Pradesh,18,KANGRA,DERA GOPIPUR(T),DERA GOPIPUR,Jwalaji,-,-,-,-,-,-,31.87916667,76.31666667,25-05-2009 00:00,7.3,710,"","",390,319.67,28,"",45,"","","",295,92,16,53,"","","","","","","","","","",""
604,Jwalaji,CGWB,2,Himachal Pradesh,18,KANGRA,DERA GOPIPUR(T),DERA GOPIPUR,Jwalaji,-,-,-,-,-,-,31.87916667,76.31666667,25-05-2010 00:00,7.8,605,"","",249,204.1,74,"",28,"","","",147,22,22,92,"","","","","","","","","","",""
605,Jwalaji,CGWB,2,Himachal Pradesh,18,KANGRA,DERA GOPIPUR(T),DERA GOPIPUR,Jwalaji,-,-,-,-,-,-,31.87916667,76.31666667,25-05-2011 00:00,8.45,610,"",12,244,220,64,"",6,"","","",160,32,19,72,"","","","","","","","","","",""
606,Jwalaji,CGWB,2,Himachal Pradesh,18,KANGRA,DERA GOPIPUR(T),DERA GOPIPUR,Jwalaji,-,-,-,-,-,-,31.87916667,76.31666667,25-05-2012 00:00,8.07,510,"","",220,180.33,60,"",25,"","","",135,20,21,68,"","","","","","","","","","",""
607,Jwalaji,CGWB,2,Himachal Pradesh,18,KANGRA,DERA GOPIPUR(T),DERA GOPIPUR,Jwalaji,-,-,-,-,-,-,31.87916667,76.31666667,25-05-2013 00:00,7.54,620,"","",232,190.16,71,"",149,"","","",275,36,45,84,"","","","","","","","","","",""
608,Jwalaji,CGWB,2,Himachal Pradesh,18,KANGRA,DERA GOPIPUR(T),DERA GOPIPUR,Jwalaji,-,-,-,-,-,-,31.87916667,76.31666667,25-05-2015 00:00,7.78,550,"",0,268,219.67,53,"",11,"","","",178.5,34.07,22.73,65.1,"","","","","","","","","","",""
609,Jwalaji,CGWB,2,Himachal Pradesh,18,KANGRA,DERA GOPIPUR(T),DERA GOPIPUR,Jwalaji,-,-,-,-,-,-,31.87916667,76.31666667,04-02-2022 11:04,"",552,"",24,159,"",78,"",0,"",18,"",135,16,23,74,"","","","","","","","","","",""
610,Kala-Amb,CGWB,2,Himachal Pradesh,24,SIRMAUR,PAONTA SAHIB(T),PAONTA SAHIB,Kala-Amb,-,-,-,-,-,-,30.49583333,77.21666667,25-05-2003 00:00,7.54,847,"","",348,285.25,43,"","","","","",310,124,0.15,56,"","","","","","","","","","",""
611,Kala-Amb,CGWB,2,Himachal Pradesh,24,SIRMAUR,PAONTA SAHIB(T),PAONTA SAHIB,Kala-Amb,-,-,-,-,-,-,30.49583333,77.21666667,25-05-2004 00:00,7.77,968,"",0,342,280.33,60,"","","","","",330,28,63.25,70,"","","","","","","","","","",""
612,Kala-Amb,CGWB,2,Himachal Pradesh,24,SIRMAUR,PAONTA SAHIB(T),PAONTA SAHIB,Kala-Amb,-,-,-,-,-,-,30.49583333,77.21666667,25-05-2005 00:00,7.5,830,"","",201,164.75,78,"","","","","",295,86,19.56,78,"","","","","","","","","","",""
613,Kala-Amb,CGWB,2,Himachal Pradesh,24,SIRMAUR,PAONTA SAHIB(T),PAONTA SAHIB,Kala-Amb,-,-,-,-,-,-,30.49583333,77.21666667,25-05-2006 00:00,7.5,830,"","",201,164.75,78,"","","","","",295,86,19.56,78,"","","","","","","","","","",""
614,Kala-Amb,CGWB,2,Himachal Pradesh,24,SIRMAUR,PAONTA SAHIB(T),PAONTA SAHIB,Kala-Amb,-,-,-,-,-,-,30.49583333,77.21666667,25-05-2007 00:00,7.84,1170,"","",163,133.61,146,"",134,"","","",318,80,28,126,"","","","","","","","","","",""
615,Kala-Amb,CGWB,2,Himachal Pradesh,24,SIRMAUR,PAONTA SAHIB(T),PAONTA SAHIB,Kala-Amb,-,-,-,-,-,-,30.49583333,77.21666667,25-05-2008 00:00,7.45,872,"","",342,280.33,71,"",85,"","","",355,100,26,68,"","","","","","","","","","",""
616,Kala-Amb,CGWB,2,Himachal Pradesh,24,SIRMAUR,PAONTA SAHIB(T),PAONTA SAHIB,Kala-Amb,-,-,-,-,-,-,30.49583333,77.21666667,25-05-2009 00:00,8.2,730,"","",220,180.33,46,"",46,"","","",195,40,23,80,"","","","","","","","","","",""
617,Kala-Amb,CGWB,2,Himachal Pradesh,24,SIRMAUR,PAONTA SAHIB(T),PAONTA SAHIB,Kala-Amb,-,-,-,-,-,-,30.49583333,77.21666667,25-05-2010 00:00,7.7,645,"","",147,120.49,56,"",21,"","","",167,43,14,64,"","","","","","","","","","",""
618,Kala-Amb,CGWB,2,Himachal Pradesh,24,SIRMAUR,PAONTA SAHIB(T),PAONTA SAHIB,Kala-Amb,-,-,-,-,-,-,30.49583333,77.21666667,25-05-2011 00:00,8.2,410,"","",244,200,11,"",10,"","","",195,68,61,16,"","","","","","","","","","",""
619,Kala-Amb,CGWB,2,Himachal Pradesh,24,SIRMAUR,PAONTA SAHIB(T),PAONTA SAHIB,Kala-Amb,-,-,-,-,-,-,30.49583333,77.21666667,25-05-2012 00:00,8.09,450,"","",110,90.16,36,"",51,"","","",135,28,16,46,"","","","","","","","","","",""
620,Kala-Amb,CGWB,2,Himachal Pradesh,24,SIRMAUR,PAONTA SAHIB(T),PAONTA SAHIB,Kala-Amb,-,-,-,-,-,-,30.49583333,77.21666667,25-05-2018 00:00,8.27,616,0,0,109,0,85,"",103,"",0,"",0,32,21,74,"",0,0,"","","","","","","",""
621,Kala-Amb,CGWB,2,Himachal Pradesh,24,SIRMAUR,PAONTA SAHIB(T),PAONTA SAHIB,Kala-Amb,-,-,-,-,-,-,30.49583333,77.21666667,30-05-2021 08:00,8.2,4080,2652,0,1061,"",383,"",748,0,"","",400,24,82.688,920,"","","","","","","","","","",""
622,Kaned,CGWB,2,Himachal Pradesh,22,MANDI,SUNDARNAGAR(T),SUNDARNAGAR,Kaned,-,-,-,-,-,-,31.57916667,76.91250000,25-05-2002 00:00,7.96,852,"","",320,262.3,57,"","","","","",320,116,7.43,60,"","","","","","","","","","",""
623,Kaned,CGWB,2,Himachal Pradesh,22,MANDI,SUNDARNAGAR(T),SUNDARNAGAR,Kaned,-,-,-,-,-,-,31.57916667,76.91250000,25-05-2003 00:00,8.14,800,"","",232,190.16,103,"","","","","",195,26,31.64,88,"","","","","","","","","","",""
624,Kaned,CGWB,2,Himachal Pradesh,22,MANDI,SUNDARNAGAR(T),SUNDARNAGAR,Kaned,-,-,-,-,-,-,31.57916667,76.91250000,25-05-2004 00:00,7.64,658,"",0,299,245.08,57,"","","","","",265,50,34.1,47,"","","","","","","","","","",""
625,Kaned,CGWB,2,Himachal Pradesh,22,MANDI,SUNDARNAGAR(T),SUNDARNAGAR,Kaned,-,-,-,-,-,-,31.57916667,76.91250000,25-05-2005 00:00,7.85,815,"","",323,264.75,53,"","","","","",368,118,17.89,43,"","","","","","","","","","",""
626,Kaned,CGWB,2,Himachal Pradesh,22,MANDI,SUNDARNAGAR(T),SUNDARNAGAR,Kaned,-,-,-,-,-,-,31.57916667,76.91250000,25-05-2006 00:00,8.1,640,"","",250,204.92,92,"","","","","",174,20,30,68,"","","","","","","","","","",""
627,Kaned,CGWB,2,Himachal Pradesh,22,MANDI,SUNDARNAGAR(T),SUNDARNAGAR,Kaned,-,-,-,-,-,-,31.57916667,76.91250000,25-05-2007 00:00,7.58,788,"","",336,275.41,68,"",52,"","","",274,69,25,63,"","","","","","","","","","",""
628,Kaned,CGWB,2,Himachal Pradesh,22,MANDI,SUNDARNAGAR(T),SUNDARNAGAR,Kaned,-,-,-,-,-,-,31.57916667,76.91250000,25-05-2008 00:00,7.55,730,"","",336,275.41,85,"",48,"","","",275,60,30,75,"","","","","","","","","","",""
629,Kaned,CGWB,2,Himachal Pradesh,22,MANDI,SUNDARNAGAR(T),SUNDARNAGAR,Kaned,-,-,-,-,-,-,31.57916667,76.91250000,25-05-2009 00:00,7.8,840,"","",378,309.84,52,"",55,"","","",300,70,30,58,"","","","","","","","","","",""
630,Kaned,CGWB,2,Himachal Pradesh,22,MANDI,SUNDARNAGAR(T),SUNDARNAGAR,Kaned,-,-,-,-,-,-,31.57916667,76.91250000,25-05-2010 00:00,7.5,320,"","",161,131.97,21,"","","","","",147,31,17,9.3,"","","","","","","","","","",""
631,Kaned,CGWB,2,Himachal Pradesh,22,MANDI,SUNDARNAGAR(T),SUNDARNAGAR,Kaned,-,-,-,-,-,-,31.57916667,76.91250000,25-05-2011 00:00,8.24,600,"","",232,190.16,53,"",18,"","","",190,44,19,44,"","","","","","","","","","",""
632,Kaned,CGWB,2,Himachal Pradesh,22,MANDI,SUNDARNAGAR(T),SUNDARNAGAR,Kaned,-,-,-,-,-,-,31.57916667,76.91250000,25-05-2012 00:00,7.69,640,"","",214,175.41,85,"",44,"","","",160,16,29,75,"","","","","","","","","","",""
633,Kaned,CGWB,2,Himachal Pradesh,22,MANDI,SUNDARNAGAR(T),SUNDARNAGAR,Kaned,-,-,-,-,-,-,31.57916667,76.91250000,25-05-2018 00:00,8.59,330,0,24,146,0,57,"",18,"",0,"",0,32,22,39.8,"",0,0,"","","","","","","",""
634,Kaned,CGWB,2,Himachal Pradesh,22,MANDI,SUNDARNAGAR(T),SUNDARNAGAR,Kaned,-,-,-,-,-,-,31.57916667,76.91250000,30-05-2019 08:00,8.15,522,"","",189,"",50,"","","",19,"",158,29,"",37,"","","","","","","","","","",""
635,Kaned,CGWB,2,Himachal Pradesh,22,MANDI,SUNDARNAGAR(T),SUNDARNAGAR,Kaned,-,-,-,-,-,-,31.57916667,76.91250000,30-05-2020 08:00,8.15,522,"","",189,"",50,"","","",19,"","",29,"",37,"","","","","","","","","","",""
636,Kaned,CGWB,2,Himachal Pradesh,22,MANDI,SUNDARNAGAR(T),SUNDARNAGAR,Kaned,-,-,-,-,-,-,31.57916667,76.91250000,30-05-2021 08:00,8.01,1240,806,0,283,"",192,"",71,0.04,"","",260,42,37.696,160,"","","","","","","","","","",""
637,Kangra,CGWB,2,Himachal Pradesh,18,KANGRA,KANGRA(T),KANGRA,Kangra,-,-,-,-,-,-,32.10833333,76.27222222,25-05-2000 00:00,7.55,199,"",0,89,72.95,14,"","","","","",82,22,6.59,"","","","","","","","","","","",""
638,Kangra,CGWB,2,Himachal Pradesh,18,KANGRA,KANGRA(T),KANGRA,Kangra,-,-,-,-,-,-,32.10833333,76.27222222,25-05-2003 00:00,7.66,838,"","",159,130.33,135,"","","","","",255,80,13.47,60,"","","","","","","","","","",""
639,Kangra,CGWB,2,Himachal Pradesh,18,KANGRA,KANGRA(T),KANGRA,Kangra,-,-,-,-,-,-,32.10833333,76.27222222,25-05-2004 00:00,7.75,643,"",0,183,150,85,"","","","","",230,62,18.31,47,"","","","","","","","","","",""
640,Kangra,CGWB,2,Himachal Pradesh,18,KANGRA,KANGRA(T),KANGRA,Kangra,-,-,-,-,-,-,32.10833333,76.27222222,25-05-2005 00:00,8.29,591,"","",229,187.7,67,"","","","","",201,64,10.05,51,"","","","","","","","","","",""
641,Kangra,CGWB,2,Himachal Pradesh,18,KANGRA,KANGRA(T),KANGRA,Kangra,-,-,-,-,-,-,32.10833333,76.27222222,25-05-2006 00:00,9.28,588,"",24,18,54.75,149,"","","","","",153,29,20,62,"","","","","","","","","","",""
642,Kangra,CGWB,2,Himachal Pradesh,18,KANGRA,KANGRA(T),KANGRA,Kangra,-,-,-,-,-,-,32.10833333,76.27222222,25-05-2008 00:00,7.9,840,"","",201,164.75,149,"",48,"","","",290,88,17,76,"","","","","","","","","","",""
643,Kangra,CGWB,2,Himachal Pradesh,18,KANGRA,KANGRA(T),KANGRA,Kangra,-,-,-,-,-,-,32.10833333,76.27222222,25-05-2009 00:00,7.3,250,"","",92,75.41,18,"",20,"","","",110,32,7.2,10,"","","","","","","","","","",""
644,Kangra,CGWB,2,Himachal Pradesh,18,KANGRA,KANGRA(T),KANGRA,Kangra,-,-,-,-,-,-,32.10833333,76.27222222,25-05-2010 00:00,7.76,790,"","",214,175.41,106,"",77,"","","",318,75,32,66,"","","","","","","","","","",""
645,Kangra,CGWB,2,Himachal Pradesh,18,KANGRA,KANGRA(T),KANGRA,Kangra,-,-,-,-,-,-,32.10833333,76.27222222,25-05-2011 00:00,8.22,750,"","",250,204.92,71,"",25,"","","",225,70,12,63,"","","","","","","","","","",""
646,Kangra,CGWB,2,Himachal Pradesh,18,KANGRA,KANGRA(T),KANGRA,Kangra,-,-,-,-,-,-,32.10833333,76.27222222,25-05-2012 00:00,8.2,570,"","",250,204.92,50,"","","","","",200,50,18,41,"","","","","","","","","","",""
647,Kangra,CGWB,2,Himachal Pradesh,18,KANGRA,KANGRA(T),KANGRA,Kangra,-,-,-,-,-,-,32.10833333,76.27222222,25-05-2013 00:00,7.86,590,"","",201,164.75,50,"",33,"","","",205,52,18,50,"","","","","","","","","","",""
648,Kangra,CGWB,2,Himachal Pradesh,18,KANGRA,KANGRA(T),KANGRA,Kangra,-,-,-,-,-,-,32.10833333,76.27222222,25-05-2018 00:00,8.26,264,0,0,122,0,21,"",5.28,"",0,"",0,40,4.84,14,"",0,0,"","","","","","","",""
649,Kangra,CGWB,2,Himachal Pradesh,18,KANGRA,KANGRA(T),KANGRA,Kangra,-,-,-,-,-,-,32.10833333,76.27222222,30-05-2019 08:00,8.47,275,"",12,110,"",21,"","","",23,"",110,28,"",22,"","","","","","","","","","",""
650,Kangra,CGWB,2,Himachal Pradesh,18,KANGRA,KANGRA(T),KANGRA,Kangra,-,-,-,-,-,-,32.10833333,76.27222222,30-05-2020 08:00,8.47,275,"","",110,"",21,"","","",23,"","",28,"",22,"","","","","","","","","","",""
651,Kangra,CGWB,2,Himachal Pradesh,18,KANGRA,KANGRA(T),KANGRA,Kangra,-,-,-,-,-,-,32.10833333,76.27222222,30-05-2021 08:00,7.9,2330,"",0,512.4,"",304.87,"",189,"","","",770,72,143.3936,160.6,"","","","","","","","","","",""
652,Kangra,CGWB,2,Himachal Pradesh,18,KANGRA,KANGRA(T),KANGRA,Kangra,-,-,-,-,-,-,32.10833333,76.27222222,21-02-2024 16:42,"",477,"",0,183,"",64,"",10,"",9,"",200,44,22,33,"","","","","","","","","","",""
653,Kangu,CGWB,2,Himachal Pradesh,17,HAMIRPUR,NADAUN(T),NADAUN,Kangu,-,-,-,-,-,-,31.69194444,76.42416667,25-05-2007 00:00,7.73,550,"","",306,250.82,7.4,"",25,"","","",272,86,14,11,"","","","","","","","","","",""
654,Kangu,CGWB,2,Himachal Pradesh,17,HAMIRPUR,NADAUN(T),NADAUN,Kangu,-,-,-,-,-,-,31.69194444,76.42416667,25-05-2008 00:00,7.75,425,"","",262,214.75,11,"",19,"","","",240,76,12,7.6,"","","","","","","","","","",""
655,Kangu,CGWB,2,Himachal Pradesh,17,HAMIRPUR,NADAUN(T),NADAUN,Kangu,-,-,-,-,-,-,31.69194444,76.42416667,25-05-2009 00:00,7.8,460,"","",281,230.33,"","",8,"","","",230,74,11,7.7,"","","","","","","","","","",""
656,Kangu,CGWB,2,Himachal Pradesh,17,HAMIRPUR,NADAUN(T),NADAUN,Kangu,-,-,-,-,-,-,31.69194444,76.42416667,25-05-2010 00:00,7.8,380,"","",242,198.36,14,"","","","","",206,59,14,7,"","","","","","","","","","",""
657,Kangu,CGWB,2,Himachal Pradesh,17,HAMIRPUR,NADAUN(T),NADAUN,Kangu,-,-,-,-,-,-,31.69194444,76.42416667,25-05-2011 00:00,8.4,560,"",6,250,214.92,18,"",25,"","","",235,78,9.7,20,"","","","","","","","","","",""
658,Kangu,CGWB,2,Himachal Pradesh,17,HAMIRPUR,NADAUN(T),NADAUN,Kangu,-,-,-,-,-,-,31.69194444,76.42416667,25-05-2012 00:00,8.07,280,"","",128,104.92,18,"",28,"","","",150,32,17,7.5,"","","","","","","","","","",""
659,Kangu,CGWB,2,Himachal Pradesh,17,HAMIRPUR,NADAUN(T),NADAUN,Kangu,-,-,-,-,-,-,31.69194444,76.42416667,25-05-2013 00:00,8.38,460,"",6,263,225.57,25,"",13,"","","",250,68,20,13,"","","","","","","","","","",""
660,Kangu,CGWB,2,Himachal Pradesh,17,HAMIRPUR,NADAUN(T),NADAUN,Kangu,-,-,-,-,-,-,31.69194444,76.42416667,25-05-2015 00:00,6.27,210,"",18,42.7,65,21,"",49,"","","",125,14,21.9,8.1,"","","","","","","","","","",""
661,Kangu,CGWB,2,Himachal Pradesh,17,HAMIRPUR,NADAUN(T),NADAUN,Kangu,-,-,-,-,-,-,31.69194444,76.42416667,25-05-2018 00:00,8.29,383,0,0,159,0,35,"",22,"",0,"",0,44,15,18,"",0,0,"","","","","","","",""
662,Kangu,CGWB,2,Himachal Pradesh,17,HAMIRPUR,NADAUN(T),NADAUN,Kangu,-,-,-,-,-,-,31.69194444,76.42416667,30-05-2019 08:00,8.04,361,"","",218,"",28,"","","",14,"",189,55,"",11,"","","","","","","","","","",""
663,Kangu,CGWB,2,Himachal Pradesh,17,HAMIRPUR,NADAUN(T),NADAUN,Kangu,-,-,-,-,-,-,31.69194444,76.42416667,30-05-2020 08:00,8.04,361,"","",218,"",28,"","","",14,"","",55,"",11,"","","","","","","","","","",""
664,Khanpur,CGWB,2,Himachal Pradesh,26,UNA,UNA(T),UNA,Khanpur,-,-,-,-,-,-,31.37805556,76.30694444,25-05-2015 00:00,8.07,540,"",0,275,225.41,39,"",39,"","","",210,30,32.86,45.2,"","","","","","","","","","",""
665,Khanpur,CGWB,2,Himachal Pradesh,26,UNA,UNA(T),UNA,Khanpur,-,-,-,-,-,-,31.37805556,76.30694444,25-05-2018 00:00,8.56,654,0,48,146,0,49,"",92,"",0,"",0,28,0,60,"",0,0,"","","","","","","",""
666,Khanpur,CGWB,2,Himachal Pradesh,26,UNA,UNA(T),UNA,Khanpur,-,-,-,-,-,-,31.37805556,76.30694444,04-02-2022 17:01,"",735,"",12,98,"",227,"",0,"",22,"",295,22,58,52,"","","","","","","","","","",""
667,Khera-chak,CGWB,2,Himachal Pradesh,25,SOLAN,NALAGARH(T),NALAGARH,Khera-chak,-,-,-,-,-,-,31.01000000,76.72222222,25-05-2000 00:00,7.45,595,"",0,233,190.98,42,"","","","","",197,42,22.42,"","","","","","","","","","","",""
668,Khera-chak,CGWB,2,Himachal Pradesh,25,SOLAN,NALAGARH(T),NALAGARH,Khera-chak,-,-,-,-,-,-,31.01000000,76.72222222,25-05-2001 00:00,7.25,670,"",0,305,250,46,"","","","","",300,88,19.56,52,"","","","","","","","","","",""
669,Khera-chak,CGWB,2,Himachal Pradesh,25,SOLAN,NALAGARH(T),NALAGARH,Khera-chak,-,-,-,-,-,-,31.01000000,76.72222222,25-05-2002 00:00,7.68,595,"",0,214,175.41,50,"","","","","",210,54,18.3,50,"","","","","","","","","","",""
670,Khera-chak,CGWB,2,Himachal Pradesh,25,SOLAN,NALAGARH(T),NALAGARH,Khera-chak,-,-,-,-,-,-,31.01000000,76.72222222,25-05-2003 00:00,7.33,800,"","",281,230.33,64,"","","","","",290,34,49.88,56,"","","","","","","","","","",""
671,Khera-chak,CGWB,2,Himachal Pradesh,25,SOLAN,NALAGARH(T),NALAGARH,Khera-chak,-,-,-,-,-,-,31.01000000,76.72222222,25-05-2004 00:00,7.54,643,"",0,258,211.48,50,"","","","","",254,57,27.18,47,"","","","","","","","","","",""
672,Khera-chak,CGWB,2,Himachal Pradesh,25,SOLAN,NALAGARH(T),NALAGARH,Khera-chak,-,-,-,-,-,-,31.01000000,76.72222222,25-05-2005 00:00,7.52,870,"","",226,185.25,163,"","","","","",290,86,18.34,88,"","","","","","","","","","",""
673,Khera-chak,CGWB,2,Himachal Pradesh,25,SOLAN,NALAGARH(T),NALAGARH,Khera-chak,-,-,-,-,-,-,31.01000000,76.72222222,25-05-2006 00:00,7.8,725,"","",238,195.08,96,"","","","","",245,51,16,72,"","","","","","","","","","",""
674,Khera-chak,CGWB,2,Himachal Pradesh,25,SOLAN,NALAGARH(T),NALAGARH,Khera-chak,-,-,-,-,-,-,31.01000000,76.72222222,25-05-2007 00:00,7.86,611,"","",143,117.21,90,"",39,"","","",154,22,24,72,"","","","","","","","","","",""
675,Khera-chak,CGWB,2,Himachal Pradesh,25,SOLAN,NALAGARH(T),NALAGARH,Khera-chak,-,-,-,-,-,-,31.01000000,76.72222222,25-05-2008 00:00,7.9,1080,"","",421,345.08,131,"",34,"","","",400,128,19,90,"","","","","","","","","","",""
676,Khera-chak,CGWB,2,Himachal Pradesh,25,SOLAN,NALAGARH(T),NALAGARH,Khera-chak,-,-,-,-,-,-,31.01000000,76.72222222,25-05-2009 00:00,7.5,880,"","",281,230.33,71,"",85,"","","",265,72,21,78,"","","","","","","","","","",""
677,Khera-chak,CGWB,2,Himachal Pradesh,25,SOLAN,NALAGARH(T),NALAGARH,Khera-chak,-,-,-,-,-,-,31.01000000,76.72222222,25-05-2010 00:00,7.6,764,"","",228,186.89,104,"",30,"","","",206,35,29,85,"","","","","","","","","","",""
678,Khera-chak,CGWB,2,Himachal Pradesh,25,SOLAN,NALAGARH(T),NALAGARH,Khera-chak,-,-,-,-,-,-,31.01000000,76.72222222,25-05-2011 00:00,7.75,940,"","",311,254.92,135,"",50,"","","",275,68,26,106,"","","","","","","","","","",""
679,Khera-chak,CGWB,2,Himachal Pradesh,25,SOLAN,NALAGARH(T),NALAGARH,Khera-chak,-,-,-,-,-,-,31.01000000,76.72222222,25-05-2012 00:00,7.92,640,"","",232,190.16,89,"",40,"","","",165,32,21,85,"","","","","","","","","","",""
680,Khera-chak,CGWB,2,Himachal Pradesh,25,SOLAN,NALAGARH(T),NALAGARH,Khera-chak,-,-,-,-,-,-,31.01000000,76.72222222,25-05-2014 00:00,7.61,510,"",0,189,154.92,53,"",54,"","","",185,38,21.93,58,"","","","","","","","","","",""
681,Khera-chak,CGWB,2,Himachal Pradesh,25,SOLAN,NALAGARH(T),NALAGARH,Khera-chak,-,-,-,-,-,-,31.01000000,76.72222222,25-05-2015 00:00,7.61,510,"",0,189,154.92,53,"",54,"","","",185,38,34,58,"","","","","","","","","","",""
682,Khera-chak,CGWB,2,Himachal Pradesh,25,SOLAN,NALAGARH(T),NALAGARH,Khera-chak,-,-,-,-,-,-,31.01000000,76.72222222,25-05-2018 00:00,8.45,467,0,24,98,0,50,"",19,"",0,"",0,24,9.72,65.2,"",0,0,"","","","","","","",""
683,Khodawala,CGWB,2,Himachal Pradesh,24,SIRMAUR,PAONTA SAHIB(T),PAONTA SAHIB,Khodawala,-,-,-,-,-,-,30.48750000,77.73055556,25-05-2003 00:00,7.79,700,"","",238,195.08,21,"","","","","",355,50,55.98,8,"","","","","","","","","","",""
684,Khodawala,CGWB,2,Himachal Pradesh,24,SIRMAUR,PAONTA SAHIB(T),PAONTA SAHIB,Khodawala,-,-,-,-,-,-,30.48750000,77.73055556,25-05-2005 00:00,7.95,425,"","",268,219.67,18,"","","","","",215,48,23.16,15,"","","","","","","","","","",""
685,Khodawala,CGWB,2,Himachal Pradesh,24,SIRMAUR,PAONTA SAHIB(T),PAONTA SAHIB,Khodawala,-,-,-,-,-,-,30.48750000,77.73055556,25-05-2006 00:00,7.95,425,"","",268,219.67,18,"","","","","",215,48,23.16,15,"","","","","","","","","","",""
686,Khodawala,CGWB,2,Himachal Pradesh,24,SIRMAUR,PAONTA SAHIB(T),PAONTA SAHIB,Khodawala,-,-,-,-,-,-,30.48750000,77.73055556,25-05-2007 00:00,7.94,570,"","",177,145.08,15,"",100,"","","",277,31,48,8,"","","","","","","","","","",""
687,Khodawala,CGWB,2,Himachal Pradesh,24,SIRMAUR,PAONTA SAHIB(T),PAONTA SAHIB,Khodawala,-,-,-,-,-,-,30.48750000,77.73055556,25-05-2008 00:00,8.45,710,"",42,299,315.08,14,"",100,"","","",445,106,44,7.1,"","","","","","","","","","",""
688,Khodawala,CGWB,2,Himachal Pradesh,24,SIRMAUR,PAONTA SAHIB(T),PAONTA SAHIB,Khodawala,-,-,-,-,-,-,30.48750000,77.73055556,25-05-2009 00:00,7.9,460,"","",226,185.25,7.1,"",36,"","","",235,20,45,6.5,"","","","","","","","","","",""
689,Khodawala,CGWB,2,Himachal Pradesh,24,SIRMAUR,PAONTA SAHIB(T),PAONTA SAHIB,Khodawala,-,-,-,-,-,-,30.48750000,77.73055556,25-05-2010 00:00,7.65,540,"","",268,219.67,14,"",40,"","","",284,35,48,7.6,"","","","","","","","","","",""
690,Khodawala,CGWB,2,Himachal Pradesh,24,SIRMAUR,PAONTA SAHIB(T),PAONTA SAHIB,Khodawala,-,-,-,-,-,-,30.48750000,77.73055556,25-05-2011 00:00,8.53,470,"",6,262,224.75,7.1,"",18,"","","",255,26,46,6.3,"","","","","","","","","","",""
691,Khodawala,CGWB,2,Himachal Pradesh,24,SIRMAUR,PAONTA SAHIB(T),PAONTA SAHIB,Khodawala,-,-,-,-,-,-,30.48750000,77.73055556,25-05-2012 00:00,8.28,430,"","",201,164.75,28,"",12,"","","",215,14,44,7.5,"","","","","","","","","","",""
692,Khodawala,CGWB,2,Himachal Pradesh,24,SIRMAUR,PAONTA SAHIB(T),PAONTA SAHIB,Khodawala,-,-,-,-,-,-,30.48750000,77.73055556,25-05-2014 00:00,7.5,560,"",0,305,250,11,"",8,"","","",270,36,43.81,6,"","","","","","","","","","",""
693,Khodawala,CGWB,2,Himachal Pradesh,24,SIRMAUR,PAONTA SAHIB(T),PAONTA SAHIB,Khodawala,-,-,-,-,-,-,30.48750000,77.73055556,25-05-2015 00:00,7.5,560,"",0,305,250,11,"",8,"","","",270,36,43.81,5.6,"","","","","","","","","","",""
694,Khodawala,CGWB,2,Himachal Pradesh,24,SIRMAUR,PAONTA SAHIB(T),PAONTA SAHIB,Khodawala,-,-,-,-,-,-,30.48750000,77.73055556,25-05-2018 00:00,8.24,425,0,0,183,0,21,"",76,"",0,"",0,32,44,5.3,"",0,0,"","","","","","","",""
695,Khodawala,CGWB,2,Himachal Pradesh,24,SIRMAUR,PAONTA SAHIB(T),PAONTA SAHIB,Khodawala,-,-,-,-,-,-,30.48750000,77.73055556,30-05-2019 08:00,8.38,488,"",57,160,"",21,"","","",14,"",252,25,46,7,"","","","","","","","","","",""
696,Khodawala,CGWB,2,Himachal Pradesh,24,SIRMAUR,PAONTA SAHIB(T),PAONTA SAHIB,Khodawala,-,-,-,-,-,-,30.48750000,77.73055556,30-05-2020 08:00,8.38,488,"","",160,"",21,"","","",14,"","",25,46,7,"","","","","","","","","","",""
697,Khwaja,CGWB,2,Himachal Pradesh,26,UNA,UNA(T),UNA,Khwaja,-,-,-,-,-,-,31.50416667,76.22916667,25-05-2000 00:00,7.9,502,"",0,143,117.21,83,"","","","","",125,34,9.77,"","","","","","","","","","","",""
698,Khwaja,CGWB,2,Himachal Pradesh,26,UNA,UNA(T),UNA,Khwaja,-,-,-,-,-,-,31.50416667,76.22916667,25-05-2003 00:00,7.7,623,"","",165,135.25,53,"","","","","",210,56,17.09,38,"","","","","","","","","","",""
699,Khwaja,CGWB,2,Himachal Pradesh,26,UNA,UNA(T),UNA,Khwaja,-,-,-,-,-,-,31.50416667,76.22916667,25-05-2004 00:00,7.66,780,"",0,329,269.67,57,"","","","","",325,42,53.54,50,"","","","","","","","","","",""
700,Khwaja,CGWB,2,Himachal Pradesh,26,UNA,UNA(T),UNA,Khwaja,-,-,-,-,-,-,31.50416667,76.22916667,25-05-2006 00:00,7.65,630,"","",214,175.41,64,"","","","","",250,55,27.42,42,"","","","","","","","","","",""
701,Khwaja,CGWB,2,Himachal Pradesh,26,UNA,UNA(T),UNA,Khwaja,-,-,-,-,-,-,31.50416667,76.22916667,25-05-2007 00:00,7.51,837,"","",204,167.21,89,"",66,"","","",273,72,23,60,"","","","","","","","","","",""
702,Khwaja,CGWB,2,Himachal Pradesh,26,UNA,UNA(T),UNA,Khwaja,-,-,-,-,-,-,31.50416667,76.22916667,25-05-2008 00:00,7.75,845,"","",293,240.16,99,"",40,"","","",365,104,26,44,"","","","","","","","","","",""
703,Khwaja,CGWB,2,Himachal Pradesh,26,UNA,UNA(T),UNA,Khwaja,-,-,-,-,-,-,31.50416667,76.22916667,25-05-2009 00:00,7.3,820,"","",268,219.67,53,"",105,"","","",320,84,27,49,"","","","","","","","","","",""
704,Khwaja,CGWB,2,Himachal Pradesh,26,UNA,UNA(T),UNA,Khwaja,-,-,-,-,-,-,31.50416667,76.22916667,25-05-2010 00:00,7.6,600,"","",142,116.39,78,"",51,"","","",217,44,26,50,"","","","","","","","","","",""
705,Khwaja,CGWB,2,Himachal Pradesh,26,UNA,UNA(T),UNA,Khwaja,-,-,-,-,-,-,31.50416667,76.22916667,25-05-2011 00:00,8.15,650,"","",153,125.41,89,"",55,"","","",205,50,19,50,"","","","","","","","","","",""
706,Khwaja,CGWB,2,Himachal Pradesh,26,UNA,UNA(T),UNA,Khwaja,-,-,-,-,-,-,31.50416667,76.22916667,25-05-2012 00:00,7.88,810,"","",262,214.75,110,"",11,"","","",260,28,50,60,"","","","","","","","","","",""
707,Khwaja,CGWB,2,Himachal Pradesh,26,UNA,UNA(T),UNA,Khwaja,-,-,-,-,-,-,31.50416667,76.22916667,25-05-2013 00:00,8.16,730,"","",104,85.25,110,"",151,"","","",235,54,23,78,"","","","","","","","","","",""
708,Khwaja,CGWB,2,Himachal Pradesh,26,UNA,UNA(T),UNA,Khwaja,-,-,-,-,-,-,31.50416667,76.22916667,25-05-2014 00:00,7.65,810,"","",97.6,80,149,"",93,"","","",250,46,32.88,73,"","","","","","","","","","",""
709,Khwaja,CGWB,2,Himachal Pradesh,26,UNA,UNA(T),UNA,Khwaja,-,-,-,-,-,-,31.50416667,76.22916667,25-05-2015 00:00,7.65,810,"",0,97.6,80,149,"",93,"","","",250,46,32.88,72.7,"","","","","","","","","","",""
710,Khwaja,CGWB,2,Himachal Pradesh,26,UNA,UNA(T),UNA,Khwaja,-,-,-,-,-,-,31.50416667,76.22916667,01-04-2022 10:28,8.62,675,"",12,92,"","","",0,"",14,"",175,32,23,71,"","","","","","","","","","",""
711,Kiyarda,CGWB,2,Himachal Pradesh,24,SIRMAUR,PAONTA SAHIB(T),PAONTA SAHIB,Kiyarda,-,-,-,-,-,-,30.47500000,77.55000000,25-05-2003 00:00,7.54,536,"","",195,159.84,11,"","","","","",255,44,35.31,7,"","","","","","","","","","",""
712,Kiyarda,CGWB,2,Himachal Pradesh,24,SIRMAUR,PAONTA SAHIB(T),PAONTA SAHIB,Kiyarda,-,-,-,-,-,-,30.47500000,77.55000000,25-05-2004 00:00,7.81,394,"",0,207,169.67,21,"","","","","",200,46,20.72,8,"","","","","","","","","","",""
713,Kiyarda,CGWB,2,Himachal Pradesh,24,SIRMAUR,PAONTA SAHIB(T),PAONTA SAHIB,Kiyarda,-,-,-,-,-,-,30.47500000,77.55000000,25-05-2005 00:00,7.65,450,"","",226,185.25,18,"","","","","",250,76,14.68,8.6,"","","","","","","","","","",""
714,Kiyarda,CGWB,2,Himachal Pradesh,24,SIRMAUR,PAONTA SAHIB(T),PAONTA SAHIB,Kiyarda,-,-,-,-,-,-,30.47500000,77.55000000,25-05-2006 00:00,8.35,290,"",18,67,84.92,14,"","","","","",153,29,20,7,"","","","","","","","","","",""
715,Kiyarda,CGWB,2,Himachal Pradesh,24,SIRMAUR,PAONTA SAHIB(T),PAONTA SAHIB,Kiyarda,-,-,-,-,-,-,30.47500000,77.55000000,25-05-2007 00:00,8,350,"","",163,133.61,7.4,"",34,"","","",155,43,12,8,"","","","","","","","","","",""
716,Kiyarda,CGWB,2,Himachal Pradesh,24,SIRMAUR,PAONTA SAHIB(T),PAONTA SAHIB,Kiyarda,-,-,-,-,-,-,30.47500000,77.55000000,25-05-2008 00:00,7.95,400,"","",226,185.25,11,"",24,"","","",225,58,19,8.7,"","","","","","","","","","",""
717,Kiyarda,CGWB,2,Himachal Pradesh,24,SIRMAUR,PAONTA SAHIB(T),PAONTA SAHIB,Kiyarda,-,-,-,-,-,-,30.47500000,77.55000000,25-05-2009 00:00,8,390,"","",177,145.08,11,"",32,"","","",175,46,15,9.2,"","","","","","","","","","",""
718,Kiyarda,CGWB,2,Himachal Pradesh,24,SIRMAUR,PAONTA SAHIB(T),PAONTA SAHIB,Kiyarda,-,-,-,-,-,-,30.47500000,77.55000000,25-05-2010 00:00,7.7,370,"","",161,131.97,14,"",15,"","","",179,39,20,6.4,"","","","","","","","","","",""
719,Kiyarda,CGWB,2,Himachal Pradesh,24,SIRMAUR,PAONTA SAHIB(T),PAONTA SAHIB,Kiyarda,-,-,-,-,-,-,30.47500000,77.55000000,25-05-2011 00:00,8.25,310,"","",171,140.16,7.1,"","","","","",130,26,16,14,"","","","","","","","","","",""
720,Kiyarda,CGWB,2,Himachal Pradesh,24,SIRMAUR,PAONTA SAHIB(T),PAONTA SAHIB,Kiyarda,-,-,-,-,-,-,30.47500000,77.55000000,25-05-2012 00:00,8.18,220,"","",150,122.95,11,"",3.4,"","","",110,10,21,14,"","","","","","","","","","",""
721,Kiyarda,CGWB,2,Himachal Pradesh,24,SIRMAUR,PAONTA SAHIB(T),PAONTA SAHIB,Kiyarda,-,-,-,-,-,-,30.47500000,77.55000000,25-05-2014 00:00,7.76,330,"",0,147,120.49,25,"",12,"","","",150,22,23.12,10,"","","","","","","","","","",""
722,Kiyarda,CGWB,2,Himachal Pradesh,24,SIRMAUR,PAONTA SAHIB(T),PAONTA SAHIB,Kiyarda,-,-,-,-,-,-,30.47500000,77.55000000,25-05-2015 00:00,7.76,330,"",0,147,120.49,25,"",12,"","","",150,22,23.12,9.5,"","","","","","","","","","",""
723,Kiyarda,CGWB,2,Himachal Pradesh,24,SIRMAUR,PAONTA SAHIB(T),PAONTA SAHIB,Kiyarda,-,-,-,-,-,-,30.47500000,77.55000000,25-05-2018 00:00,7.98,102,0,0,49,0,7.09,"",2,"",0,"",0,8.01,4.86,6.2,"",0,0,"","","","","","","",""
724,Kiyarda,CGWB,2,Himachal Pradesh,24,SIRMAUR,PAONTA SAHIB(T),PAONTA SAHIB,Kiyarda,-,-,-,-,-,-,30.47500000,77.55000000,30-05-2019 08:00,8,142,"","",103,"",14,"","","",10,"",63,13,7.7,18,"","","","","","","","","","",""
725,Kiyarda,CGWB,2,Himachal Pradesh,24,SIRMAUR,PAONTA SAHIB(T),PAONTA SAHIB,Kiyarda,-,-,-,-,-,-,30.47500000,77.55000000,30-05-2020 08:00,8,142,"","",103,"",14,"","","",10,"","",13,7.7,18,"","","","","","","","","","",""
726,Kolar,CGWB,2,Himachal Pradesh,24,SIRMAUR,PAONTA SAHIB(T),PAONTA SAHIB,Kolar,-,-,-,-,-,-,30.50694444,77.42194444,25-05-2007 00:00,7.4,321,"","",136,111.48,19,"",27,"","","",138,43,7.4,11,"","","","","","","","","","",""
727,Kolar,CGWB,2,Himachal Pradesh,24,SIRMAUR,PAONTA SAHIB(T),PAONTA SAHIB,Kolar,-,-,-,-,-,-,30.50694444,77.42194444,25-05-2014 00:00,7.3,550,"",0,201,164.75,14,"",78,"","","",260,68,21.96,12,"","","","","","","","","","",""
728,Kolar,CGWB,2,Himachal Pradesh,24,SIRMAUR,PAONTA SAHIB(T),PAONTA SAHIB,Kolar,-,-,-,-,-,-,30.50694444,77.42194444,25-05-2015 00:00,7.3,550,"",0,201,164.75,14,"",78,"","","",260,68,21.96,12,"","","","","","","","","","",""
729,Kolar,CGWB,2,Himachal Pradesh,24,SIRMAUR,PAONTA SAHIB(T),PAONTA SAHIB,Kolar,-,-,-,-,-,-,30.50694444,77.42194444,25-05-2018 00:00,8.24,393,0,0,109,0,42,"",40,"",0,"",0,40,19,16.6,"",0,0,"","","","","","","",""
730,Kotla,CGWB,2,Himachal Pradesh,18,KANGRA,NURPUR(T),NURPUR,Kotla,-,-,-,-,-,-,32.23611111,76.04833333,16-02-2024 10:45,"",515,"",0,281,"",21,"",38,"",12,"",220,32,34,23,"","","","","","","","","","",""
731,Kullu,CGWB,2,Himachal Pradesh,20,KULLU,KULLU(T),KULLU,Kullu,-,-,-,-,-,-,31.96388889,77.11666667,25-05-2002 00:00,7.84,224,"","",98,80.33,11,"","","","","",105,36,3.69,0.7,"","","","","","","","","","",""
732,Kullu,CGWB,2,Himachal Pradesh,20,KULLU,KULLU(T),KULLU,Kullu,-,-,-,-,-,-,31.96388889,77.11666667,25-05-2003 00:00,7.68,605,"","",159,130.33,35,"","","","","",255,84,11.04,23,"","","","","","","","","","",""
733,Kullu,CGWB,2,Himachal Pradesh,20,KULLU,KULLU(T),KULLU,Kullu,-,-,-,-,-,-,31.96388889,77.11666667,25-05-2005 00:00,7.7,225,"","",104,85.25,11,"","","","","",110,36,4.91,3.5,"","","","","","","","","","",""
734,Kullu,CGWB,2,Himachal Pradesh,20,KULLU,KULLU(T),KULLU,Kullu,-,-,-,-,-,-,31.96388889,77.11666667,25-05-2006 00:00,8,245,"","",116,95.08,11,"","","","","",148,37,14,3.6,"","","","","","","","","","",""
735,Kullu,CGWB,2,Himachal Pradesh,20,KULLU,KULLU(T),KULLU,Kullu,-,-,-,-,-,-,31.96388889,77.11666667,25-05-2007 00:00,7.4,273,"","",102,83.61,11,"",50,"","","",142,43,8.6,3.5,"","","","","","","","","","",""
736,Kullu,CGWB,2,Himachal Pradesh,20,KULLU,KULLU(T),KULLU,Kullu,-,-,-,-,-,-,31.96388889,77.11666667,25-05-2008 00:00,8.2,220,"","",104,85.25,7.1,"",35,"","","",130,31,12,3.8,"","","","","","","","","","",""
737,Kullu,CGWB,2,Himachal Pradesh,20,KULLU,KULLU(T),KULLU,Kullu,-,-,-,-,-,-,31.96388889,77.11666667,25-05-2009 00:00,7.6,230,"","",110,90.16,7.1,"",12,"","","",105,34,4.8,2.8,"","","","","","","","","","",""
738,Kullu,CGWB,2,Himachal Pradesh,20,KULLU,KULLU(T),KULLU,Kullu,-,-,-,-,-,-,31.96388889,77.11666667,25-05-2010 00:00,7.8,365,"","",188,154.1,14,"","","","","",137,47,4.7,18,"","","","","","","","","","",""
739,Kullu,CGWB,2,Himachal Pradesh,20,KULLU,KULLU(T),KULLU,Kullu,-,-,-,-,-,-,31.96388889,77.11666667,25-05-2011 00:00,8.5,300,"",6,134,119.84,14,"",10,"","","",130,42,6,5,"","","","","","","","","","",""
740,Kullu,CGWB,2,Himachal Pradesh,20,KULLU,KULLU(T),KULLU,Kullu,-,-,-,-,-,-,31.96388889,77.11666667,25-05-2012 00:00,8.2,300,"","",134,109.84,25,"","","","","",120,30,11,13,"","","","","","","","","","",""
741,Kullu,CGWB,2,Himachal Pradesh,20,KULLU,KULLU(T),KULLU,Kullu,-,-,-,-,-,-,31.96388889,77.11666667,25-05-2018 00:00,8.54,506,0,48,171,0,71,"","","",0,"",0,60,17,44,"",0,0,"","","","","","","",""
742,Kullu,CGWB,2,Himachal Pradesh,20,KULLU,KULLU(T),KULLU,Kullu,-,-,-,-,-,-,31.96388889,77.11666667,30-05-2019 08:00,8.53,470,"",29,175,"",35,"","","",11,"",177,63,"",36,"","","","","","","","","","",""
743,Kullu,CGWB,2,Himachal Pradesh,20,KULLU,KULLU(T),KULLU,Kullu,-,-,-,-,-,-,31.96388889,77.11666667,30-05-2020 08:00,8.53,470,"","",175,"",35,"","","",11,"","",63,"",36,"","","","","","","","","","",""
744,Kullu,CGWB,2,Himachal Pradesh,20,KULLU,KULLU(T),KULLU,Kullu,-,-,-,-,-,-,31.96388889,77.11666667,30-05-2021 08:00,7.7,2600,"",0,378.2,"",503.39,"",181,"","","",660,156,65.6208,217.8,"","","","","","","","","","",""
745,Kuluwal,CGWB,2,Himachal Pradesh,26,UNA,HAROLI(T),HAROLI,Kuluwal,-,-,-,-,-,-,31.47500000,76.21388889,25-05-2003 00:00,7.78,302,"","",140,114.75,18,"","","","","",110,34,6.12,20,"","","","","","","","","","",""
746,Kuluwal,CGWB,2,Himachal Pradesh,26,UNA,HAROLI(T),HAROLI,Kuluwal,-,-,-,-,-,-,31.47500000,76.21388889,25-05-2004 00:00,7.86,371,"",0,128,104.92,25,"","","","","",145,38,12.2,25,"","","","","","","","","","",""
747,Kuluwal,CGWB,2,Himachal Pradesh,26,UNA,HAROLI(T),HAROLI,Kuluwal,-,-,-,-,-,-,31.47500000,76.21388889,25-05-2005 00:00,7.95,530,"","",196,160.66,28,"","","","","",240,82,8.61,23,"","","","","","","","","","",""
748,Kuluwal,CGWB,2,Himachal Pradesh,26,UNA,HAROLI(T),HAROLI,Kuluwal,-,-,-,-,-,-,31.47500000,76.21388889,25-05-2006 00:00,7.7,375,"","",110,90.16,32,"","","","","",148,47,7.47,26,"","","","","","","","","","",""
749,Kuluwal,CGWB,2,Himachal Pradesh,26,UNA,HAROLI(T),HAROLI,Kuluwal,-,-,-,-,-,-,31.47500000,76.21388889,25-05-2007 00:00,7.11,490,"","",156,127.87,19,"",55,"","","",205,70,7.5,20,"","","","","","","","","","",""
750,Kuluwal,CGWB,2,Himachal Pradesh,26,UNA,HAROLI(T),HAROLI,Kuluwal,-,-,-,-,-,-,31.47500000,76.21388889,25-05-2008 00:00,7.25,615,"","",207,169.67,43,"",42,"","","",285,100,8.5,12,"","","","","","","","","","",""
751,Kuluwal,CGWB,2,Himachal Pradesh,26,UNA,HAROLI(T),HAROLI,Kuluwal,-,-,-,-,-,-,31.47500000,76.21388889,25-05-2009 00:00,7.5,600,"","",122,100,36,"",75,"","","",205,58,15,39,"","","","","","","","","","",""
752,Kuluwal,CGWB,2,Himachal Pradesh,26,UNA,HAROLI(T),HAROLI,Kuluwal,-,-,-,-,-,-,31.47500000,76.21388889,25-05-2010 00:00,7.1,720,"","",142,116.39,67,"",92,"","","",303,89,20,48,"","","","","","","","","","",""
753,Kuluwal,CGWB,2,Himachal Pradesh,26,UNA,HAROLI(T),HAROLI,Kuluwal,-,-,-,-,-,-,31.47500000,76.21388889,25-05-2011 00:00,8,610,"","",98,80.33,53,"",80,"","","",210,68,9.7,40,"","","","","","","","","","",""
754,Kuluwal,CGWB,2,Himachal Pradesh,26,UNA,HAROLI(T),HAROLI,Kuluwal,-,-,-,-,-,-,31.47500000,76.21388889,25-05-2012 00:00,7.59,700,"","",79,64.75,67,"",153,"","","",235,68,16,54,"","","","","","","","","","",""
755,Kuluwal,CGWB,2,Himachal Pradesh,26,UNA,HAROLI(T),HAROLI,Kuluwal,-,-,-,-,-,-,31.47500000,76.21388889,25-05-2015 00:00,7.5,510,"",0,256,209.84,18,"",18,"","","",220,62,15.88,34.3,"","","","","","","","","","",""
756,Kuthera Jaswala,CGWB,2,Himachal Pradesh,26,UNA,UNA(T),UNA,Kuthera Jaswala,-,-,-,-,-,-,31.60000000,76.12083333,25-05-2000 00:00,8.05,270,"",0,107,87.7,14,"","","","","",120,30,10.98,"","","","","","","","","","","",""
757,Kuthera Jaswala,CGWB,2,Himachal Pradesh,26,UNA,UNA(T),UNA,Kuthera Jaswala,-,-,-,-,-,-,31.60000000,76.12083333,25-05-2003 00:00,7.85,383,"","",159,130.33,18,"","","","","",180,52,12.22,12,"","","","","","","","","","",""
758,Kuthera Jaswala,CGWB,2,Himachal Pradesh,26,UNA,UNA(T),UNA,Kuthera Jaswala,-,-,-,-,-,-,31.60000000,76.12083333,25-05-2004 00:00,7.57,520,"",0,256,209.84,25,"","","","","",265,74,19.54,14,"","","","","","","","","","",""
759,Kuthera Jaswala,CGWB,2,Himachal Pradesh,26,UNA,UNA(T),UNA,Kuthera Jaswala,-,-,-,-,-,-,31.60000000,76.12083333,25-05-2005 00:00,8.46,521,"",12,196,180.66,21,"","","","","",264,90,9.59,16,"","","","","","","","","","",""
760,Kuthera Jaswala,CGWB,2,Himachal Pradesh,26,UNA,UNA(T),UNA,Kuthera Jaswala,-,-,-,-,-,-,31.60000000,76.12083333,25-05-2006 00:00,8.1,370,"","",140,114.75,35,"","","","","",158,27,22.04,27,"","","","","","","","","","",""
761,Kuthera Jaswala,CGWB,2,Himachal Pradesh,26,UNA,UNA(T),UNA,Kuthera Jaswala,-,-,-,-,-,-,31.60000000,76.12083333,25-05-2007 00:00,7.41,617,"","",229,187.7,25,"",34,"","","",269,94,7.7,21,"","","","","","","","","","",""
762,Kuthera Jaswala,CGWB,2,Himachal Pradesh,26,UNA,UNA(T),UNA,Kuthera Jaswala,-,-,-,-,-,-,31.60000000,76.12083333,25-05-2008 00:00,7.75,530,"","",287,235.25,21,"",18,"","","",270,88,12,15,"","","","","","","","","","",""
763,Kuthera Jaswala,CGWB,2,Himachal Pradesh,26,UNA,UNA(T),UNA,Kuthera Jaswala,-,-,-,-,-,-,31.60000000,76.12083333,25-05-2009 00:00,7.6,490,"","",244,200,14,"",16,"","","",220,68,12,18,"","","","","","","","","","",""
764,Kuthera Jaswala,CGWB,2,Himachal Pradesh,26,UNA,UNA(T),UNA,Kuthera Jaswala,-,-,-,-,-,-,31.60000000,76.12083333,25-05-2010 00:00,7.58,390,"","",192,157.38,21,"",18,"","","",182,36,22,16,"","","","","","","","","","",""
765,Kuthera Jaswala,CGWB,2,Himachal Pradesh,26,UNA,UNA(T),UNA,Kuthera Jaswala,-,-,-,-,-,-,31.60000000,76.12083333,25-05-2011 00:00,8,560,"","",238,195.08,18,"",16,"","","",245,76,13,14,"","","","","","","","","","",""
766,Kuthera Jaswala,CGWB,2,Himachal Pradesh,26,UNA,UNA(T),UNA,Kuthera Jaswala,-,-,-,-,-,-,31.60000000,76.12083333,25-05-2012 00:00,7.95,330,"","",110,90.16,25,"",18,"","","",135,30,15,15.3,"","","","","","","","","","",""
767,Kuthera Jaswala,CGWB,2,Himachal Pradesh,26,UNA,UNA(T),UNA,Kuthera Jaswala,-,-,-,-,-,-,31.60000000,76.12083333,25-05-2013 00:00,7.61,410,"","",177,145.08,25,"",28,"","","",200,56,15,21,"","","","","","","","","","",""
768,Kuthera Jaswala,CGWB,2,Himachal Pradesh,26,UNA,UNA(T),UNA,Kuthera Jaswala,-,-,-,-,-,-,31.60000000,76.12083333,25-05-2014 00:00,7.84,340,"","",116,95.08,18,"",46,"","","",160,36,17.06,21,"","","","","","","","","","",""
769,Kuthera Jaswala,CGWB,2,Himachal Pradesh,26,UNA,UNA(T),UNA,Kuthera Jaswala,-,-,-,-,-,-,31.60000000,76.12083333,25-05-2015 00:00,7.84,340,"",0,116,95.08,18,"",46,"","","",160,36,17.06,20.8,"","","","","","","","","","",""
770,Kuthera Jaswala,CGWB,2,Himachal Pradesh,26,UNA,UNA(T),UNA,Kuthera Jaswala,-,-,-,-,-,-,31.60000000,76.12083333,25-05-2018 00:00,8.3,338,0,48,12,0,28,"",45,"",0,"",0,40,19,19,"",0,0,"","","","","","","",""
771,Kuthiar,CGWB,2,Himachal Pradesh,26,UNA,AMB(T),AMB,Kuthiar,-,-,-,-,-,-,31.62916667,76.12500000,25-05-2003 00:00,7.26,980,"","",329,269.67,85,"","","","","",365,88,35.36,62,"","","","","","","","","","",""
772,Kuthiar,CGWB,2,Himachal Pradesh,26,UNA,AMB(T),AMB,Kuthiar,-,-,-,-,-,-,31.62916667,76.12500000,25-05-2004 00:00,7.79,684,"",0,201,164.75,78,"","","","","",290,44,43.82,55,"","","","","","","","","","",""
773,Kuthiar,CGWB,2,Himachal Pradesh,26,UNA,AMB(T),AMB,Kuthiar,-,-,-,-,-,-,31.62916667,76.12500000,25-05-2005 00:00,7.98,720,"","",281,230.33,64,"","","","","",268,76,19.06,55,"","","","","","","","","","",""
774,Kuthiar,CGWB,2,Himachal Pradesh,26,UNA,AMB(T),AMB,Kuthiar,-,-,-,-,-,-,31.62916667,76.12500000,25-05-2006 00:00,7.95,565,"","",183,150,78,"","","","","",169,31,22,65,"","","","","","","","","","",""
775,Kuthiar,CGWB,2,Himachal Pradesh,26,UNA,AMB(T),AMB,Kuthiar,-,-,-,-,-,-,31.62916667,76.12500000,25-05-2007 00:00,7.52,595,"","",211,172.95,60,"",23,"","","",205,51,19,49,"","","","","","","","","","",""
776,Kuthiar,CGWB,2,Himachal Pradesh,26,UNA,AMB(T),AMB,Kuthiar,-,-,-,-,-,-,31.62916667,76.12500000,25-05-2008 00:00,7.6,630,"","",220,180.33,57,"",50,"","","",260,66,23,43,"","","","","","","","","","",""
777,Kuthiar,CGWB,2,Himachal Pradesh,26,UNA,AMB(T),AMB,Kuthiar,-,-,-,-,-,-,31.62916667,76.12500000,25-05-2009 00:00,7.6,430,"","",207,169.67,14,"",30,"","","",175,36,21,24,"","","","","","","","","","",""
778,Kuthiar,CGWB,2,Himachal Pradesh,26,UNA,AMB(T),AMB,Kuthiar,-,-,-,-,-,-,31.62916667,76.12500000,25-05-2014 00:00,7.84,340,"","",116,95.08,18,"",46,"","","",160,36,17.06,21,"","","","","","","","","","",""
779,Ladhi,CGWB,2,Himachal Pradesh,18,KANGRA,-,-,-,-,-,-,-,-,-,31.96670000,76.53820000,30-05-2019 08:00,8.2,255,"","",134,"",21,"","","",3.9,"",120,28,"",17,"","","","","","","","","","",""
780,Ladhi,CGWB,2,Himachal Pradesh,18,KANGRA,-,-,-,-,-,-,-,-,-,31.96670000,76.53820000,30-05-2020 08:00,8.2,255,"","",134,"",21,"","","",3.9,"","",28,"",17,"","","","","","","","","","",""
781,Lalehri,CGWB,2,Himachal Pradesh,26,UNA,HAROLI(T),HAROLI,Lalehri,-,-,-,-,-,-,31.37083333,76.25416667,25-05-2003 00:00,7.87,522,"","",250,204.92,18,"","","","","",245,24,45.01,15,"","","","","","","","","","",""
782,Lalehri,CGWB,2,Himachal Pradesh,26,UNA,HAROLI(T),HAROLI,Lalehri,-,-,-,-,-,-,31.37083333,76.25416667,25-05-2004 00:00,7.85,545,"",0,311,254.92,21,"","","","","",275,44,40.17,10,"","","","","","","","","","",""
783,Lalehri,CGWB,2,Himachal Pradesh,26,UNA,HAROLI(T),HAROLI,Lalehri,-,-,-,-,-,-,31.37083333,76.25416667,25-05-2005 00:00,8.24,680,"","",365,299.18,25,"","","","","",312,74,30.97,21,"","","","","","","","","","",""
784,Lalehri,CGWB,2,Himachal Pradesh,26,UNA,HAROLI(T),HAROLI,Lalehri,-,-,-,-,-,-,31.37083333,76.25416667,25-05-2006 00:00,8,195,"","",104,85.25,7.1,"","","","","",118,27,12,4,"","","","","","","","","","",""
785,Lalehri,CGWB,2,Himachal Pradesh,26,UNA,HAROLI(T),HAROLI,Lalehri,-,-,-,-,-,-,31.37083333,76.25416667,25-05-2007 00:00,7.97,458,"","",238,195.08,19,"",10,"","","",128,22,18,50,"","","","","","","","","","",""
786,Lalehri,CGWB,2,Himachal Pradesh,26,UNA,HAROLI(T),HAROLI,Lalehri,-,-,-,-,-,-,31.37083333,76.25416667,25-05-2008 00:00,8.1,620,"","",397,325.41,21,"",24,"","","",300,88,19,41,"","","","","","","","","","",""
787,Lalehri,CGWB,2,Himachal Pradesh,26,UNA,HAROLI(T),HAROLI,Lalehri,-,-,-,-,-,-,31.37083333,76.25416667,25-05-2009 00:00,7.5,680,"","",415,340.16,14,"",28,"","","",285,76,23,50,"","","","","","","","","","",""
788,Lalehri,CGWB,2,Himachal Pradesh,26,UNA,HAROLI(T),HAROLI,Lalehri,-,-,-,-,-,-,31.37083333,76.25416667,25-05-2010 00:00,7.9,540,"","",313,256.56,18,"","","","","",197,42,22,46,"","","","","","","","","","",""
789,Lalehri,CGWB,2,Himachal Pradesh,26,UNA,HAROLI(T),HAROLI,Lalehri,-,-,-,-,-,-,31.37083333,76.25416667,25-05-2011 00:00,8.24,530,"","",256,209.84,18,"",14,"","","",155,30,19,47,"","","","","","","","","","",""
790,Lalehri,CGWB,2,Himachal Pradesh,26,UNA,HAROLI(T),HAROLI,Lalehri,-,-,-,-,-,-,31.37083333,76.25416667,25-05-2012 00:00,7.93,410,"","",195,159.84,21,"",21,"","","",145,18,12,40,"","","","","","","","","","",""
791,Lalehri,CGWB,2,Himachal Pradesh,26,UNA,HAROLI(T),HAROLI,Lalehri,-,-,-,-,-,-,31.37083333,76.25416667,25-05-2015 00:00,7.75,410,"",0,262,214.75,18,"",2,"","","",160,10,32.83,37.8,"","","","","","","","","","",""
792,Lalehri,CGWB,2,Himachal Pradesh,26,UNA,HAROLI(T),HAROLI,Lalehri,-,-,-,-,-,-,31.37083333,76.25416667,25-05-2018 00:00,8.48,467,0,36,97,0,28,"",21,"",0,"",0,28,34,10,"",0,0,"","","","","","","",""
793,Lalehri,CGWB,2,Himachal Pradesh,26,UNA,HAROLI(T),HAROLI,Lalehri,-,-,-,-,-,-,31.37083333,76.25416667,30-05-2019 08:00,8.5,472,"",36,183,"",28,"","","",27,"",180,28,27,40,"","","","","","","","","","",""
794,Lalehri,CGWB,2,Himachal Pradesh,26,UNA,HAROLI(T),HAROLI,Lalehri,-,-,-,-,-,-,31.37083333,76.25416667,30-05-2020 08:00,8.5,472,"","",183,"",28,"","","",27,"","",28,27,40,"","","","","","","","","","",""
795,Lalehri,CGWB,2,Himachal Pradesh,26,UNA,HAROLI(T),HAROLI,Lalehri,-,-,-,-,-,-,31.37083333,76.25416667,22-02-2022 16:22,"",432,"",6,49,"",67,"",96,"",22,"",175,20,30,34,"","","","","","","","","","",""
796,Lohara,CGWB,2,Himachal Pradesh,22,MANDI,SUNDARNAGAR(T),SUNDARNAGAR,Lohara,-,-,-,-,-,-,31.59166667,76.95000000,25-05-2002 00:00,7.81,428,"","",250,204.92,14,"","","","","",200,52,17.08,18,"","","","","","","","","","",""
797,Lohara,CGWB,2,Himachal Pradesh,22,MANDI,SUNDARNAGAR(T),SUNDARNAGAR,Lohara,-,-,-,-,-,-,31.59166667,76.95000000,25-05-2003 00:00,7.71,402,"","",238,195.08,14,"","","","","",200,44,21.94,11,"","","","","","","","","","",""
798,Lohara,CGWB,2,Himachal Pradesh,22,MANDI,SUNDARNAGAR(T),SUNDARNAGAR,Lohara,-,-,-,-,-,-,31.59166667,76.95000000,25-05-2004 00:00,7.51,613,"",0,311,254.92,32,"","","","","",265,42,38.95,30,"","","","","","","","","","",""
799,Lohara,CGWB,2,Himachal Pradesh,22,MANDI,SUNDARNAGAR(T),SUNDARNAGAR,Lohara,-,-,-,-,-,-,31.59166667,76.95000000,25-05-2005 00:00,7.62,385,"","",257,210.66,11,"","","","","",200,44,21.94,19,"","","","","","","","","","",""
800,Lohara,CGWB,2,Himachal Pradesh,22,MANDI,SUNDARNAGAR(T),SUNDARNAGAR,Lohara,-,-,-,-,-,-,31.59166667,76.95000000,25-05-2006 00:00,7.7,380,"","",256,209.84,11,"","","","","",184,29,27,19,"","","","","","","","","","",""
801,Lohara,CGWB,2,Himachal Pradesh,22,MANDI,SUNDARNAGAR(T),SUNDARNAGAR,Lohara,-,-,-,-,-,-,31.59166667,76.95000000,25-05-2007 00:00,7.56,482,"","",270,221.31,22,"",3.2,"","","",218,51,25,2,"","","","","","","","","","",""
802,Lohara,CGWB,2,Himachal Pradesh,22,MANDI,SUNDARNAGAR(T),SUNDARNAGAR,Lohara,-,-,-,-,-,-,31.59166667,76.95000000,25-05-2008 00:00,7.6,490,"","",323,264.75,11,"",24,"","","",255,62,24,24,"","","","","","","","","","",""
803,Lohara,CGWB,2,Himachal Pradesh,22,MANDI,SUNDARNAGAR(T),SUNDARNAGAR,Lohara,-,-,-,-,-,-,31.59166667,76.95000000,25-05-2009 00:00,7.9,570,"","",372,304.92,5.3,"",15,"","","",285,76,23,20,"","","","","","","","","","",""
804,Lohara,CGWB,2,Himachal Pradesh,22,MANDI,SUNDARNAGAR(T),SUNDARNAGAR,Lohara,-,-,-,-,-,-,31.59166667,76.95000000,25-05-2010 00:00,7.85,295,"","",148,121.31,14,"","","","","",118,20,17,16,"","","","","","","","","","",""
805,Lohara,CGWB,2,Himachal Pradesh,22,MANDI,SUNDARNAGAR(T),SUNDARNAGAR,Lohara,-,-,-,-,-,-,31.59166667,76.95000000,25-05-2011 00:00,8.2,360,"","",189,154.92,21,"","","","","",145,22,22,21,"","","","","","","","","","",""
806,Lohara,CGWB,2,Himachal Pradesh,22,MANDI,SUNDARNAGAR(T),SUNDARNAGAR,Lohara,-,-,-,-,-,-,31.59166667,76.95000000,25-05-2012 00:00,7.84,410,"","",189,154.92,28,"","","","","",155,26,26,25,"","","","","","","","","","",""
807,Lohara,CGWB,2,Himachal Pradesh,22,MANDI,SUNDARNAGAR(T),SUNDARNAGAR,Lohara,-,-,-,-,-,-,31.59166667,76.95000000,25-05-2014 00:00,7.74,750,"","",146,119.67,107,"",103,"","","",275,50,36.53,62,"","","","","","","","","","",""
808,Lohara,CGWB,2,Himachal Pradesh,22,MANDI,SUNDARNAGAR(T),SUNDARNAGAR,Lohara,-,-,-,-,-,-,31.59166667,76.95000000,25-05-2015 00:00,7.74,750,"","",146,119.67,107,"",103,"","","",275.4,50.1,35.26,61.8,"","","","","","","","","","",""
809,Lohara,CGWB,2,Himachal Pradesh,22,MANDI,SUNDARNAGAR(T),SUNDARNAGAR,Lohara,-,-,-,-,-,-,31.59166667,76.95000000,25-05-2018 00:00,8.34,638,0,12,110,0,120,"",66,"",0,"",0,40,42,42,"",0,0,"","","","","","","",""
810,Loharli,CGWB,2,Himachal Pradesh,26,UNA,UNA(T),UNA,Loharli,-,-,-,-,-,-,31.59250000,76.12611111,25-05-2013 00:00,7.37,290,"","",128,104.92,18,"",4,"","","",120,36,73,19,"","","","","","","","","","",""
811,Loharli,CGWB,2,Himachal Pradesh,26,UNA,UNA(T),UNA,Loharli,-,-,-,-,-,-,31.59250000,76.12611111,25-05-2014 00:00,7.75,410,"",0,262,214.75,18,"",2,"","","",160,10,32.83,38,"","","","","","","","","","",""
812,Loharli,CGWB,2,Himachal Pradesh,26,UNA,UNA(T),UNA,Loharli,-,-,-,-,-,-,31.59250000,76.12611111,25-05-2015 00:00,8.11,300,"",0,122,100,14,"",20,"","","",145,36,13.42,15.3,"","","","","","","","","","",""
813,Loharli,CGWB,2,Himachal Pradesh,26,UNA,UNA(T),UNA,Loharli,-,-,-,-,-,-,31.59250000,76.12611111,25-05-2018 00:00,8.15,449,0,0,122,0,21,"",27,"",0,"",0,56,12,31,"",0,0,"","","","","","","",""
814,Loharli,CGWB,2,Himachal Pradesh,26,UNA,UNA(T),UNA,Loharli,-,-,-,-,-,-,31.59250000,76.12611111,30-05-2019 08:00,8.12,385,179,"",102,"",57,"","","",19,"",126,31,10,24,"","","","","","","","","","",""
815,Loharli,CGWB,2,Himachal Pradesh,26,UNA,UNA(T),UNA,Loharli,-,-,-,-,-,-,31.59250000,76.12611111,30-05-2020 08:00,8.12,385,"","",102,"",57,"","","",19,"","",31,10,24,"","","","","","","","","","",""
816,Loharli,CGWB,2,Himachal Pradesh,26,UNA,UNA(T),UNA,Loharli,-,-,-,-,-,-,31.59250000,76.12611111,30-05-2021 08:00,8.07,950,617.5,0,259,"",79,"",42,0.04,"","",280,38,44.992,91,"","","","","","","","","","",""
817,Loharli,CGWB,2,Himachal Pradesh,26,UNA,UNA(T),UNA,Loharli,-,-,-,-,-,-,31.59250000,76.12611111,04-02-2022 15:58,8.27,603,"",0,177,"",64,"",38,"",18,"",250,98,1.2,31,"","","","","","","","","","",""
818,Maganpura,CGWB,2,Himachal Pradesh,25,SOLAN,-,-,-,-,-,-,-,-,-,31.02878000,76.65753000,30-05-2019 08:00,8.12,715,"","",131,"",134,"","","",16,"",200,38,26,68,"","","","","","","","","","",""
819,Maganpura,CGWB,2,Himachal Pradesh,25,SOLAN,-,-,-,-,-,-,-,-,-,31.02878000,76.65753000,30-05-2020 08:00,8.12,715,"","",131,"",134,"","","",16,"","",38,26,68,"","","","","","","","","","",""
820,Mahadev,CGWB,2,Himachal Pradesh,25,SOLAN,NALAGARH(T),NALAGARH,Mahadev,-,-,-,-,-,-,31.10833333,76.67916667,25-05-2000 00:00,8.15,970,"",0,359,294.26,90,"","","","","",137,16,23.6,"","","","","","","","","","","",""
821,Mahadev,CGWB,2,Himachal Pradesh,25,SOLAN,NALAGARH(T),NALAGARH,Mahadev,-,-,-,-,-,-,31.10833333,76.67916667,25-05-2001 00:00,7.57,990,"",0,403,330.33,99,"","","","","",235,54,24.38,154,"","","","","","","","","","",""
822,Mahadev,CGWB,2,Himachal Pradesh,25,SOLAN,NALAGARH(T),NALAGARH,Mahadev,-,-,-,-,-,-,31.10833333,76.67916667,25-05-2002 00:00,8.5,770,"",15,213,199.59,71,"","","","","",130,32,12.2,124,"","","","","","","","","","",""
823,Mahadev,CGWB,2,Himachal Pradesh,25,SOLAN,NALAGARH(T),NALAGARH,Mahadev,-,-,-,-,-,-,31.10833333,76.67916667,25-05-2003 00:00,8.2,607,"","",226,185.25,46,"","","","","",155,12,30.41,74,"","","","","","","","","","",""
824,Mahadev,CGWB,2,Himachal Pradesh,25,SOLAN,NALAGARH(T),NALAGARH,Mahadev,-,-,-,-,-,-,31.10833333,76.67916667,25-05-2004 00:00,7.57,823,"",0,335,274.59,71,"","","","","",245,49,29.84,82,"","","","","","","","","","",""
825,Mahadev,CGWB,2,Himachal Pradesh,25,SOLAN,NALAGARH(T),NALAGARH,Mahadev,-,-,-,-,-,-,31.10833333,76.67916667,25-05-2005 00:00,7.75,670,"","",317,259.84,50,"","","","","",160,38,16,116,"","","","","","","","","","",""
826,Mahadev,CGWB,2,Himachal Pradesh,25,SOLAN,NALAGARH(T),NALAGARH,Mahadev,-,-,-,-,-,-,31.10833333,76.67916667,25-05-2006 00:00,8.4,540,"",30,159,180.33,43,"","","","","",123,10,24,85,"","","","","","","","","","",""
827,Mahadev,CGWB,2,Himachal Pradesh,25,SOLAN,NALAGARH(T),NALAGARH,Mahadev,-,-,-,-,-,-,31.10833333,76.67916667,25-05-2007 00:00,7.48,645,"","",292,239.34,34,"",30,"","","",158,33,19,80,"","","","","","","","","","",""
828,Mahadev,CGWB,2,Himachal Pradesh,25,SOLAN,NALAGARH(T),NALAGARH,Mahadev,-,-,-,-,-,-,31.10833333,76.67916667,25-05-2008 00:00,7.8,810,"","",391,320.49,50,"",65,"","","",285,70,27,90,"","","","","","","","","","",""
829,Mahadev,CGWB,2,Himachal Pradesh,25,SOLAN,NALAGARH(T),NALAGARH,Mahadev,-,-,-,-,-,-,31.10833333,76.67916667,25-05-2009 00:00,8.1,640,"","",250,204.92,36,"",60,"","","",145,22,22,91,"","","","","","","","","","",""
830,Mahadev,CGWB,2,Himachal Pradesh,25,SOLAN,NALAGARH(T),NALAGARH,Mahadev,-,-,-,-,-,-,31.10833333,76.67916667,25-05-2010 00:00,8.1,560,"","",228,186.89,42,"",21,"","","",117,16,19,86,"","","","","","","","","","",""
831,Mahadev,CGWB,2,Himachal Pradesh,25,SOLAN,NALAGARH(T),NALAGARH,Mahadev,-,-,-,-,-,-,31.10833333,76.67916667,25-05-2011 00:00,8.25,600,"","",220,180.33,67,"",12,"","","",145,22,22,84,"","","","","","","","","","",""
832,Mahadev,CGWB,2,Himachal Pradesh,25,SOLAN,NALAGARH(T),NALAGARH,Mahadev,-,-,-,-,-,-,31.10833333,76.67916667,25-05-2012 00:00,7.74,590,"","",220,180.33,78,"",24,"","","",120,12,22,88,"","","","","","","","","","",""
833,Mahadev,CGWB,2,Himachal Pradesh,25,SOLAN,NALAGARH(T),NALAGARH,Mahadev,-,-,-,-,-,-,31.10833333,76.67916667,25-05-2014 00:00,7.3,830,"",0,201,164.75,170,"",38,"","","",370,48,60.84,63,"","","","","","","","","","",""
834,Mahadev,CGWB,2,Himachal Pradesh,25,SOLAN,NALAGARH(T),NALAGARH,Mahadev,-,-,-,-,-,-,31.10833333,76.67916667,25-05-2015 00:00,7.3,830,"",0,201,164.75,170,"",38,"","","",370,48,63,42,"","","","","","","","","","",""
835,Mahadev,CGWB,2,Himachal Pradesh,25,SOLAN,NALAGARH(T),NALAGARH,Mahadev,-,-,-,-,-,-,31.10833333,76.67916667,25-05-2018 00:00,8.49,318,0,12,110,0,14,"",48,"",0,"",0,20,9.68,47.8,"",0,0,"","","","","","","",""
836,Manjgram,CGWB,2,Himachal Pradesh,18,KANGRA,KANGRA(T),KANGRA,Manjgram,-,-,-,-,-,-,32.22916667,76.17083333,25-05-2000 00:00,7.6,262,"",0,124,101.64,21,"","","","","",125,27,14.01,"","","","","","","","","","","",""
837,Manjgram,CGWB,2,Himachal Pradesh,18,KANGRA,KANGRA(T),KANGRA,Manjgram,-,-,-,-,-,-,32.22916667,76.17083333,25-05-2003 00:00,7.41,500,"","",244,200,18,"","","","","",190,48,17.08,21,"","","","","","","","","","",""
838,Manjgram,CGWB,2,Himachal Pradesh,18,KANGRA,KANGRA(T),KANGRA,Manjgram,-,-,-,-,-,-,32.22916667,76.17083333,25-05-2004 00:00,7.46,468,"",0,262,214.75,18,"","","","","",235,66,17.1,11,"","","","","","","","","","",""
839,Manjgram,CGWB,2,Himachal Pradesh,18,KANGRA,KANGRA(T),KANGRA,Manjgram,-,-,-,-,-,-,32.22916667,76.17083333,25-05-2005 00:00,7.83,451,"","",243,199.18,14,"","","","","",220,38,30.44,12,"","","","","","","","","","",""
840,Manjgram,CGWB,2,Himachal Pradesh,18,KANGRA,KANGRA(T),KANGRA,Manjgram,-,-,-,-,-,-,32.22916667,76.17083333,25-05-2006 00:00,8.05,252,"","",134,109.84,18,"","","","","",245,27,43,9.9,"","","","","","","","","","",""
841,Manjgram,CGWB,2,Himachal Pradesh,18,KANGRA,KANGRA(T),KANGRA,Manjgram,-,-,-,-,-,-,32.22916667,76.17083333,25-05-2008 00:00,7.65,440,"","",244,200,25,"",26,"","","",240,72,15,12,"","","","","","","","","","",""
842,Manjgram,CGWB,2,Himachal Pradesh,18,KANGRA,KANGRA(T),KANGRA,Manjgram,-,-,-,-,-,-,32.22916667,76.17083333,25-05-2009 00:00,7.7,410,"","",244,200,7.1,"",8,"","","",195,60,11,10,"","","","","","","","","","",""
843,Manjgram,CGWB,2,Himachal Pradesh,18,KANGRA,KANGRA(T),KANGRA,Manjgram,-,-,-,-,-,-,32.22916667,76.17083333,25-05-2010 00:00,7.65,270,"","",128,104.92,25,"",21,"","","",147,30,17,11,"","","","","","","","","","",""
844,Manjgram,CGWB,2,Himachal Pradesh,18,KANGRA,KANGRA(T),KANGRA,Manjgram,-,-,-,-,-,-,32.22916667,76.17083333,25-05-2011 00:00,8.15,450,"","",207,169.67,21,"",18,"","","",175,48,13,24,"","","","","","","","","","",""
845,Manjgram,CGWB,2,Himachal Pradesh,18,KANGRA,KANGRA(T),KANGRA,Manjgram,-,-,-,-,-,-,32.22916667,76.17083333,25-05-2012 00:00,7.7,260,"","",134,109.84,18,"",12,"","","",125,30,12,11,"","","","","","","","","","",""
846,Manjgram,CGWB,2,Himachal Pradesh,18,KANGRA,KANGRA(T),KANGRA,Manjgram,-,-,-,-,-,-,32.22916667,76.17083333,25-05-2013 00:00,8.13,330,"","",165,135.25,25,"",12,"","","",160,48,10,12,"","","","","","","","","","",""
847,Manjgram,CGWB,2,Himachal Pradesh,18,KANGRA,KANGRA(T),KANGRA,Manjgram,-,-,-,-,-,-,32.22916667,76.17083333,25-05-2014 00:00,7.37,450,"","",36.6,30,163,"",7,"","","",245,72,15.89,11,"","","","","","","","","","",""
848,Manjgram,CGWB,2,Himachal Pradesh,18,KANGRA,KANGRA(T),KANGRA,Manjgram,-,-,-,-,-,-,32.22916667,76.17083333,25-05-2015 00:00,7.37,450,"",0,36.6,30,163,"",7,"","","",244.8,72,15.84,10.9,"","","","","","","","","","",""
849,Manjgram,CGWB,2,Himachal Pradesh,18,KANGRA,KANGRA(T),KANGRA,Manjgram,-,-,-,-,-,-,32.22916667,76.17083333,25-05-2018 00:00,7.82,402,0,0,171,0,47,"",5,"",0,"",0,56,17,5,"",0,0,"","","","","","","",""
850,Manjgram,CGWB,2,Himachal Pradesh,18,KANGRA,KANGRA(T),KANGRA,Manjgram,-,-,-,-,-,-,32.22916667,76.17083333,04-02-2022 16:32,"",400,"",0,207,180,21,"",5,"",12,"","",40,19,14,"","","","","","","","","","",""
851,Manjhauli,CGWB,2,Himachal Pradesh,25,SOLAN,NALAGARH(T),NALAGARH,Manjhauli,-,-,-,-,-,-,31.03000000,76.65111111,25-05-2000 00:00,8,587,"",0,120,98.36,97,"","","","","",137,28,16.32,"","","","","","","","","","","",""
852,Manjhauli,CGWB,2,Himachal Pradesh,25,SOLAN,NALAGARH(T),NALAGARH,Manjhauli,-,-,-,-,-,-,31.03000000,76.65111111,25-05-2002 00:00,7.55,207,"",0,207,169.67,110,"","","","","",240,74,13.46,64,"","","","","","","","","","",""
853,Manjhauli,CGWB,2,Himachal Pradesh,25,SOLAN,NALAGARH(T),NALAGARH,Manjhauli,-,-,-,-,-,-,31.03000000,76.65111111,25-05-2003 00:00,8.02,555,"","",98,80.33,96,"","","","","",150,32,17.06,66,"","","","","","","","","","",""
854,Manjhauli,CGWB,2,Himachal Pradesh,25,SOLAN,NALAGARH(T),NALAGARH,Manjhauli,-,-,-,-,-,-,31.03000000,76.65111111,25-05-2004 00:00,7.54,718,"",0,209,171.31,110,"","","","","",235,53,24.99,75,"","","","","","","","","","",""
855,Manjhauli,CGWB,2,Himachal Pradesh,25,SOLAN,NALAGARH(T),NALAGARH,Manjhauli,-,-,-,-,-,-,31.03000000,76.65111111,25-05-2005 00:00,7.5,725,"","",214,175.41,128,"","","","","",250,50,27,97,"","","","","","","","","","",""
856,Manjhauli,CGWB,2,Himachal Pradesh,25,SOLAN,NALAGARH(T),NALAGARH,Manjhauli,-,-,-,-,-,-,31.03000000,76.65111111,25-05-2006 00:00,7.75,760,"","",238,195.08,110,"","","","","",143,47,10,116,"","","","","","","","","","",""
857,Manjhauli,CGWB,2,Himachal Pradesh,25,SOLAN,NALAGARH(T),NALAGARH,Manjhauli,-,-,-,-,-,-,31.03000000,76.65111111,25-05-2007 00:00,7.38,1002,"","",245,200.82,164,"",79,"","","",221,62,16,137,"","","","","","","","","","",""
858,Manjhauli,CGWB,2,Himachal Pradesh,25,SOLAN,NALAGARH(T),NALAGARH,Manjhauli,-,-,-,-,-,-,31.03000000,76.65111111,25-05-2008 00:00,7.6,1120,"","",281,230.33,220,"",29,"","","",280,86,16,140,"","","","","","","","","","",""
859,Manjhauli,CGWB,2,Himachal Pradesh,25,SOLAN,NALAGARH(T),NALAGARH,Manjhauli,-,-,-,-,-,-,31.03000000,76.65111111,25-05-2010 00:00,7.7,1000,"","",121,99.18,22,"",52,"","","",186,40,19,126,"","","","","","","","","","",""
860,Mao,CGWB,2,Himachal Pradesh,18,KANGRA,NURPUR(T),NURPUR,Mao,-,-,-,-,-,-,32.26805556,76.01666667,25-05-2000 00:00,7.6,244,"",0,101,82.79,17,"","","","","",97,26,7.81,"","","","","","","","","","","",""
861,Mao,CGWB,2,Himachal Pradesh,18,KANGRA,NURPUR(T),NURPUR,Mao,-,-,-,-,-,-,32.26805556,76.01666667,25-05-2003 00:00,7.26,231,"","",155,127.05,11,"","","","","",115,28,10.97,7.3,"","","","","","","","","","",""
862,Mao,CGWB,2,Himachal Pradesh,18,KANGRA,NURPUR(T),NURPUR,Mao,-,-,-,-,-,-,32.26805556,76.01666667,25-05-2004 00:00,7.35,194,"",0,104,85.25,18,"","","","","",90,26,6.11,10,"","","","","","","","","","",""
863,Mao,CGWB,2,Himachal Pradesh,18,KANGRA,NURPUR(T),NURPUR,Mao,-,-,-,-,-,-,32.26805556,76.01666667,25-05-2005 00:00,8.1,221,"","",90,73.77,21,"","","","","",105,28,8.54,14,"","","","","","","","","","",""
864,Mao,CGWB,2,Himachal Pradesh,18,KANGRA,NURPUR(T),NURPUR,Mao,-,-,-,-,-,-,32.26805556,76.01666667,25-05-2006 00:00,7.9,200,"","",104,85.25,14,"","","","","",102,24,22,9.7,"","","","","","","","","","",""
865,Mao,CGWB,2,Himachal Pradesh,18,KANGRA,NURPUR(T),NURPUR,Mao,-,-,-,-,-,-,32.26805556,76.01666667,25-05-2007 00:00,7.64,276,"","",77,63.11,22,"",47,"","","",107,37,3.6,15,"","","","","","","","","","",""
866,Mao,CGWB,2,Himachal Pradesh,18,KANGRA,NURPUR(T),NURPUR,Mao,-,-,-,-,-,-,32.26805556,76.01666667,25-05-2008 00:00,7.8,265,"","",116,95.08,25,"",21,"","","",125,36,8.5,12,"","","","","","","","","","",""
867,Mao,CGWB,2,Himachal Pradesh,18,KANGRA,NURPUR(T),NURPUR,Mao,-,-,-,-,-,-,32.26805556,76.01666667,25-05-2009 00:00,7.3,210,"","",122,100,5.3,"","","","","",85,24,6,9.7,"","","","","","","","","","",""
868,Mao,CGWB,2,Himachal Pradesh,18,KANGRA,NURPUR(T),NURPUR,Mao,-,-,-,-,-,-,32.26805556,76.01666667,25-05-2010 00:00,7.5,280,"","",164,134.43,14,"",2,"","","",127,34,10,12,"","","","","","","","","","",""
869,Mao,CGWB,2,Himachal Pradesh,18,KANGRA,NURPUR(T),NURPUR,Mao,-,-,-,-,-,-,32.26805556,76.01666667,25-05-2011 00:00,8.42,300,"",3,143,122.21,18,"","","","","",125,34,9.7,11,"","","","","","","","","","",""
870,Mao,CGWB,2,Himachal Pradesh,18,KANGRA,NURPUR(T),NURPUR,Mao,-,-,-,-,-,-,32.26805556,76.01666667,25-05-2012 00:00,7.79,240,"","",116,95.08,28,"",8,"","","",110,26,11,14,"","","","","","","","","","",""
871,Mao,CGWB,2,Himachal Pradesh,18,KANGRA,NURPUR(T),NURPUR,Mao,-,-,-,-,-,-,32.26805556,76.01666667,25-05-2013 00:00,8.1,370,"","",189,154.92,29,"",5,"","","",155,44,11,21,"","","","","","","","","","",""
872,Mao,CGWB,2,Himachal Pradesh,18,KANGRA,NURPUR(T),NURPUR,Mao,-,-,-,-,-,-,32.26805556,76.01666667,25-05-2014 00:00,7.72,390,"",0,220,180.33,21,"",19,"","","",190,48,17.08,17,"","","","","","","","","","",""
873,Mao,CGWB,2,Himachal Pradesh,18,KANGRA,NURPUR(T),NURPUR,Mao,-,-,-,-,-,-,32.26805556,76.01666667,25-05-2015 00:00,7.72,390,"",0,220,180.33,21,"",19,"","","",190,48,17.08,17.3,"","","","","","","","","","",""
874,Mao,CGWB,2,Himachal Pradesh,18,KANGRA,NURPUR(T),NURPUR,Mao,-,-,-,-,-,-,32.26805556,76.01666667,25-05-2018 00:00,8.32,244,0,24,73,0,21,"","","",0,"",0,32,12,2,"",0,0,"","","","","","","",""
875,Mao,CGWB,2,Himachal Pradesh,18,KANGRA,NURPUR(T),NURPUR,Mao,-,-,-,-,-,-,32.26805556,76.01666667,30-05-2019 08:00,8.4,312,"",12,171,"",21,"","","",14,"",130,40,"",28,"","","","","","","","","","",""
876,Mao,CGWB,2,Himachal Pradesh,18,KANGRA,NURPUR(T),NURPUR,Mao,-,-,-,-,-,-,32.26805556,76.01666667,30-05-2020 08:00,8.4,312,"","",171,"",21,"","","",14,"","",40,"",28,"","","","","","","","","","",""
877,Mao,CGWB,2,Himachal Pradesh,18,KANGRA,NURPUR(T),NURPUR,Mao,-,-,-,-,-,-,32.26805556,76.01666667,30-05-2021 08:00,7.86,4030,"",0,750.546,"",638.1,"",326.4,"","","",1000,144,155.5456,464.6,"","","","","","","","","","",""
878,Mao,CGWB,2,Himachal Pradesh,18,KANGRA,NURPUR(T),NURPUR,Mao,-,-,-,-,-,-,32.26805556,76.01666667,04-02-2022 11:05,"",380,"",18,122,"",21,"",38,"",20,"",180,36,22,12,"","","","","","","","","","",""
879,Mawa Kalan,CGWB,2,Himachal Pradesh,26,UNA,AMB(T),AMB,Amb,-,-,-,-,-,-,31.75361111,76.01083333,25-05-2004 00:00,7.85,250,"","",97.6,80,18,"",70,"","","",165,24,25.56,8,"","","","","","","","","","",""
880,Mawa Kalan,CGWB,2,Himachal Pradesh,26,UNA,AMB(T),AMB,Amb,-,-,-,-,-,-,31.75361111,76.01083333,25-05-2013 00:00,8.23,350,"","",165,135.25,18,"",43,"","","",200,1.8,27,12,"","","","","","","","","","",""
881,Mawa Kalan,CGWB,2,Himachal Pradesh,26,UNA,AMB(T),AMB,Amb,-,-,-,-,-,-,31.75361111,76.01083333,25-05-2015 00:00,7.85,250,"",0,97.6,80,18,"",70,"","","",165,24,25.56,8.4,"","","","","","","","","","",""
882,Mawa Kalan,CGWB,2,Himachal Pradesh,26,UNA,AMB(T),AMB,Amb,-,-,-,-,-,-,31.75361111,76.01083333,30-05-2019 08:00,8.26,220,"","",145,"",14,"","","",11,"",105,17,15,18,"","","","","","","","","","",""
883,Mawa Kalan,CGWB,2,Himachal Pradesh,26,UNA,AMB(T),AMB,Amb,-,-,-,-,-,-,31.75361111,76.01083333,30-05-2020 08:00,8.26,220,"","",145,"",14,"","","",11,"","",17,15,18,"","","","","","","","","","",""
884,Mawa Kalan,CGWB,2,Himachal Pradesh,26,UNA,AMB(T),AMB,Amb,-,-,-,-,-,-,31.75361111,76.01083333,30-05-2021 08:00,7.84,1049,"",0,268,"",128,"",85,"","","",330,82,30,79,"","","","","","","","","","",""
885,Mawa Kalan,CGWB,2,Himachal Pradesh,26,UNA,AMB(T),AMB,Amb,-,-,-,-,-,-,31.75361111,76.01083333,04-02-2022 10:53,"",315,"",9,85,"",50,"",0,"",13,"",125,24,16,22,"","","","","","","","","","",""
886,Miserwala,CGWB,2,Himachal Pradesh,24,SIRMAUR,-,-,-,-,-,-,-,-,-,30.47913900,77.54436100,30-05-2019 08:00,8.55,492,"",71,131,"",28,"","","",14,"",242,63,20,13,"","","","","","","","","","",""
887,Miserwala,CGWB,2,Himachal Pradesh,24,SIRMAUR,-,-,-,-,-,-,-,-,-,30.47913900,77.54436100,30-05-2020 08:00,8.55,492,"","",131,"",28,"","","",14,"","",63,20,13,"","","","","","","","","","",""
888,Mubarikpur,CGWB,2,Himachal Pradesh,26,UNA,UNA(T),UNA,Mubarikpur,-,-,-,-,-,-,31.70416667,76.07083333,25-05-2000 00:00,7.6,466,"",0,126,103.28,49,"","","","","",150,28,19.48,"","","","","","","","","","","",""
889,Mubarikpur,CGWB,2,Himachal Pradesh,26,UNA,UNA(T),UNA,Mubarikpur,-,-,-,-,-,-,31.70416667,76.07083333,25-05-2003 00:00,7.44,670,"","",250,204.92,43,"","","","","",260,46,35.31,35,"","","","","","","","","","",""
890,Mubarikpur,CGWB,2,Himachal Pradesh,26,UNA,UNA(T),UNA,Mubarikpur,-,-,-,-,-,-,31.70416667,76.07083333,25-05-2004 00:00,7.34,711,"",0,342,280.33,43,"","","","","",355,62,48.7,26,"","","","","","","","","","",""
891,Mubarikpur,CGWB,2,Himachal Pradesh,26,UNA,UNA(T),UNA,Mubarikpur,-,-,-,-,-,-,31.70416667,76.07083333,25-05-2005 00:00,7.98,636,"","",281,230.33,35,"","","","","",307,70,32.18,14,"","","","","","","","","","",""
892,Mubarikpur,CGWB,2,Himachal Pradesh,26,UNA,UNA(T),UNA,Mubarikpur,-,-,-,-,-,-,31.70416667,76.07083333,25-05-2006 00:00,7.7,505,"","",214,175.41,43,"","","","","",255,45,10,17,"","","","","","","","","","",""
893,Mubarikpur,CGWB,2,Himachal Pradesh,26,UNA,UNA(T),UNA,Mubarikpur,-,-,-,-,-,-,31.70416667,76.07083333,25-05-2007 00:00,7.83,438,"","",159,130.33,36,"",38,"","","",193,38,24,23,"","","","","","","","","","",""
894,Mubarikpur,CGWB,2,Himachal Pradesh,26,UNA,UNA(T),UNA,Mubarikpur,-,-,-,-,-,-,31.70416667,76.07083333,25-05-2008 00:00,7.6,620,"","",293,240.16,35,"",35,"","","",320,76,32,21,"","","","","","","","","","",""
895,Mubarikpur,CGWB,2,Himachal Pradesh,26,UNA,UNA(T),UNA,Mubarikpur,-,-,-,-,-,-,31.70416667,76.07083333,25-05-2009 00:00,7.6,460,"","",134,109.84,25,"",38,"","","",180,20,32,22,"","","","","","","","","","",""
896,Mubarikpur,CGWB,2,Himachal Pradesh,26,UNA,UNA(T),UNA,Mubarikpur,-,-,-,-,-,-,31.70416667,76.07083333,25-05-2010 00:00,7,470,"","",164,134.43,39,"",30,"","","",192,28,30,29,"","","","","","","","","","",""
897,Mubarikpur,CGWB,2,Himachal Pradesh,26,UNA,UNA(T),UNA,Mubarikpur,-,-,-,-,-,-,31.70416667,76.07083333,25-05-2011 00:00,8.52,390,"",6,153,135.41,25,"",16,"","","",160,22,26,16,"","","","","","","","","","",""
898,Mubarikpur,CGWB,2,Himachal Pradesh,26,UNA,UNA(T),UNA,Mubarikpur,-,-,-,-,-,-,31.70416667,76.07083333,25-05-2012 00:00,7.67,440,"","",159,130.33,35,"",13,"","","",185,20,30,20,"","","","","","","","","","",""
899,Mubarikpur,CGWB,2,Himachal Pradesh,26,UNA,UNA(T),UNA,Mubarikpur,-,-,-,-,-,-,31.70416667,76.07083333,25-05-2013 00:00,7.89,490,"","",177,145.08,36,"",55,"","","",200,28,32,44,"","","","","","","","","","",""
900,Mubarikpur,CGWB,2,Himachal Pradesh,26,UNA,UNA(T),UNA,Mubarikpur,-,-,-,-,-,-,31.70416667,76.07083333,25-05-2014 00:00,10.1,330,"","",79.3,65,28,"",84,"","","",140,16,24.33,36,"","","","","","","","","","",""
901,Mubarikpur,CGWB,2,Himachal Pradesh,26,UNA,UNA(T),UNA,Mubarikpur,-,-,-,-,-,-,31.70416667,76.07083333,25-05-2015 00:00,10.1,330,"","",79.3,65,28,"",84,"","","",140,16,24.33,36.5,"","","","","","","","","","",""
902,Mubarikpur,CGWB,2,Himachal Pradesh,26,UNA,UNA(T),UNA,Mubarikpur,-,-,-,-,-,-,31.70416667,76.07083333,25-05-2018 00:00,8.4,579,0,36,122,0,78,"",21,"",0,"",0,36,29,48,"",0,0,"","","","","","","",""
903,Mubarikpur,CGWB,2,Himachal Pradesh,26,UNA,UNA(T),UNA,Mubarikpur,-,-,-,-,-,-,31.70416667,76.07083333,30-05-2019 08:00,8.25,410,"","",159,"",28,"","","",20,"",170,24,27,26,"","","","","","","","","","",""
904,Mubarikpur,CGWB,2,Himachal Pradesh,26,UNA,UNA(T),UNA,Mubarikpur,-,-,-,-,-,-,31.70416667,76.07083333,30-05-2020 08:00,8.25,410,"","",159,"",28,"","","",20,"","",24,27,26,"","","","","","","","","","",""
905,Mubarikpur,CGWB,2,Himachal Pradesh,26,UNA,UNA(T),UNA,Mubarikpur,-,-,-,-,-,-,31.70416667,76.07083333,30-05-2021 08:00,7.6,2130,"",0,445.373,"",447.3,"",48.6,"","","",350,72,41.3508,265.1,"","","","","","","","","","",""
906,Mubarikpur,CGWB,2,Himachal Pradesh,26,UNA,UNA(T),UNA,Mubarikpur,-,-,-,-,-,-,31.70416667,76.07083333,04-02-2022 16:36,"",410,"",18,85,"",75,"",0,"",8,"",180,22,30,18,"","","","","","","","","","",""
907,Nagrota,CGWB,2,Himachal Pradesh,18,KANGRA,KANGRA(T),KANGRA,Nagrota,-,-,-,-,-,-,32.10416667,76.37083333,25-05-2000 00:00,7.65,179,"",0,48,39.34,21,"","","","","",67,16,6.58,"","","","","","","","","","","",""
908,Nagrota,CGWB,2,Himachal Pradesh,18,KANGRA,KANGRA(T),KANGRA,Nagrota,-,-,-,-,-,-,32.10416667,76.37083333,25-05-2006 00:00,8.35,200,"",30,6.1,55,25,"","","","","",107,22,12,13,"","","","","","","","","","",""
909,Nagrota,CGWB,2,Himachal Pradesh,18,KANGRA,KANGRA(T),KANGRA,Nagrota,-,-,-,-,-,-,32.10416667,76.37083333,25-05-2007 00:00,7.42,205,"","",66,54.1,25,"",9.2,"","","",71,26,1.2,16,"","","","","","","","","","",""
910,Nagrota,CGWB,2,Himachal Pradesh,18,KANGRA,KANGRA(T),KANGRA,Nagrota,-,-,-,-,-,-,32.10416667,76.37083333,25-05-2018 00:00,8.17,178,0,0,73,0,28,"","","",0,"",0,20,2.43,21,"",0,0,"","","","","","","",""
911,Nagrota,CGWB,2,Himachal Pradesh,18,KANGRA,KANGRA(T),KANGRA,Nagrota,-,-,-,-,-,-,32.10416667,76.37083333,30-05-2019 08:00,7.75,580,282,0,278,"",48,"","","","","",293,87,18,40,"","","","","","","","","","",""
912,Nagrota,CGWB,2,Himachal Pradesh,18,KANGRA,KANGRA(T),KANGRA,Nagrota,-,-,-,-,-,-,32.10416667,76.37083333,30-05-2020 08:00,7.75,580,"","",278,"",48,"","","","","","",87,18,40,"","","","","","","","","","",""
913,Nagrota,CGWB,2,Himachal Pradesh,18,KANGRA,KANGRA(T),KANGRA,Nagrota,-,-,-,-,-,-,32.10416667,76.37083333,30-05-2021 08:00,7.8,1746,"",0,475.8,"",145.345,"",168,"","","",660,140,75.3424,97,"","","","","","","","","","",""
914,Nangran,CGWB,2,Himachal Pradesh,26,UNA,UNA(T),UNA,Nangran,-,-,-,-,-,-,31.39527778,76.29888889,25-05-2015 00:00,8.05,1000,"",0,561,459.84,188,"",128,"","","",400,16,87.55,220,"","","","","","","","","","",""
915,Nangran,CGWB,2,Himachal Pradesh,26,UNA,UNA(T),UNA,Nangran,-,-,-,-,-,-,31.39527778,76.29888889,25-05-2018 00:00,8.44,269,0,24,122,0,14,"",8.64,"",0,"",0,20,19,20,"",0,0,"","","","","","","",""
916,Nangran,CGWB,2,Himachal Pradesh,26,UNA,UNA(T),UNA,Nangran,-,-,-,-,-,-,31.39527778,76.29888889,30-05-2019 08:00,8.37,260,"",29,116,"",14,"","","",14,"",116,17,18,21,"","","","","","","","","","",""
917,Nangran,CGWB,2,Himachal Pradesh,26,UNA,UNA(T),UNA,Nangran,-,-,-,-,-,-,31.39527778,76.29888889,30-05-2020 08:00,8.37,260,"","",116,"",14,"","","",14,"","",17,18,21,"","","","","","","","","","",""
918,Nangran,CGWB,2,Himachal Pradesh,26,UNA,UNA(T),UNA,Nangran,-,-,-,-,-,-,31.39527778,76.29888889,30-05-2021 08:00,7.91,780,507,0,280.6,"",92.17,"",5,0.04,"","",270,84,14.592,54.9,"","","","","","","","","","",""
919,Nangran,CGWB,2,Himachal Pradesh,26,UNA,UNA(T),UNA,Nangran,-,-,-,-,-,-,31.39527778,76.29888889,01-04-2022 11:30,8.46,342,"",18,122,"",39,"",10,"",21,"",105,16,16,42,"","","","","","","","","","",""
920,Nariwala,CGWB,2,Himachal Pradesh,24,SIRMAUR,PAONTA SAHIB(T),PAONTA SAHIB,Nariwala,-,-,-,-,-,-,30.49027778,77.64027778,25-05-2005 00:00,7.9,430,"","",275,225.41,18,"","","","","",215,50,21.94,15,"","","","","","","","","","",""
921,Nariwala,CGWB,2,Himachal Pradesh,24,SIRMAUR,PAONTA SAHIB(T),PAONTA SAHIB,Nariwala,-,-,-,-,-,-,30.49027778,77.64027778,25-05-2006 00:00,7.9,430,"","","","","","","","","","",215,50,17,15,"","","","","","","","","","",""
922,Nariwala,CGWB,2,Himachal Pradesh,24,SIRMAUR,PAONTA SAHIB(T),PAONTA SAHIB,Nariwala,-,-,-,-,-,-,30.49027778,77.64027778,25-05-2007 00:00,7.79,285,"","",156,127.87,15,"","","","","",64,20,21,8,"","","","","","","","","","",""
923,Nariwala,CGWB,2,Himachal Pradesh,24,SIRMAUR,PAONTA SAHIB(T),PAONTA SAHIB,Nariwala,-,-,-,-,-,-,30.49027778,77.64027778,25-05-2008 00:00,8.2,425,"","",262,214.75,14,"",19,"","","",235,56,23,14,"","","","","","","","","","",""
924,Nariwala,CGWB,2,Himachal Pradesh,24,SIRMAUR,PAONTA SAHIB(T),PAONTA SAHIB,Nariwala,-,-,-,-,-,-,30.49027778,77.64027778,25-05-2009 00:00,8,280,"","",171,140.16,7.1,"",10,"","","",125,22,17,16,"","","","","","","","","","",""
925,Nawagran,CGWB,2,Himachal Pradesh,25,SOLAN,NALAGARH(T),NALAGARH,Nawagran,-,-,-,-,-,-,31.12277778,76.64611111,25-05-2002 00:00,7.36,560,"",0,281,230.33,17,"","","","","",215,56,18,29,"","","","","","","","","","",""
926,Nayagaon,CGWB,2,Himachal Pradesh,24,SIRMAUR,PAONTA SAHIB(T),PAONTA SAHIB,Nayagaon,-,-,-,-,-,-,30.48750000,77.52083333,25-05-2005 00:00,7.5,340,"","",122,100,15,"","","","","",170,42,15.85,9,"","","","","","","","","","",""
927,Nayagaon,CGWB,2,Himachal Pradesh,24,SIRMAUR,PAONTA SAHIB(T),PAONTA SAHIB,Nayagaon,-,-,-,-,-,-,30.48750000,77.52083333,25-05-2006 00:00,8.45,285,"",24,24,59.67,11,"","","","","",148,31,17,8.1,"","","","","","","","","","",""
928,Nayagaon,CGWB,2,Himachal Pradesh,24,SIRMAUR,PAONTA SAHIB(T),PAONTA SAHIB,Nayagaon,-,-,-,-,-,-,30.48750000,77.52083333,25-05-2007 00:00,7.44,237,"","",68,55.74,11,"",34,"","","",98,20,11,9,"","","","","","","","","","",""
929,Nayagaon,CGWB,2,Himachal Pradesh,24,SIRMAUR,PAONTA SAHIB(T),PAONTA SAHIB,Nayagaon,-,-,-,-,-,-,30.48750000,77.52083333,25-05-2008 00:00,7.9,328,"","",201,164.75,7.1,"",17,"","","",185,50,16,6.2,"","","","","","","","","","",""
930,Nayagaon,CGWB,2,Himachal Pradesh,24,SIRMAUR,PAONTA SAHIB(T),PAONTA SAHIB,Nayagaon,-,-,-,-,-,-,30.48750000,77.52083333,25-05-2009 00:00,8.2,240,"","",146,119.67,7.1,"","","","","",120,14,21,6.9,"","","","","","","","","","",""
931,Nayagaon,CGWB,2,Himachal Pradesh,24,SIRMAUR,PAONTA SAHIB(T),PAONTA SAHIB,Nayagaon,-,-,-,-,-,-,30.48750000,77.52083333,25-05-2010 00:00,7.95,230,"","",134,109.84,7.1,"","","","","",108,27,9.6,6,"","","","","","","","","","",""
932,Nayagaon,CGWB,2,Himachal Pradesh,24,SIRMAUR,PAONTA SAHIB(T),PAONTA SAHIB,Nayagaon,-,-,-,-,-,-,30.48750000,77.52083333,25-05-2011 00:00,8.16,390,"","",177,145.08,11,"",24,"","","",170,40,17,9.4,"","","","","","","","","","",""
933,Nayagaon,CGWB,2,Himachal Pradesh,24,SIRMAUR,PAONTA SAHIB(T),PAONTA SAHIB,Nayagaon,-,-,-,-,-,-,30.48750000,77.52083333,25-05-2012 00:00,7.75,300,"","",92,75.41,18,"",59,"","","",145,18,24,10.3,"","","","","","","","","","",""
934,Nayagaon,CGWB,2,Himachal Pradesh,24,SIRMAUR,PAONTA SAHIB(T),PAONTA SAHIB,Nayagaon,-,-,-,-,-,-,30.48750000,77.52083333,25-05-2014 00:00,7.77,250,"",0,110,90.16,11,"",36,"","","",130,26,15.84,6,"","","","","","","","","","",""
935,Nayagaon,CGWB,2,Himachal Pradesh,24,SIRMAUR,PAONTA SAHIB(T),PAONTA SAHIB,Nayagaon,-,-,-,-,-,-,30.48750000,77.52083333,25-05-2015 00:00,7.77,"","",0,110,90.16,11,"",36,"","","",130,26,15.84,6,"","","","","","","","","","",""
936,Old Kangra,CGWB,2,Himachal Pradesh,18,KANGRA,KANGRA(T),KANGRA,Old Kangra,-,-,-,-,-,-,32.09333333,76.26444444,25-05-2014 00:00,9.26,350,"",0.6,67.1,56,43,"",63,"","","",82,30,1.74,30,"","","","","","","","","","",""
937,Old Kangra,CGWB,2,Himachal Pradesh,18,KANGRA,KANGRA(T),KANGRA,Old Kangra,-,-,-,-,-,-,32.09333333,76.26444444,25-05-2015 00:00,9.26,350,"","",67.1,55,43,"",63,"","","",81.6,30,1.64,29.8,"","","","","","","","","","",""
938,Old Kangra,CGWB,2,Himachal Pradesh,18,KANGRA,KANGRA(T),KANGRA,Old Kangra,-,-,-,-,-,-,32.09333333,76.26444444,25-05-2018 00:00,8.49,397,0,24,134,0,21,"",22,"",0,"",0,52,9.72,13,"",0,0,"","","","","","","",""
939,Old Kangra,CGWB,2,Himachal Pradesh,18,KANGRA,KANGRA(T),KANGRA,Old Kangra,-,-,-,-,-,-,32.09333333,76.26444444,30-05-2019 08:00,8.47,362,"",48,110,"",13,"","","",29,"",160,40,"",25,"","","","","","","","","","",""
940,Old Kangra,CGWB,2,Himachal Pradesh,18,KANGRA,KANGRA(T),KANGRA,Old Kangra,-,-,-,-,-,-,32.09333333,76.26444444,30-05-2020 08:00,8.47,362,"","",110,"",13,"","","",29,"","",40,"",25,"","","","","","","","","","",""
941,Old Kangra,CGWB,2,Himachal Pradesh,18,KANGRA,KANGRA(T),KANGRA,Old Kangra,-,-,-,-,-,-,32.09333333,76.26444444,30-05-2021 08:00,7.5,1472,"",0,549,"",170.16,"",98,"","","",490,36,97.216,131.2,"","","","","","","","","","",""
942,Old Kangra,CGWB,2,Himachal Pradesh,18,KANGRA,KANGRA(T),KANGRA,Old Kangra,-,-,-,-,-,-,32.09333333,76.26444444,04-02-2022 11:04,"",320,"",12,116,"",36,"",0,"",13,"",125,26,15,24,"","","","","","","","","","",""
943,Pandtehr,CGWB,2,Himachal Pradesh,18,KANGRA,TEHSIL 4 (BAIJNATH),TEHSIL 4 (BAIJNATH),Pandtehr,-,-,-,-,-,-,31.78611111,76.29722222,25-05-2000 00:00,8.15,240,"",0,120,98.36,17,"","","","","",105,30,7.33,"","","","","","","","","","","",""
944,Pandtehr,CGWB,2,Himachal Pradesh,18,KANGRA,TEHSIL 4 (BAIJNATH),TEHSIL 4 (BAIJNATH),Pandtehr,-,-,-,-,-,-,31.78611111,76.29722222,25-05-2002 00:00,7.6,120,"","",43,35.25,14,"","","","","",50,14,3.66,7.7,"","","","","","","","","","",""
945,Pandtehr,CGWB,2,Himachal Pradesh,18,KANGRA,TEHSIL 4 (BAIJNATH),TEHSIL 4 (BAIJNATH),Pandtehr,-,-,-,-,-,-,31.78611111,76.29722222,25-05-2004 00:00,7.74,132,"",0,43,35.25,18,"","","","","",50,14,3.66,3.7,"","","","","","","","","","",""
946,Pandtehr,CGWB,2,Himachal Pradesh,18,KANGRA,TEHSIL 4 (BAIJNATH),TEHSIL 4 (BAIJNATH),Pandtehr,-,-,-,-,-,-,31.78611111,76.29722222,25-05-2006 00:00,8.8,140,"",24,6.8,45.57,18,"","","","","",56,14,5,9.6,"","","","","","","","","","",""
947,Pandtehr,CGWB,2,Himachal Pradesh,18,KANGRA,TEHSIL 4 (BAIJNATH),TEHSIL 4 (BAIJNATH),Pandtehr,-,-,-,-,-,-,31.78611111,76.29722222,25-05-2008 00:00,7.5,130,"","",49,40.16,14,"",43,"","","",85,16,11,12,"","","","","","","","","","",""
948,Pandtehr,CGWB,2,Himachal Pradesh,18,KANGRA,TEHSIL 4 (BAIJNATH),TEHSIL 4 (BAIJNATH),Pandtehr,-,-,-,-,-,-,31.78611111,76.29722222,25-05-2009 00:00,7.9,120,"","",58,47.54,3.5,"",10,"","","",50,12,4.8,7.8,"","","","","","","","","","",""
949,Pandtehr,CGWB,2,Himachal Pradesh,18,KANGRA,TEHSIL 4 (BAIJNATH),TEHSIL 4 (BAIJNATH),Pandtehr,-,-,-,-,-,-,31.78611111,76.29722222,25-05-2010 00:00,6.9,150,"","",50,40.98,25,"",5,"","","",66,18,5,11,"","","","","","","","","","",""
950,Pandtehr,CGWB,2,Himachal Pradesh,18,KANGRA,TEHSIL 4 (BAIJNATH),TEHSIL 4 (BAIJNATH),Pandtehr,-,-,-,-,-,-,31.78611111,76.29722222,25-05-2011 00:00,7.7,160,"","",61,50,14,"","","","","",60,16,4.8,8.2,"","","","","","","","","","",""
951,Pandtehr,CGWB,2,Himachal Pradesh,18,KANGRA,TEHSIL 4 (BAIJNATH),TEHSIL 4 (BAIJNATH),Pandtehr,-,-,-,-,-,-,31.78611111,76.29722222,25-05-2012 00:00,7.96,130,"","",47,38.52,18,"",5.1,"","","",45,12,3.6,8.8,"","","","","","","","","","",""
952,Pandtehr,CGWB,2,Himachal Pradesh,18,KANGRA,TEHSIL 4 (BAIJNATH),TEHSIL 4 (BAIJNATH),Pandtehr,-,-,-,-,-,-,31.78611111,76.29722222,25-05-2018 00:00,7.9,168,0,0,48,0,28,"",5,"",0,"",0,16,7,8,"",0,0,"","","","","","","",""
953,Pandtehr,CGWB,2,Himachal Pradesh,18,KANGRA,TEHSIL 4 (BAIJNATH),TEHSIL 4 (BAIJNATH),Pandtehr,-,-,-,-,-,-,31.78611111,76.29722222,04-02-2022 12:09,"",200,"",6,49,"",43,"",0,"",14,"",80,16,9.7,14,"","","","","","","","","","",""
954,Panjahra,CGWB,2,Himachal Pradesh,25,SOLAN,NALAGARH(T),NALAGARH,Panjahra,-,-,-,-,-,-,31.13611111,76.66722222,25-05-2000 00:00,7.7,384,"",0,197,161.48,21,"","","","","",150,38,13.42,"","","","","","","","","","","",""
955,Panjahra,CGWB,2,Himachal Pradesh,25,SOLAN,NALAGARH(T),NALAGARH,Panjahra,-,-,-,-,-,-,31.13611111,76.66722222,25-05-2001 00:00,7.96,360,"",0,140,114.75,21,"","","","","",135,30,14.62,31,"","","","","","","","","","",""
956,Panjahra,CGWB,2,Himachal Pradesh,25,SOLAN,NALAGARH(T),NALAGARH,Panjahra,-,-,-,-,-,-,31.13611111,76.66722222,25-05-2002 00:00,7.88,380,"",0,165,135.25,21,"","","","","",150,40,12.21,26,"","","","","","","","","","",""
957,Panjahra,CGWB,2,Himachal Pradesh,25,SOLAN,NALAGARH(T),NALAGARH,Panjahra,-,-,-,-,-,-,31.13611111,76.66722222,25-05-2003 00:00,8.02,365,"","",122,100,21,"","","","","",130,24,17.05,31,"","","","","","","","","","",""
958,Panjahra,CGWB,2,Himachal Pradesh,25,SOLAN,NALAGARH(T),NALAGARH,Panjahra,-,-,-,-,-,-,31.13611111,76.66722222,25-05-2006 00:00,7.6,425,"","",159,130.33,39,"","","","","",153,41,12,30,"","","","","","","","","","",""
959,Panjahra,CGWB,2,Himachal Pradesh,25,SOLAN,NALAGARH(T),NALAGARH,Panjahra,-,-,-,-,-,-,31.13611111,76.66722222,25-05-2009 00:00,8.1,300,"","",159,130.33,7.1,"",20,"","","",105,32,6,28,"","","","","","","","","","",""
960,Panjahra,CGWB,2,Himachal Pradesh,25,SOLAN,NALAGARH(T),NALAGARH,Panjahra,-,-,-,-,-,-,31.13611111,76.66722222,25-05-2010 00:00,7.65,292,"","",120,98.36,21,"","","","","",88,20,9.5,27,"","","","","","","","","","",""
961,Panjahra,CGWB,2,Himachal Pradesh,25,SOLAN,NALAGARH(T),NALAGARH,Panjahra,-,-,-,-,-,-,31.13611111,76.66722222,25-05-2011 00:00,8.5,320,"",6,146,129.67,18,"","","","","",115,28,11,20,"","","","","","","","","","",""
962,Panjahra,CGWB,2,Himachal Pradesh,25,SOLAN,NALAGARH(T),NALAGARH,Panjahra,-,-,-,-,-,-,31.13611111,76.66722222,25-05-2012 00:00,7.95,270,"","",140,114.75,14,"",19,"","","",110,20,15,20,"","","","","","","","","","",""
963,Panjahra,CGWB,2,Himachal Pradesh,25,SOLAN,NALAGARH(T),NALAGARH,Panjahra,-,-,-,-,-,-,31.13611111,76.66722222,25-05-2014 00:00,7.71,280,"",0,110,90.16,36,"",21,"","","",115,24,13.4,28,"","","","","","","","","","",""
964,Panjahra,CGWB,2,Himachal Pradesh,25,SOLAN,NALAGARH(T),NALAGARH,Panjahra,-,-,-,-,-,-,31.13611111,76.66722222,25-05-2018 00:00,8.07,359,0,0,183,0,21,"",12,"",0,"",0,32,12,36.3,"",0,0,"","","","","","","",""
965,Panjawar,CGWB,2,Himachal Pradesh,26,UNA,AMB(T),AMB,Amb,-,-,-,-,-,-,31.54361111,76.14055556,25-05-2014 00:00,7.68,960,"","",525,430.33,14,"",93,"","","",345,18,72.96,92,"","","","","","","","","","",""
966,Panjawar,CGWB,2,Himachal Pradesh,26,UNA,AMB(T),AMB,Amb,-,-,-,-,-,-,31.54361111,76.14055556,25-05-2015 00:00,7.68,960,"",0,525,430.33,14,"",93,"","","",345,18,72.96,91.6,"","","","","","","","","","",""
967,Panjawar,CGWB,2,Himachal Pradesh,26,UNA,AMB(T),AMB,Amb,-,-,-,-,-,-,31.54361111,76.14055556,25-05-2018 00:00,8.36,344,0,12,122,0,28,"",14,"",0,"",0,24,24,18,"",0,0,"","","","","","","",""
968,Panjawar,CGWB,2,Himachal Pradesh,26,UNA,AMB(T),AMB,Amb,-,-,-,-,-,-,31.54361111,76.14055556,30-05-2019 08:00,8.38,329,"",29,73,"",21,"","","",14,"",140,20,22,15,"","","","","","","","","","",""
969,Panjawar,CGWB,2,Himachal Pradesh,26,UNA,AMB(T),AMB,Amb,-,-,-,-,-,-,31.54361111,76.14055556,30-05-2020 08:00,8.38,329,"","",73,"",21,"","","",14,"","",20,22,15,"","","","","","","","","","",""
970,Panjawar,CGWB,2,Himachal Pradesh,26,UNA,AMB(T),AMB,Amb,-,-,-,-,-,-,31.54361111,76.14055556,30-05-2021 08:00,7.87,1610,1046.5,0,466,"",185,"",95,0.04,"","",380,58,57.152,180,"","","","","","","","","","",""
971,Panjawar,CGWB,2,Himachal Pradesh,26,UNA,AMB(T),AMB,Amb,-,-,-,-,-,-,31.54361111,76.14055556,04-02-2022 10:26,8.54,370,"",12,73,"",67,"",0,"",20,"",150,22,23,17,"","","","","","","","","","",""
972,Panjpir,CGWB,2,Himachal Pradesh,18,KANGRA,NURPUR(T),NURPUR,Panjpir,-,-,-,-,-,-,32.27916667,75.78750000,25-05-2003 00:00,8.07,250,"","",110,90.16,14,"","","","","",115,32,8.55,12,"","","","","","","","","","",""
973,Panjpir,CGWB,2,Himachal Pradesh,18,KANGRA,NURPUR(T),NURPUR,Panjpir,-,-,-,-,-,-,32.27916667,75.78750000,25-05-2004 00:00,7.65,242,"",0,122,100,14,"","","","","",105,34,4.9,11,"","","","","","","","","","",""
974,Panjpir,CGWB,2,Himachal Pradesh,18,KANGRA,NURPUR(T),NURPUR,Panjpir,-,-,-,-,-,-,32.27916667,75.78750000,25-05-2005 00:00,8.25,246,"","",130,106.56,11,"","","","","",120,36,7.34,9,"","","","","","","","","","",""
975,Panjpir,CGWB,2,Himachal Pradesh,18,KANGRA,NURPUR(T),NURPUR,Panjpir,-,-,-,-,-,-,32.27916667,75.78750000,25-05-2006 00:00,8,260,"","",140,114.75,18,"","","","","",133,41,7.4,11,"","","","","","","","","","",""
976,Panjpir,CGWB,2,Himachal Pradesh,18,KANGRA,NURPUR(T),NURPUR,Panjpir,-,-,-,-,-,-,32.27916667,75.78750000,25-05-2007 00:00,7.64,288,"","",134,109.84,14,"",13,"","","",122,47,1.3,12,"","","","","","","","","","",""
977,Panjpir,CGWB,2,Himachal Pradesh,18,KANGRA,NURPUR(T),NURPUR,Panjpir,-,-,-,-,-,-,32.27916667,75.78750000,25-05-2008 00:00,7.8,255,"","",116,95.08,14,"",31,"","","",130,34,11,13,"","","","","","","","","","",""
978,Panjpir,CGWB,2,Himachal Pradesh,18,KANGRA,NURPUR(T),NURPUR,Panjpir,-,-,-,-,-,-,32.27916667,75.78750000,25-05-2009 00:00,7.6,240,"","",116,95.08,7.1,"",22,"","","",115,30,9.7,9.9,"","","","","","","","","","",""
979,Panjpir,CGWB,2,Himachal Pradesh,18,KANGRA,NURPUR(T),NURPUR,Panjpir,-,-,-,-,-,-,32.27916667,75.78750000,25-05-2010 00:00,7.7,290,"","",156,127.87,18,"",3,"","","",137,51,2,14,"","","","","","","","","","",""
980,Panjpir,CGWB,2,Himachal Pradesh,18,KANGRA,NURPUR(T),NURPUR,Panjpir,-,-,-,-,-,-,32.27916667,75.78750000,25-05-2011 00:00,8.2,300,"","",153,125.41,11,"","","","","",120,36,7.3,13,"","","","","","","","","","",""
981,Panjpir,CGWB,2,Himachal Pradesh,18,KANGRA,NURPUR(T),NURPUR,Panjpir,-,-,-,-,-,-,32.27916667,75.78750000,25-05-2012 00:00,8.32,300,"",12,146,139.67,18,"",14,"","","",150,44,10,12,"","","","","","","","","","",""
982,Panjpir,CGWB,2,Himachal Pradesh,18,KANGRA,NURPUR(T),NURPUR,Panjpir,-,-,-,-,-,-,32.27916667,75.78750000,25-05-2013 00:00,8.6,280,"",6,128,114.92,18,"",9,"","","",125,32,11,15,"","","","","","","","","","",""
983,Panjpir,CGWB,2,Himachal Pradesh,18,KANGRA,NURPUR(T),NURPUR,Panjpir,-,-,-,-,-,-,32.27916667,75.78750000,25-05-2014 00:00,7.5,260,"","",153,125.41,11,"",22,"","","",138,38,10.5,11,"","","","","","","","","","",""
984,Panjpir,CGWB,2,Himachal Pradesh,18,KANGRA,NURPUR(T),NURPUR,Panjpir,-,-,-,-,-,-,32.27916667,75.78750000,25-05-2018 00:00,8.42,268,0,60,24,0,21,"",25,"",0,"",0,49,9.72,11.9,"",0,0,"","","","","","","",""
985,Panjpir,CGWB,2,Himachal Pradesh,18,KANGRA,NURPUR(T),NURPUR,Panjpir,-,-,-,-,-,-,32.27916667,75.78750000,30-05-2019 08:00,8.12,277,"","",171,"",14,"","","",30,"",110,28,9.73,26,"","","","","","","","","","",""
986,Panjpir,CGWB,2,Himachal Pradesh,18,KANGRA,NURPUR(T),NURPUR,Panjpir,-,-,-,-,-,-,32.27916667,75.78750000,30-05-2020 08:00,8.12,277,"","",171,"",14,"","","",30,"","",28,9.73,26,"","","","","","","","","","",""
987,Panjpir,CGWB,2,Himachal Pradesh,18,KANGRA,NURPUR(T),NURPUR,Panjpir,-,-,-,-,-,-,32.27916667,75.78750000,30-05-2021 08:00,7.46,146,"",0,36.612,"",24.815,"",9.6,"","","",40,10,3.6456,13.8,"","","","","","","","","","",""
988,Panjpir,CGWB,2,Himachal Pradesh,18,KANGRA,NURPUR(T),NURPUR,Panjpir,-,-,-,-,-,-,32.27916667,75.78750000,04-02-2022 16:45,"",258,"",0,122,"",36,"",0,"",10,"",120,40,4.9,11,"","","","","","","","","","",""
989,Panoh,CGWB,2,Himachal Pradesh,26,UNA,UNA(T),UNA,Panoh,-,-,-,-,-,-,31.53750000,76.20416667,25-05-2003 00:00,7.4,660,"","",311,254.92,39,"","","","","",165,30,21.92,88,"","","","","","","","","","",""
990,Panoh,CGWB,2,Himachal Pradesh,26,UNA,UNA(T),UNA,Panoh,-,-,-,-,-,-,31.53750000,76.20416667,25-05-2004 00:00,7.5,666,"",0,336,275.41,46,"","","","","",200,44,21.94,69,"","","","","","","","","","",""
991,Panoh,CGWB,2,Himachal Pradesh,26,UNA,UNA(T),UNA,Panoh,-,-,-,-,-,-,31.53750000,76.20416667,25-05-2005 00:00,8.03,696,"","",337,276.23,50,"","","","","",235,58,21.95,55,"","","","","","","","","","",""
992,Panoh,CGWB,2,Himachal Pradesh,26,UNA,UNA(T),UNA,Panoh,-,-,-,-,-,-,31.53750000,76.20416667,25-05-2006 00:00,8.28,527,"","",207,169.67,67,"","","","","",102,14,16.31,86,"","","","","","","","","","",""
993,Panoh,CGWB,2,Himachal Pradesh,26,UNA,UNA(T),UNA,Panoh,-,-,-,-,-,-,31.53750000,76.20416667,25-05-2007 00:00,7.67,611,"","",294,240.98,36,"",26,"","","",148,56,2.2,83,"","","","","","","","","","",""
994,Panoh,CGWB,2,Himachal Pradesh,26,UNA,UNA(T),UNA,Panoh,-,-,-,-,-,-,31.53750000,76.20416667,25-05-2008 00:00,7.7,570,"","",299,245.08,39,"",5,"","","",160,40,15,68,"","","","","","","","","","",""
995,Panoh,CGWB,2,Himachal Pradesh,26,UNA,UNA(T),UNA,Panoh,-,-,-,-,-,-,31.53750000,76.20416667,25-05-2009 00:00,7.4,450,"","",220,180.33,25,"",28,"","","",95,14,14,69,"","","","","","","","","","",""
996,Panoh,CGWB,2,Himachal Pradesh,26,UNA,UNA(T),UNA,Panoh,-,-,-,-,-,-,31.53750000,76.20416667,25-05-2010 00:00,7.82,440,"","",234,191.8,28,"",7,"","","",101,18,13,67,"","","","","","","","","","",""
997,Panoh,CGWB,2,Himachal Pradesh,26,UNA,UNA(T),UNA,Panoh,-,-,-,-,-,-,31.53750000,76.20416667,25-05-2011 00:00,8.6,530,"",4,238,201.75,28,"",20,"","","",135,14,24,62,"","","","","","","","","","",""
998,Panoh,CGWB,2,Himachal Pradesh,26,UNA,UNA(T),UNA,Panoh,-,-,-,-,-,-,31.53750000,76.20416667,25-05-2012 00:00,7.87,410,"","",208,170.49,32,"",10,"","","",85,10,15,66,"","","","","","","","","","",""
999,Panoh,CGWB,2,Himachal Pradesh,26,UNA,UNA(T),UNA,Panoh,-,-,-,-,-,-,31.53750000,76.20416667,25-05-2013 00:00,8.21,520,"","",287,235.25,28,"",60,"","","",150,34,16,89,"","","","","","","","","","",""
1000,Panoh,CGWB,2,Himachal Pradesh,26,UNA,UNA(T),UNA,Panoh,-,-,-,-,-,-,31.53750000,76.20416667,25-05-2014 00:00,7.61,510,"","",293,240.16,28,"",38,"","","",160,30,20.7,71,"","","","","","","","","","",""
1001,Panoh,CGWB,2,Himachal Pradesh,26,UNA,UNA(T),UNA,Panoh,-,-,-,-,-,-,31.53750000,76.20416667,25-05-2015 00:00,7.61,510,"",0,293,240.16,28,"",38,"","","",160,30,20.7,70.5,"","","","","","","","","","",""
1002,Panoh,CGWB,2,Himachal Pradesh,26,UNA,UNA(T),UNA,Panoh,-,-,-,-,-,-,31.53750000,76.20416667,25-05-2018 00:00,8.62,406,0,36,159,0,42,"",24,"",0,"",0,12,21,74,"",0,0,"","","","","","","",""
1003,Panoh,CGWB,2,Himachal Pradesh,26,UNA,UNA(T),UNA,Panoh,-,-,-,-,-,-,31.53750000,76.20416667,30-05-2019 08:00,7.48,445,"","",232,"",28,"","","",16,"",90,8,7.3,69,"","","","","","","","","","",""
1004,Panoh,CGWB,2,Himachal Pradesh,26,UNA,UNA(T),UNA,Panoh,-,-,-,-,-,-,31.53750000,76.20416667,30-05-2020 08:00,7.48,445,"","",232,"",28,"","","",16,"","",8,7.3,69,"","","","","","","","","","",""
1005,Panoh,CGWB,2,Himachal Pradesh,26,UNA,UNA(T),UNA,Panoh,-,-,-,-,-,-,31.53750000,76.20416667,30-05-2021 08:00,7.86,2310,1501.5,0,564,"",221,"",190,0.07,"","",580,62,103.36,260,"","","","","","","","","","",""
1006,Panoh,CGWB,2,Himachal Pradesh,26,UNA,UNA(T),UNA,Panoh,-,-,-,-,-,-,31.53750000,76.20416667,01-04-2022 10:38,8.69,440,"",24,134,"",67,"",0,"",21,"",95,26,7.3,70,"","","","","","","","","","",""
1007,Paprola,CGWB,2,Himachal Pradesh,18,KANGRA,TEHSIL 4 (BAIJNATH),TEHSIL 4 (BAIJNATH),Paprola,-,-,-,-,-,-,32.05416667,76.62361111,25-05-2000 00:00,7.6,473,"",0,95,77.87,83,"","","","","",138,43,7.47,"","","","","","","","","","","",""
1008,Paprola,CGWB,2,Himachal Pradesh,18,KANGRA,TEHSIL 4 (BAIJNATH),TEHSIL 4 (BAIJNATH),Paprola,-,-,-,-,-,-,32.05416667,76.62361111,25-05-2004 00:00,7.53,249,"",0,85,69.67,32,"","","","","",90,32,2.47,25,"","","","","","","","","","",""
1009,Paprola,CGWB,2,Himachal Pradesh,18,KANGRA,TEHSIL 4 (BAIJNATH),TEHSIL 4 (BAIJNATH),Paprola,-,-,-,-,-,-,32.05416667,76.62361111,25-05-2006 00:00,8.45,142,"",24,12,49.84,18,"","","","","",72,16,74,7.8,"","","","","","","","","","",""
1010,Paprola,CGWB,2,Himachal Pradesh,18,KANGRA,TEHSIL 4 (BAIJNATH),TEHSIL 4 (BAIJNATH),Paprola,-,-,-,-,-,-,32.05416667,76.62361111,25-05-2007 00:00,6.98,244,"","",79,64.75,18,"",17,"","","",92,24,7.4,11,"","","","","","","","","","",""
1011,Paprola,CGWB,2,Himachal Pradesh,18,KANGRA,TEHSIL 4 (BAIJNATH),TEHSIL 4 (BAIJNATH),Paprola,-,-,-,-,-,-,32.05416667,76.62361111,25-05-2008 00:00,7.65,225,"","",67,54.92,25,"","","","","",90,26,6,14,"","","","","","","","","","",""
1012,Paprola,CGWB,2,Himachal Pradesh,18,KANGRA,TEHSIL 4 (BAIJNATH),TEHSIL 4 (BAIJNATH),Paprola,-,-,-,-,-,-,32.05416667,76.62361111,25-05-2009 00:00,7.7,260,"","",67,54.92,21,"",8,"","","",80,26,3.6,13,"","","","","","","","","","",""
1013,Paprola,CGWB,2,Himachal Pradesh,18,KANGRA,TEHSIL 4 (BAIJNATH),TEHSIL 4 (BAIJNATH),Paprola,-,-,-,-,-,-,32.05416667,76.62361111,25-05-2011 00:00,7.82,230,"","",67,54.92,21,"",12,"","","",85,26,4.8,13,"","","","","","","","","","",""
1014,Paprola,CGWB,2,Himachal Pradesh,18,KANGRA,TEHSIL 4 (BAIJNATH),TEHSIL 4 (BAIJNATH),Paprola,-,-,-,-,-,-,32.05416667,76.62361111,25-05-2012 00:00,8.14,190,"","",43,35.25,28,"",9,"","","",65,18,5,11.2,"","","","","","","","","","",""
1015,Paprola,CGWB,2,Himachal Pradesh,18,KANGRA,TEHSIL 4 (BAIJNATH),TEHSIL 4 (BAIJNATH),Paprola,-,-,-,-,-,-,32.05416667,76.62361111,25-05-2018 00:00,8.02,196,0,0,61,0,28,"","","",0,"",0,28,2,11,"",0,0,"","","","","","","",""
1016,Paprola,CGWB,2,Himachal Pradesh,18,KANGRA,TEHSIL 4 (BAIJNATH),TEHSIL 4 (BAIJNATH),Paprola,-,-,-,-,-,-,32.05416667,76.62361111,30-05-2019 08:00,7.72,200,"","",85,"",21,"","","",6,"",70,24,"",20,"","","","","","","","","","",""
1017,Paprola,CGWB,2,Himachal Pradesh,18,KANGRA,TEHSIL 4 (BAIJNATH),TEHSIL 4 (BAIJNATH),Paprola,-,-,-,-,-,-,32.05416667,76.62361111,30-05-2020 08:00,7.72,200,"","",85,"",21,"","","",6,"","",24,"",20,"","","","","","","","","","",""
1018,Paprola,CGWB,2,Himachal Pradesh,18,KANGRA,TEHSIL 4 (BAIJNATH),TEHSIL 4 (BAIJNATH),Paprola,-,-,-,-,-,-,32.05416667,76.62361111,30-05-2021 08:00,7.5,2420,"",0,463.6,"",361.59,"",186,"","","",780,92,133.672,139.1,"","","","","","","","","","",""
1019,Paprola,CGWB,2,Himachal Pradesh,18,KANGRA,TEHSIL 4 (BAIJNATH),TEHSIL 4 (BAIJNATH),Paprola,-,-,-,-,-,-,32.05416667,76.62361111,04-02-2022 16:57,"",233,"",0,73,"",28,"",0,"",9,"",90,28,4.9,13,"","","","","","","","","","",""
1020,PARNALLA,CGWB,2,Himachal Pradesh,18,KANGRA,-,-,-,-,-,-,-,-,-,32.35722200,75.86138900,30-05-2019 08:00,8.32,200,"",24,85,"",6.7,"","","",12,"",100,24,"",12,"","","","","","","","","","",""
1021,PARNALLA,CGWB,2,Himachal Pradesh,18,KANGRA,-,-,-,-,-,-,-,-,-,32.35722200,75.86138900,30-05-2020 08:00,8.32,200,"","",85,"",6.7,"","","",12,"","",24,"",12,"","","","","","","","","","",""
1022,PARNALLA,CGWB,2,Himachal Pradesh,18,KANGRA,-,-,-,-,-,-,-,-,-,32.35722200,75.86138900,30-05-2021 08:00,7.7,1342,"",0,463.752,"",131.165,"",47.04,"","","",380,68,51.0384,128.8,"","","","","","","","","","",""
1023,Phalahi,CGWB,2,Himachal Pradesh,25,SOLAN,NALAGARH(T),NALAGARH,Phalahi,-,-,-,-,-,-,31.13472222,76.61388889,25-05-2000 00:00,7.7,384,"",0,197,161.48,21,"","","","","",150,38,13.42,"","","","","","","","","","","",""
1024,Phalahi,CGWB,2,Himachal Pradesh,25,SOLAN,NALAGARH(T),NALAGARH,Phalahi,-,-,-,-,-,-,31.13472222,76.61388889,25-05-2002 00:00,7.8,455,"",0,214,175.41,7.1,"","","","","",180,46,15.86,27,"","","","","","","","","","",""
1025,Phalahi,CGWB,2,Himachal Pradesh,25,SOLAN,NALAGARH(T),NALAGARH,Phalahi,-,-,-,-,-,-,31.13472222,76.61388889,25-05-2003 00:00,7.9,673,"","",378,309.84,14,"","","","","",240,60,21.95,45,"","","","","","","","","","",""
1026,Phalahi,CGWB,2,Himachal Pradesh,25,SOLAN,NALAGARH(T),NALAGARH,Phalahi,-,-,-,-,-,-,31.13472222,76.61388889,25-05-2004 00:00,7.46,510,"",0,258,211.48,18,"","","","","",240,49,28.63,14,"","","","","","","","","","",""
1027,Phalahi,CGWB,2,Himachal Pradesh,25,SOLAN,NALAGARH(T),NALAGARH,Phalahi,-,-,-,-,-,-,31.13472222,76.61388889,25-05-2005 00:00,7.65,425,"","",189,154.92,32,"","","","","",175,48,13,29,"","","","","","","","","","",""
1028,Phalahi,CGWB,2,Himachal Pradesh,25,SOLAN,NALAGARH(T),NALAGARH,Phalahi,-,-,-,-,-,-,31.13472222,76.61388889,25-05-2006 00:00,8.35,370,"",36,128,164.92,18,"","","","","",138,14,25,41,"","","","","","","","","","",""
1029,Phalahi,CGWB,2,Himachal Pradesh,25,SOLAN,NALAGARH(T),NALAGARH,Phalahi,-,-,-,-,-,-,31.13472222,76.61388889,25-05-2007 00:00,7.58,475,"","",251,205.74,15,"",11,"","","",179,37,21,33,"","","","","","","","","","",""
1030,Phalahi,CGWB,2,Himachal Pradesh,25,SOLAN,NALAGARH(T),NALAGARH,Phalahi,-,-,-,-,-,-,31.13472222,76.61388889,25-05-2008 00:00,7.65,550,"","",280,229.51,25,"",24,"","","",270,74,21,27,"","","","","","","","","","",""
1031,Phalahi,CGWB,2,Himachal Pradesh,25,SOLAN,NALAGARH(T),NALAGARH,Phalahi,-,-,-,-,-,-,31.13472222,76.61388889,25-05-2009 00:00,8,670,"","",238,195.08,21,"",44,"","","",280,70,26,31,"","","","","","","","","","",""
1032,Phalahi,CGWB,2,Himachal Pradesh,25,SOLAN,NALAGARH(T),NALAGARH,Phalahi,-,-,-,-,-,-,31.13472222,76.61388889,25-05-2010 00:00,7.65,445,"","",161,131.97,21,"","","","","",167,27,24,26,"","","","","","","","","","",""
1033,Phalahi,CGWB,2,Himachal Pradesh,25,SOLAN,NALAGARH(T),NALAGARH,Phalahi,-,-,-,-,-,-,31.13472222,76.61388889,25-05-2011 00:00,8.3,500,"",6,146,129.67,21,"",24,"","","",195,32,28,24,"","","","","","","","","","",""
1034,Phalahi,CGWB,2,Himachal Pradesh,25,SOLAN,NALAGARH(T),NALAGARH,Phalahi,-,-,-,-,-,-,31.13472222,76.61388889,25-05-2012 00:00,8.06,420,"","",128,104.92,28,"",15,"","","",165,22,27,32,"","","","","","","","","","",""
1035,Phalahi,CGWB,2,Himachal Pradesh,25,SOLAN,NALAGARH(T),NALAGARH,Phalahi,-,-,-,-,-,-,31.13472222,76.61388889,25-05-2015 00:00,7.44,550,"",0,226,185.25,25,"",44,"","","",230,36,34.08,32,"","","","","","","","","","",""
1036,Phalahi,CGWB,2,Himachal Pradesh,25,SOLAN,NALAGARH(T),NALAGARH,Phalahi,-,-,-,-,-,-,31.13472222,76.61388889,25-05-2018 00:00,8.09,459,0,0,183,0,35,"",15,"",0,"",0,36,14,49.3,"",0,0,"","","","","","","",""
1037,Raipur Marwadi,CGWB,2,Himachal Pradesh,26,UNA,AMB(T),AMB,Raipur Marwadi,-,-,-,-,-,-,31.80444444,75.98666667,25-05-2013 00:00,8.2,38,"","",153,125.41,18,"",15,"","","",165,38,17,12,"","","","","","","","","","",""
1038,Raipur Marwadi,CGWB,2,Himachal Pradesh,26,UNA,AMB(T),AMB,Raipur Marwadi,-,-,-,-,-,-,31.80444444,75.98666667,25-05-2014 00:00,7.51,400,"","",214,175.41,14,"",26,"","","",225,56,20.73,11,"","","","","","","","","","",""
1039,Raipur Marwadi,CGWB,2,Himachal Pradesh,26,UNA,AMB(T),AMB,Raipur Marwadi,-,-,-,-,-,-,31.80444444,75.98666667,25-05-2015 00:00,7.51,400,"",0,214,175.41,14,"",34,"","","",225,56,20.73,10.8,"","","","","","","","","","",""
1040,Raipur Marwadi,CGWB,2,Himachal Pradesh,26,UNA,AMB(T),AMB,Raipur Marwadi,-,-,-,-,-,-,31.80444444,75.98666667,25-05-2018 00:00,8.2,290,0,0,97,0,49,"",12,"",0,"",0,28,21,12.9,"",0,0,"","","","","","","",""
1041,Raipur Marwadi,CGWB,2,Himachal Pradesh,26,UNA,AMB(T),AMB,Raipur Marwadi,-,-,-,-,-,-,31.80444444,75.98666667,30-05-2019 08:00,8.1,325,"","",102,"",43,"","","",21,"",147,29,18,10,"","","","","","","","","","",""
1042,Raipur Marwadi,CGWB,2,Himachal Pradesh,26,UNA,AMB(T),AMB,Raipur Marwadi,-,-,-,-,-,-,31.80444444,75.98666667,30-05-2020 08:00,8.1,325,"","",102,"",43,"","","",21,"","",29,18,10,"","","","","","","","","","",""
1043,Raipur Marwadi,CGWB,2,Himachal Pradesh,26,UNA,AMB(T),AMB,Raipur Marwadi,-,-,-,-,-,-,31.80444444,75.98666667,30-05-2021 08:00,8.08,2750,"",0,561,"",484,"",153,"","","",550,48,105,304,"","","","","","","","","","",""
1044,Raipur Marwadi,CGWB,2,Himachal Pradesh,26,UNA,AMB(T),AMB,Raipur Marwadi,-,-,-,-,-,-,31.80444444,75.98666667,04-02-2022 10:44,"",280,"",12,67,"",50,"",0,"",23,"",120,34,8.5,15,"","","","","","","","","","",""
1045,Rait,CGWB,2,Himachal Pradesh,18,KANGRA,HARCHAKIAN(T),HARCHAKIAN,Rait,-,-,-,-,-,-,32.10000000,76.54583333,25-05-2000 00:00,7.61,345,"",0,112,91.8,45,"","","","","",128,35,9.89,"","","","","","","","","","","",""
1046,Rait,CGWB,2,Himachal Pradesh,18,KANGRA,HARCHAKIAN(T),HARCHAKIAN,Rait,-,-,-,-,-,-,32.10000000,76.54583333,25-05-2003 00:00,7.19,588,"","",244,200,25,"","","","","",210,48,21.94,21,"","","","","","","","","","",""
1047,Rait,CGWB,2,Himachal Pradesh,18,KANGRA,HARCHAKIAN(T),HARCHAKIAN,Rait,-,-,-,-,-,-,32.10000000,76.54583333,25-05-2004 00:00,7.5,528,"",0,226,185.25,21,"","","","","",205,56,15.87,27,"","","","","","","","","","",""
1048,Rait,CGWB,2,Himachal Pradesh,18,KANGRA,HARCHAKIAN(T),HARCHAKIAN,Rait,-,-,-,-,-,-,32.10000000,76.54583333,25-05-2005 00:00,8.27,596,"","",303,248.36,25,"","","","","",278,38,44.54,20,"","","","","","","","","","",""
1049,Rait,CGWB,2,Himachal Pradesh,18,KANGRA,HARCHAKIAN(T),HARCHAKIAN,Rait,-,-,-,-,-,-,32.10000000,76.54583333,25-05-2006 00:00,7.75,540,"","",293,240.16,32,"","","","","",296,86,19.8,15,"","","","","","","","","","",""
1050,Rait,CGWB,2,Himachal Pradesh,18,KANGRA,HARCHAKIAN(T),HARCHAKIAN,Rait,-,-,-,-,-,-,32.10000000,76.54583333,25-05-2007 00:00,7.93,369,"","",121,99.18,25,"",57,"","","",137,28,16,23,"","","","","","","","","","",""
1051,Rait,CGWB,2,Himachal Pradesh,18,KANGRA,HARCHAKIAN(T),HARCHAKIAN,Rait,-,-,-,-,-,-,32.10000000,76.54583333,25-05-2008 00:00,7.75,540,"","",336,275.41,18,"",30,"","","",300,96,15,13,"","","","","","","","","","",""
1052,Rait,CGWB,2,Himachal Pradesh,18,KANGRA,HARCHAKIAN(T),HARCHAKIAN,Rait,-,-,-,-,-,-,32.10000000,76.54583333,25-05-2009 00:00,7.9,520,"","",332,272.13,11,"",6,"","","",255,84,11,16,"","","","","","","","","","",""
1053,Rait,CGWB,2,Himachal Pradesh,18,KANGRA,HARCHAKIAN(T),HARCHAKIAN,Rait,-,-,-,-,-,-,32.10000000,76.54583333,25-05-2010 00:00,7.75,5770,"","",142,116.39,1928,"",340,"","","",465,121,39,1280,"","","","","","","","","","",""
1054,Rait,CGWB,2,Himachal Pradesh,18,KANGRA,HARCHAKIAN(T),HARCHAKIAN,Rait,-,-,-,-,-,-,32.10000000,76.54583333,25-05-2011 00:00,8.25,350,"","",140,114.75,25,"",12,"","","",140,38,11,19,"","","","","","","","","","",""
1055,Rait,CGWB,2,Himachal Pradesh,18,KANGRA,HARCHAKIAN(T),HARCHAKIAN,Rait,-,-,-,-,-,-,32.10000000,76.54583333,25-05-2012 00:00,8.35,120,"",12,37,50.33,14,"",7,"","","",60,12,3.7,8.1,"","","","","","","","","","",""
1056,Rait,CGWB,2,Himachal Pradesh,18,KANGRA,HARCHAKIAN(T),HARCHAKIAN,Rait,-,-,-,-,-,-,32.10000000,76.54583333,25-05-2013 00:00,8.17,300,"","",104,85.25,28,"",47,"","","",135,32,14,24,"","","","","","","","","","",""
1057,Rait,CGWB,2,Himachal Pradesh,18,KANGRA,HARCHAKIAN(T),HARCHAKIAN,Rait,-,-,-,-,-,-,32.10000000,76.54583333,25-05-2015 00:00,7.56,340,"",0,30.5,25,82,"",41,"","","",147.9,34,15.33,19.56,"","","","","","","","","","",""
1058,Rait,CGWB,2,Himachal Pradesh,18,KANGRA,HARCHAKIAN(T),HARCHAKIAN,Rait,-,-,-,-,-,-,32.10000000,76.54583333,25-05-2018 00:00,8.41,381,0,36,73,0,28,"",17,"",0,"",0,40,9.72,26,"",0,0,"","","","","","","",""
1059,Rait,CGWB,2,Himachal Pradesh,18,KANGRA,HARCHAKIAN(T),HARCHAKIAN,Rait,-,-,-,-,-,-,32.10000000,76.54583333,04-02-2022 16:18,"",430,"",0,207,160,"","",0,"","","","",40,15,"","","","","","","","","","","",""
1060,Raja-ka-talab,CGWB,2,Himachal Pradesh,18,KANGRA,NURPUR(T),NURPUR,Raja-ka-talab,-,-,-,-,-,-,32.20833333,75.92222222,25-05-2000 00:00,7.25,1760,"",0,107,87.7,10,"","","","","",143,16,25.06,"","","","","","","","","","","",""
1061,Raja-ka-talab,CGWB,2,Himachal Pradesh,18,KANGRA,NURPUR(T),NURPUR,Raja-ka-talab,-,-,-,-,-,-,32.20833333,75.92222222,25-05-2003 00:00,7.67,281,"","",128,104.92,7,"","","","","",135,44,6.13,4.8,"","","","","","","","","","",""
1062,Raja-ka-talab,CGWB,2,Himachal Pradesh,18,KANGRA,NURPUR(T),NURPUR,Raja-ka-talab,-,-,-,-,-,-,32.20833333,75.92222222,25-05-2005 00:00,8.02,176,"","",78,63.93,7.1,"","","","","",86,26,5.14,5.98,"","","","","","","","","","",""
1063,Raja-ka-talab,CGWB,2,Himachal Pradesh,18,KANGRA,NURPUR(T),NURPUR,Raja-ka-talab,-,-,-,-,-,-,32.20833333,75.92222222,25-05-2006 00:00,8.45,140,"",30,6.8,55.57,14,"","","","","",87,16,11,58,"","","","","","","","","","",""
1064,Raja-ka-talab,CGWB,2,Himachal Pradesh,18,KANGRA,NURPUR(T),NURPUR,Raja-ka-talab,-,-,-,-,-,-,32.20833333,75.92222222,25-05-2007 00:00,7.72,222,"","",96,78.69,14,"",6.8,"","","",97,30,6,7.6,"","","","","","","","","","",""
1065,Raja-ka-talab,CGWB,2,Himachal Pradesh,18,KANGRA,NURPUR(T),NURPUR,Raja-ka-talab,-,-,-,-,-,-,32.20833333,75.92222222,25-05-2008 00:00,7.4,185,"","",85,69.67,11,"",31,"","","",115,28,11,6.4,"","","","","","","","","","",""
1066,Raja-ka-talab,CGWB,2,Himachal Pradesh,18,KANGRA,NURPUR(T),NURPUR,Raja-ka-talab,-,-,-,-,-,-,32.20833333,75.92222222,25-05-2009 00:00,8,200,"","",104,85.25,7.1,"",4,"","","",100,26,8.5,6,"","","","","","","","","","",""
1067,Raja-ka-talab,CGWB,2,Himachal Pradesh,18,KANGRA,NURPUR(T),NURPUR,Raja-ka-talab,-,-,-,-,-,-,32.20833333,75.92222222,25-05-2010 00:00,7.3,225,"","",113,92.62,21,"","","","","",116,30,10,6,"","","","","","","","","","",""
1068,Raja-ka-talab,CGWB,2,Himachal Pradesh,18,KANGRA,NURPUR(T),NURPUR,Raja-ka-talab,-,-,-,-,-,-,32.20833333,75.92222222,25-05-2011 00:00,8.19,200,"","",104,85.25,11,"","","","","",85,28,3.6,9,"","","","","","","","","","",""
1069,Raja-ka-talab,CGWB,2,Himachal Pradesh,18,KANGRA,NURPUR(T),NURPUR,Raja-ka-talab,-,-,-,-,-,-,32.20833333,75.92222222,25-05-2012 00:00,7.55,200,"","",110,90.16,14,"",5,"","","",100,26,8.5,6.3,"","","","","","","","","","",""
1070,Raja-ka-talab,CGWB,2,Himachal Pradesh,18,KANGRA,NURPUR(T),NURPUR,Raja-ka-talab,-,-,-,-,-,-,32.20833333,75.92222222,25-05-2013 00:00,8.25,250,"","",91,74.59,18,"",4,"","","",95,26,7.3,6.8,"","","","","","","","","","",""
1071,Raja-ka-talab,CGWB,2,Himachal Pradesh,18,KANGRA,NURPUR(T),NURPUR,Raja-ka-talab,-,-,-,-,-,-,32.20833333,75.92222222,25-05-2014 00:00,7.75,230,"",0,98,80.33,21,"",10,"","","",110,28,9.76,7,"","","","","","","","","","",""
1072,Raja-ka-talab,CGWB,2,Himachal Pradesh,18,KANGRA,NURPUR(T),NURPUR,Raja-ka-talab,-,-,-,-,-,-,32.20833333,75.92222222,25-05-2015 00:00,7.75,230,"",0,98,80.33,21,"",10,"","","",110,28,10,6.7,"","","","","","","","","","",""
1073,Raja-ka-talab,CGWB,2,Himachal Pradesh,18,KANGRA,NURPUR(T),NURPUR,Raja-ka-talab,-,-,-,-,-,-,32.20833333,75.92222222,25-05-2018 00:00,8.34,255,0,36,85,0,21,"","","",0,"",0,42,8.51,13,"",0,0,"","","","","","","",""
1074,Raja-ka-talab,CGWB,2,Himachal Pradesh,18,KANGRA,NURPUR(T),NURPUR,Raja-ka-talab,-,-,-,-,-,-,32.20833333,75.92222222,04-02-2022 12:08,"",320,"",12,98,"",14,"",48,"",36,"",170,36,19,6,"","","","","","","","","","",""
1075,Rajli Panjal,CGWB,2,Himachal Pradesh,26,UNA,UNA(T),UNA,Rajli Panjal,-,-,-,-,-,-,31.53527778,76.40638889,25-05-2007 00:00,7.46,522,"","",224,183.61,37,"",19,"","","",226,45,27,24,"","","","","","","","","","",""
1076,Rajli Panjal,CGWB,2,Himachal Pradesh,26,UNA,UNA(T),UNA,Rajli Panjal,-,-,-,-,-,-,31.53527778,76.40638889,25-05-2008 00:00,7.6,580,"","",311,254.92,39,"","","","","",270,96,7.3,25,"","","","","","","","","","",""
1077,Rajli Panjal,CGWB,2,Himachal Pradesh,26,UNA,UNA(T),UNA,Rajli Panjal,-,-,-,-,-,-,31.53527778,76.40638889,25-05-2009 00:00,7.5,600,"","",305,250,25,"",24,"","","",275,62,29,23,"","","","","","","","","","",""
1078,Rajli Panjal,CGWB,2,Himachal Pradesh,26,UNA,UNA(T),UNA,Rajli Panjal,-,-,-,-,-,-,31.53527778,76.40638889,25-05-2010 00:00,7.7,435,"","",178,145.9,35,"",20,"","","",177,28,26,31,"","","","","","","","","","",""
1079,Rajli Panjal,CGWB,2,Himachal Pradesh,26,UNA,UNA(T),UNA,Rajli Panjal,-,-,-,-,-,-,31.53527778,76.40638889,25-05-2011 00:00,8.25,600,"","",244,200,50,"",24,"","","",205,34,29,46,"","","","","","","","","","",""
1080,Rajli Panjal,CGWB,2,Himachal Pradesh,26,UNA,UNA(T),UNA,Rajli Panjal,-,-,-,-,-,-,31.53527778,76.40638889,25-05-2012 00:00,7.97,500,"","",201,164.75,50,"",30,"","","",210,26,36,34,"","","","","","","","","","",""
1081,Rajli Panjal,CGWB,2,Himachal Pradesh,26,UNA,UNA(T),UNA,Rajli Panjal,-,-,-,-,-,-,31.53527778,76.40638889,25-05-2013 00:00,8.06,690,"","",305,250,64,"",66,"","","",326,28,62,49,"","","","","","","","","","",""
1082,Rajli Panjal,CGWB,2,Himachal Pradesh,26,UNA,UNA(T),UNA,Rajli Panjal,-,-,-,-,-,-,31.53527778,76.40638889,25-05-2015 00:00,7.67,600,"",0,262,214.75,64,"",33,"","","",235,"",57.14,"","","","","","","","","","","",""
1083,Rajli Panjal,CGWB,2,Himachal Pradesh,26,UNA,UNA(T),UNA,Rajli Panjal,-,-,-,-,-,-,31.53527778,76.40638889,25-05-2018 00:00,8.78,768,0,36,268,0,63,"",25,"",0,"",0,12,12,149,"",0,0,"","","","","","","",""
1084,Rajli Panjal,CGWB,2,Himachal Pradesh,26,UNA,UNA(T),UNA,Rajli Panjal,-,-,-,-,-,-,31.53527778,76.40638889,30-05-2019 08:00,8.38,705,"",36,146,"",35,"","","",18,"",230,16,46,70,"","","","","","","","","","",""
1085,Rajli Panjal,CGWB,2,Himachal Pradesh,26,UNA,UNA(T),UNA,Rajli Panjal,-,-,-,-,-,-,31.53527778,76.40638889,30-05-2020 08:00,8.38,705,"","",146,"",35,"","","",18,"","",16,46,70,"","","","","","","","","","",""
1086,Rajli Panjal,CGWB,2,Himachal Pradesh,26,UNA,UNA(T),UNA,Rajli Panjal,-,-,-,-,-,-,31.53527778,76.40638889,30-05-2021 08:00,8.01,1880,1222,0,405,"",221,"",205,0.04,"","",350,42,59.584,215,"","","","","","","","","","",""
1087,Rakar,CGWB,2,Himachal Pradesh,18,KANGRA,TEHSIL 1 (RAKKAR)(T),TEHSIL 1 (RAKKAR),Rakar,-,-,-,-,-,-,31.78333333,76.24166667,25-05-2003 00:00,8,350,"","",165,135.25,21,"","","","","",145,30,17.06,20,"","","","","","","","","","",""
1088,Rakar,CGWB,2,Himachal Pradesh,18,KANGRA,TEHSIL 1 (RAKKAR)(T),TEHSIL 1 (RAKKAR),Rakar,-,-,-,-,-,-,31.78333333,76.24166667,25-05-2004 00:00,7.49,564,"",0,305,250,21,"","","","","",265,58,29.25,12,"","","","","","","","","","",""
1089,Rakar,CGWB,2,Himachal Pradesh,18,KANGRA,TEHSIL 1 (RAKKAR)(T),TEHSIL 1 (RAKKAR),Rakar,-,-,-,-,-,-,31.78333333,76.24166667,25-05-2005 00:00,8.28,457,"","",246,201.64,18,"","","","","",220,40,29.22,8.2,"","","","","","","","","","",""
1090,Rakar,CGWB,2,Himachal Pradesh,18,KANGRA,TEHSIL 1 (RAKKAR)(T),TEHSIL 1 (RAKKAR),Rakar,-,-,-,-,-,-,31.78333333,76.24166667,25-05-2006 00:00,8.1,290,"","",171,140.16,21,"","","","","",138,24,19,15,"","","","","","","","","","",""
1091,Rakar,CGWB,2,Himachal Pradesh,18,KANGRA,TEHSIL 1 (RAKKAR)(T),TEHSIL 1 (RAKKAR),Rakar,-,-,-,-,-,-,31.78333333,76.24166667,25-05-2008 00:00,7.55,490,"","",293,240.16,21,"",9.5,"","","",240,62,21,20,"","","","","","","","","","",""
1092,Rakar,CGWB,2,Himachal Pradesh,18,KANGRA,TEHSIL 1 (RAKKAR)(T),TEHSIL 1 (RAKKAR),Rakar,-,-,-,-,-,-,31.78333333,76.24166667,25-05-2009 00:00,7.7,550,"","",299,245.08,14,"",30,"","","",255,64,23,21,"","","","","","","","","","",""
1093,Rakar,CGWB,2,Himachal Pradesh,18,KANGRA,TEHSIL 1 (RAKKAR)(T),TEHSIL 1 (RAKKAR),Rakar,-,-,-,-,-,-,31.78333333,76.24166667,25-05-2010 00:00,7.8,350,"","",185,151.64,21,"",10,"","","",147,24,21,23,"","","","","","","","","","",""
1094,Rakar,CGWB,2,Himachal Pradesh,18,KANGRA,TEHSIL 1 (RAKKAR)(T),TEHSIL 1 (RAKKAR),Rakar,-,-,-,-,-,-,31.78333333,76.24166667,25-05-2011 00:00,8,480,"","",226,185.25,28,"",12,"","","",205,46,22,20,"","","","","","","","","","",""
1095,Rakar,CGWB,2,Himachal Pradesh,18,KANGRA,TEHSIL 1 (RAKKAR)(T),TEHSIL 1 (RAKKAR),Rakar,-,-,-,-,-,-,31.78333333,76.24166667,25-05-2012 00:00,7.81,340,"","",179,146.72,28,"","","","","",145,18,12,18,"","","","","","","","","","",""
1096,Rakar,CGWB,2,Himachal Pradesh,18,KANGRA,TEHSIL 1 (RAKKAR)(T),TEHSIL 1 (RAKKAR),Rakar,-,-,-,-,-,-,31.78333333,76.24166667,25-05-2013 00:00,8.35,410,"","",189,154.92,39,"",101,"","","",275,48,38,23,"","","","","","","","","","",""
1097,Rakar,CGWB,2,Himachal Pradesh,18,KANGRA,TEHSIL 1 (RAKKAR)(T),TEHSIL 1 (RAKKAR),Rakar,-,-,-,-,-,-,31.78333333,76.24166667,25-05-2015 00:00,7.73,390,"",0,165,135.25,43,"",35,"","","",178.5,28.06,26.38,23.8,"","","","","","","","","","",""
1098,Rakar,CGWB,2,Himachal Pradesh,18,KANGRA,TEHSIL 1 (RAKKAR)(T),TEHSIL 1 (RAKKAR),Rakar,-,-,-,-,-,-,31.78333333,76.24166667,25-05-2018 00:00,8.37,422,0,36,73,0,43,"",28,"",0,"",0,32,29,9,"",0,0,"","","","","","","",""
1099,Rakar,CGWB,2,Himachal Pradesh,18,KANGRA,TEHSIL 1 (RAKKAR)(T),TEHSIL 1 (RAKKAR),Rakar,-,-,-,-,-,-,31.78333333,76.24166667,04-02-2022 11:47,"",380,"",18,128,"",60,"",0,"",22,"",170,22,28,25,"","","","","","","","","","",""
1100,Rampur Paswala,CGWB,2,Himachal Pradesh,25,SOLAN,NALAGARH(T),NALAGARH,Rampur Paswala,-,-,-,-,-,-,31.05250000,76.63333333,25-05-2001 00:00,7.3,600,"",0,367,300.82,24,"","","","","",306,94,17,36,"","","","","","","","","","",""
1101,Ratti,CGWB,2,Himachal Pradesh,22,MANDI,SUNDARNAGAR(T),SUNDARNAGAR,Ratti,-,-,-,-,-,-,31.60000000,76.90000000,25-05-2002 00:00,8.01,427,"","",177,145.08,25,"","","","","",200,68,7.38,12,"","","","","","","","","","",""
1102,Ratti,CGWB,2,Himachal Pradesh,22,MANDI,SUNDARNAGAR(T),SUNDARNAGAR,Ratti,-,-,-,-,-,-,31.60000000,76.90000000,25-05-2003 00:00,7.75,511,"","",244,200,32,"","","","","",185,68,3.73,19,"","","","","","","","","","",""
1103,Ratti,CGWB,2,Himachal Pradesh,22,MANDI,SUNDARNAGAR(T),SUNDARNAGAR,Ratti,-,-,-,-,-,-,31.60000000,76.90000000,25-05-2004 00:00,7.91,482,"",0,226,185.25,32,"","","","","",215,52,20.73,23,"","","","","","","","","","",""
1104,Ratti,CGWB,2,Himachal Pradesh,22,MANDI,SUNDARNAGAR(T),SUNDARNAGAR,Ratti,-,-,-,-,-,-,31.60000000,76.90000000,25-05-2005 00:00,7.75,470,"","",231,189.34,32,"","","","","",231,70,13.7,19,"","","","","","","","","","",""
1105,Ratti,CGWB,2,Himachal Pradesh,22,MANDI,SUNDARNAGAR(T),SUNDARNAGAR,Ratti,-,-,-,-,-,-,31.60000000,76.90000000,25-05-2006 00:00,8,435,"","",220,180.33,28,"","","","","",214,61,15,13,"","","","","","","","","","",""
1106,Ratti,CGWB,2,Himachal Pradesh,22,MANDI,SUNDARNAGAR(T),SUNDARNAGAR,Ratti,-,-,-,-,-,-,31.60000000,76.90000000,25-05-2007 00:00,7.55,392,"","",184,150.82,25,"",22,"","","",178,65,3.6,16,"","","","","","","","","","",""
1107,Ratti,CGWB,2,Himachal Pradesh,22,MANDI,SUNDARNAGAR(T),SUNDARNAGAR,Ratti,-,-,-,-,-,-,31.60000000,76.90000000,25-05-2008 00:00,8.1,445,"","",214,175.41,35,"",14,"","","",220,74,8.5,16,"","","","","","","","","","",""
1108,Ratti,CGWB,2,Himachal Pradesh,22,MANDI,SUNDARNAGAR(T),SUNDARNAGAR,Ratti,-,-,-,-,-,-,31.60000000,76.90000000,25-05-2009 00:00,7.8,460,"","",201,164.75,18,"",36,"","","",215,68,11,14,"","","","","","","","","","",""
1109,Ratti,CGWB,2,Himachal Pradesh,22,MANDI,SUNDARNAGAR(T),SUNDARNAGAR,Ratti,-,-,-,-,-,-,31.60000000,76.90000000,25-05-2010 00:00,7.6,460,"","",228,186.89,14,"","","","","",196,55,14,17,"","","","","","","","","","",""
1110,Ratti,CGWB,2,Himachal Pradesh,22,MANDI,SUNDARNAGAR(T),SUNDARNAGAR,Ratti,-,-,-,-,-,-,31.60000000,76.90000000,25-05-2011 00:00,8.25,400,"","",159,130.33,39,"","","","","",155,38,15,20,"","","","","","","","","","",""
1111,Ratti,CGWB,2,Himachal Pradesh,22,MANDI,SUNDARNAGAR(T),SUNDARNAGAR,Ratti,-,-,-,-,-,-,31.60000000,76.90000000,25-05-2012 00:00,7.76,350,"","",110,90.16,39,"",4,"","","",125,22,17,20,"","","","","","","","","","",""
1112,Ratti,CGWB,2,Himachal Pradesh,22,MANDI,SUNDARNAGAR(T),SUNDARNAGAR,Ratti,-,-,-,-,-,-,31.60000000,76.90000000,25-05-2018 00:00,8.28,436,0,0,134,0,85,"",57,"",0,"",0,20,44,30,"",0,0,"","","","","","","",""
1113,Ratti,CGWB,2,Himachal Pradesh,22,MANDI,SUNDARNAGAR(T),SUNDARNAGAR,Ratti,-,-,-,-,-,-,31.60000000,76.90000000,30-05-2021 08:00,7.63,1610,1046.5,0,527,"",185,"",54,0.11,"","",320,62,40.128,208,"","","","","","","","","","",""
1114,Riali,CGWB,2,Himachal Pradesh,18,KANGRA,FATEHPUR(T),FATEHPUR,Riali,-,-,-,-,-,-,32.02055556,75.80166667,04-02-2022 16:05,8.24,320,"",0,134,"",28,"",24,"",9,"",150,24,22,12,"","","","","","","","","","",""
1115,Sainwala II,CGWB,2,Himachal Pradesh,24,SIRMAUR,-,-,-,-,-,-,-,-,-,30.53852800,77.25236100,30-05-2019 08:00,8.36,481,"",29,102,"",43,"","","",19,"",189,21,33,24,"","","","","","","","","","",""
1116,Sainwala II,CGWB,2,Himachal Pradesh,24,SIRMAUR,-,-,-,-,-,-,-,-,-,30.53852800,77.25236100,30-05-2020 08:00,8.36,481,"","",102,"",43,"","","",19,"","",21,33,24,"","","","","","","","","","",""
1117,Santokhgarh,CGWB,2,Himachal Pradesh,26,UNA,UNA(T),UNA,Santokhgarh,-,-,-,-,-,-,31.35583333,76.31722222,25-05-2015 00:00,10.4,430,"","",73.2,60,10,"",2,"","","",200,10,42.56,11.2,"","","","","","","","","","",""
1118,Santokhgarh,CGWB,2,Himachal Pradesh,26,UNA,UNA(T),UNA,Santokhgarh,-,-,-,-,-,-,31.35583333,76.31722222,25-05-2018 00:00,8.02,513,0,0,207,0,28,"",94,"",0,"",0,56,29,28,"",0,0,"","","","","","","",""
1119,Santokhgarh,CGWB,2,Himachal Pradesh,26,UNA,UNA(T),UNA,Santokhgarh,-,-,-,-,-,-,31.35583333,76.31722222,30-05-2019 08:00,8.38,523,"",43,102,"",64,"","","",17,"",210,21,38,26,"","","","","","","","","","",""
1120,Santokhgarh,CGWB,2,Himachal Pradesh,26,UNA,UNA(T),UNA,Santokhgarh,-,-,-,-,-,-,31.35583333,76.31722222,30-05-2020 08:00,8.38,523,"","",102,"",64,"","","",17,"","",21,38,26,"","","","","","","","","","",""
1121,Santokhgarh,CGWB,2,Himachal Pradesh,26,UNA,UNA(T),UNA,Santokhgarh,-,-,-,-,-,-,31.35583333,76.31722222,30-05-2021 08:00,7.75,1680,1092,0,520,"",283.6,"",5,0.04,"","",410,80,51.072,188,"","","","","","","","","","",""
1122,Santokhgarh,CGWB,2,Himachal Pradesh,26,UNA,UNA(T),UNA,Santokhgarh,-,-,-,-,-,-,31.35583333,76.31722222,04-02-2022 16:11,"",574,"",12,104,"",156,"",0,"",23,"",205,50,19,52,"","","","","","","","","","",""
1123,Shambuwala,CGWB,2,Himachal Pradesh,24,SIRMAUR,NAHAN(T),NAHAN,Shambuwala,-,-,-,-,-,-,30.52500000,77.32083333,25-05-2003 00:00,7.83,225,"","",98,80.33,11,"","","","","",130,32,12.2,5,"","","","","","","","","","",""
1124,Shambuwala,CGWB,2,Himachal Pradesh,24,SIRMAUR,NAHAN(T),NAHAN,Shambuwala,-,-,-,-,-,-,30.52500000,77.32083333,25-05-2004 00:00,7.81,287,"",0,159,130.33,11,"","","","","",145,38,12.2,6.7,"","","","","","","","","","",""
1125,Shambuwala,CGWB,2,Himachal Pradesh,24,SIRMAUR,NAHAN(T),NAHAN,Shambuwala,-,-,-,-,-,-,30.52500000,77.32083333,25-05-2005 00:00,7.55,250,"","",165,135.25,15,"","","","","",140,46,6.13,5.2,"","","","","","","","","","",""
1126,Shambuwala,CGWB,2,Himachal Pradesh,24,SIRMAUR,NAHAN(T),NAHAN,Shambuwala,-,-,-,-,-,-,30.52500000,77.32083333,25-05-2006 00:00,7.9,225,"","",134,109.84,11,"","","","","",128,35,10,3.9,"","","","","","","","","","",""
1127,Shambuwala,CGWB,2,Himachal Pradesh,24,SIRMAUR,NAHAN(T),NAHAN,Shambuwala,-,-,-,-,-,-,30.52500000,77.32083333,25-05-2007 00:00,7.78,292,"","",170,139.34,7.4,"",5,"","","",154,49,7.4,5,"","","","","","","","","","",""
1128,Shambuwala,CGWB,2,Himachal Pradesh,24,SIRMAUR,NAHAN(T),NAHAN,Shambuwala,-,-,-,-,-,-,30.52500000,77.32083333,25-05-2008 00:00,8,430,"","",262,214.75,11,"",43,"","","",280,86,16,4.3,"","","","","","","","","","",""
1129,Shambuwala,CGWB,2,Himachal Pradesh,24,SIRMAUR,NAHAN(T),NAHAN,Shambuwala,-,-,-,-,-,-,30.52500000,77.32083333,25-05-2009 00:00,8.1,210,"","",122,100,7.1,"",12,"","","",115,32,8.5,5,"","","","","","","","","","",""
1130,Shambuwala,CGWB,2,Himachal Pradesh,24,SIRMAUR,NAHAN(T),NAHAN,Shambuwala,-,-,-,-,-,-,30.52500000,77.32083333,25-05-2010 00:00,7.65,260,"","",161,131.97,7.1,"",18,"","","",116,39,24,2.7,"","","","","","","","","","",""
1131,Shambuwala,CGWB,2,Himachal Pradesh,24,SIRMAUR,NAHAN(T),NAHAN,Shambuwala,-,-,-,-,-,-,30.52500000,77.32083333,25-05-2011 00:00,8.25,230,"","",128,104.92,7.1,"","","","","",115,36,6,3.6,"","","","","","","","","","",""
1132,Shambuwala,CGWB,2,Himachal Pradesh,24,SIRMAUR,NAHAN(T),NAHAN,Shambuwala,-,-,-,-,-,-,30.52500000,77.32083333,25-05-2012 00:00,8.09,180,"","",98,80.33,11,"",9,"","","",100,20,12,4.2,"","","","","","","","","","",""
1133,Shambuwala,CGWB,2,Himachal Pradesh,24,SIRMAUR,NAHAN(T),NAHAN,Shambuwala,-,-,-,-,-,-,30.52500000,77.32083333,25-05-2014 00:00,7.63,210,"",0,98,80.33,11,"",12,"","","",100,26,8.54,4,"","","","","","","","","","",""
1134,Shambuwala,CGWB,2,Himachal Pradesh,24,SIRMAUR,NAHAN(T),NAHAN,Shambuwala,-,-,-,-,-,-,30.52500000,77.32083333,25-05-2018 00:00,8.3,1976,0,12,61,0,14,"",12,"",0,"",0,28,7,2.2,"",0,0,"","","","","","","",""
1135,Shambuwala,CGWB,2,Himachal Pradesh,24,SIRMAUR,NAHAN(T),NAHAN,Shambuwala,-,-,-,-,-,-,30.52500000,77.32083333,30-05-2021 08:00,8.15,1900,1235,0,488,"",304.87,"",111,0.11,"","",330,72,36.48,220,"","","","","","","","","","",""
1136,Shibpur,CGWB,2,Himachal Pradesh,24,SIRMAUR,PAONTA SAHIB(T),PAONTA SAHIB,Shibpur,-,-,-,-,-,-,30.47500000,77.67083333,25-05-2003 00:00,8.2,614,"","",159,130.33,28,"","","","","",300,80,24.41,15,"","","","","","","","","","",""
1137,Shibpur,CGWB,2,Himachal Pradesh,24,SIRMAUR,PAONTA SAHIB(T),PAONTA SAHIB,Shibpur,-,-,-,-,-,-,30.47500000,77.67083333,25-05-2005 00:00,7.65,460,"","",287,235.25,21,"","","","","",250,44,34.09,9.9,"","","","","","","","","","",""
1138,Shibpur,CGWB,2,Himachal Pradesh,24,SIRMAUR,PAONTA SAHIB(T),PAONTA SAHIB,Shibpur,-,-,-,-,-,-,30.47500000,77.67083333,25-05-2006 00:00,7.65,460,"","",287,235.25,21,"","","","","",250,44,34.09,9.9,"","","","","","","","","","",""
1139,Shibpur,CGWB,2,Himachal Pradesh,24,SIRMAUR,PAONTA SAHIB(T),PAONTA SAHIB,Shibpur,-,-,-,-,-,-,30.47500000,77.67083333,25-05-2007 00:00,7.7,571,"","",109,89.34,26,"",120,"","","",251,63,22,17,"","","","","","","","","","",""
1140,Shibpur,CGWB,2,Himachal Pradesh,24,SIRMAUR,PAONTA SAHIB(T),PAONTA SAHIB,Shibpur,-,-,-,-,-,-,30.47500000,77.67083333,25-05-2008 00:00,7.9,340,"","",314,257.38,7.1,"",19,"","","",175,48,13,13,"","","","","","","","","","",""
1141,Shibpur,CGWB,2,Himachal Pradesh,24,SIRMAUR,PAONTA SAHIB(T),PAONTA SAHIB,Shibpur,-,-,-,-,-,-,30.47500000,77.67083333,25-05-2009 00:00,8,290,"","",116,95.08,7.1,"",32,"","","",125,30,12,13,"","","","","","","","","","",""
1142,Shibpur,CGWB,2,Himachal Pradesh,24,SIRMAUR,PAONTA SAHIB(T),PAONTA SAHIB,Shibpur,-,-,-,-,-,-,30.47500000,77.67083333,25-05-2010 00:00,7.7,300,"","",148,121.31,28,"","","","","",147,35,14,8.5,"","","","","","","","","","",""
1143,Shibpur,CGWB,2,Himachal Pradesh,24,SIRMAUR,PAONTA SAHIB(T),PAONTA SAHIB,Shibpur,-,-,-,-,-,-,30.47500000,77.67083333,25-05-2011 00:00,8.06,380,"","",153,125.41,18,"",22,"","","",160,36,17,10,"","","","","","","","","","",""
1144,Shibpur,CGWB,2,Himachal Pradesh,24,SIRMAUR,PAONTA SAHIB(T),PAONTA SAHIB,Shibpur,-,-,-,-,-,-,30.47500000,77.67083333,25-05-2012 00:00,7.86,220,"","",128,104.92,14,"","","","","",110,24,12,8.6,"","","","","","","","","","",""
1145,Shibpur,CGWB,2,Himachal Pradesh,24,SIRMAUR,PAONTA SAHIB(T),PAONTA SAHIB,Shibpur,-,-,-,-,-,-,30.47500000,77.67083333,25-05-2014 00:00,7.81,190,"",0,85,69.67,11,"",21,"","","",95,18,12.18,5,"","","","","","","","","","",""
1146,Shibpur,CGWB,2,Himachal Pradesh,24,SIRMAUR,PAONTA SAHIB(T),PAONTA SAHIB,Shibpur,-,-,-,-,-,-,30.47500000,77.67083333,25-05-2015 00:00,7.81,190,"",0,85,69.67,11,"",21,"","","",95,18,12.18,5.1,"","","","","","","","","","",""
1147,Shibpur,CGWB,2,Himachal Pradesh,24,SIRMAUR,PAONTA SAHIB(T),PAONTA SAHIB,Shibpur,-,-,-,-,-,-,30.47500000,77.67083333,25-05-2018 00:00,8.24,511,0,0,110,0,28,"",88,"",0,"",0,56,19,18.6,"",0,0,"","","","","","","",""
1148,Singhnei,CGWB,2,Himachal Pradesh,26,UNA,AMB(T),AMB,Singhnei,-,-,-,-,-,-,31.69111111,76.03500000,25-05-2013 00:00,8.21,380,"","",257,210.66,32,"",21,"","","",200,40,24,33,"","","","","","","","","","",""
1149,Singhnei,CGWB,2,Himachal Pradesh,26,UNA,AMB(T),AMB,Singhnei,-,-,-,-,-,-,31.69111111,76.03500000,25-05-2014 00:00,8.45,540,"","",226,185.25,36,"",45,"","","",220,"",53.49,"","","","","","","","","","","",""
1150,Singhnei,CGWB,2,Himachal Pradesh,26,UNA,AMB(T),AMB,Singhnei,-,-,-,-,-,-,31.69111111,76.03500000,25-05-2015 00:00,8.45,540,"","",226,185.25,36,"",45,"","","",220,42,28.01,25.5,"","","","","","","","","","",""
1151,Singhnei,CGWB,2,Himachal Pradesh,26,UNA,AMB(T),AMB,Singhnei,-,-,-,-,-,-,31.69111111,76.03500000,25-05-2018 00:00,8.43,412,0,36,170,0,14,"",41,"",0,"",0,48,24,18,"",0,0,"","","","","","","",""
1152,Singhnei,CGWB,2,Himachal Pradesh,26,UNA,AMB(T),AMB,Singhnei,-,-,-,-,-,-,31.69111111,76.03500000,30-05-2019 08:00,8.47,265,"",43,87,"",28,"","","",16,"",110,24,12,35,"","","","","","","","","","",""
1153,Singhnei,CGWB,2,Himachal Pradesh,26,UNA,AMB(T),AMB,Singhnei,-,-,-,-,-,-,31.69111111,76.03500000,30-05-2020 08:00,8.47,265,"","",87,"",28,"","","",16,"","",24,12,35,"","","","","","","","","","",""
1154,Singhnei,CGWB,2,Himachal Pradesh,26,UNA,AMB(T),AMB,Singhnei,-,-,-,-,-,-,31.69111111,76.03500000,30-05-2021 08:00,7.69,856,"",0,207.434,"",120.7,"",135,"","","",310,52,43.7832,59.4,"","","","","","","","","","",""
1155,Singhnei,CGWB,2,Himachal Pradesh,26,UNA,AMB(T),AMB,Singhnei,-,-,-,-,-,-,31.69111111,76.03500000,04-02-2022 11:44,8.62,315,"",24,92,"",18,"",0,"",25,"",135,10,27,17,"","","","","","","","","","",""
1156,Tahliwala 1,CGWB,2,Himachal Pradesh,26,UNA,UNA(T),UNA,Tahliwala,-,-,-,-,-,-,31.34944444,76.27805556,04-02-2022 11:23,"",485,"",6,43,"",142,"",0,"","","","",16,39,31,"","","","","","","","","","",""
1157,Tahliwala 1,CGWB,2,Himachal Pradesh,26,UNA,UNA(T),UNA,Tahliwala,-,-,-,-,-,-,31.34944444,76.27805556,04-02-2022 16:01,"",485,"",6,43,"",142,"",0,"",11,"",200,16,39,31,"","","","","","","","","","",""
1158,Takipur,CGWB,2,Himachal Pradesh,18,KANGRA,KANGRA(T),KANGRA,Takipur,-,-,-,-,-,-,32.03333333,76.25000000,25-05-2000 00:00,7.3,120,"",0,41,33.61,8.9,"","","","","",56,16,3.91,"","","","","","","","","","","",""
1159,Takipur,CGWB,2,Himachal Pradesh,18,KANGRA,KANGRA(T),KANGRA,Takipur,-,-,-,-,-,-,32.03333333,76.25000000,25-05-2003 00:00,7.64,295,"","",152,124.59,18,"","","","","",140,40,9.77,3.4,"","","","","","","","","","",""
1160,Takipur,CGWB,2,Himachal Pradesh,18,KANGRA,KANGRA(T),KANGRA,Takipur,-,-,-,-,-,-,32.03333333,76.25000000,25-05-2004 00:00,7.58,341,"",0,189,154.92,11,"","","","","",185,48,15.86,4.2,"","","","","","","","","","",""
1161,Takipur,CGWB,2,Himachal Pradesh,18,KANGRA,KANGRA(T),KANGRA,Takipur,-,-,-,-,-,-,32.03333333,76.25000000,25-05-2005 00:00,8.18,359,"","",190,155.74,11,"","","","","",187,48,16.35,3.9,"","","","","","","","","","",""
1162,Takipur,CGWB,2,Himachal Pradesh,18,KANGRA,KANGRA(T),KANGRA,Takipur,-,-,-,-,-,-,32.03333333,76.25000000,25-05-2006 00:00,7.7,282,"","",144,118.03,18,"","","","","",163,43,14,5.4,"","","","","","","","","","",""
1163,Takipur,CGWB,2,Himachal Pradesh,18,KANGRA,KANGRA(T),KANGRA,Takipur,-,-,-,-,-,-,32.03333333,76.25000000,25-05-2007 00:00,7.39,491,"","",204,167.21,11,"",59,"","","",229,71,12,4.9,"","","","","","","","","","",""
1164,Takipur,CGWB,2,Himachal Pradesh,18,KANGRA,KANGRA(T),KANGRA,Takipur,-,-,-,-,-,-,32.03333333,76.25000000,25-05-2009 00:00,7.5,340,"","",171,140.16,11,"",24,"","","",180,48,15,5.5,"","","","","","","","","","",""
1165,Takipur,CGWB,2,Himachal Pradesh,18,KANGRA,KANGRA(T),KANGRA,Takipur,-,-,-,-,-,-,32.03333333,76.25000000,25-05-2010 00:00,7.25,485,"","",277,227.05,21,"",1,"","","",217,34,32,17,"","","","","","","","","","",""
1166,Takipur,CGWB,2,Himachal Pradesh,18,KANGRA,KANGRA(T),KANGRA,Takipur,-,-,-,-,-,-,32.03333333,76.25000000,25-05-2011 00:00,7.6,390,"","",177,145.08,11,"",25,"","","",190,48,17,5.8,"","","","","","","","","","",""
1167,Takipur,CGWB,2,Himachal Pradesh,18,KANGRA,KANGRA(T),KANGRA,Takipur,-,-,-,-,-,-,32.03333333,76.25000000,25-05-2012 00:00,8.29,410,"","",183,150,32,"",2.8,"","","",190,34,26,11.4,"","","","","","","","","","",""
1168,Takipur,CGWB,2,Himachal Pradesh,18,KANGRA,KANGRA(T),KANGRA,Takipur,-,-,-,-,-,-,32.03333333,76.25000000,25-05-2013 00:00,7.3,380,"","",147,120.49,32,"",71,"","","",230,46,28,12,"","","","","","","","","","",""
1169,Takipur,CGWB,2,Himachal Pradesh,18,KANGRA,KANGRA(T),KANGRA,Takipur,-,-,-,-,-,-,32.03333333,76.25000000,25-05-2015 00:00,6.97,340,"",0,165,135.25,28,"",20,"","","",173.4,42.08,16.63,15.2,"","","","","","","","","","",""
1170,Takipur,CGWB,2,Himachal Pradesh,18,KANGRA,KANGRA(T),KANGRA,Takipur,-,-,-,-,-,-,32.03333333,76.25000000,25-05-2018 00:00,8.21,393,0,0,109,0,50,"",17,"",0,"",0,48,15,13,"",0,0,"","","","","","","",""
1171,Takipur,CGWB,2,Himachal Pradesh,18,KANGRA,KANGRA(T),KANGRA,Takipur,-,-,-,-,-,-,32.03333333,76.25000000,30-05-2019 08:00,8.25,307,"","",134,"",21,"","","",10,"",130,28,"",16,"","","","","","","","","","",""
1172,Takipur,CGWB,2,Himachal Pradesh,18,KANGRA,KANGRA(T),KANGRA,Takipur,-,-,-,-,-,-,32.03333333,76.25000000,30-05-2020 08:00,8.25,307,"","",134,"",21,"","","",10,"","",28,"",16,"","","","","","","","","","",""
1173,Takipur,CGWB,2,Himachal Pradesh,18,KANGRA,KANGRA(T),KANGRA,Takipur,-,-,-,-,-,-,32.03333333,76.25000000,30-05-2021 08:00,7.2,2950,"",0,317.2,"",467.94,"",248,"","","",960,164,133.672,130.9,"","","","","","","","","","",""
1174,Takipur,CGWB,2,Himachal Pradesh,18,KANGRA,KANGRA(T),KANGRA,Takipur,-,-,-,-,-,-,32.03333333,76.25000000,04-02-2022 15:56,"",315,"",0,134,"",21,"",12,"",9,"",140,28,17,15,"","","","","","","","","","",""
1175,Takoli,CGWB,2,Himachal Pradesh,22,MANDI,AUT(T),AUT,Takoli,-,-,-,-,-,-,31.79861111,77.19055556,25-05-2002 00:00,8.12,469,"","",220,180.33,28,"","","","","",215,56,18.3,17,"","","","","","","","","","",""
1176,Takoli,CGWB,2,Himachal Pradesh,22,MANDI,AUT(T),AUT,Takoli,-,-,-,-,-,-,31.79861111,77.19055556,25-05-2003 00:00,7.7,547,"","",220,180.33,25,"","","","","",245,52,28.02,22,"","","","","","","","","","",""
1177,Takoli,CGWB,2,Himachal Pradesh,22,MANDI,AUT(T),AUT,Takoli,-,-,-,-,-,-,31.79861111,77.19055556,25-05-2004 00:00,7.88,628,"",0,354,290.16,18,"","","","","",275,56,32.89,23,"","","","","","","","","","",""
1178,Takoli,CGWB,2,Himachal Pradesh,22,MANDI,AUT(T),AUT,Takoli,-,-,-,-,-,-,31.79861111,77.19055556,25-05-2005 00:00,7.5,203,"","",92,75.41,18,"","","","","",90,19,10.36,12,"","","","","","","","","","",""
1179,Takoli,CGWB,2,Himachal Pradesh,22,MANDI,AUT(T),AUT,Takoli,-,-,-,-,-,-,31.79861111,77.19055556,25-05-2006 00:00,7.72,580,"","",214,175.41,60,"","","","","",255,59,26,32,"","","","","","","","","","",""
1180,Takoli,CGWB,2,Himachal Pradesh,22,MANDI,AUT(T),AUT,Takoli,-,-,-,-,-,-,31.79861111,77.19055556,25-05-2008 00:00,8.05,605,"","",324,265.57,43,"",58,"","","",310,90,21,30,"","","","","","","","","","",""
1181,Takoli,CGWB,2,Himachal Pradesh,22,MANDI,AUT(T),AUT,Takoli,-,-,-,-,-,-,31.79861111,77.19055556,25-05-2009 00:00,7.7,630,"","",317,259.84,21,"",45,"","","",292,84,20,23,"","","","","","","","","","",""
1182,Takoli,CGWB,2,Himachal Pradesh,22,MANDI,AUT(T),AUT,Takoli,-,-,-,-,-,-,31.79861111,77.19055556,25-05-2011 00:00,8.65,390,"",9,177,160.08,21,"","","","","",170,52,9.7,15,"","","","","","","","","","",""
1183,Thali,CGWB,2,Himachal Pradesh,18,KANGRA,NURPUR(T),NURPUR,Thali,-,-,-,-,-,-,32.25388889,75.88638889,25-05-2014 00:00,7.71,150,"",0,92,75.41,7,"",10,"","","",75,22,4.89,9,"","","","","","","","","","",""
1184,Thali,CGWB,2,Himachal Pradesh,18,KANGRA,NURPUR(T),NURPUR,Thali,-,-,-,-,-,-,32.25388889,75.88638889,25-05-2015 00:00,7.71,150,"",0,92,75.41,7,"",10,"","","",75,22,4.89,8.8,"","","","","","","","","","",""
1185,Thali,CGWB,2,Himachal Pradesh,18,KANGRA,NURPUR(T),NURPUR,Thali,-,-,-,-,-,-,32.25388889,75.88638889,25-05-2018 00:00,8.27,186,0,0,110,0,14,"","","",0,"",0,28,4.84,10,"",0,0,"","","","","","","",""
1186,Thali,CGWB,2,Himachal Pradesh,18,KANGRA,NURPUR(T),NURPUR,Thali,-,-,-,-,-,-,32.25388889,75.88638889,30-05-2019 08:00,7.9,195,"","",146,"",6.7,"","","",22,"",100,24,"",17,"","","","","","","","","","",""
1187,Thali,CGWB,2,Himachal Pradesh,18,KANGRA,NURPUR(T),NURPUR,Thali,-,-,-,-,-,-,32.25388889,75.88638889,30-05-2020 08:00,7.9,195,"","",146,"",6.7,"","","",22,"","",24,"",17,"","","","","","","","","","",""
1188,Thali,CGWB,2,Himachal Pradesh,18,KANGRA,NURPUR(T),NURPUR,Thali,-,-,-,-,-,-,32.25388889,75.88638889,30-05-2021 08:00,7.6,1280,"",0,323.406,"",170.16,"",110.4,"","","",310,62,37.6712,142.6,"","","","","","","","","","",""
1189,Thali,CGWB,2,Himachal Pradesh,18,KANGRA,NURPUR(T),NURPUR,Thali,-,-,-,-,-,-,32.25388889,75.88638889,04-02-2022 15:58,"",260,"",12,110,"",14,"",0,"",29,"",120,24,15,8,"","","","","","","","","","",""
1190,Thirtynine Mile,CGWB,2,Himachal Pradesh,18,KANGRA,HARCHAKIAN(T),HARCHAKIAN,Thirtynine Mile,-,-,-,-,-,-,32.21916667,76.17583333,04-02-2022 10:58,8.15,500,"",0,256,"",21,"",24,"",13,"",260,32,44,6,"","","","","","","","","","",""
1191,Trilokpur,CGWB,2,Himachal Pradesh,24,SIRMAUR,PAONTA SAHIB(T),PAONTA SAHIB,Trilokpur,-,-,-,-,-,-,30.54166667,77.20833333,25-05-2003 00:00,7.93,1644,"","",500,409.84,266,"","","","","",275,62,29.25,249,"","","","","","","","","","",""
1192,Trilokpur,CGWB,2,Himachal Pradesh,24,SIRMAUR,PAONTA SAHIB(T),PAONTA SAHIB,Trilokpur,-,-,-,-,-,-,30.54166667,77.20833333,25-05-2005 00:00,7.8,1600,"","",580,475.41,280,"","","","","",240,62,20.74,300,"","","","","","","","","","",""
1193,Trilokpur,CGWB,2,Himachal Pradesh,24,SIRMAUR,PAONTA SAHIB(T),PAONTA SAHIB,Trilokpur,-,-,-,-,-,-,30.54166667,77.20833333,25-05-2006 00:00,7.8,1600,"","",580,475.41,280,"","","","","",240,62,20.74,300,"","","","","","","","","","",""
1194,Trilokpur,CGWB,2,Himachal Pradesh,24,SIRMAUR,PAONTA SAHIB(T),PAONTA SAHIB,Trilokpur,-,-,-,-,-,-,30.54166667,77.20833333,25-05-2007 00:00,8.12,1331,"","",456,373.77,213,"","","","","",190,43,20,220,"","","","","","","","","","",""
1195,Trilokpur,CGWB,2,Himachal Pradesh,24,SIRMAUR,PAONTA SAHIB(T),PAONTA SAHIB,Trilokpur,-,-,-,-,-,-,30.54166667,77.20833333,25-05-2008 00:00,8.15,1340,"","",470,385.25,230,"","","","","",230,52,24,213,"","","","","","","","","","",""
1196,Trilokpur,CGWB,2,Himachal Pradesh,24,SIRMAUR,PAONTA SAHIB(T),PAONTA SAHIB,Trilokpur,-,-,-,-,-,-,30.54166667,77.20833333,25-05-2009 00:00,8.1,1220,"","",409,335.25,142,"",100,"","","",180,32,24,205,"","","","","","","","","","",""
1197,Trilokpur,CGWB,2,Himachal Pradesh,24,SIRMAUR,PAONTA SAHIB(T),PAONTA SAHIB,Trilokpur,-,-,-,-,-,-,30.54166667,77.20833333,25-05-2010 00:00,7.9,1950,"","",134,109.84,577,"","","","","",69,23,2.4,400,"","","","","","","","","","",""
1198,Trilokpur,CGWB,2,Himachal Pradesh,24,SIRMAUR,PAONTA SAHIB(T),PAONTA SAHIB,Trilokpur,-,-,-,-,-,-,30.54166667,77.20833333,25-05-2011 00:00,8.1,1790,"","",171,140.16,486,"",80,"","","",90,30,3.6,380,"","","","","","","","","","",""
1199,Trilokpur,CGWB,2,Himachal Pradesh,24,SIRMAUR,PAONTA SAHIB(T),PAONTA SAHIB,Trilokpur,-,-,-,-,-,-,30.54166667,77.20833333,25-05-2012 00:00,8.1,1120,"","",333,272.95,191,"",2.4,"","","",140,18,23,180,"","","","","","","","","","",""
1200,Trilokpur,CGWB,2,Himachal Pradesh,24,SIRMAUR,PAONTA SAHIB(T),PAONTA SAHIB,Trilokpur,-,-,-,-,-,-,30.54166667,77.20833333,25-05-2018 00:00,8.89,967,0,72,244,0,141,"",100,"",0,"",0,8,4,265,"",0,0,"","","","","","","",""
1201,Una,CGWB,2,Himachal Pradesh,26,UNA,UNA(T),UNA,Una,-,-,-,-,-,-,31.46666667,76.26250000,25-05-2003 00:00,7.49,706,"","",250,204.92,71,"","","","","",215,32,32.86,66,"","","","","","","","","","",""
1202,Una,CGWB,2,Himachal Pradesh,26,UNA,UNA(T),UNA,Una,-,-,-,-,-,-,31.46666667,76.26250000,25-05-2004 00:00,7.9,480,"",0,268,219.67,14,"","","","","",200,64,9.8,24,"","","","","","","","","","",""
1203,Una,CGWB,2,Himachal Pradesh,26,UNA,UNA(T),UNA,Una,-,-,-,-,-,-,31.46666667,76.26250000,25-05-2005 00:00,8.01,724,"","",274,224.59,82,"","","","","",278,70,25.13,54,"","","","","","","","","","",""
1204,Una,CGWB,2,Himachal Pradesh,26,UNA,UNA(T),UNA,Una,-,-,-,-,-,-,31.46666667,76.26250000,25-05-2006 00:00,7.95,300,"","",189,154.92,14,"","","","","",143,27,19,20,"","","","","","","","","","",""
1205,Una,CGWB,2,Himachal Pradesh,26,UNA,UNA(T),UNA,Una,-,-,-,-,-,-,31.46666667,76.26250000,25-05-2007 00:00,7.71,360,"","",204,167.21,7.4,"",4,"","","",154,41,12,18,"","","","","","","","","","",""
1206,Una,CGWB,2,Himachal Pradesh,26,UNA,UNA(T),UNA,Una,-,-,-,-,-,-,31.46666667,76.26250000,25-05-2008 00:00,8.1,425,"","",268,219.67,11,"",25,"","","",215,64,13,22,"","","","","","","","","","",""
1207,Una,CGWB,2,Himachal Pradesh,26,UNA,UNA(T),UNA,Una,-,-,-,-,-,-,31.46666667,76.26250000,25-05-2009 00:00,7.4,330,"","",195,159.84,11,"",5,"","","",135,32,13,24,"","","","","","","","","","",""
1208,Una,CGWB,2,Himachal Pradesh,26,UNA,UNA(T),UNA,Una,-,-,-,-,-,-,31.46666667,76.26250000,25-05-2010 00:00,7.75,300,"","",156,127.87,18,"",5,"","","",111,22,13,27,"","","","","","","","","","",""
1209,Una,CGWB,2,Himachal Pradesh,26,UNA,UNA(T),UNA,Una,-,-,-,-,-,-,31.46666667,76.26250000,25-05-2011 00:00,8.25,490,"","",262,214.75,14,"",6,"","","",200,52,17,21,"","","","","","","","","","",""
1210,Una,CGWB,2,Himachal Pradesh,26,UNA,UNA(T),UNA,Una,-,-,-,-,-,-,31.46666667,76.26250000,25-05-2013 00:00,8.16,1060,"","",256,209.84,106,"",112,"","","",385,84,43,103,"","","","","","","","","","",""
1211,Una,CGWB,2,Himachal Pradesh,26,UNA,UNA(T),UNA,Una,-,-,-,-,-,-,31.46666667,76.26250000,25-05-2014 00:00,7.57,1020,"","",275,225.41,121,"",92,"","","",345,80,35.35,88,"","","","","","","","","","",""
1212,Una,CGWB,2,Himachal Pradesh,26,UNA,UNA(T),UNA,Una,-,-,-,-,-,-,31.46666667,76.26250000,25-05-2015 00:00,7.57,1020,"",0,275,225.41,121,"",92,"","","",345,80,35.35,88.1,"","","","","","","","","","",""
1213,Una,CGWB,2,Himachal Pradesh,26,UNA,UNA(T),UNA,Una,-,-,-,-,-,-,31.46666667,76.26250000,25-05-2018 00:00,8.51,761,0,24,171,0,85,"",28,"",0,"",0,20,32,95,"",0,0,"","","","","","","",""
1214,Una,CGWB,2,Himachal Pradesh,26,UNA,UNA(T),UNA,Una,-,-,-,-,-,-,31.46666667,76.26250000,30-05-2021 08:00,7.81,940,611,0,344,"",79,"",56,0.06,"","",230,54,23.104,106,"","","","","","","","","","",""
1215,Una,CGWB,2,Himachal Pradesh,26,UNA,UNA(T),UNA,Una,-,-,-,-,-,-,31.46666667,76.26250000,01-04-2022 12:47,8.44,674,"",12,73,"","","",14,"",13,"",175,8,38,92,"","","","","","","","","","",""
1216,UPPER THULEL,CGWB,2,Himachal Pradesh,16,CHAMBA,-,-,-,-,-,-,-,-,-,32.23352800,76.14433300,30-05-2019 08:00,8.36,215,"",14,87,"",14,"","","",15,"",105,21,"",7,"","","","","","","","","","",""
1217,UPPER THULEL,CGWB,2,Himachal Pradesh,16,CHAMBA,-,-,-,-,-,-,-,-,-,32.23352800,76.14433300,30-05-2020 08:00,8.36,215,"","",87,"",14,"","","",15,"","",21,"",7,"","","","","","","","","","",""
1218,UPPER THULEL,CGWB,2,Himachal Pradesh,16,CHAMBA,-,-,-,-,-,-,-,-,-,32.23352800,76.14433300,30-05-2021 08:00,7.789,1745,"",0,396.63,"",230.425,"",129.6,"","","",395,114,26.7344,213.9,"","","","","","","","","","",""
