SlNo,Station,Agency,State LGD Code,State,District LGD Code,District,Tehsil,Block,Village,River,Basin,Tributary,Subtributary,SubSubtributary,Local River,Latitude,Longitude,Data Acquisition Time,Potential of Hydrogen (pH),Electric Conductivity (μS/cm),Total Dissolved Solids (mg/L),Carbonate (mg/L),Bicarbonate (mg/L),Total Alkalinity (mg/L as CaCO3),Chloride (mg/L),Nitrate N (mgN/L),Sulphate (mg/L),Phosphate(mg/L),Silica(mg/L),Fluoride (mg/L),Total Hardness (mgCaCO3/L),Calcium (mg/L),Magnesium (mg/L),Sodium (mg/L),Potassium (mg/L),Iron(mg/L),Arsenic (mg/L),Uranium(mg/L),Manganese (mg/L),Copper (mg/L),Lead (mg/L),Zinc (mg/L),Nickel (mg/L),Cadmium (mg/L),Chromium (mg/L)
1,Agre Chak,CGWB,1,Jammu & Kashmir,5,JAMMU,R.S.PORA,R.S.PORA,Agre Chak,-,-,-,-,-,-,32.62250000,74.71583333,25-05-2013 00:00,7.94,490,"",0,183,150,14,"",0,"","","",160,45,11.6,8.7,"",0.23,"","","","","","","","",""
2,Agre Chak,CGWB,1,Jammu & Kashmir,5,JAMMU,R.S.PORA,R.S.PORA,Agre Chak,-,-,-,-,-,-,32.62250000,74.71583333,25-05-2014 00:00,7.22,330,"",0,151,123.77,14,"",5,"","","",160,40,14.64,4,"",1.19,"","","","","","","","",""
3,Agre Chak,CGWB,1,Jammu & Kashmir,5,JAMMU,R.S.PORA,R.S.PORA,Agre Chak,-,-,-,-,-,-,32.62250000,74.71583333,25-05-2015 00:00,7.8,1140,"",0,525,430.33,99.4,"",78,"","","",400,80,48.72,119,"",0.16,"","","","","","","","",""
4,Agre Chak,CGWB,1,Jammu & Kashmir,5,JAMMU,R.S.PORA,R.S.PORA,Agre Chak,-,-,-,-,-,-,32.62250000,74.71583333,25-05-2016 00:00,7.3,940,488.8,0,549,"",3.55,"",199.02585,"","","",450,62.124,71.744,96.1,"",0.41,"","","","","","","","",""
5,Agre Chak,CGWB,1,Jammu & Kashmir,5,JAMMU,R.S.PORA,R.S.PORA,Agre Chak,-,-,-,-,-,-,32.62250000,74.71583333,30-05-2019 08:00,8.5,920,930,56,305,"",95,"","","","","",217,26,37,169,"","","","","","","","","","",""
6,Agre Chak,CGWB,1,Jammu & Kashmir,5,JAMMU,R.S.PORA,R.S.PORA,Agre Chak,-,-,-,-,-,-,32.62250000,74.71583333,30-05-2020 08:00,8.5,920,"","",305,"",95,"","","","","","",26,37,169,"","","","","","","","","","",""
7,Agre Chak,CGWB,1,Jammu & Kashmir,5,JAMMU,R.S.PORA,R.S.PORA,Agre Chak,-,-,-,-,-,-,32.62250000,74.71583333,30-05-2021 08:00,7.93,1647,"",0,415,"",277,"",100,"","","",410,80,51,213,"","","","","","","","","","",""
8,Ainpur,CGWB,1,Jammu & Kashmir,12,RAJAURI,SUNDERBANI,SUNDERBANI,Ainpur,-,-,-,-,-,-,33.04222222,74.44666667,25-05-2015 00:00,8.56,270,"",6,122,110,25,"",0,"","","",115,14,19.47,13,"","","","","","","","","","",""
9,Ainpur,CGWB,1,Jammu & Kashmir,12,RAJAURI,SUNDERBANI,SUNDERBANI,Ainpur,-,-,-,-,-,-,33.04222222,74.44666667,25-05-2016 00:00,7.26,310,161.2,0,128,"",14,"",32,"","","",120,20,17,18,"",0,"","","","","","","","",""
10,Ainpur,CGWB,1,Jammu & Kashmir,12,RAJAURI,SUNDERBANI,SUNDERBANI,Ainpur,-,-,-,-,-,-,33.04222222,74.44666667,30-05-2019 08:00,8.17,420,456,0,238,"",54,"","","","","",217,43,26,29,"","","","","","","","","","",""
11,Ainpur,CGWB,1,Jammu & Kashmir,12,RAJAURI,SUNDERBANI,SUNDERBANI,Ainpur,-,-,-,-,-,-,33.04222222,74.44666667,30-05-2020 08:00,8.17,420,"","",238,"",54,"","","","","","",43,26,29,"","","","","","","","","","",""
12,Ainpur,CGWB,1,Jammu & Kashmir,12,RAJAURI,SUNDERBANI,SUNDERBANI,Ainpur,-,-,-,-,-,-,33.04222222,74.44666667,30-05-2021 08:00,7.83,647,"",0,311.1,"",21.27,"",4,"","","",270,76,19.4432,4.1,"","","","","","","","","","",""
13,Akhnoor,CGWB,1,Jammu & Kashmir,5,JAMMU,JAMMU,JAMMU,Akhnoor,-,-,-,-,-,-,32.85972222,74.75138889,25-05-2000 00:00,8.28,474,"",0,264,"",10,"","","","","",243,67,18.44,6.4,"","","","","","","","","","",""
14,Akhnoor,CGWB,1,Jammu & Kashmir,5,JAMMU,JAMMU,JAMMU,Akhnoor,-,-,-,-,-,-,32.85972222,74.75138889,25-05-2001 00:00,8.02,438,"",0,233,"",10,"","","","","",270,68,24.4,5.7,"","","","","","","","","","",""
15,Akhnoor,CGWB,1,Jammu & Kashmir,5,JAMMU,JAMMU,JAMMU,Akhnoor,-,-,-,-,-,-,32.85972222,74.75138889,25-05-2002 00:00,7.7,520,"",0,239,"",10,"","","","","",240,50,28.02,5,"",0.17,"","","","","","","","",""
16,Akhnoor,CGWB,1,Jammu & Kashmir,5,JAMMU,JAMMU,JAMMU,Akhnoor,-,-,-,-,-,-,32.85972222,74.75138889,25-05-2003 00:00,8.35,460,"",30,165,"",11,"","","","","",235,64,18.31,5,"","","","","","","","","","",""
17,Akhnoor,CGWB,1,Jammu & Kashmir,5,JAMMU,JAMMU,JAMMU,Akhnoor,-,-,-,-,-,-,32.85972222,74.75138889,25-05-2004 00:00,7.87,405,"",0,77,"",15,"","","","","",175,48,13.43,4.2,"","","","","","","","","","",""
18,Akhnoor,CGWB,1,Jammu & Kashmir,5,JAMMU,JAMMU,JAMMU,Akhnoor,-,-,-,-,-,-,32.85972222,74.75138889,25-05-2005 00:00,8,415,"",0,186,"",15,"","","","","",197,58,12.71,4,"","","","","","","","","","",""
19,Akhnoor,CGWB,1,Jammu & Kashmir,5,JAMMU,JAMMU,JAMMU,Akhnoor,-,-,-,-,-,-,32.85972222,74.75138889,25-05-2006 00:00,7.9,248,"",0,122,"",11,"","","","","",150,41,11.6,2.8,"","","","","","","","","","",""
20,Akhnoor,CGWB,1,Jammu & Kashmir,5,JAMMU,JAMMU,JAMMU,Akhnoor,-,-,-,-,-,-,32.85972222,74.75138889,25-05-2007 00:00,7.95,362,"",0,195,"",14,"","","","","",195,52,15.87,4.9,"","","","","","","","","","",""
21,Akhnoor,CGWB,1,Jammu & Kashmir,5,JAMMU,JAMMU,JAMMU,Akhnoor,-,-,-,-,-,-,32.85972222,74.75138889,25-05-2008 00:00,7.7,453,"",0,214,"",11,"",25,"","","",210,56,17.09,5.3,"",0.33,"","","","","","","","",""
22,Akhnoor,CGWB,1,Jammu & Kashmir,5,JAMMU,JAMMU,JAMMU,Akhnoor,-,-,-,-,-,-,32.85972222,74.75138889,25-05-2009 00:00,7.05,305,"",0,122,"",7.1,"",35,"","","",140,30,15.84,4.2,"",0.22,"","","","","","","","",""
23,Akhnoor,CGWB,1,Jammu & Kashmir,5,JAMMU,JAMMU,JAMMU,Akhnoor,-,-,-,-,-,-,32.85972222,74.75138889,25-05-2010 00:00,8.7,240,"",6,104,"",18,"",6,"","","",120,28,12.19,4,"",0.13,"","","","","","","","",""
24,Akhnoor,CGWB,1,Jammu & Kashmir,5,JAMMU,JAMMU,JAMMU,Akhnoor,-,-,-,-,-,-,32.85972222,74.75138889,25-05-2012 00:00,7.64,570,"",0,336,"",18,"",18,"","","",304,84,23,6.7,"",0.16,"","","","","","","","",""
25,Akhnoor,CGWB,1,Jammu & Kashmir,5,JAMMU,JAMMU,JAMMU,Akhnoor,-,-,-,-,-,-,32.85972222,74.75138889,25-05-2013 00:00,7.93,530,"","","","","","","","","","",280,64,29.25,5.7,"",0.3,"","","","","","","","",""
26,Akhnoor,CGWB,1,Jammu & Kashmir,5,JAMMU,JAMMU,JAMMU,Akhnoor,-,-,-,-,-,-,32.85972222,74.75138889,25-05-2014 00:00,7.49,230,"",0,116,95.08,3.6,"",13,"","","",110,16,17.04,3.7,"",0.66,"","","","","","","","",""
27,Akhnoor,CGWB,1,Jammu & Kashmir,5,JAMMU,JAMMU,JAMMU,Akhnoor,-,-,-,-,-,-,32.85972222,74.75138889,25-05-2015 00:00,8.06,440,"",0,177,145.08,10.7,"",54,"","","",210,28.1,34.01,5.6,"",0.11,"","","","","","","","",""
28,Akhnoor,CGWB,1,Jammu & Kashmir,5,JAMMU,JAMMU,JAMMU,Akhnoor,-,-,-,-,-,-,32.85972222,74.75138889,25-05-2016 00:00,8,399,207.48,0,85.4,"",10.65,"",127.195625,"","","",211.42,52.104,19.801344,5.2,"",0,"","","","","","","","",""
29,Akhnoor,CGWB,1,Jammu & Kashmir,5,JAMMU,JAMMU,JAMMU,Akhnoor,-,-,-,-,-,-,32.85972222,74.75138889,30-05-2019 08:00,7.4,420,270,0,278,"",27,"","","","","",282,87,16,6.1,"","","","","","","","","","",""
30,Akhnoor,CGWB,1,Jammu & Kashmir,5,JAMMU,JAMMU,JAMMU,Akhnoor,-,-,-,-,-,-,32.85972222,74.75138889,30-05-2020 08:00,7.4,420,"","",278,"",27,"","","","","","",87,16,6.1,"","","","","","","","","","",""
31,Akhnoor,CGWB,1,Jammu & Kashmir,5,JAMMU,JAMMU,JAMMU,Akhnoor,-,-,-,-,-,-,32.85972222,74.75138889,30-05-2021 08:00,7.6,402,"",0,158.6,"",21.27,"",40,"","","",150,40,12.152,23.8,"","","","","","","","","","",""
32,Aliyah,CGWB,1,Jammu & Kashmir,627,Reasi,Pouni,Pouni,Bamliya,-,-,-,-,-,-,33.16666667,74.55277778,25-05-2000 00:00,7.55,473,"",0,262,"",14,"","","","","",220,50,23.16,"","","","","","","","","","","",""
33,Aliyah,CGWB,1,Jammu & Kashmir,627,Reasi,Pouni,Pouni,Bamliya,-,-,-,-,-,-,33.16666667,74.55277778,25-05-2002 00:00,7.5,440,"",0,197,"",10,"",4,"","","",192,50,16.35,8.5,"","","","","","","","","","",""
34,Aliyah,CGWB,1,Jammu & Kashmir,627,Reasi,Pouni,Pouni,Bamliya,-,-,-,-,-,-,33.16666667,74.55277778,25-05-2003 00:00,7.44,461,"",0,232,"",14,"","","","","",205,26,34.07,1.9,"","","","","","","","","","",""
35,Aliyah,CGWB,1,Jammu & Kashmir,627,Reasi,Pouni,Pouni,Bamliya,-,-,-,-,-,-,33.16666667,74.55277778,25-05-2004 00:00,8.25,462,"",0,250,"",25,"","","","","",200,34,28,14,"","","","","","","","","","",""
36,Aliyah,CGWB,1,Jammu & Kashmir,627,Reasi,Pouni,Pouni,Bamliya,-,-,-,-,-,-,33.16666667,74.55277778,25-05-2005 00:00,7.68,580,"",0,314,"",14,"","","","","",250,38,37.73,12,"","","","","","","","","","",""
37,Aliyah,CGWB,1,Jammu & Kashmir,627,Reasi,Pouni,Pouni,Bamliya,-,-,-,-,-,-,33.16666667,74.55277778,25-05-2006 00:00,7.65,402,"",0,159,"",28,"","","","","",180,44,17.07,11,"","","","","","","","","","",""
38,Aliyah,CGWB,1,Jammu & Kashmir,627,Reasi,Pouni,Pouni,Bamliya,-,-,-,-,-,-,33.16666667,74.55277778,25-05-2007 00:00,7.7,245,"",0,140,"",11,"","","","","",115,24,13.4,8.7,"","","","","","","","","","",""
39,Aliyah,CGWB,1,Jammu & Kashmir,627,Reasi,Pouni,Pouni,Bamliya,-,-,-,-,-,-,33.16666667,74.55277778,25-05-2008 00:00,7.5,528,"",0,275,"",14,"",10,"","","",240,68,17.1,10,"",0.2,"","","","","","","","",""
40,Aliyah,CGWB,1,Jammu & Kashmir,627,Reasi,Pouni,Pouni,Bamliya,-,-,-,-,-,-,33.16666667,74.55277778,25-05-2009 00:00,7.85,280,"",0,159,"",7.1,"",9,"","","",135,30,14.62,8.2,"",0.27,"","","","","","","","",""
41,Aliyah,CGWB,1,Jammu & Kashmir,627,Reasi,Pouni,Pouni,Bamliya,-,-,-,-,-,-,33.16666667,74.55277778,25-05-2010 00:00,8.25,210,"",0,98,"",11,"",0,"","","",85,14,12.17,7.7,"",0.9,"","","","","","","","",""
42,Aliyah,CGWB,1,Jammu & Kashmir,627,Reasi,Pouni,Pouni,Bamliya,-,-,-,-,-,-,33.16666667,74.55277778,25-05-2014 00:00,7.56,230,"",0,128,104.92,11,"",4,"","","",115,34,7.34,6.2,"",2.89,"","","","","","","","",""
43,Aliyah,CGWB,1,Jammu & Kashmir,627,Reasi,Pouni,Pouni,Bamliya,-,-,-,-,-,-,33.16666667,74.55277778,25-05-2015 00:00,7.73,290,"",0,165,135.25,11,"",0,"","","",140,28,17.05,6.3,"","","","","","","","","","",""
44,Aliyah,CGWB,1,Jammu & Kashmir,627,Reasi,Pouni,Pouni,Bamliya,-,-,-,-,-,-,33.16666667,74.55277778,25-05-2016 00:00,7.57,260,135.2,0,122,"",7,"",15,"","","",115,22,15,6.9,"",0,"","","","","","","","",""
45,Aliyah,CGWB,1,Jammu & Kashmir,627,Reasi,Pouni,Pouni,Bamliya,-,-,-,-,-,-,33.16666667,74.55277778,30-05-2019 08:00,8.04,380,264,0,252,"",27,"","","","","",163,48,11,7.6,"","","","","","","","","","",""
46,Aliyah,CGWB,1,Jammu & Kashmir,627,Reasi,Pouni,Pouni,Bamliya,-,-,-,-,-,-,33.16666667,74.55277778,30-05-2020 08:00,8.04,380,"","",252,"",27,"","","","","","",48,11,7.6,"","","","","","","","","","",""
47,Aliyah,CGWB,1,Jammu & Kashmir,627,Reasi,Pouni,Pouni,Bamliya,-,-,-,-,-,-,33.16666667,74.55277778,30-05-2021 08:00,7.1,1741,"",0,414.868,"",262.7,"",127,"","","",480,132,36.486,163.2,"","","","","","","","","","",""
48,Allah,CGWB,1,Jammu & Kashmir,5,JAMMU,BISHNA,BISHNA,Allah,-,-,-,-,-,-,32.51750000,74.83666667,25-05-2013 00:00,8.2,250,"",0,79,64.8,11,"",1,"","","",120,26,13.4,3.6,"",0.57,"","","","","","","","",""
49,Allah,CGWB,1,Jammu & Kashmir,5,JAMMU,BISHNA,BISHNA,Allah,-,-,-,-,-,-,32.51750000,74.83666667,25-05-2014 00:00,7.35,490,"",0,282,231.15,7,"",8,"","","",120,14,20.68,59,"",0.88,"","","","","","","","",""
50,Allah,CGWB,1,Jammu & Kashmir,5,JAMMU,BISHNA,BISHNA,Allah,-,-,-,-,-,-,32.51750000,74.83666667,25-05-2015 00:00,8.47,1130,"",120,329,469.67,21.3,"",72,"","","",350,76,38.99,40,"","","","","","","","","","",""
51,Allah,CGWB,1,Jammu & Kashmir,5,JAMMU,BISHNA,BISHNA,Allah,-,-,-,-,-,-,32.51750000,74.83666667,25-05-2016 00:00,7.5,730,379.6,0,341.6,"",7.1,"",94.109634,"","","",265,48.096,35.264,58.23,"",1.49,"","","","","","","","",""
52,Allah,CGWB,1,Jammu & Kashmir,5,JAMMU,BISHNA,BISHNA,Allah,-,-,-,-,-,-,32.51750000,74.83666667,30-05-2021 08:00,7.82,1328,"",0,329.454,"",177.5,"",122.4,"","","",460,128,34.0536,89.5,"","","","","","","","","","",""
53,Aripathan,CGWB,1,Jammu & Kashmir,623,Bandipora,Hajin,Hajin,Watal Hanji,-,-,-,-,-,-,34.22750000,74.57777778,25-05-2013 00:00,7.44,1210,"",0,305,250,99,"",96,"","","",420,116,31.75,80,"",0.38,"","","","","","","","",""
54,Aripathan,CGWB,1,Jammu & Kashmir,623,Bandipora,Hajin,Hajin,Watal Hanji,-,-,-,-,-,-,34.22750000,74.57777778,25-05-2014 00:00,7.79,1250,"",0,354,290.16,124,"",107,"","","",395,124,20.82,27,"",3.1,"","","","","","","","",""
55,Aripathan,CGWB,1,Jammu & Kashmir,623,Bandipora,Hajin,Hajin,Watal Hanji,-,-,-,-,-,-,34.22750000,74.57777778,25-05-2015 00:00,8.65,580,"",21,329,304.67,14,"",42,"","","",170,44,14.64,77,"",0.31,"","","","","","","","",""
56,Aripathan,CGWB,1,Jammu & Kashmir,623,Bandipora,Hajin,Hajin,Watal Hanji,-,-,-,-,-,-,34.22750000,74.57777778,25-05-2016 00:00,8.16,650,338,0,305,"",57,"",125.13476,"","","",325,25,64,65,"",0,"","","","","","","","",""
57,Arnia,CGWB,1,Jammu & Kashmir,5,JAMMU,R.S.PORA,R.S.PORA,Arnia,-,-,-,-,-,-,32.52194444,74.79916667,25-05-2004 00:00,7.08,1670,"",0,500,"",167,"","","","","",585,166,41.53,114,"","","","","","","","","","",""
58,Arnia,CGWB,1,Jammu & Kashmir,5,JAMMU,R.S.PORA,R.S.PORA,Arnia,-,-,-,-,-,-,32.52194444,74.79916667,25-05-2005 00:00,7.5,1400,"",0,537,"",106,"","","","","",490,157,23.9,80,"","","","","","","","","","",""
59,Arnia,CGWB,1,Jammu & Kashmir,5,JAMMU,R.S.PORA,R.S.PORA,Arnia,-,-,-,-,-,-,32.52194444,74.79916667,25-05-2006 00:00,7.75,980,"",0,220,"",135,"","","","","",306,57,39.82,84,"","","","","","","","","","",""
60,Arnia,CGWB,1,Jammu & Kashmir,5,JAMMU,R.S.PORA,R.S.PORA,Arnia,-,-,-,-,-,-,32.52194444,74.79916667,25-05-2007 00:00,8.6,930,"",30,177,"",132,"","","","","",215,22,38.93,92,"","","","","","","","","","",""
61,Arnia,CGWB,1,Jammu & Kashmir,5,JAMMU,R.S.PORA,R.S.PORA,Arnia,-,-,-,-,-,-,32.52194444,74.79916667,25-05-2009 00:00,7.08,730,"",0,299,"",26,"",10,"","","",300,92,17.13,20,"",0.25,"","","","","","","","",""
62,Arnia,CGWB,1,Jammu & Kashmir,5,JAMMU,R.S.PORA,R.S.PORA,Arnia,-,-,-,-,-,-,32.52194444,74.79916667,25-05-2013 00:00,8.07,720,"",0,220,180.3,46,"",45,"","","",140,20,21.91,65,"",8.05,"","","","","","","","",""
63,Arnia,CGWB,1,Jammu & Kashmir,5,JAMMU,R.S.PORA,R.S.PORA,Arnia,-,-,-,-,-,-,32.52194444,74.79916667,25-05-2016 00:00,6.93,2700,1404,0,713.7,"",248.5,"",404.4999,"","","",510,130.26,44.992,216.5,"",1.19,"","","","","","","","",""
64,Arnia II,CGWB,1,Jammu & Kashmir,5,JAMMU,R.S.PORA,R.S.PORA,Arnia,-,-,-,-,-,-,32.52027778,74.79861111,25-05-2013 00:00,7.6,1180,"",0,494,404.9,78,"",9,"","","",305,56,40.18,63,"",0.57,"","","","","","","","",""
65,Arnia II,CGWB,1,Jammu & Kashmir,5,JAMMU,R.S.PORA,R.S.PORA,Arnia,-,-,-,-,-,-,32.52027778,74.79861111,25-05-2014 00:00,6.99,650,"",0,372,304.92,21,"",4,"","","",90,14,13.39,77,"",1.84,"","","","","","","","",""
66,Arnia II,CGWB,1,Jammu & Kashmir,5,JAMMU,R.S.PORA,R.S.PORA,Arnia,-,-,-,-,-,-,32.52027778,74.79861111,25-05-2015 00:00,7.83,1700,"",0,854,700,92.3,"",423,"","","",400,76,51.15,122,"","","","","","","","","","",""
67,Authoora,CGWB,1,Jammu & Kashmir,13,SRINAGAR,GANDERBAL,GANDERBAL,Forest Block,-,-,-,-,-,-,34.23638900,74.82361100,30-05-2019 08:00,7.7,450,228,0,278,"",34,"","","","","",217,13,45,43,"","","","","","","","","","",""
68,Authoora,CGWB,1,Jammu & Kashmir,13,SRINAGAR,GANDERBAL,GANDERBAL,Forest Block,-,-,-,-,-,-,34.23638900,74.82361100,30-05-2020 08:00,7.7,450,"","",278,"",34,"","","","","","",13,45,43,"","","","","","","","","","",""
69,Badola,CGWB,1,Jammu & Kashmir,14,UDHAMPUR,UDHAMPURR,UDHAMPURR,Badola,-,-,-,-,-,-,32.94444444,75.03472222,25-05-2012 00:00,7.3,340,"",0,146,"",25,"",0,"","","",149,50,6,8.7,"",0.24,"","","","","","","","",""
70,Badola,CGWB,1,Jammu & Kashmir,14,UDHAMPUR,UDHAMPURR,UDHAMPURR,Badola,-,-,-,-,-,-,32.94444444,75.03472222,25-05-2014 00:00,7.45,330,"",0,110,90.16,32,"",25,"","","",140,46,6.13,6,"",0.36,"","","","","","","","",""
71,Badola,CGWB,1,Jammu & Kashmir,14,UDHAMPUR,UDHAMPURR,UDHAMPURR,Badola,-,-,-,-,-,-,32.94444444,75.03472222,25-05-2015 00:00,8.76,330,"",6,92,85.41,32,"",18,"","","",150,34,15.84,8.2,"",2.36,"","","","","","","","",""
72,Badola,CGWB,1,Jammu & Kashmir,14,UDHAMPUR,UDHAMPURR,UDHAMPURR,Badola,-,-,-,-,-,-,32.94444444,75.03472222,25-05-2016 00:00,7.46,430,223.6,0,171,"",32,"",6.9843946,"","","",190,48,17,9.3,"",1.2,"","","","","","","","",""
73,Badola,CGWB,1,Jammu & Kashmir,14,UDHAMPUR,UDHAMPURR,UDHAMPURR,Badola,-,-,-,-,-,-,32.94444444,75.03472222,30-05-2019 08:00,7.6,420,168,0,212,"",41,"","","","","",217,74,8,9.6,"","","","","","","","","","",""
74,Badola,CGWB,1,Jammu & Kashmir,14,UDHAMPUR,UDHAMPURR,UDHAMPURR,Badola,-,-,-,-,-,-,32.94444444,75.03472222,30-05-2020 08:00,7.6,420,"","",212,"",41,"","","","","","",74,8,9.6,"","","","","","","","","","",""
75,Badola,CGWB,1,Jammu & Kashmir,14,UDHAMPUR,UDHAMPURR,UDHAMPURR,Badola,-,-,-,-,-,-,32.94444444,75.03472222,30-05-2021 08:00,7.6,1261,"",0,341.6,"",120.53,"",138,"","","",360,40,63.1904,125,"","","","","","","","","","",""
76,Badran,CGWB,1,Jammu & Kashmir,3,BARAMULA,GULMARG,GULMARG,Badran,-,-,-,-,-,-,34.24305556,74.57638889,25-05-2013 00:00,7.74,280,"",0,110,90.2,11,"",14,"","","",110,30,8.55,6.4,"","","","","","","","","","",""
77,Badran,CGWB,1,Jammu & Kashmir,3,BARAMULA,GULMARG,GULMARG,Badran,-,-,-,-,-,-,34.09305556,74.57638889,25-05-2014 00:00,7.75,250,"",0,98,80.33,28,"",4,"","","",115,30,9.76,3.8,"",0.23,"","","","","","","","",""
78,Badran,CGWB,1,Jammu & Kashmir,3,BARAMULA,GULMARG,GULMARG,Badran,-,-,-,-,-,-,34.09305556,74.57638889,30-05-2019 08:00,8.27,190,552,0,106,"",20,"","","","","",98,30,5,8.6,"","","","","","","","","","",""
79,Badran,CGWB,1,Jammu & Kashmir,3,BARAMULA,GULMARG,GULMARG,Badran,-,-,-,-,-,-,34.09305556,74.57638889,30-05-2020 08:00,8.27,190,"","",106,"",20,"","","","","","",30,5,8.6,"","","","","","","","","","",""
80,Badran,CGWB,1,Jammu & Kashmir,3,BARAMULA,GULMARG,GULMARG,Badran,-,-,-,-,-,-,34.09305556,74.57638889,30-05-2021 08:00,7.8,1435,"",0,353.8,"",241.06,"",12,"","","",320,68,36.456,155,"","","","","","","","","","",""
81,Badsoo,CGWB,1,Jammu & Kashmir,5,JAMMU,JAMMU,JAMMU,Badsoo,-,-,-,-,-,-,32.85250000,75.01861111,25-05-2014 00:00,7.75,280,"",0,116,95.08,14,"",31,"","","",120,32,9.76,13,"",0.24,"","","","","","","","",""
82,Badsoo,CGWB,1,Jammu & Kashmir,5,JAMMU,JAMMU,JAMMU,Badsoo,-,-,-,-,-,-,32.85250000,75.01861111,25-05-2016 00:00,7.53,510,265.2,0,195,"",32,"",40.787,"","","",225,66,15,21,"",4.05,"","","","","","","","",""
83,Badsoo,CGWB,1,Jammu & Kashmir,5,JAMMU,JAMMU,JAMMU,Badsoo,-,-,-,-,-,-,32.85250000,75.01861111,30-05-2019 08:00,7.96,400,240,0,225,"",20,"","","","","",206,61,13,23,"","","","","","","","","","",""
84,Badsoo,CGWB,1,Jammu & Kashmir,5,JAMMU,JAMMU,JAMMU,Badsoo,-,-,-,-,-,-,32.85250000,75.01861111,30-05-2020 08:00,7.96,400,"","",225,"",20,"","","","","","",61,13,23,"","","","","","","","","","",""
85,Badsoo,CGWB,1,Jammu & Kashmir,5,JAMMU,JAMMU,JAMMU,Badsoo,-,-,-,-,-,-,32.85250000,75.01861111,30-05-2021 08:00,7.47,1626,"",0,305,"",340.32,"",16,"","","",490,96,60.76,119.6,"","","","","","","","","","",""
86,Bagnoti,CGWB,1,Jammu & Kashmir,12,RAJAURI,NOWSHEHRA,NOWSHEHRA,Bagnoti,-,-,-,-,-,-,33.14166667,74.30000000,25-05-2000 00:00,8.05,400,"",0,159,"",35,"","","","","",130,28,14.62,"","","","","","","","","","","",""
87,Bagnoti,CGWB,1,Jammu & Kashmir,12,RAJAURI,NOWSHEHRA,NOWSHEHRA,Bagnoti,-,-,-,-,-,-,33.14166667,74.30000000,25-05-2001 00:00,7.02,500,"",0,222,"",38,"","","","","",185,48,15.86,42,"","","","","","","","","","",""
88,Bagnoti,CGWB,1,Jammu & Kashmir,12,RAJAURI,NOWSHEHRA,NOWSHEHRA,Bagnoti,-,-,-,-,-,-,33.14166667,74.30000000,25-05-2002 00:00,7.7,435,"",0,197,"",10,"",16,"","","",183,56,10.52,10,"",0.08,"","","","","","","","",""
89,Bagnoti,CGWB,1,Jammu & Kashmir,12,RAJAURI,NOWSHEHRA,NOWSHEHRA,Bagnoti,-,-,-,-,-,-,33.14166667,74.30000000,25-05-2005 00:00,7.68,641,"",0,281,"",32,"","","","","",210,36,29.22,38,"","","","","","","","","","",""
90,Bagnoti,CGWB,1,Jammu & Kashmir,12,RAJAURI,NOWSHEHRA,NOWSHEHRA,Bagnoti,-,-,-,-,-,-,33.14166667,74.30000000,25-05-2006 00:00,7.82,492,"",0,207,"",43,"","","","","",160,34,18.28,69,"","","","","","","","","","",""
91,Bagnoti,CGWB,1,Jammu & Kashmir,12,RAJAURI,NOWSHEHRA,NOWSHEHRA,Bagnoti,-,-,-,-,-,-,33.14166667,74.30000000,25-05-2007 00:00,8.2,381,"",0,146,"",39,"","","","","",130,26,15.84,33,"","","","","","","","","","",""
92,Bagnoti,CGWB,1,Jammu & Kashmir,12,RAJAURI,NOWSHEHRA,NOWSHEHRA,Bagnoti,-,-,-,-,-,-,33.14166667,74.30000000,25-05-2008 00:00,7.75,508,"",0,207,"",39,"",5,"","","",165,46,12.21,31,"",0.33,"","","","","","","","",""
93,Bagnoti,CGWB,1,Jammu & Kashmir,12,RAJAURI,NOWSHEHRA,NOWSHEHRA,Bagnoti,-,-,-,-,-,-,33.14166667,74.30000000,25-05-2009 00:00,7.4,420,"",0,195,"",28,"",27,"","","",150,28,19.48,38,"",0.67,"","","","","","","","",""
94,Bagnoti,CGWB,1,Jammu & Kashmir,12,RAJAURI,NOWSHEHRA,NOWSHEHRA,Bagnoti,-,-,-,-,-,-,33.14166667,74.30000000,25-05-2010 00:00,8.35,430,"",6,177,"",50,"",0,"","","",125,26,14.62,44,"",0.61,"","","","","","","","",""
95,Bagnoti,CGWB,1,Jammu & Kashmir,12,RAJAURI,NOWSHEHRA,NOWSHEHRA,Bagnoti,-,-,-,-,-,-,33.14166667,74.30000000,25-05-2012 00:00,7.04,730,"",0,336,"",50,"",12,"","","",214,76,6,74,"",0.08,"","","","","","","","",""
96,Bagnoti,CGWB,1,Jammu & Kashmir,12,RAJAURI,NOWSHEHRA,NOWSHEHRA,Bagnoti,-,-,-,-,-,-,33.14166667,74.30000000,25-05-2014 00:00,7.5,550,"",0,165,135.25,50,"",60,"","","",185,42,19.5,47,"",0.63,"","","","","","","","",""
97,Bagnoti,CGWB,1,Jammu & Kashmir,12,RAJAURI,NOWSHEHRA,NOWSHEHRA,Bagnoti,-,-,-,-,-,-,33.14166667,74.30000000,25-05-2015 00:00,8.57,465,"",6,116,105.08,21,"",102,"","","",100,22,10.97,62,"","","","","","","","","","",""
98,Bagnoti,CGWB,1,Jammu & Kashmir,12,RAJAURI,NOWSHEHRA,NOWSHEHRA,Bagnoti,-,-,-,-,-,-,33.14166667,74.30000000,25-05-2016 00:00,7.56,390,202.8,0,128,"",39,"",32,"","","",60,12,7,63,"",0,"","","","","","","","",""
99,Bagnoti,CGWB,1,Jammu & Kashmir,12,RAJAURI,NOWSHEHRA,NOWSHEHRA,Bagnoti,-,-,-,-,-,-,33.14166667,74.30000000,30-05-2019 08:00,8.29,570,270,0,252,"",68,"","","","","",228,22,42,57,"","","","","","","","","","",""
100,Bagnoti,CGWB,1,Jammu & Kashmir,12,RAJAURI,NOWSHEHRA,NOWSHEHRA,Bagnoti,-,-,-,-,-,-,33.14166667,74.30000000,30-05-2020 08:00,8.29,570,"","",252,"",68,"","","","","","",22,42,57,"","","","","","","","","","",""
101,Bagnoti,CGWB,1,Jammu & Kashmir,12,RAJAURI,NOWSHEHRA,NOWSHEHRA,Bagnoti,-,-,-,-,-,-,33.14166667,74.30000000,30-05-2021 08:00,7.12,1338,"",0,475.878,"",177.5,"",23.5,"","","",225,28,37.7022,199.9,"","","","","","","","","","",""
102,Bajabain,CGWB,1,Jammu & Kashmir,12,RAJAURI,SUNDERBANI,SUNDERBANI,Bajabain,-,-,-,-,-,-,33.05416667,74.41083333,25-05-2016 00:00,7.4,340,176.8,0,116,"",18,"",46,"","","",130,16,22,20,"",0,"","","","","","","","",""
103,Bajabain,CGWB,1,Jammu & Kashmir,12,RAJAURI,SUNDERBANI,SUNDERBANI,Bajabain,-,-,-,-,-,-,33.05416667,74.41083333,30-05-2019 08:00,8.26,480,252,0,291,"",27,"","","","","",250,61,24,13,"","","","","","","","","","",""
104,Bajabain,CGWB,1,Jammu & Kashmir,12,RAJAURI,SUNDERBANI,SUNDERBANI,Bajabain,-,-,-,-,-,-,33.05416667,74.41083333,30-05-2020 08:00,8.26,480,"","",291,"",27,"","","","","","",61,24,13,"","","","","","","","","","",""
105,Bajabain,CGWB,1,Jammu & Kashmir,12,RAJAURI,SUNDERBANI,SUNDERBANI,Bajabain,-,-,-,-,-,-,33.05416667,74.41083333,30-05-2021 08:00,7.92,933,"",0,231.8,"",106.35,"",36,"","","",260,40,38.8864,68,"","","","","","","","","","",""
106,Bakhar,CGWB,1,Jammu & Kashmir,12,RAJAURI,SUNDERBANI,SUNDERBANI,Bakhar,-,-,-,-,-,-,33.08805556,74.42750000,25-05-2012 00:00,7.45,300,"",0,165,"",14,"",0,"","","",134,34,12,10,"",0.01,"","","","","","","","",""
107,Bakhar,CGWB,1,Jammu & Kashmir,12,RAJAURI,SUNDERBANI,SUNDERBANI,Bakhar,-,-,-,-,-,-,33.08805556,74.42750000,25-05-2013 00:00,7.31,330,"",0,183,150,14,"",4,"","","",160,52,7.36,6.3,"","","","","","","","","","",""
108,Bakhar,CGWB,1,Jammu & Kashmir,12,RAJAURI,SUNDERBANI,SUNDERBANI,Bakhar,-,-,-,-,-,-,33.08805556,74.42750000,25-05-2014 00:00,7.61,290,"",0,153,125.41,11,"",32,"","","",155,32,18.27,8.3,"",0.15,"","","","","","","","",""
109,Bakhar,CGWB,1,Jammu & Kashmir,12,RAJAURI,SUNDERBANI,SUNDERBANI,Bakhar,-,-,-,-,-,-,33.08805556,74.42750000,25-05-2015 00:00,8.05,490,"",0,153,125.41,50,"",45,"","","",200,36,26.79,28,"","","","","","","","","","",""
110,Bakhar,CGWB,1,Jammu & Kashmir,12,RAJAURI,SUNDERBANI,SUNDERBANI,Bakhar,-,-,-,-,-,-,33.08805556,74.42750000,30-05-2021 08:00,7.6,1354,"",0,67.111,"",426,"",8.5,"","","",120,36,7.2972,244.6,"","","","","","","","","","",""
111,Bakore,CGWB,1,Jammu & Kashmir,5,JAMMU,AKHNOOR,AKHNOOR,Bakore,-,-,-,-,-,-,32.80555556,74.56250000,25-05-2000 00:00,8.2,379,"",0,182,"",14,"","","","","",186,59,9.43,6.4,"","","","","","","","","","",""
112,Bakore,CGWB,1,Jammu & Kashmir,5,JAMMU,AKHNOOR,AKHNOOR,Bakore,-,-,-,-,-,-,32.80555556,74.56250000,25-05-2001 00:00,7.81,398,"",0,216,"",7.1,"","","","","",205,66,9.81,10,"","","","","","","","","","",""
113,Bakore,CGWB,1,Jammu & Kashmir,5,JAMMU,AKHNOOR,AKHNOOR,Bakore,-,-,-,-,-,-,32.80555556,74.56250000,25-05-2002 00:00,7.4,370,"",0,137,"",14,"","","","","",163,50,9.3,6,"",0.24,"","","","","","","","",""
114,Bakore,CGWB,1,Jammu & Kashmir,5,JAMMU,AKHNOOR,AKHNOOR,Bakore,-,-,-,-,-,-,32.80555556,74.56250000,25-05-2003 00:00,7.7,540,"",0,122,"",39,"","","","","",240,72,14.68,9,"","","","","","","","","","",""
115,Bakore,CGWB,1,Jammu & Kashmir,5,JAMMU,AKHNOOR,AKHNOOR,Bakore,-,-,-,-,-,-,32.80555556,74.56250000,25-05-2004 00:00,8.07,520,"",0,226,"",12,"","","","","",230,68,14.67,8.4,"","","","","","","","","","",""
116,Bakore,CGWB,1,Jammu & Kashmir,5,JAMMU,AKHNOOR,AKHNOOR,Bakore,-,-,-,-,-,-,32.80555556,74.56250000,25-05-2005 00:00,7.82,515,"",0,140,"",33,"","","","","",231,75,10.67,8.4,"","","","","","","","","","",""
117,Bakore,CGWB,1,Jammu & Kashmir,5,JAMMU,AKHNOOR,AKHNOOR,Bakore,-,-,-,-,-,-,32.80555556,74.56250000,25-05-2006 00:00,8.12,354,"",0,183,"",18,"","","","","",188,64,6.89,5.8,"","","","","","","","","","",""
118,Bakore,CGWB,1,Jammu & Kashmir,5,JAMMU,AKHNOOR,AKHNOOR,Bakore,-,-,-,-,-,-,32.80555556,74.56250000,25-05-2007 00:00,8,552,"",0,159,"",53,"","","","","",245,72,15.89,10,"","","","","","","","","","",""
119,Bakore,CGWB,1,Jammu & Kashmir,5,JAMMU,AKHNOOR,AKHNOOR,Bakore,-,-,-,-,-,-,32.80555556,74.56250000,25-05-2008 00:00,7.1,446,"",0,165,"",25,"",22,"","","",185,56,11.01,7.9,"",0.24,"","","","","","","","",""
120,Bakore,CGWB,1,Jammu & Kashmir,5,JAMMU,AKHNOOR,AKHNOOR,Bakore,-,-,-,-,-,-,32.80555556,74.56250000,25-05-2009 00:00,7.3,453,"",0,220,"",11,"",24,"","","",205,42,24.36,8,"",0.81,"","","","","","","","",""
121,Bakore,CGWB,1,Jammu & Kashmir,5,JAMMU,AKHNOOR,AKHNOOR,Bakore,-,-,-,-,-,-,32.80555556,74.56250000,25-05-2010 00:00,8.5,460,"",12,256,"",28,"",0.1,"","","",235,76,11.03,17,"",0.45,"","","","","","","","",""
122,Bakore,CGWB,1,Jammu & Kashmir,5,JAMMU,AKHNOOR,AKHNOOR,Bakore,-,-,-,-,-,-,32.80555556,74.56250000,25-05-2012 00:00,7.5,660,"",0,311,"",39,"",10,"","","",294,98,12,17,"",0.13,"","","","","","","","",""
123,Bakore,CGWB,1,Jammu & Kashmir,5,JAMMU,AKHNOOR,AKHNOOR,Bakore,-,-,-,-,-,-,32.80555556,74.56250000,25-05-2013 00:00,7.72,610,"",0,214,175.4,46,"",53,"","","",265,50,34.1,28,"",4.55,"","","","","","","","",""
124,Bakore,CGWB,1,Jammu & Kashmir,5,JAMMU,AKHNOOR,AKHNOOR,Bakore,-,-,-,-,-,-,32.80555556,74.56250000,25-05-2014 00:00,7.6,300,"",0,116,95.08,18,"",29,"","","",120,28,12.19,11,"",1.04,"","","","","","","","",""
125,Bakore,CGWB,1,Jammu & Kashmir,5,JAMMU,AKHNOOR,AKHNOOR,Bakore,-,-,-,-,-,-,32.80555556,74.56250000,25-05-2015 00:00,7.96,440,"",0,159,130.33,43,"",33,"","","",180,32.1,24.29,23.9,"",0.22,"","","","","","","","",""
126,Bakore,CGWB,1,Jammu & Kashmir,5,JAMMU,AKHNOOR,AKHNOOR,Bakore,-,-,-,-,-,-,32.80555556,74.56250000,25-05-2016 00:00,8.04,345,179.4,0,237.9,"",42.6,"",27.148144,"","","",264.275,56.112,30.22368,8.5,"",3.53,"","","","","","","","",""
127,Bakore,CGWB,1,Jammu & Kashmir,5,JAMMU,AKHNOOR,AKHNOOR,Bakore,-,-,-,-,-,-,32.80555556,74.56250000,30-05-2021 08:00,7.6,150,"",0,42.714,"",17.725,"",19.2,"","","",40,8,4.8608,16.1,"","","","","","","","","","",""
128,Banpari,CGWB,1,Jammu & Kashmir,12,RAJAURI,SUNDERBANI,SUNDERBANI,Banpari,-,-,-,-,-,-,33.03333333,74.45833333,25-05-2000 00:00,7.88,248,"",0,134,"",7.1,"","","","","",110,30,8.55,"","","","","","","","","","","",""
129,Banpari,CGWB,1,Jammu & Kashmir,12,RAJAURI,SUNDERBANI,SUNDERBANI,Banpari,-,-,-,-,-,-,33.03333333,74.45833333,25-05-2001 00:00,7.34,347,"",0,207,"",10,"","","","","",195,52,15.87,9.3,"","","","","","","","","","",""
130,Banpari,CGWB,1,Jammu & Kashmir,12,RAJAURI,SUNDERBANI,SUNDERBANI,Banpari,-,-,-,-,-,-,33.03333333,74.45833333,25-05-2002 00:00,7.8,615,"",0,305,"",14,"",2.5,"","","",270,82,15.9,11,"",0.18,"","","","","","","","",""
131,Banpari,CGWB,1,Jammu & Kashmir,12,RAJAURI,SUNDERBANI,SUNDERBANI,Banpari,-,-,-,-,-,-,33.03333333,74.45833333,25-05-2003 00:00,7.42,461,"",0,220,"",14,"","","","","",195,32,28,6.4,"","","","","","","","","","",""
132,Banpari,CGWB,1,Jammu & Kashmir,12,RAJAURI,SUNDERBANI,SUNDERBANI,Banpari,-,-,-,-,-,-,33.03333333,74.45833333,25-05-2005 00:00,7.81,724,"",0,309,"",50,"","","","","",245,20,47.43,62,"","","","","","","","","","",""
133,Banpari,CGWB,1,Jammu & Kashmir,12,RAJAURI,SUNDERBANI,SUNDERBANI,Banpari,-,-,-,-,-,-,33.03333333,74.45833333,25-05-2006 00:00,7.85,520,"",0,171,"",57,"","","","","",192,34,26,29,"","","","","","","","","","",""
134,Banpari,CGWB,1,Jammu & Kashmir,12,RAJAURI,SUNDERBANI,SUNDERBANI,Banpari,-,-,-,-,-,-,33.03333333,74.45833333,25-05-2007 00:00,8.15,447,"",0,159,"",57,"","","","","",130,18,20.69,45,"","","","","","","","","","",""
135,Banpari,CGWB,1,Jammu & Kashmir,12,RAJAURI,SUNDERBANI,SUNDERBANI,Banpari,-,-,-,-,-,-,33.03333333,74.45833333,25-05-2008 00:00,7.52,488,"",0,244,"",18,"",10,"","","",220,62,15.88,10,"",0.21,"","","","","","","","",""
136,Banpari,CGWB,1,Jammu & Kashmir,12,RAJAURI,SUNDERBANI,SUNDERBANI,Banpari,-,-,-,-,-,-,33.03333333,74.45833333,25-05-2009 00:00,7.5,290,"",0,165,"",11,"",15,"","","",140,30,15.84,14,"",0.27,"","","","","","","","",""
137,Banpari,CGWB,1,Jammu & Kashmir,12,RAJAURI,SUNDERBANI,SUNDERBANI,Banpari,-,-,-,-,-,-,33.03333333,74.45833333,25-05-2010 00:00,8.4,320,"",6,134,"",25,"",8,"","","",130,28,14.62,15,"",0.2,"","","","","","","","",""
138,Banpari,CGWB,1,Jammu & Kashmir,12,RAJAURI,SUNDERBANI,SUNDERBANI,Banpari,-,-,-,-,-,-,33.03333333,74.45833333,25-05-2012 00:00,7.32,435,"",0,232,"",18,"",0,"","","",188,54,13,13,"",0.1,"","","","","","","","",""
139,Banpari,CGWB,1,Jammu & Kashmir,12,RAJAURI,SUNDERBANI,SUNDERBANI,Banpari,-,-,-,-,-,-,33.03333333,74.45833333,25-05-2013 00:00,7.15,650,"",0,208,170.5,57,"",32,"","","",205,44,23.15,39,"",1,"","","","","","","","",""
140,Banpari,CGWB,1,Jammu & Kashmir,12,RAJAURI,SUNDERBANI,SUNDERBANI,Banpari,-,-,-,-,-,-,33.03333333,74.45833333,25-05-2014 00:00,7.58,270,"",0,134,109.84,11,"",8,"","","",120,34,8.55,11,"",0.1,"","","","","","","","",""
141,Banpari,CGWB,1,Jammu & Kashmir,12,RAJAURI,SUNDERBANI,SUNDERBANI,Banpari,-,-,-,-,-,-,33.03333333,74.45833333,25-05-2015 00:00,8.42,510,"",6,128,114.92,46,"",76,"","","",145,14,26.76,58,"","","","","","","","","","",""
142,Banpari,CGWB,1,Jammu & Kashmir,12,RAJAURI,SUNDERBANI,SUNDERBANI,Banpari,-,-,-,-,-,-,33.03333333,74.45833333,30-05-2019 08:00,7.89,760,246,0,238,"",54,"","","","","",326,35,58,58,"","","","","","","","","","",""
143,Banpari,CGWB,1,Jammu & Kashmir,12,RAJAURI,SUNDERBANI,SUNDERBANI,Banpari,-,-,-,-,-,-,33.03333333,74.45833333,30-05-2020 08:00,7.89,760,"","",238,"",54,"","","","","","",35,58,58,"","","","","","","","","","",""
144,Banpari,CGWB,1,Jammu & Kashmir,12,RAJAURI,SUNDERBANI,SUNDERBANI,Banpari,-,-,-,-,-,-,33.03333333,74.45833333,30-05-2021 08:00,7.4,3200,"",0,329.4,"",645.19,"",287,"","","",700,124,94.7856,319.1,"","","","","","","","","","",""
145,Baradow,CGWB,1,Jammu & Kashmir,5,JAMMU,AKHNOOR,AKHNOOR,Baradow,-,-,-,-,-,-,32.90833333,74.43611111,25-05-2013 00:00,7.83,360,"",0,189,154.9,14,"",2,"","","",175,46,14.64,6.8,"",0.14,"","","","","","","","",""
146,Baradow,CGWB,1,Jammu & Kashmir,5,JAMMU,AKHNOOR,AKHNOOR,Baradow,-,-,-,-,-,-,32.90833333,74.43611111,25-05-2014 00:00,7.53,290,"",0,134,109.84,21,"",15,"","","",115,28,10.97,11,"",0.1,"","","","","","","","",""
147,Baradow,CGWB,1,Jammu & Kashmir,5,JAMMU,AKHNOOR,AKHNOOR,Baradow,-,-,-,-,-,-,32.90833333,74.43611111,25-05-2015 00:00,8,360,"",0,116,95.08,14.2,"",52,"","","",145,36.1,13.36,22,"",1.89,"","","","","","","","",""
148,Baradow,CGWB,1,Jammu & Kashmir,5,JAMMU,AKHNOOR,AKHNOOR,Baradow,-,-,-,-,-,-,32.90833333,74.43611111,25-05-2016 00:00,8.2,230,119.6,0,128.1,"",14.2,"",9.595593,"","","",120.125,24.048,14.6224,9.3,"",7.65,"","","","","","","","",""
149,Baradow,CGWB,1,Jammu & Kashmir,5,JAMMU,AKHNOOR,AKHNOOR,Baradow,-,-,-,-,-,-,32.90833333,74.43611111,30-05-2019 08:00,7,730,258,0,530,"",41,"","","","","",326,35,58,93.9,"","","","","","","","","","",""
150,Baradow,CGWB,1,Jammu & Kashmir,5,JAMMU,AKHNOOR,AKHNOOR,Baradow,-,-,-,-,-,-,32.90833333,74.43611111,30-05-2020 08:00,7,730,"","",530,"",41,"","","","","","",35,58,93.9,"","","","","","","","","","",""
151,Baradow,CGWB,1,Jammu & Kashmir,5,JAMMU,AKHNOOR,AKHNOOR,Baradow,-,-,-,-,-,-,32.90833333,74.43611111,30-05-2021 08:00,7.6,1306,"",0,298.9,"",163.07,"",115,"","","",430,120,31.5952,76,"","","","","","","","","","",""
152,Bareri,CGWB,1,Jammu & Kashmir,12,RAJAURI,NOWSHEHRA,NOWSHEHRA,Bareri,-,-,-,-,-,-,33.10388889,74.19444444,25-05-2000 00:00,8.1,314,"",0,183,"",24,"","","","","",130,24,17.05,"","","","","","","","","","","",""
153,Bareri,CGWB,1,Jammu & Kashmir,12,RAJAURI,NOWSHEHRA,NOWSHEHRA,Bareri,-,-,-,-,-,-,33.10388889,74.19444444,25-05-2001 00:00,7.45,469,"","",287,"",21,"","","","","",78,"","","","","","","","","","","","","",""
154,Bareri,CGWB,1,Jammu & Kashmir,12,RAJAURI,NOWSHEHRA,NOWSHEHRA,Bareri,-,-,-,-,-,-,33.10388889,74.19444444,25-05-2002 00:00,7.3,695,"",0,311,"",28,"",10,"","","",264,64,25.36,32,"",0.12,"","","","","","","","",""
155,Bareri,CGWB,1,Jammu & Kashmir,12,RAJAURI,NOWSHEHRA,NOWSHEHRA,Bareri,-,-,-,-,-,-,33.10388889,74.19444444,25-05-2003 00:00,8.04,401,"",0,146,"",25,"","","","","",145,30,17.06,7,"","","","","","","","","","",""
156,Bareri,CGWB,1,Jammu & Kashmir,12,RAJAURI,NOWSHEHRA,NOWSHEHRA,Bareri,-,-,-,-,-,-,33.10388889,74.19444444,25-05-2004 00:00,7.8,603,"",0,293,"",14,"","","","","",230,54,23.16,23,"","","","","","","","","","",""
157,Bareri,CGWB,1,Jammu & Kashmir,12,RAJAURI,NOWSHEHRA,NOWSHEHRA,Bareri,-,-,-,-,-,-,33.10388889,74.19444444,25-05-2007 00:00,7.98,1029,"",0,354,"",170,"","","","","",370,100,29.3,84,"","","","","","","","","","",""
158,Bareri,CGWB,1,Jammu & Kashmir,12,RAJAURI,NOWSHEHRA,NOWSHEHRA,Bareri,-,-,-,-,-,-,33.10388889,74.19444444,25-05-2008 00:00,7.58,1470,"",0,525,"",184,"",10,"","","",545,144,45.15,70,"",0.44,"","","","","","","","",""
159,Bareri,CGWB,1,Jammu & Kashmir,12,RAJAURI,NOWSHEHRA,NOWSHEHRA,Bareri,-,-,-,-,-,-,33.10388889,74.19444444,25-05-2009 00:00,7.1,900,"",0,238,"",113,"",91,"","","",305,54,41.4,72,"",0.36,"","","","","","","","",""
160,Bareri,CGWB,1,Jammu & Kashmir,12,RAJAURI,NOWSHEHRA,NOWSHEHRA,Bareri,-,-,-,-,-,-,33.10388889,74.19444444,25-05-2012 00:00,7.34,1130,"",0,323,"",195,"",42,"","","",398,92,41,88,"",0.1,"","","","","","","","",""
161,Bareri,CGWB,1,Jammu & Kashmir,12,RAJAURI,NOWSHEHRA,NOWSHEHRA,Bareri,-,-,-,-,-,-,33.10388889,74.19444444,25-05-2013 00:00,7.31,1150,"",0,244,200,227,"",37,"","","",285,44,42.6,125,"","","","","","","","","","",""
162,Bareri,CGWB,1,Jammu & Kashmir,12,RAJAURI,NOWSHEHRA,NOWSHEHRA,Bareri,-,-,-,-,-,-,33.10388889,74.19444444,25-05-2014 00:00,7.24,1290,"",0,372,304.92,241,"",3,"","","",385,52,62.06,118,"",0.1,"","","","","","","","",""
163,Bareri,CGWB,1,Jammu & Kashmir,12,RAJAURI,NOWSHEHRA,NOWSHEHRA,Bareri,-,-,-,-,-,-,33.10388889,74.19444444,25-05-2015 00:00,8.21,990,"",0,140,114.75,184,"",76,"","","",280,42,42.6,107,"","","","","","","","","","",""
164,Bareri,CGWB,1,Jammu & Kashmir,12,RAJAURI,NOWSHEHRA,NOWSHEHRA,Bareri,-,-,-,-,-,-,33.10388889,74.19444444,25-05-2016 00:00,7.03,760,395.2,0,195,"",82,"",106,"","","",155,18,27,106,"",0.23,"","","","","","","","",""
165,Bareri,CGWB,1,Jammu & Kashmir,12,RAJAURI,NOWSHEHRA,NOWSHEHRA,Bareri,-,-,-,-,-,-,33.10388889,74.19444444,30-05-2019 08:00,8.41,470,498,14,318,"",20,"","","","","",217,26,37,45,"","","","","","","","","","",""
166,Bareri,CGWB,1,Jammu & Kashmir,12,RAJAURI,NOWSHEHRA,NOWSHEHRA,Bareri,-,-,-,-,-,-,33.10388889,74.19444444,30-05-2020 08:00,8.41,470,"","",318,"",20,"","","","","","",26,37,45,"","","","","","","","","","",""
167,Bareri,CGWB,1,Jammu & Kashmir,12,RAJAURI,NOWSHEHRA,NOWSHEHRA,Bareri,-,-,-,-,-,-,33.10388889,74.19444444,30-05-2021 08:00,7.23,3120,"",0,262.343,"",880.4,"",51,"","","",960,248,82.7016,270.4,"","","","","","","","","","",""
168,Barni,CGWB,1,Jammu & Kashmir,7,KATHUA,KATHUA,KATHUA,Barni,-,-,-,-,-,-,32.42388889,75.59388889,25-05-2000 00:00,8.1,283,"",0,177,"",8.9,"","","","","",149,38,13.18,"","","","","","","","","","","",""
169,Barni,CGWB,1,Jammu & Kashmir,7,KATHUA,KATHUA,KATHUA,Barni,-,-,-,-,-,-,32.42388889,75.59388889,25-05-2001 00:00,8.03,280,"",0,146,"",7.1,"","","","","",130,34,10.98,10,"","","","","","","","","","",""
170,Barni,CGWB,1,Jammu & Kashmir,7,KATHUA,KATHUA,KATHUA,Barni,-,-,-,-,-,-,32.42388889,75.59388889,25-05-2003 00:00,7.7,285,"",0,146,"",11,"","","","","",125,36,8.55,9.6,"","","","","","","","","","",""
171,Barni,CGWB,1,Jammu & Kashmir,7,KATHUA,KATHUA,KATHUA,Barni,-,-,-,-,-,-,32.42388889,75.59388889,25-05-2004 00:00,8.1,290,"",0,171,"",7.1,"","","","","",155,44,10.99,8.9,"","","","","","","","","","",""
172,Barni,CGWB,1,Jammu & Kashmir,7,KATHUA,KATHUA,KATHUA,Barni,-,-,-,-,-,-,32.42388889,75.59388889,25-05-2005 00:00,7.35,323,"",0,168,"",7.1,"","","","","",135,42,7.35,8,"","","","","","","","","","",""
173,Barni,CGWB,1,Jammu & Kashmir,7,KATHUA,KATHUA,KATHUA,Barni,-,-,-,-,-,-,32.42388889,75.59388889,25-05-2006 00:00,7.08,252,"",0,134,"",7.1,"","","","","",115,26,12.19,8.8,"","","","","","","","","","",""
174,Barni,CGWB,1,Jammu & Kashmir,7,KATHUA,KATHUA,KATHUA,Barni,-,-,-,-,-,-,32.42388889,75.59388889,25-05-2007 00:00,8.14,313,"",0,189,"",7.1,"","","","","",145,42,9.78,10,"","","","","","","","","","",""
175,Barni,CGWB,1,Jammu & Kashmir,7,KATHUA,KATHUA,KATHUA,Barni,-,-,-,-,-,-,32.42388889,75.59388889,25-05-2008 00:00,7.1,337,"",0,79,"",64,"",0,"","","",135,36,10.98,9.6,"",0.55,"","","","","","","","",""
176,Barni,CGWB,1,Jammu & Kashmir,7,KATHUA,KATHUA,KATHUA,Barni,-,-,-,-,-,-,32.42388889,75.59388889,25-05-2009 00:00,7.8,270,"",0,165,"",7.1,"",8,"","","",135,34,12.2,9.2,"",0.15,"","","","","","","","",""
177,Barni,CGWB,1,Jammu & Kashmir,7,KATHUA,KATHUA,KATHUA,Barni,-,-,-,-,-,-,32.42388889,75.59388889,25-05-2012 00:00,7.91,320,"",0,189,"",11,"",0.01,"","","",154,42,12,9.2,"",0.92,"","","","","","","","",""
178,Barni,CGWB,1,Jammu & Kashmir,7,KATHUA,KATHUA,KATHUA,Barni,-,-,-,-,-,-,32.42388889,75.59388889,25-05-2013 00:00,7.92,320,"","","","","","","","","","",170,46,13.43,10,"",0.4,"","","","","","","","",""
179,Barni,CGWB,1,Jammu & Kashmir,7,KATHUA,KATHUA,KATHUA,Barni,-,-,-,-,-,-,32.42388889,75.59388889,25-05-2014 00:00,8.06,550,"",0,293,240.16,18,"",58,"","","",280,86,15.91,9,"",1.34,"","","","","","","","",""
180,Barni,CGWB,1,Jammu & Kashmir,7,KATHUA,KATHUA,KATHUA,Barni,-,-,-,-,-,-,32.42388889,75.59388889,25-05-2015 00:00,8.18,290,"",0,189,154.92,3.6,"",0,"","","",140,36,12.2,9.3,"","","","","","","","","","",""
181,Barni,CGWB,1,Jammu & Kashmir,7,KATHUA,KATHUA,KATHUA,Barni,-,-,-,-,-,-,32.42388889,75.59388889,25-05-2016 00:00,7.3,290,150.8,0,201.3,"",15.214286,"",33.019424,"","","",205,48.096,20.672,9.14,"",0,"","","","","","","","",""
182,Barni,CGWB,1,Jammu & Kashmir,7,KATHUA,KATHUA,KATHUA,Barni,-,-,-,-,-,-,32.42388889,75.59388889,30-05-2019 08:00,8.41,260,222,0,185,"",14,"","","","","",163,39,16,9.7,"","","","","","","","","","",""
183,Barni,CGWB,1,Jammu & Kashmir,7,KATHUA,KATHUA,KATHUA,Barni,-,-,-,-,-,-,32.42388889,75.59388889,30-05-2020 08:00,8.41,260,"","",185,"",14,"","","","","","",39,16,9.7,"","","","","","","","","","",""
184,Barni,CGWB,1,Jammu & Kashmir,7,KATHUA,KATHUA,KATHUA,Barni,-,-,-,-,-,-,32.42388889,75.59388889,30-05-2021 08:00,7.2,1422,"",0,323.3,"",248.15,"",50,"","","",450,64,70.4816,99,"","","","","","","","","","",""
185,Bassi Kalan,CGWB,1,Jammu & Kashmir,5,JAMMU,SAMBA,SAMBA,Bassi Kalan,-,-,-,-,-,-,32.63722222,74.90138889,25-05-2013 00:00,8.36,380,"",6,159,140.3,21,"",5,"","","",150,20,24.34,15,"",0.08,"","","","","","","","",""
186,Bassi Kalan,CGWB,1,Jammu & Kashmir,5,JAMMU,SAMBA,SAMBA,Bassi Kalan,-,-,-,-,-,-,32.63722222,74.90138889,25-05-2014 00:00,7.81,360,"",0,163,133.61,43,"",0,"","","",160,22,25.56,17,"",0.92,"","","","","","","","",""
187,Bassi Kalan,CGWB,1,Jammu & Kashmir,5,JAMMU,SAMBA,SAMBA,Bassi Kalan,-,-,-,-,-,-,32.63722222,74.90138889,25-05-2015 00:00,7.89,850,"",0,500,409.84,64,"",86,"","","",390,48,65.7,92,"","","","","","","","","","",""
188,Bassi Kalan,CGWB,1,Jammu & Kashmir,5,JAMMU,SAMBA,SAMBA,Bassi Kalan,-,-,-,-,-,-,32.63722222,74.90138889,25-05-2016 00:00,7.38,700,364,0,341.6,"",24.85,"",74.92014,"","","",330,32.064,60.8,32.6,"",0.87,"","","","","","","","",""
189,Bassi Kalan,CGWB,1,Jammu & Kashmir,5,JAMMU,SAMBA,SAMBA,Bassi Kalan,-,-,-,-,-,-,32.63722222,74.90138889,30-05-2019 08:00,8.25,340,222,0,159,"",41,"","","","","",152,22,24,22,"","","","","","","","","","",""
190,Bassi Kalan,CGWB,1,Jammu & Kashmir,5,JAMMU,SAMBA,SAMBA,Bassi Kalan,-,-,-,-,-,-,32.63722222,74.90138889,30-05-2020 08:00,8.25,340,"","",159,"",41,"","","","","","",22,24,22,"","","","","","","","","","",""
191,Bassi Kalan,CGWB,1,Jammu & Kashmir,5,JAMMU,SAMBA,SAMBA,Bassi Kalan,-,-,-,-,-,-,32.63722222,74.90138889,30-05-2021 08:00,7.25,2930,"",0,305,"",683,"",100,"","","",660,172,56,256,"","","","","","","","","","",""
192,Batera,CGWB,1,Jammu & Kashmir,5,JAMMU,JAMMU,JAMMU,Batera,-,-,-,-,-,-,32.84833333,74.74638889,25-05-2013 00:00,7.96,470,"",0,235,192.6,25,"",2,"","","",225,56,20.73,3.7,"",0.31,"","","","","","","","",""
193,Batera,CGWB,1,Jammu & Kashmir,5,JAMMU,JAMMU,JAMMU,Batera,-,-,-,-,-,-,32.84833333,74.74638889,25-05-2014 00:00,7.41,280,"",0,159,130.33,7,"",0,"","","",130,28,14.62,5,"",0.57,"","","","","","","","",""
194,Batera,CGWB,1,Jammu & Kashmir,5,JAMMU,JAMMU,JAMMU,Batera,-,-,-,-,-,-,32.84833333,74.74638889,25-05-2015 00:00,8.23,340,"",0,146,119.67,18,"",38,"","","",180,60.1,7.31,6.1,"",1.11,"","","","","","","","",""
195,Battal Ballian,CGWB,1,Jammu & Kashmir,14,UDHAMPUR,UDHAMPURR,UDHAMPURR,Battal Ballian,-,-,-,-,-,-,32.87972222,75.12555556,25-05-2000 00:00,8.17,302,"",0,116,"",24,"","","","","",130,26,15.84,"","","","","","","","","","","",""
196,Battal Ballian,CGWB,1,Jammu & Kashmir,14,UDHAMPUR,UDHAMPURR,UDHAMPURR,Battal Ballian,-,-,-,-,-,-,32.87972222,75.12555556,25-05-2001 00:00,7.47,232,"",0,124,"",10,"","","","","",112,35,6,10,"","","","","","","","","","",""
197,Battal Ballian,CGWB,1,Jammu & Kashmir,14,UDHAMPUR,UDHAMPURR,UDHAMPURR,Battal Ballian,-,-,-,-,-,-,32.87972222,75.12555556,25-05-2002 00:00,8.3,257,"",18,84,"",17,"","","","","",105,32,6.12,11,"",0.12,"","","","","","","","",""
198,Battal Ballian,CGWB,1,Jammu & Kashmir,14,UDHAMPUR,UDHAMPURR,UDHAMPURR,Battal Ballian,-,-,-,-,-,-,32.87972222,75.12555556,25-05-2003 00:00,8,250,"",0,111,"",14,"","","","","",110,34,6.1,8.8,"","","","","","","","","","",""
199,Battal Ballian,CGWB,1,Jammu & Kashmir,14,UDHAMPUR,UDHAMPURR,UDHAMPURR,Battal Ballian,-,-,-,-,-,-,32.87972222,75.12555556,25-05-2004 00:00,8.27,310,"",0,128,"",25,"","","","","",110,24,12.19,15,"","","","","","","","","","",""
200,Battal Ballian,CGWB,1,Jammu & Kashmir,14,UDHAMPUR,UDHAMPURR,UDHAMPURR,Battal Ballian,-,-,-,-,-,-,32.87972222,75.12555556,25-05-2005 00:00,8.23,445,"",0,207,"",11,"","","","","",205,60,13.45,15,"","","","","","","","","","",""
201,Battal Ballian,CGWB,1,Jammu & Kashmir,14,UDHAMPUR,UDHAMPURR,UDHAMPURR,Battal Ballian,-,-,-,-,-,-,32.87972222,75.12555556,25-05-2006 00:00,7.7,298,"",0,140,"",14,"","","","","",135,40,8.56,9.4,"","","","","","","","","","",""
202,Battal Ballian,CGWB,1,Jammu & Kashmir,14,UDHAMPUR,UDHAMPURR,UDHAMPURR,Battal Ballian,-,-,-,-,-,-,32.87972222,75.12555556,25-05-2007 00:00,7.98,350,"",0,207,"",14,"","","","","",170,46,13.43,11,"","","","","","","","","","",""
203,Battal Ballian,CGWB,1,Jammu & Kashmir,14,UDHAMPUR,UDHAMPURR,UDHAMPURR,Battal Ballian,-,-,-,-,-,-,32.87972222,75.12555556,25-05-2008 00:00,7.5,215,"",0,85,"",18,"",30,"","","",85,20,8.53,12,"",0.26,"","","","","","","","",""
204,Battal Ballian,CGWB,1,Jammu & Kashmir,14,UDHAMPUR,UDHAMPURR,UDHAMPURR,Battal Ballian,-,-,-,-,-,-,32.87972222,75.12555556,25-05-2009 00:00,7.95,250,"",0,134,"",7.1,"",0.01,"","","",115,34,7.34,7.2,"",0.77,"","","","","","","","",""
205,Battal Ballian,CGWB,1,Jammu & Kashmir,14,UDHAMPUR,UDHAMPURR,UDHAMPURR,Battal Ballian,-,-,-,-,-,-,32.87972222,75.12555556,25-05-2010 00:00,7.85,170,"",0,98,"",7.1,"",0,"","","",70,16,7.31,9.2,"",0.58,"","","","","","","","",""
206,Battal Ballian,CGWB,1,Jammu & Kashmir,14,UDHAMPUR,UDHAMPURR,UDHAMPURR,Battal Ballian,-,-,-,-,-,-,32.87972222,75.12555556,25-05-2012 00:00,7.88,1400,"",0,146,"",359,"",65,"","","",498,160,24,91,"",0.31,"","","","","","","","",""
207,Battal Ballian,CGWB,1,Jammu & Kashmir,14,UDHAMPUR,UDHAMPURR,UDHAMPURR,Battal Ballian,-,-,-,-,-,-,32.87972222,75.12555556,25-05-2013 00:00,7.05,940,"",0,153,125.4,152,"",97,"","","",325,48,49.9,63,"",0.51,"","","","","","","","",""
208,Battal Ballian,CGWB,1,Jammu & Kashmir,14,UDHAMPUR,UDHAMPURR,UDHAMPURR,Battal Ballian,-,-,-,-,-,-,32.87972222,75.12555556,25-05-2014 00:00,6.89,1020,"",0,104,85.25,213,"",102,"","","",320,76,31.7,88,"",0.56,"","","","","","","","",""
209,Battal Ballian,CGWB,1,Jammu & Kashmir,14,UDHAMPUR,UDHAMPURR,UDHAMPURR,Battal Ballian,-,-,-,-,-,-,32.87972222,75.12555556,25-05-2015 00:00,7.92,460,"",0,128,104.92,28,"",74,"","","",210,34,30.43,10,"",0.12,"","","","","","","","",""
210,Battal Ballian,CGWB,1,Jammu & Kashmir,14,UDHAMPUR,UDHAMPURR,UDHAMPURR,Battal Ballian,-,-,-,-,-,-,32.87972222,75.12555556,25-05-2016 00:00,7.53,710,369.2,0,195,"",96,"",115.92948,"","","",305,56,40,56,"",0,"","","","","","","","",""
211,Battal Ballian,CGWB,1,Jammu & Kashmir,14,UDHAMPUR,UDHAMPURR,UDHAMPURR,Battal Ballian,-,-,-,-,-,-,32.87972222,75.12555556,30-05-2021 08:00,7.4,3520,"",0,427,"",602.65,"",307,"","","",660,116,89.9248,356,"","","","","","","","","","",""
212,Bega,CGWB,1,Jammu & Kashmir,5,JAMMU,R.S.PORA,R.S.PORA,Bega,-,-,-,-,-,-,32.61472222,74.66805556,25-05-2013 00:00,8.2,1510,"",0,519,425.4,113,"",124,"","","",270,8,60.79,65,"",0.16,"","","","","","","","",""
213,Bega,CGWB,1,Jammu & Kashmir,5,JAMMU,R.S.PORA,R.S.PORA,Bega,-,-,-,-,-,-,32.61472222,74.66805556,25-05-2015 00:00,8.05,1440,"",0,732,600,71,"",5,"","","",270,92,36,50,"",0.5,"","","","","","","","",""
214,Bega,CGWB,1,Jammu & Kashmir,5,JAMMU,R.S.PORA,R.S.PORA,Bega,-,-,-,-,-,-,32.61472222,74.66805556,25-05-2016 00:00,7.36,570,296.4,0,366,"",7.1,"",79.5511,"","","",325,36.072,57.152,30.94,"",0.6,"","","","","","","","",""
215,Bega,CGWB,1,Jammu & Kashmir,5,JAMMU,R.S.PORA,R.S.PORA,Bega,-,-,-,-,-,-,32.61472222,74.66805556,30-05-2019 08:00,9.01,885,"",36,256,"",43,"","","",25,"",270,20,53,81,"","","","","","","","","","",""
216,Bega,CGWB,1,Jammu & Kashmir,5,JAMMU,R.S.PORA,R.S.PORA,Bega,-,-,-,-,-,-,32.61472222,74.66805556,30-05-2020 08:00,9.01,885,"","",256,"",43,"","","",25,"","",20,53,81,"","","","","","","","","","",""
217,Bengular,CGWB,1,Jammu & Kashmir,5,JAMMU,SAMBA,SAMBA,Bengular,-,-,-,-,-,-,32.49444444,75.06250000,25-05-2001 00:00,8.11,285,"",0,104,"",11,"","","","","",120,30,10.98,17,"","","","","","","","","","",""
218,Bengular,CGWB,1,Jammu & Kashmir,5,JAMMU,SAMBA,SAMBA,Bengular,-,-,-,-,-,-,32.49444444,75.06250000,25-05-2003 00:00,8.32,2170,"",66,659,"",241,"","","","","",540,104,68.2,250,"","","","","","","","","","",""
219,Bengular,CGWB,1,Jammu & Kashmir,5,JAMMU,SAMBA,SAMBA,Bengular,-,-,-,-,-,-,32.49444444,75.06250000,25-05-2004 00:00,7.24,1430,"",0,659,"",92,"","","","","",430,94,47.52,108,"","","","","","","","","","",""
220,Bengular,CGWB,1,Jammu & Kashmir,5,JAMMU,SAMBA,SAMBA,Bengular,-,-,-,-,-,-,32.49444444,75.06250000,25-05-2006 00:00,7.42,805,"",0,311,"",74,"","","","","",245,47,31.06,82,"","","","","","","","","","",""
221,Bengular,CGWB,1,Jammu & Kashmir,5,JAMMU,SAMBA,SAMBA,Bengular,-,-,-,-,-,-,32.49444444,75.06250000,25-05-2007 00:00,8.5,745,"",24,140,"",99,"","","","","",160,34,18.28,86,"","","","","","","","","","",""
222,Bengular,CGWB,1,Jammu & Kashmir,5,JAMMU,SAMBA,SAMBA,Bengular,-,-,-,-,-,-,32.49444444,75.06250000,25-05-2008 00:00,7.68,866,"",0,281,"",78,"",24,"","","",330,38,57.18,42,"",0.29,"","","","","","","","",""
223,Bengular,CGWB,1,Jammu & Kashmir,5,JAMMU,SAMBA,SAMBA,Bengular,-,-,-,-,-,-,32.49444444,75.06250000,25-05-2009 00:00,7.26,3240,"",0,1379,"",277,"",35,"","","",840,152,112.03,220,"",0.32,"","","","","","","","",""
224,Bengular,CGWB,1,Jammu & Kashmir,5,JAMMU,SAMBA,SAMBA,Bengular,-,-,-,-,-,-,32.49444444,75.06250000,25-05-2010 00:00,8.8,530,"",18,128,"",78,"",20,"","","",135,30,14.62,46,"",0.19,"","","","","","","","",""
225,Bengular,CGWB,1,Jammu & Kashmir,5,JAMMU,SAMBA,SAMBA,Bengular,-,-,-,-,-,-,32.49444444,75.06250000,25-05-2012 00:00,7.73,1050,"",0,482,"",60,"",40,"","","",478,172,12,57,"",0.18,"","","","","","","","",""
226,Bengular,CGWB,1,Jammu & Kashmir,5,JAMMU,SAMBA,SAMBA,Bengular,-,-,-,-,-,-,32.49444444,75.06250000,25-05-2014 00:00,7.38,1210,"",0,458,375.41,96,"",52,"","","",300,70,30.48,108,"",0.34,"","","","","","","","",""
227,Bengular,CGWB,1,Jammu & Kashmir,5,JAMMU,SAMBA,SAMBA,Bengular,-,-,-,-,-,-,32.49444444,75.06250000,25-05-2016 00:00,7.45,530,275.6,0,329.4,"",17.75,"",25.265028,"","","",275,84.168,15.808,29.28,"",0.03,"","","","","","","","",""
228,Bengular,CGWB,1,Jammu & Kashmir,5,JAMMU,SAMBA,SAMBA,Bengular,-,-,-,-,-,-,32.49444444,75.06250000,30-05-2019 08:00,7.75,1060,174,0,516,"",68,"","","","","",358,96,29,76,"","","","","","","","","","",""
229,Bengular,CGWB,1,Jammu & Kashmir,5,JAMMU,SAMBA,SAMBA,Bengular,-,-,-,-,-,-,32.49444444,75.06250000,30-05-2020 08:00,7.75,1060,"","",516,"",68,"","","","","","",96,29,76,"","","","","","","","","","",""
230,Bera,CGWB,1,Jammu & Kashmir,5,JAMMU,R.S.PORA,R.S.PORA,Bera,-,-,-,-,-,-,32.61888889,74.67722222,25-05-2000 00:00,7.4,1027,"",0,578,"",45,"","","","","",442,131,28,19,"","","","","","","","","","",""
231,Bera,CGWB,1,Jammu & Kashmir,5,JAMMU,R.S.PORA,R.S.PORA,Bera,-,-,-,-,-,-,32.61888889,74.67722222,25-05-2004 00:00,7.85,615,"",0,256,"",11,"","","","","",330,92,24.42,12,"","","","","","","","","","",""
232,Bera,CGWB,1,Jammu & Kashmir,5,JAMMU,R.S.PORA,R.S.PORA,Bera,-,-,-,-,-,-,32.61888889,74.67722222,25-05-2005 00:00,7.8,615,"",0,336,"",11,"","","","","",299,92,16.89,9.9,"","","","","","","","","","",""
233,Bera,CGWB,1,Jammu & Kashmir,5,JAMMU,R.S.PORA,R.S.PORA,Bera,-,-,-,-,-,-,32.61888889,74.67722222,25-05-2006 00:00,7.55,380,"",0,189,"",11,"","","","","",184,51,13.8,9.9,"","","","","","","","","","",""
234,Bera,CGWB,1,Jammu & Kashmir,5,JAMMU,R.S.PORA,R.S.PORA,Bera,-,-,-,-,-,-,32.61888889,74.67722222,25-05-2007 00:00,7.8,492,"",0,268,"",11,"","","","","",240,64,19.53,16,"","","","","","","","","","",""
235,Bera,CGWB,1,Jammu & Kashmir,5,JAMMU,R.S.PORA,R.S.PORA,Bera,-,-,-,-,-,-,32.61888889,74.67722222,25-05-2009 00:00,7.31,594,"",0,354,"",7.1,"",5,"","","",290,70,28.05,12,"",1.65,"","","","","","","","",""
236,Bera,CGWB,1,Jammu & Kashmir,5,JAMMU,R.S.PORA,R.S.PORA,Bera,-,-,-,-,-,-,32.61888889,74.67722222,25-05-2012 00:00,7.35,520,"",0,354,"",11,"",8,"","","",276,86,15,10,"",2.11,"","","","","","","","",""
237,Bera,CGWB,1,Jammu & Kashmir,5,JAMMU,R.S.PORA,R.S.PORA,Bera,-,-,-,-,-,-,32.61888889,74.67722222,25-05-2013 00:00,7.95,500,"",0,238,195.1,14,"",3,"","","",155,20,25.55,29,"",0.06,"","","","","","","","",""
238,Bera,CGWB,1,Jammu & Kashmir,5,JAMMU,R.S.PORA,R.S.PORA,Bera,-,-,-,-,-,-,32.61888889,74.67722222,25-05-2014 00:00,7.6,350,"",0,94,77.05,14,"",71,"","","",155,24,23.13,8.6,"",0.88,"","","","","","","","",""
239,Bera,CGWB,1,Jammu & Kashmir,5,JAMMU,R.S.PORA,R.S.PORA,Bera,-,-,-,-,-,-,32.61888889,74.67722222,25-05-2015 00:00,8.31,570,"",48,214,255.41,14.2,"",5,"","","",270,64,26.82,8.7,"",0.46,"","","","","","","","",""
240,Bera,CGWB,1,Jammu & Kashmir,5,JAMMU,R.S.PORA,R.S.PORA,Bera,-,-,-,-,-,-,32.61888889,74.67722222,25-05-2016 00:00,7.8,530,275.6,0,292.8,"",7.8,"",70,"","","",295,46.092,43.776,88.25,"",0.09,"","","","","","","","",""
241,Bera,CGWB,1,Jammu & Kashmir,5,JAMMU,R.S.PORA,R.S.PORA,Bera,-,-,-,-,-,-,32.61888889,74.67722222,30-05-2019 08:00,7.23,515,"",0,238,"",35,"","","",29,"",230,62,18,17,"","","","","","","","","","",""
242,Bera,CGWB,1,Jammu & Kashmir,5,JAMMU,R.S.PORA,R.S.PORA,Bera,-,-,-,-,-,-,32.61888889,74.67722222,30-05-2020 08:00,7.23,515,"","",238,"",35,"","","",29,"","",62,18,17,"","","","","","","","","","",""
243,Bera,CGWB,1,Jammu & Kashmir,5,JAMMU,R.S.PORA,R.S.PORA,Bera,-,-,-,-,-,-,32.61888889,74.67722222,30-05-2021 08:00,7.57,735,"",0,329,"",71,"",37,"","","",220,52,22,92,"","","","","","","","","","",""
244,Bhagwal,CGWB,1,Jammu & Kashmir,7,KATHUA,HIRANAGAR,HIRANAGAR,Bhagwal,-,-,-,-,-,-,32.45000000,75.36666667,25-05-2000 00:00,8.48,349,"",12,183,"",10,"","","","","",163,54,6.87,"","","","","","","","","","","",""
245,Bhagwal,CGWB,1,Jammu & Kashmir,7,KATHUA,HIRANAGAR,HIRANAGAR,Bhagwal,-,-,-,-,-,-,32.45000000,75.36666667,25-05-2001 00:00,7.76,362,"",0,183,"",11,"","","","","",165,34,19.49,13,"","","","","","","","","","",""
246,Bhagwal,CGWB,1,Jammu & Kashmir,7,KATHUA,HIRANAGAR,HIRANAGAR,Bhagwal,-,-,-,-,-,-,32.45000000,75.36666667,25-05-2002 00:00,7.8,347,"",0,189,"",11,"","","","","",164,54,7.12,9.7,"",0.05,"","","","","","","","",""
247,Bhagwal,CGWB,1,Jammu & Kashmir,7,KATHUA,HIRANAGAR,HIRANAGAR,Bhagwal,-,-,-,-,-,-,32.45000000,75.36666667,25-05-2003 00:00,8,370,"",0,189,"",7.1,"","","","","",180,56,9.7,9,"","","","","","","","","","",""
248,Bhagwal,CGWB,1,Jammu & Kashmir,7,KATHUA,HIRANAGAR,HIRANAGAR,Bhagwal,-,-,-,-,-,-,32.45000000,75.36666667,25-05-2004 00:00,8.35,375,"",24,153,"",11,"","","","","",175,54,9.79,9.4,"","","","","","","","","","",""
249,Bhagwal,CGWB,1,Jammu & Kashmir,7,KATHUA,HIRANAGAR,HIRANAGAR,Bhagwal,-,-,-,-,-,-,32.45000000,75.36666667,25-05-2005 00:00,7.7,392,"",0,196,"",15,"","","","","",183,58,9.31,8.5,"","","","","","","","","","",""
250,Bhagwal,CGWB,1,Jammu & Kashmir,7,KATHUA,HIRANAGAR,HIRANAGAR,Bhagwal,-,-,-,-,-,-,32.45000000,75.36666667,25-05-2006 00:00,7.87,205,"",0,98,"",7.1,"","","","","",105,20,13.4,8.9,"","","","","","","","","","",""
251,Bhagwal,CGWB,1,Jammu & Kashmir,7,KATHUA,HIRANAGAR,HIRANAGAR,Bhagwal,-,-,-,-,-,-,32.45000000,75.36666667,25-05-2007 00:00,8.5,348,"",30,140,"",14,"","","","","",165,40,15.85,9,"","","","","","","","","","",""
252,Bhagwal,CGWB,1,Jammu & Kashmir,7,KATHUA,HIRANAGAR,HIRANAGAR,Bhagwal,-,-,-,-,-,-,32.45000000,75.36666667,25-05-2008 00:00,7.05,340,"",0,201,"",14,"",0,"","","",170,50,11,9.1,"",0.09,"","","","","","","","",""
253,Bhagwal,CGWB,1,Jammu & Kashmir,7,KATHUA,HIRANAGAR,HIRANAGAR,Bhagwal,-,-,-,-,-,-,32.45000000,75.36666667,25-05-2009 00:00,7.9,320,"",0,201,"",7.1,"",0,"","","",165,46,12.21,8.6,"",0.13,"","","","","","","","",""
254,Bhagwal,CGWB,1,Jammu & Kashmir,7,KATHUA,HIRANAGAR,HIRANAGAR,Bhagwal,-,-,-,-,-,-,32.45000000,75.36666667,25-05-2010 00:00,8.45,190,"",6,98,"",7.1,"",0,"","","",85,22,7.32,8.7,"","","","","","","","","","",""
255,Bhagwal,CGWB,1,Jammu & Kashmir,7,KATHUA,HIRANAGAR,HIRANAGAR,Bhagwal,-,-,-,-,-,-,32.45000000,75.36666667,25-05-2012 00:00,7.85,350,"",0,201,"",7.1,"",0.1,"","","",164,50,9.6,8.9,"",0.17,"","","","","","","","",""
256,Bhagwal,CGWB,1,Jammu & Kashmir,7,KATHUA,HIRANAGAR,HIRANAGAR,Bhagwal,-,-,-,-,-,-,32.45000000,75.36666667,25-05-2013 00:00,7.95,390,"",0,202,165.6,18,"",12,"","","",185,52,13.44,14,"",0.43,"","","","","","","","",""
257,Bhagwal,CGWB,1,Jammu & Kashmir,7,KATHUA,HIRANAGAR,HIRANAGAR,Bhagwal,-,-,-,-,-,-,32.45000000,75.36666667,25-05-2014 00:00,7.7,370,"",0,128,104.92,3.6,"",5,"","","",95,8,18.24,9.5,"",0.1,"","","","","","","","",""
258,Bhagwal,CGWB,1,Jammu & Kashmir,7,KATHUA,HIRANAGAR,HIRANAGAR,Bhagwal,-,-,-,-,-,-,32.45000000,75.36666667,25-05-2015 00:00,7.98,410,"",0,226,185.25,14.2,"",7,"","","",190,62,8.58,14,"","","","","","","","","","",""
259,Bhagwal,CGWB,1,Jammu & Kashmir,7,KATHUA,HIRANAGAR,HIRANAGAR,Bhagwal,-,-,-,-,-,-,32.45000000,75.36666667,25-05-2016 00:00,7.5,360,187.2,0,219.6,"",14.2,"",7.289563,"","","",195,60.12,10.944,9.52,"",0.12,"","","","","","","","",""
260,Bhagwal,CGWB,1,Jammu & Kashmir,7,KATHUA,HIRANAGAR,HIRANAGAR,Bhagwal,-,-,-,-,-,-,32.45000000,75.36666667,30-05-2019 08:00,8.25,240,174,0,132,"",14,"","","","","",130,35,11,13,"","","","","","","","","","",""
261,Bhagwal,CGWB,1,Jammu & Kashmir,7,KATHUA,HIRANAGAR,HIRANAGAR,Bhagwal,-,-,-,-,-,-,32.45000000,75.36666667,30-05-2020 08:00,8.25,240,"","",132,"",14,"","","","","","",35,11,13,"","","","","","","","","","",""
262,Bhagwal,CGWB,1,Jammu & Kashmir,7,KATHUA,HIRANAGAR,HIRANAGAR,Bhagwal,-,-,-,-,-,-,32.45000000,75.36666667,30-05-2021 08:00,7.09,1761,"",0,524.686,"",312.4,"",28.5,"","","",530,76,82.7016,168.5,"","","","","","","","","","",""
263,Bhagwanchak,CGWB,1,Jammu & Kashmir,5,JAMMU,AKHNOOR,AKHNOOR,Bhagwanchak,-,-,-,-,-,-,32.85972222,74.57500000,25-05-2000 00:00,8.6,349,"",18,157,"",10,"","","","","",171,23,27.62,12,"","","","","","","","","","",""
264,Bhagwanchak,CGWB,1,Jammu & Kashmir,5,JAMMU,AKHNOOR,AKHNOOR,Bhagwanchak,-,-,-,-,-,-,32.85972222,74.57500000,25-05-2001 00:00,8.12,352,"",0,142,"",14,"","","","","",110,18,15.83,39,"","","","","","","","","","",""
265,Bhagwanchak,CGWB,1,Jammu & Kashmir,5,JAMMU,AKHNOOR,AKHNOOR,Bhagwanchak,-,-,-,-,-,-,32.85972222,74.57500000,25-05-2002 00:00,8.3,560,"","",287,"",10,"","","","","",231,64,17.34,27,"",0.2,"","","","","","","","",""
266,Bhagwanchak,CGWB,1,Jammu & Kashmir,5,JAMMU,AKHNOOR,AKHNOOR,Bhagwanchak,-,-,-,-,-,-,32.85972222,74.57500000,25-05-2003 00:00,8,500,"",0,256,"",11,"","","","","",230,68,14.67,19,"","","","","","","","","","",""
267,Bhagwanchak,CGWB,1,Jammu & Kashmir,5,JAMMU,AKHNOOR,AKHNOOR,Bhagwanchak,-,-,-,-,-,-,32.85972222,74.57500000,25-05-2004 00:00,7.6,530,"",0,475,"",18,"","","","","",230,58,20.74,33,"","","","","","","","","","",""
268,Bhagwanchak,CGWB,1,Jammu & Kashmir,5,JAMMU,AKHNOOR,AKHNOOR,Bhagwanchak,-,-,-,-,-,-,32.85972222,74.57500000,25-05-2006 00:00,7.55,515,"",0,293,"",18,"","","","","",225,71,11.64,41,"","","","","","","","","","",""
269,Bhagwanchak,CGWB,1,Jammu & Kashmir,5,JAMMU,AKHNOOR,AKHNOOR,Bhagwanchak,-,-,-,-,-,-,32.85972222,74.57500000,25-05-2007 00:00,8.1,418,"",0,207,"",18,"","","","","",175,42,17.07,25,"","","","","","","","","","",""
270,Bhagwanchak,CGWB,1,Jammu & Kashmir,5,JAMMU,AKHNOOR,AKHNOOR,Bhagwanchak,-,-,-,-,-,-,32.85972222,74.57500000,25-05-2008 00:00,7.4,752,"",0,384,"",21,"",25,"","","",330,90,25.64,27,"",0.41,"","","","","","","","",""
271,Bhagwanchak,CGWB,1,Jammu & Kashmir,5,JAMMU,AKHNOOR,AKHNOOR,Bhagwanchak,-,-,-,-,-,-,32.85972222,74.57500000,25-05-2009 00:00,7,688,"",0,335,"",14,"",8,"","","",224,32,35,23,"",0.12,"","","","","","","","",""
272,Bhagwanchak,CGWB,1,Jammu & Kashmir,5,JAMMU,AKHNOOR,AKHNOOR,Bhagwanchak,-,-,-,-,-,-,32.85972222,74.57500000,25-05-2010 00:00,8.25,400,"",0,207,"",18,"",5,"","","",165,34,19.49,22,"",0.24,"","","","","","","","",""
273,Bhagwanchak,CGWB,1,Jammu & Kashmir,5,JAMMU,AKHNOOR,AKHNOOR,Bhagwanchak,-,-,-,-,-,-,32.85972222,74.57500000,25-05-2012 00:00,7.5,640,"",0,348,"",21,"",0,"","","",288,84,19,21,"",0.24,"","","","","","","","",""
274,Bhagwanchak,CGWB,1,Jammu & Kashmir,5,JAMMU,AKHNOOR,AKHNOOR,Bhagwanchak,-,-,-,-,-,-,32.85972222,74.57500000,25-05-2013 00:00,8.28,420,"",0,171,140.2,14,"",45,"","","",140,30,15.84,45,"",1.83,"","","","","","","","",""
275,Bhagwanchak,CGWB,1,Jammu & Kashmir,5,JAMMU,AKHNOOR,AKHNOOR,Bhagwanchak,-,-,-,-,-,-,32.85972222,74.57500000,25-05-2014 00:00,7.23,450,"",0,171,140.16,25,"",9,"","","",190,36,24.36,18,"",0.7,"","","","","","","","",""
276,Bhagwanchak,CGWB,1,Jammu & Kashmir,5,JAMMU,AKHNOOR,AKHNOOR,Bhagwanchak,-,-,-,-,-,-,32.85972222,74.57500000,25-05-2015 00:00,8.3,360,"","",140,114.75,11,"",69,"","","",145,42.1,9.72,30.5,"",0.74,"","","","","","","","",""
277,Bhagwanchak,CGWB,1,Jammu & Kashmir,5,JAMMU,AKHNOOR,AKHNOOR,Bhagwanchak,-,-,-,-,-,-,32.85972222,74.57500000,25-05-2016 00:00,8.36,314,163.28,0,195.2,"",10.65,"",29.568634,"","","",158.565,28.056,21.539007,31.1,"",0,"","","","","","","","",""
278,Bhagwanchak,CGWB,1,Jammu & Kashmir,5,JAMMU,AKHNOOR,AKHNOOR,Bhagwanchak,-,-,-,-,-,-,32.85972222,74.57500000,30-05-2021 08:00,7,749,"",0,378.2,"",63.81,"",18,"","","",200,40,24.304,97,"","","","","","","","","","",""
279,Bhamla,CGWB,1,Jammu & Kashmir,627,Reasi,Pouni,REASI,Dadua,-,-,-,-,-,-,33.05000000,74.58055556,25-05-2000 00:00,7.2,417,"",0,220,"",17,"","","","","",205,60,13.45,"","","","","","","","","","","",""
280,Bhamla,CGWB,1,Jammu & Kashmir,627,Reasi,Pouni,REASI,Dadua,-,-,-,-,-,-,33.05000000,74.58055556,25-05-2003 00:00,7.24,588,"",0,317,"",28,"","","","","",290,74,25.62,12,"","","","","","","","","","",""
281,Bhamla,CGWB,1,Jammu & Kashmir,627,Reasi,Pouni,REASI,Dadua,-,-,-,-,-,-,33.05000000,74.58055556,25-05-2004 00:00,7.39,847,"",0,403,"",35,"","","","","",330,20,68.1,24,"","","","","","","","","","",""
282,Bhamla,CGWB,1,Jammu & Kashmir,627,Reasi,Pouni,REASI,Dadua,-,-,-,-,-,-,33.05000000,74.58055556,25-05-2005 00:00,7.73,600,"",0,669,"",42,"","","","","",260,42,37.74,13,"","","","","","","","","","",""
283,Bhamla,CGWB,1,Jammu & Kashmir,627,Reasi,Pouni,REASI,Dadua,-,-,-,-,-,-,33.05000000,74.58055556,25-05-2006 00:00,7.55,490,"",0,214,"",21,"","","","","",250,70,18.32,6.8,"","","","","","","","","","",""
284,Bhamla,CGWB,1,Jammu & Kashmir,627,Reasi,Pouni,REASI,Dadua,-,-,-,-,-,-,33.05000000,74.58055556,25-05-2007 00:00,8.21,568,"",0,85,"",128,"","","","","",225,64,15.88,22,"","","","","","","","","","",""
285,Bhamla,CGWB,1,Jammu & Kashmir,627,Reasi,Pouni,REASI,Dadua,-,-,-,-,-,-,33.05000000,74.58055556,25-05-2008 00:00,7.5,804,"",0,159,"",128,"",38,"","","",330,94,23.21,14,"",1.83,"","","","","","","","",""
286,Bhamla,CGWB,1,Jammu & Kashmir,627,Reasi,Pouni,REASI,Dadua,-,-,-,-,-,-,33.05000000,74.58055556,25-05-2009 00:00,7.65,1020,"",0,214,"",138,"",92,"","","",380,116,22.02,46,"",0.22,"","","","","","","","",""
287,Bhamla,CGWB,1,Jammu & Kashmir,627,Reasi,Pouni,REASI,Dadua,-,-,-,-,-,-,33.05000000,74.58055556,25-05-2014 00:00,7.01,650,"",0,183,150,85,"",40,"","","",180,46,15.86,74,"",2.39,"","","","","","","","",""
288,Bhamla,CGWB,1,Jammu & Kashmir,627,Reasi,Pouni,REASI,Dadua,-,-,-,-,-,-,33.05000000,74.58055556,25-05-2015 00:00,8.27,580,"",0,171,140.16,89,"",19,"","","",85,22,7.32,96,"",0.19,"","","","","","","","",""
289,Bhamla,CGWB,1,Jammu & Kashmir,627,Reasi,Pouni,REASI,Dadua,-,-,-,-,-,-,33.05000000,74.58055556,25-05-2016 00:00,7.8,290,150.8,0,85,"",25,"",43,"","","",110,24,12,19,"",0,"","","","","","","","",""
290,Bhamla,CGWB,1,Jammu & Kashmir,627,Reasi,Pouni,REASI,Dadua,-,-,-,-,-,-,33.05000000,74.58055556,30-05-2019 08:00,7.8,1250,330,0,318,"",259,"","","","","",521,35,105,110,"","","","","","","","","","",""
291,Bhamla,CGWB,1,Jammu & Kashmir,627,Reasi,Pouni,REASI,Dadua,-,-,-,-,-,-,33.05000000,74.58055556,30-05-2020 08:00,7.8,1250,"","",318,"",259,"","","","","","",35,105,110,"","","","","","","","","","",""
292,Bhamla,CGWB,1,Jammu & Kashmir,627,Reasi,Pouni,REASI,Dadua,-,-,-,-,-,-,33.05000000,74.58055556,30-05-2021 08:00,7.8,2360,"",0,305,"",503.39,"",147,"","","",610,116,77.7728,204,"","","","","","","","","","",""
293,Bhatta Morh,CGWB,1,Jammu & Kashmir,12,RAJAURI,NOWSHEHRA,NOWSHEHRA,Bhatta Morh,-,-,-,-,-,-,33.20277778,74.20138889,25-05-2004 00:00,7.56,676,"",0,342,"",18,"","","","","",175,34,21.92,63,"","","","","","","","","","",""
294,Bhatta Morh,CGWB,1,Jammu & Kashmir,12,RAJAURI,NOWSHEHRA,NOWSHEHRA,Bhatta Morh,-,-,-,-,-,-,33.20277778,74.20138889,25-05-2005 00:00,7.69,450,"",0,244,"",11,"","","","","",185,28,27.99,28,"","","","","","","","","","",""
295,Bhatta Morh,CGWB,1,Jammu & Kashmir,12,RAJAURI,NOWSHEHRA,NOWSHEHRA,Bhatta Morh,-,-,-,-,-,-,33.20277778,74.20138889,25-05-2006 00:00,7.8,463,"",0,244,"",18,"","","","","",190,46,18.29,26,"","","","","","","","","","",""
296,Bhatta Morh,CGWB,1,Jammu & Kashmir,12,RAJAURI,NOWSHEHRA,NOWSHEHRA,Bhatta Morh,-,-,-,-,-,-,33.20277778,74.20138889,25-05-2007 00:00,8.19,241,"",0,140,"",11,"","","","","",115,30,9.76,8.2,"","","","","","","","","","",""
297,Bhatta Morh,CGWB,1,Jammu & Kashmir,12,RAJAURI,NOWSHEHRA,NOWSHEHRA,Bhatta Morh,-,-,-,-,-,-,33.20277778,74.20138889,25-05-2008 00:00,7.4,577,"",0,323,"",11,"",0,"","","",230,66,15.88,20,"",0.34,"","","","","","","","",""
298,Bhatta Morh,CGWB,1,Jammu & Kashmir,12,RAJAURI,NOWSHEHRA,NOWSHEHRA,Bhatta Morh,-,-,-,-,-,-,33.20277778,74.20138889,25-05-2009 00:00,7.3,340,"",0,219,"",11,"",0.01,"","","",135,26,17.05,29,"",0.25,"","","","","","","","",""
299,Bhatta Morh,CGWB,1,Jammu & Kashmir,12,RAJAURI,NOWSHEHRA,NOWSHEHRA,Bhatta Morh,-,-,-,-,-,-,33.20277778,74.20138889,25-05-2010 00:00,8.8,280,"",12,146,"",7.1,"",0,"","","",85,10,14.6,31,"",0.26,"","","","","","","","",""
300,Bhatta Morh,CGWB,1,Jammu & Kashmir,12,RAJAURI,NOWSHEHRA,NOWSHEHRA,Bhatta Morh,-,-,-,-,-,-,33.20277778,74.20138889,25-05-2012 00:00,7.67,450,"",0,250,"",11,"",6,"","","",148,38,13,37,"",0.08,"","","","","","","","",""
301,Bhatta Morh,CGWB,1,Jammu & Kashmir,12,RAJAURI,NOWSHEHRA,NOWSHEHRA,Bhatta Morh,-,-,-,-,-,-,33.20277778,74.20138889,25-05-2013 00:00,7.65,510,"",0,191,156.6,21,"",0,"","","",316,24,17,26,"","","","","","","","","","",""
302,Bhatta Morh,CGWB,1,Jammu & Kashmir,12,RAJAURI,NOWSHEHRA,NOWSHEHRA,Bhatta Morh,-,-,-,-,-,-,33.20277778,74.20138889,25-05-2014 00:00,7.78,450,"",0,171,140.16,21,"",55,"","","",155,20,25.55,33,"",0.77,"","","","","","","","",""
303,Bhatta Morh,CGWB,1,Jammu & Kashmir,12,RAJAURI,NOWSHEHRA,NOWSHEHRA,Bhatta Morh,-,-,-,-,-,-,33.20277778,74.20138889,25-05-2015 00:00,9.09,160,"",12,55,65.08,18,"",2,"","","",70,10,10.95,7.4,"","","","","","","","","","",""
304,Bhatta Morh,CGWB,1,Jammu & Kashmir,12,RAJAURI,NOWSHEHRA,NOWSHEHRA,Bhatta Morh,-,-,-,-,-,-,33.20277778,74.20138889,25-05-2016 00:00,8.02,580,301.6,0,201,"",7,"",111,"","","",50,8,7,114,"",0,"","","","","","","","",""
305,Bhatta Morh,CGWB,1,Jammu & Kashmir,12,RAJAURI,NOWSHEHRA,NOWSHEHRA,Bhatta Morh,-,-,-,-,-,-,33.20277778,74.20138889,30-05-2019 08:00,8.25,450,216,0,384,"",20,"","","","","",228,22,42,39,"","","","","","","","","","",""
306,Bhatta Morh,CGWB,1,Jammu & Kashmir,12,RAJAURI,NOWSHEHRA,NOWSHEHRA,Bhatta Morh,-,-,-,-,-,-,33.20277778,74.20138889,30-05-2020 08:00,8.25,450,"","",384,"",20,"","","","","","",22,42,39,"","","","","","","","","","",""
307,Bhatta Morh,CGWB,1,Jammu & Kashmir,12,RAJAURI,NOWSHEHRA,NOWSHEHRA,Bhatta Morh,-,-,-,-,-,-,33.20277778,74.20138889,30-05-2021 08:00,7.6,773,"",0,195.2,"",77.99,"",30,"","","",190,52,14.5824,78,"","","","","","","","","","",""
308,Bijbehara,CGWB,1,Jammu & Kashmir,1,ANANTNAG,BIJBEHARA,BIJBEHARA,Bijbehara,-,-,-,-,-,-,33.78750000,75.10444444,25-05-2012 00:00,7.81,340,"",0,146,"",36,"",5,"","","",143,36,13,16,"",1.6,"","","","","","","","",""
309,Billawar,CGWB,1,Jammu & Kashmir,7,KATHUA,BILLAWAR,BILLAWAR,Billawar,-,-,-,-,-,-,32.61305556,75.60833333,25-05-2000 00:00,7.58,420,"",0,153,"",52,"","","","","",130,26,15.84,"","","","","","","","","","","",""
310,Billawar,CGWB,1,Jammu & Kashmir,7,KATHUA,BILLAWAR,BILLAWAR,Billawar,-,-,-,-,-,-,32.61305556,75.60833333,25-05-2001 00:00,7.7,467,"",0,184,"",62,"","","","","",153,35,15.97,50,"","","","","","","","","","",""
311,Billawar,CGWB,1,Jammu & Kashmir,7,KATHUA,BILLAWAR,BILLAWAR,Billawar,-,-,-,-,-,-,32.61305556,75.60833333,25-05-2003 00:00,8,430,"",0,164,"",39,"","","","","",175,40,18.28,16,"","","","","","","","","","",""
312,Billawar,CGWB,1,Jammu & Kashmir,7,KATHUA,BILLAWAR,BILLAWAR,Billawar,-,-,-,-,-,-,32.61305556,75.60833333,25-05-2004 00:00,7.96,837,"",0,433,"",43,"","","","","",270,48,36.53,63,"","","","","","","","","","",""
313,Billawar,CGWB,1,Jammu & Kashmir,7,KATHUA,BILLAWAR,BILLAWAR,Billawar,-,-,-,-,-,-,32.61305556,75.60833333,25-05-2005 00:00,8.16,797,"",0,331,"",35,"","","","","",220,40,29.22,55,"","","","","","","","","","",""
314,Billawar,CGWB,1,Jammu & Kashmir,7,KATHUA,BILLAWAR,BILLAWAR,Billawar,-,-,-,-,-,-,32.61305556,75.60833333,25-05-2006 00:00,8.05,390,"",0,146,"",35,"","","","","",100,14,15.82,50,"","","","","","","","","","",""
315,Billawar,CGWB,1,Jammu & Kashmir,7,KATHUA,BILLAWAR,BILLAWAR,Billawar,-,-,-,-,-,-,32.61305556,75.60833333,25-05-2007 00:00,7.95,440,"",0,220,"",32,"","","","","",140,36,12.2,41,"","","","","","","","","","",""
316,Billawar,CGWB,1,Jammu & Kashmir,7,KATHUA,BILLAWAR,BILLAWAR,Billawar,-,-,-,-,-,-,32.61305556,75.60833333,25-05-2008 00:00,7.7,605,"",0,305,"",43,"",0,"","","",235,72,13.46,41,"",2.88,"","","","","","","","",""
317,Billawar,CGWB,1,Jammu & Kashmir,7,KATHUA,BILLAWAR,BILLAWAR,Billawar,-,-,-,-,-,-,32.61305556,75.60833333,25-05-2009 00:00,8,560,"",0,232,"",42,"",12,"","","",160,36,17.06,41,"",0.18,"","","","","","","","",""
318,Billawar,CGWB,1,Jammu & Kashmir,7,KATHUA,BILLAWAR,BILLAWAR,Billawar,-,-,-,-,-,-,32.61305556,75.60833333,25-05-2010 00:00,8.19,320,"",0,153,"",32,"",0,"","","",85,20,8.53,41,"",2.32,"","","","","","","","",""
319,Billawar,CGWB,1,Jammu & Kashmir,7,KATHUA,BILLAWAR,BILLAWAR,Billawar,-,-,-,-,-,-,32.61305556,75.60833333,25-05-2012 00:00,7.55,880,"",0,427,"",53,"",28,"","","",343,116,13,48,"",0.19,"","","","","","","","",""
320,Billawar,CGWB,1,Jammu & Kashmir,7,KATHUA,BILLAWAR,BILLAWAR,Billawar,-,-,-,-,-,-,32.61305556,75.60833333,25-05-2013 00:00,7.45,890,"",0,402,329.5,57,"",1,"","","",260,56,29.24,64,"",0.15,"","","","","","","","",""
321,Billawar,CGWB,1,Jammu & Kashmir,7,KATHUA,BILLAWAR,BILLAWAR,Billawar,-,-,-,-,-,-,32.61305556,75.60833333,25-05-2014 00:00,7.14,560,"",0,220,180.33,46,"",14,"","","",150,30,18.27,51,"",0.32,"","","","","","","","",""
322,Billawar,CGWB,1,Jammu & Kashmir,7,KATHUA,BILLAWAR,BILLAWAR,Billawar,-,-,-,-,-,-,32.61305556,75.60833333,25-05-2015 00:00,8.19,150,"",0,70,57.38,14,"",0,"","","",55,12,6.09,10,"",0.16,"","","","","","","","",""
323,Billawar,CGWB,1,Jammu & Kashmir,7,KATHUA,BILLAWAR,BILLAWAR,Billawar,-,-,-,-,-,-,32.61305556,75.60833333,25-05-2016 00:00,7.34,680,353.6,0,342,"",43,"",79.279594,"","","",295,86,20,54,"",1.05,"","","","","","","","",""
324,Billawar,CGWB,1,Jammu & Kashmir,7,KATHUA,BILLAWAR,BILLAWAR,Billawar,-,-,-,-,-,-,32.61305556,75.60833333,30-05-2021 08:00,8.07,1114,"",0,378,"",149,"",72,"","","",365,54,56,96,"","","","","","","","","","",""
325,Binner,CGWB,1,Jammu & Kashmir,3,BARAMULA,BARAMULA,BARAMULA,Binner,-,-,-,-,-,-,34.23194444,74.35527778,25-05-2012 00:00,8.1,380,"",0,177,"",28,"",0,"","","",159,26,23,14,"",0.02,"","","","","","","","",""
326,Binner,CGWB,1,Jammu & Kashmir,3,BARAMULA,BARAMULA,BARAMULA,Binner,-,-,-,-,-,-,34.23194444,74.35527778,25-05-2013 00:00,7.56,460,"",0,195,159.8,14,"",17,"","","",239,72,14.43,9.3,"",0.23,"","","","","","","","",""
327,Binner,CGWB,1,Jammu & Kashmir,3,BARAMULA,BARAMULA,BARAMULA,Binner,-,-,-,-,-,-,34.23194444,74.35527778,25-05-2014 00:00,7.58,410,"",0,232,190.16,32,"",0,"","","",200,50,18.3,14,"",0.15,"","","","","","","","",""
328,Binner,CGWB,1,Jammu & Kashmir,3,BARAMULA,BARAMULA,BARAMULA,Binner,-,-,-,-,-,-,34.23194444,74.35527778,25-05-2015 00:00,8.13,330,"",0,177,145.08,78.1,"",0,"","","",145,32,15.84,50,"",1.53,"","","","","","","","",""
329,Binner,CGWB,1,Jammu & Kashmir,3,BARAMULA,BARAMULA,BARAMULA,Binner,-,-,-,-,-,-,34.23194444,74.35527778,25-05-2016 00:00,7.54,580,301.6,0,248,"",25,"",24.810488,"","","",220,18,43,19,"",0,"","","","","","","","",""
330,Binner,CGWB,1,Jammu & Kashmir,3,BARAMULA,BARAMULA,BARAMULA,Binner,-,-,-,-,-,-,34.23194444,74.35527778,30-05-2019 08:00,7.85,530,312,0,265,"",61,"","","","","",282,43,42,24,"","","","","","","","","","",""
331,Binner,CGWB,1,Jammu & Kashmir,3,BARAMULA,BARAMULA,BARAMULA,Binner,-,-,-,-,-,-,34.23194444,74.35527778,30-05-2020 08:00,7.85,530,"","",265,"",61,"","","","","","",43,42,24,"","","","","","","","","","",""
332,Binner,CGWB,1,Jammu & Kashmir,3,BARAMULA,BARAMULA,BARAMULA,Binner,-,-,-,-,-,-,34.23194444,74.35527778,30-05-2021 08:00,8.03,2070,"",0,278,"",510,"",45,"","","",485,92,62.016,241,"","","","","","","","","","",""
333,Birmah,CGWB,1,Jammu & Kashmir,14,UDHAMPUR,UDHAMPURR,UDHAMPURR,Birmah,-,-,-,-,-,-,32.91500000,75.10888889,25-05-2014 00:00,7.61,320,"",0,122,100,32,"",23,"","","",128,44,4.43,18,"",1.18,"","","","","","","","",""
334,Birmah,CGWB,1,Jammu & Kashmir,14,UDHAMPUR,UDHAMPURR,UDHAMPURR,Birmah,-,-,-,-,-,-,32.91500000,75.10888889,25-05-2015 00:00,8.25,260,"",0,122,100,18,"",13,"","","",115,28,10.97,10,"",0.121,"","","","","","","","",""
335,Birmah,CGWB,1,Jammu & Kashmir,14,UDHAMPUR,UDHAMPURR,UDHAMPURR,Birmah,-,-,-,-,-,-,32.91500000,75.10888889,25-05-2016 00:00,7.56,510,265.2,0,256,"",25,"",0.014327283,"","","",200,44,20,20,"",0,"","","","","","","","",""
336,Birmah,CGWB,1,Jammu & Kashmir,14,UDHAMPUR,UDHAMPURR,UDHAMPURR,Birmah,-,-,-,-,-,-,32.91500000,75.10888889,30-05-2019 08:00,7.56,370,228,0,238,"",27,"","","","","",195,65,8,21,"","","","","","","","","","",""
337,Birmah,CGWB,1,Jammu & Kashmir,14,UDHAMPUR,UDHAMPURR,UDHAMPURR,Birmah,-,-,-,-,-,-,32.91500000,75.10888889,30-05-2020 08:00,7.56,370,"","",238,"",27,"","","","","","",65,8,21,"","","","","","","","","","",""
338,Birmah,CGWB,1,Jammu & Kashmir,14,UDHAMPUR,UDHAMPURR,UDHAMPURR,Birmah,-,-,-,-,-,-,32.91500000,75.10888889,30-05-2021 08:00,7.5,1191,"",0,286.7,"",141.8,"",116,"","","",280,68,26.7344,112.7,"","","","","","","","","","",""
339,Birpur,CGWB,1,Jammu & Kashmir,5,JAMMU,SAMBA,SAMBA,Birpur,-,-,-,-,-,-,32.65555556,74.95166667,25-05-2013 00:00,8.28,220,"",0,98,80.3,14,"",4,"","","",100,30,6.11,7.6,"",0.07,"","","","","","","","",""
340,Birpur,CGWB,1,Jammu & Kashmir,5,JAMMU,SAMBA,SAMBA,Birpur,-,-,-,-,-,-,32.65555556,74.95166667,25-05-2015 00:00,8.1,450,"",0,275,225.41,7.1,"",0,"","","",220,52,21.95,3.6,"","","","","","","","","","",""
341,Birpur,CGWB,1,Jammu & Kashmir,5,JAMMU,SAMBA,SAMBA,Birpur,-,-,-,-,-,-,32.65555556,74.95166667,25-05-2016 00:00,7.5,750,390,0,414.8,"",31.95,"",0,"","","",330,100.2,19.456,31.2,"",0,"","","","","","","","",""
342,Bishnah,CGWB,1,Jammu & Kashmir,5,JAMMU,BISHNA,BISHNA,Bishnah,-,-,-,-,-,-,32.61277778,74.86388889,25-05-2000 00:00,8.35,1525,"",18,352,"",135,"","","","","",310,65,36,98,"","","","","","","","","","",""
343,Bishnah,CGWB,1,Jammu & Kashmir,5,JAMMU,BISHNA,BISHNA,Bishnah,-,-,-,-,-,-,32.61277778,74.86388889,25-05-2001 00:00,7.94,1620,"",0,505,"",156,"","","","","",400,58,62.07,90,"","","","","","","","","","",""
344,Bishnah,CGWB,1,Jammu & Kashmir,5,JAMMU,BISHNA,BISHNA,Bishnah,-,-,-,-,-,-,32.61277778,74.86388889,25-05-2002 00:00,8.2,1900,"",0,514,"",170,"","","","","",323,90,24,75,"",0.28,"","","","","","","","",""
345,Bishnah,CGWB,1,Jammu & Kashmir,5,JAMMU,BISHNA,BISHNA,Bishnah,-,-,-,-,-,-,32.61277778,74.86388889,25-05-2003 00:00,8.1,1900,"",0,427,"",177,"","","","","",325,46,51.11,85,"","","","","","","","","","",""
346,Bishnah,CGWB,1,Jammu & Kashmir,5,JAMMU,BISHNA,BISHNA,Bishnah,-,-,-,-,-,-,32.61277778,74.86388889,25-05-2004 00:00,8.28,1920,"",0,421,"",167,"","","","","",290,40,46.24,95,"","","","","","","","","","",""
347,Bishnah,CGWB,1,Jammu & Kashmir,5,JAMMU,BISHNA,BISHNA,Bishnah,-,-,-,-,-,-,32.61277778,74.86388889,25-05-2005 00:00,7.8,2180,"",0,604,"",163,"","","","","",407,81,49.82,70,"","","","","","","","","","",""
348,Bishnah,CGWB,1,Jammu & Kashmir,5,JAMMU,BISHNA,BISHNA,Bishnah,-,-,-,-,-,-,32.61277778,74.86388889,25-05-2006 00:00,8.4,1547,"",66,378,"",135,"","","","","",204,4.21,47.04,75,"","","","","","","","","","",""
349,Bishnah,CGWB,1,Jammu & Kashmir,5,JAMMU,BISHNA,BISHNA,Bishnah,-,-,-,-,-,-,32.61277778,74.86388889,25-05-2007 00:00,10.2,1260,"",174,98,"",135,"","","","","",135,10,26.76,70,"","","","","","","","","","",""
350,Bishnah,CGWB,1,Jammu & Kashmir,5,JAMMU,BISHNA,BISHNA,Bishnah,-,-,-,-,-,-,32.61277778,74.86388889,25-05-2008 00:00,7.87,1760,"",0,677,"",128,"",50,"","","",340,40,58.4,68,"",0.08,"","","","","","","","",""
351,Bishnah,CGWB,1,Jammu & Kashmir,5,JAMMU,BISHNA,BISHNA,Bishnah,-,-,-,-,-,-,32.61277778,74.86388889,25-05-2009 00:00,7.5,1760,"",0,714,"",114,"",60,"","","",380,80,43.86,68,"",0.26,"","","","","","","","",""
352,Bishnah,CGWB,1,Jammu & Kashmir,5,JAMMU,BISHNA,BISHNA,Bishnah,-,-,-,-,-,-,32.61277778,74.86388889,25-05-2010 00:00,8.72,1590,"",54,397,"",156,"",45,"","","",250,16,51.08,75,"",0.28,"","","","","","","","",""
353,Bishnah,CGWB,1,Jammu & Kashmir,5,JAMMU,BISHNA,BISHNA,Bishnah,-,-,-,-,-,-,32.61277778,74.86388889,25-05-2012 00:00,7.67,1790,"",0,726,"",128,"",100,"","","",419,74,57,90,"",0.15,"","","","","","","","",""
354,Bishnah,CGWB,1,Jammu & Kashmir,5,JAMMU,BISHNA,BISHNA,Bishnah,-,-,-,-,-,-,32.61277778,74.86388889,25-05-2013 00:00,8.28,630,"",0,287,235.3,50,"",11,"","","",170,18,30.41,52,"",0.2,"","","","","","","","",""
355,Bishnah,CGWB,1,Jammu & Kashmir,5,JAMMU,BISHNA,BISHNA,Bishnah,-,-,-,-,-,-,32.61277778,74.86388889,25-05-2014 00:00,7.66,1420,"",0,563,461.48,170,"",19,"","","",355,30,68.11,99,"",1.63,"","","","","","","","",""
356,Bishnah,CGWB,1,Jammu & Kashmir,5,JAMMU,BISHNA,BISHNA,Bishnah,-,-,-,-,-,-,32.61277778,74.86388889,25-05-2015 00:00,7.7,620,"",0,415,340.16,25,"",3,"","","",275,54,34.1,46,"","","","","","","","","","",""
357,Bishnah,CGWB,1,Jammu & Kashmir,5,JAMMU,BISHNA,BISHNA,Bishnah,-,-,-,-,-,-,32.61277778,74.86388889,25-05-2016 00:00,7.31,1880,977.6,0,823.5,"",145.55,"",262.83258,"","","",495,78.156,72.96,121.5,"",0.07,"","","","","","","","",""
358,Bishnah,CGWB,1,Jammu & Kashmir,5,JAMMU,BISHNA,BISHNA,Bishnah,-,-,-,-,-,-,32.61277778,74.86388889,30-05-2019 08:00,9.31,1550,204,112,556,"",116,"","","","","",228,13,47,151,"","","","","","","","","","",""
359,Bishnah,CGWB,1,Jammu & Kashmir,5,JAMMU,BISHNA,BISHNA,Bishnah,-,-,-,-,-,-,32.61277778,74.86388889,30-05-2020 08:00,9.31,1550,"","",556,"",116,"","","","","","",13,47,151,"","","","","","","","","","",""
360,Bishnah,CGWB,1,Jammu & Kashmir,5,JAMMU,BISHNA,BISHNA,Bishnah,-,-,-,-,-,-,32.61277778,74.86388889,30-05-2021 08:00,7.61,2570,"",0,586,"",370,"",360,"","","",660,120,88,278,"","","","","","","","","","",""
361,Bomai,CGWB,1,Jammu & Kashmir,3,BARAMULA,SOPORE,SOPORE,Bomai,-,-,-,-,-,-,34.35638889,74.42138889,25-05-2013 00:00,7.67,860,"",0,390,319.7,64,"",64,"","","",370,104,26.87,55,"",0.26,"","","","","","","","",""
362,Bomai,CGWB,1,Jammu & Kashmir,3,BARAMULA,SOPORE,SOPORE,Bomai,-,-,-,-,-,-,34.35638889,74.42138889,25-05-2014 00:00,7.7,560,"",0,226,185.25,64,"",41,"","","",215,38,29.22,46,"",0.04,"","","","","","","","",""
363,Bomai,CGWB,1,Jammu & Kashmir,3,BARAMULA,SOPORE,SOPORE,Bomai,-,-,-,-,-,-,34.35638889,74.42138889,25-05-2015 00:00,8.4,590,"",18,110,120.16,70,"",99,"","","",210,34,30.43,56.2,"",0.07,"","","","","","","","",""
364,Bomai,CGWB,1,Jammu & Kashmir,3,BARAMULA,SOPORE,SOPORE,Bomai,-,-,-,-,-,-,34.35638889,74.42138889,25-05-2016 00:00,7.31,540,280.8,0,177,"",57,"",92.168724,"","","",195,20,35,63,"",0,"","","","","","","","",""
365,Bomai,CGWB,1,Jammu & Kashmir,3,BARAMULA,SOPORE,SOPORE,Bomai,-,-,-,-,-,-,34.35638889,74.42138889,30-05-2019 08:00,7.76,670,318,0,291,"",41,"","","","","",293,17,61,66,"","","","","","","","","","",""
366,Bomai,CGWB,1,Jammu & Kashmir,3,BARAMULA,SOPORE,SOPORE,Bomai,-,-,-,-,-,-,34.35638889,74.42138889,30-05-2020 08:00,7.76,670,"","",291,"",41,"","","","","","",17,61,66,"","","","","","","","","","",""
367,Bomai,CGWB,1,Jammu & Kashmir,3,BARAMULA,SOPORE,SOPORE,Bomai,-,-,-,-,-,-,34.35638889,74.42138889,30-05-2021 08:00,8.44,1187,"",24,305.1,"",216.245,"",24,"","","",400,120,24.304,82.8,"","","","","","","","","","",""
368,Chakhariya,CGWB,1,Jammu & Kashmir,7,KATHUA,HIRANAGAR,HIRANAGAR,Chakhariya,-,-,-,-,-,-,32.38888889,75.36666667,25-05-2000 00:00,8.25,242,"",0,128,"",10,"","","","","",120,28,12.19,"","","","","","","","","","","",""
369,Chakhariya,CGWB,1,Jammu & Kashmir,7,KATHUA,HIRANAGAR,HIRANAGAR,Chakhariya,-,-,-,-,-,-,32.38888889,75.36666667,25-05-2001 00:00,7.05,402,"",0,256,"",7.1,"","","","","",225,72,11.03,13,"","","","","","","","","","",""
370,Chakhariya,CGWB,1,Jammu & Kashmir,7,KATHUA,HIRANAGAR,HIRANAGAR,Chakhariya,-,-,-,-,-,-,32.38888889,75.36666667,25-05-2002 00:00,7.9,510,"",0,287,"",14,"","","","","",357,79,38.88,12,"",0.17,"","","","","","","","",""
371,Chakhariya,CGWB,1,Jammu & Kashmir,7,KATHUA,HIRANAGAR,HIRANAGAR,Chakhariya,-,-,-,-,-,-,32.38888889,75.36666667,25-05-2003 00:00,7.45,420,"",0,195,"",11,"","","","","",190,54,13.44,13,"","","","","","","","","","",""
372,Chakhariya,CGWB,1,Jammu & Kashmir,7,KATHUA,HIRANAGAR,HIRANAGAR,Chakhariya,-,-,-,-,-,-,32.38888889,75.36666667,25-05-2004 00:00,7.5,370,"",0,189,"",11,"","","","","",160,52,7.36,13,"","","","","","","","","","",""
373,Chakhariya,CGWB,1,Jammu & Kashmir,7,KATHUA,HIRANAGAR,HIRANAGAR,Chakhariya,-,-,-,-,-,-,32.38888889,75.36666667,25-05-2005 00:00,7.72,555,"",0,286,"",18,"","","","","",245,85,8.01,9,"","","","","","","","","","",""
374,Chakhariya,CGWB,1,Jammu & Kashmir,7,KATHUA,HIRANAGAR,HIRANAGAR,Chakhariya,-,-,-,-,-,-,32.38888889,75.36666667,25-05-2006 00:00,7.8,225,"",0,140,"",7.1,"","","","","",102,27,8.42,9.8,"","","","","","","","","","",""
375,Chakhariya,CGWB,1,Jammu & Kashmir,7,KATHUA,HIRANAGAR,HIRANAGAR,Chakhariya,-,-,-,-,-,-,32.38888889,75.36666667,25-05-2007 00:00,7.81,442,"",0,265,"",11,"","","","","",190,60,9.8,15,"","","","","","","","","","",""
376,Chakhariya,CGWB,1,Jammu & Kashmir,7,KATHUA,HIRANAGAR,HIRANAGAR,Chakhariya,-,-,-,-,-,-,32.38888889,75.36666667,25-05-2008 00:00,7.13,545,"",0,299,"",14,"",10,"","","",245,90,4.97,11,"",0.41,"","","","","","","","",""
377,Chakhariya,CGWB,1,Jammu & Kashmir,7,KATHUA,HIRANAGAR,HIRANAGAR,Chakhariya,-,-,-,-,-,-,32.38888889,75.36666667,25-05-2009 00:00,7.6,540,"",0,342,"",7.1,"",0,"","","",270,96,7.41,18,"",0.39,"","","","","","","","",""
378,Chakhariya,CGWB,1,Jammu & Kashmir,7,KATHUA,HIRANAGAR,HIRANAGAR,Chakhariya,-,-,-,-,-,-,32.38888889,75.36666667,25-05-2010 00:00,7.8,220,"",0,122,"",11,"",0,"","","",95,26,7.33,10,"",0.52,"","","","","","","","",""
379,Chakhariya,CGWB,1,Jammu & Kashmir,7,KATHUA,HIRANAGAR,HIRANAGAR,Chakhariya,-,-,-,-,-,-,32.38888889,75.36666667,25-05-2012 00:00,7.46,500,"",0,268,"",14,"",10,"","","",214,74,7.2,15,"",2.56,"","","","","","","","",""
380,Chakhariya,CGWB,1,Jammu & Kashmir,7,KATHUA,HIRANAGAR,HIRANAGAR,Chakhariya,-,-,-,-,-,-,32.38888889,75.36666667,25-05-2013 00:00,7.65,530,"",0,311,254.9,11,"",30,"","","",245,70,17.1,22,"",1.21,"","","","","","","","",""
381,Chakhariya,CGWB,1,Jammu & Kashmir,7,KATHUA,HIRANAGAR,HIRANAGAR,Chakhariya,-,-,-,-,-,-,32.38888889,75.36666667,25-05-2014 00:00,7.52,660,"",0,323,264.75,39,"",64,"","","",270,80,17,34,"",1.72,"","","","","","","","",""
382,Chakhariya,CGWB,1,Jammu & Kashmir,7,KATHUA,HIRANAGAR,HIRANAGAR,Chakhariya,-,-,-,-,-,-,32.38888889,75.36666667,25-05-2015 00:00,8.12,230,"",0,128,104.92,17.8,"",0,"","","",100,22,11,14.2,"",0.03,"","","","","","","","",""
383,Chakhariya,CGWB,1,Jammu & Kashmir,7,KATHUA,HIRANAGAR,HIRANAGAR,Chakhariya,-,-,-,-,-,-,32.38888889,75.36666667,25-05-2016 00:00,7.46,480,249.6,0,323.3,"",14.2,"",14.2359,"","","",280,86.172,15.808,9.84,"",0,"","","","","","","","",""
384,Chakhariya,CGWB,1,Jammu & Kashmir,7,KATHUA,HIRANAGAR,HIRANAGAR,Chakhariya,-,-,-,-,-,-,32.38888889,75.36666667,30-05-2021 08:00,7.68,1291,"",0,549.18,"",77.99,"",43.2,"","","",425,20,91.14,92,"","","","","","","","","","",""
385,Chamlial,CGWB,1,Jammu & Kashmir,5,JAMMU,SAMBA,SAMBA,Chamlial,-,-,-,-,-,-,32.52222222,74.89166667,25-05-2000 00:00,8.17,630,"",0,258,"",56,"","","","","",133,25,17.17,105,"","","","","","","","","","",""
386,Chamlial,CGWB,1,Jammu & Kashmir,5,JAMMU,SAMBA,SAMBA,Chamlial,-,-,-,-,-,-,32.52222222,74.89166667,25-05-2001 00:00,8.53,661,"",36,207,"",57,"","","","","",125,8,25.54,128,"","","","","","","","","","",""
387,Chamlial,CGWB,1,Jammu & Kashmir,5,JAMMU,SAMBA,SAMBA,Chamlial,-,-,-,-,-,-,32.52222222,74.89166667,25-05-2003 00:00,7.4,1170,"",0,293,"",188,"","","","","",215,52,20.73,162,"","","","","","","","","","",""
388,Chamlial,CGWB,1,Jammu & Kashmir,5,JAMMU,SAMBA,SAMBA,Chamlial,-,-,-,-,-,-,32.52222222,74.89166667,25-05-2004 00:00,7.6,730,"",0,299,"",50,"","","","","",200,52,17.08,80,"","","","","","","","","","",""
389,Chamlial,CGWB,1,Jammu & Kashmir,5,JAMMU,SAMBA,SAMBA,Chamlial,-,-,-,-,-,-,32.52222222,74.89166667,25-05-2005 00:00,7.7,940,"",0,384,"",71,"","","","","",284,75,23.55,84,"","","","","","","","","","",""
390,Chamlial,CGWB,1,Jammu & Kashmir,5,JAMMU,SAMBA,SAMBA,Chamlial,-,-,-,-,-,-,32.52222222,74.89166667,25-05-2006 00:00,7.55,590,"",0,250,"",53,"","","","","",143,27,18.39,79,"","","","","","","","","","",""
391,Chamlial,CGWB,1,Jammu & Kashmir,5,JAMMU,SAMBA,SAMBA,Chamlial,-,-,-,-,-,-,32.52222222,74.89166667,25-05-2007 00:00,7.81,675,"",0,329,"",39,"","","","","",140,32,14.63,88,"","","","","","","","","","",""
392,Chamlial,CGWB,1,Jammu & Kashmir,5,JAMMU,SAMBA,SAMBA,Chamlial,-,-,-,-,-,-,32.52222222,74.89166667,25-05-2008 00:00,7.2,860,"",0,397,"",64,"",25,"","","",250,42,35.31,86,"",0.56,"","","","","","","","",""
393,Chamlial,CGWB,1,Jammu & Kashmir,5,JAMMU,SAMBA,SAMBA,Chamlial,-,-,-,-,-,-,32.52222222,74.89166667,25-05-2009 00:00,7.31,765,"",0,427,"",36,"",10,"","","",240,62,20.74,79,"",3.38,"","","","","","","","",""
394,Chamlial,CGWB,1,Jammu & Kashmir,5,JAMMU,SAMBA,SAMBA,Chamlial,-,-,-,-,-,-,32.52222222,74.89166667,25-05-2010 00:00,7.97,660,"",0,366,"",39,"",12,"","","",155,34,17.06,96,"","","","","","","","","","",""
395,Chamlial,CGWB,1,Jammu & Kashmir,5,JAMMU,SAMBA,SAMBA,Chamlial,-,-,-,-,-,-,32.52222222,74.89166667,25-05-2012 00:00,7.66,750,"",0,500,"",18,"",8,"","","",200,62,11,112,"",0.23,"","","","","","","","",""
396,Chamlial,CGWB,1,Jammu & Kashmir,5,JAMMU,SAMBA,SAMBA,Chamlial,-,-,-,-,-,-,32.52222222,74.89166667,25-05-2013 00:00,7.99,590,"",0,293,240.2,36,"",15,"","","",120,12,21.9,85,"",1.73,"","","","","","","","",""
397,Chan Khatrian,CGWB,1,Jammu & Kashmir,7,KATHUA,HIRANAGAR,HIRANAGAR,Chankhatrian,-,-,-,-,-,-,32.48750000,75.24583333,25-05-2000 00:00,8.35,390,"","",238,"",10,"","","","","",192,62,9.07,"","","","","","","","","","","",""
398,Chan Khatrian,CGWB,1,Jammu & Kashmir,7,KATHUA,HIRANAGAR,HIRANAGAR,Chankhatrian,-,-,-,-,-,-,32.48750000,75.24583333,25-05-2001 00:00,7.86,390,"",0,220,"",11,"","","","","",210,62,13.45,9.8,"","","","","","","","","","",""
399,Chan Khatrian,CGWB,1,Jammu & Kashmir,7,KATHUA,HIRANAGAR,HIRANAGAR,Chankhatrian,-,-,-,-,-,-,32.48750000,75.24583333,25-05-2002 00:00,7.7,250,"",0,122,"",11,"","","","","",134,40,8.32,4.2,"","","","","","","","","","",""
400,Chan Khatrian,CGWB,1,Jammu & Kashmir,7,KATHUA,HIRANAGAR,HIRANAGAR,Chankhatrian,-,-,-,-,-,-,32.48750000,75.24583333,25-05-2003 00:00,7.7,425,"",0,220,"",11,"","","","","",204,62,12,8.5,"","","","","","","","","","",""
401,Chan Khatrian,CGWB,1,Jammu & Kashmir,7,KATHUA,HIRANAGAR,HIRANAGAR,Chankhatrian,-,-,-,-,-,-,32.48750000,75.24583333,25-05-2004 00:00,8.15,390,"",0,214,"",7.1,"","","","","",185,60,8.58,8,"","","","","","","","","","",""
402,Chan Khatrian,CGWB,1,Jammu & Kashmir,7,KATHUA,HIRANAGAR,HIRANAGAR,Chankhatrian,-,-,-,-,-,-,32.48750000,75.24583333,25-05-2005 00:00,7.64,462,"",0,247,"",15,"","","","","",221,71,10.66,8,"","","","","","","","","","",""
403,Chan Khatrian,CGWB,1,Jammu & Kashmir,7,KATHUA,HIRANAGAR,HIRANAGAR,Chankhatrian,-,-,-,-,-,-,32.48750000,75.24583333,25-05-2006 00:00,7.8,232,"",0,128,"",11,"","","","","",112,29,9.64,7.8,"","","","","","","","","","",""
404,Chan Khatrian,CGWB,1,Jammu & Kashmir,7,KATHUA,HIRANAGAR,HIRANAGAR,Chankhatrian,-,-,-,-,-,-,32.48750000,75.24583333,25-05-2007 00:00,8.36,247,"",18,104,"",7.1,"","","","","",120,30,10.98,7.8,"","","","","","","","","","",""
405,Chan Khatrian,CGWB,1,Jammu & Kashmir,7,KATHUA,HIRANAGAR,HIRANAGAR,Chankhatrian,-,-,-,-,-,-,32.48750000,75.24583333,25-05-2008 00:00,7.95,390,"",0,232,"",7,"",8,"","","",190,60,9.8,9.9,"","","","","","","","","","",""
406,Chan Khatrian,CGWB,1,Jammu & Kashmir,7,KATHUA,HIRANAGAR,HIRANAGAR,Chankhatrian,-,-,-,-,-,-,32.48750000,75.24583333,25-05-2009 00:00,7.9,230,"",0,134,"",7.1,"",15,"","","",125,30,12.19,7.6,"",0.21,"","","","","","","","",""
407,Chan Khatrian,CGWB,1,Jammu & Kashmir,7,KATHUA,HIRANAGAR,HIRANAGAR,Chankhatrian,-,-,-,-,-,-,32.48750000,75.24583333,25-05-2010 00:00,7.8,220,"",0,122,"",11,"",0,"","","",95,26,7.33,10,"",0.52,"","","","","","","","",""
408,Chan Khatrian,CGWB,1,Jammu & Kashmir,7,KATHUA,HIRANAGAR,HIRANAGAR,Chankhatrian,-,-,-,-,-,-,32.48750000,75.24583333,25-05-2012 00:00,7.51,390,"",0,244,"",7.1,"",0.1,"","","",199,68,7.2,8,"",0.21,"","","","","","","","",""
409,Chan Khatrian,CGWB,1,Jammu & Kashmir,7,KATHUA,HIRANAGAR,HIRANAGAR,Chankhatrian,-,-,-,-,-,-,32.48750000,75.24583333,25-05-2013 00:00,8.02,350,"",0,195,159.8,11,"",16,"","","",170,44,14.64,12,"",0.16,"","","","","","","","",""
410,Chan Khatrian,CGWB,1,Jammu & Kashmir,7,KATHUA,HIRANAGAR,HIRANAGAR,Chankhatrian,-,-,-,-,-,-,32.48750000,75.24583333,25-05-2014 00:00,7.22,390,"",0,390,319.67,14,"",0,"","","",205,52,18,8,"",0.58,"","","","","","","","",""
411,Chan Khatrian,CGWB,1,Jammu & Kashmir,7,KATHUA,HIRANAGAR,HIRANAGAR,Chankhatrian,-,-,-,-,-,-,32.48750000,75.24583333,25-05-2015 00:00,7.98,270,"",0,153,125.41,21.3,"",0,"","","",135,42,7.35,8.9,"","","","","","","","","","",""
412,Chan Khatrian,CGWB,1,Jammu & Kashmir,7,KATHUA,HIRANAGAR,HIRANAGAR,Chankhatrian,-,-,-,-,-,-,32.48750000,75.24583333,25-05-2016 00:00,7.28,290,150.8,0,189.1,"",14.2,"",35.367264,"","","",195,40.08,23.104,8.4,"",5.12,"","","","","","","","",""
413,Chan Khatrian,CGWB,1,Jammu & Kashmir,7,KATHUA,HIRANAGAR,HIRANAGAR,Chankhatrian,-,-,-,-,-,-,32.48750000,75.24583333,30-05-2019 08:00,8.15,290,336,0,185,"",14,"","","","","",152,35,16,9.8,"","","","","","","","","","",""
414,Chan Khatrian,CGWB,1,Jammu & Kashmir,7,KATHUA,HIRANAGAR,HIRANAGAR,Chankhatrian,-,-,-,-,-,-,32.48750000,75.24583333,30-05-2020 08:00,8.15,290,"","",185,"",14,"","","","","","",35,16,9.8,"","","","","","","","","","",""
415,Channi,CGWB,1,Jammu & Kashmir,5,JAMMU,SAMBA,SAMBA,Channi,-,-,-,-,-,-,32.62638889,74.91944444,25-05-2000 00:00,8.45,282,"",12,126,"",14,"","","","","",119,34,8.31,8.4,"","","","","","","","","","",""
416,Channi,CGWB,1,Jammu & Kashmir,5,JAMMU,SAMBA,SAMBA,Channi,-,-,-,-,-,-,32.62638889,74.91944444,25-05-2001 00:00,8.1,375,"",0,179,"",10,"","","","","",185,46,17.08,12,"","","","","","","","","","",""
417,Channi,CGWB,1,Jammu & Kashmir,5,JAMMU,SAMBA,SAMBA,Channi,-,-,-,-,-,-,32.62638889,74.91944444,25-05-2002 00:00,7.7,280,"",0,146,"",11,"","","","","",134,36,10.74,8.7,"",0.15,"","","","","","","","",""
418,Channi,CGWB,1,Jammu & Kashmir,5,JAMMU,SAMBA,SAMBA,Channi,-,-,-,-,-,-,32.62638889,74.91944444,25-05-2004 00:00,7.85,385,"",0,183,"",14,"","","","","",175,54,9.79,10,"","","","","","","","","","",""
419,Channi,CGWB,1,Jammu & Kashmir,5,JAMMU,SAMBA,SAMBA,Channi,-,-,-,-,-,-,32.62638889,74.91944444,25-05-2005 00:00,7.6,345,"",0,171,"",14,"","","","","",152,45,9.66,8.4,"","","","","","","","","","",""
420,Channi,CGWB,1,Jammu & Kashmir,5,JAMMU,SAMBA,SAMBA,Channi,-,-,-,-,-,-,32.62638889,74.91944444,25-05-2006 00:00,7.4,430,"",0,315,"",25,"","","","","",204,49,19.87,16,"","","","","","","","","","",""
421,Channi,CGWB,1,Jammu & Kashmir,5,JAMMU,SAMBA,SAMBA,Channi,-,-,-,-,-,-,32.62638889,74.91944444,25-05-2007 00:00,9.74,135,"",18,18,"",14,"","","","","",60,10,8.52,6.7,"","","","","","","","","","",""
422,Channi,CGWB,1,Jammu & Kashmir,5,JAMMU,SAMBA,SAMBA,Channi,-,-,-,-,-,-,32.62638889,74.91944444,25-05-2009 00:00,7.87,377,"",0,201,"",14,"",8,"","","",135,38,9.77,32,"",0.54,"","","","","","","","",""
423,Channi,CGWB,1,Jammu & Kashmir,5,JAMMU,SAMBA,SAMBA,Channi,-,-,-,-,-,-,32.62638889,74.91944444,25-05-2013 00:00,7.9,640,"",0,171,140.2,36,"",5,"","","",180,40,19.5,24,"","","","","","","","","","",""
424,Channi,CGWB,1,Jammu & Kashmir,5,JAMMU,SAMBA,SAMBA,Channi,-,-,-,-,-,-,32.62638889,74.91944444,25-05-2015 00:00,8.1,1050,"",0,610,500,64,"",118,"","","",200,28,31.64,240,"","","","","","","","","","",""
425,Channi,CGWB,1,Jammu & Kashmir,5,JAMMU,SAMBA,SAMBA,Channi,-,-,-,-,-,-,32.62638889,74.91944444,25-05-2016 00:00,7.68,680,353.6,0,366,"",10.65,"",11.567871,"","","",325,52.104,47.424,23.8,"",0.13,"","","","","","","","",""
426,Channi Parat,CGWB,1,Jammu & Kashmir,12,RAJAURI,SUNDERBANI,SUNDERBANI,Channi Parat,-,-,-,-,-,-,33.09027778,74.46111111,25-05-2000 00:00,8.2,432,"",0,214,"",17,"","","","","",160,54,6.14,"","","","","","","","","","","",""
427,Channi Parat,CGWB,1,Jammu & Kashmir,12,RAJAURI,SUNDERBANI,SUNDERBANI,Channi Parat,-,-,-,-,-,-,33.09027778,74.46111111,25-05-2003 00:00,7.5,450,"",0,153,"",43,"","","","","",210,70,8.59,2.8,"","","","","","","","","","",""
428,Channi Parat,CGWB,1,Jammu & Kashmir,12,RAJAURI,SUNDERBANI,SUNDERBANI,Channi Parat,-,-,-,-,-,-,33.09027778,74.46111111,25-05-2004 00:00,8.2,475,"",0,232,"",21,"","","","","",200,62,11.02,24,"","","","","","","","","","",""
429,Channi Parat,CGWB,1,Jammu & Kashmir,12,RAJAURI,SUNDERBANI,SUNDERBANI,Channi Parat,-,-,-,-,-,-,33.09027778,74.46111111,25-05-2005 00:00,7.35,571,"",0,269,"",18,"","","","","",220,42,28.01,17,"","","","","","","","","","",""
430,Channi Parat,CGWB,1,Jammu & Kashmir,12,RAJAURI,SUNDERBANI,SUNDERBANI,Channi Parat,-,-,-,-,-,-,33.09027778,74.46111111,25-05-2006 00:00,7.6,406,"",0,201,"",18,"","","","","",185,46,17.08,26,"","","","","","","","","","",""
431,Channi Parat,CGWB,1,Jammu & Kashmir,12,RAJAURI,SUNDERBANI,SUNDERBANI,Channi Parat,-,-,-,-,-,-,33.09027778,74.46111111,25-05-2007 00:00,8.25,270,"",0,171,"",3.5,"","","","","",110,30,8.55,15,"","","","","","","","","","",""
432,Channi Parat,CGWB,1,Jammu & Kashmir,12,RAJAURI,SUNDERBANI,SUNDERBANI,Channi Parat,-,-,-,-,-,-,33.09027778,74.46111111,25-05-2008 00:00,7.5,390,"",0,134,"",21,"",25,"","","",110,32,7.33,27,"",2.6,"","","","","","","","",""
433,Channi Parat,CGWB,1,Jammu & Kashmir,12,RAJAURI,SUNDERBANI,SUNDERBANI,Channi Parat,-,-,-,-,-,-,33.09027778,74.46111111,25-05-2009 00:00,7.4,310,"",0,201,"",7.1,"",5,"","","",120,18,18.26,18,"",0.3,"","","","","","","","",""
434,Channi Parat,CGWB,1,Jammu & Kashmir,12,RAJAURI,SUNDERBANI,SUNDERBANI,Channi Parat,-,-,-,-,-,-,33.09027778,74.46111111,25-05-2012 00:00,7.08,500,"",0,238,"",25,"",16,"","","",160,48,9.7,41,"",0.33,"","","","","","","","",""
435,Channi Parat,CGWB,1,Jammu & Kashmir,12,RAJAURI,SUNDERBANI,SUNDERBANI,Channi Parat,-,-,-,-,-,-,33.09027778,74.46111111,25-05-2013 00:00,7.53,510,"",0,189,154.9,18,"",21,"","","",150,24,21.91,26,"","","","","","","","","","",""
436,Channi Parat,CGWB,1,Jammu & Kashmir,12,RAJAURI,SUNDERBANI,SUNDERBANI,Channi Parat,-,-,-,-,-,-,33.09027778,74.46111111,25-05-2014 00:00,7.71,290,"",0,104,85.25,21,"",22,"","","",115,36,6,18,"",1.23,"","","","","","","","",""
437,Channi Parat,CGWB,1,Jammu & Kashmir,12,RAJAURI,SUNDERBANI,SUNDERBANI,Channi Parat,-,-,-,-,-,-,33.09027778,74.46111111,25-05-2016 00:00,7.54,320,166.4,0,110,"",18,"",36,"","","",120,18,18,21,"",0,"","","","","","","","",""
438,Channi Parat,CGWB,1,Jammu & Kashmir,12,RAJAURI,SUNDERBANI,SUNDERBANI,Channi Parat,-,-,-,-,-,-,33.09027778,74.46111111,30-05-2021 08:00,7.36,894,"",0,122.02,"",195.25,"",22,"","","",230,64,17.0268,83.8,"","","","","","","","","","",""
439,Chanranga,CGWB,1,Jammu & Kashmir,7,KATHUA,HIRANAGAR,HIRANAGAR,Chanranga,-,-,-,-,-,-,32.48333333,75.33055556,25-05-2000 00:00,8.4,290,"",12,128,"",10,"","","","","",125,38,7.34,"","","","","","","","","","","",""
440,Chanranga,CGWB,1,Jammu & Kashmir,7,KATHUA,HIRANAGAR,HIRANAGAR,Chanranga,-,-,-,-,-,-,32.48333333,75.33055556,25-05-2001 00:00,7.45,291,"",0,153,"",7.1,"","","","","",140,42,8.56,11,"","","","","","","","","","",""
441,Chanranga,CGWB,1,Jammu & Kashmir,7,KATHUA,HIRANAGAR,HIRANAGAR,Chanranga,-,-,-,-,-,-,32.48333333,75.33055556,25-05-2002 00:00,7.4,280,"",0,146,"",11,"","","","","",124,40,5.88,12,"",0.14,"","","","","","","","",""
442,Chanranga,CGWB,1,Jammu & Kashmir,7,KATHUA,HIRANAGAR,HIRANAGAR,Chanranga,-,-,-,-,-,-,32.48333333,75.33055556,25-05-2003 00:00,7.5,295,"",0,140,"",7.1,"","","","","",130,22,18.26,9,"","","","","","","","","","",""
443,Chanranga,CGWB,1,Jammu & Kashmir,7,KATHUA,HIRANAGAR,HIRANAGAR,Chanranga,-,-,-,-,-,-,32.48333333,75.33055556,25-05-2004 00:00,8.35,280,"",24,110,"",7.1,"","","","","",125,40,6.13,10,"","","","","","","","","","",""
444,Chanranga,CGWB,1,Jammu & Kashmir,7,KATHUA,HIRANAGAR,HIRANAGAR,Chanranga,-,-,-,-,-,-,32.48333333,75.33055556,25-05-2005 00:00,7.42,283,"",0,135,"",11,"","","","","",120,36,7.34,7.6,"","","","","","","","","","",""
445,Chanranga,CGWB,1,Jammu & Kashmir,7,KATHUA,HIRANAGAR,HIRANAGAR,Chanranga,-,-,-,-,-,-,32.48333333,75.33055556,25-05-2006 00:00,7.9,250,"",0,140,"",11,"","","","","",115,34,7.34,9.2,"","","","","","","","","","",""
446,Chanranga,CGWB,1,Jammu & Kashmir,7,KATHUA,HIRANAGAR,HIRANAGAR,Chanranga,-,-,-,-,-,-,32.48333333,75.33055556,25-05-2007 00:00,8.4,253,"",18,103,"",11,"","","","","",110,36,4.91,11,"","","","","","","","","","",""
447,Chanranga,CGWB,1,Jammu & Kashmir,7,KATHUA,HIRANAGAR,HIRANAGAR,Chanranga,-,-,-,-,-,-,32.48333333,75.33055556,25-05-2008 00:00,7.32,300,"",0,110,"",32,"",8,"","","",130,38,8.56,9.6,"",0.16,"","","","","","","","",""
448,Chanranga,CGWB,1,Jammu & Kashmir,7,KATHUA,HIRANAGAR,HIRANAGAR,Chanranga,-,-,-,-,-,-,32.48333333,75.33055556,25-05-2009 00:00,7.9,310,"",0,201,"",7.1,"",0,"","","",160,52,7.36,10,"",0.14,"","","","","","","","",""
449,Chanranga,CGWB,1,Jammu & Kashmir,7,KATHUA,HIRANAGAR,HIRANAGAR,Chanranga,-,-,-,-,-,-,32.48333333,75.33055556,25-05-2010 00:00,8.05,340,"",0,220,"",7.1,"",6,"","","",180,58,8.58,7,"",0.12,"","","","","","","","",""
450,Chanranga,CGWB,1,Jammu & Kashmir,7,KATHUA,HIRANAGAR,HIRANAGAR,Chanranga,-,-,-,-,-,-,32.48333333,75.33055556,25-05-2012 00:00,7.57,270,"",0,159,"",7.1,"",0.1,"","","",115,40,3.6,14,"",0.36,"","","","","","","","",""
451,Chanranga,CGWB,1,Jammu & Kashmir,7,KATHUA,HIRANAGAR,HIRANAGAR,Chanranga,-,-,-,-,-,-,32.48333333,75.33055556,25-05-2013 00:00,8.3,340,"","",128,104.9,14,"",49,"","","",145,36,13.42,16,"","","","","","","","","","",""
452,Chanranga,CGWB,1,Jammu & Kashmir,7,KATHUA,HIRANAGAR,HIRANAGAR,Chanranga,-,-,-,-,-,-,32.48333333,75.33055556,25-05-2014 00:00,7.89,300,"",0,92,75.41,11,"",11,"","","",80,14,10.96,9.5,"",0.1,"","","","","","","","",""
453,Chanranga,CGWB,1,Jammu & Kashmir,7,KATHUA,HIRANAGAR,HIRANAGAR,Chanranga,-,-,-,-,-,-,32.48333333,75.33055556,25-05-2015 00:00,8.23,300,"",0,189,154.92,7.1,"",0,"","","",135,42,7.35,12.2,"","","","","","","","","","",""
454,Chanranga,CGWB,1,Jammu & Kashmir,7,KATHUA,HIRANAGAR,HIRANAGAR,Chanranga,-,-,-,-,-,-,32.48333333,75.33055556,30-05-2019 08:00,8.2,390,426,0,212,"",34,"","","","","",217,65,13,24,"","","","","","","","","","",""
455,Chanranga,CGWB,1,Jammu & Kashmir,7,KATHUA,HIRANAGAR,HIRANAGAR,Chanranga,-,-,-,-,-,-,32.48333333,75.33055556,30-05-2020 08:00,8.2,390,"","",212,"",34,"","","","","","",65,13,24,"","","","","","","","","","",""
456,Chanranga,CGWB,1,Jammu & Kashmir,7,KATHUA,HIRANAGAR,HIRANAGAR,Chanranga,-,-,-,-,-,-,32.48333333,75.33055556,30-05-2021 08:00,7.38,1960,"",0,445.373,"",369.2,"",44,"","","",490,104,55.9452,213.8,"","","","","","","","","","",""
457,Chapki Kalan,CGWB,1,Jammu & Kashmir,7,KATHUA,HIRANAGAR,HIRANAGAR,Chapki Kalan,-,-,-,-,-,-,32.44722222,75.31472222,25-05-2013 00:00,8.02,350,"",0,195,159.8,11,"",16,"","","",170,44,15,12,"",0.16,"","","","","","","","",""
458,Chapki Kalan,CGWB,1,Jammu & Kashmir,7,KATHUA,HIRANAGAR,HIRANAGAR,Chapki Kalan,-,-,-,-,-,-,32.44722222,75.31472222,25-05-2014 00:00,7.64,460,"",0,256,209.84,25,"",20,"","","",180,52,12.22,29,"",0.72,"","","","","","","","",""
459,Chapki Kalan,CGWB,1,Jammu & Kashmir,7,KATHUA,HIRANAGAR,HIRANAGAR,Chapki Kalan,-,-,-,-,-,-,32.44722222,75.31472222,25-05-2015 00:00,8.3,360,"","",238,195.08,14.2,"",0,"","","",180,44,17.07,14.7,"","","","","","","","","","",""
460,Chapki Kalan,CGWB,1,Jammu & Kashmir,7,KATHUA,HIRANAGAR,HIRANAGAR,Chapki Kalan,-,-,-,-,-,-,32.44722222,75.31472222,25-05-2016 00:00,7.25,240,124.8,0,146.4,"",10.142858,"",35.41724,"","","",160,38.076,15.808,8.46,"",0.97,"","","","","","","","",""
461,Chapki Kalan,CGWB,1,Jammu & Kashmir,7,KATHUA,HIRANAGAR,HIRANAGAR,Chapki Kalan,-,-,-,-,-,-,32.44722222,75.31472222,30-05-2019 08:00,8.28,290,114,0,212,"",14,"","","","","",174,48,13,14,"","","","","","","","","","",""
462,Chapki Kalan,CGWB,1,Jammu & Kashmir,7,KATHUA,HIRANAGAR,HIRANAGAR,Chapki Kalan,-,-,-,-,-,-,32.44722222,75.31472222,30-05-2020 08:00,8.28,290,"","",212,"",14,"","","","","","",48,13,14,"","","","","","","","","","",""
463,Chapki Kalan,CGWB,1,Jammu & Kashmir,7,KATHUA,HIRANAGAR,HIRANAGAR,Chapki Kalan,-,-,-,-,-,-,32.44722222,75.31472222,30-05-2021 08:00,7.42,497,"",0,134.222,"",60.35,"",15.5,"","","",165,24,25.5402,35.5,"","","","","","","","","","",""
464,Chatta,CGWB,1,Jammu & Kashmir,5,JAMMU,JAMMU,JAMMU,Chatta,-,-,-,-,-,-,32.69305556,74.93444444,25-05-2012 00:00,7.54,470,"",0,268,"",14,"",0,"","","",219,78,6,10,"",1.93,"","","","","","","","",""
465,Chatta,CGWB,1,Jammu & Kashmir,5,JAMMU,JAMMU,JAMMU,Chatta,-,-,-,-,-,-,32.69305556,74.93444444,25-05-2013 00:00,8.27,400,"",0,183,150,18,"",16,"","","",180,44,17.07,10,"",0.61,"","","","","","","","",""
466,Chatta,CGWB,1,Jammu & Kashmir,5,JAMMU,JAMMU,JAMMU,Chatta,-,-,-,-,-,-,32.69305556,74.93444444,25-05-2014 00:00,7.26,270,"","","","","","","","","","",115,30,9.76,12,"",0.88,"","","","","","","","",""
467,Chatta,CGWB,1,Jammu & Kashmir,5,JAMMU,JAMMU,JAMMU,Chatta,-,-,-,-,-,-,32.69305556,74.93444444,25-05-2015 00:00,8.16,640,"",0,299,245.08,32,"",3,"","","",245,52,28.02,34.2,"","","","","","","","","","",""
468,Chatta,CGWB,1,Jammu & Kashmir,5,JAMMU,JAMMU,JAMMU,Chatta,-,-,-,-,-,-,32.69305556,74.93444444,25-05-2016 00:00,6.74,510,265.2,0,323.3,"",14.2,"",54.26762,"","","",315,60.12,40.128,9.9,"",1.05,"","","","","","","","",""
469,Chatta,CGWB,1,Jammu & Kashmir,5,JAMMU,JAMMU,JAMMU,Chatta,-,-,-,-,-,-,32.69305556,74.93444444,30-05-2019 08:00,7.99,370,228,0,238,"",14,"","","","","",217,35,32,8.1,"","","","","","","","","","",""
470,Chatta,CGWB,1,Jammu & Kashmir,5,JAMMU,JAMMU,JAMMU,Chatta,-,-,-,-,-,-,32.69305556,74.93444444,30-05-2020 08:00,7.99,370,"","",238,"",14,"","","","","","",35,32,8.1,"","","","","","","","","","",""
471,Cherkut,CGWB,1,Jammu & Kashmir,8,KUPWARA,KUPWARA,KUPWARA,Cherkut,-,-,-,-,-,-,34.54444444,74.32638889,30-05-2019 08:00,8.24,240,318,0,146,"",27,"","","","","",119,22,16,34,"","","","","","","","","","",""
472,Cherkut,CGWB,1,Jammu & Kashmir,8,KUPWARA,KUPWARA,KUPWARA,Cherkut,-,-,-,-,-,-,34.54444444,74.32638889,30-05-2020 08:00,8.24,240,"","",146,"",27,"","","","","","",22,16,34,"","","","","","","","","","",""
473,Chhani Mansar,CGWB,1,Jammu & Kashmir,14,UDHAMPUR,RAMNAGAR,RAMNAGAR,Chhani Mansar,-,-,-,-,-,-,32.69722222,75.16444444,25-05-2000 00:00,7.95,280,"",0,159,"",10,"","","","","",105,24,10.97,"","","","","","","","","","","",""
474,Chhani Mansar,CGWB,1,Jammu & Kashmir,14,UDHAMPUR,RAMNAGAR,RAMNAGAR,Chhani Mansar,-,-,-,-,-,-,32.69722222,75.16444444,25-05-2001 00:00,7.1,402,"",0,254,"",7.1,"","","","","",204,57,15.02,20,"","","","","","","","","","",""
475,Chhani Mansar,CGWB,1,Jammu & Kashmir,14,UDHAMPUR,RAMNAGAR,RAMNAGAR,Chhani Mansar,-,-,-,-,-,-,32.69722222,75.16444444,25-05-2002 00:00,8.2,310,"",0,143,"",17,"","","","","",105,29,7.94,15,"",2.06,"","","","","","","","",""
476,Chhani Mansar,CGWB,1,Jammu & Kashmir,14,UDHAMPUR,RAMNAGAR,RAMNAGAR,Chhani Mansar,-,-,-,-,-,-,32.69722222,75.16444444,25-05-2003 00:00,7.7,325,"",0,164,"",11,"","","","","",142,37,12,17,"","","","","","","","","","",""
477,Chhani Mansar,CGWB,1,Jammu & Kashmir,14,UDHAMPUR,RAMNAGAR,RAMNAGAR,Chhani Mansar,-,-,-,-,-,-,32.69722222,75.16444444,25-05-2004 00:00,7.66,640,"",0,348,"",11,"","","","","",190,16,36.49,57,"","","","","","","","","","",""
478,Chhani Mansar,CGWB,1,Jammu & Kashmir,14,UDHAMPUR,RAMNAGAR,RAMNAGAR,Chhani Mansar,-,-,-,-,-,-,32.69722222,75.16444444,25-05-2005 00:00,8,500,"",0,303,"",11,"","","","","",250,88,7.4,16,"","","","","","","","","","",""
479,Chhani Mansar,CGWB,1,Jammu & Kashmir,14,UDHAMPUR,RAMNAGAR,RAMNAGAR,Chhani Mansar,-,-,-,-,-,-,32.69722222,75.16444444,25-05-2006 00:00,7.6,358,"",0,207,"",11,"","","","","",160,38,15.85,16,"","","","","","","","","","",""
480,Chhani Mansar,CGWB,1,Jammu & Kashmir,14,UDHAMPUR,RAMNAGAR,RAMNAGAR,Chhani Mansar,-,-,-,-,-,-,32.69722222,75.16444444,25-05-2007 00:00,7.8,378,"",0,207,"",18,"","","","","",165,48,11,16,"","","","","","","","","","",""
481,Chhani Mansar,CGWB,1,Jammu & Kashmir,14,UDHAMPUR,RAMNAGAR,RAMNAGAR,Chhani Mansar,-,-,-,-,-,-,32.69722222,75.16444444,25-05-2008 00:00,7.6,396,"",0,183,"",18,"",40,"","","",180,46,15.86,18,"",0.23,"","","","","","","","",""
482,Chhani Mansar,CGWB,1,Jammu & Kashmir,14,UDHAMPUR,RAMNAGAR,RAMNAGAR,Chhani Mansar,-,-,-,-,-,-,32.69722222,75.16444444,25-05-2009 00:00,8,270,"",0,140,"",7.1,"",18,"","","",115,22,14.61,15,"",0.63,"","","","","","","","",""
483,Chhani Mansar,CGWB,1,Jammu & Kashmir,14,UDHAMPUR,RAMNAGAR,RAMNAGAR,Chhani Mansar,-,-,-,-,-,-,32.69722222,75.16444444,25-05-2010 00:00,8.12,200,"",0,116,"",11,"",0,"","","",80,16,9.74,16,"","","","","","","","","","",""
484,Chhani Mansar,CGWB,1,Jammu & Kashmir,14,UDHAMPUR,RAMNAGAR,RAMNAGAR,Chhani Mansar,-,-,-,-,-,-,32.69722222,75.16444444,25-05-2012 00:00,7.94,270,"",0,171,"",11,"",0,"","","",121,22,16,20,"",0.25,"","","","","","","","",""
485,Chhani Mansar,CGWB,1,Jammu & Kashmir,14,UDHAMPUR,RAMNAGAR,RAMNAGAR,Chhani Mansar,-,-,-,-,-,-,32.69722222,75.16444444,25-05-2013 00:00,7.87,340,"",0,189,154.9,21,"",22,"","","",165,32,21,21,"","","","","","","","","","",""
486,Chhani Mansar,CGWB,1,Jammu & Kashmir,14,UDHAMPUR,RAMNAGAR,RAMNAGAR,Chhani Mansar,-,-,-,-,-,-,32.69722222,75.16444444,25-05-2014 00:00,7.37,335,"",0,159,130.33,25,"",125,"","","",125,22,17.05,20,"",0.32,"","","","","","","","",""
487,Chhani Mansar,CGWB,1,Jammu & Kashmir,14,UDHAMPUR,RAMNAGAR,RAMNAGAR,Chhani Mansar,-,-,-,-,-,-,32.69722222,75.16444444,25-05-2015 00:00,8.22,270,"",0,146,119.67,14,"",2,"","","",105,18,14.61,17,"",0.12,"","","","","","","","",""
488,Chhani Mansar,CGWB,1,Jammu & Kashmir,14,UDHAMPUR,RAMNAGAR,RAMNAGAR,Chhani Mansar,-,-,-,-,-,-,32.69722222,75.16444444,30-05-2021 08:00,7.9,2470,"",0,658.8,"",340.32,"",201,"","","",560,32,116.6592,268.3,"","","","","","","","","","",""
489,Chittiar,CGWB,1,Jammu & Kashmir,12,RAJAURI,RAJAURI,RAJAURI,Chittiar,-,-,-,-,-,-,33.28888889,74.28055556,25-05-2000 00:00,7.8,330,"",0,165,"",17,"","","","","",140,42,8.56,"","","","","","","","","","","",""
490,Chittiar,CGWB,1,Jammu & Kashmir,12,RAJAURI,RAJAURI,RAJAURI,Chittiar,-,-,-,-,-,-,33.28888889,74.28055556,25-05-2001 00:00,7.64,371,"",0,220,"",10,"","","","","",190,60,9.8,16,"","","","","","","","","","",""
491,Chittiar,CGWB,1,Jammu & Kashmir,12,RAJAURI,RAJAURI,RAJAURI,Chittiar,-,-,-,-,-,-,33.28888889,74.28055556,25-05-2003 00:00,8.22,212,"",0,576,"",14,"","","","","",110,26,11,9,"","","","","","","","","","",""
492,Chittiar,CGWB,1,Jammu & Kashmir,12,RAJAURI,RAJAURI,RAJAURI,Chittiar,-,-,-,-,-,-,33.28888889,74.28055556,25-05-2004 00:00,8.18,725,"",0,433,"",21,"","","","","",330,40,55.97,24,"","","","","","","","","","",""
493,Chittiar,CGWB,1,Jammu & Kashmir,12,RAJAURI,RAJAURI,RAJAURI,Chittiar,-,-,-,-,-,-,33.28888889,74.28055556,25-05-2005 00:00,7.65,630,"",0,342,"",11,"","","","","",270,32,46.23,21,"","","","","","","","","","",""
494,Chittiar,CGWB,1,Jammu & Kashmir,12,RAJAURI,RAJAURI,RAJAURI,Chittiar,-,-,-,-,-,-,33.28888889,74.28055556,25-05-2006 00:00,7.85,262,"",0,104,"",11,"","","","","",120,30,10.98,6.5,"","","","","","","","","","",""
495,Chittiar,CGWB,1,Jammu & Kashmir,12,RAJAURI,RAJAURI,RAJAURI,Chittiar,-,-,-,-,-,-,33.28888889,74.28055556,25-05-2007 00:00,8.11,286,"",0,183,"",3.5,"","","","","",150,44,9.78,5.4,"","","","","","","","","","",""
496,Chittiar,CGWB,1,Jammu & Kashmir,12,RAJAURI,RAJAURI,RAJAURI,Chittiar,-,-,-,-,-,-,33.28888889,74.28055556,25-05-2008 00:00,7.35,383,"",0,207,"",7.1,"",4,"","","",170,56,7.36,6.8,"",1.22,"","","","","","","","",""
497,Chittiar,CGWB,1,Jammu & Kashmir,12,RAJAURI,RAJAURI,RAJAURI,Chittiar,-,-,-,-,-,-,33.28888889,74.28055556,25-05-2009 00:00,7.5,220,"",0,128,"",7.1,"",5,"","","",105,24,10.97,8.5,"",0.34,"","","","","","","","",""
498,Chittiar,CGWB,1,Jammu & Kashmir,12,RAJAURI,RAJAURI,RAJAURI,Chittiar,-,-,-,-,-,-,33.28888889,74.28055556,25-05-2010 00:00,8.27,210,"",0,140,"",7.1,"",0,"","","",95,20,10.97,13,"",0.71,"","","","","","","","",""
499,Chittiar,CGWB,1,Jammu & Kashmir,12,RAJAURI,RAJAURI,RAJAURI,Chittiar,-,-,-,-,-,-,33.28888889,74.28055556,25-05-2012 00:00,8.35,320,"",12,134,"",11,"",0,"","","",119,28,12,14,"",0.75,"","","","","","","","",""
500,Chittiar,CGWB,1,Jammu & Kashmir,12,RAJAURI,RAJAURI,RAJAURI,Chittiar,-,-,-,-,-,-,33.28888889,74.28055556,25-05-2013 00:00,7.6,380,"",0,189,154.9,11,"",12,"","","",135,32,13,22,"","","","","","","","","","",""
501,Chittiar,CGWB,1,Jammu & Kashmir,12,RAJAURI,RAJAURI,RAJAURI,Chittiar,-,-,-,-,-,-,33.28888889,74.28055556,25-05-2014 00:00,7.76,290,"",0,134,109.84,11,"",37,"","","",150,24,21.91,6,"",0.35,"","","","","","","","",""
502,Chittiar,CGWB,1,Jammu & Kashmir,12,RAJAURI,RAJAURI,RAJAURI,Chittiar,-,-,-,-,-,-,33.28888889,74.28055556,25-05-2015 00:00,8.26,340,"",0,134,109.84,21,"",17,"","","",140,24,19.48,16,"","","","","","","","","","",""
503,Chittiar,CGWB,1,Jammu & Kashmir,12,RAJAURI,RAJAURI,RAJAURI,Chittiar,-,-,-,-,-,-,33.28888889,74.28055556,25-05-2016 00:00,7.92,510,265.2,0,171,"",14,"",70,"","","",165,18,29,38,"",5.48,"","","","","","","","",""
504,Chittiar,CGWB,1,Jammu & Kashmir,12,RAJAURI,RAJAURI,RAJAURI,Chittiar,-,-,-,-,-,-,33.28888889,74.28055556,30-05-2019 08:00,8.29,410,294,0,265,"",41,"","","","","",206,35,29,6.7,"","","","","","","","","","",""
505,Chittiar,CGWB,1,Jammu & Kashmir,12,RAJAURI,RAJAURI,RAJAURI,Chittiar,-,-,-,-,-,-,33.28888889,74.28055556,30-05-2020 08:00,8.29,410,"","",265,"",41,"","","","","","",35,29,6.7,"","","","","","","","","","",""
506,Chittiar,CGWB,1,Jammu & Kashmir,12,RAJAURI,RAJAURI,RAJAURI,Chittiar,-,-,-,-,-,-,33.28888889,74.28055556,30-05-2021 08:00,7.5,1181,"",0,237.9,"",170.16,"",59,"","","",240,80,9.7216,124.1,"","","","","","","","","","",""
507,Chowgal,CGWB,1,Jammu & Kashmir,8,KUPWARA,HANDWARA,HANDWARA,Chowgal,-,-,-,-,-,-,34.40583333,74.32055556,25-05-2012 00:00,8.22,440,"",0,214,"",14,"",156,"","","",186,50,15,16,"","","","","","","","","","",""
508,Chowgal,CGWB,1,Jammu & Kashmir,8,KUPWARA,HANDWARA,HANDWARA,Chowgal,-,-,-,-,-,-,34.40583333,74.32055556,25-05-2013 00:00,7.94,460,"",0,232,190.2,7,"",38,"","","",210,64,12.23,18,"",0.05,"","","","","","","","",""
509,Chowgal,CGWB,1,Jammu & Kashmir,8,KUPWARA,HANDWARA,HANDWARA,Chowgal,-,-,-,-,-,-,34.40583333,74.32055556,25-05-2015 00:00,8.25,260,"",0,171,140.16,7,"",0,"","","",135,38,9.77,10,"",0.19,"","","","","","","","",""
510,Chowgal,CGWB,1,Jammu & Kashmir,8,KUPWARA,HANDWARA,HANDWARA,Chowgal,-,-,-,-,-,-,34.40583333,74.32055556,25-05-2016 00:00,7.02,320,166.4,0,134,"",14,"",14.64308,"","","",140,26,18,9,"",0,"","","","","","","","",""
511,Chowgal,CGWB,1,Jammu & Kashmir,8,KUPWARA,HANDWARA,HANDWARA,Chowgal,-,-,-,-,-,-,34.40583333,74.32055556,30-05-2019 08:00,7.88,350,96,0,199,"",20,"","","","","",217,30,34,9.3,"","","","","","","","","","",""
512,Chowgal,CGWB,1,Jammu & Kashmir,8,KUPWARA,HANDWARA,HANDWARA,Chowgal,-,-,-,-,-,-,34.40583333,74.32055556,30-05-2020 08:00,7.88,350,"","",199,"",20,"","","","","","",30,34,9.3,"","","","","","","","","","",""
513,Chowgal,CGWB,1,Jammu & Kashmir,8,KUPWARA,HANDWARA,HANDWARA,Chowgal,-,-,-,-,-,-,34.40583333,74.32055556,30-05-2021 08:00,7.93,1865,"",0,323.406,"",361.59,"",96,"","","",660,78,113.0136,115,"","","","","","","","","","",""
514,Chowkichora,CGWB,1,Jammu & Kashmir,627,Reasi,Pouni,Pouni,Godar Khalsa,-,-,-,-,-,-,33.03055556,74.65000000,25-05-2001 00:00,7.31,510,"",0,271,"",21,"","","","","",240,74,13.46,16,"","","","","","","","","","",""
515,Chowkichora,CGWB,1,Jammu & Kashmir,627,Reasi,Pouni,Pouni,Godar Khalsa,-,-,-,-,-,-,33.03055556,74.65000000,25-05-2003 00:00,7.87,500,"",0,183,"",43,"","","","","",185,48,15.86,12,"","","","","","","","","","",""
516,Chowkichora,CGWB,1,Jammu & Kashmir,627,Reasi,Pouni,Pouni,Godar Khalsa,-,-,-,-,-,-,33.03055556,74.65000000,25-05-2004 00:00,8.16,892,"",0,347,"",57,"","","","","",260,56,29.24,38,"","","","","","","","","","",""
517,Chowkichora,CGWB,1,Jammu & Kashmir,627,Reasi,Pouni,Pouni,Godar Khalsa,-,-,-,-,-,-,33.03055556,74.65000000,25-05-2005 00:00,7.43,572,"",0,253,"",35,"","","","","",195,20,35.28,43,"","","","","","","","","","",""
518,Chowkichora,CGWB,1,Jammu & Kashmir,627,Reasi,Pouni,Pouni,Godar Khalsa,-,-,-,-,-,-,33.03055556,74.65000000,25-05-2007 00:00,7.9,235,"",0,116,"",14,"","","","","",90,20,9.75,17,"","","","","","","","","","",""
519,Chowkichora,CGWB,1,Jammu & Kashmir,627,Reasi,Pouni,Pouni,Godar Khalsa,-,-,-,-,-,-,33.03055556,74.65000000,25-05-2008 00:00,8.13,566,"",0,305,"",14,"",7,"","","",235,74,12.25,20,"",1.65,"","","","","","","","",""
520,Chowkichora,CGWB,1,Jammu & Kashmir,627,Reasi,Pouni,Pouni,Godar Khalsa,-,-,-,-,-,-,33.03055556,74.65000000,25-05-2009 00:00,7.1,520,"",0,287,"",7.1,"",0,"","","",220,16,43.78,12,"",1.07,"","","","","","","","",""
521,Chowkichora,CGWB,1,Jammu & Kashmir,627,Reasi,Pouni,Pouni,Godar Khalsa,-,-,-,-,-,-,33.03055556,74.65000000,25-05-2014 00:00,7.68,450,"",0,171,140.16,39,"",39,"","","",150,34,15.84,16,"",1.53,"","","","","","","","",""
522,Chowkichora,CGWB,1,Jammu & Kashmir,627,Reasi,Pouni,Pouni,Godar Khalsa,-,-,-,-,-,-,33.03055556,74.65000000,25-05-2016 00:00,7.47,870,452.4,0,116,"",71,"",234,"","","",280,60,32,75,"",0,"","","","","","","","",""
523,Chowkichora,CGWB,1,Jammu & Kashmir,627,Reasi,Pouni,Pouni,Godar Khalsa,-,-,-,-,-,-,33.03055556,74.65000000,30-05-2021 08:00,7.6,5700,"",0,805.2,"",1226.57,"",240,"","","",1720,344,209.0144,448.8,"","","","","","","","","","",""
524,Chowki Handa,CGWB,1,Jammu & Kashmir,12,RAJAURI,NOWSHEHRA,NOWSHEHRA,Chowki Handa,-,-,-,-,-,-,33.17222222,74.19166667,25-05-2000 00:00,8.42,481,"",12,220,"",24,"","","","","",225,70,12.24,"","","","","","","","","","","",""
525,Chowki Handa,CGWB,1,Jammu & Kashmir,12,RAJAURI,NOWSHEHRA,NOWSHEHRA,Chowki Handa,-,-,-,-,-,-,33.17222222,74.19166667,25-05-2003 00:00,8.02,319,"",0,154,"",21,"","","","","",155,38,14.63,11,"","","","","","","","","","",""
526,Chowki Handa,CGWB,1,Jammu & Kashmir,12,RAJAURI,NOWSHEHRA,NOWSHEHRA,Chowki Handa,-,-,-,-,-,-,33.17222222,74.19166667,25-05-2004 00:00,7.05,793,"",0,122,"",18,"","","","","",210,60,14.66,74,"","","","","","","","","","",""
527,Chowki Handa,CGWB,1,Jammu & Kashmir,12,RAJAURI,NOWSHEHRA,NOWSHEHRA,Chowki Handa,-,-,-,-,-,-,33.17222222,74.19166667,25-05-2005 00:00,7.71,625,"",0,196,"",42,"","","","","",180,16,34.06,69,"","","","","","","","","","",""
528,Chowki Handa,CGWB,1,Jammu & Kashmir,12,RAJAURI,NOWSHEHRA,NOWSHEHRA,Chowki Handa,-,-,-,-,-,-,33.17222222,74.19166667,25-05-2006 00:00,7.7,435,"",0,207,"",25,"","","","","",185,44,18.29,20,"","","","","","","","","","",""
529,Chowki Handa,CGWB,1,Jammu & Kashmir,12,RAJAURI,NOWSHEHRA,NOWSHEHRA,Chowki Handa,-,-,-,-,-,-,33.17222222,74.19166667,25-05-2007 00:00,8.17,509,"",0,220,"",53,"","","","","",110,16,17.04,69,"","","","","","","","","","",""
530,Chowki Handa,CGWB,1,Jammu & Kashmir,12,RAJAURI,NOWSHEHRA,NOWSHEHRA,Chowki Handa,-,-,-,-,-,-,33.17222222,74.19166667,25-05-2008 00:00,7.6,488,"",0,207,"",35,"",9,"","","",210,56,17.09,11,"",0.26,"","","","","","","","",""
531,Chowki Handa,CGWB,1,Jammu & Kashmir,12,RAJAURI,NOWSHEHRA,NOWSHEHRA,Chowki Handa,-,-,-,-,-,-,33.17222222,74.19166667,25-05-2009 00:00,7.2,390,"",0,232,"",14,"",10,"","","",150,30,18.27,33,"",0.3,"","","","","","","","",""
532,Chowki Handa,CGWB,1,Jammu & Kashmir,12,RAJAURI,NOWSHEHRA,NOWSHEHRA,Chowki Handa,-,-,-,-,-,-,33.17222222,74.19166667,25-05-2010 00:00,8.1,270,"",0,153,"",18,"",0,"","","",110,26,10.97,18,"",0.38,"","","","","","","","",""
533,Chowki Handa,CGWB,1,Jammu & Kashmir,12,RAJAURI,NOWSHEHRA,NOWSHEHRA,Chowki Handa,-,-,-,-,-,-,33.17222222,74.19166667,25-05-2012 00:00,7.7,410,"",0,226,"",14,"",6,"","","",142,34,14,30,"",0.03,"","","","","","","","",""
534,Chowki Handa,CGWB,1,Jammu & Kashmir,12,RAJAURI,NOWSHEHRA,NOWSHEHRA,Chowki Handa,-,-,-,-,-,-,33.17222222,74.19166667,25-05-2013 00:00,7.29,540,"",0,232,190.2,38,"",14,"","","",145,24,20.7,46,"","","","","","","","","","",""
535,Chowki Handa,CGWB,1,Jammu & Kashmir,12,RAJAURI,NOWSHEHRA,NOWSHEHRA,Chowki Handa,-,-,-,-,-,-,33.17222222,74.19166667,25-05-2014 00:00,7.4,470,"",0,208,170.49,25,"",34,"","","",155,24,23.13,39,"",0.1,"","","","","","","","",""
536,Chowki Handa,CGWB,1,Jammu & Kashmir,12,RAJAURI,NOWSHEHRA,NOWSHEHRA,Chowki Handa,-,-,-,-,-,-,33.17222222,74.19166667,25-05-2015 00:00,8.56,360,"",6,146,129.67,21,"",30,"","","",145,14,26.76,19,"","","","","","","","","","",""
537,Chowki Handa,CGWB,1,Jammu & Kashmir,12,RAJAURI,NOWSHEHRA,NOWSHEHRA,Chowki Handa,-,-,-,-,-,-,33.17222222,74.19166667,25-05-2016 00:00,7.64,430,223.6,0,177,"",11,"",61,"","","",135,30,15,41,"",0,"","","","","","","","",""
538,Chowki Handa,CGWB,1,Jammu & Kashmir,12,RAJAURI,NOWSHEHRA,NOWSHEHRA,Chowki Handa,-,-,-,-,-,-,33.17222222,74.19166667,30-05-2019 08:00,8.37,390,252,7,225,"",14,"","","","","",239,22,45,17,"","","","","","","","","","",""
539,Chowki Handa,CGWB,1,Jammu & Kashmir,12,RAJAURI,NOWSHEHRA,NOWSHEHRA,Chowki Handa,-,-,-,-,-,-,33.17222222,74.19166667,30-05-2020 08:00,8.37,390,"","",225,"",14,"","","","","","",22,45,17,"","","","","","","","","","",""
540,Chowki Handa,CGWB,1,Jammu & Kashmir,12,RAJAURI,NOWSHEHRA,NOWSHEHRA,Chowki Handa,-,-,-,-,-,-,33.17222222,74.19166667,30-05-2021 08:00,7.5,1387,"",0,231.8,"",184.34,"",80,"","","",450,100,48.608,60,"","","","","","","","","","",""
541,Daboh,CGWB,1,Jammu & Kashmir,5,JAMMU,SAMBA,SAMBA,Daboh,-,-,-,-,-,-,32.58583333,75.10500000,25-05-2000 00:00,8.02,620,"",0,77,"",76,"","","","","",231,70,13.7,34,"","","","","","","","","","",""
542,Daboh,CGWB,1,Jammu & Kashmir,5,JAMMU,SAMBA,SAMBA,Daboh,-,-,-,-,-,-,32.58583333,75.10500000,25-05-2001 00:00,7.75,753,"",0,317,"",57,"","","","","",260,84,12.26,38,"","","","","","","","","","",""
543,Daboh,CGWB,1,Jammu & Kashmir,5,JAMMU,SAMBA,SAMBA,Daboh,-,-,-,-,-,-,32.58583333,75.10500000,25-05-2002 00:00,7.7,855,"",0,323,"",49,"","","","","",396,139,12,39,"",0.11,"","","","","","","","",""
544,Daboh,CGWB,1,Jammu & Kashmir,5,JAMMU,SAMBA,SAMBA,Daboh,-,-,-,-,-,-,32.58583333,75.10500000,25-05-2003 00:00,7.7,490,"",0,122,"",35,"","","","","",175,50,12.22,29,"","","","","","","","","","",""
545,Daboh,CGWB,1,Jammu & Kashmir,5,JAMMU,SAMBA,SAMBA,Daboh,-,-,-,-,-,-,32.58583333,75.10500000,25-05-2004 00:00,7.35,708,"",0,256,"",32,"","","","","",210,60,14.66,37,"","","","","","","","","","",""
546,Daboh,CGWB,1,Jammu & Kashmir,5,JAMMU,SAMBA,SAMBA,Daboh,-,-,-,-,-,-,32.58583333,75.10500000,25-05-2005 00:00,7.8,745,"",0,348,"",32,"","","","","",333,106,16.66,18,"","","","","","","","","","",""
547,Daboh,CGWB,1,Jammu & Kashmir,5,JAMMU,SAMBA,SAMBA,Daboh,-,-,-,-,-,-,32.58583333,75.10500000,25-05-2006 00:00,7.47,488,"",0,153,"",46,"","","","","",194,55,13.8,20,"","","","","","","","","","",""
548,Daboh,CGWB,1,Jammu & Kashmir,5,JAMMU,SAMBA,SAMBA,Daboh,-,-,-,-,-,-,32.58583333,75.10500000,25-05-2007 00:00,7.7,602,"",0,238,"",39,"","","","","",260,74,18.32,23,"","","","","","","","","","",""
549,Daboh,CGWB,1,Jammu & Kashmir,5,JAMMU,SAMBA,SAMBA,Daboh,-,-,-,-,-,-,32.58583333,75.10500000,25-05-2008 00:00,7.4,805,"",0,336,"",43,"",16,"","","",290,86,18.34,58,"",0.25,"","","","","","","","",""
550,Daboh,CGWB,1,Jammu & Kashmir,5,JAMMU,SAMBA,SAMBA,Daboh,-,-,-,-,-,-,32.58583333,75.10500000,25-05-2009 00:00,7.6,498,"",0,323,"",11,"",5,"","","",260,84,12.26,14,"",0.14,"","","","","","","","",""
551,Daboh,CGWB,1,Jammu & Kashmir,5,JAMMU,SAMBA,SAMBA,Daboh,-,-,-,-,-,-,32.58583333,75.10500000,25-05-2010 00:00,8.4,260,"",6,116,"",14,"",0,"","","",120,26,13.4,5.8,"",0.35,"","","","","","","","",""
552,Daboh,CGWB,1,Jammu & Kashmir,5,JAMMU,SAMBA,SAMBA,Daboh,-,-,-,-,-,-,32.58583333,75.10500000,25-05-2012 00:00,7.55,540,"",0,226,"",32,"",10,"","","",259,88,9.6,16,"",0.39,"","","","","","","","",""
553,Daboh,CGWB,1,Jammu & Kashmir,5,JAMMU,SAMBA,SAMBA,Daboh,-,-,-,-,-,-,32.58583333,75.10500000,25-05-2014 00:00,7.12,550,"",0,220,180.33,46,"",79,"","","",240,22,45.01,44,"",0.1,"","","","","","","","",""
554,Daboh,CGWB,1,Jammu & Kashmir,5,JAMMU,SAMBA,SAMBA,Daboh,-,-,-,-,-,-,32.58583333,75.10500000,25-05-2016 00:00,7.53,740,384.8,0,341.6,"",63.9,"",32.498344,"","","",380,88.176,38.912,33.3,"",0.09,"","","","","","","","",""
555,Dadua,CGWB,1,Jammu & Kashmir,627,Reasi,Pouni,KATHUA,Kothian,-,-,-,-,-,-,33.06861111,74.63666667,25-05-2000 00:00,7.45,358,"",0,195,"",14,"","","","","",160,44,12.21,"","","","","","","","","","","",""
556,Dadua,CGWB,1,Jammu & Kashmir,627,Reasi,Pouni,KATHUA,Kothian,-,-,-,-,-,-,33.06861111,74.63666667,25-05-2001 00:00,7.5,414,"",0,231,"",14,"","","","","",215,60,15.88,12,"","","","","","","","","","",""
557,Dadua,CGWB,1,Jammu & Kashmir,627,Reasi,Pouni,KATHUA,Kothian,-,-,-,-,-,-,33.06861111,74.63666667,25-05-2002 00:00,7.4,560,"",0,250,"",17,"",28,"","","",226,65,15.52,16,"",0.72,"","","","","","","","",""
558,Dadua,CGWB,1,Jammu & Kashmir,627,Reasi,Pouni,KATHUA,Kothian,-,-,-,-,-,-,33.06861111,74.63666667,25-05-2003 00:00,7.35,497,"",0,275,"",14,"","","","","",230,40,31.66,15,"","","","","","","","","","",""
559,Dadua,CGWB,1,Jammu & Kashmir,627,Reasi,Pouni,KATHUA,Kothian,-,-,-,-,-,-,33.06861111,74.63666667,25-05-2004 00:00,7.86,661,"",0,195,"",18,"","","","","",301,70,30.72,3.5,"","","","","","","","","","",""
560,Dadua,CGWB,1,Jammu & Kashmir,627,Reasi,Pouni,KATHUA,Kothian,-,-,-,-,-,-,33.06861111,74.63666667,25-05-2005 00:00,7.47,529,"",0,185,"",18,"","","","","",210,20,38.93,14,"","","","","","","","","","",""
561,Dadua,CGWB,1,Jammu & Kashmir,627,Reasi,Pouni,KATHUA,Kothian,-,-,-,-,-,-,33.06861111,74.63666667,25-05-2006 00:00,7.7,415,"",0,195,"",18,"","","","","",190,48,17.08,9.9,"","","","","","","","","","",""
562,Dadua,CGWB,1,Jammu & Kashmir,627,Reasi,Pouni,KATHUA,Kothian,-,-,-,-,-,-,33.06861111,74.63666667,25-05-2007 00:00,7.84,255,"",0,159,"",3.5,"","","","","",125,36,8.55,8.1,"","","","","","","","","","",""
563,Dadua,CGWB,1,Jammu & Kashmir,627,Reasi,Pouni,KATHUA,Kothian,-,-,-,-,-,-,33.06861111,74.63666667,25-05-2008 00:00,7.5,772,"",0,232,"",21,"",19,"","","",200,56,14.66,21,"",0.26,"","","","","","","","",""
564,Dadua,CGWB,1,Jammu & Kashmir,627,Reasi,Pouni,KATHUA,Kothian,-,-,-,-,-,-,33.06861111,74.63666667,25-05-2009 00:00,8.1,280,"",0,128,"",14,"",20,"","","",120,24,14.62,14,"",0.07,"","","","","","","","",""
565,Dadua,CGWB,1,Jammu & Kashmir,627,Reasi,Pouni,KATHUA,Kothian,-,-,-,-,-,-,33.06861111,74.63666667,25-05-2014 00:00,7.88,250,"",0,134,109.84,18,"",1,"","","",120,22,15.83,8,"",0.08,"","","","","","","","",""
566,Dadua,CGWB,1,Jammu & Kashmir,627,Reasi,Pouni,KATHUA,Kothian,-,-,-,-,-,-,33.06861111,74.63666667,25-05-2015 00:00,8.54,390,"",12,165,155.25,25,"",30,"","","",165,36,18.28,21,"",3.3,"","","","","","","","",""
567,Dadua,CGWB,1,Jammu & Kashmir,627,Reasi,Pouni,KATHUA,Kothian,-,-,-,-,-,-,33.06861111,74.63666667,25-05-2016 00:00,7.15,650,338,0,232,"",18,"",94,"","","",185,34,24,64,"",2.64,"","","","","","","","",""
568,Dadua,CGWB,1,Jammu & Kashmir,627,Reasi,Pouni,KATHUA,Kothian,-,-,-,-,-,-,33.06861111,74.63666667,30-05-2019 08:00,7.81,490,126,0,278,"",48,"","","","","",250,35,40,24,"","","","","","","","","","",""
569,Dadua,CGWB,1,Jammu & Kashmir,627,Reasi,Pouni,KATHUA,Kothian,-,-,-,-,-,-,33.06861111,74.63666667,30-05-2020 08:00,7.81,490,"","",278,"",48,"","","","","","",35,40,24,"","","","","","","","","","",""
570,Dadua,CGWB,1,Jammu & Kashmir,627,Reasi,Pouni,KATHUA,Kothian,-,-,-,-,-,-,33.06861111,74.63666667,30-05-2021 08:00,7.55,449,"",0,109.818,"",92.3,"",14,"","","",150,44,9.7296,31.9,"","","","","","","","","","",""
571,Dalsar,CGWB,1,Jammu & Kashmir,14,UDHAMPUR,RAMNAGAR,RAMNAGAR,Dalsar,-,-,-,-,-,-,32.81916667,75.31250000,25-05-2014 00:00,7.6,550,"",0,275,225.41,21,"",30,"","","",115,20,15.83,78,"",1.18,"","","","","","","","",""
572,Dalsar,CGWB,1,Jammu & Kashmir,14,UDHAMPUR,RAMNAGAR,RAMNAGAR,Dalsar,-,-,-,-,-,-,32.81916667,75.31250000,25-05-2015 00:00,8.36,240,"",6,116,105.08,14,"",3,"","","",95,20,10.97,13,"",0.23,"","","","","","","","",""
573,Dalsar,CGWB,1,Jammu & Kashmir,14,UDHAMPUR,RAMNAGAR,RAMNAGAR,Dalsar,-,-,-,-,-,-,32.81916667,75.31250000,25-05-2016 00:00,7.54,450,234,0,354,"",14,"",34.01033,"","","",195,36,26,68,"",0,"","","","","","","","",""
574,Dalsar,CGWB,1,Jammu & Kashmir,14,UDHAMPUR,RAMNAGAR,RAMNAGAR,Dalsar,-,-,-,-,-,-,32.81916667,75.31250000,30-05-2019 08:00,7.65,540,276,0,358,"",41,"","","","","",206,30,32,80,"","","","","","","","","","",""
575,Dalsar,CGWB,1,Jammu & Kashmir,14,UDHAMPUR,RAMNAGAR,RAMNAGAR,Dalsar,-,-,-,-,-,-,32.81916667,75.31250000,30-05-2020 08:00,7.65,540,"","",358,"",41,"","","","","","",30,32,80,"","","","","","","","","","",""
576,Dalsar,CGWB,1,Jammu & Kashmir,14,UDHAMPUR,RAMNAGAR,RAMNAGAR,Dalsar,-,-,-,-,-,-,32.81916667,75.31250000,30-05-2021 08:00,7.87,890,"",0,396.63,"",28.36,"",48,"","","",310,64,36.456,60,"","","","","","","","","","",""
577,Darhal Quilla,CGWB,1,Jammu & Kashmir,12,RAJAURI,NOWSHEHRA,NOWSHEHRA,Darhal Quilla,-,-,-,-,-,-,33.21944444,74.15000000,25-05-2000 00:00,7.4,475,"",0,220,"",31,"","","","","",200,38,25.58,"","","","","","","","","","","",""
578,Darhal Quilla,CGWB,1,Jammu & Kashmir,12,RAJAURI,NOWSHEHRA,NOWSHEHRA,Darhal Quilla,-,-,-,-,-,-,33.21944444,74.15000000,25-05-2003 00:00,8.02,249,"",0,122,"",11,"","","","","",120,34,8.55,8,"","","","","","","","","","",""
579,Darhal Quilla,CGWB,1,Jammu & Kashmir,12,RAJAURI,NOWSHEHRA,NOWSHEHRA,Darhal Quilla,-,-,-,-,-,-,33.21944444,74.15000000,25-05-2004 00:00,7.5,590,"",0,226,"",11,"","","","","",300,76,26.84,5,"","","","","","","","","","",""
580,Darhal Quilla,CGWB,1,Jammu & Kashmir,12,RAJAURI,NOWSHEHRA,NOWSHEHRA,Darhal Quilla,-,-,-,-,-,-,33.21944444,74.15000000,25-05-2005 00:00,7.45,465,"",0,258,"",14,"","","","","",215,38,29.22,7.3,"","","","","","","","","","",""
581,Darhal Quilla,CGWB,1,Jammu & Kashmir,12,RAJAURI,NOWSHEHRA,NOWSHEHRA,Darhal Quilla,-,-,-,-,-,-,33.21944444,74.15000000,25-05-2006 00:00,7.82,438,"",0,165,"",14,"","","","","",140,37,11.59,98,"","","","","","","","","","",""
582,Darhal Quilla,CGWB,1,Jammu & Kashmir,12,RAJAURI,NOWSHEHRA,NOWSHEHRA,Darhal Quilla,-,-,-,-,-,-,33.21944444,74.15000000,25-05-2007 00:00,8.01,395,"",0,195,"",28,"","","","","",175,34,21.92,18,"","","","","","","","","","",""
583,Darhal Quilla,CGWB,1,Jammu & Kashmir,12,RAJAURI,NOWSHEHRA,NOWSHEHRA,Darhal Quilla,-,-,-,-,-,-,33.21944444,74.15000000,25-05-2008 00:00,7.8,511,"",0,256,"",21,"",4,"","","",225,68,13.45,11,"",0.59,"","","","","","","","",""
584,Darhal Quilla,CGWB,1,Jammu & Kashmir,12,RAJAURI,NOWSHEHRA,NOWSHEHRA,Darhal Quilla,-,-,-,-,-,-,33.21944444,74.15000000,25-05-2009 00:00,7.3,310,"",0,195,"",7.1,"",6,"","","",155,36,15.85,11,"",1.82,"","","","","","","","",""
585,Darhal Quilla,CGWB,1,Jammu & Kashmir,12,RAJAURI,NOWSHEHRA,NOWSHEHRA,Darhal Quilla,-,-,-,-,-,-,33.21944444,74.15000000,25-05-2012 00:00,7.26,420,"",0,238,"",14,"",0,"","","",198,58,13,12,"","","","","","","","","","",""
586,Darhal Quilla,CGWB,1,Jammu & Kashmir,12,RAJAURI,NOWSHEHRA,NOWSHEHRA,Darhal Quilla,-,-,-,-,-,-,33.21944444,74.15000000,25-05-2013 00:00,7.65,370,"",0,143,117.2,14,"",0,"","","",125,20,18.26,7.6,"","","","","","","","","","",""
587,Darhal Quilla,CGWB,1,Jammu & Kashmir,12,RAJAURI,NOWSHEHRA,NOWSHEHRA,Darhal Quilla,-,-,-,-,-,-,33.21944444,74.15000000,25-05-2014 00:00,7.63,390,"",0,134,109.84,14,"",62,"","","",180,24,29.2,7.5,"",0.24,"","","","","","","","",""
588,Darhal Quilla,CGWB,1,Jammu & Kashmir,12,RAJAURI,NOWSHEHRA,NOWSHEHRA,Darhal Quilla,-,-,-,-,-,-,33.21944444,74.15000000,25-05-2015 00:00,8.73,340,"",6,116,105.08,25,"",25,"","","",115,14,19.47,24,"","","","","","","","","","",""
589,Darhal Quilla,CGWB,1,Jammu & Kashmir,12,RAJAURI,NOWSHEHRA,NOWSHEHRA,Darhal Quilla,-,-,-,-,-,-,33.21944444,74.15000000,25-05-2016 00:00,7.3,430,223.6,0,177,"",14,"",55,"","","",160,30,21,27,"",0,"","","","","","","","",""
590,Darhal Quilla,CGWB,1,Jammu & Kashmir,12,RAJAURI,NOWSHEHRA,NOWSHEHRA,Darhal Quilla,-,-,-,-,-,-,33.21944444,74.15000000,30-05-2019 08:00,8.4,360,252,7,185,"",20,"","","","","",217,17,42,8.3,"","","","","","","","","","",""
591,Darhal Quilla,CGWB,1,Jammu & Kashmir,12,RAJAURI,NOWSHEHRA,NOWSHEHRA,Darhal Quilla,-,-,-,-,-,-,33.21944444,74.15000000,30-05-2020 08:00,8.4,360,"","",185,"",20,"","","","","","",17,42,8.3,"","","","","","","","","","",""
592,Darhal Quilla,CGWB,1,Jammu & Kashmir,12,RAJAURI,NOWSHEHRA,NOWSHEHRA,Darhal Quilla,-,-,-,-,-,-,33.21944444,74.15000000,30-05-2021 08:00,7.8,1158,"",0,439.2,"",99.26,"",118,"","","",340,72,38.8864,112,"","","","","","","","","","",""
593,Dehari,CGWB,1,Jammu & Kashmir,14,UDHAMPUR,RAMNAGAR,RAMNAGAR,Dehari,-,-,-,-,-,-,32.78138889,75.27277778,25-05-2000 00:00,8.05,490,"",0,104,"",77,"","","","","",340,32,63.25,"","","","","","","","","","","",""
594,Dehari,CGWB,1,Jammu & Kashmir,14,UDHAMPUR,RAMNAGAR,RAMNAGAR,Dehari,-,-,-,-,-,-,32.78138889,75.27277778,25-05-2001 00:00,7.1,525,"",0,213,"",66,"","","","","",240,76,12.25,4,"","","","","","","","","","",""
595,Dehari,CGWB,1,Jammu & Kashmir,14,UDHAMPUR,RAMNAGAR,RAMNAGAR,Dehari,-,-,-,-,-,-,32.78138889,75.27277778,25-05-2002 00:00,7.6,888,"",0,299,"",67,"","","","","",276,78,19.79,69,"",0.42,"","","","","","","","",""
596,Dehari,CGWB,1,Jammu & Kashmir,14,UDHAMPUR,RAMNAGAR,RAMNAGAR,Dehari,-,-,-,-,-,-,32.78138889,75.27277778,25-05-2003 00:00,7.95,795,"",0,369,"",78,"","","","","",260,76,17.11,49,"","","","","","","","","","",""
597,Dehari,CGWB,1,Jammu & Kashmir,14,UDHAMPUR,RAMNAGAR,RAMNAGAR,Dehari,-,-,-,-,-,-,32.78138889,75.27277778,25-05-2004 00:00,7.76,908,"",0,451,"",28,"","","","","",75,12,10.96,173,"","","","","","","","","","",""
598,Dehari,CGWB,1,Jammu & Kashmir,14,UDHAMPUR,RAMNAGAR,RAMNAGAR,Dehari,-,-,-,-,-,-,32.78138889,75.27277778,25-05-2005 00:00,8.2,790,"",0,398,"",28,"","","","","",190,58,11.01,108,"","","","","","","","","","",""
599,Dehari,CGWB,1,Jammu & Kashmir,14,UDHAMPUR,RAMNAGAR,RAMNAGAR,Dehari,-,-,-,-,-,-,32.78138889,75.27277778,25-05-2006 00:00,7.9,796,"",0,409,"",46,"","","","","",95,16,13.39,152,"","","","","","","","","","",""
600,Dehari,CGWB,1,Jammu & Kashmir,14,UDHAMPUR,RAMNAGAR,RAMNAGAR,Dehari,-,-,-,-,-,-,32.78138889,75.27277778,25-05-2007 00:00,8.42,655,"",24,256,"",60,"","","","","",110,16,17.04,104,"","","","","","","","","","",""
601,Dehari,CGWB,1,Jammu & Kashmir,14,UDHAMPUR,RAMNAGAR,RAMNAGAR,Dehari,-,-,-,-,-,-,32.78138889,75.27277778,25-05-2008 00:00,7.7,705,"",0,397,"",35,"",28,"","","",150,38,13.42,116,"",5.1,"","","","","","","","",""
602,Dehari,CGWB,1,Jammu & Kashmir,14,UDHAMPUR,RAMNAGAR,RAMNAGAR,Dehari,-,-,-,-,-,-,32.78138889,75.27277778,25-05-2009 00:00,8,760,"",0,122,"",121,"",67,"","","",205,40,25.58,63,"",0.32,"","","","","","","","",""
603,Dehari,CGWB,1,Jammu & Kashmir,14,UDHAMPUR,RAMNAGAR,RAMNAGAR,Dehari,-,-,-,-,-,-,32.78138889,75.27277778,25-05-2010 00:00,7.85,600,"",0,262,"",46,"",10,"","","",95,22,9.75,92,"",0.34,"","","","","","","","",""
604,Dehari,CGWB,1,Jammu & Kashmir,14,UDHAMPUR,RAMNAGAR,RAMNAGAR,Dehari,-,-,-,-,-,-,32.78138889,75.27277778,25-05-2012 00:00,7.5,750,"",0,201,"",110,"",60,"","","",231,58,21,74,"",0.25,"","","","","","","","",""
605,Dehari,CGWB,1,Jammu & Kashmir,14,UDHAMPUR,RAMNAGAR,RAMNAGAR,Dehari,-,-,-,-,-,-,32.78138889,75.27277778,25-05-2013 00:00,7.87,980,"",0,183,150,188,"",36,"","","",315,78,29.27,85,"",0.1,"","","","","","","","",""
606,Dehari,CGWB,1,Jammu & Kashmir,14,UDHAMPUR,RAMNAGAR,RAMNAGAR,Dehari,-,-,-,-,-,-,32.78138889,75.27277778,25-05-2014 00:00,7.52,790,"",0,140,114.75,149,"",68,"","","",220,40,29,79,"",0.48,"","","","","","","","",""
607,Dehari,CGWB,1,Jammu & Kashmir,14,UDHAMPUR,RAMNAGAR,RAMNAGAR,Dehari,-,-,-,-,-,-,32.78138889,75.27277778,25-05-2015 00:00,8.24,590,"",0,299,245.08,21,"",26,"","","",100,6,20.67,92,"",0.12,"","","","","","","","",""
608,Dehari,CGWB,1,Jammu & Kashmir,14,UDHAMPUR,RAMNAGAR,RAMNAGAR,Dehari,-,-,-,-,-,-,32.78138889,75.27277778,25-05-2016 00:00,7.71,230,119.6,0,372,"",21,"",13.67973,"","","",100,16,15,114,"",0.09,"","","","","","","","",""
609,Devipura,CGWB,1,Jammu & Kashmir,5,JAMMU,AKHNOOR,AKHNOOR,Devipura,-,-,-,-,-,-,32.85555556,74.65833333,25-05-2000 00:00,8.5,442,"",19,126,"",28,"","","","","",214,23,38.08,9.4,"","","","","","","","","","",""
610,Devipura,CGWB,1,Jammu & Kashmir,5,JAMMU,AKHNOOR,AKHNOOR,Devipura,-,-,-,-,-,-,32.85555556,74.65833333,25-05-2001 00:00,8.02,460,"",0,167,"",28,"","","","","",230,32,36.51,10,"","","","","","","","","","",""
611,Devipura,CGWB,1,Jammu & Kashmir,5,JAMMU,AKHNOOR,AKHNOOR,Devipura,-,-,-,-,-,-,32.85555556,74.65833333,25-05-2002 00:00,8,440,"",0,203,"",10,"","","","","",207,58,15.14,4.2,"",0.13,"","","","","","","","",""
612,Devipura,CGWB,1,Jammu & Kashmir,5,JAMMU,AKHNOOR,AKHNOOR,Devipura,-,-,-,-,-,-,32.85555556,74.65833333,25-05-2003 00:00,7.9,620,"",0,183,"",39,"","","","","",295,52,40.18,9.8,"","","","","","","","","","",""
613,Devipura,CGWB,1,Jammu & Kashmir,5,JAMMU,AKHNOOR,AKHNOOR,Devipura,-,-,-,-,-,-,32.85555556,74.65833333,25-05-2004 00:00,7.87,1060,"",0,445,"",35,"","","","","",505,120,49.99,11,"","","","","","","","","","",""
614,Devipura,CGWB,1,Jammu & Kashmir,5,JAMMU,AKHNOOR,AKHNOOR,Devipura,-,-,-,-,-,-,32.85555556,74.65833333,25-05-2005 00:00,7.6,545,"",0,270,"",11,"","","","","",279,73,23.55,3.2,"","","","","","","","","","",""
615,Devipura,CGWB,1,Jammu & Kashmir,5,JAMMU,AKHNOOR,AKHNOOR,Devipura,-,-,-,-,-,-,32.85555556,74.65833333,25-05-2006 00:00,7.95,320,"",0,189,"",7.1,"","","","","",185,40,20.71,1.9,"","","","","","","","","","",""
616,Devipura,CGWB,1,Jammu & Kashmir,5,JAMMU,AKHNOOR,AKHNOOR,Devipura,-,-,-,-,-,-,32.85555556,74.65833333,25-05-2007 00:00,8.15,705,"",0,165,"",78,"","","","","",355,58,51.13,15,"","","","","","","","","","",""
617,Devipura,CGWB,1,Jammu & Kashmir,5,JAMMU,AKHNOOR,AKHNOOR,Devipura,-,-,-,-,-,-,32.85555556,74.65833333,25-05-2008 00:00,7.6,1270,"",0,475,"",57,"",70,"","","",565,120,64.58,17,"",0.1,"","","","","","","","",""
618,Devipura,CGWB,1,Jammu & Kashmir,5,JAMMU,AKHNOOR,AKHNOOR,Devipura,-,-,-,-,-,-,32.85555556,74.65833333,25-05-2009 00:00,7.25,932,"",0,274,"",42,"",45,"","","",360,38,64.48,14,"",0.2,"","","","","","","","",""
619,Devipura,CGWB,1,Jammu & Kashmir,5,JAMMU,AKHNOOR,AKHNOOR,Devipura,-,-,-,-,-,-,32.85555556,74.65833333,25-05-2010 00:00,9,560,"",18,104,"",71,"",32,"","","",350,44,58.41,14,"",0.22,"","","","","","","","",""
620,Devipura,CGWB,1,Jammu & Kashmir,5,JAMMU,AKHNOOR,AKHNOOR,Devipura,-,-,-,-,-,-,32.85555556,74.65833333,25-05-2012 00:00,7.9,1000,"",0,415,"",75,"",55,"","","",464,110,46,31,"",0.15,"","","","","","","","",""
621,Devipura,CGWB,1,Jammu & Kashmir,5,JAMMU,AKHNOOR,AKHNOOR,Devipura,-,-,-,-,-,-,32.85555556,74.65833333,25-05-2013 00:00,7.91,360,"",0,189,154.9,18,"",3,"","","",185,52,13.44,1.9,"",0.06,"","","","","","","","",""
622,Devipura,CGWB,1,Jammu & Kashmir,5,JAMMU,AKHNOOR,AKHNOOR,Devipura,-,-,-,-,-,-,32.85555556,74.65833333,25-05-2014 00:00,7.52,640,"",0,171,140.16,43,"",89,"","","",230,24,41.36,43,"",0.57,"","","","","","","","",""
623,Devipura,CGWB,1,Jammu & Kashmir,5,JAMMU,AKHNOOR,AKHNOOR,Devipura,-,-,-,-,-,-,32.85555556,74.65833333,25-05-2015 00:00,8,360,"",0,55,45.08,7.1,"",118,"","","",175,20,30.42,3.8,"",1.97,"","","","","","","","",""
624,Devipura,CGWB,1,Jammu & Kashmir,5,JAMMU,AKHNOOR,AKHNOOR,Devipura,-,-,-,-,-,-,32.85555556,74.65833333,25-05-2016 00:00,8.16,286,148.72,0,170.8,"",7.1,"",40.239258,"","","",187.395,36.072,23.686464,5.6,"",0,"","","","","","","","",""
625,Devipura,CGWB,1,Jammu & Kashmir,5,JAMMU,AKHNOOR,AKHNOOR,Devipura,-,-,-,-,-,-,32.85555556,74.65833333,30-05-2019 08:00,8.8,720,210,7,384,"",48,"","","","","",260,13,55,42.9,"","","","","","","","","","",""
626,Devipura,CGWB,1,Jammu & Kashmir,5,JAMMU,AKHNOOR,AKHNOOR,Devipura,-,-,-,-,-,-,32.85555556,74.65833333,30-05-2020 08:00,8.8,720,"","",384,"",48,"","","","","","",13,55,42.9,"","","","","","","","","","",""
627,Devipura,CGWB,1,Jammu & Kashmir,5,JAMMU,AKHNOOR,AKHNOOR,Devipura,-,-,-,-,-,-,32.85555556,74.65833333,30-05-2021 08:00,7.59,1444,"",0,549,"",141.8,"",36,"","","",410,84,48.608,108.6,"","","","","","","","","","",""
628,Dhanpur,CGWB,1,Jammu & Kashmir,5,JAMMU,AKHNOOR,AKHNOOR,Dhanpur,-,-,-,-,-,-,32.80694444,74.54111111,25-05-2000 00:00,7.9,672,"",0,364,"",28,"","","","","",309,103,12.65,16,"","","","","","","","","","",""
629,Dhanpur,CGWB,1,Jammu & Kashmir,5,JAMMU,AKHNOOR,AKHNOOR,Dhanpur,-,-,-,-,-,-,32.80694444,74.54111111,25-05-2001 00:00,7.9,426,"",0,234,"",10,"","","","","",230,76,9.82,6.5,"","","","","","","","","","",""
630,Dhanpur,CGWB,1,Jammu & Kashmir,5,JAMMU,AKHNOOR,AKHNOOR,Dhanpur,-,-,-,-,-,-,32.80694444,74.54111111,25-05-2002 00:00,7.5,465,"",0,173,"",21,"","","","","",202,40,24.85,5.6,"",0.13,"","","","","","","","",""
631,Dhanpur,CGWB,1,Jammu & Kashmir,5,JAMMU,AKHNOOR,AKHNOOR,Dhanpur,-,-,-,-,-,-,32.80694444,74.54111111,25-05-2003 00:00,8.4,940,"",84,244,"",46,"","","","","",420,138,18.4,33,"","","","","","","","","","",""
632,Dhanpur,CGWB,1,Jammu & Kashmir,5,JAMMU,AKHNOOR,AKHNOOR,Dhanpur,-,-,-,-,-,-,32.80694444,74.54111111,25-05-2004 00:00,8.1,900,"",0,433,"",25,"","","","","",370,122,15.95,26,"","","","","","","","","","",""
633,Dhanpur,CGWB,1,Jammu & Kashmir,5,JAMMU,AKHNOOR,AKHNOOR,Dhanpur,-,-,-,-,-,-,32.80694444,74.54111111,25-05-2005 00:00,7.72,645,"",0,230,"",22,"","","","","",307,98,15.19,8.3,"","","","","","","","","","",""
634,Dhanpur,CGWB,1,Jammu & Kashmir,5,JAMMU,AKHNOOR,AKHNOOR,Dhanpur,-,-,-,-,-,-,32.80694444,74.54111111,25-05-2006 00:00,7.7,525,"",0,274,"",21,"","","","","",275,95,9.23,8.5,"","","","","","","","","","",""
635,Dhanpur,CGWB,1,Jammu & Kashmir,5,JAMMU,AKHNOOR,AKHNOOR,Dhanpur,-,-,-,-,-,-,32.80694444,74.54111111,25-05-2007 00:00,7.9,548,"",0,116,"",39,"","","","","",245,68,18.32,20,"","","","","","","","","","",""
636,Dhanpur,CGWB,1,Jammu & Kashmir,5,JAMMU,AKHNOOR,AKHNOOR,Dhanpur,-,-,-,-,-,-,32.80694444,74.54111111,25-05-2008 00:00,7.6,662,"",0,275,"",21,"",0,"","","",255,96,3.76,14,"",0.87,"","","","","","","","",""
637,Dhanpur,CGWB,1,Jammu & Kashmir,5,JAMMU,AKHNOOR,AKHNOOR,Dhanpur,-,-,-,-,-,-,32.80694444,74.54111111,25-05-2009 00:00,7.15,690,"",0,372,"",11,"",6,"","","",265,52,32.89,14,"",0.3,"","","","","","","","",""
638,Dhanpur,CGWB,1,Jammu & Kashmir,5,JAMMU,AKHNOOR,AKHNOOR,Dhanpur,-,-,-,-,-,-,32.80694444,74.54111111,25-05-2010 00:00,8.05,270,"",0,171,"",3.5,"",0.1,"","","",140,40,9.77,5,"",0.36,"","","","","","","","",""
639,Dhanpur,CGWB,1,Jammu & Kashmir,5,JAMMU,AKHNOOR,AKHNOOR,Dhanpur,-,-,-,-,-,-,32.80694444,74.54111111,25-05-2012 00:00,7.6,780,"",0,458,"",25,"",5,"","","",359,116,17,18,"",0.44,"","","","","","","","",""
640,Dhanpur,CGWB,1,Jammu & Kashmir,5,JAMMU,AKHNOOR,AKHNOOR,Dhanpur,-,-,-,-,-,-,32.80694444,74.54111111,25-05-2013 00:00,7.63,630,"",0,232,190.2,28,"",2,"","","",285,80,20.76,18,"",0.14,"","","","","","","","",""
641,Dhanpur,CGWB,1,Jammu & Kashmir,5,JAMMU,AKHNOOR,AKHNOOR,Dhanpur,-,-,-,-,-,-,32.80694444,74.54111111,25-05-2014 00:00,7.4,540,"",0,256,209.84,11,"",44,"","","",165,38,17.07,17,"",1.6,"","","","","","","","",""
642,Dhanpur,CGWB,1,Jammu & Kashmir,5,JAMMU,AKHNOOR,AKHNOOR,Dhanpur,-,-,-,-,-,-,32.80694444,74.54111111,25-05-2015 00:00,8.21,370,"",0,140,114.75,18,"",22,"","","",140,40.1,9.71,9.3,"",0.11,"","","","","","","","",""
643,Dhanpur,CGWB,1,Jammu & Kashmir,5,JAMMU,AKHNOOR,AKHNOOR,Dhanpur,-,-,-,-,-,-,32.80694444,74.54111111,25-05-2016 00:00,7.68,351,182.52,0,195.2,"",3.55,"",0.9295201,"","","",182.59,46.092,16.437887,11.67,"",1.45,"","","","","","","","",""
644,Dhanu Kannal,CGWB,1,Jammu & Kashmir,14,UDHAMPUR,REASI,REASI,Dhanu Kannal,-,-,-,-,-,-,32.96277778,75.00722222,30-05-2021 08:00,7.55,2340,"",0,573.4,"",219.79,"",126,"","","",300,52,41.3168,200.4,"","","","","","","","","","",""
645,Dharam Khu,CGWB,1,Jammu & Kashmir,5,JAMMU,JAMMU,JAMMU,Dharam Khu,-,-,-,-,-,-,32.86000000,74.76305556,25-05-2013 00:00,8.24,280,"",0,134,109.8,18,"",20,"","","",150,28,19.48,5.1,"",0.05,"","","","","","","","",""
646,Dharam Khu,CGWB,1,Jammu & Kashmir,5,JAMMU,JAMMU,JAMMU,Dharam Khu,-,-,-,-,-,-,32.86000000,74.76305556,25-05-2014 00:00,7.46,24,"",0,92,75.41,7,"",36,"","","",115,14,19.47,4.5,"",0.35,"","","","","","","","",""
647,Dharam Khu,CGWB,1,Jammu & Kashmir,5,JAMMU,JAMMU,JAMMU,Dharam Khu,-,-,-,-,-,-,32.86000000,74.76305556,25-05-2016 00:00,8.16,284,147.68,0,158.6,"",7.1,"",53.738094,"","","",187.395,30.06,27.334463,5.4,"",0,"","","","","","","","",""
648,Dharam Khu,CGWB,1,Jammu & Kashmir,5,JAMMU,JAMMU,JAMMU,Dharam Khu,-,-,-,-,-,-,32.86000000,74.76305556,30-05-2021 08:00,7.2,4850,"",0,219.6,"",1013.87,"",282,"","","",1230,284,126.3808,422,"","","","","","","","","","",""
649,Dharamsal,CGWB,1,Jammu & Kashmir,12,RAJAURI,KALAKOTE,KALAKOTE,Dharamsal,-,-,-,-,-,-,33.13472222,74.41388889,25-05-2000 00:00,7.58,379,"",0,220,"",10,"","","","","",175,54,9.79,"","","","","","","","","","","",""
650,Dharamsal,CGWB,1,Jammu & Kashmir,12,RAJAURI,KALAKOTE,KALAKOTE,Dharamsal,-,-,-,-,-,-,33.13472222,74.41388889,25-05-2001 00:00,7.38,485,"",0,296,"",7.1,"","","","","",240,78,11.04,15,"","","","","","","","","","",""
651,Dharamsal,CGWB,1,Jammu & Kashmir,12,RAJAURI,KALAKOTE,KALAKOTE,Dharamsal,-,-,-,-,-,-,33.13472222,74.41388889,25-05-2003 00:00,8.14,514,"",0,244,"",32,"","","","","",240,54,25.59,4.6,"","","","","","","","","","",""
652,Dharamsal,CGWB,1,Jammu & Kashmir,12,RAJAURI,KALAKOTE,KALAKOTE,Dharamsal,-,-,-,-,-,-,33.13472222,74.41388889,25-05-2004 00:00,8.21,1000,"",0,339,"",46,"","","","","",370,26,74.19,63,"","","","","","","","","","",""
653,Dharamsal,CGWB,1,Jammu & Kashmir,12,RAJAURI,KALAKOTE,KALAKOTE,Dharamsal,-,-,-,-,-,-,33.13472222,74.41388889,25-05-2005 00:00,8.03,696,"",0,331,"",35,"","","","","",280,24,53.52,17,"","","","","","","","","","",""
654,Dharamsal,CGWB,1,Jammu & Kashmir,12,RAJAURI,KALAKOTE,KALAKOTE,Dharamsal,-,-,-,-,-,-,33.13472222,74.41388889,25-05-2006 00:00,8.2,588,"",0,256,"",25,"","","","","",207,12,43,48,"","","","","","","","","","",""
655,Dharamsal,CGWB,1,Jammu & Kashmir,12,RAJAURI,KALAKOTE,KALAKOTE,Dharamsal,-,-,-,-,-,-,33.13472222,74.41388889,25-05-2007 00:00,7.98,125,"",0,61,"",3.5,"","","","","",65,20,3.67,1.2,"","","","","","","","","","",""
656,Dharamsal,CGWB,1,Jammu & Kashmir,12,RAJAURI,KALAKOTE,KALAKOTE,Dharamsal,-,-,-,-,-,-,33.13472222,74.41388889,25-05-2008 00:00,7.58,217,"",0,92,"",3.5,"",8,"","","",90,32,2.47,0.5,"",0.9,"","","","","","","","",""
657,Dharamsal,CGWB,1,Jammu & Kashmir,12,RAJAURI,KALAKOTE,KALAKOTE,Dharamsal,-,-,-,-,-,-,33.13472222,74.41388889,25-05-2009 00:00,7.5,680,"",0,360,"",39,"",35,"","","",265,20,52.3,58,"",2.28,"","","","","","","","",""
658,Dharamsal,CGWB,1,Jammu & Kashmir,12,RAJAURI,KALAKOTE,KALAKOTE,Dharamsal,-,-,-,-,-,-,33.13472222,74.41388889,25-05-2010 00:00,8.22,660,"",0,366,"",39,"",12,"","","",240,16,48.65,60,"",1.5,"","","","","","","","",""
659,Dharamsal,CGWB,1,Jammu & Kashmir,12,RAJAURI,KALAKOTE,KALAKOTE,Dharamsal,-,-,-,-,-,-,33.13472222,74.41388889,25-05-2012 00:00,7.98,600,"",0,329,"",14,"",0,"","","",229,80,7.2,32,"",0.48,"","","","","","","","",""
660,Dharamsal,CGWB,1,Jammu & Kashmir,12,RAJAURI,KALAKOTE,KALAKOTE,Dharamsal,-,-,-,-,-,-,33.13472222,74.41388889,25-05-2013 00:00,7.69,810,"",0,395,323.8,46,"",0,"","","",270,24,51.09,55,"",3,"","","","","","","","",""
661,Dharamsal,CGWB,1,Jammu & Kashmir,12,RAJAURI,KALAKOTE,KALAKOTE,Dharamsal,-,-,-,-,-,-,33.13472222,74.41388889,25-05-2014 00:00,7.5,440,"",0,183,150,14,"",59,"","","",195,30,29.21,16,"",1.39,"","","","","","","","",""
662,Dharamsal,CGWB,1,Jammu & Kashmir,12,RAJAURI,KALAKOTE,KALAKOTE,Dharamsal,-,-,-,-,-,-,33.13472222,74.41388889,25-05-2015 00:00,8.84,860,"",6,354,300.16,57,"",39,"","","",255,20,49.87,2.4,"","","","","","","","","","",""
663,Dharamsal,CGWB,1,Jammu & Kashmir,12,RAJAURI,KALAKOTE,KALAKOTE,Dharamsal,-,-,-,-,-,-,33.13472222,74.41388889,25-05-2016 00:00,7.4,680,353.6,0,293,"",21,"",58,"","","",205,12,43,62,"",1.47,"","","","","","","","",""
664,Dharamsal,CGWB,1,Jammu & Kashmir,12,RAJAURI,KALAKOTE,KALAKOTE,Dharamsal,-,-,-,-,-,-,33.13472222,74.41388889,30-05-2019 08:00,8.28,610,282,0,397,"",41,"","","","","",326,26,63,59,"","","","","","","","","","",""
665,Dharamsal,CGWB,1,Jammu & Kashmir,12,RAJAURI,KALAKOTE,KALAKOTE,Dharamsal,-,-,-,-,-,-,33.13472222,74.41388889,30-05-2020 08:00,8.28,610,"","",397,"",41,"","","","","","",26,63,59,"","","","","","","","","","",""
666,Dharamsal,CGWB,1,Jammu & Kashmir,12,RAJAURI,KALAKOTE,KALAKOTE,Dharamsal,-,-,-,-,-,-,33.13472222,74.41388889,30-05-2021 08:00,7.63,1701,"",0,237.939,"",241.4,"",304.8,"","","",410,72,55.9452,197.2,"","","","","","","","","","",""
667,Dhok Baniar,CGWB,1,Jammu & Kashmir,12,RAJAURI,SUNDERBANI,SUNDERBANI,Dhok Baniar,-,-,-,-,-,-,33.03194444,74.41666667,25-05-2000 00:00,8.1,305,"",0,165,"",17,"","","","","",115,20,15.83,"","","","","","","","","","","",""
668,Dhok Baniar,CGWB,1,Jammu & Kashmir,12,RAJAURI,SUNDERBANI,SUNDERBANI,Dhok Baniar,-,-,-,-,-,-,33.03194444,74.41666667,25-05-2001 00:00,7.47,485,"",0,256,"",14,"","","","","",185,38,21.93,40,"","","","","","","","","","",""
669,Dhok Baniar,CGWB,1,Jammu & Kashmir,12,RAJAURI,SUNDERBANI,SUNDERBANI,Dhok Baniar,-,-,-,-,-,-,33.03194444,74.41666667,25-05-2002 00:00,7.6,590,"",0,263,"",21,"",5.5,"","","",209,49,21.09,38,"",0.12,"","","","","","","","",""
670,Dhok Baniar,CGWB,1,Jammu & Kashmir,12,RAJAURI,SUNDERBANI,SUNDERBANI,Dhok Baniar,-,-,-,-,-,-,33.03194444,74.41666667,25-05-2003 00:00,7.33,550,"",0,259,"",21,"","","","","",255,24,47.44,4.2,"","","","","","","","","","",""
671,Dhok Baniar,CGWB,1,Jammu & Kashmir,12,RAJAURI,SUNDERBANI,SUNDERBANI,Dhok Baniar,-,-,-,-,-,-,33.03194444,74.41666667,25-05-2004 00:00,8.12,897,"",0,348,"",39,"","","","","",340,32,63.25,34,"","","","","","","","","","",""
672,Dhok Baniar,CGWB,1,Jammu & Kashmir,12,RAJAURI,SUNDERBANI,SUNDERBANI,Dhok Baniar,-,-,-,-,-,-,33.03194444,74.41666667,25-05-2005 00:00,7.67,625,"",0,207,"",21,"","","","","",305,26,58.38,15,"","","","","","","","","","",""
673,Dhok Baniar,CGWB,1,Jammu & Kashmir,12,RAJAURI,SUNDERBANI,SUNDERBANI,Dhok Baniar,-,-,-,-,-,-,33.03194444,74.41666667,25-05-2006 00:00,7.75,453,"",0,244,"",14,"","","","","",179,42,18,24,"","","","","","","","","","",""
674,Dhok Baniar,CGWB,1,Jammu & Kashmir,12,RAJAURI,SUNDERBANI,SUNDERBANI,Dhok Baniar,-,-,-,-,-,-,33.03194444,74.41666667,25-05-2007 00:00,8.1,365,"",0,207,"",18,"","","","","",150,28,19.48,23,"","","","","","","","","","",""
675,Dhok Baniar,CGWB,1,Jammu & Kashmir,12,RAJAURI,SUNDERBANI,SUNDERBANI,Dhok Baniar,-,-,-,-,-,-,33.03194444,74.41666667,25-05-2008 00:00,7.7,640,"",0,336,"",21,"",7,"","","",270,70,23.18,23,"",0.96,"","","","","","","","",""
676,Dhok Baniar,CGWB,1,Jammu & Kashmir,12,RAJAURI,SUNDERBANI,SUNDERBANI,Dhok Baniar,-,-,-,-,-,-,33.03194444,74.41666667,25-05-2009 00:00,7.7,330,"",0,201,"",14,"",12,"","","",150,20,24.34,24,"",0.36,"","","","","","","","",""
677,Dhok Baniar,CGWB,1,Jammu & Kashmir,12,RAJAURI,SUNDERBANI,SUNDERBANI,Dhok Baniar,-,-,-,-,-,-,33.03194444,74.41666667,25-05-2010 00:00,7.9,480,"",0,256,"",25,"",10,"","","",200,44,21.94,31,"",0.16,"","","","","","","","",""
678,Dhok Baniar,CGWB,1,Jammu & Kashmir,12,RAJAURI,SUNDERBANI,SUNDERBANI,Dhok Baniar,-,-,-,-,-,-,33.03194444,74.41666667,25-05-2013 00:00,8.01,410,"",0,165,135.3,25,"",4,"","","",125,18,19.47,25,"","","","","","","","","","",""
679,Dhok Baniar,CGWB,1,Jammu & Kashmir,12,RAJAURI,SUNDERBANI,SUNDERBANI,Dhok Baniar,-,-,-,-,-,-,33.03194444,74.41666667,25-05-2014 00:00,7.43,460,"",0,202,165.57,21,"",38,"","","",175,28,25.56,28,"",0.1,"","","","","","","","",""
680,Dhok Baniar,CGWB,1,Jammu & Kashmir,12,RAJAURI,SUNDERBANI,SUNDERBANI,Dhok Baniar,-,-,-,-,-,-,33.03194444,74.41666667,25-05-2015 00:00,8.61,290,"",6,140,124.75,21,"",34,"","","",125,16,20.69,30,"","","","","","","","","","",""
681,Dhok Baniar,CGWB,1,Jammu & Kashmir,12,RAJAURI,SUNDERBANI,SUNDERBANI,Dhok Baniar,-,-,-,-,-,-,33.03194444,74.41666667,25-05-2016 00:00,7.6,390,202.8,0,153,"",14,"",41,"","","",135,16,23,31,"",0,"","","","","","","","",""
682,Dhok Baniar,CGWB,1,Jammu & Kashmir,12,RAJAURI,SUNDERBANI,SUNDERBANI,Dhok Baniar,-,-,-,-,-,-,33.03194444,74.41666667,30-05-2021 08:00,7.8,801,"",0,250.1,"",56.72,"",130,"","","",290,68,29.1648,56,"","","","","","","","","","",""
683,Dhora,CGWB,1,Jammu & Kashmir,5,JAMMU,SAMBA,SAMBA,Dhora,-,-,-,-,-,-,32.61305556,75.14027778,25-05-2014 00:00,6.97,700,"",0,403,330.33,32,"",14,"","","",335,90,26.85,23.4,"",0.2,"","","","","","","","",""
684,Dhora,CGWB,1,Jammu & Kashmir,5,JAMMU,SAMBA,SAMBA,Dhora,-,-,-,-,-,-,32.61305556,75.14027778,25-05-2016 00:00,7.5,760,395.2,0,433.1,"",42.6,"",35.863533,"","","",400,8.016,92.416,32.7,"",0.03,"","","","","","","","",""
685,Dhora,CGWB,1,Jammu & Kashmir,5,JAMMU,SAMBA,SAMBA,Dhora,-,-,-,-,-,-,32.61305556,75.14027778,30-05-2019 08:00,7.85,560,192,0,305,"",34,"","","","","",293,70,29,29,"","","","","","","","","","",""
686,Dhora,CGWB,1,Jammu & Kashmir,5,JAMMU,SAMBA,SAMBA,Dhora,-,-,-,-,-,-,32.61305556,75.14027778,30-05-2020 08:00,7.85,560,"","",305,"",34,"","","","","","",70,29,29,"","","","","","","","","","",""
687,Dhora,CGWB,1,Jammu & Kashmir,5,JAMMU,SAMBA,SAMBA,Dhora,-,-,-,-,-,-,32.61305556,75.14027778,30-05-2021 08:00,8.26,831,"",0,427,"",53,"",69,"","","",235,30,39,99,"","","","","","","","","","",""
688,Didyal,CGWB,1,Jammu & Kashmir,5,JAMMU,SAMBA,SAMBA,Didyal,-,-,-,-,-,-,32.47027778,74.95833333,25-05-2000 00:00,8.3,282,"",6.3,132,"",21,"","","","","",100,30,6.11,23,"","","","","","","","","","",""
689,Didyal,CGWB,1,Jammu & Kashmir,5,JAMMU,SAMBA,SAMBA,Didyal,-,-,-,-,-,-,32.47027778,74.95833333,25-05-2001 00:00,8.1,306,"",0,146,"",11,"","","","","",150,40,12.21,12,"","","","","","","","","","",""
690,Didyal,CGWB,1,Jammu & Kashmir,5,JAMMU,SAMBA,SAMBA,Didyal,-,-,-,-,-,-,32.47027778,74.95833333,25-05-2003 00:00,8.1,670,"",0,268,"",46,"","","","","",215,68,11,42,"","","","","","","","","","",""
691,Didyal,CGWB,1,Jammu & Kashmir,5,JAMMU,SAMBA,SAMBA,Didyal,-,-,-,-,-,-,32.47027778,74.95833333,25-05-2004 00:00,7.3,440,"",0,232,"",14,"","","","","",190,60,9.8,31,"","","","","","","","","","",""
692,Didyal,CGWB,1,Jammu & Kashmir,5,JAMMU,SAMBA,SAMBA,Didyal,-,-,-,-,-,-,32.47027778,74.95833333,25-05-2005 00:00,7.6,555,"",0,317,"",18,"","","","","",245,79,11.64,20,"","","","","","","","","","",""
693,Didyal,CGWB,1,Jammu & Kashmir,5,JAMMU,SAMBA,SAMBA,Didyal,-,-,-,-,-,-,32.47027778,74.95833333,25-05-2006 00:00,7.32,330,"",0,183,"",18,"","","","","",128,35,9.89,25,"","","","","","","","","","",""
694,Didyal,CGWB,1,Jammu & Kashmir,5,JAMMU,SAMBA,SAMBA,Didyal,-,-,-,-,-,-,32.47027778,74.95833333,25-05-2007 00:00,7.76,463,"",0,189,"",14,"","","","","",185,50,14.65,23,"","","","","","","","","","",""
695,Didyal,CGWB,1,Jammu & Kashmir,5,JAMMU,SAMBA,SAMBA,Didyal,-,-,-,-,-,-,32.47027778,74.95833333,25-05-2008 00:00,7.16,617,"",0,311,"",14,"",10,"","","",230,48,26.8,32,"",1.11,"","","","","","","","",""
696,Didyal,CGWB,1,Jammu & Kashmir,5,JAMMU,SAMBA,SAMBA,Didyal,-,-,-,-,-,-,32.47027778,74.95833333,25-05-2009 00:00,7.5,499,"",0,287,"",14,"",12,"","","",235,52,25.59,21,"",0.67,"","","","","","","","",""
697,Didyal,CGWB,1,Jammu & Kashmir,5,JAMMU,SAMBA,SAMBA,Didyal,-,-,-,-,-,-,32.47027778,74.95833333,25-05-2010 00:00,8.5,400,"",12,104,"",39,"",12,"","","",105,22,12.18,42,"","","","","","","","","","",""
698,Didyal,CGWB,1,Jammu & Kashmir,5,JAMMU,SAMBA,SAMBA,Didyal,-,-,-,-,-,-,32.47027778,74.95833333,25-05-2012 00:00,7.58,400,"",0,250,"",14,"",0,"","","",199,60,12,17,"",0.55,"","","","","","","","",""
699,Didyal,CGWB,1,Jammu & Kashmir,5,JAMMU,SAMBA,SAMBA,Didyal,-,-,-,-,-,-,32.47027778,74.95833333,25-05-2013 00:00,7.91,460,"",0,226,185.3,21,"",2,"","","",160,24,24.34,32,"",2.02,"","","","","","","","",""
700,Didyal,CGWB,1,Jammu & Kashmir,5,JAMMU,SAMBA,SAMBA,Didyal,-,-,-,-,-,-,32.47027778,74.95833333,25-05-2015 00:00,8.25,730,"",0,378,309.84,32,"",2,"","","",175,28,25.56,90,"",0.09,"","","","","","","","",""
701,Didyal,CGWB,1,Jammu & Kashmir,5,JAMMU,SAMBA,SAMBA,Didyal,-,-,-,-,-,-,32.47027778,74.95833333,25-05-2016 00:00,6.85,660,343.2,0,378.2,"",24.85,"",11.938232,"","","",265,30.06,46.208,47.8,"",0.63,"","","","","","","","",""
702,Didyal,CGWB,1,Jammu & Kashmir,5,JAMMU,SAMBA,SAMBA,Didyal,-,-,-,-,-,-,32.47027778,74.95833333,30-05-2019 08:00,8.03,380,300,0,185,"",27,"","","","","",163,30,21,37,"","","","","","","","","","",""
703,Didyal,CGWB,1,Jammu & Kashmir,5,JAMMU,SAMBA,SAMBA,Didyal,-,-,-,-,-,-,32.47027778,74.95833333,30-05-2020 08:00,8.03,380,"","",185,"",27,"","","","","","",30,21,37,"","","","","","","","","","",""
704,Didyal,CGWB,1,Jammu & Kashmir,5,JAMMU,SAMBA,SAMBA,Didyal,-,-,-,-,-,-,32.47027778,74.95833333,30-05-2021 08:00,7.15,1360,"",0,274.5,"",219.79,"",10,"","","",420,120,29.1648,96,"","","","","","","","","","",""
705,Ding,CGWB,1,Jammu & Kashmir,12,RAJAURI,NOWSHEHRA,NOWSHEHRA,Ding,-,-,-,-,-,-,33.08777778,74.27611111,25-05-2015 00:00,8.54,390,"",6,140,124.75,36,"",20,"","","",120,20,17.04,37,"","","","","","","","","","",""
706,Ding,CGWB,1,Jammu & Kashmir,12,RAJAURI,NOWSHEHRA,NOWSHEHRA,Ding,-,-,-,-,-,-,33.08777778,74.27611111,25-05-2016 00:00,7.55,340,176.8,0,128,"",11,"",31,"","","",125,16,21,22,"",0,"","","","","","","","",""
707,Dolipura,CGWB,1,Jammu & Kashmir,8,KUPWARA,KUPWARA,KUPWARA,Dolipura,-,-,-,-,-,-,34.51666667,74.17527778,25-05-2012 00:00,7.24,340,"",0,73,"",25,"",0,"","","",163,44,13,9.7,"",1.63,"","","","","","","","",""
708,Dolipura,CGWB,1,Jammu & Kashmir,8,KUPWARA,KUPWARA,KUPWARA,Dolipura,-,-,-,-,-,-,34.51666667,74.17527778,25-05-2013 00:00,7.94,530,"",0,134,109.8,57,"",13,"","","",220,56,19.52,13,"",0.04,"","","","","","","","",""
709,Dolipura,CGWB,1,Jammu & Kashmir,8,KUPWARA,KUPWARA,KUPWARA,Dolipura,-,-,-,-,-,-,34.51666667,74.17527778,25-05-2014 00:00,7.52,430,"",0,146,119.67,46,"",42,"","","",195,46,19,18,"",0.76,"","","","","","","","",""
710,Dolipura,CGWB,1,Jammu & Kashmir,8,KUPWARA,KUPWARA,KUPWARA,Dolipura,-,-,-,-,-,-,34.51666667,74.17527778,25-05-2015 00:00,8.23,330,"",24,18,54.75,7,"",99,"","","",155,48,8.57,8.2,"",0.43,"","","","","","","","",""
711,Dolipura,CGWB,1,Jammu & Kashmir,8,KUPWARA,KUPWARA,KUPWARA,Dolipura,-,-,-,-,-,-,34.51666667,74.17527778,25-05-2016 00:00,8.24,340,176.8,0,153,"",11,"",16.053827,"","","",140,36,12,8,"",0,"","","","","","","","",""
712,Drugmulla,CGWB,1,Jammu & Kashmir,8,KUPWARA,KUPWARA,KUPWARA,Drugmulla,-,-,-,-,-,-,34.48888889,74.28888889,25-05-2012 00:00,8.55,320,"",6,146,"",14,"",8,"","","",140,42,8.5,9.2,"",0.3,"","","","","","","","",""
713,Drugmulla,CGWB,1,Jammu & Kashmir,8,KUPWARA,KUPWARA,KUPWARA,Drugmulla,-,-,-,-,-,-,34.48888889,74.28888889,25-05-2013 00:00,7.82,370,"",0,189,154.9,11,"",9,"","","",160,50,8.57,10,"","","","","","","","","","",""
714,Drugmulla,CGWB,1,Jammu & Kashmir,8,KUPWARA,KUPWARA,KUPWARA,Drugmulla,-,-,-,-,-,-,34.48888889,74.28888889,25-05-2014 00:00,7.98,370,"",0,226,185.25,21,"",0,"","","",200,52,17.08,8.6,"",0.04,"","","","","","","","",""
715,Drugmulla,CGWB,1,Jammu & Kashmir,8,KUPWARA,KUPWARA,KUPWARA,Drugmulla,-,-,-,-,-,-,34.48888889,74.28888889,25-05-2015 00:00,7.92,360,"",0,153,125.41,31.3,"",19,"","","",165,48,11,16.4,"",0.09,"","","","","","","","",""
716,Drugmulla,CGWB,1,Jammu & Kashmir,8,KUPWARA,KUPWARA,KUPWARA,Drugmulla,-,-,-,-,-,-,34.48888889,74.28888889,30-05-2021 08:00,8.51,2340,"",18,360,"",290,"",10,"","","",530,72,85.12,72.22,"","","","","","","","","","",""
717,Dulme Chak,CGWB,1,Jammu & Kashmir,7,KATHUA,HIRANAGAR,HIRANAGAR,Dulme Chak,-,-,-,-,-,-,32.43333333,75.18333333,25-05-2000 00:00,8.05,1210,"",0,519,"",90,"","","","","",305,64,35.33,"","","","","","","","","","","",""
718,Dulme Chak,CGWB,1,Jammu & Kashmir,7,KATHUA,HIRANAGAR,HIRANAGAR,Dulme Chak,-,-,-,-,-,-,32.43333333,75.18333333,25-05-2001 00:00,8.37,772,"",30,201,"",67,"","","","","",195,22,34.07,98,"","","","","","","","","","",""
719,Dulme Chak,CGWB,1,Jammu & Kashmir,7,KATHUA,HIRANAGAR,HIRANAGAR,Dulme Chak,-,-,-,-,-,-,32.43333333,75.18333333,25-05-2003 00:00,8.1,700,"",0,293,"",32,"","","","","",200,34,28,76,"","","","","","","","","","",""
720,Dulme Chak,CGWB,1,Jammu & Kashmir,7,KATHUA,HIRANAGAR,HIRANAGAR,Dulme Chak,-,-,-,-,-,-,32.43333333,75.18333333,25-05-2004 00:00,7.75,1880,"",0,757,"",103,"","","","","",595,172,40.33,117,"","","","","","","","","","",""
721,Dulme Chak,CGWB,1,Jammu & Kashmir,7,KATHUA,HIRANAGAR,HIRANAGAR,Dulme Chak,-,-,-,-,-,-,32.43333333,75.18333333,25-05-2005 00:00,7.75,1320,"",0,567,"",108,"","","","","",456,127,33.83,62,"","","","","","","","","","",""
722,Dulme Chak,CGWB,1,Jammu & Kashmir,7,KATHUA,HIRANAGAR,HIRANAGAR,Dulme Chak,-,-,-,-,-,-,32.43333333,75.18333333,25-05-2006 00:00,8,1140,"",0,445,"",96,"","","","","",286,41,44.66,93,"","","","","","","","","","",""
723,Dulme Chak,CGWB,1,Jammu & Kashmir,7,KATHUA,HIRANAGAR,HIRANAGAR,Dulme Chak,-,-,-,-,-,-,32.43333333,75.18333333,25-05-2007 00:00,8.64,1680,"",60,641,"",117,"","","","","",520,42,100.95,85,"","","","","","","","","","",""
724,Dulme Chak,CGWB,1,Jammu & Kashmir,7,KATHUA,HIRANAGAR,HIRANAGAR,Dulme Chak,-,-,-,-,-,-,32.43333333,75.18333333,25-05-2008 00:00,7.6,1672,"",0,775,"",121,"",66,"","","",470,116,43.9,90,"",0.29,"","","","","","","","",""
725,Dulme Chak,CGWB,1,Jammu & Kashmir,7,KATHUA,HIRANAGAR,HIRANAGAR,Dulme Chak,-,-,-,-,-,-,32.43333333,75.18333333,25-05-2009 00:00,8,1000,"",0,506,"",30,"",56,"","","",330,20,68,64,"",0.18,"","","","","","","","",""
726,Dulme Chak,CGWB,1,Jammu & Kashmir,7,KATHUA,HIRANAGAR,HIRANAGAR,Dulme Chak,-,-,-,-,-,-,32.43333333,75.18333333,25-05-2010 00:00,8.45,800,"",18,348,"",71,"",12,"","","",200,18,37.71,67,"",0.65,"","","","","","","","",""
727,Dulme Chak,CGWB,1,Jammu & Kashmir,7,KATHUA,HIRANAGAR,HIRANAGAR,Dulme Chak,-,-,-,-,-,-,32.43333333,75.18333333,25-05-2012 00:00,8.1,1790,"",0,799,"",114,"",40,"","","",1139,140,192,48,"",0.17,"","","","","","","","",""
728,Dulme Chak,CGWB,1,Jammu & Kashmir,7,KATHUA,HIRANAGAR,HIRANAGAR,Dulme Chak,-,-,-,-,-,-,32.43333333,75.18333333,25-05-2013 00:00,8.1,1200,"",0,500,409.8,78,"",155,"","","",285,44,42.6,100,"",0.15,"","","","","","","","",""
729,Dulme Chak,CGWB,1,Jammu & Kashmir,7,KATHUA,HIRANAGAR,HIRANAGAR,Dulme Chak,-,-,-,-,-,-,32.43333333,75.18333333,25-05-2014 00:00,7.18,1880,"",0,488,400,92,"",172,"","","",355,74,41.42,144,"",0.72,"","","","","","","","",""
730,Dulme Chak,CGWB,1,Jammu & Kashmir,7,KATHUA,HIRANAGAR,HIRANAGAR,Dulme Chak,-,-,-,-,-,-,32.43333333,75.18333333,25-05-2015 00:00,8.06,1480,"",0,104,85.25,103,"",628,"","","",256,52,30.7,111,"","","","","","","","","","",""
731,Dulme Chak,CGWB,1,Jammu & Kashmir,7,KATHUA,HIRANAGAR,HIRANAGAR,Dulme Chak,-,-,-,-,-,-,32.43333333,75.18333333,25-05-2016 00:00,7.48,1520,790.4,0,396.5,"",110.05,"",478.4928,"","","",525,80.16,79.04,85,"",0.09,"","","","","","","","",""
732,Dyala,CGWB,1,Jammu & Kashmir,12,RAJAURI,KALAKOTE,KALAKOTE,Dyala,-,-,-,-,-,-,33.23694444,74.36861111,25-05-2012 00:00,7.37,320,"",0,171,"",14,"",0,"","","",140,38,11,12,"",0.62,"","","","","","","","",""
733,Dyala,CGWB,1,Jammu & Kashmir,12,RAJAURI,KALAKOTE,KALAKOTE,Dyala,-,-,-,-,-,-,33.23694444,74.36861111,25-05-2014 00:00,7.85,360,"",0,128,104.92,21,"",51,"","","",170,22,28,8.3,"",0.1,"","","","","","","","",""
734,Dyala,CGWB,1,Jammu & Kashmir,12,RAJAURI,KALAKOTE,KALAKOTE,Dyala,-,-,-,-,-,-,33.23694444,74.36861111,25-05-2015 00:00,8.25,460,"",0,134,109.84,28,"",61,"","","",145,19,17,39,"","","","","","","","","","",""
735,Dyala,CGWB,1,Jammu & Kashmir,12,RAJAURI,KALAKOTE,KALAKOTE,Dyala,-,-,-,-,-,-,33.23694444,74.36861111,25-05-2016 00:00,7.63,250,130,0,116,"",7,"",14,"","","",110,20,15,8.5,"",0,"","","","","","","","",""
736,Dyala,CGWB,1,Jammu & Kashmir,12,RAJAURI,KALAKOTE,KALAKOTE,Dyala,-,-,-,-,-,-,33.23694444,74.36861111,30-05-2019 08:00,8.44,300,246,7,225,"",14,"","","","","",174,30,24,9,"","","","","","","","","","",""
737,Dyala,CGWB,1,Jammu & Kashmir,12,RAJAURI,KALAKOTE,KALAKOTE,Dyala,-,-,-,-,-,-,33.23694444,74.36861111,30-05-2020 08:00,8.44,300,"","",225,"",14,"","","","","","",30,24,9,"","","","","","","","","","",""
738,Dyala,CGWB,1,Jammu & Kashmir,12,RAJAURI,KALAKOTE,KALAKOTE,Dyala,-,-,-,-,-,-,33.23694444,74.36861111,30-05-2021 08:00,7.3,1550,"",0,366,"",226.88,"",131,"","","",405,36,76.5576,140,"","","","","","","","","","",""
739,Eastern Mand,CGWB,1,Jammu & Kashmir,14,UDHAMPUR,UDHAMPURR,UDHAMPURR,Eastern Mand,-,-,-,-,-,-,32.89666667,75.02388889,25-05-2012 00:00,7.57,540,"",0,214,"",46,"",22,"","","",201,54,16,34,"",0.29,"","","","","","","","",""
740,Eastern Mand,CGWB,1,Jammu & Kashmir,14,UDHAMPUR,UDHAMPURR,UDHAMPURR,Eastern Mand,-,-,-,-,-,-,32.89666667,75.02388889,25-05-2013 00:00,8.25,480,"",0,256,209.8,25,"",2,"","","",230,44,29.23,13,"",0.1,"","","","","","","","",""
741,Eastern Mand,CGWB,1,Jammu & Kashmir,14,UDHAMPUR,UDHAMPURR,UDHAMPURR,Eastern Mand,-,-,-,-,-,-,32.89666667,75.02388889,25-05-2014 00:00,7.16,730,"",0,92,75.41,121,"",103,"","","",275,62,29.25,42,"",0.2,"","","","","","","","",""
742,Eastern Mand,CGWB,1,Jammu & Kashmir,14,UDHAMPUR,UDHAMPURR,UDHAMPURR,Eastern Mand,-,-,-,-,-,-,32.89666667,75.02388889,25-05-2015 00:00,8.61,320,"",6,147,130.49,14,"",14,"","","",90,12,14.6,32,"",0.14,"","","","","","","","",""
743,Eastern Mand,CGWB,1,Jammu & Kashmir,14,UDHAMPUR,UDHAMPURR,UDHAMPURR,Eastern Mand,-,-,-,-,-,-,32.89666667,75.02388889,25-05-2016 00:00,7.34,610,317.2,0,427,"",53,"",2.2389393,"","","",335,92,15,45,"",0.23,"","","","","","","","",""
744,Eastern Mand,CGWB,1,Jammu & Kashmir,14,UDHAMPUR,UDHAMPURR,UDHAMPURR,Eastern Mand,-,-,-,-,-,-,32.89666667,75.02388889,30-05-2021 08:00,7.72,418,"",0,244,"",49.63,"",6,"","","",210,20,38.8864,10,"","","","","","","","","","",""
745,Feruchak,CGWB,1,Jammu & Kashmir,7,KATHUA,HIRANAGAR,HIRANAGAR,Feruchak,-,-,-,-,-,-,32.37500000,75.27916667,25-05-2000 00:00,7.8,736,"",0,360,"",42,"","","","","",336,106,17.39,"","","","","","","","","","","",""
746,Feruchak,CGWB,1,Jammu & Kashmir,7,KATHUA,HIRANAGAR,HIRANAGAR,Feruchak,-,-,-,-,-,-,32.37500000,75.27916667,25-05-2001 00:00,8.1,291,"",0,122,"",14,"","","","","",130,24,17.05,21,"","","","","","","","","","",""
747,Feruchak,CGWB,1,Jammu & Kashmir,7,KATHUA,HIRANAGAR,HIRANAGAR,Feruchak,-,-,-,-,-,-,32.37500000,75.27916667,25-05-2003 00:00,7.6,605,"",0,292,"",18,"","","","","",270,84,14.69,22,"","","","","","","","","","",""
748,Feruchak,CGWB,1,Jammu & Kashmir,7,KATHUA,HIRANAGAR,HIRANAGAR,Feruchak,-,-,-,-,-,-,32.37500000,75.27916667,25-05-2004 00:00,7.8,390,"",0,189,"",14,"","","","","",155,44,10.99,24,"","","","","","","","","","",""
749,Feruchak,CGWB,1,Jammu & Kashmir,7,KATHUA,HIRANAGAR,HIRANAGAR,Feruchak,-,-,-,-,-,-,32.37500000,75.27916667,25-05-2005 00:00,7.72,530,"",0,303,"",15,"","","","","",259,87,10.2,14,"","","","","","","","","","",""
750,Feruchak,CGWB,1,Jammu & Kashmir,7,KATHUA,HIRANAGAR,HIRANAGAR,Feruchak,-,-,-,-,-,-,32.37500000,75.27916667,25-05-2006 00:00,7.55,346,"",0,189,"",15,"","","","","",163,43,13.55,13,"","","","","","","","","","",""
751,Feruchak,CGWB,1,Jammu & Kashmir,7,KATHUA,HIRANAGAR,HIRANAGAR,Feruchak,-,-,-,-,-,-,32.37500000,75.27916667,25-05-2007 00:00,8.24,292,"",0,146,"",14,"","","","","",135,38,9.77,14,"","","","","","","","","","",""
752,Feruchak,CGWB,1,Jammu & Kashmir,7,KATHUA,HIRANAGAR,HIRANAGAR,Feruchak,-,-,-,-,-,-,32.37500000,75.27916667,25-05-2008 00:00,7.35,527,"",0,281,"",14,"",5,"","","",230,72,12.24,14,"",0.07,"","","","","","","","",""
753,Feruchak,CGWB,1,Jammu & Kashmir,7,KATHUA,HIRANAGAR,HIRANAGAR,Feruchak,-,-,-,-,-,-,32.37500000,75.27916667,25-05-2009 00:00,7.8,370,"",0,220,"",11,"",8,"","","",180,44,17,16,"",0.1,"","","","","","","","",""
754,Feruchak,CGWB,1,Jammu & Kashmir,7,KATHUA,HIRANAGAR,HIRANAGAR,Feruchak,-,-,-,-,-,-,32.37500000,75.27916667,25-05-2010 00:00,8.19,260,"",0,134,"",14,"",0,"","","",105,26,9.76,14,"",0.25,"","","","","","","","",""
755,Feruchak,CGWB,1,Jammu & Kashmir,7,KATHUA,HIRANAGAR,HIRANAGAR,Feruchak,-,-,-,-,-,-,32.37500000,75.27916667,25-05-2012 00:00,7.62,490,"",0,250,"",18,"",8,"","","",224,70,12,14,"",0.13,"","","","","","","","",""
756,Feruchak,CGWB,1,Jammu & Kashmir,7,KATHUA,HIRANAGAR,HIRANAGAR,Feruchak,-,-,-,-,-,-,32.37500000,75.27916667,25-05-2013 00:00,7.99,360,"",0,189,154.9,11,"",31,"","","",165,32,20.71,21,"",0.36,"","","","","","","","",""
757,Feruchak,CGWB,1,Jammu & Kashmir,7,KATHUA,HIRANAGAR,HIRANAGAR,Feruchak,-,-,-,-,-,-,32.37500000,75.27916667,25-05-2014 00:00,8.1,320,"",0,104,85.25,11,"",12,"","","",75,14,9.74,18,"",0.15,"","","","","","","","",""
758,Feruchak,CGWB,1,Jammu & Kashmir,7,KATHUA,HIRANAGAR,HIRANAGAR,Feruchak,-,-,-,-,-,-,32.37500000,75.27916667,25-05-2015 00:00,8.12,300,"",0,165,135.25,3.6,"",36,"","","",140,30,15.84,20.8,"","","","","","","","","","",""
759,Feruchak,CGWB,1,Jammu & Kashmir,7,KATHUA,HIRANAGAR,HIRANAGAR,Feruchak,-,-,-,-,-,-,32.37500000,75.27916667,25-05-2016 00:00,7.54,550,286,0,201.3,"",17.75,"",117.62436,"","","",265,86.172,12.16,20.6,"",0.03,"","","","","","","","",""
760,Feruchak,CGWB,1,Jammu & Kashmir,7,KATHUA,HIRANAGAR,HIRANAGAR,Feruchak,-,-,-,-,-,-,32.37500000,75.27916667,30-05-2019 08:00,8.1,320,246,0,238,"",27,"","","","","",174,39,18,21,"","","","","","","","","","",""
761,Feruchak,CGWB,1,Jammu & Kashmir,7,KATHUA,HIRANAGAR,HIRANAGAR,Feruchak,-,-,-,-,-,-,32.37500000,75.27916667,30-05-2020 08:00,8.1,320,"","",238,"",27,"","","","","","",39,18,21,"","","","","","","","","","",""
762,Feruchak,CGWB,1,Jammu & Kashmir,7,KATHUA,HIRANAGAR,HIRANAGAR,Feruchak,-,-,-,-,-,-,32.37500000,75.27916667,30-05-2021 08:00,7.81,4180,"",0,927.504,"",680.64,"",240,"","","",890,220,82.6336,552,"","","","","","","","","","",""
763,Gadyal,CGWB,1,Jammu & Kashmir,7,KATHUA,HIRANAGAR,HIRANAGAR,Gadyal,-,-,-,-,-,-,32.42222222,75.30833333,25-05-2000 00:00,8.12,313,"",0,183,"",7.1,"","","","","",170,46,13.43,"","","","","","","","","","","",""
764,Gadyal,CGWB,1,Jammu & Kashmir,7,KATHUA,HIRANAGAR,HIRANAGAR,Gadyal,-,-,-,-,-,-,32.42222222,75.30833333,25-05-2001 00:00,8.15,327,"",0,165,"",14,"","","","","",165,48,11,12,"","","","","","","","","","",""
765,Gadyal,CGWB,1,Jammu & Kashmir,7,KATHUA,HIRANAGAR,HIRANAGAR,Gadyal,-,-,-,-,-,-,32.42222222,75.30833333,25-05-2002 00:00,7.2,335,"",0,171,"",11,"","","","","",160,46,11,9.9,"",0.21,"","","","","","","","",""
766,Gadyal,CGWB,1,Jammu & Kashmir,7,KATHUA,HIRANAGAR,HIRANAGAR,Gadyal,-,-,-,-,-,-,32.42222222,75.30833333,25-05-2003 00:00,7.8,350,"",0,159,"",11,"","","","","",160,48,9.78,12,"","","","","","","","","","",""
767,Gadyal,CGWB,1,Jammu & Kashmir,7,KATHUA,HIRANAGAR,HIRANAGAR,Gadyal,-,-,-,-,-,-,32.42222222,75.30833333,25-05-2004 00:00,8.1,300,"",0,140,"",11,"","","","","",125,34,9.77,14,"","","","","","","","","","",""
768,Gadyal,CGWB,1,Jammu & Kashmir,7,KATHUA,HIRANAGAR,HIRANAGAR,Gadyal,-,-,-,-,-,-,32.42222222,75.30833333,25-05-2005 00:00,8.05,332,"",0,168,"",7.1,"","","","","",149,48,7.11,8.8,"","","","","","","","","","",""
769,Gadyal,CGWB,1,Jammu & Kashmir,7,KATHUA,HIRANAGAR,HIRANAGAR,Gadyal,-,-,-,-,-,-,32.42222222,75.30833333,25-05-2006 00:00,7.8,253,"",0,128,"",11,"","","","","",118,31,9.88,9.6,"","","","","","","","","","",""
770,Gadyal,CGWB,1,Jammu & Kashmir,7,KATHUA,HIRANAGAR,HIRANAGAR,Gadyal,-,-,-,-,-,-,32.42222222,75.30833333,25-05-2007 00:00,8.19,352,"",0,183,"",14,"","","","","",150,50,6.14,11,"","","","","","","","","","",""
771,Gadyal,CGWB,1,Jammu & Kashmir,7,KATHUA,HIRANAGAR,HIRANAGAR,Gadyal,-,-,-,-,-,-,32.42222222,75.30833333,25-05-2008 00:00,7.37,617,"",0,244,"",78,"",35,"","","",270,74,20.76,26,"",0.12,"","","","","","","","",""
772,Gadyal,CGWB,1,Jammu & Kashmir,7,KATHUA,HIRANAGAR,HIRANAGAR,Gadyal,-,-,-,-,-,-,32.42222222,75.30833333,25-05-2009 00:00,7.6,370,"",0,220,"",7.1,"",17,"","","",200,52,17.08,10,"",0.33,"","","","","","","","",""
773,Gadyal,CGWB,1,Jammu & Kashmir,7,KATHUA,HIRANAGAR,HIRANAGAR,Gadyal,-,-,-,-,-,-,32.42222222,75.30833333,25-05-2010 00:00,8.4,210,"",6,98,"",11,"",5,"","","",90,22,8.54,12,"","","","","","","","","","",""
774,Gadyal,CGWB,1,Jammu & Kashmir,7,KATHUA,HIRANAGAR,HIRANAGAR,Gadyal,-,-,-,-,-,-,32.42222222,75.30833333,25-05-2012 00:00,7.72,390,"",0,214,"",7.1,"",0.01,"","","",170,52,9.7,12,"",0.27,"","","","","","","","",""
775,Gadyal,CGWB,1,Jammu & Kashmir,7,KATHUA,HIRANAGAR,HIRANAGAR,Gadyal,-,-,-,-,-,-,32.42222222,75.30833333,25-05-2014 00:00,8.04,330,"",0,171,140.16,21,"",12,"","","",150,44,9.78,14,"",0.1,"","","","","","","","",""
776,Gagrote,CGWB,1,Jammu & Kashmir,12,RAJAURI,NOWSHEHRA,NOWSHEHRA,Gagrote,-,-,-,-,-,-,33.09027778,74.27333333,25-05-2000 00:00,8.4,367,"",12,159,"",10,"","","","","",120,20,17.04,"","","","","","","","","","","",""
777,Gagrote,CGWB,1,Jammu & Kashmir,12,RAJAURI,NOWSHEHRA,NOWSHEHRA,Gagrote,-,-,-,-,-,-,33.09027778,74.27333333,25-05-2001 00:00,7.42,540,"",0,336,"",14,"","","","","",240,64,19.53,56,"","","","","","","","","","",""
778,Gagrote,CGWB,1,Jammu & Kashmir,12,RAJAURI,NOWSHEHRA,NOWSHEHRA,Gagrote,-,-,-,-,-,-,33.09027778,74.27333333,25-05-2002 00:00,7.9,407,"",0,173,"",17,"",6,"","","",135,33,12.8,25,"",1.76,"","","","","","","","",""
779,Gagrote,CGWB,1,Jammu & Kashmir,12,RAJAURI,NOWSHEHRA,NOWSHEHRA,Gagrote,-,-,-,-,-,-,33.09027778,74.27333333,25-05-2003 00:00,8.1,390,"",0,155,"",11,"","","","","",160,20,26.77,7,"","","","","","","","","","",""
780,Gagrote,CGWB,1,Jammu & Kashmir,12,RAJAURI,NOWSHEHRA,NOWSHEHRA,Gagrote,-,-,-,-,-,-,33.09027778,74.27333333,25-05-2004 00:00,7.83,594,"",0,335,"",14,"","","","","",255,24,47.44,36,"","","","","","","","","","",""
781,Gagrote,CGWB,1,Jammu & Kashmir,12,RAJAURI,NOWSHEHRA,NOWSHEHRA,Gagrote,-,-,-,-,-,-,33.09027778,74.27333333,25-05-2005 00:00,7.8,679,"",0,376,"",14,"","","","","",300,16,63.23,23,"","","","","","","","","","",""
782,Gagrote,CGWB,1,Jammu & Kashmir,12,RAJAURI,NOWSHEHRA,NOWSHEHRA,Gagrote,-,-,-,-,-,-,33.09027778,74.27333333,25-05-2006 00:00,8.4,454,"",24,159,"",18,"","","","","",125,12,23.11,49,"","","","","","","","","","",""
783,Gagrote,CGWB,1,Jammu & Kashmir,12,RAJAURI,NOWSHEHRA,NOWSHEHRA,Gagrote,-,-,-,-,-,-,33.09027778,74.27333333,25-05-2007 00:00,8.27,376,"",0,220,"",7,"","","","","",145,28,18.27,30,"","","","","","","","","","",""
784,Gagrote,CGWB,1,Jammu & Kashmir,12,RAJAURI,NOWSHEHRA,NOWSHEHRA,Gagrote,-,-,-,-,-,-,33.09027778,74.27333333,25-05-2008 00:00,7.6,718,"",0,397,"",18,"",6.8,"","","",255,58,26.81,48,"",0.9,"","","","","","","","",""
785,Gagrote,CGWB,1,Jammu & Kashmir,12,RAJAURI,NOWSHEHRA,NOWSHEHRA,Gagrote,-,-,-,-,-,-,33.09027778,74.27333333,25-05-2009 00:00,7.7,420,"",0,244,"",14,"",10,"","","",130,12,24.33,47,"",6.32,"","","","","","","","",""
786,Gagrote,CGWB,1,Jammu & Kashmir,12,RAJAURI,NOWSHEHRA,NOWSHEHRA,Gagrote,-,-,-,-,-,-,33.09027778,74.27333333,25-05-2010 00:00,8.15,240,"",0,134,"",11,"",0,"","","",90,22,8.54,13,"",0.61,"","","","","","","","",""
787,Gagrote,CGWB,1,Jammu & Kashmir,12,RAJAURI,NOWSHEHRA,NOWSHEHRA,Gagrote,-,-,-,-,-,-,33.09027778,74.27333333,25-05-2014 00:00,7.72,560,"","","","","","","","","","",210,40,26.79,38,"",0.1,"","","","","","","","",""
788,Gagrote,CGWB,1,Jammu & Kashmir,12,RAJAURI,NOWSHEHRA,NOWSHEHRA,Gagrote,-,-,-,-,-,-,33.09027778,74.27333333,25-05-2015 00:00,8.48,540,"",6,165,145.25,28,"",82,"","","",150,22,23.12,50,"","","","","","","","","","",""
789,Gagrote,CGWB,1,Jammu & Kashmir,12,RAJAURI,NOWSHEHRA,NOWSHEHRA,Gagrote,-,-,-,-,-,-,33.09027778,74.27333333,25-05-2016 00:00,7.59,380,197.6,0,122,"",14,"",63,"","","",145,12,28,21,"",0.97,"","","","","","","","",""
790,Gagrote,CGWB,1,Jammu & Kashmir,12,RAJAURI,NOWSHEHRA,NOWSHEHRA,Gagrote,-,-,-,-,-,-,33.09027778,74.27333333,30-05-2021 08:00,7.62,1409,"",0,237.939,"",198.8,"",182,"","","",440,56,72.972,95.8,"","","","","","","","","","",""
791,Gajansoo,CGWB,1,Jammu & Kashmir,5,JAMMU,JAMMU,JAMMU,Gajansoo,-,-,-,-,-,-,32.76083333,74.71055556,25-05-2013 00:00,8.01,580,"",0,220,180.3,64,"",43,"","","",210,38,28.01,45,"",4.98,"","","","","","","","",""
792,Gajansoo,CGWB,1,Jammu & Kashmir,5,JAMMU,JAMMU,JAMMU,Gajansoo,-,-,-,-,-,-,32.76083333,74.71055556,25-05-2015 00:00,8.29,650,"",0,195,159.84,75,"",33,"","","",175,26.1,26.72,7.1,"",5.69,"","","","","","","","",""
793,Gajansoo,CGWB,1,Jammu & Kashmir,5,JAMMU,JAMMU,JAMMU,Gajansoo,-,-,-,-,-,-,32.76083333,74.71055556,25-05-2016 00:00,7.8,427,222.04,0,268.4,"",39.05,"",4.964611,"","","",269.08,44.088,38.688255,5.01,"",3.52,"","","","","","","","",""
794,Gajansoo,CGWB,1,Jammu & Kashmir,5,JAMMU,JAMMU,JAMMU,Gajansoo,-,-,-,-,-,-,32.76083333,74.71055556,30-05-2019 08:00,8.23,740,288,0,516,"",41,"","","","","",401,130,18,44,"","","","","","","","","","",""
795,Gajansoo,CGWB,1,Jammu & Kashmir,5,JAMMU,JAMMU,JAMMU,Gajansoo,-,-,-,-,-,-,32.76083333,74.71055556,30-05-2020 08:00,8.23,740,"","",516,"",41,"","","","","","",130,18,44,"","","","","","","","","","",""
796,Gajansoo,CGWB,1,Jammu & Kashmir,5,JAMMU,JAMMU,JAMMU,Gajansoo,-,-,-,-,-,-,32.76083333,74.71055556,30-05-2021 08:00,7.5,6710,"",0,427,"",1340.01,"",402,"","","",1130,124,199.2928,618,"","","","","","","","","","",""
797,Gandhasi Bhat,CGWB,1,Jammu & Kashmir,11,PULWAMA,PULWAMA,PULWAMA,Gandhasi Bhat,-,-,-,-,-,-,33.85611111,75.04444444,25-05-2013 00:00,7.88,500,"",0,305,250,7,"",6,"","","",265,82,14.69,5.5,"",2.22,"","","","","","","","",""
798,Gandhasi Bhat,CGWB,1,Jammu & Kashmir,11,PULWAMA,PULWAMA,PULWAMA,Gandhasi Bhat,-,-,-,-,-,-,33.85611111,75.04444444,25-05-2014 00:00,7.43,350,"",0,201,164.75,11,"",9,"","","",185,54,12.22,12,"",0.47,"","","","","","","","",""
799,Gandhasi Bhat,CGWB,1,Jammu & Kashmir,11,PULWAMA,PULWAMA,PULWAMA,Gandhasi Bhat,-,-,-,-,-,-,33.85611111,75.04444444,30-05-2021 08:00,8.2,2720,"",0,1024.8,"",85.08,"",188,"","","",100,16,14.5824,534,"","","","","","","","","","",""
800,Ganguchak,CGWB,1,Jammu & Kashmir,7,KATHUA,HIRANAGAR,HIRANAGAR,Ganguchak,-,-,-,-,-,-,32.40138889,75.26277778,25-05-2013 00:00,7.92,1030,"",0,171,140.2,107,"",165,"","","",350,74,40.21,88,"",0.23,"","","","","","","","",""
801,Ganguchak,CGWB,1,Jammu & Kashmir,7,KATHUA,HIRANAGAR,HIRANAGAR,Ganguchak,-,-,-,-,-,-,32.40138889,75.26277778,25-05-2015 00:00,7.88,1360,"",0,317,259.84,195,"",277,"","","",430,56,71,200,"","","","","","","","","","",""
802,Ganguchak,CGWB,1,Jammu & Kashmir,7,KATHUA,HIRANAGAR,HIRANAGAR,Ganguchak,-,-,-,-,-,-,32.40138889,75.26277778,25-05-2016 00:00,7.24,1860,967.2,0,616.1,"",266.25,"",365.48563,"","","",1040,28.056,235.904,159,"",0.09,"","","","","","","","",""
803,Ganguchak,CGWB,1,Jammu & Kashmir,7,KATHUA,HIRANAGAR,HIRANAGAR,Ganguchak,-,-,-,-,-,-,32.40138889,75.26277778,30-05-2021 08:00,7.81,1020,"",0,384.3,"",141.8,"",3,"","","",390,84,43.7472,37,"","","","","","","","","","",""
804,Garan Jagir,CGWB,1,Jammu & Kashmir,627,Reasi,Pouni,REASI,Garan Jagir,-,-,-,-,-,-,33.07083333,74.64888889,25-05-2014 00:00,7.7,290,"",0,159,130.33,7,"",16,"","","",145,54,2,3.3,"",0.71,"","","","","","","","",""
805,Garan Jagir,CGWB,1,Jammu & Kashmir,627,Reasi,Pouni,REASI,Garan Jagir,-,-,-,-,-,-,33.07083333,74.64888889,25-05-2015 00:00,8.28,630,"",6,122,110,"","",3,"","","",95,16,13.39,15,"","","","","","","","","","",""
806,Garan Jagir,CGWB,1,Jammu & Kashmir,627,Reasi,Pouni,REASI,Garan Jagir,-,-,-,-,-,-,33.07083333,74.64888889,30-05-2019 08:00,7.92,450,294,0,305,"",41,"","","","","",239,35,37,25,"","","","","","","","","","",""
807,Garan Jagir,CGWB,1,Jammu & Kashmir,627,Reasi,Pouni,REASI,Garan Jagir,-,-,-,-,-,-,33.07083333,74.64888889,30-05-2020 08:00,7.92,450,"","",305,"",41,"","","","","","",35,37,25,"","","","","","","","","","",""
808,Garan Jagir,CGWB,1,Jammu & Kashmir,627,Reasi,Pouni,REASI,Garan Jagir,-,-,-,-,-,-,33.07083333,74.64888889,30-05-2021 08:00,7.21,1956,"",0,634.504,"",284,"",20,"","","",600,100,85.134,139.2,"","","","","","","","","","",""
809,Garhi (Jammu),CGWB,1,Jammu & Kashmir,5,JAMMU,JAMMU,JAMMU,Garhi,-,-,-,-,-,-,32.79055556,74.79194444,25-05-2013 00:00,8.66,470,"",18,134,139.8,35,"",56,"","","",175,14,34.06,33,"",0.21,"","","","","","","","",""
810,Garhi (Jammu),CGWB,1,Jammu & Kashmir,5,JAMMU,JAMMU,JAMMU,Garhi,-,-,-,-,-,-,32.79055556,74.79194444,25-05-2014 00:00,7.79,850,"",0,433,354.92,32,"",127,"","","",440,94,49.96,40,"",1.39,"","","","","","","","",""
811,Garhi (Jammu),CGWB,1,Jammu & Kashmir,5,JAMMU,JAMMU,JAMMU,Garhi,-,-,-,-,-,-,32.79055556,74.79194444,30-05-2019 08:00,7.95,420,330,0,159,"",41,"","","","","",184,39,21,29.7,"","","","","","","","","","",""
812,Garhi (Jammu),CGWB,1,Jammu & Kashmir,5,JAMMU,JAMMU,JAMMU,Garhi,-,-,-,-,-,-,32.79055556,74.79194444,30-05-2020 08:00,7.95,420,"","",159,"",41,"","","","","","",39,21,29.7,"","","","","","","","","","",""
813,Garhi (Jammu),CGWB,1,Jammu & Kashmir,5,JAMMU,JAMMU,JAMMU,Garhi,-,-,-,-,-,-,32.79055556,74.79194444,30-05-2021 08:00,7.83,1450,"",0,640.71,"",109.895,"",33.6,"","","",410,94,42.532,142.6,"","","","","","","","","","",""
814,Garhi (Udh),CGWB,1,Jammu & Kashmir,14,UDHAMPUR,UDHAMPURR,UDHAMPURR,Garhi,-,-,-,-,-,-,32.90500000,75.08250000,25-05-2000 00:00,7.4,372,"",0,128,"",28,"","","","","",140,32,14.63,"","","","","","","","","","","",""
815,Garhi (Udh),CGWB,1,Jammu & Kashmir,14,UDHAMPUR,UDHAMPURR,UDHAMPURR,Garhi,-,-,-,-,-,-,32.90500000,75.08250000,25-05-2001 00:00,7.16,463,"",0,231,"",24,"","","","","",225,70,12.24,27,"","","","","","","","","","",""
816,Garhi (Udh),CGWB,1,Jammu & Kashmir,14,UDHAMPUR,UDHAMPURR,UDHAMPURR,Garhi,-,-,-,-,-,-,32.90500000,75.08250000,25-05-2002 00:00,7.9,437,"",0,137,"",31,"","","","","",157,40,13.91,25,"",0.75,"","","","","","","","",""
817,Garhi (Udh),CGWB,1,Jammu & Kashmir,14,UDHAMPUR,UDHAMPURR,UDHAMPURR,Garhi,-,-,-,-,-,-,32.90500000,75.08250000,25-05-2003 00:00,7.4,570,"",0,217,"",35,"","","","","",245,72,15.89,27,"","","","","","","","","","",""
818,Garhi (Udh),CGWB,1,Jammu & Kashmir,14,UDHAMPUR,UDHAMPURR,UDHAMPURR,Garhi,-,-,-,-,-,-,32.90500000,75.08250000,25-05-2004 00:00,7.07,706,"",0,317,"",39,"","","","","",240,22,45.01,44,"","","","","","","","","","",""
819,Garhi (Udh),CGWB,1,Jammu & Kashmir,14,UDHAMPUR,UDHAMPURR,UDHAMPURR,Garhi,-,-,-,-,-,-,32.90500000,75.08250000,25-05-2005 00:00,7.9,475,"",0,202,"",32,"","","","","",225,66,14.67,25,"","","","","","","","","","",""
820,Garhi (Udh),CGWB,1,Jammu & Kashmir,14,UDHAMPUR,UDHAMPURR,UDHAMPURR,Garhi,-,-,-,-,-,-,32.90500000,75.08250000,25-05-2006 00:00,7.5,423,"",0,171,"",28,"","","","","",170,40,17.07,24,"","","","","","","","","","",""
821,Garhi (Udh),CGWB,1,Jammu & Kashmir,14,UDHAMPUR,UDHAMPURR,UDHAMPURR,Garhi,-,-,-,-,-,-,32.90500000,75.08250000,25-05-2007 00:00,7.65,490,"",0,226,"",35,"","","","","",205,58,14.66,25,"","","","","","","","","","",""
822,Garhi (Udh),CGWB,1,Jammu & Kashmir,14,UDHAMPUR,UDHAMPURR,UDHAMPURR,Garhi,-,-,-,-,-,-,32.90500000,75.08250000,25-05-2008 00:00,7.95,387,"",0,159,"",32,"",29,"","","",155,36,15.85,27,"",0.21,"","","","","","","","",""
823,Garhi (Udh),CGWB,1,Jammu & Kashmir,14,UDHAMPUR,UDHAMPURR,UDHAMPURR,Garhi,-,-,-,-,-,-,32.90500000,75.08250000,25-05-2009 00:00,7.2,380,"",0,146,"",21,"",40,"","","",160,34,18.28,20,"",0.15,"","","","","","","","",""
824,Garhi (Udh),CGWB,1,Jammu & Kashmir,14,UDHAMPUR,UDHAMPURR,UDHAMPURR,Garhi,-,-,-,-,-,-,32.90500000,75.08250000,25-05-2010 00:00,8.15,290,"",0,116,"",28,"",6,"","","",105,22,12.18,22,"","","","","","","","","","",""
825,Garhi (Udh),CGWB,1,Jammu & Kashmir,14,UDHAMPUR,UDHAMPURR,UDHAMPURR,Garhi,-,-,-,-,-,-,32.90500000,75.08250000,25-05-2012 00:00,7.71,410,"",0,153,"",43,"",25,"","","",155,34,17,32,"",0.13,"","","","","","","","",""
826,Garhi (Udh),CGWB,1,Jammu & Kashmir,14,UDHAMPUR,UDHAMPURR,UDHAMPURR,Garhi,-,-,-,-,-,-,32.90500000,75.08250000,25-05-2013 00:00,7.7,520,"",0,207,169.7,36,"",29,"","","",195,52,15.87,33,"",0.01,"","","","","","","","",""
827,Garhi (Udh),CGWB,1,Jammu & Kashmir,14,UDHAMPUR,UDHAMPURR,UDHAMPURR,Garhi,-,-,-,-,-,-,32.90500000,75.08250000,25-05-2014 00:00,7.7,450,"",0,122,100,46,"",50,"","","",150,28,20,37,"",0.36,"","","","","","","","",""
828,Garhi (Udh),CGWB,1,Jammu & Kashmir,14,UDHAMPUR,UDHAMPURR,UDHAMPURR,Garhi,-,-,-,-,-,-,32.90500000,75.08250000,25-05-2015 00:00,8.27,490,"",0,128,104.92,43,"",63,"","","",160,28,21.92,40,"",0.12,"","","","","","","","",""
829,Garhi (Udh),CGWB,1,Jammu & Kashmir,14,UDHAMPUR,UDHAMPURR,UDHAMPURR,Garhi,-,-,-,-,-,-,32.90500000,75.08250000,25-05-2016 00:00,7.48,490,254.8,0,275,"",32,"",33.92548,"","","",230,40,32,41,"",0.2,"","","","","","","","",""
830,Garhi (Udh),CGWB,1,Jammu & Kashmir,14,UDHAMPUR,UDHAMPURR,UDHAMPURR,Garhi,-,-,-,-,-,-,32.90500000,75.08250000,30-05-2021 08:00,7.4,488,"",0,280.6,"",21.27,"",6,"","","",240,44,31.5952,20.22,"","","","","","","","","","",""
831,Ghobrahmna,CGWB,1,Jammu & Kashmir,5,JAMMU,SAMBA,SAMBA,Ghobrahmna,-,-,-,-,-,-,32.55000000,74.95833333,25-05-2001 00:00,8.42,1225,"",54,73,"",188,"","","","","",435,56,71.79,103,"","","","","","","","","","",""
832,Ghobrahmna,CGWB,1,Jammu & Kashmir,5,JAMMU,SAMBA,SAMBA,Ghobrahmna,-,-,-,-,-,-,32.55000000,74.95833333,25-05-2002 00:00,8.2,1400,"",0,183,"",109,"","","","","",431,60,68.39,103,"",0.06,"","","","","","","","",""
833,Ghobrahmna,CGWB,1,Jammu & Kashmir,5,JAMMU,SAMBA,SAMBA,Ghobrahmna,-,-,-,-,-,-,32.55000000,74.95833333,25-05-2003 00:00,7.8,1430,"",0,464,"",99,"","","","","",480,112,48.76,120,"","","","","","","","","","",""
834,Ghobrahmna,CGWB,1,Jammu & Kashmir,5,JAMMU,SAMBA,SAMBA,Ghobrahmna,-,-,-,-,-,-,32.55000000,74.95833333,25-05-2004 00:00,7.75,1684,"",0,482,"",138,"","","","","",610,154,54.89,118,"","","","","","","","","","",""
835,Ghobrahmna,CGWB,1,Jammu & Kashmir,5,JAMMU,SAMBA,SAMBA,Ghobrahmna,-,-,-,-,-,-,32.55000000,74.95833333,25-05-2005 00:00,8.4,2140,"",42,391,"",202,"","","","","",804,137,112.37,110,"","","","","","","","","","",""
836,Ghobrahmna,CGWB,1,Jammu & Kashmir,5,JAMMU,SAMBA,SAMBA,Ghobrahmna,-,-,-,-,-,-,32.55000000,74.95833333,25-05-2006 00:00,7.45,1445,"",0,293,"",170,"","","","","",546,68,91.5,100,"","","","","","","","","","",""
837,Ghobrahmna,CGWB,1,Jammu & Kashmir,5,JAMMU,SAMBA,SAMBA,Ghobrahmna,-,-,-,-,-,-,32.55000000,74.95833333,25-05-2007 00:00,7.92,1580,"",0,458,"",178,"","","","","",560,106,71.85,120,"","","","","","","","","","",""
838,Ghobrahmna,CGWB,1,Jammu & Kashmir,5,JAMMU,SAMBA,SAMBA,Ghobrahmna,-,-,-,-,-,-,32.55000000,74.95833333,25-05-2008 00:00,7.52,1920,"",0,500,"",241,"",15,"","","",660,92,104.66,138,"",0.26,"","","","","","","","",""
839,Ghobrahmna,CGWB,1,Jammu & Kashmir,5,JAMMU,SAMBA,SAMBA,Ghobrahmna,-,-,-,-,-,-,32.55000000,74.95833333,25-05-2009 00:00,7.35,1940,"",0,531,"",156,"",90,"","","",680,152,73.12,140,"",0.13,"","","","","","","","",""
840,Ghobrahmna,CGWB,1,Jammu & Kashmir,5,JAMMU,SAMBA,SAMBA,Ghobrahmna,-,-,-,-,-,-,32.55000000,74.95833333,25-05-2010 00:00,7.95,1520,"",0,317,"",206,"",100,"","","",500,64,82.74,145,"","","","","","","","","","",""
841,Ghobrahmna,CGWB,1,Jammu & Kashmir,5,JAMMU,SAMBA,SAMBA,Ghobrahmna,-,-,-,-,-,-,32.55000000,74.95833333,25-05-2012 00:00,7.6,2260,"",0,519,"",256,"",130,"","","",850,166,106,148,"",0.15,"","","","","","","","",""
842,Ghobrahmna,CGWB,1,Jammu & Kashmir,5,JAMMU,SAMBA,SAMBA,Ghobrahmna,-,-,-,-,-,-,32.55000000,74.95833333,25-05-2013 00:00,7.87,580,"",0,219,179.5,43,"",3,"","","",150,26,20.7,52,"",0.03,"","","","","","","","",""
843,Ghobrahmna,CGWB,1,Jammu & Kashmir,5,JAMMU,SAMBA,SAMBA,Ghobrahmna,-,-,-,-,-,-,32.55000000,74.95833333,25-05-2014 00:00,6.98,2850,"",0,384,314.75,281,"",848,"","","",916,32,203.3,237,"",0.1,"","","","","","","","",""
844,Ghobrahmna,CGWB,1,Jammu & Kashmir,5,JAMMU,SAMBA,SAMBA,Ghobrahmna,-,-,-,-,-,-,32.55000000,74.95833333,25-05-2015 00:00,8.37,580,"",96,43,195.25,36,"",52,"","","",270,16,55.94,33.1,"",0.11,"","","","","","","","",""
845,Ghobrahmna,CGWB,1,Jammu & Kashmir,5,JAMMU,SAMBA,SAMBA,Ghobrahmna,-,-,-,-,-,-,32.55000000,74.95833333,25-05-2016 00:00,7.56,2200,1144,0,579.5,"",252.05,"",485.906,"","","",835,68.136,161.728,236.5,"",0,"","","","","","","","",""
846,Gho Manhasan,CGWB,1,Jammu & Kashmir,5,JAMMU,JAMMU,JAMMU,Gho Manhasan,-,-,-,-,-,-,32.72277778,74.73944444,25-05-2013 00:00,8.01,680,"",0,323,264.8,32,"",16,"","","",270,20,53.51,27,"",0.23,"","","","","","","","",""
847,Gho Manhasan,CGWB,1,Jammu & Kashmir,5,JAMMU,JAMMU,JAMMU,Gho Manhasan,-,-,-,-,-,-,32.72277778,74.73944444,25-05-2014 00:00,7.29,425,"",0,171,140.16,18,"",48,"","","",160,28,21.92,25,"",0.53,"","","","","","","","",""
848,Gho Manhasan,CGWB,1,Jammu & Kashmir,5,JAMMU,JAMMU,JAMMU,Gho Manhasan,-,-,-,-,-,-,32.72277778,74.73944444,25-05-2015 00:00,8.25,560,"",0,171,140.16,39.1,"",72,"","","",230,28.1,38.87,21.6,"",0.12,"","","","","","","","",""
849,Gho Manhasan,CGWB,1,Jammu & Kashmir,5,JAMMU,JAMMU,JAMMU,Gho Manhasan,-,-,-,-,-,-,32.72277778,74.73944444,25-05-2016 00:00,7.7,691,359.32,0,366,"",35.5,"",74.92479,"","","",350.765,70.14,42.746048,36.6,"",0.03,"","","","","","","","",""
850,Gho Manhasan,CGWB,1,Jammu & Kashmir,5,JAMMU,JAMMU,JAMMU,Gho Manhasan,-,-,-,-,-,-,32.72277778,74.73944444,30-05-2019 08:00,7.43,300,270,0,172,"",7,"","","","","",184,52,13,4.7,"","","","","","","","","","",""
851,Gho Manhasan,CGWB,1,Jammu & Kashmir,5,JAMMU,JAMMU,JAMMU,Gho Manhasan,-,-,-,-,-,-,32.72277778,74.73944444,30-05-2020 08:00,7.43,300,"","",172,"",7,"","","","","","",52,13,4.7,"","","","","","","","","","",""
852,Gho Rakawalan,CGWB,1,Jammu & Kashmir,5,JAMMU,SAMBA,SAMBA,Gho Rakawalan,-,-,-,-,-,-,32.55166667,74.94888889,25-05-2013 00:00,8.02,740,"",0,311,254.9,71,"",2,"","","",225,26,38.93,67,"",0.08,"","","","","","","","",""
853,Gho Rakawalan,CGWB,1,Jammu & Kashmir,5,JAMMU,SAMBA,SAMBA,Gho Rakawalan,-,-,-,-,-,-,32.55166667,74.94888889,25-05-2014 00:00,7.23,960,"",0,504,413.11,75,"",1,"","","",375,22,77.83,66,"",0.34,"","","","","","","","",""
854,Gho Rakawalan,CGWB,1,Jammu & Kashmir,5,JAMMU,SAMBA,SAMBA,Gho Rakawalan,-,-,-,-,-,-,32.55166667,74.94888889,25-05-2015 00:00,7.87,2200,"",0,756,619.67,398,"",6,"","","",770,136,104.71,220,"","","","","","","","","","",""
855,Gho Rakawalan,CGWB,1,Jammu & Kashmir,5,JAMMU,SAMBA,SAMBA,Gho Rakawalan,-,-,-,-,-,-,32.55166667,74.94888889,30-05-2021 08:00,7.86,1639,"",0,414.868,"",213,"",159.9,"","","",280,24,53.5128,255.1,"","","","","","","","","","",""
856,Gigrial,CGWB,1,Jammu & Kashmir,5,JAMMU,AKHNOOR,AKHNOOR,Gigrial,-,-,-,-,-,-,32.79527778,74.48222222,25-05-2013 00:00,8.27,320,"",0,183,150,18,"",2,"","","",145,34,14.63,16,"",0.01,"","","","","","","","",""
857,Gigrial,CGWB,1,Jammu & Kashmir,5,JAMMU,AKHNOOR,AKHNOOR,Gigrial,-,-,-,-,-,-,32.79527778,74.48222222,25-05-2014 00:00,7.08,930,"",0,262,214.75,64,"",142,"","","",210,54,18.3,70,"",0.92,"","","","","","","","",""
858,Gigrial,CGWB,1,Jammu & Kashmir,5,JAMMU,AKHNOOR,AKHNOOR,Gigrial,-,-,-,-,-,-,32.79527778,74.48222222,25-05-2015 00:00,8.4,320,"",30,110,140.16,11,"",30,"","","",130,12,24.33,26,"",1.52,"","","","","","","","",""
859,Gigrial,CGWB,1,Jammu & Kashmir,5,JAMMU,AKHNOOR,AKHNOOR,Gigrial,-,-,-,-,-,-,32.79527778,74.48222222,25-05-2016 00:00,8.13,258,134.16,0,152.5,"",10.65,"",3.710061,"","","",115.32,42.084,2.509824,13.18,"",0,"","","","","","","","",""
860,Gigrial,CGWB,1,Jammu & Kashmir,5,JAMMU,AKHNOOR,AKHNOOR,Gigrial,-,-,-,-,-,-,32.79527778,74.48222222,30-05-2019 08:00,7.71,260,222,0,159,"",20,"","","","","",206,35,29,7.9,"","","","","","","","","","",""
861,Gigrial,CGWB,1,Jammu & Kashmir,5,JAMMU,AKHNOOR,AKHNOOR,Gigrial,-,-,-,-,-,-,32.79527778,74.48222222,30-05-2020 08:00,7.71,260,"","",159,"",20,"","","","","","",35,29,7.9,"","","","","","","","","","",""
862,Gigrial,CGWB,1,Jammu & Kashmir,5,JAMMU,AKHNOOR,AKHNOOR,Gigrial,-,-,-,-,-,-,32.79527778,74.48222222,30-05-2021 08:00,7.52,1233,"",0,414.936,"",134.71,"",38.4,"","","",355,72,42.532,117.3,"","","","","","","","","","",""
863,Gond,CGWB,1,Jammu & Kashmir,7,KATHUA,KATHUA,KATHUA,Gond,-,-,-,-,-,-,32.33333333,75.50138889,25-05-2000 00:00,8.13,509,"",0,183,"",35,"","","","","",165,36,18.28,"","","","","","","","","","","",""
864,Gond,CGWB,1,Jammu & Kashmir,7,KATHUA,KATHUA,KATHUA,Gond,-,-,-,-,-,-,32.33333333,75.50138889,25-05-2001 00:00,7.58,685,"",0,360,"",43,"","","","","",315,98,17.14,37,"","","","","","","","","","",""
865,Gond,CGWB,1,Jammu & Kashmir,7,KATHUA,KATHUA,KATHUA,Gond,-,-,-,-,-,-,32.33333333,75.50138889,25-05-2003 00:00,7.6,680,"",0,183,"",53,"","","","","",200,48,19.51,37,"","","","","","","","","","",""
866,Gond,CGWB,1,Jammu & Kashmir,7,KATHUA,KATHUA,KATHUA,Gond,-,-,-,-,-,-,32.33333333,75.50138889,25-05-2005 00:00,7.9,980,"",0,416,"",58,"","","","","",351,137,2.23,35,"","","","","","","","","","",""
867,Gond,CGWB,1,Jammu & Kashmir,7,KATHUA,KATHUA,KATHUA,Gond,-,-,-,-,-,-,32.33333333,75.50138889,25-05-2006 00:00,7.5,570,"",0,250,"",39,"","","","","",225,60,18.31,30,"","","","","","","","","","",""
868,Gond,CGWB,1,Jammu & Kashmir,7,KATHUA,KATHUA,KATHUA,Gond,-,-,-,-,-,-,32.33333333,75.50138889,25-05-2007 00:00,8.32,232,"",18,110,"",7.1,"","","","","",100,22,10.97,16,"","","","","","","","","","",""
869,Gond More,CGWB,1,Jammu & Kashmir,7,KATHUA,KATHUA,KATHUA,Gond More,-,-,-,-,-,-,32.33750000,75.41361111,30-05-2019 08:00,8.22,240,234,0,132,"",27,"","","","","",109,22,13,30,"","","","","","","","","","",""
870,Gond More,CGWB,1,Jammu & Kashmir,7,KATHUA,KATHUA,KATHUA,Gond More,-,-,-,-,-,-,32.33750000,75.41361111,30-05-2020 08:00,8.22,240,"","",132,"",27,"","","","","","",22,13,30,"","","","","","","","","","",""
871,Gond More,CGWB,1,Jammu & Kashmir,7,KATHUA,KATHUA,KATHUA,Gond More,-,-,-,-,-,-,32.33750000,75.41361111,30-05-2021 08:00,8.14,307,"",0,85.428,"",38.995,"",24,"","","",95,30,4.8608,25.3,"","","","","","","","","","",""
872,Greater Kailash,CGWB,1,Jammu & Kashmir,5,JAMMU,JAMMU,JAMMU,Greater Kailash,-,-,-,-,-,-,32.68611111,74.93055556,25-05-2012 00:00,7.7,690,"",0,281,"",32,"",20,"","","",314,106,12,19,"",0.18,"","","","","","","","",""
873,Greater Kailash,CGWB,1,Jammu & Kashmir,5,JAMMU,JAMMU,JAMMU,Greater Kailash,-,-,-,-,-,-,32.68611111,74.93055556,25-05-2013 00:00,8.25,390,"",0,146,119.7,28,"",40,"","","",185,30,26.78,24,"",1.03,"","","","","","","","",""
874,Greater Kailash,CGWB,1,Jammu & Kashmir,5,JAMMU,JAMMU,JAMMU,Greater Kailash,-,-,-,-,-,-,32.68611111,74.93055556,25-05-2014 00:00,7.82,250,"",0,126,103.28,11,"",10,"","","",110,30,8.55,15.4,"",0.92,"","","","","","","","",""
875,Greater Kailash,CGWB,1,Jammu & Kashmir,5,JAMMU,JAMMU,JAMMU,Greater Kailash,-,-,-,-,-,-,32.68611111,74.93055556,25-05-2015 00:00,8.16,440,"",0,268,219.67,11,"",0,"","","",205,50,19.51,11.4,"","","","","","","","","","",""
876,Greater Kailash,CGWB,1,Jammu & Kashmir,5,JAMMU,JAMMU,JAMMU,Greater Kailash,-,-,-,-,-,-,32.68611111,74.93055556,25-05-2016 00:00,6.73,510,265.2,0,262.3,"",17.75,"",64.46355,"","","",290,68.136,55.936,9.9,"",0.01,"","","","","","","","",""
877,Greater Kailash,CGWB,1,Jammu & Kashmir,5,JAMMU,JAMMU,JAMMU,Greater Kailash,-,-,-,-,-,-,32.68611111,74.93055556,30-05-2019 08:00,8.67,360,633,7,99,"",34,"","","","","",152,43,11,23,"","","","","","","","","","",""
878,Greater Kailash,CGWB,1,Jammu & Kashmir,5,JAMMU,JAMMU,JAMMU,Greater Kailash,-,-,-,-,-,-,32.68611111,74.93055556,30-05-2020 08:00,8.67,360,"","",99,"",34,"","","","","","",43,11,23,"","","","","","","","","","",""
879,Greater Kailash,CGWB,1,Jammu & Kashmir,5,JAMMU,JAMMU,JAMMU,Greater Kailash,-,-,-,-,-,-,32.68611111,74.93055556,30-05-2021 08:00,7.8,1198,"",0,378.2,"",141.8,"",141,"","","",510,44,97.216,40.9,"","","","","","","","","","",""
880,Gudwal,CGWB,1,Jammu & Kashmir,5,JAMMU,SAMBA,SAMBA,Gudwal,-,-,-,-,-,-,32.55000000,75.00972222,25-05-2000 00:00,7.9,650,"",0,299,"",49,"","","","","",266,77,17.96,29,"","","","","","","","","","",""
881,Gudwal,CGWB,1,Jammu & Kashmir,5,JAMMU,SAMBA,SAMBA,Gudwal,-,-,-,-,-,-,32.55000000,75.00972222,25-05-2001 00:00,8.42,545,"",30,177,"",39,"","","","","",260,88,9.83,25,"","","","","","","","","","",""
882,Gudwal,CGWB,1,Jammu & Kashmir,5,JAMMU,SAMBA,SAMBA,Gudwal,-,-,-,-,-,-,32.55000000,75.00972222,25-05-2002 00:00,8,545,"",0,197,"",45,"","","","","",226,58,19.76,24,"",0.12,"","","","","","","","",""
883,Gudwal,CGWB,1,Jammu & Kashmir,5,JAMMU,SAMBA,SAMBA,Gudwal,-,-,-,-,-,-,32.55000000,75.00972222,25-05-2003 00:00,8.1,710,"",0,274,"",57,"","","","","",275,78,19.55,45,"","","","","","","","","","",""
884,Gudwal,CGWB,1,Jammu & Kashmir,5,JAMMU,SAMBA,SAMBA,Gudwal,-,-,-,-,-,-,32.55000000,75.00972222,25-05-2004 00:00,7.5,624,"",0,244,"",60,"","","","","",240,78,11.04,32,"","","","","","","","","","",""
885,Gudwal,CGWB,1,Jammu & Kashmir,5,JAMMU,SAMBA,SAMBA,Gudwal,-,-,-,-,-,-,32.55000000,75.00972222,25-05-2005 00:00,7.7,630,"",0,262,"",39,"","","","","",245,79,11.64,25,"","","","","","","","","","",""
886,Gudwal,CGWB,1,Jammu & Kashmir,5,JAMMU,SAMBA,SAMBA,Gudwal,-,-,-,-,-,-,32.55000000,75.00972222,25-05-2006 00:00,7.5,530,"",0,207,"",43,"","","","","",214,68,10.78,25,"","","","","","","","","","",""
887,Gudwal,CGWB,1,Jammu & Kashmir,5,JAMMU,SAMBA,SAMBA,Gudwal,-,-,-,-,-,-,32.55000000,75.00972222,25-05-2007 00:00,8.12,555,"",0,226,"",46,"","","","","",200,62,11.02,24,"","","","","","","","","","",""
888,Gudwal,CGWB,1,Jammu & Kashmir,5,JAMMU,SAMBA,SAMBA,Gudwal,-,-,-,-,-,-,32.55000000,75.00972222,25-05-2008 00:00,7.75,368,"",0,177,"",14,"",18,"","","",165,38,17.07,11,"",0.69,"","","","","","","","",""
889,Gudwal,CGWB,1,Jammu & Kashmir,5,JAMMU,SAMBA,SAMBA,Gudwal,-,-,-,-,-,-,32.55000000,75.00972222,25-05-2009 00:00,7.45,678,"",0,305,"",50,"",35,"","","",280,84,17.12,31,"",0.19,"","","","","","","","",""
890,Gudwal,CGWB,1,Jammu & Kashmir,5,JAMMU,SAMBA,SAMBA,Gudwal,-,-,-,-,-,-,32.55000000,75.00972222,25-05-2010 00:00,8.35,640,"",30,293,"",43,"",0.1,"","","",270,88,12.26,30,"","","","","","","","","","",""
891,Gudwal,CGWB,1,Jammu & Kashmir,5,JAMMU,SAMBA,SAMBA,Gudwal,-,-,-,-,-,-,32.55000000,75.00972222,25-05-2012 00:00,7.64,600,"",0,323,"",46,"",10,"","","",274,82,17,24,"",0.39,"","","","","","","","",""
892,Gudwal,CGWB,1,Jammu & Kashmir,5,JAMMU,SAMBA,SAMBA,Gudwal,-,-,-,-,-,-,32.55000000,75.00972222,25-05-2013 00:00,8.15,230,"",0,110,90.2,28,"",5,"","","",125,34,9.77,8.4,"",0.02,"","","","","","","","",""
893,Gudwal,CGWB,1,Jammu & Kashmir,5,JAMMU,SAMBA,SAMBA,Gudwal,-,-,-,-,-,-,32.55000000,75.00972222,25-05-2014 00:00,6.99,890,"",0,376,308.2,99,"",2,"","","",295,32,52.31,54,"",0.72,"","","","","","","","",""
894,Gudwal,CGWB,1,Jammu & Kashmir,5,JAMMU,SAMBA,SAMBA,Gudwal,-,-,-,-,-,-,32.55000000,75.00972222,25-05-2015 00:00,7.12,890,"",0,488,400,64,"",288,"","","",590,84,92.49,55,"","","","","","","","","","",""
895,Gudwal,CGWB,1,Jammu & Kashmir,5,JAMMU,SAMBA,SAMBA,Gudwal,-,-,-,-,-,-,32.55000000,75.00972222,25-05-2016 00:00,7.58,600,312,0,225.7,"",17.75,"",41.60871,"","","",235,26.052,41.344,7.83,"",0.11,"","","","","","","","",""
896,Gudwal,CGWB,1,Jammu & Kashmir,5,JAMMU,SAMBA,SAMBA,Gudwal,-,-,-,-,-,-,32.55000000,75.00972222,30-05-2019 08:00,8.11,500,144,0,185,"",68,"","","","","",206,35,29,44,"","","","","","","","","","",""
897,Gudwal,CGWB,1,Jammu & Kashmir,5,JAMMU,SAMBA,SAMBA,Gudwal,-,-,-,-,-,-,32.55000000,75.00972222,30-05-2020 08:00,8.11,500,"","",185,"",68,"","","","","","",35,29,44,"","","","","","","","","","",""
898,Gudwal,CGWB,1,Jammu & Kashmir,5,JAMMU,SAMBA,SAMBA,Gudwal,-,-,-,-,-,-,32.55000000,75.00972222,30-05-2021 08:00,7.7,458,"",0,97.616,"",85.2,"",34.2,"","","",180,24,29.1888,23.1,"","","","","","","","","","",""
899,Gulgam,CGWB,1,Jammu & Kashmir,8,KUPWARA,KUPWARA,KUPWARA,Gulgam,-,-,-,-,-,-,34.53694444,74.21944444,25-05-2012 00:00,7.71,790,"",0,317,"",64,"",65,"","","",310,82,25.63,57,"",0.23,"","","","","","","","",""
900,Gulgam,CGWB,1,Jammu & Kashmir,8,KUPWARA,KUPWARA,KUPWARA,Gulgam,-,-,-,-,-,-,34.53694444,74.21944444,25-05-2013 00:00,7.71,790,"",0,317,259.8,64,"",65,"","","",310,82,25.63,57,"",0.23,"","","","","","","","",""
901,Gulgam,CGWB,1,Jammu & Kashmir,8,KUPWARA,KUPWARA,KUPWARA,Gulgam,-,-,-,-,-,-,34.53694444,74.21944444,25-05-2014 00:00,7.33,1060,"",0,360,295.08,107,"",87,"","","",375,104,28.09,68,"",0.38,"","","","","","","","",""
902,Gulgam,CGWB,1,Jammu & Kashmir,8,KUPWARA,KUPWARA,KUPWARA,Gulgam,-,-,-,-,-,-,34.53694444,74.21944444,25-05-2016 00:00,7.59,410,213.2,0,183,"",60,"",130.8805,"","","",190,24,32,75,"",0,"","","","","","","","",""
903,Gulgam,CGWB,1,Jammu & Kashmir,8,KUPWARA,KUPWARA,KUPWARA,Gulgam,-,-,-,-,-,-,34.53694444,74.21944444,30-05-2019 08:00,8.01,530,438,0,199,"",82,"","","","","",217,30,34,66,"","","","","","","","","","",""
904,Gulgam,CGWB,1,Jammu & Kashmir,8,KUPWARA,KUPWARA,KUPWARA,Gulgam,-,-,-,-,-,-,34.53694444,74.21944444,30-05-2020 08:00,8.01,530,"","",199,"",82,"","","","","","",30,34,66,"","","","","","","","","","",""
905,Gura,CGWB,1,Jammu & Kashmir,5,JAMMU,AKHNOOR,AKHNOOR,Gura,-,-,-,-,-,-,32.88333333,74.70555556,25-05-2000 00:00,8.15,650,"",0,276,"",45,"","","","","",300,44,46.25,24,"","","","","","","","","","",""
906,Gura,CGWB,1,Jammu & Kashmir,5,JAMMU,AKHNOOR,AKHNOOR,Gura,-,-,-,-,-,-,32.88333333,74.70555556,25-05-2001 00:00,7.72,865,"",0,555,"",38,"","","","","",515,128,47.57,22,"","","","","","","","","","",""
907,Gura,CGWB,1,Jammu & Kashmir,5,JAMMU,AKHNOOR,AKHNOOR,Gura,-,-,-,-,-,-,32.88333333,74.70555556,25-05-2002 00:00,7.78,1088,"",0,550,"",45,"","","","","",538,125,54.98,22,"",0.11,"","","","","","","","",""
908,Gura,CGWB,1,Jammu & Kashmir,5,JAMMU,AKHNOOR,AKHNOOR,Gura,-,-,-,-,-,-,32.88333333,74.70555556,25-05-2003 00:00,7.7,665,"",0,299,"",35,"","","","","",310,50,45,19,"","","","","","","","","","",""
909,Gura,CGWB,1,Jammu & Kashmir,5,JAMMU,AKHNOOR,AKHNOOR,Gura,-,-,-,-,-,-,32.88333333,74.70555556,25-05-2004 00:00,7.97,1000,"",0,415,"",62,"","","","","",440,96,48.74,26,"","","","","","","","","","",""
910,Gura,CGWB,1,Jammu & Kashmir,5,JAMMU,AKHNOOR,AKHNOOR,Gura,-,-,-,-,-,-,32.88333333,74.70555556,25-05-2005 00:00,7.7,596,"",0,242,"",33,"","","","","",274,64,27.79,13,"","","","","","","","","","",""
911,Gura,CGWB,1,Jammu & Kashmir,5,JAMMU,AKHNOOR,AKHNOOR,Gura,-,-,-,-,-,-,32.88333333,74.70555556,25-05-2006 00:00,7.6,595,"",0,336,"",18,"","","","","",330,84,29.28,11,"","","","","","","","","","",""
912,Gura,CGWB,1,Jammu & Kashmir,5,JAMMU,AKHNOOR,AKHNOOR,Gura,-,-,-,-,-,-,32.88333333,74.70555556,25-05-2007 00:00,8.3,430,"",3,153,"",39,"","","","","",200,16,38.92,17,"","","","","","","","","","",""
913,Gura,CGWB,1,Jammu & Kashmir,5,JAMMU,AKHNOOR,AKHNOOR,Gura,-,-,-,-,-,-,32.88333333,74.70555556,25-05-2008 00:00,7.5,718,"",0,336,"",32,"",10,"","","",330,76,34.13,15,"",0.52,"","","","","","","","",""
914,Gura,CGWB,1,Jammu & Kashmir,5,JAMMU,AKHNOOR,AKHNOOR,Gura,-,-,-,-,-,-,32.88333333,74.70555556,25-05-2009 00:00,7.5,935,"",0,439,"",39,"",0,"","","",330,86,28,27,"",0.83,"","","","","","","","",""
915,Gura,CGWB,1,Jammu & Kashmir,5,JAMMU,AKHNOOR,AKHNOOR,Gura,-,-,-,-,-,-,32.88333333,74.70555556,25-05-2010 00:00,8.13,450,"",0,226,"",25,"",14,"","","",220,36,31.65,13,"",4.7,"","","","","","","","",""
916,Gura,CGWB,1,Jammu & Kashmir,5,JAMMU,AKHNOOR,AKHNOOR,Gura,-,-,-,-,-,-,32.88333333,74.70555556,25-05-2012 00:00,7.45,1320,"",0,634,"",99,"",32,"","","",613,142,63,41,"",0.58,"","","","","","","","",""
917,Gura,CGWB,1,Jammu & Kashmir,5,JAMMU,AKHNOOR,AKHNOOR,Gura,-,-,-,-,-,-,32.88333333,74.70555556,25-05-2013 00:00,8.35,420,"",12,159,150.3,25,"",35,"","","",210,24,36.5,17,"",1,"","","","","","","","",""
918,Gura,CGWB,1,Jammu & Kashmir,5,JAMMU,AKHNOOR,AKHNOOR,Gura,-,-,-,-,-,-,32.88333333,74.70555556,25-05-2016 00:00,8.27,430,223.6,0,170.8,"",35.5,"",41.74248,"","","",197.005,24.048,33.319614,26.57,"",0.03,"","","","","","","","",""
919,Guse,CGWB,1,Jammu & Kashmir,8,KUPWARA,KUPWARA,KUPWARA,Guse,-,-,-,-,-,-,34.53861111,74.27972222,25-05-2013 00:00,7.96,410,"",0,220,180.3,18,"",33,"","","",225,52,23.16,15,"","","","","","","","","","",""
920,Guse,CGWB,1,Jammu & Kashmir,8,KUPWARA,KUPWARA,KUPWARA,Guse,-,-,-,-,-,-,34.53861111,74.27972222,25-05-2014 00:00,8.1,270,"",0,159,130.33,14,"",0,"","","",130,22,18.26,7.4,"",10.86,"","","","","","","","",""
921,Guse,CGWB,1,Jammu & Kashmir,8,KUPWARA,KUPWARA,KUPWARA,Guse,-,-,-,-,-,-,34.53861111,74.27972222,25-05-2015 00:00,8.29,630,"",0,201,164.75,70,"",65,"","","",215,66,12.24,53.1,"",0.03,"","","","","","","","",""
922,Guse,CGWB,1,Jammu & Kashmir,8,KUPWARA,KUPWARA,KUPWARA,Guse,-,-,-,-,-,-,34.53861111,74.27972222,25-05-2016 00:00,7.82,310,161.2,0,134,"",64,"",99.40516,"","","",150,12,29,70,"",0,"","","","","","","","",""
923,Guse,CGWB,1,Jammu & Kashmir,8,KUPWARA,KUPWARA,KUPWARA,Guse,-,-,-,-,-,-,34.53861111,74.27972222,30-05-2021 08:00,7.3,3170,"",0,366,"",560.11,"",288,"","","",730,124,102.0768,368,"","","","","","","","","","",""
924,Hamirpur Kohna,CGWB,1,Jammu & Kashmir,5,JAMMU,AKHNOOR,AKHNOOR,Hamirpur Kohna,-,-,-,-,-,-,32.76666667,74.54944444,25-05-2013 00:00,8.49,270,"",6,128,114.9,7,"",18,"","","",140,34,13,2.5,"",0.13,"","","","","","","","",""
925,Hamirpur Kohna,CGWB,1,Jammu & Kashmir,5,JAMMU,AKHNOOR,AKHNOOR,Hamirpur Kohna,-,-,-,-,-,-,32.76666667,74.54944444,25-05-2014 00:00,7.63,710,"",0,256,209.84,25,"",107,"","","",160,32,19.49,31,"",1.14,"","","","","","","","",""
926,Hamirpur Kohna,CGWB,1,Jammu & Kashmir,5,JAMMU,AKHNOOR,AKHNOOR,Hamirpur Kohna,-,-,-,-,-,-,32.76666667,74.54944444,25-05-2015 00:00,8.3,520,"",18,104,115.25,28.4,"",88,"","","",200,28.1,31.58,17.5,"",0.16,"","","","","","","","",""
927,Hamirpur Kohna,CGWB,1,Jammu & Kashmir,5,JAMMU,AKHNOOR,AKHNOOR,Hamirpur Kohna,-,-,-,-,-,-,32.76666667,74.54944444,25-05-2016 00:00,7.81,1386,720.72,0,219.6,"",28.4,"",179.02225,"","","",451.67,82.164,59.990143,1.03,"",0.15,"","","","","","","","",""
928,Hamirpur Kohna,CGWB,1,Jammu & Kashmir,5,JAMMU,AKHNOOR,AKHNOOR,Hamirpur Kohna,-,-,-,-,-,-,32.76666667,74.54944444,30-05-2021 08:00,7.8,1208,"",0,475.8,"",109.895,"",86,"","","",360,52,55.8992,110,"","","","","","","","","","",""
929,Hamirpur Sidhar,CGWB,1,Jammu & Kashmir,5,JAMMU,AKHNOOR,AKHNOOR,Hamirpur Sidhar,-,-,-,-,-,-,32.77638889,74.52555556,25-05-2013 00:00,7.67,1190,"",0,152,124.6,113,"",145,"","","",265,50,34.1,116,"",0.13,"","","","","","","","",""
930,Hamirpur Sidhar,CGWB,1,Jammu & Kashmir,5,JAMMU,AKHNOOR,AKHNOOR,Hamirpur Sidhar,-,-,-,-,-,-,32.77638889,74.52555556,25-05-2014 00:00,7.44,1650,"",0,171,140.16,131,"",407,"","","",285,30,51.09,180,"",0.44,"","","","","","","","",""
931,Hamirpur Sidhar,CGWB,1,Jammu & Kashmir,5,JAMMU,AKHNOOR,AKHNOOR,Hamirpur Sidhar,-,-,-,-,-,-,32.77638889,74.52555556,25-05-2015 00:00,8.17,420,"",0,195,159.84,18,"",30,"","","",145,24,20.7,38.1,"",0.11,"","","","","","","","",""
932,Hamirpur Sidhar,CGWB,1,Jammu & Kashmir,5,JAMMU,AKHNOOR,AKHNOOR,Hamirpur Sidhar,-,-,-,-,-,-,32.77638889,74.52555556,25-05-2016 00:00,7.72,511,265.72,0,280.6,"",7.1,"",0,"","","",201.81,54.108,16.248192,8.38,"",0,"","","","","","","","",""
933,Hamirpur Sidhar,CGWB,1,Jammu & Kashmir,5,JAMMU,AKHNOOR,AKHNOOR,Hamirpur Sidhar,-,-,-,-,-,-,32.77638889,74.52555556,30-05-2019 08:00,7.59,370,312,0,278,"",14,"","","","","",184,35,24,27.7,"","","","","","","","","","",""
934,Hamirpur Sidhar,CGWB,1,Jammu & Kashmir,5,JAMMU,AKHNOOR,AKHNOOR,Hamirpur Sidhar,-,-,-,-,-,-,32.77638889,74.52555556,30-05-2020 08:00,7.59,370,"","",278,"",14,"","","","","","",35,24,27.7,"","","","","","","","","","",""
935,Hamirpur Sidhar,CGWB,1,Jammu & Kashmir,5,JAMMU,AKHNOOR,AKHNOOR,Hamirpur Sidhar,-,-,-,-,-,-,32.77638889,74.52555556,30-05-2021 08:00,7.9,677,"",0,183.06,"",74.445,"",38.4,"","","",235,30,38.8864,46,"","","","","","","","","","",""
936,Hazuribag,CGWB,1,Jammu & Kashmir,5,JAMMU,JAMMU,JAMMU,Hazuribag,-,-,-,-,-,-,32.73805556,74.81416667,25-05-2000 00:00,7.68,761,"",0,402,"",38,"","","","","",376,95,33.79,21,"","","","","","","","","","",""
937,Hazuribag,CGWB,1,Jammu & Kashmir,5,JAMMU,JAMMU,JAMMU,Hazuribag,-,-,-,-,-,-,32.73805556,74.81416667,25-05-2002 00:00,7.9,780,"",0,406,"",42,"","","","","",390,100,34.16,9,"",0.15,"","","","","","","","",""
938,Hazuribag,CGWB,1,Jammu & Kashmir,5,JAMMU,JAMMU,JAMMU,Hazuribag,-,-,-,-,-,-,32.73805556,74.81416667,25-05-2003 00:00,7.7,800,"",0,272,"",35,"","","","","",385,118,22.03,19,"","","","","","","","","","",""
939,Hazuribag,CGWB,1,Jammu & Kashmir,5,JAMMU,JAMMU,JAMMU,Hazuribag,-,-,-,-,-,-,32.73805556,74.81416667,25-05-2004 00:00,7.4,925,"",0,421,"",43,"","","","","",400,82,47.51,26,"","","","","","","","","","",""
940,Hazuribag,CGWB,1,Jammu & Kashmir,5,JAMMU,JAMMU,JAMMU,Hazuribag,-,-,-,-,-,-,32.73805556,74.81416667,25-05-2007 00:00,7.89,700,"",0,397,"",53,"","","","","",350,78,37.78,29,"","","","","","","","","","",""
941,Hazuribag,CGWB,1,Jammu & Kashmir,5,JAMMU,JAMMU,JAMMU,Hazuribag,-,-,-,-,-,-,32.73805556,74.81416667,25-05-2008 00:00,7.65,855,"",0,391,"",50,"",28,"","","",395,98,36.59,23,"",0.5,"","","","","","","","",""
942,Hazuribag,CGWB,1,Jammu & Kashmir,5,JAMMU,JAMMU,JAMMU,Hazuribag,-,-,-,-,-,-,32.73805556,74.81416667,25-05-2009 00:00,7.1,955,"",0,470,"",39,"",0,"","","",383,67,52.48,28,"",0.19,"","","","","","","","",""
943,Hazuribag,CGWB,1,Jammu & Kashmir,5,JAMMU,JAMMU,JAMMU,Hazuribag,-,-,-,-,-,-,32.73805556,74.81416667,25-05-2010 00:00,7.92,630,"",0,262,"",53,"",8,"","","",270,52,34.1,23,"",0.76,"","","","","","","","",""
944,Hazuribag,CGWB,1,Jammu & Kashmir,5,JAMMU,JAMMU,JAMMU,Hazuribag,-,-,-,-,-,-,32.73805556,74.81416667,25-05-2013 00:00,8.07,280,"",0,73,59.8,14,"",75,"","","",125,34,9.77,4.1,"",0.43,"","","","","","","","",""
945,Hazuribag,CGWB,1,Jammu & Kashmir,5,JAMMU,JAMMU,JAMMU,Hazuribag,-,-,-,-,-,-,32.73805556,74.81416667,25-05-2015 00:00,8.24,270,"",0,140,114.75,11,"",27,"","","",155,26.1,21.85,2.5,"",1.31,"","","","","","","","",""
946,Hazuribag,CGWB,1,Jammu & Kashmir,5,JAMMU,JAMMU,JAMMU,Hazuribag,-,-,-,-,-,-,32.73805556,74.81416667,25-05-2016 00:00,8.18,560,291.2,0,305,"",10.65,"",5.72601,"","","",221.03,20.04,41.594498,45.9,"",0.27,"","","","","","","","",""
947,Hazuribag,CGWB,1,Jammu & Kashmir,5,JAMMU,JAMMU,JAMMU,Hazuribag,-,-,-,-,-,-,32.73805556,74.81416667,30-05-2021 08:00,7.7,427,"",0,170.8,"",49.63,"",19,"","","",150,24,21.8736,31.19,"","","","","","","","","","",""
948,Hore,CGWB,1,Jammu & Kashmir,7,KATHUA,HIRANAGAR,HIRANAGAR,Hore,-,-,-,-,-,-,32.42333333,75.29138889,30-05-2019 08:00,8.31,410,324,7,185,"",48,"","","","","",174,43,16,16,"","","","","","","","","","",""
949,Hore,CGWB,1,Jammu & Kashmir,7,KATHUA,HIRANAGAR,HIRANAGAR,Hore,-,-,-,-,-,-,32.42333333,75.29138889,30-05-2020 08:00,8.31,410,"","",185,"",48,"","","","","","",43,16,16,"","","","","","","","","","",""
950,Hore,CGWB,1,Jammu & Kashmir,7,KATHUA,HIRANAGAR,HIRANAGAR,Hore,-,-,-,-,-,-,32.42333333,75.29138889,30-05-2021 08:00,7.48,853,"",0,256.242,"",120.7,"",45.9,"","","",310,52,43.7832,53.7,"","","","","","","","","","",""
951,Ibrahim Colony,CGWB,1,Jammu & Kashmir,3,BARAMULA,SOPORE,SOPORE,Najar Mohalla,-,-,-,-,-,-,34.65027778,74.58861111,30-05-2019 08:00,8.87,510,210,14,159,"",82,"","","","","",206,22,37,58,"","","","","","","","","","",""
952,Ibrahim Colony,CGWB,1,Jammu & Kashmir,3,BARAMULA,SOPORE,SOPORE,Najar Mohalla,-,-,-,-,-,-,34.65027778,74.58861111,30-05-2020 08:00,8.87,510,"","",159,"",82,"","","","","","",22,37,58,"","","","","","","","","","",""
953,Jabah,CGWB,1,Jammu & Kashmir,12,RAJAURI,NOWSHEHRA,NOWSHEHRA,Jabah,-,-,-,-,-,-,33.06805556,74.33416667,25-05-2015 00:00,8.56,390,"",6,177,155.08,14,"",31,"","","",135,20,20.69,31,"",4.68,"","","","","","","","",""
954,Jabah,CGWB,1,Jammu & Kashmir,12,RAJAURI,NOWSHEHRA,NOWSHEHRA,Jabah,-,-,-,-,-,-,33.06805556,74.33416667,25-05-2016 00:00,7.46,330,171.6,0,140,"",14,"",28,"","","",125,14,22,20,"",0,"","","","","","","","",""
955,Jabah,CGWB,1,Jammu & Kashmir,12,RAJAURI,NOWSHEHRA,NOWSHEHRA,Jabah,-,-,-,-,-,-,33.06805556,74.33416667,30-05-2019 08:00,8.21,520,378,0,278,"",54,"","","","","",250,43,34,33,"","","","","","","","","","",""
956,Jabah,CGWB,1,Jammu & Kashmir,12,RAJAURI,NOWSHEHRA,NOWSHEHRA,Jabah,-,-,-,-,-,-,33.06805556,74.33416667,30-05-2020 08:00,8.21,520,"","",278,"",54,"","","","","","",43,34,33,"","","","","","","","","","",""
957,Jabah,CGWB,1,Jammu & Kashmir,12,RAJAURI,NOWSHEHRA,NOWSHEHRA,Jabah,-,-,-,-,-,-,33.06805556,74.33416667,30-05-2021 08:00,7.5,2280,"",0,317.2,"",404.13,"",191,"","","",630,88,99.6464,179.4,"","","","","","","","","","",""
958,Jagati,CGWB,1,Jammu & Kashmir,5,JAMMU,JAMMU,JAMMU,Jagati,-,-,-,-,-,-,32.80555556,74.89583333,25-05-2012 00:00,8.25,310,"",0,171,"",11,"",0,"","","",139,44,7.2,6.5,"",0.06,"","","","","","","","",""
959,Jagati,CGWB,1,Jammu & Kashmir,5,JAMMU,JAMMU,JAMMU,Jagati,-,-,-,-,-,-,32.80555556,74.89583333,25-05-2013 00:00,8.22,350,"",0,177,145.1,21,"",1,"","","",175,44,15.86,6.7,"",0.06,"","","","","","","","",""
960,Jagati,CGWB,1,Jammu & Kashmir,5,JAMMU,JAMMU,JAMMU,Jagati,-,-,-,-,-,-,32.80555556,74.89583333,25-05-2014 00:00,7.35,290,"",0,140,114.75,14,"",18,"","","",135,30,14.62,10,"",0.48,"","","","","","","","",""
961,Jagati,CGWB,1,Jammu & Kashmir,5,JAMMU,JAMMU,JAMMU,Jagati,-,-,-,-,-,-,32.80555556,74.89583333,25-05-2015 00:00,8.2,210,"",0,104,85.25,18,"",2,"","","",90,26,6.11,10,"",0.12,"","","","","","","","",""
962,Jagati,CGWB,1,Jammu & Kashmir,5,JAMMU,JAMMU,JAMMU,Jagati,-,-,-,-,-,-,32.80555556,74.89583333,25-05-2016 00:00,7.54,370,192.4,0,172,"",14,"",34.05813,"","","",180,48,15,6.3,"",0,"","","","","","","","",""
963,Jagati,CGWB,1,Jammu & Kashmir,5,JAMMU,JAMMU,JAMMU,Jagati,-,-,-,-,-,-,32.80555556,74.89583333,30-05-2021 08:00,7.91,160,"",0,42.714,"",10.635,"",19.2,"","","",40,10,3.6456,16.1,"","","","","","","","","","",""
964,Jallow,CGWB,1,Jammu & Kashmir,14,UDHAMPUR,RAMNAGAR,RAMNAGAR,Jallow,-,-,-,-,-,-,32.79583333,75.23166667,25-05-2014 00:00,7.2,430,"",0,171,140.16,32,"",39,"","","",150,30,18.27,32,"",0.08,"","","","","","","","",""
965,Jallow,CGWB,1,Jammu & Kashmir,14,UDHAMPUR,RAMNAGAR,RAMNAGAR,Jallow,-,-,-,-,-,-,32.79583333,75.23166667,25-05-2015 00:00,8.55,590,"",12,214,195.41,57,"",22,"","","",110,14,18.25,86,"",6.59,"","","","","","","","",""
966,Jallow,CGWB,1,Jammu & Kashmir,14,UDHAMPUR,RAMNAGAR,RAMNAGAR,Jallow,-,-,-,-,-,-,32.79583333,75.23166667,25-05-2016 00:00,7.59,410,213.2,0,439,"",32,"",21.629906,"","","",180,28,27,113,"",0.4,"","","","","","","","",""
967,Jallow,CGWB,1,Jammu & Kashmir,14,UDHAMPUR,RAMNAGAR,RAMNAGAR,Jallow,-,-,-,-,-,-,32.79583333,75.23166667,30-05-2019 08:00,7.79,460,432,0,318,"",14,"","","","","",174,39,18,64,"","","","","","","","","","",""
968,Jallow,CGWB,1,Jammu & Kashmir,14,UDHAMPUR,RAMNAGAR,RAMNAGAR,Jallow,-,-,-,-,-,-,32.79583333,75.23166667,30-05-2020 08:00,7.79,460,"","",318,"",14,"","","","","","",39,18,64,"","","","","","","","","","",""
969,Jallow,CGWB,1,Jammu & Kashmir,14,UDHAMPUR,RAMNAGAR,RAMNAGAR,Jallow,-,-,-,-,-,-,32.79583333,75.23166667,30-05-2021 08:00,7.58,2630,"",0,366.12,"",531.75,"",153.6,"","","",1040,212,123.9504,138,"","","","","","","","","","",""
970,Jambazpora,CGWB,1,Jammu & Kashmir,3,BARAMULA,BARAMULA,BARAMULA,Zambodzpora,-,-,-,-,-,-,34.21916667,74.36333333,25-05-2013 00:00,7.56,800,"",0,397,325.4,43,"",51,"","","",355,102,24.44,40,"",0.15,"","","","","","","","",""
971,Jambazpora,CGWB,1,Jammu & Kashmir,3,BARAMULA,BARAMULA,BARAMULA,Zambodzpora,-,-,-,-,-,-,34.21916667,74.36333333,25-05-2014 00:00,7.85,450,"",0,195,159.84,60,"",8,"","","",160,30,20.7,42,"",0.45,"","","","","","","","",""
972,Jambazpora,CGWB,1,Jammu & Kashmir,3,BARAMULA,BARAMULA,BARAMULA,Zambodzpora,-,-,-,-,-,-,34.21916667,74.36333333,25-05-2015 00:00,8.01,570,"",0,122,100,7,"",190,"","","",215,40,28.01,43,"",0.2,"","","","","","","","",""
973,Jambazpora,CGWB,1,Jammu & Kashmir,3,BARAMULA,BARAMULA,BARAMULA,Zambodzpora,-,-,-,-,-,-,34.21916667,74.36333333,30-05-2019 08:00,7.82,520,456,0,291,"",48,"","","","","",239,35,37,44,"","","","","","","","","","",""
974,Jambazpora,CGWB,1,Jammu & Kashmir,3,BARAMULA,BARAMULA,BARAMULA,Zambodzpora,-,-,-,-,-,-,34.21916667,74.36333333,30-05-2020 08:00,7.82,520,"","",291,"",48,"","","","","","",35,37,44,"","","","","","","","","","",""
975,Jambazpora,CGWB,1,Jammu & Kashmir,3,BARAMULA,BARAMULA,BARAMULA,Zambodzpora,-,-,-,-,-,-,34.21916667,74.36333333,30-05-2021 08:00,8.29,2340,"",0,385,"",290,"",10,"","","",530,72,85.12,72.22,"","","","","","","","","","",""
976,Jamral,CGWB,1,Jammu & Kashmir,7,KATHUA,KATHUA,KATHUA,Jamral,-,-,-,-,-,-,32.37083333,75.41250000,25-05-2000 00:00,8.14,315,"",0,165,"",14,"","","","","",155,38,14.63,"","","","","","","","","","","",""
977,Jamral,CGWB,1,Jammu & Kashmir,7,KATHUA,KATHUA,KATHUA,Jamral,-,-,-,-,-,-,32.37083333,75.41250000,25-05-2006 00:00,7.57,355,"",0,207,"",11,"","","","","",169,49,11.37,11,"","","","","","","","","","",""
978,Jamral,CGWB,1,Jammu & Kashmir,7,KATHUA,KATHUA,KATHUA,Jamral,-,-,-,-,-,-,32.37083333,75.41250000,25-05-2007 00:00,7.8,447,"",0,268,"",11,"","","","","",205,62,12.23,12,"","","","","","","","","","",""
979,Jandi,CGWB,1,Jammu & Kashmir,7,KATHUA,HIRANAGAR,HIRANAGAR,Jandi,-,-,-,-,-,-,32.46250000,75.24583333,25-05-2000 00:00,8.6,2140,"",12,275,"",146,"","","","","",570,82,88.84,"","","","","","","","","","","",""
980,Jandi,CGWB,1,Jammu & Kashmir,7,KATHUA,HIRANAGAR,HIRANAGAR,Jandi,-,-,-,-,-,-,32.46250000,75.24583333,25-05-2001 00:00,7.8,1501,"",0,415,"",64,"","","","","",475,134,34.2,45,"","","","","","","","","","",""
981,Jandi,CGWB,1,Jammu & Kashmir,7,KATHUA,HIRANAGAR,HIRANAGAR,Jandi,-,-,-,-,-,-,32.46250000,75.24583333,25-05-2002 00:00,7.5,1515,"",0,403,"",130,"","","","","",599,111,78.3,61,"",0.17,"","","","","","","","",""
982,Jandi,CGWB,1,Jammu & Kashmir,7,KATHUA,HIRANAGAR,HIRANAGAR,Jandi,-,-,-,-,-,-,32.46250000,75.24583333,25-05-2003 00:00,7.5,1790,"",0,500,"",110,"","","","","",696,156,74.59,70,"","","","","","","","","","",""
983,Jandi,CGWB,1,Jammu & Kashmir,7,KATHUA,HIRANAGAR,HIRANAGAR,Jandi,-,-,-,-,-,-,32.46250000,75.24583333,25-05-2004 00:00,7.55,1940,"",0,604,"",99,"","","","","",716,164,74.6,61,"","","","","","","","","","",""
984,Jandi,CGWB,1,Jammu & Kashmir,7,KATHUA,HIRANAGAR,HIRANAGAR,Jandi,-,-,-,-,-,-,32.46250000,75.24583333,25-05-2005 00:00,7.5,2210,"",0,647,"",141,"","","","","",788,230,52.07,55,"","","","","","","","","","",""
985,Jandi,CGWB,1,Jammu & Kashmir,7,KATHUA,HIRANAGAR,HIRANAGAR,Jandi,-,-,-,-,-,-,32.46250000,75.24583333,25-05-2006 00:00,7.57,424,"",0,177,"",25,"","","","","",189,51,15.01,18,"","","","","","","","","","",""
986,Jandi,CGWB,1,Jammu & Kashmir,7,KATHUA,HIRANAGAR,HIRANAGAR,Jandi,-,-,-,-,-,-,32.46250000,75.24583333,25-05-2007 00:00,8.35,347,"",12,79,"",32,"","","","","",155,28,20.7,20,"","","","","","","","","","",""
987,Jandi,CGWB,1,Jammu & Kashmir,7,KATHUA,HIRANAGAR,HIRANAGAR,Jandi,-,-,-,-,-,-,32.46250000,75.24583333,25-05-2008 00:00,7.45,2010,"",0,750,"",163,"",46,"","","",760,172,80.44,84,"",0.14,"","","","","","","","",""
988,Jandi,CGWB,1,Jammu & Kashmir,7,KATHUA,HIRANAGAR,HIRANAGAR,Jandi,-,-,-,-,-,-,32.46250000,75.24583333,25-05-2009 00:00,7.3,1680,"",0,445,"",92,"",172,"","","",590,78,96.13,74,"",0.08,"","","","","","","","",""
989,Jandi,CGWB,1,Jammu & Kashmir,7,KATHUA,HIRANAGAR,HIRANAGAR,Jandi,-,-,-,-,-,-,32.46250000,75.24583333,25-05-2010 00:00,8.25,1340,"",0,281,"",132,"",115,"","","",455,32,91.21,79,"","","","","","","","","","",""
990,Jandi,CGWB,1,Jammu & Kashmir,7,KATHUA,HIRANAGAR,HIRANAGAR,Jandi,-,-,-,-,-,-,32.46250000,75.24583333,25-05-2012 00:00,7.59,1335,"",0,531,"",78,"",60,"","","",948,70,188,58,"",0.13,"","","","","","","","",""
991,Jandi,CGWB,1,Jammu & Kashmir,7,KATHUA,HIRANAGAR,HIRANAGAR,Jandi,-,-,-,-,-,-,32.46250000,75.24583333,25-05-2013 00:00,7.96,1220,"",0,549,450,78,"",164,"","","",510,88,70.62,75,"",0.34,"","","","","","","","",""
992,Jandi,CGWB,1,Jammu & Kashmir,7,KATHUA,HIRANAGAR,HIRANAGAR,Jandi,-,-,-,-,-,-,32.46250000,75.24583333,25-05-2014 00:00,7.29,1540,"",0,207,169.67,64,"",291,"","","",265,34,43.81,96,"",0.1,"","","","","","","","",""
993,Jandi,CGWB,1,Jammu & Kashmir,7,KATHUA,HIRANAGAR,HIRANAGAR,Jandi,-,-,-,-,-,-,32.46250000,75.24583333,25-05-2015 00:00,8.26,1310,"",0,293,240.16,99.4,"",303,"","","",122,32,54,140,"","","","","","","","","","",""
994,Jandi,CGWB,1,Jammu & Kashmir,7,KATHUA,HIRANAGAR,HIRANAGAR,Jandi,-,-,-,-,-,-,32.46250000,75.24583333,25-05-2016 00:00,7.74,530,275.6,0,341.6,"",10.65,"",0,"","","",240,60.12,21.888,24.3,"",0.4,"","","","","","","","",""
995,Jandi,CGWB,1,Jammu & Kashmir,7,KATHUA,HIRANAGAR,HIRANAGAR,Jandi,-,-,-,-,-,-,32.46250000,75.24583333,30-05-2021 08:00,7.11,485,"",0,225.7,"",28.36,"",1.5,"","","",160,32,19.4432,36,"","","","","","","","","","",""
996,Jasath,CGWB,1,Jammu & Kashmir,7,KATHUA,HIRANAGAR,HIRANAGAR,Jasath,-,-,-,-,-,-,32.50416667,75.20277778,25-05-2013 00:00,8.02,570,"",0,281,230.3,28,"",31,"","","",240,54,25.59,33,"",0.21,"","","","","","","","",""
997,Jasath,CGWB,1,Jammu & Kashmir,7,KATHUA,HIRANAGAR,HIRANAGAR,Jasath,-,-,-,-,-,-,32.50416667,75.20277778,25-05-2014 00:00,8,630,"",0,372,304.92,32,"",0,"","","",250,54,28.03,43,"",0.1,"","","","","","","","",""
998,Jasath,CGWB,1,Jammu & Kashmir,7,KATHUA,HIRANAGAR,HIRANAGAR,Jasath,-,-,-,-,-,-,32.50416667,75.20277778,25-05-2015 00:00,7.96,440,"",0,171,140.16,35.5,"",11,"","","",175,42,17.07,23.2,"",0.5,"","","","","","","","",""
999,Jasath,CGWB,1,Jammu & Kashmir,7,KATHUA,HIRANAGAR,HIRANAGAR,Jasath,-,-,-,-,-,-,32.50416667,75.20277778,25-05-2016 00:00,7.57,610,317.2,0,298.9,"",63.9,"",22.327587,"","","",285,86.172,17.024,34.9,"",1.3,"","","","","","","","",""
1000,Jasath,CGWB,1,Jammu & Kashmir,7,KATHUA,HIRANAGAR,HIRANAGAR,Jasath,-,-,-,-,-,-,32.50416667,75.20277778,30-05-2019 08:00,8.05,540,834,0,358,"",27,"","","","","",293,57,37,33,"","","","","","","","","","",""
1001,Jasath,CGWB,1,Jammu & Kashmir,7,KATHUA,HIRANAGAR,HIRANAGAR,Jasath,-,-,-,-,-,-,32.50416667,75.20277778,30-05-2020 08:00,8.05,540,"","",358,"",27,"","","","","","",57,37,33,"","","","","","","","","","",""
1002,Jasath,CGWB,1,Jammu & Kashmir,7,KATHUA,HIRANAGAR,HIRANAGAR,Jasath,-,-,-,-,-,-,32.50416667,75.20277778,30-05-2021 08:00,7,1016,"",0,201.3,"",159.525,"",56,"","","",370,76,43.7472,37,"","","","","","","","","","",""
1003,Jaswan,CGWB,1,Jammu & Kashmir,5,JAMMU,JAMMU,JAMMU,Jaswan,-,-,-,-,-,-,32.79083333,74.72583333,25-05-2013 00:00,7.8,450,"",0,82,67.2,50,"",0,"","","",150,18,25.55,16,"",0.16,"","","","","","","","",""
1004,Jaswan,CGWB,1,Jammu & Kashmir,5,JAMMU,JAMMU,JAMMU,Jaswan,-,-,-,-,-,-,32.79083333,74.72583333,25-05-2015 00:00,8.2,300,"",0,143,117.21,7.1,"",27,"","","",150,26.1,20.64,4.2,"",0.17,"","","","","","","","",""
1005,Jaswan,CGWB,1,Jammu & Kashmir,5,JAMMU,JAMMU,JAMMU,Jaswan,-,-,-,-,-,-,32.79083333,74.72583333,25-05-2016 00:00,7.98,386,200.72,0,207.4,"",7.1,"",3.2337468,"","","",177.785,24.048,28.645311,5.5,"",0.13,"","","","","","","","",""
1006,Jaswan,CGWB,1,Jammu & Kashmir,5,JAMMU,JAMMU,JAMMU,Jaswan,-,-,-,-,-,-,32.79083333,74.72583333,30-05-2019 08:00,7.59,550,1260,0,384,"",14,"","","","","",380,91,37,19.7,"","","","","","","","","","",""
1007,Jaswan,CGWB,1,Jammu & Kashmir,5,JAMMU,JAMMU,JAMMU,Jaswan,-,-,-,-,-,-,32.79083333,74.72583333,30-05-2020 08:00,7.59,550,"","",384,"",14,"","","","","","",91,37,19.7,"","","","","","","","","","",""
1008,Jaswan,CGWB,1,Jammu & Kashmir,5,JAMMU,JAMMU,JAMMU,Jaswan,-,-,-,-,-,-,32.79083333,74.72583333,30-05-2021 08:00,7.8,570,"",0,73.224,"",85.08,"",48,"","","",200,44,21.8736,39.1,"","","","","","","","","","",""
1009,Jhakkar,CGWB,1,Jammu & Kashmir,14,UDHAMPUR,UDHAMPURR,UDHAMPURR,Jhakkar,-,-,-,-,-,-,32.94666667,75.12333333,25-05-2014 00:00,7.86,220,"",0,122,100,14,"",1,"","","",105,24,10.97,7,"",0.13,"","","","","","","","",""
1010,Jhakkar,CGWB,1,Jammu & Kashmir,14,UDHAMPUR,UDHAMPURR,UDHAMPURR,Jhakkar,-,-,-,-,-,-,32.94666667,75.12333333,25-05-2015 00:00,8.36,240,"",6,134,119.84,7,"",0,"","","",110,38,3.69,6.3,"",0.12,"","","","","","","","",""
1011,Jhakkar,CGWB,1,Jammu & Kashmir,14,UDHAMPUR,UDHAMPURR,UDHAMPURR,Jhakkar,-,-,-,-,-,-,32.94666667,75.12333333,30-05-2019 08:00,7.67,380,210,0,252,"",20,"","","","","",195,74,3,21,"","","","","","","","","","",""
1012,Jhakkar,CGWB,1,Jammu & Kashmir,14,UDHAMPUR,UDHAMPURR,UDHAMPURR,Jhakkar,-,-,-,-,-,-,32.94666667,75.12333333,30-05-2020 08:00,7.67,380,"","",252,"",20,"","","","","","",74,3,21,"","","","","","","","","","",""
1013,Jhakkar,CGWB,1,Jammu & Kashmir,14,UDHAMPUR,UDHAMPURR,UDHAMPURR,Jhakkar,-,-,-,-,-,-,32.94666667,75.12333333,30-05-2021 08:00,7.4,575,"",0,225.7,"",77.99,"",2,"","","",170,40,17.0128,45,"","","","","","","","","","",""
1014,Jhangar,CGWB,1,Jammu & Kashmir,12,RAJAURI,NOWSHEHRA,NOWSHEHRA,Jhangar,-,-,-,-,-,-,33.24166667,74.04722222,25-05-2000 00:00,7.49,420,"",0,244,"",10,"","","","","",210,60,14.66,"","","","","","","","","","","",""
1015,Jhangar,CGWB,1,Jammu & Kashmir,12,RAJAURI,NOWSHEHRA,NOWSHEHRA,Jhangar,-,-,-,-,-,-,33.24166667,74.04722222,25-05-2003 00:00,7.7,679,"",0,268,"",53,"","","","","",295,82,21.98,5.2,"","","","","","","","","","",""
1016,Jhangar,CGWB,1,Jammu & Kashmir,12,RAJAURI,NOWSHEHRA,NOWSHEHRA,Jhangar,-,-,-,-,-,-,33.24166667,74.04722222,25-05-2004 00:00,8.8,1376,"",18,317,"",163,"","","","","",135,20,20.69,250,"","","","","","","","","","",""
1017,Jhangar,CGWB,1,Jammu & Kashmir,12,RAJAURI,NOWSHEHRA,NOWSHEHRA,Jhangar,-,-,-,-,-,-,33.24166667,74.04722222,25-05-2005 00:00,7.83,762,"",0,269,"",60,"","","","","",340,32,63.25,23,"","","","","","","","","","",""
1018,Jhangar,CGWB,1,Jammu & Kashmir,12,RAJAURI,NOWSHEHRA,NOWSHEHRA,Jhangar,-,-,-,-,-,-,33.24166667,74.04722222,25-05-2006 00:00,8.35,1560,"",32,329,"",248,"","","","","",50,4,9.73,325,"","","","","","","","","","",""
1019,Jhangar,CGWB,1,Jammu & Kashmir,12,RAJAURI,NOWSHEHRA,NOWSHEHRA,Jhangar,-,-,-,-,-,-,33.24166667,74.04722222,25-05-2007 00:00,8.22,696,"",0,146,"",85,"","","","","",260,44,36.52,42,"","","","","","","","","","",""
1020,Jhangar,CGWB,1,Jammu & Kashmir,12,RAJAURI,NOWSHEHRA,NOWSHEHRA,Jhangar,-,-,-,-,-,-,33.24166667,74.04722222,25-05-2008 00:00,7.7,865,"",0,299,"",74,"",36,"","","",340,68,41.42,38,"",0.23,"","","","","","","","",""
1021,Jhangar,CGWB,1,Jammu & Kashmir,12,RAJAURI,NOWSHEHRA,NOWSHEHRA,Jhangar,-,-,-,-,-,-,33.24166667,74.04722222,25-05-2009 00:00,7.7,680,"",0,250,"",50,"",42,"","","",250,34,40.16,48,"",0.32,"","","","","","","","",""
1022,Jhangar,CGWB,1,Jammu & Kashmir,12,RAJAURI,NOWSHEHRA,NOWSHEHRA,Jhangar,-,-,-,-,-,-,33.24166667,74.04722222,25-05-2010 00:00,8.65,410,"",3,214,"",18,"",5,"","","",120,14,20.68,41,"",0.28,"","","","","","","","",""
1023,Jhangar,CGWB,1,Jammu & Kashmir,12,RAJAURI,NOWSHEHRA,NOWSHEHRA,Jhangar,-,-,-,-,-,-,33.24166667,74.04722222,25-05-2012 00:00,7.14,950,"",0,268,"",89,"",48,"","","",361,72,44,57,"","","","","","","","","","",""
1024,Jhangar,CGWB,1,Jammu & Kashmir,12,RAJAURI,NOWSHEHRA,NOWSHEHRA,Jhangar,-,-,-,-,-,-,33.24166667,74.04722222,25-05-2013 00:00,8.27,810,"",0,177,145.1,85,"",76,"","","",255,26,46.23,49,"","","","","","","","","","",""
1025,Jhangar,CGWB,1,Jammu & Kashmir,12,RAJAURI,NOWSHEHRA,NOWSHEHRA,Jhangar,-,-,-,-,-,-,33.24166667,74.04722222,25-05-2014 00:00,7.55,790,"",0,256,209.84,82,"",63,"","","",285,38,46.24,58,"",0.1,"","","","","","","","",""
1026,Jhangar,CGWB,1,Jammu & Kashmir,12,RAJAURI,NOWSHEHRA,NOWSHEHRA,Jhangar,-,-,-,-,-,-,33.24166667,74.04722222,25-05-2015 00:00,8.42,310,"",6,146,129.67,25,"",6,"","","",125,16,20.69,19,"",0.09,"","","","","","","","",""
1027,Jhangar,CGWB,1,Jammu & Kashmir,12,RAJAURI,NOWSHEHRA,NOWSHEHRA,Jhangar,-,-,-,-,-,-,33.24166667,74.04722222,25-05-2016 00:00,8.63,650,338,12,171,"",85,"",62,"","","",20,2,3.6,144,"",0,"","","","","","","","",""
1028,Jhangar,CGWB,1,Jammu & Kashmir,12,RAJAURI,NOWSHEHRA,NOWSHEHRA,Jhangar,-,-,-,-,-,-,33.24166667,74.04722222,30-05-2019 08:00,8.25,580,252,0,318,"",75,"","","","","",304,26,58,58,"","","","","","","","","","",""
1029,Jhangar,CGWB,1,Jammu & Kashmir,12,RAJAURI,NOWSHEHRA,NOWSHEHRA,Jhangar,-,-,-,-,-,-,33.24166667,74.04722222,30-05-2020 08:00,8.25,580,"","",318,"",75,"","","","","","",26,58,58,"","","","","","","","","","",""
1030,Jhangar,CGWB,1,Jammu & Kashmir,12,RAJAURI,NOWSHEHRA,NOWSHEHRA,Jhangar,-,-,-,-,-,-,33.24166667,74.04722222,30-05-2021 08:00,7.7,1400,"",0,420.9,"",85.08,"",148,"","","",390,88,41.3168,81,"","","","","","","","","","",""
1031,Jhiri,CGWB,1,Jammu & Kashmir,5,JAMMU,JAMMU,JAMMU,Jhiri,-,-,-,-,-,-,32.82500000,74.73750000,25-05-2000 00:00,8.05,496,"",0,270,"",14,"","","","","",247,65,20.62,9,"","","","","","","","","","",""
1032,Jhiri,CGWB,1,Jammu & Kashmir,5,JAMMU,JAMMU,JAMMU,Jhiri,-,-,-,-,-,-,32.82500000,74.73750000,25-05-2001 00:00,7.62,447,"",0,247,"",10,"","","","","",275,72,23.19,6.6,"","","","","","","","","","",""
1033,Jhiri,CGWB,1,Jammu & Kashmir,5,JAMMU,JAMMU,JAMMU,Jhiri,-,-,-,-,-,-,32.82500000,74.73750000,25-05-2002 00:00,7.8,534,"",0,245,"",17,"","","","","",245,62,21.96,7,"",0.04,"","","","","","","","",""
1034,Jhiri,CGWB,1,Jammu & Kashmir,5,JAMMU,JAMMU,JAMMU,Jhiri,-,-,-,-,-,-,32.82500000,74.73750000,25-05-2003 00:00,8.35,495,"",30,177,"",14,"","","","","",245,62,21.96,6.8,"","","","","","","","","","",""
1035,Jhiri,CGWB,1,Jammu & Kashmir,5,JAMMU,JAMMU,JAMMU,Jhiri,-,-,-,-,-,-,32.82500000,74.73750000,25-05-2004 00:00,7.95,585,"",0,238,"",12,"","","","","",245,82,9.82,6,"","","","","","","","","","",""
1036,Jhiri,CGWB,1,Jammu & Kashmir,5,JAMMU,JAMMU,JAMMU,Jhiri,-,-,-,-,-,-,32.82500000,74.73750000,25-05-2005 00:00,8.1,480,"",0,230,"",15,"","","","","",240,58,23.17,6,"","","","","","","","","","",""
1037,Jhiri,CGWB,1,Jammu & Kashmir,5,JAMMU,JAMMU,JAMMU,Jhiri,-,-,-,-,-,-,32.82500000,74.73750000,25-05-2006 00:00,7.9,485,"",0,293,"",14,"","","","","",275,78,19.55,5.2,"","","","","","","","","","",""
1038,Jhiri,CGWB,1,Jammu & Kashmir,5,JAMMU,JAMMU,JAMMU,Jhiri,-,-,-,-,-,-,32.82500000,74.73750000,25-05-2007 00:00,8.15,473,"",0,250,"",21,"","","","","",250,56,26.81,9.5,"","","","","","","","","","",""
1039,Jhiri,CGWB,1,Jammu & Kashmir,5,JAMMU,JAMMU,JAMMU,Jhiri,-,-,-,-,-,-,32.82500000,74.73750000,25-05-2008 00:00,7.55,537,"",0,256,"",14,"",32,"","","",250,62,23.17,8,"",0.35,"","","","","","","","",""
1040,Jhiri,CGWB,1,Jammu & Kashmir,5,JAMMU,JAMMU,JAMMU,Jhiri,-,-,-,-,-,-,32.82500000,74.73750000,25-05-2009 00:00,7.7,530,"",0,250,"",11,"",32,"","","",245,35,38.34,6.5,"",0.11,"","","","","","","","",""
1041,Jhiri,CGWB,1,Jammu & Kashmir,5,JAMMU,JAMMU,JAMMU,Jhiri,-,-,-,-,-,-,32.82500000,74.73750000,25-05-2010 00:00,8.85,260,"",12,116,"",11,"",8,"","","",125,20,18.26,6.4,"",0.24,"","","","","","","","",""
1042,Jhiri,CGWB,1,Jammu & Kashmir,5,JAMMU,JAMMU,JAMMU,Jhiri,-,-,-,-,-,-,32.82500000,74.73750000,25-05-2012 00:00,7.54,520,"",0,281,"",7.1,"",22,"","","",253,70,19,6.8,"",0.17,"","","","","","","","",""
1043,Jhiri,CGWB,1,Jammu & Kashmir,5,JAMMU,JAMMU,JAMMU,Jhiri,-,-,-,-,-,-,32.82500000,74.73750000,25-05-2013 00:00,8.45,310,"",12,104,105.3,14,"",32,"","","",150,24,21.91,5.9,"",0.04,"","","","","","","","",""
1044,Jhiri,CGWB,1,Jammu & Kashmir,5,JAMMU,JAMMU,JAMMU,Jhiri,-,-,-,-,-,-,32.82500000,74.73750000,25-05-2014 00:00,7.18,300,"",0,147,120.49,11,"",15,"","","",130,20,19.47,6.7,"",0.35,"","","","","","","","",""
1045,Jhiri,CGWB,1,Jammu & Kashmir,5,JAMMU,JAMMU,JAMMU,Jhiri,-,-,-,-,-,-,32.82500000,74.73750000,25-05-2015 00:00,8,440,"",0,195,159.84,18,"",49,"","","",210,30.1,32.8,9.7,"",0.12,"","","","","","","","",""
1046,Jhiri,CGWB,1,Jammu & Kashmir,5,JAMMU,JAMMU,JAMMU,Jhiri,-,-,-,-,-,-,32.82500000,74.73750000,25-05-2016 00:00,8.46,529,275.08,60,237.9,"",3.55,"",0,"","","",278.69,80.16,19.137407,7.03,"",0,"","","","","","","","",""
1047,Jindore,CGWB,1,Jammu & Kashmir,7,KATHUA,HIRANAGAR,HIRANAGAR,Jindore,-,-,-,-,-,-,32.39277778,75.59750000,30-05-2019 08:00,8.24,490,156,0,238,"",20,"","","","","",206,70,8,25,"","","","","","","","","","",""
1048,Jindore,CGWB,1,Jammu & Kashmir,7,KATHUA,HIRANAGAR,HIRANAGAR,Jindore,-,-,-,-,-,-,32.39277778,75.59750000,30-05-2020 08:00,8.24,490,"","",238,"",20,"","","","","","",70,8,25,"","","","","","","","","","",""
1049,Jindore,CGWB,1,Jammu & Kashmir,7,KATHUA,HIRANAGAR,HIRANAGAR,Jindore,-,-,-,-,-,-,32.39277778,75.59750000,30-05-2021 08:00,7.23,2360,"",0,323.406,"",418.31,"",220.8,"","","",610,144,60.76,276,"","","","","","","","","","",""
1050,Jindrah,CGWB,1,Jammu & Kashmir,5,JAMMU,JAMMU,JAMMU,Jindrah,-,-,-,-,-,-,32.81305556,75.08583333,25-05-2000 00:00,7.85,520,"",0,232,"",38,"","","","","",185,40,20.71,"","","","","","","","","","","",""
1051,Jindrah,CGWB,1,Jammu & Kashmir,5,JAMMU,JAMMU,JAMMU,Jindrah,-,-,-,-,-,-,32.81305556,75.08583333,25-05-2001 00:00,7.18,638,"",0,369,"",45,"","","","","",316,82,27.09,30,"","","","","","","","","","",""
1052,Jindrah,CGWB,1,Jammu & Kashmir,5,JAMMU,JAMMU,JAMMU,Jindrah,-,-,-,-,-,-,32.81305556,75.08583333,25-05-2003 00:00,7.7,510,"",0,228,"",32,"","","","","",155,36,15.85,42,"","","","","","","","","","",""
1053,Jindrah,CGWB,1,Jammu & Kashmir,5,JAMMU,JAMMU,JAMMU,Jindrah,-,-,-,-,-,-,32.81305556,75.08583333,25-05-2004 00:00,7.45,900,"",0,482,"",7,"","","","","",215,14,43.78,93,"","","","","","","","","","",""
1054,Jindrah,CGWB,1,Jammu & Kashmir,5,JAMMU,JAMMU,JAMMU,Jindrah,-,-,-,-,-,-,32.81305556,75.08583333,25-05-2005 00:00,7.66,1100,"",0,527,"",46,"","","","","",520,96,68.19,33,"","","","","","","","","","",""
1055,Jindrah,CGWB,1,Jammu & Kashmir,5,JAMMU,JAMMU,JAMMU,Jindrah,-,-,-,-,-,-,32.81305556,75.08583333,25-05-2006 00:00,8.1,470,"",0,183,"",50,"","","","","",155,22,24.34,26,"","","","","","","","","","",""
1056,Jindrah,CGWB,1,Jammu & Kashmir,5,JAMMU,JAMMU,JAMMU,Jindrah,-,-,-,-,-,-,32.81305556,75.08583333,25-05-2007 00:00,7.48,726,"",0,323,"",67,"","","","","",300,80,24.41,28,"","","","","","","","","","",""
1057,Jindrah,CGWB,1,Jammu & Kashmir,5,JAMMU,JAMMU,JAMMU,Jindrah,-,-,-,-,-,-,32.81305556,75.08583333,25-05-2008 00:00,8,630,"",0,226,"",43,"",65,"","","",215,42,26.8,42,"",0.37,"","","","","","","","",""
1058,Jindrah,CGWB,1,Jammu & Kashmir,5,JAMMU,JAMMU,JAMMU,Jindrah,-,-,-,-,-,-,32.81305556,75.08583333,25-05-2010 00:00,8.16,340,"",0,153,"",39,"",0,"","","",140,18,23.12,10,"",7.6,"","","","","","","","",""
1059,Jindrah,CGWB,1,Jammu & Kashmir,5,JAMMU,JAMMU,JAMMU,Jindrah,-,-,-,-,-,-,32.81305556,75.08583333,25-05-2012 00:00,7.55,820,"",0,366,"",48,"",22,"","","",310,88,22,31,"",0.94,"","","","","","","","",""
1060,Jindrah,CGWB,1,Jammu & Kashmir,5,JAMMU,JAMMU,JAMMU,Jindrah,-,-,-,-,-,-,32.81305556,75.08583333,25-05-2014 00:00,7.01,650,"",0,177,145.08,82,"",69,"","","",180,22,30.42,57,"",1.01,"","","","","","","","",""
1061,Jindrah,CGWB,1,Jammu & Kashmir,5,JAMMU,JAMMU,JAMMU,Jindrah,-,-,-,-,-,-,32.81305556,75.08583333,25-05-2015 00:00,8.21,470,"",0,134,109.84,22,"",21,"","","",165,30,21.92,30,"",2.64,"","","","","","","","",""
1062,Jindrah,CGWB,1,Jammu & Kashmir,5,JAMMU,JAMMU,JAMMU,Jindrah,-,-,-,-,-,-,32.81305556,75.08583333,25-05-2016 00:00,7.05,400,208,0,433,"",43,"",7.869241,"","","",165,28,23,118,"",3.42,"","","","","","","","",""
1063,Jindrah,CGWB,1,Jammu & Kashmir,5,JAMMU,JAMMU,JAMMU,Jindrah,-,-,-,-,-,-,32.81305556,75.08583333,30-05-2019 08:00,8.45,1950,402,14,781,"",354,"","","","","",217,22,40,450,"","","","","","","","","","",""
1064,Jindrah,CGWB,1,Jammu & Kashmir,5,JAMMU,JAMMU,JAMMU,Jindrah,-,-,-,-,-,-,32.81305556,75.08583333,30-05-2020 08:00,8.45,1950,"","",781,"",354,"","","","","","",22,40,450,"","","","","","","","","","",""
1065,Jogwan,CGWB,1,Jammu & Kashmir,5,JAMMU,AKHNOOR,AKHNOOR,Jogwan,-,-,-,-,-,-,32.93388889,74.44194444,25-05-2013 00:00,8.05,420,"",0,189,154.9,25,"",2,"","","",195,58,12,13,"",0.01,"","","","","","","","",""
1066,Jogwan,CGWB,1,Jammu & Kashmir,5,JAMMU,AKHNOOR,AKHNOOR,Jogwan,-,-,-,-,-,-,32.93388889,74.44194444,25-05-2015 00:00,8.2,430,"",0,134,109.84,25,"",22,"","","",145,"",35.25,"","","","","","","","","","","",""
1067,Jogwan,CGWB,1,Jammu & Kashmir,5,JAMMU,AKHNOOR,AKHNOOR,Jogwan,-,-,-,-,-,-,32.93388889,74.44194444,25-05-2016 00:00,8.28,298,154.96,0,115.9,"",24.85,"",38.04502,"","","",110.515,32.064,7.421248,24.4,"",6.75,"","","","","","","","",""
1068,Jogwan,CGWB,1,Jammu & Kashmir,5,JAMMU,AKHNOOR,AKHNOOR,Jogwan,-,-,-,-,-,-,32.93388889,74.44194444,30-05-2019 08:00,7.03,430,240,0,278,"",20,"","","","","",250,48,32,15.8,"","","","","","","","","","",""
1069,Jogwan,CGWB,1,Jammu & Kashmir,5,JAMMU,AKHNOOR,AKHNOOR,Jogwan,-,-,-,-,-,-,32.93388889,74.44194444,30-05-2020 08:00,7.03,430,"","",278,"",20,"","","","","","",48,32,15.8,"","","","","","","","","","",""
1070,Jogwan,CGWB,1,Jammu & Kashmir,5,JAMMU,AKHNOOR,AKHNOOR,Jogwan,-,-,-,-,-,-,32.93388889,74.44194444,30-05-2021 08:00,7.5,245,"",0,85.4,"",14.18,"",28,"","","",110,16,17.0128,5,"","","","","","","","","","",""
1071,Jourian,CGWB,1,Jammu & Kashmir,5,JAMMU,AKHNOOR,AKHNOOR,Jourian,-,-,-,-,-,-,32.83333333,74.57500000,25-05-2000 00:00,7.75,1080,"",0,534,"",90,"","","","","",423,124,27.62,44,"","","","","","","","","","",""
1072,Jourian,CGWB,1,Jammu & Kashmir,5,JAMMU,AKHNOOR,AKHNOOR,Jourian,-,-,-,-,-,-,32.83333333,74.57500000,25-05-2001 00:00,7.25,560,"",0,228,"",31,"","","","","",320,94,20.78,6.4,"","","","","","","","","","",""
1073,Jourian,CGWB,1,Jammu & Kashmir,5,JAMMU,AKHNOOR,AKHNOOR,Jourian,-,-,-,-,-,-,32.83333333,74.57500000,25-05-2003 00:00,7.4,685,"",0,220,"",43,"","","","","",270,76,19.54,30,"","","","","","","","","","",""
1074,Jourian,CGWB,1,Jammu & Kashmir,5,JAMMU,AKHNOOR,AKHNOOR,Jourian,-,-,-,-,-,-,32.83333333,74.57500000,25-05-2005 00:00,7.35,700,"",0,275,"",43,"","","","","",303,94,16.65,22,"","","","","","","","","","",""
1075,Jourian,CGWB,1,Jammu & Kashmir,5,JAMMU,AKHNOOR,AKHNOOR,Jourian,-,-,-,-,-,-,32.83333333,74.57500000,25-05-2007 00:00,8.05,846,"",0,281,"",96,"","","","","",220,46,25.58,78,"","","","","","","","","","",""
1076,Jourian,CGWB,1,Jammu & Kashmir,5,JAMMU,AKHNOOR,AKHNOOR,Jourian,-,-,-,-,-,-,32.83333333,74.57500000,25-05-2008 00:00,7.58,651,"",0,281,"",32,"",15,"","","",295,86,19.56,10,"",0.4,"","","","","","","","",""
1077,Jourian,CGWB,1,Jammu & Kashmir,5,JAMMU,AKHNOOR,AKHNOOR,Jourian,-,-,-,-,-,-,32.83333333,74.57500000,25-05-2009 00:00,7.4,790,"",0,397,"",28,"",0,"","","",260,14,54.72,30,"",1.72,"","","","","","","","",""
1078,Jourian,CGWB,1,Jammu & Kashmir,5,JAMMU,AKHNOOR,AKHNOOR,Jourian,-,-,-,-,-,-,32.83333333,74.57500000,25-05-2010 00:00,7.85,700,"",0,366,"",35,"",12,"","","",275,86,14.69,34,"",0.1,"","","","","","","","",""
1079,Jourian,CGWB,1,Jammu & Kashmir,5,JAMMU,AKHNOOR,AKHNOOR,Jourian,-,-,-,-,-,-,32.83333333,74.57500000,25-05-2012 00:00,7.62,550,"",0,140,"",57,"",45,"","","",220,60,17,24,"",0.19,"","","","","","","","",""
1080,Jourian,CGWB,1,Jammu & Kashmir,5,JAMMU,AKHNOOR,AKHNOOR,Jourian,-,-,-,-,-,-,32.83333333,74.57500000,25-05-2013 00:00,8.26,580,"",0,177,145.1,53,"",47,"","","",190,48,17.08,46,"",0.26,"","","","","","","","",""
1081,Jourian,CGWB,1,Jammu & Kashmir,5,JAMMU,AKHNOOR,AKHNOOR,Jourian,-,-,-,-,-,-,32.83333333,74.57500000,25-05-2014 00:00,7.76,380,"",0,86,70.49,18,"",58,"","","",110,16,17.04,33,"",0.66,"","","","","","","","",""
1082,Jourian,CGWB,1,Jammu & Kashmir,5,JAMMU,AKHNOOR,AKHNOOR,Jourian,-,-,-,-,-,-,32.83333333,74.57500000,25-05-2015 00:00,8.1,920,"",0,116,95.08,64,"",149,"","","",478,48.1,87.04,67.4,"",0.11,"","","","","","","","",""
1083,Jourian,CGWB,1,Jammu & Kashmir,5,JAMMU,AKHNOOR,AKHNOOR,Jourian,-,-,-,-,-,-,32.83333333,74.57500000,25-05-2016 00:00,8.2,433,225.16,0,134.2,"",63.9,"",10.206564,"","","",177.785,40.08,18.917313,30.23,"",0,"","","","","","","","",""
1084,Jourian,CGWB,1,Jammu & Kashmir,5,JAMMU,AKHNOOR,AKHNOOR,Jourian,-,-,-,-,-,-,32.83333333,74.57500000,30-05-2019 08:00,7.75,500,432,0,172,"",54,"","","","","",250,39,37,36.1,"","","","","","","","","","",""
1085,Jourian,CGWB,1,Jammu & Kashmir,5,JAMMU,AKHNOOR,AKHNOOR,Jourian,-,-,-,-,-,-,32.83333333,74.57500000,30-05-2020 08:00,7.75,500,"","",172,"",54,"","","","","","",39,37,36.1,"","","","","","","","","","",""
1086,Jourian,CGWB,1,Jammu & Kashmir,5,JAMMU,AKHNOOR,AKHNOOR,Jourian,-,-,-,-,-,-,32.83333333,74.57500000,30-05-2021 08:00,7.43,1736,"",0,164.7,"",322.595,"",271,"","","",440,108,41.3168,180,"","","","","","","","","","",""
1087,Kachrial,CGWB,1,Jammu & Kashmir,5,JAMMU,AKHNOOR,AKHNOOR,Kachrial,-,-,-,-,-,-,32.86555556,74.47166667,25-05-2013 00:00,7.78,690,"",0,132,108.2,25,"",57,"","","",200,70,18,10,"",0.2,"","","","","","","","",""
1088,Kachrial,CGWB,1,Jammu & Kashmir,5,JAMMU,AKHNOOR,AKHNOOR,Kachrial,-,-,-,-,-,-,32.86555556,74.47166667,25-05-2014 00:00,8.03,270,"",0,128,104.92,11,"",26,"","","",135,26,17.05,9.8,"",0.1,"","","","","","","","",""
1089,Kachrial,CGWB,1,Jammu & Kashmir,5,JAMMU,AKHNOOR,AKHNOOR,Kachrial,-,-,-,-,-,-,32.86555556,74.47166667,25-05-2015 00:00,8.11,300,"",0,116,95.08,7.1,"",46,"","","",140,28.1,16.99,6.5,"",1.62,"","","","","","","","",""
1090,Kachrial,CGWB,1,Jammu & Kashmir,5,JAMMU,AKHNOOR,AKHNOOR,Kachrial,-,-,-,-,-,-,32.86555556,74.47166667,25-05-2016 00:00,8.16,303,157.56,0,97.6,"",7.1,"",71.422,"","","",172.98,38.076,18.964737,7.9,"",1.37,"","","","","","","","",""
1091,Kachrial,CGWB,1,Jammu & Kashmir,5,JAMMU,AKHNOOR,AKHNOOR,Kachrial,-,-,-,-,-,-,32.86555556,74.47166667,30-05-2019 08:00,6.75,410,438,0,265,"",14,"","","","","",228,52,24,7.2,"","","","","","","","","","",""
1092,Kachrial,CGWB,1,Jammu & Kashmir,5,JAMMU,AKHNOOR,AKHNOOR,Kachrial,-,-,-,-,-,-,32.86555556,74.47166667,30-05-2020 08:00,6.75,410,"","",265,"",14,"","","","","","",52,24,7.2,"","","","","","","","","","",""
1093,Kachrial,CGWB,1,Jammu & Kashmir,5,JAMMU,AKHNOOR,AKHNOOR,Kachrial,-,-,-,-,-,-,32.86555556,74.47166667,30-05-2021 08:00,7.74,2680,"",0,805.2,"",368.68,"",132,"","","",750,172,77.7728,286,"","","","","","","","","","",""
1094,Kah Pahuta,CGWB,1,Jammu & Kashmir,5,JAMMU,JAMMU,JAMMU,Kah Pahuta,-,-,-,-,-,-,32.83444444,75.04166667,25-05-2014 00:00,7.41,380,"",0,153,125.41,25,"",30,"","","",115,24,13.4,35,"",0.48,"","","","","","","","",""
1095,Kah Pahuta,CGWB,1,Jammu & Kashmir,5,JAMMU,JAMMU,JAMMU,Kah Pahuta,-,-,-,-,-,-,32.83444444,75.04166667,25-05-2015 00:00,8.39,280,"",30,79,114.75,21,"",21,"","","",95,24,8.54,21,"",0.21,"","","","","","","","",""
1096,Kah Pahuta,CGWB,1,Jammu & Kashmir,5,JAMMU,JAMMU,JAMMU,Kah Pahuta,-,-,-,-,-,-,32.83444444,75.04166667,30-05-2019 08:00,7.99,400,216,0,252,"",20,"","","","","",228,57,21,28,"","","","","","","","","","",""
1097,Kah Pahuta,CGWB,1,Jammu & Kashmir,5,JAMMU,JAMMU,JAMMU,Kah Pahuta,-,-,-,-,-,-,32.83444444,75.04166667,30-05-2020 08:00,7.99,400,"","",252,"",20,"","","","","","",57,21,28,"","","","","","","","","","",""
1098,Kah Pahuta,CGWB,1,Jammu & Kashmir,5,JAMMU,JAMMU,JAMMU,Kah Pahuta,-,-,-,-,-,-,32.83444444,75.04166667,30-05-2021 08:00,7.3,2580,"",0,488,"",404.13,"",186,"","","",650,132,77.7728,245.1,"","","","","","","","","","",""
1099,Kainthpur,CGWB,1,Jammu & Kashmir,5,JAMMU,SAMBA,SAMBA,Kainthpur,-,-,-,-,-,-,32.58750000,74.97500000,25-05-2000 00:00,7.7,480,"",0,252,"",17,"","","","","",200,57,14.05,23,"","","","","","","","","","",""
1100,Kainthpur,CGWB,1,Jammu & Kashmir,5,JAMMU,SAMBA,SAMBA,Kainthpur,-,-,-,-,-,-,32.58750000,74.97500000,25-05-2001 00:00,7.85,457,"",0,234,"",14,"","","","","",195,52,15.87,25,"","","","","","","","","","",""
1101,Kainthpur,CGWB,1,Jammu & Kashmir,5,JAMMU,SAMBA,SAMBA,Kainthpur,-,-,-,-,-,-,32.58750000,74.97500000,25-05-2002 00:00,7.6,419,"",0,226,"",18,"","","","","",198,60,11.74,21,"",0.25,"","","","","","","","",""
1102,Kainthpur,CGWB,1,Jammu & Kashmir,5,JAMMU,SAMBA,SAMBA,Kainthpur,-,-,-,-,-,-,32.58750000,74.97500000,25-05-2003 00:00,7.4,455,"",0,226,"",11,"","","","","",185,58,9.8,18,"","","","","","","","","","",""
1103,Kainthpur,CGWB,1,Jammu & Kashmir,5,JAMMU,SAMBA,SAMBA,Kainthpur,-,-,-,-,-,-,32.58750000,74.97500000,25-05-2004 00:00,7.45,500,"",0,238,"",14,"","","","","",180,68,2.51,21,"","","","","","","","","","",""
1104,Kainthpur,CGWB,1,Jammu & Kashmir,5,JAMMU,SAMBA,SAMBA,Kainthpur,-,-,-,-,-,-,32.58750000,74.97500000,25-05-2005 00:00,7.7,625,"",0,372,"",14,"","","","","",294,106,7.18,13,"","","","","","","","","","",""
1105,Kainthpur,CGWB,1,Jammu & Kashmir,5,JAMMU,SAMBA,SAMBA,Kainthpur,-,-,-,-,-,-,32.58750000,74.97500000,25-05-2006 00:00,7.45,342,"",0,207,"",11,"","","","","",158,39,14.76,15,"","","","","","","","","","",""
1106,Kainthpur,CGWB,1,Jammu & Kashmir,5,JAMMU,SAMBA,SAMBA,Kainthpur,-,-,-,-,-,-,32.58750000,74.97500000,25-05-2007 00:00,7.7,485,"",0,226,"",35,"","","","","",200,52,17.08,21,"","","","","","","","","","",""
1107,Kainthpur,CGWB,1,Jammu & Kashmir,5,JAMMU,SAMBA,SAMBA,Kainthpur,-,-,-,-,-,-,32.58750000,74.97500000,25-05-2008 00:00,7.52,660,"",0,354,"",25,"",6,"","","",285,74,24.4,22,"",0.23,"","","","","","","","",""
1108,Kainthpur,CGWB,1,Jammu & Kashmir,5,JAMMU,SAMBA,SAMBA,Kainthpur,-,-,-,-,-,-,32.58750000,74.97500000,25-05-2009 00:00,7.42,585,"",0,342,"",11,"",0,"","","",270,98,6.2,15,"",0.37,"","","","","","","","",""
1109,Kainthpur,CGWB,1,Jammu & Kashmir,5,JAMMU,SAMBA,SAMBA,Kainthpur,-,-,-,-,-,-,32.58750000,74.97500000,25-05-2010 00:00,8.4,220,"",6,98,"",14,"",6,"","","",90,20,9.75,13,"","","","","","","","","","",""
1110,Kainthpur,CGWB,1,Jammu & Kashmir,5,JAMMU,SAMBA,SAMBA,Kainthpur,-,-,-,-,-,-,32.58750000,74.97500000,25-05-2012 00:00,7.42,480,"",0,305,"",14,"",0,"","","",254,82,12,12,"",0.24,"","","","","","","","",""
1111,Kainthpur,CGWB,1,Jammu & Kashmir,5,JAMMU,SAMBA,SAMBA,Kainthpur,-,-,-,-,-,-,32.58750000,74.97500000,25-05-2013 00:00,8.07,270,"",0,128,104.9,21,"",0,"","","",120,20,17.04,8.8,"",0.46,"","","","","","","","",""
1112,Kainthpur,CGWB,1,Jammu & Kashmir,5,JAMMU,SAMBA,SAMBA,Kainthpur,-,-,-,-,-,-,32.58750000,74.97500000,25-05-2014 00:00,7.45,490,"",0,263,215.57,21,"",8,"","","",195,30,29.21,25,"",0.72,"","","","","","","","",""
1113,Kainthpur,CGWB,1,Jammu & Kashmir,5,JAMMU,SAMBA,SAMBA,Kainthpur,-,-,-,-,-,-,32.58750000,74.97500000,25-05-2015 00:00,8.35,2100,"",200,506,748.09,234.3,"",150,"","","",530,88,75.48,255,"","","","","","","","","","",""
1114,Kainthpur,CGWB,1,Jammu & Kashmir,5,JAMMU,SAMBA,SAMBA,Kainthpur,-,-,-,-,-,-,32.58750000,74.97500000,25-05-2016 00:00,7.6,610,317.2,0,335.5,"",10.65,"",0,"","","",250,26.052,44.992,16.6,"",0.13,"","","","","","","","",""
1115,Kainthpur,CGWB,1,Jammu & Kashmir,5,JAMMU,SAMBA,SAMBA,Kainthpur,-,-,-,-,-,-,32.58750000,74.97500000,30-05-2019 08:00,8.06,240,240,0,146,"",14,"","","","","",119,22,16,12,"","","","","","","","","","",""
1116,Kainthpur,CGWB,1,Jammu & Kashmir,5,JAMMU,SAMBA,SAMBA,Kainthpur,-,-,-,-,-,-,32.58750000,74.97500000,30-05-2020 08:00,8.06,240,"","",146,"",14,"","","","","","",22,16,12,"","","","","","","","","","",""
1117,Kainthpur,CGWB,1,Jammu & Kashmir,5,JAMMU,SAMBA,SAMBA,Kainthpur,-,-,-,-,-,-,32.58750000,74.97500000,30-05-2021 08:00,7.6,729,"",0,67.1,"",155.98,"",56,"","","",120,20,17.0128,86.1,"","","","","","","","","","",""
1118,Kalah,CGWB,1,Jammu & Kashmir,5,JAMMU,AKHNOOR,AKHNOOR,Kalah,-,-,-,-,-,-,32.91111111,74.47472222,25-05-2013 00:00,7.95,510,"",0,213,174.6,28,"",3,"","","",200,80,"",14,"",0.02,"","","","","","","","",""
1119,Kalah,CGWB,1,Jammu & Kashmir,5,JAMMU,AKHNOOR,AKHNOOR,Kalah,-,-,-,-,-,-,32.91111111,74.47472222,25-05-2015 00:00,8.04,770,"",0,171,140.16,64,"",74,"","","",215,26.1,37,70,"",0.12,"","","","","","","","",""
1120,Kalah,CGWB,1,Jammu & Kashmir,5,JAMMU,AKHNOOR,AKHNOOR,Kalah,-,-,-,-,-,-,32.91111111,74.47472222,25-05-2016 00:00,8.24,266,138.32,0,140.3,"",17.75,"",44.852,"","","",168.175,30.06,22.66016,8.1,"",0,"","","","","","","","",""
1121,Kalah,CGWB,1,Jammu & Kashmir,5,JAMMU,AKHNOOR,AKHNOOR,Kalah,-,-,-,-,-,-,32.91111111,74.47472222,30-05-2019 08:00,6.92,400,162,0,278,"",14,"","","","","",293,52,40,6.1,"","","","","","","","","","",""
1122,Kalah,CGWB,1,Jammu & Kashmir,5,JAMMU,AKHNOOR,AKHNOOR,Kalah,-,-,-,-,-,-,32.91111111,74.47472222,30-05-2020 08:00,6.92,400,"","",278,"",14,"","","","","","",52,40,6.1,"","","","","","","","","","",""
1123,Kalah,CGWB,1,Jammu & Kashmir,5,JAMMU,AKHNOOR,AKHNOOR,Kalah,-,-,-,-,-,-,32.91111111,74.47472222,30-05-2021 08:00,7.48,2450,"",0,549,"",354.5,"",52,"","","",560,104,72.912,157,"","","","","","","","","","",""
1124,Kalal,CGWB,1,Jammu & Kashmir,12,RAJAURI,NOWSHEHRA,NOWSHEHRA,Kalal,-,-,-,-,-,-,33.08055556,74.23333333,25-05-2000 00:00,7.65,409,"",0,214,"",14,"","","","","",175,44,15.86,"","","","","","","","","","","",""
1125,Kalal,CGWB,1,Jammu & Kashmir,12,RAJAURI,NOWSHEHRA,NOWSHEHRA,Kalal,-,-,-,-,-,-,33.08055556,74.23333333,25-05-2001 00:00,7.44,395,"",0,232,"",14,"","","","","",205,50,19.51,22,"","","","","","","","","","",""
1126,Kalal,CGWB,1,Jammu & Kashmir,12,RAJAURI,NOWSHEHRA,NOWSHEHRA,Kalal,-,-,-,-,-,-,33.08055556,74.23333333,25-05-2005 00:00,7.62,572,"",0,253,"",18,"","","","","",240,20,46.22,23,"","","","","","","","","","",""
1127,Kalal,CGWB,1,Jammu & Kashmir,12,RAJAURI,NOWSHEHRA,NOWSHEHRA,Kalal,-,-,-,-,-,-,33.08055556,74.23333333,25-05-2006 00:00,8.02,403,"",0,159,"",21,"","","","","",165,24,25.56,22,"","","","","","","","","","",""
1128,Kalal,CGWB,1,Jammu & Kashmir,12,RAJAURI,NOWSHEHRA,NOWSHEHRA,Kalal,-,-,-,-,-,-,33.08055556,74.23333333,25-05-2007 00:00,8.25,348,"",0,165,"",18,"","","","","",135,24,18.26,26,"","","","","","","","","","",""
1129,Kalal,CGWB,1,Jammu & Kashmir,12,RAJAURI,NOWSHEHRA,NOWSHEHRA,Kalal,-,-,-,-,-,-,33.08055556,74.23333333,25-05-2009 00:00,7.8,320,"",0,165,"",11,"",20,"","","",89,16,12,22,"",0.3,"","","","","","","","",""
1130,Kalal,CGWB,1,Jammu & Kashmir,12,RAJAURI,NOWSHEHRA,NOWSHEHRA,Kalal,-,-,-,-,-,-,33.08055556,74.23333333,25-05-2010 00:00,7.75,340,"",0,171,"",14,"",15,"","","",135,26,17.05,24,"",0.3,"","","","","","","","",""
1131,Kalal,CGWB,1,Jammu & Kashmir,12,RAJAURI,NOWSHEHRA,NOWSHEHRA,Kalal,-,-,-,-,-,-,33.08055556,74.23333333,25-05-2012 00:00,7.7,600,"",0,305,"",21,"",6,"","","",243,66,19,30,"",2.2,"","","","","","","","",""
1132,Kalal,CGWB,1,Jammu & Kashmir,12,RAJAURI,NOWSHEHRA,NOWSHEHRA,Kalal,-,-,-,-,-,-,33.08055556,74.23333333,25-05-2013 00:00,7.81,560,"",0,232,190.2,25,"",6,"","","",185,30,26.78,24,"",2,"","","","","","","","",""
1133,Kalal,CGWB,1,Jammu & Kashmir,12,RAJAURI,NOWSHEHRA,NOWSHEHRA,Kalal,-,-,-,-,-,-,33.08055556,74.23333333,25-05-2014 00:00,6.98,530,"",0,195,159.84,21,"",53,"","","",190,30,28,33,"",0.34,"","","","","","","","",""
1134,Kalal,CGWB,1,Jammu & Kashmir,12,RAJAURI,NOWSHEHRA,NOWSHEHRA,Kalal,-,-,-,-,-,-,33.08055556,74.23333333,25-05-2015 00:00,8.1,930,"",0,130,106.56,36,"",149,"","","",50,14,3.66,187,"",0.64,"","","","","","","","",""
1135,Kalal,CGWB,1,Jammu & Kashmir,12,RAJAURI,NOWSHEHRA,NOWSHEHRA,Kalal,-,-,-,-,-,-,33.08055556,74.23333333,25-05-2016 00:00,7.3,340,176.8,0,128,"",21,"",3,"","","",125,20,18,22,"",0,"","","","","","","","",""
1136,Kalal,CGWB,1,Jammu & Kashmir,12,RAJAURI,NOWSHEHRA,NOWSHEHRA,Kalal,-,-,-,-,-,-,33.08055556,74.23333333,30-05-2019 08:00,9.67,830,366,70,477,"",34,"","","","","",22,4,3,226,"","","","","","","","","","",""
1137,Kalal,CGWB,1,Jammu & Kashmir,12,RAJAURI,NOWSHEHRA,NOWSHEHRA,Kalal,-,-,-,-,-,-,33.08055556,74.23333333,30-05-2020 08:00,9.67,830,"","",477,"",34,"","","","","","",4,3,226,"","","","","","","","","","",""
1138,Kalal,CGWB,1,Jammu & Kashmir,12,RAJAURI,NOWSHEHRA,NOWSHEHRA,Kalal,-,-,-,-,-,-,33.08055556,74.23333333,30-05-2021 08:00,7.24,3450,"",0,347.757,"",859.1,"",197.6,"","","",900,216,87.5664,360.8,"","","","","","","","","","",""
1139,Kalsian,CGWB,1,Jammu & Kashmir,12,RAJAURI,NOWSHEHRA,NOWSHEHRA,Kalsian,-,-,-,-,-,-,33.18611111,74.14166667,25-05-2000 00:00,7.6,460,"",0,268,"",10,"","","","","",200,52,17.08,"","","","","","","","","","","",""
1140,Kalsian,CGWB,1,Jammu & Kashmir,12,RAJAURI,NOWSHEHRA,NOWSHEHRA,Kalsian,-,-,-,-,-,-,33.18611111,74.14166667,25-05-2001 00:00,7.56,310,"",0,146,"",14,"","","","","",155,48,8.57,9.3,"","","","","","","","","","",""
1141,Kalsian,CGWB,1,Jammu & Kashmir,12,RAJAURI,NOWSHEHRA,NOWSHEHRA,Kalsian,-,-,-,-,-,-,33.18611111,74.14166667,25-05-2003 00:00,7.35,672,"",0,214,"",75,"","","","","",280,60,31.68,4.3,"","","","","","","","","","",""
1142,Kalsian,CGWB,1,Jammu & Kashmir,12,RAJAURI,NOWSHEHRA,NOWSHEHRA,Kalsian,-,-,-,-,-,-,33.18611111,74.14166667,25-05-2004 00:00,7.42,725,"",0,378,"",18,"","","","","",215,40,28.01,66,"","","","","","","","","","",""
1143,Kalsian,CGWB,1,Jammu & Kashmir,12,RAJAURI,NOWSHEHRA,NOWSHEHRA,Kalsian,-,-,-,-,-,-,33.18611111,74.14166667,25-05-2005 00:00,7.38,579,"",0,320,"",14,"","","","","",240,18,47.43,21,"","","","","","","","","","",""
1144,Kalsian,CGWB,1,Jammu & Kashmir,12,RAJAURI,NOWSHEHRA,NOWSHEHRA,Kalsian,-,-,-,-,-,-,33.18611111,74.14166667,25-05-2007 00:00,8.2,295,"",0,171,"",14,"","","","","",130,24,17.05,16,"","","","","","","","","","",""
1145,Kalsian,CGWB,1,Jammu & Kashmir,12,RAJAURI,NOWSHEHRA,NOWSHEHRA,Kalsian,-,-,-,-,-,-,33.18611111,74.14166667,25-05-2008 00:00,7.56,705,"",0,390,"",14,"",9,"","","",320,98,18.35,18,"",0.56,"","","","","","","","",""
1146,Kalsian,CGWB,1,Jammu & Kashmir,12,RAJAURI,NOWSHEHRA,NOWSHEHRA,Kalsian,-,-,-,-,-,-,33.18611111,74.14166667,25-05-2009 00:00,8,290,"",0,171,"",11,"",15,"","","",135,18,21.9,18,"",0.6,"","","","","","","","",""
1147,Kalsian,CGWB,1,Jammu & Kashmir,12,RAJAURI,NOWSHEHRA,NOWSHEHRA,Kalsian,-,-,-,-,-,-,33.18611111,74.14166667,25-05-2012 00:00,7.45,370,"",0,195,"",18,"",0,"","","",155,34,17,19,"",2.16,"","","","","","","","",""
1148,Kalsian,CGWB,1,Jammu & Kashmir,12,RAJAURI,NOWSHEHRA,NOWSHEHRA,Kalsian,-,-,-,-,-,-,33.18611111,74.14166667,25-05-2013 00:00,8.28,330,"",0,183,150,11,"",11,"","","",160,50,8.57,5.8,"",1,"","","","","","","","",""
1149,Kalsian,CGWB,1,Jammu & Kashmir,12,RAJAURI,NOWSHEHRA,NOWSHEHRA,Kalsian,-,-,-,-,-,-,33.18611111,74.14166667,25-05-2014 00:00,7.44,390,"",0,159,130.33,14,"",47,"","","",160,24,24.34,18,"",0.58,"","","","","","","","",""
1150,Kalsian,CGWB,1,Jammu & Kashmir,12,RAJAURI,NOWSHEHRA,NOWSHEHRA,Kalsian,-,-,-,-,-,-,33.18611111,74.14166667,25-05-2015 00:00,8.43,290,"",6,128,114.92,25,"",1,"","","",105,16,15.82,19,"","","","","","","","","","",""
1151,Kalsian,CGWB,1,Jammu & Kashmir,12,RAJAURI,NOWSHEHRA,NOWSHEHRA,Kalsian,-,-,-,-,-,-,33.18611111,74.14166667,25-05-2016 00:00,7.65,580,301.6,0,177,"",32,"",100,"","","",120,26,13,81,"",0,"","","","","","","","",""
1152,Kaluchak,CGWB,1,Jammu & Kashmir,5,JAMMU,JAMMU,JAMMU,Kaluchak,-,-,-,-,-,-,32.65722222,74.89388889,25-05-2000 00:00,8.05,1265,"",0,616,"",132,"","","","","",455,95,53,162,"","","","","","","","","","",""
1153,Kaluchak,CGWB,1,Jammu & Kashmir,5,JAMMU,JAMMU,JAMMU,Kaluchak,-,-,-,-,-,-,32.65722222,74.89388889,25-05-2001 00:00,8.38,908,"",79,333,"",99,"","","","","",333,56,46.99,118,"","","","","","","","","","",""
1154,Kaluchak,CGWB,1,Jammu & Kashmir,5,JAMMU,JAMMU,JAMMU,Kaluchak,-,-,-,-,-,-,32.65722222,74.89388889,25-05-2002 00:00,8,966,"",0,519,"",84,"","","","","",386,85,42.29,96,"",0.03,"","","","","","","","",""
1155,Kaluchak,CGWB,1,Jammu & Kashmir,5,JAMMU,JAMMU,JAMMU,Kaluchak,-,-,-,-,-,-,32.65722222,74.89388889,25-05-2003 00:00,7.9,940,"",0,439,"",64,"","","","","",335,62,43.84,70,"","","","","","","","","","",""
1156,Kaluchak,CGWB,1,Jammu & Kashmir,5,JAMMU,JAMMU,JAMMU,Kaluchak,-,-,-,-,-,-,32.65722222,74.89388889,25-05-2004 00:00,8.35,1055,"",48,403,"",110,"","","","","",400,60,60.86,100,"","","","","","","","","","",""
1157,Kaluchak,CGWB,1,Jammu & Kashmir,5,JAMMU,JAMMU,JAMMU,Kaluchak,-,-,-,-,-,-,32.65722222,74.89388889,25-05-2005 00:00,7.72,1560,"",0,598,"",191,"","","","","",505,83,72.43,140,"","","","","","","","","","",""
1158,Kaluchak,CGWB,1,Jammu & Kashmir,5,JAMMU,JAMMU,JAMMU,Kaluchak,-,-,-,-,-,-,32.65722222,74.89388889,25-05-2006 00:00,8.07,1145,"",0,482,"",152,"","","","","",434,70,63.06,80,"","","","","","","","","","",""
1159,Kaluchak,CGWB,1,Jammu & Kashmir,5,JAMMU,JAMMU,JAMMU,Kaluchak,-,-,-,-,-,-,32.65722222,74.89388889,25-05-2007 00:00,8.6,1105,"",42,293,"",163,"","","","","",330,16,70.53,130,"","","","","","","","","","",""
1160,Kaluchak,CGWB,1,Jammu & Kashmir,5,JAMMU,JAMMU,JAMMU,Kaluchak,-,-,-,-,-,-,32.65722222,74.89388889,25-05-2008 00:00,7.7,1460,"",0,586,"",170,"",45,"","","",440,60,70.58,150,"",0.17,"","","","","","","","",""
1161,Kaluchak,CGWB,1,Jammu & Kashmir,5,JAMMU,JAMMU,JAMMU,Kaluchak,-,-,-,-,-,-,32.65722222,74.89388889,25-05-2009 00:00,7.59,1297,"",0,671,"",92,"",45,"","","",360,64,48.7,170,"",0.24,"","","","","","","","",""
1162,Kaluchak,CGWB,1,Jammu & Kashmir,5,JAMMU,JAMMU,JAMMU,Kaluchak,-,-,-,-,-,-,32.65722222,74.89388889,25-05-2010 00:00,8.5,960,"",36,311,"",117,"",25,"","","",240,12,51.07,120,"","","","","","","","","","",""
1163,Kaluchak,CGWB,1,Jammu & Kashmir,5,JAMMU,JAMMU,JAMMU,Kaluchak,-,-,-,-,-,-,32.65722222,74.89388889,25-05-2012 00:00,8.25,1380,"",0,726,"",71,"",22,"","","",352,52,54,170,"",0.16,"","","","","","","","",""
1164,Kaluchak,CGWB,1,Jammu & Kashmir,5,JAMMU,JAMMU,JAMMU,Kaluchak,-,-,-,-,-,-,32.65722222,74.89388889,25-05-2013 00:00,8.06,570,"",0,305,250,21,"",4,"","","",240,60,21.95,14,"",0.08,"","","","","","","","",""
1165,Kaluchak,CGWB,1,Jammu & Kashmir,5,JAMMU,JAMMU,JAMMU,Kaluchak,-,-,-,-,-,-,32.65722222,74.89388889,25-05-2015 00:00,7.96,850,"",0,439,359.84,57,"",0,"","","",380,28,75.4,21,"","","","","","","","","","",""
1166,Kaluchak,CGWB,1,Jammu & Kashmir,5,JAMMU,JAMMU,JAMMU,Kaluchak,-,-,-,-,-,-,32.65722222,74.89388889,25-05-2016 00:00,7.43,1200,624,0,866.2,"",31.95,"",86.758644,"","","",350,48.096,55.936,225,"",0,"","","","","","","","",""
1167,Kaluchak,CGWB,1,Jammu & Kashmir,5,JAMMU,JAMMU,JAMMU,Kaluchak,-,-,-,-,-,-,32.65722222,74.89388889,30-05-2021 08:00,7.5,1159,"",0,195.2,"",127.62,"",139,"","","",360,48,58.3296,84.3,"","","","","","","","","","",""
1168,Kamila,CGWB,1,Jammu & Kashmir,5,JAMMU,SAMBA,SAMBA,Kamila,-,-,-,-,-,-,32.60916667,75.06527778,25-05-2014 00:00,6.9,410,"",0,244,200,25,"",27,"","","",175,40,18.28,38.3,"",0.63,"","","","","","","","",""
1169,Kamila,CGWB,1,Jammu & Kashmir,5,JAMMU,SAMBA,SAMBA,Kamila,-,-,-,-,-,-,32.60916667,75.06527778,25-05-2016 00:00,7.16,470,244.4,0,256.2,"",17.75,"",69.285355,"","","",245,20.04,47.424,26.6,"",0.25,"","","","","","","","",""
1170,Kamila,CGWB,1,Jammu & Kashmir,5,JAMMU,SAMBA,SAMBA,Kamila,-,-,-,-,-,-,32.60916667,75.06527778,30-05-2019 08:00,8.1,400,228,0,225,"",20,"","","","","",195,17,37,24,"","","","","","","","","","",""
1171,Kamila,CGWB,1,Jammu & Kashmir,5,JAMMU,SAMBA,SAMBA,Kamila,-,-,-,-,-,-,32.60916667,75.06527778,30-05-2020 08:00,8.1,400,"","",225,"",20,"","","","","","",17,37,24,"","","","","","","","","","",""
1172,Kamila,CGWB,1,Jammu & Kashmir,5,JAMMU,SAMBA,SAMBA,Kamila,-,-,-,-,-,-,32.60916667,75.06527778,30-05-2021 08:00,7.5,506,"",0,61,"",92.17,"",109,"","","",140,16,24.304,26,"","","","","","","","","","",""
1173,Kana Chak,CGWB,1,Jammu & Kashmir,5,JAMMU,JAMMU,JAMMU,Kana Chak,-,-,-,-,-,-,32.82083333,74.71666667,25-05-2000 00:00,7.6,541,"",0,270,"",21,"","","","","",262,69,21.84,14,"","","","","","","","","","",""
1174,Kana Chak,CGWB,1,Jammu & Kashmir,5,JAMMU,JAMMU,JAMMU,Kana Chak,-,-,-,-,-,-,32.82083333,74.71666667,25-05-2001 00:00,7.45,460,"",0,197,"",14,"","","","","",205,52,18.3,13,"","","","","","","","","","",""
1175,Kana Chak,CGWB,1,Jammu & Kashmir,5,JAMMU,JAMMU,JAMMU,Kana Chak,-,-,-,-,-,-,32.82083333,74.71666667,25-05-2002 00:00,7.79,640,"",0,269,"",21,"","","","","",293,83,20.89,7.6,"",0.11,"","","","","","","","",""
1176,Kana Chak,CGWB,1,Jammu & Kashmir,5,JAMMU,JAMMU,JAMMU,Kana Chak,-,-,-,-,-,-,32.82083333,74.71666667,25-05-2003 00:00,7.8,690,"",0,299,"",25,"","","","","",345,94,26.86,10,"","","","","","","","","","",""
1177,Kana Chak,CGWB,1,Jammu & Kashmir,5,JAMMU,JAMMU,JAMMU,Kana Chak,-,-,-,-,-,-,32.82083333,74.71666667,25-05-2004 00:00,7.56,800,"",0,329,"",25,"","","","","",355,88,32.93,10,"","","","","","","","","","",""
1178,Kana Chak,CGWB,1,Jammu & Kashmir,5,JAMMU,JAMMU,JAMMU,Kana Chak,-,-,-,-,-,-,32.82083333,74.71666667,25-05-2006 00:00,8.07,360,"",0,165,"",14,"","","","","",155,38,14.63,6.5,"","","","","","","","","","",""
1179,Kana Chak,CGWB,1,Jammu & Kashmir,5,JAMMU,JAMMU,JAMMU,Kana Chak,-,-,-,-,-,-,32.82083333,74.71666667,25-05-2007 00:00,7.9,345,"",0,117,"",11,"","","","","",145,36,13.42,6,"","","","","","","","","","",""
1180,Kana Chak,CGWB,1,Jammu & Kashmir,5,JAMMU,JAMMU,JAMMU,Kana Chak,-,-,-,-,-,-,32.82083333,74.71666667,25-05-2008 00:00,8,466,"",0,201,"",18,"",30,"","","",205,54,17.08,7.2,"",0.46,"","","","","","","","",""
1181,Kana Chak,CGWB,1,Jammu & Kashmir,5,JAMMU,JAMMU,JAMMU,Kana Chak,-,-,-,-,-,-,32.82083333,74.71666667,25-05-2009 00:00,7.45,600,"",0,281,"",14,"",41,"","","",245,32,40.16,12,"",0.4,"","","","","","","","",""
1182,Kana Chak,CGWB,1,Jammu & Kashmir,5,JAMMU,JAMMU,JAMMU,Kana Chak,-,-,-,-,-,-,32.82083333,74.71666667,25-05-2010 00:00,8.42,310,"",6,159,"",11,"",8,"","","",155,30,19.49,5.8,"",1.08,"","","","","","","","",""
1183,Kana Chak,CGWB,1,Jammu & Kashmir,5,JAMMU,JAMMU,JAMMU,Kana Chak,-,-,-,-,-,-,32.82083333,74.71666667,25-05-2012 00:00,7.57,790,"",0,415,"",32,"",12,"","","",324,92,23,14,"",0.38,"","","","","","","","",""
1184,Kana Chak,CGWB,1,Jammu & Kashmir,5,JAMMU,JAMMU,JAMMU,Kana Chak,-,-,-,-,-,-,32.82083333,74.71666667,25-05-2013 00:00,7.89,480,"",0,183,150,25,"",23,"","","",190,40,21.93,9,"",1.11,"","","","","","","","",""
1185,Kana Chak,CGWB,1,Jammu & Kashmir,5,JAMMU,JAMMU,JAMMU,Kana Chak,-,-,-,-,-,-,32.82083333,74.71666667,25-05-2015 00:00,8.2,310,"",0,134,109.84,14.2,"",12,"","","",140,30.1,15.78,4.1,"",2.1,"","","","","","","","",""
1186,Kana Chak,CGWB,1,Jammu & Kashmir,5,JAMMU,JAMMU,JAMMU,Kana Chak,-,-,-,-,-,-,32.82083333,74.71666667,25-05-2016 00:00,8.18,309,160.68,0,170.8,"",14.2,"",0,"","","",153.76,28.056,20.370432,5.1,"",0.11,"","","","","","","","",""
1187,Kana Chak,CGWB,1,Jammu & Kashmir,5,JAMMU,JAMMU,JAMMU,Kana Chak,-,-,-,-,-,-,32.82083333,74.71666667,30-05-2021 08:00,7.2,1530,"",0,634.4,"",134.71,"",35,"","","",300,24,58.3296,186,"","","","","","","","","","",""
1188,Kangar,CGWB,1,Jammu & Kashmir,5,JAMMU,JAMMU,JAMMU,Kangar,-,-,-,-,-,-,32.83972222,74.84583333,25-05-2013 00:00,8.24,260,"",0,128,104.9,18,"",3,"","","",125,24,15.83,6.4,"",0.23,"","","","","","","","",""
1189,Kangar,CGWB,1,Jammu & Kashmir,5,JAMMU,JAMMU,JAMMU,Kangar,-,-,-,-,-,-,32.83972222,74.84583333,25-05-2014 00:00,7.97,340,"",0,187,153.28,14,"",11,"","","",165,24,25.56,8.2,"",0.1,"","","","","","","","",""
1190,Kangar,CGWB,1,Jammu & Kashmir,5,JAMMU,JAMMU,JAMMU,Kangar,-,-,-,-,-,-,32.83972222,74.84583333,25-05-2015 00:00,8.24,280,"",0,146,119.67,7.1,"",29,"","","",160,20,26.77,2.9,"",0.19,"","","","","","","","",""
1191,Kangar,CGWB,1,Jammu & Kashmir,5,JAMMU,JAMMU,JAMMU,Kangar,-,-,-,-,-,-,32.83972222,74.84583333,25-05-2016 00:00,8.21,248,128.96,0,158.6,"",7.1,"",0,"","","",129.735,24.048,16.959553,6.9,"",0.06,"","","","","","","","",""
1192,Kangar,CGWB,1,Jammu & Kashmir,5,JAMMU,JAMMU,JAMMU,Kangar,-,-,-,-,-,-,32.83972222,74.84583333,30-05-2019 08:00,7.15,340,282,0,265,"",14,"","","","","",239,52,26,7.7,"","","","","","","","","","",""
1193,Kangar,CGWB,1,Jammu & Kashmir,5,JAMMU,JAMMU,JAMMU,Kangar,-,-,-,-,-,-,32.83972222,74.84583333,30-05-2020 08:00,7.15,340,"","",265,"",14,"","","","","","",52,26,7.7,"","","","","","","","","","",""
1194,Kangar,CGWB,1,Jammu & Kashmir,5,JAMMU,JAMMU,JAMMU,Kangar,-,-,-,-,-,-,32.83972222,74.84583333,30-05-2021 08:00,7.08,5580,"",0,207.4,"",1418,"",304,"","","",960,184,121.52,736.6,"","","","","","","","","","",""
1195,Kangri (Grid Station),CGWB,1,Jammu & Kashmir,12,RAJAURI,SUNDERBANI,SUNDERBANI,Kangri (grid Station),-,-,-,-,-,-,33.05833333,74.39722222,25-05-2000 00:00,7.45,380,"",0,214,"",14,"","","","","",180,52,12.22,"","","","","","","","","","","",""
1196,Kangri (Grid Station),CGWB,1,Jammu & Kashmir,12,RAJAURI,SUNDERBANI,SUNDERBANI,Kangri (grid Station),-,-,-,-,-,-,33.05833333,74.39722222,25-05-2001 00:00,7.1,368,"",0,232,"",10,"","","","","",205,58,14.66,12,"","","","","","","","","","",""
1197,Kangri (Grid Station),CGWB,1,Jammu & Kashmir,12,RAJAURI,SUNDERBANI,SUNDERBANI,Kangri (grid Station),-,-,-,-,-,-,33.05833333,74.39722222,25-05-2002 00:00,7.5,528,"",0,239,"",14,"",8.5,"","","",220,65,14.06,12,"",0.2,"","","","","","","","",""
1198,Kangri (Grid Station),CGWB,1,Jammu & Kashmir,12,RAJAURI,SUNDERBANI,SUNDERBANI,Kangri (grid Station),-,-,-,-,-,-,33.05833333,74.39722222,25-05-2003 00:00,7.97,355,"",0,177,"",18,"","","","","",185,28,27.99,9,"","","","","","","","","","",""
1199,Kangri (Grid Station),CGWB,1,Jammu & Kashmir,12,RAJAURI,SUNDERBANI,SUNDERBANI,Kangri (grid Station),-,-,-,-,-,-,33.05833333,74.39722222,25-05-2004 00:00,7.67,570,"",0,275,"",18,"","","","","",230,28,38.94,12,"","","","","","","","","","",""
1200,Kangri (Grid Station),CGWB,1,Jammu & Kashmir,12,RAJAURI,SUNDERBANI,SUNDERBANI,Kangri (grid Station),-,-,-,-,-,-,33.05833333,74.39722222,25-05-2005 00:00,7.74,383,"",0,202,"",7,"","","","","",170,22,27.99,16,"","","","","","","","","","",""
1201,Kangri (Grid Station),CGWB,1,Jammu & Kashmir,12,RAJAURI,SUNDERBANI,SUNDERBANI,Kangri (grid Station),-,-,-,-,-,-,33.05833333,74.39722222,25-05-2007 00:00,8.17,280,"",0,153,"",18,"","","","","",120,28,12.19,16,"","","","","","","","","","",""
1202,Kangri (Grid Station),CGWB,1,Jammu & Kashmir,12,RAJAURI,SUNDERBANI,SUNDERBANI,Kangri (grid Station),-,-,-,-,-,-,33.05833333,74.39722222,25-05-2008 00:00,7.7,453,"",0,226,"",14,"",8.6,"","","",195,50,17.08,11,"",1.69,"","","","","","","","",""
1203,Kangri (Grid Station),CGWB,1,Jammu & Kashmir,12,RAJAURI,SUNDERBANI,SUNDERBANI,Kangri (grid Station),-,-,-,-,-,-,33.05833333,74.39722222,25-05-2009 00:00,7.9,260,"",0,153,"",11,"",36,"","","",160,20,26.77,12,"",0.48,"","","","","","","","",""
1204,Kangri (Grid Station),CGWB,1,Jammu & Kashmir,12,RAJAURI,SUNDERBANI,SUNDERBANI,Kangri (grid Station),-,-,-,-,-,-,33.05833333,74.39722222,25-05-2012 00:00,7.28,450,"",0,232,"",14,"",12,"","","",181,48,15,98,"",18.7,"","","","","","","","",""
1205,Kangri (Grid Station),CGWB,1,Jammu & Kashmir,12,RAJAURI,SUNDERBANI,SUNDERBANI,Kangri (grid Station),-,-,-,-,-,-,33.05833333,74.39722222,25-05-2013 00:00,8.21,440,"",0,165,135.3,18,"",18,"","","",135,34,12.2,24,"",1,"","","","","","","","",""
1206,Kangri (Grid Station),CGWB,1,Jammu & Kashmir,12,RAJAURI,SUNDERBANI,SUNDERBANI,Kangri (grid Station),-,-,-,-,-,-,33.05833333,74.39722222,25-05-2014 00:00,7.31,390,"",0,159,130.33,14,"",32,"","","",180,40,19.5,12,"",0.1,"","","","","","","","",""
1207,Kangri (Grid Station),CGWB,1,Jammu & Kashmir,12,RAJAURI,SUNDERBANI,SUNDERBANI,Kangri (grid Station),-,-,-,-,-,-,33.05833333,74.39722222,25-05-2015 00:00,8.41,290,"",6,1549,1279.67,11,"",0,"","","",110,20,14.61,20,"","","","","","","","","","",""
1208,Kangri (Grid Station),CGWB,1,Jammu & Kashmir,12,RAJAURI,SUNDERBANI,SUNDERBANI,Kangri (grid Station),-,-,-,-,-,-,33.05833333,74.39722222,25-05-2016 00:00,7.48,310,161.2,0,110,"",11,"",49,"","","",115,22,15,20,"",0.49,"","","","","","","","",""
1209,Kangri (Grid Station),CGWB,1,Jammu & Kashmir,12,RAJAURI,SUNDERBANI,SUNDERBANI,Kangri (grid Station),-,-,-,-,-,-,33.05833333,74.39722222,30-05-2021 08:00,7.3,2760,"",0,256.2,"",319.05,"",462,"","","",600,144,58.3296,261.3,"","","","","","","","","","",""
1210,Karnaile Chak,CGWB,1,Jammu & Kashmir,5,JAMMU,JAMMU,JAMMU,Karnaile Chak,-,-,-,-,-,-,32.70611111,74.82166667,25-05-2013 00:00,8.17,350,"",0,159,130.3,18,"",4,"","","",155,36,15.85,7.5,"",0.01,"","","","","","","","",""
1211,Karnaile Chak,CGWB,1,Jammu & Kashmir,5,JAMMU,JAMMU,JAMMU,Karnaile Chak,-,-,-,-,-,-,32.70611111,74.82166667,25-05-2014 00:00,7.53,680,"",0,329,269.67,36,"",24,"","","",235,38,34.08,40,"",2.15,"","","","","","","","",""
1212,Karnaile Chak,CGWB,1,Jammu & Kashmir,5,JAMMU,JAMMU,JAMMU,Karnaile Chak,-,-,-,-,-,-,32.70611111,74.82166667,25-05-2015 00:00,7.87,1260,"",0,451,369.67,11,"",458,"","","",180,40,19.5,223,"","","","","","","","","","",""
1213,Karnaile Chak,CGWB,1,Jammu & Kashmir,5,JAMMU,JAMMU,JAMMU,Karnaile Chak,-,-,-,-,-,-,32.70611111,74.82166667,25-05-2016 00:00,7.68,480,249.6,0,274.5,"",7.1,"",17.520319,"","","",240,18.036,47.424,9.86,"",0,"","","","","","","","",""
1214,Karol Krishna,CGWB,1,Jammu & Kashmir,7,KATHUA,HIRANAGAR,HIRANAGAR,Karol Krishna,-,-,-,-,-,-,32.39583333,75.23611111,25-05-2000 00:00,8.85,2168,"",72,519,"",323,"","","","","",360,22,74.18,"","","","","","","","","","","",""
1215,Karol Krishna,CGWB,1,Jammu & Kashmir,7,KATHUA,HIRANAGAR,HIRANAGAR,Karol Krishna,-,-,-,-,-,-,32.39583333,75.23611111,25-05-2001 00:00,7.72,473,"",0,226,"",7.1,"","","","","",165,36,18.28,35,"","","","","","","","","","",""
1216,Karol Krishna,CGWB,1,Jammu & Kashmir,7,KATHUA,HIRANAGAR,HIRANAGAR,Karol Krishna,-,-,-,-,-,-,32.39583333,75.23611111,25-05-2003 00:00,8.35,2390,"",84,561,"",298,"","","","","",560,122,62.15,245,"","","","","","","","","","",""
1217,Karol Krishna,CGWB,1,Jammu & Kashmir,7,KATHUA,HIRANAGAR,HIRANAGAR,Karol Krishna,-,-,-,-,-,-,32.39583333,75.23611111,25-05-2004 00:00,8.32,2150,"",42,500,"",273,"","","","","",435,116,35.4,225,"","","","","","","","","","",""
1218,Karol Krishna,CGWB,1,Jammu & Kashmir,7,KATHUA,HIRANAGAR,HIRANAGAR,Karol Krishna,-,-,-,-,-,-,32.39583333,75.23611111,25-05-2005 00:00,7.8,575,"",0,320,"",11,"","","","","",255,69,20.14,28,"","","","","","","","","","",""
1219,Karol Krishna,CGWB,1,Jammu & Kashmir,7,KATHUA,HIRANAGAR,HIRANAGAR,Karol Krishna,-,-,-,-,-,-,32.39583333,75.23611111,25-05-2006 00:00,7.75,402,"",0,275,"",14,"","","","","",163,14,31.14,38,"","","","","","","","","","",""
1220,Karol Krishna,CGWB,1,Jammu & Kashmir,7,KATHUA,HIRANAGAR,HIRANAGAR,Karol Krishna,-,-,-,-,-,-,32.39583333,75.23611111,25-05-2007 00:00,8.55,357,"",36,159,"",11,"","","","","",140,26,18.27,24,"","","","","","","","","","",""
1221,Karol Krishna,CGWB,1,Jammu & Kashmir,7,KATHUA,HIRANAGAR,HIRANAGAR,Karol Krishna,-,-,-,-,-,-,32.39583333,75.23611111,25-05-2008 00:00,7.49,2430,"",0,860,"",334,"",140,"","","",600,104,82.79,234,"",0.21,"","","","","","","","",""
1222,Karol Krishna,CGWB,1,Jammu & Kashmir,7,KATHUA,HIRANAGAR,HIRANAGAR,Karol Krishna,-,-,-,-,-,-,32.39583333,75.23611111,25-05-2009 00:00,7.6,2800,"",0,1153,"",248,"",300,"","","",660,118,88.89,310,"",0.3,"","","","","","","","",""
1223,Karol Krishna,CGWB,1,Jammu & Kashmir,7,KATHUA,HIRANAGAR,HIRANAGAR,Karol Krishna,-,-,-,-,-,-,32.39583333,75.23611111,25-05-2010 00:00,8.8,2200,"",48,677,"",327,"",35,"","","",270,6,62.01,275,"",0.22,"","","","","","","","",""
1224,Karol Krishna,CGWB,1,Jammu & Kashmir,7,KATHUA,HIRANAGAR,HIRANAGAR,Karol Krishna,-,-,-,-,-,-,32.39583333,75.23611111,25-05-2012 00:00,7.69,1000,"",0,390,"",85,"",60,"","","",305,40,50,97,"",0.43,"","","","","","","","",""
1225,Karol Krishna,CGWB,1,Jammu & Kashmir,7,KATHUA,HIRANAGAR,HIRANAGAR,Karol Krishna,-,-,-,-,-,-,32.39583333,75.23611111,25-05-2013 00:00,8.36,920,"",6,354,300.2,71,"",129,"","","",298,32,53.04,114,"","","","","","","","","","",""
1226,Karol Krishna,CGWB,1,Jammu & Kashmir,7,KATHUA,HIRANAGAR,HIRANAGAR,Karol Krishna,-,-,-,-,-,-,32.39583333,75.23611111,25-05-2014 00:00,7.33,1240,"",0,384,314.75,46,"",117,"","","",215,24,37.71,107,"",1.39,"","","","","","","","",""
1227,Karol Krishna,CGWB,1,Jammu & Kashmir,7,KATHUA,HIRANAGAR,HIRANAGAR,Karol Krishna,-,-,-,-,-,-,32.39583333,75.23611111,25-05-2015 00:00,8.12,540,"",0,226,185.25,64,"",47,"","","",215,28,35.29,50,"",0.96,"","","","","","","","",""
1228,Karol Krishna,CGWB,1,Jammu & Kashmir,7,KATHUA,HIRANAGAR,HIRANAGAR,Karol Krishna,-,-,-,-,-,-,32.39583333,75.23611111,25-05-2016 00:00,7.26,540,280.8,0,353.8,"",31.95,"",17.978155,"","","",255,20.04,49.856,45,"",6.01,"","","","","","","","",""
1229,Karol Krishna,CGWB,1,Jammu & Kashmir,7,KATHUA,HIRANAGAR,HIRANAGAR,Karol Krishna,-,-,-,-,-,-,32.39583333,75.23611111,30-05-2019 08:00,7.83,1390,552,0,556,"",184,"","","","","",369,39,66,216,"","","","","","","","","","",""
1230,Karol Krishna,CGWB,1,Jammu & Kashmir,7,KATHUA,HIRANAGAR,HIRANAGAR,Karol Krishna,-,-,-,-,-,-,32.39583333,75.23611111,30-05-2020 08:00,7.83,1390,"","",556,"",184,"","","","","","",39,66,216,"","","","","","","","","","",""
1231,Karol Krishna,CGWB,1,Jammu & Kashmir,7,KATHUA,HIRANAGAR,HIRANAGAR,Karol Krishna,-,-,-,-,-,-,32.39583333,75.23611111,30-05-2021 08:00,8,2270,"",0,280.692,"",361.59,"",206.4,"","","",660,100,99.6464,216.2,"","","","","","","","","","",""
1232,Katcha-Pind,CGWB,1,Jammu & Kashmir,5,JAMMU,JAMMU,JAMMU,Katcha Pind,-,-,-,-,-,-,32.86555556,74.99527778,25-05-2000 00:00,8.15,416,"",0,146,"",38,"","","","","",195,24,32.85,"","","","","","","","","","","",""
1233,Katcha-Pind,CGWB,1,Jammu & Kashmir,5,JAMMU,JAMMU,JAMMU,Katcha Pind,-,-,-,-,-,-,32.86555556,74.99527778,25-05-2009 00:00,7.1,490,"",0,189,"",35,"",32,"","","",195,44,20.72,25,"",0.39,"","","","","","","","",""
1234,Katcha-Pind,CGWB,1,Jammu & Kashmir,5,JAMMU,JAMMU,JAMMU,Katcha Pind,-,-,-,-,-,-,32.86555556,74.99527778,25-05-2010 00:00,8.35,330,"",6,116,"",43,"",9,"","","",115,14,19.47,29,"","","","","","","","","","",""
1235,Katcha-Pind,CGWB,1,Jammu & Kashmir,5,JAMMU,JAMMU,JAMMU,Katcha Pind,-,-,-,-,-,-,32.86555556,74.99527778,25-05-2012 00:00,7.63,790,"",0,366,"",60,"",0,"","","",318,88,24,37,"",0.13,"","","","","","","","",""
1236,Katcha-Pind,CGWB,1,Jammu & Kashmir,5,JAMMU,JAMMU,JAMMU,Katcha Pind,-,-,-,-,-,-,32.86555556,74.99527778,25-05-2014 00:00,7.18,630,"",0,189,154.92,64,"",79,"","","",215,28,35.29,50,"",0.93,"","","","","","","","",""
1237,Katcha-Pind,CGWB,1,Jammu & Kashmir,5,JAMMU,JAMMU,JAMMU,Katcha Pind,-,-,-,-,-,-,32.86555556,74.99527778,25-05-2016 00:00,7.46,610,317.2,0,244,"",53,"",65.601616,"","","",250,36,39,45,"",2.71,"","","","","","","","",""
1238,Kathua,CGWB,1,Jammu & Kashmir,7,KATHUA,KATHUA,KATHUA,Kathua,-,-,-,-,-,-,32.36388889,75.52916667,25-05-2000 00:00,8.3,371,"",12,128,"",38,"","","","","",144,36,13.17,"","","","","","","","","","","",""
1239,Kathua,CGWB,1,Jammu & Kashmir,7,KATHUA,KATHUA,KATHUA,Kathua,-,-,-,-,-,-,32.36388889,75.52916667,25-05-2001 00:00,7.94,374,"",0,153,"",28,"","","","","",165,40,15.85,23,"","","","","","","","","","",""
1240,Kathua,CGWB,1,Jammu & Kashmir,7,KATHUA,KATHUA,KATHUA,Kathua,-,-,-,-,-,-,32.36388889,75.52916667,25-05-2002 00:00,7.4,332,"",0,134,"",24,"","","","","",119,36,7.09,23,"",0.1,"","","","","","","","",""
1241,Kathua,CGWB,1,Jammu & Kashmir,7,KATHUA,KATHUA,KATHUA,Kathua,-,-,-,-,-,-,32.36388889,75.52916667,25-05-2003 00:00,8.2,525,"",0,195,"",43,"","","","","",200,62,11.02,25,"","","","","","","","","","",""
1242,Kathua,CGWB,1,Jammu & Kashmir,7,KATHUA,KATHUA,KATHUA,Kathua,-,-,-,-,-,-,32.36388889,75.52916667,25-05-2004 00:00,8.6,460,"",30,116,"",39,"","","","","",160,46,11,27,"","","","","","","","","","",""
1243,Kathua,CGWB,1,Jammu & Kashmir,7,KATHUA,KATHUA,KATHUA,Kathua,-,-,-,-,-,-,32.36388889,75.52916667,25-05-2005 00:00,7.7,500,"",0,186,"",43,"","","","","",178,36,21.44,24,"","","","","","","","","","",""
1244,Kathua,CGWB,1,Jammu & Kashmir,7,KATHUA,KATHUA,KATHUA,Kathua,-,-,-,-,-,-,32.36388889,75.52916667,25-05-2006 00:00,8.05,382,"",0,110,"",46,"","","","","",115,30,9.76,23,"","","","","","","","","","",""
1245,Kathua,CGWB,1,Jammu & Kashmir,7,KATHUA,KATHUA,KATHUA,Kathua,-,-,-,-,-,-,32.36388889,75.52916667,25-05-2007 00:00,7.85,564,"",0,195,"",75,"","","","","",205,50,19.51,33,"","","","","","","","","","",""
1246,Kathua,CGWB,1,Jammu & Kashmir,7,KATHUA,KATHUA,KATHUA,Kathua,-,-,-,-,-,-,32.36388889,75.52916667,25-05-2008 00:00,7.68,525,"",0,165,"",78,"",15,"","","",190,52,14.65,30,"",0.28,"","","","","","","","",""
1247,Kathua,CGWB,1,Jammu & Kashmir,7,KATHUA,KATHUA,KATHUA,Kathua,-,-,-,-,-,-,32.36388889,75.52916667,25-05-2009 00:00,7.9,560,"",0,165,"",57,"",48,"","","",195,60,11.01,35,"",0.08,"","","","","","","","",""
1248,Kathua,CGWB,1,Jammu & Kashmir,7,KATHUA,KATHUA,KATHUA,Kathua,-,-,-,-,-,-,32.36388889,75.52916667,25-05-2010 00:00,8.25,570,"",0,195,"",71,"",25,"","","",205,60,13.45,38,"","","","","","","","","","",""
1249,Kathua,CGWB,1,Jammu & Kashmir,7,KATHUA,KATHUA,KATHUA,Kathua,-,-,-,-,-,-,32.36388889,75.52916667,25-05-2012 00:00,7.67,500,"",0,165,"",71,"",16,"","","",173,48,13,41,"",0.23,"","","","","","","","",""
1250,Kathua,CGWB,1,Jammu & Kashmir,7,KATHUA,KATHUA,KATHUA,Kathua,-,-,-,-,-,-,32.36388889,75.52916667,25-05-2013 00:00,8.05,870,"",0,183,150,128,"",138,"","","",300,74,28.05,80,"",0.16,"","","","","","","","",""
1251,Kathua,CGWB,1,Jammu & Kashmir,7,KATHUA,KATHUA,KATHUA,Kathua,-,-,-,-,-,-,32.36388889,75.52916667,25-05-2014 00:00,7.55,760,"",0,122,100,60,"",123,"","","",135,42,7.35,76,"",0.72,"","","","","","","","",""
1252,Kathua,CGWB,1,Jammu & Kashmir,7,KATHUA,KATHUA,KATHUA,Kathua,-,-,-,-,-,-,32.36388889,75.52916667,25-05-2015 00:00,7.88,930,"",0,159,130.33,178,"",133,"","","",275,60,30.46,107,"",5.23,"","","","","","","","",""
1253,Kathua,CGWB,1,Jammu & Kashmir,7,KATHUA,KATHUA,KATHUA,Kathua,-,-,-,-,-,-,32.36388889,75.52916667,25-05-2016 00:00,7.03,700,364,0,146.4,"",173.95,"",38.87691,"","","",220,74.148,8.512,84.29,"",2.53,"","","","","","","","",""
1254,Kathua,CGWB,1,Jammu & Kashmir,7,KATHUA,KATHUA,KATHUA,Kathua,-,-,-,-,-,-,32.36388889,75.52916667,30-05-2019 08:00,8.05,450,198,0,225,"",48,"","","","","",163,39,16,78,"","","","","","","","","","",""
1255,Kathua,CGWB,1,Jammu & Kashmir,7,KATHUA,KATHUA,KATHUA,Kathua,-,-,-,-,-,-,32.36388889,75.52916667,30-05-2020 08:00,8.05,450,"","",225,"",48,"","","","","","",39,16,78,"","","","","","","","","","",""
1256,Kathua,CGWB,1,Jammu & Kashmir,7,KATHUA,KATHUA,KATHUA,Kathua,-,-,-,-,-,-,32.36388889,75.52916667,30-05-2021 08:00,7.8,1329,"",0,353.916,"",155.98,"",81.6,"","","",495,130,41.3168,82.8,"","","","","","","","","","",""
1257,Katra,CGWB,1,Jammu & Kashmir,627,Reasi,Katra,REASI,Katra,-,-,-,-,-,-,32.99166667,74.92500000,25-05-2001 00:00,7.65,450,"",0,278,"",10,"","","","","",276,55,33.74,34,"","","","","","","","","","",""
1258,Katra,CGWB,1,Jammu & Kashmir,627,Reasi,Katra,REASI,Katra,-,-,-,-,-,-,32.99166667,74.92500000,25-05-2002 00:00,7.9,458,"",0,239,"",17,"","","","","",209,49,21.09,5.4,"",1.12,"","","","","","","","",""
1259,Katra,CGWB,1,Jammu & Kashmir,627,Reasi,Katra,REASI,Katra,-,-,-,-,-,-,32.99166667,74.92500000,25-05-2003 00:00,8.1,350,"",0,173,"",14,"","","","","",190,40,22,1.3,"","","","","","","","","","",""
1260,Katra,CGWB,1,Jammu & Kashmir,627,Reasi,Katra,REASI,Katra,-,-,-,-,-,-,32.99166667,74.92500000,25-05-2005 00:00,8.13,592,"",0,368,"",11,"","","","","",285,48,40.18,7,"","","","","","","","","","",""
1261,Katra,CGWB,1,Jammu & Kashmir,627,Reasi,Katra,REASI,Katra,-,-,-,-,-,-,32.99166667,74.92500000,25-05-2006 00:00,7.95,442,"",0,268,"",14,"","","","","",240,32,38.94,6.8,"","","","","","","","","","",""
1262,Katra,CGWB,1,Jammu & Kashmir,627,Reasi,Katra,REASI,Katra,-,-,-,-,-,-,32.99166667,74.92500000,25-05-2007 00:00,7.84,492,"",0,317,"",14,"","","","","",260,46,35.31,11,"","","","","","","","","","",""
1263,Katra,CGWB,1,Jammu & Kashmir,627,Reasi,Katra,REASI,Katra,-,-,-,-,-,-,32.99166667,74.92500000,25-05-2008 00:00,7.6,596,"",0,336,"",50,"",0,"","","",330,70,37.77,7.5,"",0.11,"","","","","","","","",""
1264,Katra,CGWB,1,Jammu & Kashmir,627,Reasi,Katra,REASI,Katra,-,-,-,-,-,-,32.99166667,74.92500000,25-05-2009 00:00,7.7,340,"",0,201,"",14,"",6,"","","",180,12,36.48,5.2,"",0.56,"","","","","","","","",""
1265,Katra,CGWB,1,Jammu & Kashmir,627,Reasi,Katra,REASI,Katra,-,-,-,-,-,-,32.99166667,74.92500000,25-05-2010 00:00,7.8,410,"",0,214,"",32,"",12,"","","",200,30,30.43,15,"",0.41,"","","","","","","","",""
1266,Katra,CGWB,1,Jammu & Kashmir,627,Reasi,Katra,REASI,Katra,-,-,-,-,-,-,32.99166667,74.92500000,25-05-2012 00:00,8.14,390,"",0,244,"",14,"",0,"","","",203,22,36,9.2,"",1.37,"","","","","","","","",""
1267,Katra,CGWB,1,Jammu & Kashmir,627,Reasi,Katra,REASI,Katra,-,-,-,-,-,-,32.99166667,74.92500000,25-05-2013 00:00,7.82,590,"",0,323,264.8,25,"",0,"","","",280,50,37.75,10,"",0.56,"","","","","","","","",""
1268,Katra,CGWB,1,Jammu & Kashmir,627,Reasi,Katra,REASI,Katra,-,-,-,-,-,-,32.99166667,74.92500000,25-05-2014 00:00,7.2,390,"",0,220,180.33,25,"",12,"","","",210,18,40,7.5,"",0.4,"","","","","","","","",""
1269,Katra,CGWB,1,Jammu & Kashmir,627,Reasi,Katra,REASI,Katra,-,-,-,-,-,-,32.99166667,74.92500000,25-05-2015 00:00,8.23,440,"",0,207,169.67,25,"",0,"","","",190,12,38.92,12,"",5.4,"","","","","","","","",""
1270,Katra,CGWB,1,Jammu & Kashmir,627,Reasi,Katra,REASI,Katra,-,-,-,-,-,-,32.99166667,74.92500000,25-05-2016 00:00,7.17,750,390,0,345,"",25,"",58.220127,"","","",355,42,63,22,"",0,"","","","","","","","",""
1271,Kerian Gandyal,CGWB,1,Jammu & Kashmir,7,KATHUA,KATHUA,KATHUA,Kerian Gandyal,-,-,-,-,-,-,32.29583333,75.51944444,25-05-2000 00:00,8.25,863,"",0,268,"",77,"","","","","",159,25,23.49,"","","","","","","","","","","",""
1272,Kerian Gandyal,CGWB,1,Jammu & Kashmir,7,KATHUA,KATHUA,KATHUA,Kerian Gandyal,-,-,-,-,-,-,32.29583333,75.51944444,25-05-2001 00:00,7.6,870,"",0,311,"",78,"","","","","",225,54,21.95,60,"","","","","","","","","","",""
1273,Kerian Gandyal,CGWB,1,Jammu & Kashmir,7,KATHUA,KATHUA,KATHUA,Kerian Gandyal,-,-,-,-,-,-,32.29583333,75.51944444,25-05-2004 00:00,7.6,540,"",0,275,"","","","","","","",240,74,13.46,5.5,"","","","","","","","","","",""
1274,Kerian Gandyal,CGWB,1,Jammu & Kashmir,7,KATHUA,KATHUA,KATHUA,Kerian Gandyal,-,-,-,-,-,-,32.29583333,75.51944444,25-05-2006 00:00,7.55,435,"",0,189,"",21,"","","","","",185,44,18.29,14,"","","","","","","","","","",""
1275,Kerian Gandyal,CGWB,1,Jammu & Kashmir,7,KATHUA,KATHUA,KATHUA,Kerian Gandyal,-,-,-,-,-,-,32.29583333,75.51944444,25-05-2007 00:00,8.14,279,"",0,122,"",11,"","","","","",115,28,10.97,7.4,"","","","","","","","","","",""
1276,Kerian Gandyal,CGWB,1,Jammu & Kashmir,7,KATHUA,KATHUA,KATHUA,Kerian Gandyal,-,-,-,-,-,-,32.29583333,75.51944444,25-05-2012 00:00,7.27,600,"",0,256,"",28,"",45,"","","",270,72,22,16,"",0.22,"","","","","","","","",""
1277,Kerian Gandyal,CGWB,1,Jammu & Kashmir,7,KATHUA,KATHUA,KATHUA,Kerian Gandyal,-,-,-,-,-,-,32.29583333,75.51944444,25-05-2013 00:00,7.51,690,"",0,238,195.1,107,"",1,"","","",315,84,25.63,23,"",0.07,"","","","","","","","",""
1278,Kerian Gandyal,CGWB,1,Jammu & Kashmir,7,KATHUA,KATHUA,KATHUA,Kerian Gandyal,-,-,-,-,-,-,32.29583333,75.51944444,25-05-2014 00:00,6.5,320,"",0,140,114.75,21,"",10,"","","",145,40,10.99,12,"",2.15,"","","","","","","","",""
1279,Kerian Gandyal,CGWB,1,Jammu & Kashmir,7,KATHUA,KATHUA,KATHUA,Kerian Gandyal,-,-,-,-,-,-,32.29583333,75.51944444,25-05-2016 00:00,7.09,580,301.6,0,335.5,"",24.85,"",8.453867,"","","",285,36.072,47.424,13.49,"",0,"","","","","","","","",""
1280,Kerian Gandyal II,CGWB,1,Jammu & Kashmir,7,KATHUA,KATHUA,KATHUA,Kerian Gandyal,-,-,-,-,-,-,32.29638889,75.51944444,25-05-2015 00:00,7.8,680,"",0,372,304.92,36,"",87,"","","",385,74,48.72,22,"","","","","","","","","","",""
1281,Kerian Gandyal II,CGWB,1,Jammu & Kashmir,7,KATHUA,KATHUA,KATHUA,Kerian Gandyal,-,-,-,-,-,-,32.29638889,75.51944444,30-05-2019 08:00,8.01,360,156,0,132,"",27,"","","","","",184,35,24,18,"","","","","","","","","","",""
1282,Kerian Gandyal II,CGWB,1,Jammu & Kashmir,7,KATHUA,KATHUA,KATHUA,Kerian Gandyal,-,-,-,-,-,-,32.29638889,75.51944444,30-05-2020 08:00,8.01,360,"","",132,"",27,"","","","","","",35,24,18,"","","","","","","","","","",""
1283,Kerian Ramnagar,CGWB,1,Jammu & Kashmir,7,KATHUA,KATHUA,KATHUA,Kerian Ramnagar,-,-,-,-,-,-,32.28083333,75.51444444,25-05-2000 00:00,8.16,287,"",0,128,"",7.1,"","","","","",135,27,16.44,"","","","","","","","","","","",""
1284,Kerian Ramnagar,CGWB,1,Jammu & Kashmir,7,KATHUA,KATHUA,KATHUA,Kerian Ramnagar,-,-,-,-,-,-,32.28083333,75.51444444,25-05-2001 00:00,7.97,295,"",0,122,"",7.1,"","","","","",135,28,15.84,7.8,"","","","","","","","","","",""
1285,Kerian Ramnagar,CGWB,1,Jammu & Kashmir,7,KATHUA,KATHUA,KATHUA,Kerian Ramnagar,-,-,-,-,-,-,32.28083333,75.51444444,25-05-2002 00:00,7.9,350,"",0,195,"",11,"","","","","",154,38,14.39,6.6,"",1.18,"","","","","","","","",""
1286,Kerian Ramnagar,CGWB,1,Jammu & Kashmir,7,KATHUA,KATHUA,KATHUA,Kerian Ramnagar,-,-,-,-,-,-,32.28083333,75.51444444,25-05-2003 00:00,7.5,460,"",0,214,"",7.1,"","","","","",220,56,19.52,6.7,"","","","","","","","","","",""
1287,Kerian Ramnagar,CGWB,1,Jammu & Kashmir,7,KATHUA,KATHUA,KATHUA,Kerian Ramnagar,-,-,-,-,-,-,32.28083333,75.51444444,25-05-2004 00:00,7.75,650,"",0,336,"",7.1,"","","","","",320,98,18.35,7.8,"","","","","","","","","","",""
1288,Kerian Ramnagar,CGWB,1,Jammu & Kashmir,7,KATHUA,KATHUA,KATHUA,Kerian Ramnagar,-,-,-,-,-,-,32.28083333,75.51444444,25-05-2005 00:00,7.6,655,"",0,326,"",15,"","","","","",322,115,8.53,5.7,"","","","","","","","","","",""
1289,Kerian Ramnagar,CGWB,1,Jammu & Kashmir,7,KATHUA,KATHUA,KATHUA,Kerian Ramnagar,-,-,-,-,-,-,32.28083333,75.51444444,25-05-2006 00:00,7.8,337,"",0,159,"",11,"","","","","",155,36,15.85,6.8,"","","","","","","","","","",""
1290,Kerian Ramnagar,CGWB,1,Jammu & Kashmir,7,KATHUA,KATHUA,KATHUA,Kerian Ramnagar,-,-,-,-,-,-,32.28083333,75.51444444,25-05-2007 00:00,7.82,555,"",0,317,"",14,"","","","","",290,76,24.41,9,"","","","","","","","","","",""
1291,Kerian Ramnagar,CGWB,1,Jammu & Kashmir,7,KATHUA,KATHUA,KATHUA,Kerian Ramnagar,-,-,-,-,-,-,32.28083333,75.51444444,25-05-2008 00:00,7.35,575,"",0,336,"",14,"",6,"","","",280,84,17.12,7,"",0.32,"","","","","","","","",""
1292,Kerian Ramnagar,CGWB,1,Jammu & Kashmir,7,KATHUA,KATHUA,KATHUA,Kerian Ramnagar,-,-,-,-,-,-,32.28083333,75.51444444,25-05-2012 00:00,7.32,510,"",0,287,"",11,"",22,"","","",255,76,16,7.7,"",0.39,"","","","","","","","",""
1293,Kerian Ramnagar,CGWB,1,Jammu & Kashmir,7,KATHUA,KATHUA,KATHUA,Kerian Ramnagar,-,-,-,-,-,-,32.28083333,75.51444444,25-05-2013 00:00,7.69,520,"",0,268,219.7,7,"",61,"","","",270,76,19.54,19,"",0.27,"","","","","","","","",""
1294,Kerian Ramnagar,CGWB,1,Jammu & Kashmir,7,KATHUA,KATHUA,KATHUA,Kerian Ramnagar,-,-,-,-,-,-,32.28083333,75.51444444,25-05-2014 00:00,7.65,390,"",0,390,319.67,36,"",64,"","","",315,34,55.96,43,"",0.44,"","","","","","","","",""
1295,Kerian Ramnagar,CGWB,1,Jammu & Kashmir,7,KATHUA,KATHUA,KATHUA,Kerian Ramnagar,-,-,-,-,-,-,32.28083333,75.51444444,25-05-2015 00:00,7.61,660,"",0,329,269.67,"","",0,"","","",255,96,3.76,8.5,"","","","","","","","","","",""
1296,Kerian Ramnagar,CGWB,1,Jammu & Kashmir,7,KATHUA,KATHUA,KATHUA,Kerian Ramnagar,-,-,-,-,-,-,32.28083333,75.51444444,25-05-2016 00:00,7.03,600,312,0,366,"",10.65,"",54.24637,"","","",340,106.212,18.24,8.9,"",0,"","","","","","","","",""
1297,Kerian Ramnagar,CGWB,1,Jammu & Kashmir,7,KATHUA,KATHUA,KATHUA,Kerian Ramnagar,-,-,-,-,-,-,32.28083333,75.51444444,30-05-2019 08:00,7.7,370,216,0,119,"",14,"","","","","",184,39,21,9.7,"","","","","","","","","","",""
1298,Kerian Ramnagar,CGWB,1,Jammu & Kashmir,7,KATHUA,KATHUA,KATHUA,Kerian Ramnagar,-,-,-,-,-,-,32.28083333,75.51444444,30-05-2020 08:00,7.7,370,"","",119,"",14,"","","","","","",39,21,9.7,"","","","","","","","","","",""
1299,Kerian Ramnagar,CGWB,1,Jammu & Kashmir,7,KATHUA,KATHUA,KATHUA,Kerian Ramnagar,-,-,-,-,-,-,32.28083333,75.51444444,26-05-2021 12:10,7.32,772,478,0,238,195,10.4,"",84.7,0,"","",276.2,73,22.9,11.4,"","","","","","","","","","",""
1300,Khairi (Bishnah),CGWB,1,Jammu & Kashmir,5,JAMMU,BISHNA,BISHNA,Khairi,-,-,-,-,-,-,32.59083333,74.90638889,25-05-2013 00:00,8.27,220,"",0,98,80.3,14,"",0,"","","",100,30,6.11,6.2,"",0.09,"","","","","","","","",""
1301,Khairi (Bishnah),CGWB,1,Jammu & Kashmir,5,JAMMU,BISHNA,BISHNA,Khairi,-,-,-,-,-,-,32.59083333,74.90638889,25-05-2014 00:00,7.76,540,"",0,281,230.33,25,"",2,"","","",240,20,46.22,13,"",1.34,"","","","","","","","",""
1302,Khairi (Bishnah),CGWB,1,Jammu & Kashmir,5,JAMMU,BISHNA,BISHNA,Khairi,-,-,-,-,-,-,32.59083333,74.90638889,25-05-2016 00:00,7.51,790,410.8,0,427,"",17.75,"",0,"","","",290,26.052,54.72,45.1,"",0.49,"","","","","","","","",""
1303,Khairi (Bishnah),CGWB,1,Jammu & Kashmir,5,JAMMU,BISHNA,BISHNA,Khairi,-,-,-,-,-,-,32.59083333,74.90638889,30-05-2021 08:00,7.3,667,"",0,67.1,"",92.17,"",59,"","","",160,36,17.0128,37.8,"","","","","","","","","","",""
1304,Khairi (Raipur),CGWB,1,Jammu & Kashmir,5,JAMMU,JAMMU,JAMMU,Khairi,-,-,-,-,-,-,32.80750000,74.85750000,25-05-2013 00:00,8.33,670,"",36,171,200.2,60,"",57,"","","",230,16,46.21,63,"",0.47,"","","","","","","","",""
1305,Khairi (Raipur),CGWB,1,Jammu & Kashmir,5,JAMMU,JAMMU,JAMMU,Khairi,-,-,-,-,-,-,32.80750000,74.85750000,25-05-2014 00:00,7.45,12190,"",0,516,422.95,36,"",201,"","","",290,44,43.82,80,"",1.24,"","","","","","","","",""
1306,Khairi (Raipur),CGWB,1,Jammu & Kashmir,5,JAMMU,JAMMU,JAMMU,Khairi,-,-,-,-,-,-,32.80750000,74.85750000,25-05-2015 00:00,8.01,630,"",0,390,319.67,36,"",27,"","","",300,48,43.82,58,"","","","","","","","","","",""
1307,Khairi (Raipur),CGWB,1,Jammu & Kashmir,5,JAMMU,JAMMU,JAMMU,Khairi,-,-,-,-,-,-,32.80750000,74.85750000,25-05-2016 00:00,8.37,269,139.88,12,109.8,"",10.65,"",41.862846,"","","",124.93,16.032,20.654976,20.9,"",0,"","","","","","","","",""
1308,Khairi (Raipur),CGWB,1,Jammu & Kashmir,5,JAMMU,JAMMU,JAMMU,Khairi,-,-,-,-,-,-,32.80750000,74.85750000,30-05-2019 08:00,6.9,470,636,0,238,"",27,"","","","","",293,35,50,14.2,"","","","","","","","","","",""
1309,Khairi (Raipur),CGWB,1,Jammu & Kashmir,5,JAMMU,JAMMU,JAMMU,Khairi,-,-,-,-,-,-,32.80750000,74.85750000,30-05-2020 08:00,6.9,470,"","",238,"",27,"","","","","","",35,50,14.2,"","","","","","","","","","",""
1310,Khairi (Raipur),CGWB,1,Jammu & Kashmir,5,JAMMU,JAMMU,JAMMU,Khairi,-,-,-,-,-,-,32.80750000,74.85750000,30-05-2021 08:00,7.75,540,"",0,244.08,"",28.36,"",33.6,"","","",200,48,19.4432,32.2,"","","","","","","","","","",""
1311,Khanpora,CGWB,1,Jammu & Kashmir,8,KUPWARA,HANDWARA,HANDWARA,Khanpora,-,-,-,-,-,-,34.43861111,74.27305556,25-05-2013 00:00,7.53,490,"",0,238,195.1,25,"",39,"","","",230,68,14.67,18,"",0.05,"","","","","","","","",""
1312,Khanpora,CGWB,1,Jammu & Kashmir,8,KUPWARA,HANDWARA,HANDWARA,Khanpora,-,-,-,-,-,-,34.43861111,74.27305556,25-05-2014 00:00,7.78,500,"",0,268,219.67,43,"",16,"","","",270,88,12.26,12.8,"",0.7,"","","","","","","","",""
1313,Khanpora,CGWB,1,Jammu & Kashmir,8,KUPWARA,HANDWARA,HANDWARA,Khanpora,-,-,-,-,-,-,34.43861111,74.27305556,25-05-2015 00:00,8.23,310,"",0,189,154.92,7,"",23,"","","",175,42,17,6.3,"",0.13,"","","","","","","","",""
1314,Khanpora,CGWB,1,Jammu & Kashmir,8,KUPWARA,HANDWARA,HANDWARA,Khanpora,-,-,-,-,-,-,34.43861111,74.27305556,25-05-2016 00:00,7.51,390,202.8,0,214,"",11,"",7.8785815,"","","",186,29,28,6,"",0,"","","","","","","","",""
1315,Khanpora,CGWB,1,Jammu & Kashmir,8,KUPWARA,HANDWARA,HANDWARA,Khanpora,-,-,-,-,-,-,34.43861111,74.27305556,30-05-2019 08:00,8.1,370,360,0,146,"",54,"","","","","",163,17,29,17,"","","","","","","","","","",""
1316,Khanpora,CGWB,1,Jammu & Kashmir,8,KUPWARA,HANDWARA,HANDWARA,Khanpora,-,-,-,-,-,-,34.43861111,74.27305556,30-05-2020 08:00,8.1,370,"","",146,"",54,"","","","","","",17,29,17,"","","","","","","","","","",""
1317,Khanpur,CGWB,1,Jammu & Kashmir,7,KATHUA,HIRANAGAR,HIRANAGAR,Khanpur,-,-,-,-,-,-,32.42500000,75.35611111,25-05-2000 00:00,8.36,293,"",12,153,"",7.1,"","","","","",155,44,10.99,"","","","","","","","","","","",""
1318,Khanpur,CGWB,1,Jammu & Kashmir,7,KATHUA,HIRANAGAR,HIRANAGAR,Khanpur,-,-,-,-,-,-,32.42500000,75.35611111,25-05-2001 00:00,8.34,348,"",18,134,"",11,"","","","","",170,50,11,12,"","","","","","","","","","",""
1319,Khanpur,CGWB,1,Jammu & Kashmir,7,KATHUA,HIRANAGAR,HIRANAGAR,Khanpur,-,-,-,-,-,-,32.42500000,75.35611111,25-05-2002 00:00,7.6,312,"",0,183,"",11,"","","","","",144,44,8.32,9.5,"",0.8,"","","","","","","","",""
1320,Khanpur,CGWB,1,Jammu & Kashmir,7,KATHUA,HIRANAGAR,HIRANAGAR,Khanpur,-,-,-,-,-,-,32.42500000,75.35611111,25-05-2003 00:00,7.8,300,"",0,140,"",7.1,"","","","","",130,40,7.34,10,"","","","","","","","","","",""
1321,Khanpur,CGWB,1,Jammu & Kashmir,7,KATHUA,HIRANAGAR,HIRANAGAR,Khanpur,-,-,-,-,-,-,32.42500000,75.35611111,25-05-2004 00:00,7.7,390,"",0,195,"",11,"","","","","",180,52,12.22,10,"","","","","","","","","","",""
1322,Khanpur,CGWB,1,Jammu & Kashmir,7,KATHUA,HIRANAGAR,HIRANAGAR,Khanpur,-,-,-,-,-,-,32.42500000,75.35611111,25-05-2005 00:00,7.65,342,"",0,168,"",11,"","","","","",159,50,8.33,8.5,"","","","","","","","","","",""
1323,Khanpur,CGWB,1,Jammu & Kashmir,7,KATHUA,HIRANAGAR,HIRANAGAR,Khanpur,-,-,-,-,-,-,32.42500000,75.35611111,25-05-2006 00:00,7.75,357,"",0,183,"",14,"","","","","",148,45,8.69,10,"","","","","","","","","","",""
1324,Khanpur,CGWB,1,Jammu & Kashmir,7,KATHUA,HIRANAGAR,HIRANAGAR,Khanpur,-,-,-,-,-,-,32.42500000,75.35611111,25-05-2007 00:00,8.17,330,"",0,189,"",11,"","","","","",155,46,9.78,9.6,"","","","","","","","","","",""
1325,Khanpur,CGWB,1,Jammu & Kashmir,7,KATHUA,HIRANAGAR,HIRANAGAR,Khanpur,-,-,-,-,-,-,32.42500000,75.35611111,25-05-2008 00:00,7.3,350,"",0,201,"",18,"",0,"","","",170,48,12.21,11,"",0.11,"","","","","","","","",""
1326,Khanpur,CGWB,1,Jammu & Kashmir,7,KATHUA,HIRANAGAR,HIRANAGAR,Khanpur,-,-,-,-,-,-,32.42500000,75.35611111,25-05-2009 00:00,7.8,340,"",0,220,"",7.1,"",0.01,"","","",175,42,17.07,9.7,"",0.14,"","","","","","","","",""
1327,Khanpur,CGWB,1,Jammu & Kashmir,7,KATHUA,HIRANAGAR,HIRANAGAR,Khanpur,-,-,-,-,-,-,32.42500000,75.35611111,25-05-2010 00:00,8.47,230,"",6,128,"",11,"",0,"","","",105,30,7.33,10,"","","","","","","","","","",""
1328,Khanpur,CGWB,1,Jammu & Kashmir,7,KATHUA,HIRANAGAR,HIRANAGAR,Khanpur,-,-,-,-,-,-,32.42500000,75.35611111,25-05-2012 00:00,7.88,360,"",0,207,"",11,"",0.01,"","","",174,50,12,9.4,"",0.21,"","","","","","","","",""
1329,Khanpur,CGWB,1,Jammu & Kashmir,7,KATHUA,HIRANAGAR,HIRANAGAR,Khanpur,-,-,-,-,-,-,32.42500000,75.35611111,25-05-2013 00:00,8.1,350,"",0,208,170.5,7,"",19,"","","",175,70,0.09,13,"","","","","","","","","","",""
1330,Khanpur,CGWB,1,Jammu & Kashmir,7,KATHUA,HIRANAGAR,HIRANAGAR,Khanpur,-,-,-,-,-,-,32.42500000,75.35611111,25-05-2014 00:00,7.74,290,"",0,177,145.08,7.1,"",2,"","","",150,46,8.57,5.5,"",0.96,"","","","","","","","",""
1331,Khanpur,CGWB,1,Jammu & Kashmir,7,KATHUA,HIRANAGAR,HIRANAGAR,Khanpur,-,-,-,-,-,-,32.42500000,75.35611111,25-05-2015 00:00,8.08,250,"",0,140,114.75,14.2,"",17,"","","",135,26,17.05,9.7,"","","","","","","","","","",""
1332,Khanpur,CGWB,1,Jammu & Kashmir,7,KATHUA,HIRANAGAR,HIRANAGAR,Khanpur,-,-,-,-,-,-,32.42500000,75.35611111,25-05-2016 00:00,7.35,320,166.4,0,195.2,"",14.2,"",42.084263,"","","",210,54.108,18.24,9.16,"",0.2,"","","","","","","","",""
1333,Khour,CGWB,1,Jammu & Kashmir,5,JAMMU,AKHNOOR,AKHNOOR,Khour,-,-,-,-,-,-,32.82916667,74.51666667,25-05-2000 00:00,7.68,558,"",0,283,"",24,"","","","","",247,80,11.52,15,"","","","","","","","","","",""
1334,Khour,CGWB,1,Jammu & Kashmir,5,JAMMU,AKHNOOR,AKHNOOR,Khour,-,-,-,-,-,-,32.82916667,74.51666667,25-05-2001 00:00,7.41,700,"",0,265,"",35,"","","","","",380,124,17.17,7.8,"","","","","","","","","","",""
1335,Khour,CGWB,1,Jammu & Kashmir,5,JAMMU,AKHNOOR,AKHNOOR,Khour,-,-,-,-,-,-,32.82916667,74.51666667,25-05-2002 00:00,7.65,690,"",0,311,"",28,"","","","","",283,94,11.78,15,"",0.07,"","","","","","","","",""
1336,Khour,CGWB,1,Jammu & Kashmir,5,JAMMU,AKHNOOR,AKHNOOR,Khour,-,-,-,-,-,-,32.82916667,74.51666667,25-05-2003 00:00,7.7,800,"",0,256,"",43,"","","","","",290,88,17.13,24,"","","","","","","","","","",""
1337,Khour,CGWB,1,Jammu & Kashmir,5,JAMMU,AKHNOOR,AKHNOOR,Khour,-,-,-,-,-,-,32.82916667,74.51666667,25-05-2004 00:00,7.7,740,"",0,360,"",23,"","","","","",305,94,17.13,25,"","","","","","","","","","",""
1338,Khour,CGWB,1,Jammu & Kashmir,5,JAMMU,AKHNOOR,AKHNOOR,Khour,-,-,-,-,-,-,32.82916667,74.51666667,25-05-2005 00:00,7.5,460,"",0,179,"",18,"","","","","",202,62,11.5,13,"","","","","","","","","","",""
1339,Khour,CGWB,1,Jammu & Kashmir,5,JAMMU,AKHNOOR,AKHNOOR,Khour,-,-,-,-,-,-,32.82916667,74.51666667,25-05-2006 00:00,7.5,460,"",0,250,"",14,"","","","","",240,79,10.43,11,"","","","","","","","","","",""
1340,Khour,CGWB,1,Jammu & Kashmir,5,JAMMU,AKHNOOR,AKHNOOR,Khour,-,-,-,-,-,-,32.82916667,74.51666667,25-05-2007 00:00,8.05,253,"",0,122,"",14,"","","","","",95,22,9.75,7.9,"","","","","","","","","","",""
1341,Khour,CGWB,1,Jammu & Kashmir,5,JAMMU,AKHNOOR,AKHNOOR,Khour,-,-,-,-,-,-,32.82916667,74.51666667,25-05-2008 00:00,7.5,568,"",0,287,"",7.1,"",28,"","","",265,90,9.83,7.8,"",0.56,"","","","","","","","",""
1342,Khour,CGWB,1,Jammu & Kashmir,5,JAMMU,AKHNOOR,AKHNOOR,Khour,-,-,-,-,-,-,32.82916667,74.51666667,25-05-2009 00:00,7.4,542,"",0,274,"",11,"",20,"","","",245,59,23.78,5.4,"",0.76,"","","","","","","","",""
1343,Khour,CGWB,1,Jammu & Kashmir,5,JAMMU,AKHNOOR,AKHNOOR,Khour,-,-,-,-,-,-,32.82916667,74.51666667,25-05-2012 00:00,7.17,1060,"",0,311,"",18,"",300,"","","",579,218,8.5,7.5,"",0.2,"","","","","","","","",""
1344,Khour,CGWB,1,Jammu & Kashmir,5,JAMMU,AKHNOOR,AKHNOOR,Khour,-,-,-,-,-,-,32.82916667,74.51666667,25-05-2013 00:00,7.71,490,"",0,177,145.1,18,"",25,"","","",175,46,14.64,15,"",0.13,"","","","","","","","",""
1345,Khour,CGWB,1,Jammu & Kashmir,5,JAMMU,AKHNOOR,AKHNOOR,Khour,-,-,-,-,-,-,32.82916667,74.51666667,25-05-2015 00:00,8.16,41,"",0,110,90.16,36,"",49,"","","",145,24,20.7,25.3,"",1.18,"","","","","","","","",""
1346,Khour,CGWB,1,Jammu & Kashmir,5,JAMMU,AKHNOOR,AKHNOOR,Khour,-,-,-,-,-,-,32.82916667,74.51666667,25-05-2016 00:00,8.17,305,158.6,0,85.4,"",35.5,"",46.33362,"","","",148.955,38.076,13.121856,10.52,"",0.02,"","","","","","","","",""
1347,Khour,CGWB,1,Jammu & Kashmir,5,JAMMU,AKHNOOR,AKHNOOR,Khour,-,-,-,-,-,-,32.82916667,74.51666667,30-05-2019 08:00,7.45,450,156,0,238,"",27,"","","","","",217,74,8,23.9,"","","","","","","","","","",""
1348,Khour,CGWB,1,Jammu & Kashmir,5,JAMMU,AKHNOOR,AKHNOOR,Khour,-,-,-,-,-,-,32.82916667,74.51666667,30-05-2020 08:00,7.45,450,"","",238,"",27,"","","","","","",74,8,23.9,"","","","","","","","","","",""
1349,Khour,CGWB,1,Jammu & Kashmir,5,JAMMU,AKHNOOR,AKHNOOR,Khour,-,-,-,-,-,-,32.82916667,74.51666667,30-05-2021 08:00,7.1,925,"",0,256.2,"",77.99,"",25,"","","",260,44,36.456,41.75,"","","","","","","","","","",""
1350,Khukhial,CGWB,1,Jammu & Kashmir,7,KATHUA,KATHUA,KATHUA,Khukhial,-,-,-,-,-,-,32.35000000,75.46666667,25-05-2000 00:00,8.45,1105,"",12,403,"",77,"","","","","",312,67,35.21,"","","","","","","","","","","",""
1351,Khukhial,CGWB,1,Jammu & Kashmir,7,KATHUA,KATHUA,KATHUA,Khukhial,-,-,-,-,-,-,32.35000000,75.46666667,25-05-2001 00:00,7.95,980,"",0,467,"",7.1,"","","","","",395,110,29.31,63,"","","","","","","","","","",""
1352,Khukhial,CGWB,1,Jammu & Kashmir,7,KATHUA,KATHUA,KATHUA,Khukhial,-,-,-,-,-,-,32.35000000,75.46666667,25-05-2002 00:00,8.05,1075,"",0,433,"",56,"","","","","",332,91,25.52,50,"",0.1,"","","","","","","","",""
1353,Khukhial,CGWB,1,Jammu & Kashmir,7,KATHUA,KATHUA,KATHUA,Khukhial,-,-,-,-,-,-,32.35000000,75.46666667,25-05-2003 00:00,8.05,1090,"",0,390,"",53,"","","","","",360,94,30.51,50,"","","","","","","","","","",""
1354,Khukhial,CGWB,1,Jammu & Kashmir,7,KATHUA,KATHUA,KATHUA,Khukhial,-,-,-,-,-,-,32.35000000,75.46666667,25-05-2004 00:00,7.8,1400,"",0,567,"",78,"","","","","",460,146,23.27,70,"","","","","","","","","","",""
1355,Khukhial,CGWB,1,Jammu & Kashmir,7,KATHUA,KATHUA,KATHUA,Khukhial,-,-,-,-,-,-,32.35000000,75.46666667,25-05-2005 00:00,7.88,1165,"",0,449,"",61,"","","","","",394,123,21.18,32,"","","","","","","","","","",""
1356,Khukhial,CGWB,1,Jammu & Kashmir,7,KATHUA,KATHUA,KATHUA,Khukhial,-,-,-,-,-,-,32.35000000,75.46666667,25-05-2006 00:00,8.05,820,"",0,323,"",60,"","","","","",415,40,76.64,6.8,"","","","","","","","","","",""
1357,Khukhial,CGWB,1,Jammu & Kashmir,7,KATHUA,KATHUA,KATHUA,Khukhial,-,-,-,-,-,-,32.35000000,75.46666667,25-05-2007 00:00,8.2,918,"",0,336,"",71,"","","","","",255,48,32.88,50,"","","","","","","","","","",""
1358,Khukhial,CGWB,1,Jammu & Kashmir,7,KATHUA,KATHUA,KATHUA,Khukhial,-,-,-,-,-,-,32.35000000,75.46666667,25-05-2008 00:00,7.74,1180,"",0,531,"",85,"",50,"","","",400,124,22.03,64,"",0.32,"","","","","","","","",""
1359,Khukhial,CGWB,1,Jammu & Kashmir,7,KATHUA,KATHUA,KATHUA,Khukhial,-,-,-,-,-,-,32.35000000,75.46666667,25-05-2009 00:00,7.7,1030,"",0,567,"",43,"",49,"","","",400,98,37.8,50,"",0.18,"","","","","","","","",""
1360,Khukhial,CGWB,1,Jammu & Kashmir,7,KATHUA,KATHUA,KATHUA,Khukhial,-,-,-,-,-,-,32.35000000,75.46666667,25-05-2010 00:00,8.45,1100,"",18,598,"",67,"",16,"","","",430,124,29.33,49,"","","","","","","","","","",""
1361,Khukhial,CGWB,1,Jammu & Kashmir,7,KATHUA,KATHUA,KATHUA,Khukhial,-,-,-,-,-,-,32.35000000,75.46666667,25-05-2012 00:00,8.12,970,"",0,525,"",57,"",45,"","","",380,98,33,45,"",0.8,"","","","","","","","",""
1362,Khukhial,CGWB,1,Jammu & Kashmir,7,KATHUA,KATHUA,KATHUA,Khukhial,-,-,-,-,-,-,32.35000000,75.46666667,25-05-2013 00:00,8.04,870,"",0,323,264.8,46,"",38,"","","",165,46,12.21,55,"","","","","","","","","","",""
1363,Khukhial,CGWB,1,Jammu & Kashmir,7,KATHUA,KATHUA,KATHUA,Khukhial,-,-,-,-,-,-,32.35000000,75.46666667,25-05-2014 00:00,7.76,520,"",0,317,259.84,11,"",53,"","","",230,68,14.67,38,"",2.38,"","","","","","","","",""
1364,Khukhial,CGWB,1,Jammu & Kashmir,7,KATHUA,KATHUA,KATHUA,Khukhial,-,-,-,-,-,-,32.35000000,75.46666667,25-05-2015 00:00,8.53,900,"","",476,390.16,50,"",76,"","","",350,100,24.43,51.4,"",0.26,"","","","","","","","",""
1365,Khukhial,CGWB,1,Jammu & Kashmir,7,KATHUA,KATHUA,KATHUA,Khukhial,-,-,-,-,-,-,32.35000000,75.46666667,25-05-2016 00:00,7.46,760,395.2,0,402.6,"",63.9,"",109.386826,"","","",370,112.224,21.888,40.9,"",0.18,"","","","","","","","",""
1366,Khukhial,CGWB,1,Jammu & Kashmir,7,KATHUA,KATHUA,KATHUA,Khukhial,-,-,-,-,-,-,32.35000000,75.46666667,30-05-2021 08:00,7,1789,"",0,469.854,"",177.25,"",57.6,"","","",620,88,97.216,103,"","","","","","","","","","",""
1367,Kiayal,CGWB,1,Jammu & Kashmir,14,UDHAMPUR,RAMNAGAR,RAMNAGAR,Kiayal,-,-,-,-,-,-,32.69000000,75.22916667,25-05-2000 00:00,9.1,370,"",24,61,"",35,"","","","","",140,36,12.2,"","","","","","","","","","","",""
1368,Kiayal,CGWB,1,Jammu & Kashmir,14,UDHAMPUR,RAMNAGAR,RAMNAGAR,Kiayal,-,-,-,-,-,-,32.69000000,75.22916667,25-05-2001 00:00,7.67,428,"",0,201,"",31,"","","","","",209,63,12.6,24,"","","","","","","","","","",""
1369,Kiayal,CGWB,1,Jammu & Kashmir,14,UDHAMPUR,RAMNAGAR,RAMNAGAR,Kiayal,-,-,-,-,-,-,32.69000000,75.22916667,25-05-2003 00:00,7.8,860,"",0,334,"",78,"","","","","",415,132,20.83,27,"","","","","","","","","","",""
1370,Kiayal,CGWB,1,Jammu & Kashmir,14,UDHAMPUR,RAMNAGAR,RAMNAGAR,Kiayal,-,-,-,-,-,-,32.69000000,75.22916667,25-05-2004 00:00,7.71,750,"",0,311,"",93,"","","","","",175,28,25.56,92,"","","","","","","","","","",""
1371,Kiayal,CGWB,1,Jammu & Kashmir,14,UDHAMPUR,RAMNAGAR,RAMNAGAR,Kiayal,-,-,-,-,-,-,32.69000000,75.22916667,25-05-2005 00:00,8.06,688,"",0,246,"",82,"","","","","",284,84,18.09,37,"","","","","","","","","","",""
1372,Kiayal,CGWB,1,Jammu & Kashmir,14,UDHAMPUR,RAMNAGAR,RAMNAGAR,Kiayal,-,-,-,-,-,-,32.69000000,75.22916667,25-05-2006 00:00,8,755,"",0,287,"",67,"","","","","",135,22,19.48,123,"","","","","","","","","","",""
1373,Kiayal,CGWB,1,Jammu & Kashmir,14,UDHAMPUR,RAMNAGAR,RAMNAGAR,Kiayal,-,-,-,-,-,-,32.69000000,75.22916667,25-05-2007 00:00,8.07,747,"",0,323,"",71,"","","","","",165,32,20.71,105,"","","","","","","","","","",""
1374,Kiayal,CGWB,1,Jammu & Kashmir,14,UDHAMPUR,RAMNAGAR,RAMNAGAR,Kiayal,-,-,-,-,-,-,32.69000000,75.22916667,25-05-2008 00:00,8.2,455,"",0,199,"",46,"",18,"","","",205,60,13.45,18,"",0.69,"","","","","","","","",""
1375,Kiayal,CGWB,1,Jammu & Kashmir,14,UDHAMPUR,RAMNAGAR,RAMNAGAR,Kiayal,-,-,-,-,-,-,32.69000000,75.22916667,25-05-2009 00:00,7.5,1000,"",0,452,"",71,"",18,"","","",440,84,56.02,24,"",0.6,"","","","","","","","",""
1376,Kiayal,CGWB,1,Jammu & Kashmir,14,UDHAMPUR,RAMNAGAR,RAMNAGAR,Kiayal,-,-,-,-,-,-,32.69000000,75.22916667,25-05-2010 00:00,8.85,650,"",12,275,"",50,"",16,"","","",70,8,12.17,122,"",0.94,"","","","","","","","",""
1377,Kiayal,CGWB,1,Jammu & Kashmir,14,UDHAMPUR,RAMNAGAR,RAMNAGAR,Kiayal,-,-,-,-,-,-,32.69000000,75.22916667,25-05-2013 00:00,7.79,380,"",0,195,159.8,18,"",25,"","","",195,40,23.15,6.5,"","","","","","","","","","",""
1378,Konthal,CGWB,1,Jammu & Kashmir,7,KATHUA,HIRANAGAR,HIRANAGAR,Konthal,-,-,-,-,-,-,32.42361111,75.26027778,25-05-2000 00:00,8.54,487,"",12,189,"",31,"","","","","",230,62,18.31,"","","","","","","","","","","",""
1379,Konthal,CGWB,1,Jammu & Kashmir,7,KATHUA,HIRANAGAR,HIRANAGAR,Konthal,-,-,-,-,-,-,32.42361111,75.26027778,25-05-2001 00:00,8.12,417,"",0,146,"",25,"","","","","",180,56,9.79,26,"","","","","","","","","","",""
1380,Konthal,CGWB,1,Jammu & Kashmir,7,KATHUA,HIRANAGAR,HIRANAGAR,Konthal,-,-,-,-,-,-,32.42361111,75.26027778,25-05-2002 00:00,7.35,474,"",0,171,"",28,"","","","","",203,60,12.96,18,"",0.92,"","","","","","","","",""
1381,Konthal,CGWB,1,Jammu & Kashmir,7,KATHUA,HIRANAGAR,HIRANAGAR,Konthal,-,-,-,-,-,-,32.42361111,75.26027778,25-05-2003 00:00,7.5,740,"",0,214,"",57,"","","","","",275,74,21.97,42,"","","","","","","","","","",""
1382,Konthal,CGWB,1,Jammu & Kashmir,7,KATHUA,HIRANAGAR,HIRANAGAR,Konthal,-,-,-,-,-,-,32.42361111,75.26027778,25-05-2005 00:00,7.6,315,"",0,163,"",7.1,"","","","","",135,46,4.92,11,"","","","","","","","","","",""
1383,Konthal,CGWB,1,Jammu & Kashmir,7,KATHUA,HIRANAGAR,HIRANAGAR,Konthal,-,-,-,-,-,-,32.42361111,75.26027778,25-05-2006 00:00,7.65,630,"",0,238,"",53,"","","","","",281,74,23.43,27,"","","","","","","","","","",""
1384,Konthal,CGWB,1,Jammu & Kashmir,7,KATHUA,HIRANAGAR,HIRANAGAR,Konthal,-,-,-,-,-,-,32.42361111,75.26027778,25-05-2007 00:00,8.2,297,"",0,177,"",7.1,"","","","","",170,42,15.85,30,"","","","","","","","","","",""
1385,Konthal,CGWB,1,Jammu & Kashmir,7,KATHUA,HIRANAGAR,HIRANAGAR,Konthal,-,-,-,-,-,-,32.42361111,75.26027778,25-05-2008 00:00,7.12,625,"",0,238,"",53,"",26,"","","",280,68,26.83,23,"",0.31,"","","","","","","","",""
1386,Konthal,CGWB,1,Jammu & Kashmir,7,KATHUA,HIRANAGAR,HIRANAGAR,Konthal,-,-,-,-,-,-,32.42361111,75.26027778,25-05-2009 00:00,8,580,"",0,262,"",25,"",0,"","","",255,64,23.18,28,"",0.08,"","","","","","","","",""
1387,Konthal,CGWB,1,Jammu & Kashmir,7,KATHUA,HIRANAGAR,HIRANAGAR,Konthal,-,-,-,-,-,-,32.42361111,75.26027778,25-05-2010 00:00,8.8,260,"",12,73,"",25,"",0,"","","",90,12,14.6,18,"",0.95,"","","","","","","","",""
1388,Konthal,CGWB,1,Jammu & Kashmir,7,KATHUA,HIRANAGAR,HIRANAGAR,Konthal,-,-,-,-,-,-,32.42361111,75.26027778,25-05-2012 00:00,7.73,780,"",0,293,"",57,"",10,"","","",358,94,30,8.4,"",0.32,"","","","","","","","",""
1389,Konthal,CGWB,1,Jammu & Kashmir,7,KATHUA,HIRANAGAR,HIRANAGAR,Konthal,-,-,-,-,-,-,32.42361111,75.26027778,25-05-2013 00:00,8.13,460,"",0,263,215.6,18,"",27,"","","",200,66,8.59,33,"","","","","","","","","","",""
1390,Konthal,CGWB,1,Jammu & Kashmir,7,KATHUA,HIRANAGAR,HIRANAGAR,Konthal,-,-,-,-,-,-,32.42361111,75.26027778,25-05-2014 00:00,7.81,700,"",0,153,125.41,39,"",44,"","","",130,28,14.62,56,"",0.29,"","","","","","","","",""
1391,Konthal,CGWB,1,Jammu & Kashmir,7,KATHUA,HIRANAGAR,HIRANAGAR,Konthal,-,-,-,-,-,-,32.42361111,75.26027778,25-05-2015 00:00,7.99,820,"",0,146,119.67,92.3,"",100,"","","",280,56,34.11,74,"","","","","","","","","","",""
1392,Konthal,CGWB,1,Jammu & Kashmir,7,KATHUA,HIRANAGAR,HIRANAGAR,Konthal,-,-,-,-,-,-,32.42361111,75.26027778,25-05-2016 00:00,7.39,1070,556.4,0,390.4,"",156.2,"",172.522,"","","",560,136.272,53.504,79.7,"",0.15,"","","","","","","","",""
1393,Konthal,CGWB,1,Jammu & Kashmir,7,KATHUA,HIRANAGAR,HIRANAGAR,Konthal,-,-,-,-,-,-,32.42361111,75.26027778,30-05-2019 08:00,7.85,920,294,0,371,"",95,"","","","","",380,96,34,82,"","","","","","","","","","",""
1394,Konthal,CGWB,1,Jammu & Kashmir,7,KATHUA,HIRANAGAR,HIRANAGAR,Konthal,-,-,-,-,-,-,32.42361111,75.26027778,30-05-2020 08:00,7.85,920,"","",371,"",95,"","","","","","",96,34,82,"","","","","","","","","","",""
1395,Konthal,CGWB,1,Jammu & Kashmir,7,KATHUA,HIRANAGAR,HIRANAGAR,Konthal,-,-,-,-,-,-,32.42361111,75.26027778,30-05-2021 08:00,7.1,1150,"",0,298.9,"",145.345,"",60,"","","",380,100,31.5952,64,"","","","","","","","","","",""
1396,Kootah,CGWB,1,Jammu & Kashmir,7,KATHUA,HIRANAGAR,HIRANAGAR,Kootah,-,-,-,-,-,-,32.51138889,75.24166667,25-05-2000 00:00,7.75,535,"",0,262,"",31,"","","","","",231,79,8.24,"","","","","","","","","","","",""
1397,Kootah,CGWB,1,Jammu & Kashmir,7,KATHUA,HIRANAGAR,HIRANAGAR,Kootah,-,-,-,-,-,-,32.51138889,75.24166667,25-05-2001 00:00,8.53,324,"",12,61,"",32,"","","","","",120,24,14.62,19,"","","","","","","","","","",""
1398,Kootah,CGWB,1,Jammu & Kashmir,7,KATHUA,HIRANAGAR,HIRANAGAR,Kootah,-,-,-,-,-,-,32.51138889,75.24166667,25-05-2002 00:00,8.45,570,"","",238,"",39,"","","","","",230,77,9.21,32,"",0.18,"","","","","","","","",""
1399,Kootah,CGWB,1,Jammu & Kashmir,7,KATHUA,HIRANAGAR,HIRANAGAR,Kootah,-,-,-,-,-,-,32.51138889,75.24166667,25-05-2003 00:00,7.5,570,"",0,214,"",32,"","","","","",240,82,8.61,15,"","","","","","","","","","",""
1400,Kootah,CGWB,1,Jammu & Kashmir,7,KATHUA,HIRANAGAR,HIRANAGAR,Kootah,-,-,-,-,-,-,32.51138889,75.24166667,25-05-2004 00:00,8.27,535,"",0,214,"",32,"","","","","",220,72,9.81,19,"","","","","","","","","","",""
1401,Kootah,CGWB,1,Jammu & Kashmir,7,KATHUA,HIRANAGAR,HIRANAGAR,Kootah,-,-,-,-,-,-,32.51138889,75.24166667,25-05-2006 00:00,8.07,545,"",0,226,"",43,"","","","","",280,84,17.12,11,"","","","","","","","","","",""
1402,Kootah,CGWB,1,Jammu & Kashmir,7,KATHUA,HIRANAGAR,HIRANAGAR,Kootah,-,-,-,-,-,-,32.51138889,75.24166667,25-05-2007 00:00,8.45,497,"",24,104,"",46,"","","","","",205,68,8.59,15,"","","","","","","","","","",""
1403,Kootah,CGWB,1,Jammu & Kashmir,7,KATHUA,HIRANAGAR,HIRANAGAR,Kootah,-,-,-,-,-,-,32.51138889,75.24166667,25-05-2008 00:00,7.08,540,"",0,183,"",43,"",24,"","","",235,60,20.74,14,"","","","","","","","","","",""
1404,Kootah,CGWB,1,Jammu & Kashmir,7,KATHUA,HIRANAGAR,HIRANAGAR,Kootah,-,-,-,-,-,-,32.51138889,75.24166667,25-05-2009 00:00,7.9,550,"",0,216,"",32,"",10,"","","",265,78,17.11,14,"",0.18,"","","","","","","","",""
1405,Kootah,CGWB,1,Jammu & Kashmir,7,KATHUA,HIRANAGAR,HIRANAGAR,Kootah,-,-,-,-,-,-,32.51138889,75.24166667,25-05-2010 00:00,7.9,540,"",0,262,"",36,"",0,"","","",250,82,11.04,14,"","","","","","","","","","",""
1406,Kootah,CGWB,1,Jammu & Kashmir,7,KATHUA,HIRANAGAR,HIRANAGAR,Kootah,-,-,-,-,-,-,32.51138889,75.24166667,25-05-2012 00:00,7.81,560,"",0,220,"",39,"",14,"","","",274,80,18,9.3,"",1.85,"","","","","","","","",""
1407,Kootah,CGWB,1,Jammu & Kashmir,7,KATHUA,HIRANAGAR,HIRANAGAR,Kootah,-,-,-,-,-,-,32.51138889,75.24166667,25-05-2014 00:00,7.8,580,"",0,238,195.08,53,"",7,"","","",210,74,6.17,33,"",0.1,"","","","","","","","",""
1408,Kootah,CGWB,1,Jammu & Kashmir,7,KATHUA,HIRANAGAR,HIRANAGAR,Kootah,-,-,-,-,-,-,32.51138889,75.24166667,25-05-2015 00:00,8.16,580,"",0,244,200,39.1,"",2,"","","",215,62,14.66,34,"","","","","","","","","","",""
1409,Kootah,CGWB,1,Jammu & Kashmir,7,KATHUA,HIRANAGAR,HIRANAGAR,Kootah,-,-,-,-,-,-,32.51138889,75.24166667,25-05-2016 00:00,8.27,290,150.8,0,146.4,"",39.05,"",42.84023,"","","",185,36.072,23.104,15.92,"",5,"","","","","","","","",""
1410,Kootah,CGWB,1,Jammu & Kashmir,7,KATHUA,HIRANAGAR,HIRANAGAR,Kootah,-,-,-,-,-,-,32.51138889,75.24166667,30-05-2019 08:00,8.08,490,264,0,199,"",61,"","","","","",228,52,24,42,"","","","","","","","","","",""
1411,Kootah,CGWB,1,Jammu & Kashmir,7,KATHUA,HIRANAGAR,HIRANAGAR,Kootah,-,-,-,-,-,-,32.51138889,75.24166667,30-05-2020 08:00,8.08,490,"","",199,"",61,"","","","","","",52,24,42,"","","","","","","","","","",""
1412,Kootah,CGWB,1,Jammu & Kashmir,7,KATHUA,HIRANAGAR,HIRANAGAR,Kootah,-,-,-,-,-,-,32.51138889,75.24166667,30-05-2021 08:00,7.1,840,"",0,305,"",56.72,"",30,"","","",230,76,9.7216,54.2,"","","","","","","","","","",""
1413,Kotepanu,CGWB,1,Jammu & Kashmir,7,KATHUA,KATHUA,KATHUA,Kotepanu,-,-,-,-,-,-,32.34583333,75.37583333,25-05-2000 00:00,8.3,321,"",9,128,"",24,"","","","","",100,20,12.18,"","","","","","","","","","","",""
1414,Kotepanu,CGWB,1,Jammu & Kashmir,7,KATHUA,KATHUA,KATHUA,Kotepanu,-,-,-,-,-,-,32.34583333,75.37583333,25-05-2001 00:00,7.63,423,"",0,317,"",11,"","","","","",195,40,23.15,35,"","","","","","","","","","",""
1415,Kotepanu,CGWB,1,Jammu & Kashmir,7,KATHUA,KATHUA,KATHUA,Kotepanu,-,-,-,-,-,-,32.34583333,75.37583333,25-05-2002 00:00,7.2,400,"",0,214,"",11,"","","","","",188,56,11.74,8.6,"","","","","","","","","","",""
1416,Kotepanu,CGWB,1,Jammu & Kashmir,7,KATHUA,KATHUA,KATHUA,Kotepanu,-,-,-,-,-,-,32.34583333,75.37583333,25-05-2003 00:00,7.5,600,"",0,294,"",14,"","","","","",210,62,13.45,35,"","","","","","","","","","",""
1417,Kotepanu,CGWB,1,Jammu & Kashmir,7,KATHUA,KATHUA,KATHUA,Kotepanu,-,-,-,-,-,-,32.34583333,75.37583333,25-05-2004 00:00,7.3,600,"",0,305,"",14,"","","","","",220,72,9.81,19,"","","","","","","","","","",""
1418,Kotepanu,CGWB,1,Jammu & Kashmir,7,KATHUA,KATHUA,KATHUA,Kotepanu,-,-,-,-,-,-,32.34583333,75.37583333,25-05-2005 00:00,7.4,900,"",0,421,"",72,"","","","","",216,67,11.87,108,"","","","","","","","","","",""
1419,Kotepanu,CGWB,1,Jammu & Kashmir,7,KATHUA,KATHUA,KATHUA,Kotepanu,-,-,-,-,-,-,32.34583333,75.37583333,25-05-2006 00:00,7.65,247,"",0,177,"",14,"","","","","",128,37,8.68,19,"","","","","","","","","","",""
1420,Kotepanu,CGWB,1,Jammu & Kashmir,7,KATHUA,KATHUA,KATHUA,Kotepanu,-,-,-,-,-,-,32.34583333,75.37583333,25-05-2007 00:00,7.75,392,"",0,238,"",9,"","","","","",165,42,14.64,19,"","","","","","","","","","",""
1421,Kotepanu,CGWB,1,Jammu & Kashmir,7,KATHUA,KATHUA,KATHUA,Kotepanu,-,-,-,-,-,-,32.34583333,75.37583333,25-05-2008 00:00,7.19,572,"",0,244,"",53,"",15,"","","",255,52,30.45,14,"",0.51,"","","","","","","","",""
1422,Kotepanu,CGWB,1,Jammu & Kashmir,7,KATHUA,KATHUA,KATHUA,Kotepanu,-,-,-,-,-,-,32.34583333,75.37583333,25-05-2009 00:00,7.7,560,"",0,305,"",11,"",5,"","","",245,84,8.61,15,"",0.18,"","","","","","","","",""
1423,Kotepanu,CGWB,1,Jammu & Kashmir,7,KATHUA,KATHUA,KATHUA,Kotepanu,-,-,-,-,-,-,32.34583333,75.37583333,25-05-2010 00:00,7.9,320,"",0,189,"",12,"",8,"","","",140,36,12.2,16,"",0.72,"","","","","","","","",""
1424,Kotepanu,CGWB,1,Jammu & Kashmir,7,KATHUA,KATHUA,KATHUA,Kotepanu,-,-,-,-,-,-,32.34583333,75.37583333,25-05-2012 00:00,7.52,420,"",0,244,"",7.1,"",0.01,"","","",179,52,12,11,"",0.91,"","","","","","","","",""
1425,Kotepanu,CGWB,1,Jammu & Kashmir,7,KATHUA,KATHUA,KATHUA,Kotepanu,-,-,-,-,-,-,32.34583333,75.37583333,25-05-2013 00:00,7.97,420,"",0,238,195.1,11,"",35,"","","",180,52,12.22,26,"","","","","","","","","","",""
1426,Kotepanu,CGWB,1,Jammu & Kashmir,7,KATHUA,KATHUA,KATHUA,Kotepanu,-,-,-,-,-,-,32.34583333,75.37583333,25-05-2014 00:00,7.36,250,"",0,165,135.25,11,"",7,"","","",140,22,20.69,7.2,"",0.39,"","","","","","","","",""
1427,Kotepanu,CGWB,1,Jammu & Kashmir,7,KATHUA,KATHUA,KATHUA,Kotepanu,-,-,-,-,-,-,32.34583333,75.37583333,25-05-2015 00:00,8.08,240,"",0,153,125.41,11,"",24,"","","",130,22,18.26,15,"",0.22,"","","","","","","","",""
1428,Kotepanu,CGWB,1,Jammu & Kashmir,7,KATHUA,KATHUA,KATHUA,Kotepanu,-,-,-,-,-,-,32.34583333,75.37583333,25-05-2016 00:00,7.15,460,239.2,0,292.8,"",14.2,"",18.286392,"","","",245,32.064,40.128,14.9,"",0.93,"","","","","","","","",""
1429,Kotepanu,CGWB,1,Jammu & Kashmir,7,KATHUA,KATHUA,KATHUA,Kotepanu,-,-,-,-,-,-,32.34583333,75.37583333,30-05-2021 08:00,7.8,55,"",0,18.306,"",7.09,"",4.8,"","","",20,6,1.2152,4.6,"","","","","","","","","","",""
1430,Kothey Saini,CGWB,1,Jammu & Kashmir,5,JAMMU,BISHNA,BISHNA,Kothey Saini,-,-,-,-,-,-,32.57722222,74.88166667,25-05-2013 00:00,8.28,530,"",0,171,140.2,29,"",28,"","","",175,32,23.14,32,"",0.15,"","","","","","","","",""
1431,Kothey Saini,CGWB,1,Jammu & Kashmir,5,JAMMU,BISHNA,BISHNA,Kothey Saini,-,-,-,-,-,-,32.57722222,74.88166667,25-05-2014 00:00,7.65,920,"",0,282,231.15,71,"",105,"","","",340,70,40.2,61,"",0.44,"","","","","","","","",""
1432,Kothey Saini,CGWB,1,Jammu & Kashmir,5,JAMMU,BISHNA,BISHNA,Kothey Saini,-,-,-,-,-,-,32.57722222,74.88166667,25-05-2015 00:00,8.43,1140,"",42,543,515.08,114,"",52,"","","",500,92,65.76,106,"","","","","","","","","","",""
1433,Kothey Saini,CGWB,1,Jammu & Kashmir,5,JAMMU,BISHNA,BISHNA,Kothey Saini,-,-,-,-,-,-,32.57722222,74.88166667,25-05-2016 00:00,6.62,460,239.2,0,280.6,"",17.75,"",0,"","","",220,38.076,30.4,19.5,"",0.94,"","","","","","","","",""
1434,Kothey Saini,CGWB,1,Jammu & Kashmir,5,JAMMU,BISHNA,BISHNA,Kothey Saini,-,-,-,-,-,-,32.57722222,74.88166667,30-05-2019 08:00,8.17,380,282,0,225,"",14,"","","","","",206,26,34,25,"","","","","","","","","","",""
1435,Kothey Saini,CGWB,1,Jammu & Kashmir,5,JAMMU,BISHNA,BISHNA,Kothey Saini,-,-,-,-,-,-,32.57722222,74.88166667,30-05-2020 08:00,8.17,380,"","",225,"",14,"","","","","","",26,34,25,"","","","","","","","","","",""
1436,Kothey Saini,CGWB,1,Jammu & Kashmir,5,JAMMU,BISHNA,BISHNA,Kothey Saini,-,-,-,-,-,-,32.57722222,74.88166667,30-05-2021 08:00,7.3,843,"",0,85.4,"",170.16,"",20,"","","",200,20,36.456,56,"","","","","","","","","","",""
1437,Kothian,CGWB,1,Jammu & Kashmir,7,KATHUA,KATHUA,KATHUA,Kothian,-,-,-,-,-,-,32.36666667,75.50833333,25-05-2000 00:00,8.08,159,"",0,61,"",7.1,"","","","","",77,19,7.2,"","","","","","","","","","","",""
1438,Kothian,CGWB,1,Jammu & Kashmir,7,KATHUA,KATHUA,KATHUA,Kothian,-,-,-,-,-,-,32.36666667,75.50833333,25-05-2001 00:00,7.45,240,"",0,73,"",11,"","","","","",103,20,13,7,"","","","","","","","","","",""
1439,Kothian,CGWB,1,Jammu & Kashmir,7,KATHUA,KATHUA,KATHUA,Kothian,-,-,-,-,-,-,32.36666667,75.50833333,25-05-2002 00:00,7.5,227,"",0,79,"",11,"","","","","",109,28,9.52,6,"",0.1,"","","","","","","","",""
1440,Kothian,CGWB,1,Jammu & Kashmir,7,KATHUA,KATHUA,KATHUA,Kothian,-,-,-,-,-,-,32.36666667,75.50833333,25-05-2003 00:00,7.8,240,"",0,79,"",11,"","","","","",105,28,8.54,6.4,"","","","","","","","","","",""
1441,Kothian,CGWB,1,Jammu & Kashmir,7,KATHUA,KATHUA,KATHUA,Kothian,-,-,-,-,-,-,32.36666667,75.50833333,25-05-2004 00:00,7.15,265,"",0,79,"",14,"","","","","",105,36,3.69,10,"","","","","","","","","","",""
1442,Kothian,CGWB,1,Jammu & Kashmir,7,KATHUA,KATHUA,KATHUA,Kothian,-,-,-,-,-,-,32.36666667,75.50833333,25-05-2005 00:00,7.55,300,"",0,84,"",22,"","","","","",120,35,7.94,4.5,"","","","","","","","","","",""
1443,Kothian,CGWB,1,Jammu & Kashmir,7,KATHUA,KATHUA,KATHUA,Kothian,-,-,-,-,-,-,32.36666667,75.50833333,25-05-2006 00:00,8.8,265,"",18,49,"",18,"","","","","",125,34,9.77,4.91,"","","","","","","","","","",""
1444,Kothian,CGWB,1,Jammu & Kashmir,7,KATHUA,KATHUA,KATHUA,Kothian,-,-,-,-,-,-,32.36666667,75.50833333,25-05-2007 00:00,8.15,275,"",0,85,"",14,"","","","","",120,32,9.76,8.5,"","","","","","","","","","",""
1445,Kothian,CGWB,1,Jammu & Kashmir,7,KATHUA,KATHUA,KATHUA,Kothian,-,-,-,-,-,-,32.36666667,75.50833333,25-05-2008 00:00,7.06,258,"",0,104,"",14,"",20,"","","",115,32,8.55,7,"",0.68,"","","","","","","","",""
1446,Kothian,CGWB,1,Jammu & Kashmir,7,KATHUA,KATHUA,KATHUA,Kothian,-,-,-,-,-,-,32.36666667,75.50833333,25-05-2009 00:00,7.9,350,"",0,159,"",11,"",21,"","","",170,50,11,7.4,"",0.55,"","","","","","","","",""
1447,Kothian,CGWB,1,Jammu & Kashmir,7,KATHUA,KATHUA,KATHUA,Kothian,-,-,-,-,-,-,32.36666667,75.50833333,25-05-2013 00:00,7.96,340,"",0,183,150,18,"",5,"","","",145,32,15.84,18,"","","","","","","","","","",""
1448,Kothian,CGWB,1,Jammu & Kashmir,7,KATHUA,KATHUA,KATHUA,Kothian,-,-,-,-,-,-,32.36666667,75.50833333,25-05-2014 00:00,7.76,860,"",0,464,380.33,50,"",77,"","","",350,100,24.43,47,"",0.1,"","","","","","","","",""
1449,Kothian,CGWB,1,Jammu & Kashmir,7,KATHUA,KATHUA,KATHUA,Kothian,-,-,-,-,-,-,32.36666667,75.50833333,25-05-2015 00:00,7.89,310,"",0,134,109.84,18,"",21,"","","",155,42,12.21,8.6,"",2.14,"","","","","","","","",""
1450,Kothian,CGWB,1,Jammu & Kashmir,7,KATHUA,KATHUA,KATHUA,Kothian,-,-,-,-,-,-,32.36666667,75.50833333,25-05-2016 00:00,7.32,270,140.4,0,97.6,"",21.3,"",69.03059,"","","",180,40.08,19.456,8.5,"",0.03,"","","","","","","","",""
1451,Kothian,CGWB,1,Jammu & Kashmir,7,KATHUA,KATHUA,KATHUA,Kothian,-,-,-,-,-,-,32.36666667,75.50833333,30-05-2019 08:00,8.1,330,144,0,132,"",20,"","","","","",174,52,11,15,"","","","","","","","","","",""
1452,Kothian,CGWB,1,Jammu & Kashmir,7,KATHUA,KATHUA,KATHUA,Kothian,-,-,-,-,-,-,32.36666667,75.50833333,30-05-2020 08:00,8.1,330,"","",132,"",20,"","","","","","",52,11,15,"","","","","","","","","","",""
1453,Kothian,CGWB,1,Jammu & Kashmir,7,KATHUA,KATHUA,KATHUA,Kothian,-,-,-,-,-,-,32.36666667,75.50833333,30-05-2021 08:00,7.6,2710,"",0,225.774,"",794.08,"",67.2,"","","",1130,120,201.7232,115,"","","","","","","","","","",""
1454,Kot Kaswal,CGWB,1,Jammu & Kashmir,5,JAMMU,JAMMU,JAMMU,Kot Kaswal,-,-,-,-,-,-,32.79888889,75.10833333,25-05-2014 00:00,7.72,350,"",0,134,109.84,36,"",26,"","","",120,20,17.04,31,"",0.44,"","","","","","","","",""
1455,Kot Kaswal,CGWB,1,Jammu & Kashmir,5,JAMMU,JAMMU,JAMMU,Kot Kaswal,-,-,-,-,-,-,32.79888889,75.10833333,25-05-2015 00:00,8.21,290,"",0,128,104.92,35,"",0,"","","",100,12,17.03,26,"",5.83,"","","","","","","","",""
1456,Kot Kaswal,CGWB,1,Jammu & Kashmir,5,JAMMU,JAMMU,JAMMU,Kot Kaswal,-,-,-,-,-,-,32.79888889,75.10833333,30-05-2019 08:00,8.1,670,186,0,265,"",34,"","","","","",250,70,18,60,"","","","","","","","","","",""
1457,Kot Kaswal,CGWB,1,Jammu & Kashmir,5,JAMMU,JAMMU,JAMMU,Kot Kaswal,-,-,-,-,-,-,32.79888889,75.10833333,30-05-2020 08:00,8.1,670,"","",265,"",34,"","","","","","",70,18,60,"","","","","","","","","","",""
1458,Kot Kaswal,CGWB,1,Jammu & Kashmir,5,JAMMU,JAMMU,JAMMU,Kot Kaswal,-,-,-,-,-,-,32.79888889,75.10833333,30-05-2021 08:00,8,250,"",0,67.122,"",17.725,"",38.4,"","","",50,4,9.7216,34.5,"","","","","","","","","","",""
1459,Kotli Charkan,CGWB,1,Jammu & Kashmir,5,JAMMU,BISHNA,BISHNA,Kotli Charkan,-,-,-,-,-,-,32.61555556,74.83416667,25-05-2013 00:00,8.31,350,"",12,153,145.4,11,"",19,"","","",170,36,19.49,7.7,"","","","","","","","","","",""
1460,Kotli Charkan,CGWB,1,Jammu & Kashmir,5,JAMMU,BISHNA,BISHNA,Kotli Charkan,-,-,-,-,-,-,32.61555556,74.83416667,25-05-2014 00:00,7.9,390,"",0,235,192.62,18,"",15,"","","",220,24,38.93,7,"",1.14,"","","","","","","","",""
1461,Kotli Charkan,CGWB,1,Jammu & Kashmir,5,JAMMU,BISHNA,BISHNA,Kotli Charkan,-,-,-,-,-,-,32.61555556,74.83416667,25-05-2015 00:00,8.04,850,"",0,537,440.16,39.1,"",8,"","","",350,104,22.01,63,"","","","","","","","","","",""
1462,Kotli Charkan,CGWB,1,Jammu & Kashmir,5,JAMMU,BISHNA,BISHNA,Kotli Charkan,-,-,-,-,-,-,32.61555556,74.83416667,25-05-2016 00:00,7.29,700,364,0,402.6,"",28.4,"",67.36028,"","","",365,42.084,63.232,24.3,"",0.19,"","","","","","","","",""
1463,Kotli Charkan,CGWB,1,Jammu & Kashmir,5,JAMMU,BISHNA,BISHNA,Kotli Charkan,-,-,-,-,-,-,32.61555556,74.83416667,30-05-2019 08:00,7.95,470,660,0,291,"",34,"","","","","",239,30,40,28,"","","","","","","","","","",""
1464,Kotli Charkan,CGWB,1,Jammu & Kashmir,5,JAMMU,BISHNA,BISHNA,Kotli Charkan,-,-,-,-,-,-,32.61555556,74.83416667,30-05-2020 08:00,7.95,470,"","",291,"",34,"","","","","","",30,40,28,"","","","","","","","","","",""
1465,Kotli Charkan,CGWB,1,Jammu & Kashmir,5,JAMMU,BISHNA,BISHNA,Kotli Charkan,-,-,-,-,-,-,32.61555556,74.83416667,30-05-2021 08:00,7.86,1979,"",0,464,"",292,"",160,"","","",400,104,34,210,"","","","","","","","","","",""
1466,Kotli Pain,CGWB,1,Jammu & Kashmir,14,UDHAMPUR,UDHAMPURR,UDHAMPURR,Kotli Pain,-,-,-,-,-,-,32.90888889,75.09138889,25-05-2014 00:00,7.66,290,"",0,134,109.84,14,"",32,"","","",140,26,18.27,11,"",0.08,"","","","","","","","",""
1467,Kotli Pain,CGWB,1,Jammu & Kashmir,14,UDHAMPUR,UDHAMPURR,UDHAMPURR,Kotli Pain,-,-,-,-,-,-,32.90888889,75.09138889,30-05-2021 08:00,7.8,3020,"",0,732,"",397.04,"",230,"","","",390,44,68.0512,475,"","","","","","","","","","",""
1468,Krimichi,CGWB,1,Jammu & Kashmir,14,UDHAMPUR,UDHAMPURR,UDHAMPURR,Krimichi,-,-,-,-,-,-,32.96944444,75.11527778,25-05-2000 00:00,7.9,350,"",0,116,"",10,"","","","","",155,46,9.78,"","","","","","","","","","","",""
1469,Krimichi,CGWB,1,Jammu & Kashmir,14,UDHAMPUR,UDHAMPURR,UDHAMPURR,Krimichi,-,-,-,-,-,-,32.96944444,75.11527778,25-05-2001 00:00,7.75,602,"",0,344,"",31,"","","","","",265,74,19.54,58,"","","","","","","","","","",""
1470,Krimichi,CGWB,1,Jammu & Kashmir,14,UDHAMPUR,UDHAMPURR,UDHAMPURR,Krimichi,-,-,-,-,-,-,32.96944444,75.11527778,25-05-2002 00:00,7.3,807,"",0,436,"",14,"","","","","",309,80,26.6,48,"",0.08,"","","","","","","","",""
1471,Krimichi,CGWB,1,Jammu & Kashmir,14,UDHAMPUR,UDHAMPURR,UDHAMPURR,Krimichi,-,-,-,-,-,-,32.96944444,75.11527778,25-05-2003 00:00,7.6,880,"",0,439,"",57,"","","","","",358,103,24.56,58,"","","","","","","","","","",""
1472,Krimichi,CGWB,1,Jammu & Kashmir,14,UDHAMPUR,UDHAMPURR,UDHAMPURR,Krimichi,-,-,-,-,-,-,32.96944444,75.11527778,25-05-2004 00:00,8.13,510,"",0,287,"",14,"","","","","",150,18,25.55,44,"","","","","","","","","","",""
1473,Krimichi,CGWB,1,Jammu & Kashmir,14,UDHAMPUR,UDHAMPURR,UDHAMPURR,Krimichi,-,-,-,-,-,-,32.96944444,75.11527778,25-05-2005 00:00,7.9,775,"",0,426,"",18,"","","","","",270,34,45.02,93,"","","","","","","","","","",""
1474,Krimichi,CGWB,1,Jammu & Kashmir,14,UDHAMPUR,UDHAMPURR,UDHAMPURR,Krimichi,-,-,-,-,-,-,32.96944444,75.11527778,25-05-2007 00:00,8,446,"",0,274,"",14,"","","","","",175,28,25.56,36,"","","","","","","","","","",""
1475,Krimichi,CGWB,1,Jammu & Kashmir,14,UDHAMPUR,UDHAMPURR,UDHAMPURR,Krimichi,-,-,-,-,-,-,32.96944444,75.11527778,25-05-2008 00:00,7.5,741,"",0,476,"",18,"",5,"","","",310,74,30.48,49,"",0.87,"","","","","","","","",""
1476,Krimichi,CGWB,1,Jammu & Kashmir,14,UDHAMPUR,UDHAMPURR,UDHAMPURR,Krimichi,-,-,-,-,-,-,32.96944444,75.11527778,25-05-2009 00:00,7.8,480,"",0,281,"",11,"",0.01,"","","",160,28,21.92,37,"",0.39,"","","","","","","","",""
1477,Krimichi,CGWB,1,Jammu & Kashmir,14,UDHAMPUR,UDHAMPURR,UDHAMPURR,Krimichi,-,-,-,-,-,-,32.96944444,75.11527778,25-05-2010 00:00,8,420,"",0,244,"",18,"",10,"","","",145,22,21.91,43,"",0.37,"","","","","","","","",""
1478,Kunihala,CGWB,1,Jammu & Kashmir,5,JAMMU,JAMMU,JAMMU,Kunihala,-,-,-,-,-,-,32.83722222,75.03333333,25-05-2005 00:00,7.91,1450,"",0,511,"",149,"","","","","",545,68,91.26,92,"","","","","","","","","","",""
1479,Kunihala,CGWB,1,Jammu & Kashmir,5,JAMMU,JAMMU,JAMMU,Kunihala,-,-,-,-,-,-,32.83722222,75.03333333,25-05-2006 00:00,7.65,490,"",0,220,"",44,"","","","","",170,36,19.49,41,"","","","","","","","","","",""
1480,Kunihala,CGWB,1,Jammu & Kashmir,5,JAMMU,JAMMU,JAMMU,Kunihala,-,-,-,-,-,-,32.83722222,75.03333333,25-05-2007 00:00,7.75,312,"",0,177,"",14,"","","","","",145,44,8.56,9.6,"","","","","","","","","","",""
1481,Kunihala,CGWB,1,Jammu & Kashmir,5,JAMMU,JAMMU,JAMMU,Kunihala,-,-,-,-,-,-,32.83722222,75.03333333,25-05-2008 00:00,7.3,662,"",0,360,"",35,"",21,"","","",270,68,24.4,24,"",1.2,"","","","","","","","",""
1482,Kunihala,CGWB,1,Jammu & Kashmir,5,JAMMU,JAMMU,JAMMU,Kunihala,-,-,-,-,-,-,32.83722222,75.03333333,25-05-2010 00:00,8.21,360,"",0,159,"",43,"",8,"","","",140,22,20.69,20,"",8.45,"","","","","","","","",""
1483,Kunihala,CGWB,1,Jammu & Kashmir,5,JAMMU,JAMMU,JAMMU,Kunihala,-,-,-,-,-,-,32.83722222,75.03333333,25-05-2012 00:00,8.13,280,"",0,146,"",11,"",0,"","","",110,36,4.8,14,"",0.18,"","","","","","","","",""
1484,Kunihala,CGWB,1,Jammu & Kashmir,5,JAMMU,JAMMU,JAMMU,Kunihala,-,-,-,-,-,-,32.83722222,75.03333333,25-05-2015 00:00,8.09,265,"",0,92,75.41,35,"",3,"","","",105,34,4.9,14.4,"",0.23,"","","","","","","","",""
1485,Kunihala,CGWB,1,Jammu & Kashmir,5,JAMMU,JAMMU,JAMMU,Kunihala,-,-,-,-,-,-,32.83722222,75.03333333,25-05-2016 00:00,7.74,530,275.6,0,300,"",14,"",3.5649831,"","","",235,60,21,18,"",0,"","","","","","","","",""
1486,Kunihala,CGWB,1,Jammu & Kashmir,5,JAMMU,JAMMU,JAMMU,Kunihala,-,-,-,-,-,-,32.83722222,75.03333333,30-05-2019 08:00,7.97,360,1170,0,278,"",20,"","","","","",195,61,11,16,"","","","","","","","","","",""
1487,Kunihala,CGWB,1,Jammu & Kashmir,5,JAMMU,JAMMU,JAMMU,Kunihala,-,-,-,-,-,-,32.83722222,75.03333333,30-05-2020 08:00,7.97,360,"","",278,"",20,"","","","","","",61,11,16,"","","","","","","","","","",""
1488,Kunihala,CGWB,1,Jammu & Kashmir,5,JAMMU,JAMMU,JAMMU,Kunihala,-,-,-,-,-,-,32.83722222,75.03333333,30-05-2021 08:00,7.08,5580,"",0,207.4,"",1418,"",304,"","","",960,184,121.52,736.6,"","","","","","","","","","",""
1489,Kuperlah,CGWB,1,Jammu & Kashmir,14,UDHAMPUR,UDHAMPURR,UDHAMPURR,Kuperlah,-,-,-,-,-,-,32.85027778,75.18194444,25-05-2012 00:00,7.29,330,"",0,195,"",11,"",0,"","","",155,46,9.7,12,"",0.42,"","","","","","","","",""
1490,Kuperlah,CGWB,1,Jammu & Kashmir,14,UDHAMPUR,UDHAMPURR,UDHAMPURR,Kuperlah,-,-,-,-,-,-,32.85027778,75.18194444,25-05-2014 00:00,7.6,250,"",0,134,109.84,11,"",8,"","","",115,24,13.4,8.5,"",0.53,"","","","","","","","",""
1491,Kuperlah,CGWB,1,Jammu & Kashmir,14,UDHAMPUR,UDHAMPURR,UDHAMPURR,Kuperlah,-,-,-,-,-,-,32.85027778,75.18194444,25-05-2015 00:00,8.43,300,"",12,140,134.75,14,"",6,"","","",135,34,12.2,7.5,"",0.12,"","","","","","","","",""
1492,Kuperlah,CGWB,1,Jammu & Kashmir,14,UDHAMPUR,UDHAMPURR,UDHAMPURR,Kuperlah,-,-,-,-,-,-,32.85027778,75.18194444,25-05-2016 00:00,8.12,450,234,0,244,"",11,"",25.055313,"","","",210,38,28,14,"",0.09,"","","","","","","","",""
1493,Kuperlah,CGWB,1,Jammu & Kashmir,14,UDHAMPUR,UDHAMPURR,UDHAMPURR,Kuperlah,-,-,-,-,-,-,32.85027778,75.18194444,30-05-2019 08:00,7.85,370,252,0,265,"",7,"","","","","",217,65,13,16,"","","","","","","","","","",""
1494,Kuperlah,CGWB,1,Jammu & Kashmir,14,UDHAMPUR,UDHAMPURR,UDHAMPURR,Kuperlah,-,-,-,-,-,-,32.85027778,75.18194444,30-05-2020 08:00,7.85,370,"","",265,"",7,"","","","","","",65,13,16,"","","","","","","","","","",""
1495,Kuperlah,CGWB,1,Jammu & Kashmir,14,UDHAMPUR,UDHAMPURR,UDHAMPURR,Kuperlah,-,-,-,-,-,-,32.85027778,75.18194444,30-05-2021 08:00,7.4,2260,"",0,488,"",340.32,"",40,"","","",610,124,72.912,110.4,"","","","","","","","","","",""
1496,Kupwara Main Chowk,CGWB,1,Jammu & Kashmir,8,KUPWARA,KUPWARA,KUPWARA,Kupwara Main Chowk,-,-,-,-,-,-,34.52777778,74.25916667,25-05-2013 00:00,7.67,1160,"",0,378,309.8,149,"",93,"","","",385,114,24.45,110,"",0.2,"","","","","","","","",""
1497,Kupwara Main Chowk,CGWB,1,Jammu & Kashmir,8,KUPWARA,KUPWARA,KUPWARA,Kupwara Main Chowk,-,-,-,-,-,-,34.52777778,74.25916667,25-05-2014 00:00,7.98,950,"",0,226,185.25,174,"",8,"","","",220,30,35.29,106,"",0.31,"","","","","","","","",""
1498,Kupwara Main Chowk,CGWB,1,Jammu & Kashmir,8,KUPWARA,KUPWARA,KUPWARA,Kupwara Main Chowk,-,-,-,-,-,-,34.52777778,74.25916667,25-05-2015 00:00,8.27,850,"",0,299,245.08,111.3,"",27,"","","",260,52,31.67,82.1,"",0.24,"","","","","","","","",""
1499,Kupwara Main Chowk,CGWB,1,Jammu & Kashmir,8,KUPWARA,KUPWARA,KUPWARA,Kupwara Main Chowk,-,-,-,-,-,-,34.52777778,74.25916667,25-05-2016 00:00,8.2,560,291.2,0,165,"",145,"",120.77252,"","","",260,28,46,102,"",0,"","","","","","","","",""
1500,Kupwara Main Chowk,CGWB,1,Jammu & Kashmir,8,KUPWARA,KUPWARA,KUPWARA,Kupwara Main Chowk,-,-,-,-,-,-,34.52777778,74.25916667,30-05-2019 08:00,8.29,210,144,0,132,"",14,"","","","","",119,26,13,12,"","","","","","","","","","",""
1501,Kupwara Main Chowk,CGWB,1,Jammu & Kashmir,8,KUPWARA,KUPWARA,KUPWARA,Kupwara Main Chowk,-,-,-,-,-,-,34.52777778,74.25916667,30-05-2020 08:00,8.29,210,"","",132,"",14,"","","","","","",26,13,12,"","","","","","","","","","",""
1502,Kupwara Main Chowk,CGWB,1,Jammu & Kashmir,8,KUPWARA,KUPWARA,KUPWARA,Kupwara Main Chowk,-,-,-,-,-,-,34.52777778,74.25916667,30-05-2021 08:00,8.11,2448,"",0,360.018,"",280.055,"",556.8,"","","",350,40,60.76,427.57,"","","","","","","","","","",""
1503,Lakhanpur,CGWB,1,Jammu & Kashmir,7,KATHUA,KATHUA,KATHUA,Lakhanpur,-,-,-,-,-,-,32.38333333,75.59444444,25-05-2000 00:00,7.02,328,"",0,201,"",8.9,"","","","","",177,54,10.38,"","","","","","","","","","","",""
1504,Lakhanpur,CGWB,1,Jammu & Kashmir,7,KATHUA,KATHUA,KATHUA,Lakhanpur,-,-,-,-,-,-,32.38333333,75.59444444,25-05-2001 00:00,7.4,297,"",0,153,"",11,"","","","","",155,22,24.34,11,"","","","","","","","","","",""
1505,Lakhanpur,CGWB,1,Jammu & Kashmir,7,KATHUA,KATHUA,KATHUA,Lakhanpur,-,-,-,-,-,-,32.38333333,75.59444444,25-05-2002 00:00,8.3,335,"",12,98,"",18,"","","","","",124,34,9.52,23,"",1.86,"","","","","","","","",""
1506,Lakhanpur,CGWB,1,Jammu & Kashmir,7,KATHUA,KATHUA,KATHUA,Lakhanpur,-,-,-,-,-,-,32.38333333,75.59444444,25-05-2003 00:00,7.7,290,"",0,140,"",11,"","","","","",130,38,8.56,10,"","","","","","","","","","",""
1507,Lakhanpur,CGWB,1,Jammu & Kashmir,7,KATHUA,KATHUA,KATHUA,Lakhanpur,-,-,-,-,-,-,32.38333333,75.59444444,25-05-2004 00:00,7.4,290,"",0,146,"",7.1,"","","","","",125,42,4.91,9.2,"","","","","","","","","","",""
1508,Lakhanpur,CGWB,1,Jammu & Kashmir,7,KATHUA,KATHUA,KATHUA,Lakhanpur,-,-,-,-,-,-,32.38333333,75.59444444,25-05-2005 00:00,7.52,248,"",0,112,"",11,"","","","","",101,31,5.75,8,"","","","","","","","","","",""
1509,Lakhanpur,CGWB,1,Jammu & Kashmir,7,KATHUA,KATHUA,KATHUA,Lakhanpur,-,-,-,-,-,-,32.38333333,75.59444444,25-05-2006 00:00,7.75,252,"",0,122,"",14,"","","","","",120,26,13.4,9.8,"","","","","","","","","","",""
1510,Lakhanpur,CGWB,1,Jammu & Kashmir,7,KATHUA,KATHUA,KATHUA,Lakhanpur,-,-,-,-,-,-,32.38333333,75.59444444,25-05-2007 00:00,8.3,232,"","",122,"",11,"","","","","",95,26,7.33,12,"","","","","","","","","","",""
1511,Lakhanpur,CGWB,1,Jammu & Kashmir,7,KATHUA,KATHUA,KATHUA,Lakhanpur,-,-,-,-,-,-,32.38333333,75.59444444,25-05-2008 00:00,7.9,348,"",0,183,"",14,"",8,"","","",150,46,8.57,12,"",2.72,"","","","","","","","",""
1512,Lakhanpur,CGWB,1,Jammu & Kashmir,7,KATHUA,KATHUA,KATHUA,Lakhanpur,-,-,-,-,-,-,32.38333333,75.59444444,25-05-2009 00:00,7.7,290,"",0,183,"",7.1,"",0,"","","",140,40,9.7,9.9,"",0.84,"","","","","","","","",""
1513,Lakhanpur,CGWB,1,Jammu & Kashmir,7,KATHUA,KATHUA,KATHUA,Lakhanpur,-,-,-,-,-,-,32.38333333,75.59444444,25-05-2010 00:00,8.16,250,"",0,140,"",11,"",0,"","","",110,34,6.12,9.7,"",1.74,"","","","","","","","",""
1514,Lakhanpur,CGWB,1,Jammu & Kashmir,7,KATHUA,KATHUA,KATHUA,Lakhanpur,-,-,-,-,-,-,32.38333333,75.59444444,25-05-2012 00:00,7.58,290,"",0,122,"",21,"",0.01,"","","",124,38,7.2,10,"",2.82,"","","","","","","","",""
1515,Lakhanpur,CGWB,1,Jammu & Kashmir,7,KATHUA,KATHUA,KATHUA,Lakhanpur,-,-,-,-,-,-,32.38333333,75.59444444,25-05-2013 00:00,8.15,180,"",0,92,75.4,7,"",9,"","","",80,32,0.04,7.7,"","","","","","","","","","",""
1516,Lakhanpur,CGWB,1,Jammu & Kashmir,7,KATHUA,KATHUA,KATHUA,Lakhanpur,-,-,-,-,-,-,32.38333333,75.59444444,25-05-2014 00:00,7.86,240,"",0,128,104.92,21,"",0,"","","",115,30,9.76,7.5,"",0.34,"","","","","","","","",""
1517,Lakhanpur,CGWB,1,Jammu & Kashmir,7,KATHUA,KATHUA,KATHUA,Lakhanpur,-,-,-,-,-,-,32.38333333,75.59444444,25-05-2015 00:00,7.94,340,"",0,146,119.67,21.3,"",41,"","","",180,46,15.86,14.2,"","","","","","","","","","",""
1518,Lakhanpur,CGWB,1,Jammu & Kashmir,7,KATHUA,KATHUA,KATHUA,Lakhanpur,-,-,-,-,-,-,32.38333333,75.59444444,25-05-2016 00:00,6.82,290,150.8,0,115.9,"",24.85,"",44.764805,"","","",160,42.084,13.376,13.7,"",0.06,"","","","","","","","",""
1519,Lakhanpur Fort,CGWB,1,Jammu & Kashmir,7,KATHUA,KATHUA,KATHUA,Lakhanpur Fort,-,-,-,-,-,-,32.38166667,75.59444444,30-05-2019 08:00,8.22,260,144,0,132,"",20,"","","","","",141,43,8,12,"","","","","","","","","","",""
1520,Lakhanpur Fort,CGWB,1,Jammu & Kashmir,7,KATHUA,KATHUA,KATHUA,Lakhanpur Fort,-,-,-,-,-,-,32.38166667,75.59444444,30-05-2020 08:00,8.22,260,"","",132,"",20,"","","","","","",43,8,12,"","","","","","","","","","",""
1521,Lakhanpur Fort,CGWB,1,Jammu & Kashmir,7,KATHUA,KATHUA,KATHUA,Lakhanpur Fort,-,-,-,-,-,-,32.38166667,75.59444444,30-05-2021 08:00,7.8,2340,"",0,366.12,"",553.02,"",33.6,"","","",690,78,120.3048,220.8,"","","","","","","","","","",""
1522,Lakhnot,CGWB,1,Jammu & Kashmir,7,KATHUA,KATHUA,KATHUA,Lakhnot,-,-,-,-,-,-,32.32777778,75.45000000,25-05-2000 00:00,7.6,321,"",0,152,"",14,"","","","","",160,36,17.06,"","","","","","","","","","","",""
1523,Lakhnot,CGWB,1,Jammu & Kashmir,7,KATHUA,KATHUA,KATHUA,Lakhnot,-,-,-,-,-,-,32.32777778,75.45000000,25-05-2001 00:00,7.91,628,"",0,336,"",43,"","","","","",345,82,34.14,13,"","","","","","","","","","",""
1524,Lakhnot,CGWB,1,Jammu & Kashmir,7,KATHUA,KATHUA,KATHUA,Lakhnot,-,-,-,-,-,-,32.32777778,75.45000000,25-05-2002 00:00,7.9,595,"",0,305,"",14,"","","","","",287,92,13.97,11,"",1.14,"","","","","","","","",""
1525,Lakhnot,CGWB,1,Jammu & Kashmir,7,KATHUA,KATHUA,KATHUA,Lakhnot,-,-,-,-,-,-,32.32777778,75.45000000,25-05-2003 00:00,7.8,620,"",0,281,"",14,"","","","","",306,98,15,9.2,"","","","","","","","","","",""
1526,Lakhnot,CGWB,1,Jammu & Kashmir,7,KATHUA,KATHUA,KATHUA,Lakhnot,-,-,-,-,-,-,32.32777778,75.45000000,25-05-2004 00:00,7.65,582,"",0,268,"",11,"","","","","",285,90,14.7,9.9,"","","","","","","","","","",""
1527,Lakhnot,CGWB,1,Jammu & Kashmir,7,KATHUA,KATHUA,KATHUA,Lakhnot,-,-,-,-,-,-,32.32777778,75.45000000,25-05-2005 00:00,7.85,465,"",0,202,"",22,"","","","","",207,62,12.72,9.5,"","","","","","","","","","",""
1528,Lakhnot,CGWB,1,Jammu & Kashmir,7,KATHUA,KATHUA,KATHUA,Lakhnot,-,-,-,-,-,-,32.32777778,75.45000000,25-05-2006 00:00,7.65,360,"",0,159,"",18,"","","","","",165,44,13.43,8.3,"","","","","","","","","","",""
1529,Lakhnot,CGWB,1,Jammu & Kashmir,7,KATHUA,KATHUA,KATHUA,Lakhnot,-,-,-,-,-,-,32.32777778,75.45000000,25-05-2007 00:00,8.23,278,"",0,116,"",18,"","","","","",120,28,12.19,13,"","","","","","","","","","",""
1530,Lakhnot,CGWB,1,Jammu & Kashmir,7,KATHUA,KATHUA,KATHUA,Lakhnot,-,-,-,-,-,-,32.32777778,75.45000000,25-05-2008 00:00,7.74,397,"",0,171,"",32,"",18,"","","",175,42,17.07,12,"",0.61,"","","","","","","","",""
1531,Lakhnot,CGWB,1,Jammu & Kashmir,7,KATHUA,KATHUA,KATHUA,Lakhnot,-,-,-,-,-,-,32.32777778,75.45000000,25-05-2014 00:00,7.9,340,"",0,207,169.67,21,"",6,"","","",155,36,15.85,22,"",1.82,"","","","","","","","",""
1532,Lakri,CGWB,1,Jammu & Kashmir,7,KATHUA,BILLAWAR,BILLAWAR,Lakri,-,-,-,-,-,-,32.65611111,75.41527778,25-05-2000 00:00,7.95,377,"",0,189,"",14,"","","","","",165,52,8.57,"","","","","","","","","","","",""
1533,Lakri,CGWB,1,Jammu & Kashmir,7,KATHUA,BILLAWAR,BILLAWAR,Lakri,-,-,-,-,-,-,32.65611111,75.41527778,25-05-2001 00:00,7.52,538,"",0,243,"",35,"","","","","",260,76,17.11,38,"","","","","","","","","","",""
1534,Lakri,CGWB,1,Jammu & Kashmir,7,KATHUA,BILLAWAR,BILLAWAR,Lakri,-,-,-,-,-,-,32.65611111,75.41527778,25-05-2003 00:00,7.5,390,"",0,170,"",18,"","","","","",170,50,11,14,"","","","","","","","","","",""
1535,Lakri,CGWB,1,Jammu & Kashmir,7,KATHUA,BILLAWAR,BILLAWAR,Lakri,-,-,-,-,-,-,32.65611111,75.41527778,25-05-2004 00:00,8.06,516,"",0,244,"",28,"","","","","",195,34,26.79,22,"","","","","","","","","","",""
1536,Lakri,CGWB,1,Jammu & Kashmir,7,KATHUA,BILLAWAR,BILLAWAR,Lakri,-,-,-,-,-,-,32.65611111,75.41527778,25-05-2005 00:00,7.8,570,"",0,252,"",32,"","","","","",240,22,45.01,21,"","","","","","","","","","",""
1537,Lakri,CGWB,1,Jammu & Kashmir,7,KATHUA,BILLAWAR,BILLAWAR,Lakri,-,-,-,-,-,-,32.65611111,75.41527778,25-05-2006 00:00,7.75,340,"",0,153,"",21,"","","","","",135,38,9.77,15,"","","","","","","","","","",""
1538,Lakri,CGWB,1,Jammu & Kashmir,7,KATHUA,BILLAWAR,BILLAWAR,Lakri,-,-,-,-,-,-,32.65611111,75.41527778,25-05-2007 00:00,7.85,410,"",0,189,"",28,"","","","","",190,50,15.86,11,"","","","","","","","","","",""
1539,Lakri,CGWB,1,Jammu & Kashmir,7,KATHUA,BILLAWAR,BILLAWAR,Lakri,-,-,-,-,-,-,32.65611111,75.41527778,25-05-2008 00:00,7.7,414,"",0,201,"",25,"",12,"","","",185,54,12.22,16,"",0.15,"","","","","","","","",""
1540,Lakri,CGWB,1,Jammu & Kashmir,7,KATHUA,BILLAWAR,BILLAWAR,Lakri,-,-,-,-,-,-,32.65611111,75.41527778,25-05-2010 00:00,8.25,380,"",0,153,"",39,"",13,"","","",145,54,2.5,24,"",0.55,"","","","","","","","",""
1541,Lakri,CGWB,1,Jammu & Kashmir,7,KATHUA,BILLAWAR,BILLAWAR,Lakri,-,-,-,-,-,-,32.65611111,75.41527778,25-05-2012 00:00,7.92,340,"",0,177,"",21,"",0.1,"","","",123,28,13,23,"",0.21,"","","","","","","","",""
1542,Lakri,CGWB,1,Jammu & Kashmir,7,KATHUA,BILLAWAR,BILLAWAR,Lakri,-,-,-,-,-,-,32.65611111,75.41527778,25-05-2013 00:00,8.02,490,"",0,256,209.8,36,"",1.4,"","","",190,48,17,31,"","","","","","","","","","",""
1543,Lakri,CGWB,1,Jammu & Kashmir,7,KATHUA,BILLAWAR,BILLAWAR,Lakri,-,-,-,-,-,-,32.65611111,75.41527778,25-05-2014 00:00,7.53,420,"",0,165,135.25,25,"",42,"","","",140,28,17.05,32,"",0.56,"","","","","","","","",""
1544,Lakri,CGWB,1,Jammu & Kashmir,7,KATHUA,BILLAWAR,BILLAWAR,Lakri,-,-,-,-,-,-,32.65611111,75.41527778,25-05-2015 00:00,8.28,260,"",0,133,109.02,14,"",0,"","","",95,14,14.6,18,"",1.53,"","","","","","","","",""
1545,Lakri,CGWB,1,Jammu & Kashmir,7,KATHUA,BILLAWAR,BILLAWAR,Lakri,-,-,-,-,-,-,32.65611111,75.41527778,25-05-2016 00:00,7.76,450,234,0,220,"",28,"",36.87321,"","","",200,58,13,28,"",0,"","","","","","","","",""
1546,Lakri,CGWB,1,Jammu & Kashmir,7,KATHUA,BILLAWAR,BILLAWAR,Lakri,-,-,-,-,-,-,32.65611111,75.41527778,30-05-2019 08:00,8.03,440,204,0,291,"",41,"","","","","",195,52,16,38,"","","","","","","","","","",""
1547,Lakri,CGWB,1,Jammu & Kashmir,7,KATHUA,BILLAWAR,BILLAWAR,Lakri,-,-,-,-,-,-,32.65611111,75.41527778,30-05-2020 08:00,8.03,440,"","",291,"",41,"","","","","","",52,16,38,"","","","","","","","","","",""
1548,Lakri,CGWB,1,Jammu & Kashmir,7,KATHUA,BILLAWAR,BILLAWAR,Lakri,-,-,-,-,-,-,32.65611111,75.41527778,30-05-2021 08:00,7.8,1001,"",0,439.2,"",49.63,"",59,"","","",380,48,63.1904,30.4,"","","","","","","","","","",""
1549,Lale Chak,CGWB,1,Jammu & Kashmir,7,KATHUA,HIRANAGAR,HIRANAGAR,Lale Chak,-,-,-,-,-,-,32.45416667,75.19777778,25-05-2000 00:00,8.52,345,"",12,140,"",17,"","","","","",150,24,21.91,"","","","","","","","","","","",""
1550,Lale Chak,CGWB,1,Jammu & Kashmir,7,KATHUA,HIRANAGAR,HIRANAGAR,Lale Chak,-,-,-,-,-,-,32.45416667,75.19777778,25-05-2001 00:00,7.62,480,"",0,256,"",118,"","","","","",245,56,25.6,20,"","","","","","","","","","",""
1551,Lale Chak,CGWB,1,Jammu & Kashmir,7,KATHUA,HIRANAGAR,HIRANAGAR,Lale Chak,-,-,-,-,-,-,32.45416667,75.19777778,25-05-2004 00:00,7.75,770,"",0,336,"",39,"","","","","",320,96,19.57,35,"","","","","","","","","","",""
1552,Lale Chak,CGWB,1,Jammu & Kashmir,7,KATHUA,HIRANAGAR,HIRANAGAR,Lale Chak,-,-,-,-,-,-,32.45416667,75.19777778,25-05-2005 00:00,7.65,735,"",0,303,"",43,"","","","","",298,83,22.1,30,"","","","","","","","","","",""
1553,Lale Chak,CGWB,1,Jammu & Kashmir,7,KATHUA,HIRANAGAR,HIRANAGAR,Lale Chak,-,-,-,-,-,-,32.45416667,75.19777778,25-05-2006 00:00,7.6,540,"",0,201,"",53,"","","","","",220,43,27.4,29,"","","","","","","","","","",""
1554,Lale Chak,CGWB,1,Jammu & Kashmir,7,KATHUA,HIRANAGAR,HIRANAGAR,Lale Chak,-,-,-,-,-,-,32.45416667,75.19777778,25-05-2007 00:00,8.1,420,"",0,220,"",21,"","","","","",205,40,25.58,22,"","","","","","","","","","",""
1555,Lale Chak,CGWB,1,Jammu & Kashmir,7,KATHUA,HIRANAGAR,HIRANAGAR,Lale Chak,-,-,-,-,-,-,32.45416667,75.19777778,25-05-2008 00:00,7.5,646,"",0,336,"",28,"",10,"","","",265,36,42.59,24,"",0.12,"","","","","","","","",""
1556,Lale Chak,CGWB,1,Jammu & Kashmir,7,KATHUA,HIRANAGAR,HIRANAGAR,Lale Chak,-,-,-,-,-,-,32.45416667,75.19777778,25-05-2009 00:00,7.7,420,"",0,238,"",14,"",21,"","","",190,38,23.14,22,"",0.15,"","","","","","","","",""
1557,Lale Chak,CGWB,1,Jammu & Kashmir,7,KATHUA,HIRANAGAR,HIRANAGAR,Lale Chak,-,-,-,-,-,-,32.45416667,75.19777778,25-05-2010 00:00,8.6,250,"",12,110,"",14,"",0,"","","",95,20,10.97,14,"",0.11,"","","","","","","","",""
1558,Lale Chak,CGWB,1,Jammu & Kashmir,7,KATHUA,HIRANAGAR,HIRANAGAR,Lale Chak,-,-,-,-,-,-,32.45416667,75.19777778,25-05-2012 00:00,7.97,580,"",0,299,"",28,"",22,"","","",399,66,57,24,"",0.34,"","","","","","","","",""
1559,Lale Chak,CGWB,1,Jammu & Kashmir,7,KATHUA,HIRANAGAR,HIRANAGAR,Lale Chak,-,-,-,-,-,-,32.45416667,75.19777778,25-05-2013 00:00,8.1,650,"",0,250,204.9,53,"",102,"","","",230,52,24.38,61,"","","","","","","","","","",""
1560,Lale Chak,CGWB,1,Jammu & Kashmir,7,KATHUA,HIRANAGAR,HIRANAGAR,Lale Chak,-,-,-,-,-,-,32.45416667,75.19777778,25-05-2014 00:00,7.46,920,"",0,116,95.08,53,"",180,"","","",165,26,24.34,70,"",0.1,"","","","","","","","",""
1561,Lale Chak,CGWB,1,Jammu & Kashmir,7,KATHUA,HIRANAGAR,HIRANAGAR,Lale Chak,-,-,-,-,-,-,32.45416667,75.19777778,25-05-2015 00:00,7.95,350,"",0,153,125.41,32,"",38,"","","",145,28,18.27,30,"",0.31,"","","","","","","","",""
1562,Lale Chak,CGWB,1,Jammu & Kashmir,7,KATHUA,HIRANAGAR,HIRANAGAR,Lale Chak,-,-,-,-,-,-,32.45416667,75.19777778,25-05-2016 00:00,7.38,450,234,0,286.7,"",17.75,"",20.441673,"","","",245,28.056,42.56,16.4,"",0.2,"","","","","","","","",""
1563,Lalyal,CGWB,1,Jammu & Kashmir,5,JAMMU,JAMMU,JAMMU,Lalyal,-,-,-,-,-,-,32.66444444,74.77388889,25-05-2013 00:00,8.09,320,"",0,177,145.1,21,"",1,"","","",130,30,13.41,19,"",0.43,"","","","","","","","",""
1564,Lalyal,CGWB,1,Jammu & Kashmir,5,JAMMU,JAMMU,JAMMU,Lalyal,-,-,-,-,-,-,32.66444444,74.77388889,25-05-2014 00:00,7.57,990,"",0,282,231.15,78,"",146,"","","",260,32,43.8,82,"",0.1,"","","","","","","","",""
1565,Lalyal,CGWB,1,Jammu & Kashmir,5,JAMMU,JAMMU,JAMMU,Lalyal,-,-,-,-,-,-,32.66444444,74.77388889,25-05-2015 00:00,8.72,870,"",72,329,389.67,64,"",28,"","","",310,44,48.68,50,"","","","","","","","","","",""
1566,Lalyal,CGWB,1,Jammu & Kashmir,5,JAMMU,JAMMU,JAMMU,Lalyal,-,-,-,-,-,-,32.66444444,74.77388889,25-05-2016 00:00,8.34,810,421.2,0,274.5,"",85.2,"",172.98193,"","","",270,22.044,52.288,67.2,"",0.02,"","","","","","","","",""
1567,Lalyal,CGWB,1,Jammu & Kashmir,5,JAMMU,JAMMU,JAMMU,Lalyal,-,-,-,-,-,-,32.66444444,74.77388889,30-05-2019 08:00,7.8,1100,222,0,185,"",109,"","","","","",445,26,92,120,"","","","","","","","","","",""
1568,Lalyal,CGWB,1,Jammu & Kashmir,5,JAMMU,JAMMU,JAMMU,Lalyal,-,-,-,-,-,-,32.66444444,74.77388889,30-05-2020 08:00,7.8,1100,"","",185,"",109,"","","","","","",26,92,120,"","","","","","","","","","",""
1569,Lalyal,CGWB,1,Jammu & Kashmir,5,JAMMU,JAMMU,JAMMU,Lalyal,-,-,-,-,-,-,32.66444444,74.77388889,30-05-2021 08:00,7.6,845,"",0,189.1,"",28.36,"",152,"","","",310,52,43.7472,36.9,"","","","","","","","","","",""
1570,Lam,CGWB,1,Jammu & Kashmir,5,JAMMU,AKHNOOR,AKHNOOR,Lam,-,-,-,-,-,-,32.83194444,74.51388889,25-05-2000 00:00,8.54,435,"",25,201,"",21,"","","","","",200,67,7.98,21,"","","","","","","","","","",""
1571,Lam,CGWB,1,Jammu & Kashmir,5,JAMMU,AKHNOOR,AKHNOOR,Lam,-,-,-,-,-,-,32.83194444,74.51388889,25-05-2001 00:00,7.7,363,"",0,191,"",10,"","","","","",200,56,14.66,7,"","","","","","","","","","",""
1572,Lam,CGWB,1,Jammu & Kashmir,5,JAMMU,AKHNOOR,AKHNOOR,Lam,-,-,-,-,-,-,32.83194444,74.51388889,25-05-2002 00:00,7.5,530,"",0,323,"",14,"","","","","",221,77,7.02,13,"","","","","","","","","","",""
1573,Lam,CGWB,1,Jammu & Kashmir,5,JAMMU,AKHNOOR,AKHNOOR,Lam,-,-,-,-,-,-,32.83194444,74.51388889,25-05-2003 00:00,8.45,430,"",30,153,"",14,"","","","","",200,66,8.59,13,"","","","","","","","","","",""
1574,Lam,CGWB,1,Jammu & Kashmir,5,JAMMU,AKHNOOR,AKHNOOR,Lam,-,-,-,-,-,-,32.83194444,74.51388889,25-05-2004 00:00,7.9,540,"",0,281,"",28,"","","","","",225,72,11.03,35,"","","","","","","","","","",""
1575,Lam,CGWB,1,Jammu & Kashmir,5,JAMMU,AKHNOOR,AKHNOOR,Lam,-,-,-,-,-,-,32.83194444,74.51388889,25-05-2005 00:00,7.65,472,"",0,214,"",22,"","","","","",197,71,4.83,19,"","","","","","","","","","",""
1576,Lam,CGWB,1,Jammu & Kashmir,5,JAMMU,AKHNOOR,AKHNOOR,Lam,-,-,-,-,-,-,32.83194444,74.51388889,25-05-2006 00:00,8.45,458,"",36,220,"",14,"","","","","",245,88,6.19,15,"","","","","","","","","","",""
1577,Lam,CGWB,1,Jammu & Kashmir,5,JAMMU,AKHNOOR,AKHNOOR,Lam,-,-,-,-,-,-,32.83194444,74.51388889,25-05-2007 00:00,8.54,478,"",6,268,"",21,"","","","","",225,74,9.82,24,"","","","","","","","","","",""
1578,Lam,CGWB,1,Jammu & Kashmir,5,JAMMU,AKHNOOR,AKHNOOR,Lam,-,-,-,-,-,-,32.83194444,74.51388889,25-05-2008 00:00,8.4,395,"",24,140,"",14,"",18,"","","",180,60,7.37,5.9,"",2.53,"","","","","","","","",""
1579,Lam,CGWB,1,Jammu & Kashmir,5,JAMMU,AKHNOOR,AKHNOOR,Lam,-,-,-,-,-,-,32.83194444,74.51388889,25-05-2009 00:00,7.65,520,"",0,256,"",11,"",15,"","","",209,45,23.52,12,"",0.3,"","","","","","","","",""
1580,Lam,CGWB,1,Jammu & Kashmir,5,JAMMU,AKHNOOR,AKHNOOR,Lam,-,-,-,-,-,-,32.83194444,74.51388889,25-05-2010 00:00,8.5,250,"",6,128,"",14,"",0.1,"","","",85,22,7.32,17,"",0.36,"","","","","","","","",""
1581,Lam,CGWB,1,Jammu & Kashmir,5,JAMMU,AKHNOOR,AKHNOOR,Lam,-,-,-,-,-,-,32.83194444,74.51388889,25-05-2012 00:00,7.86,510,"",0,293,"",18,"",0,"","","",235,76,11,8.3,"",0.42,"","","","","","","","",""
1582,Lam,CGWB,1,Jammu & Kashmir,5,JAMMU,AKHNOOR,AKHNOOR,Lam,-,-,-,-,-,-,32.83194444,74.51388889,25-05-2013 00:00,8.13,520,"",0,214,175.4,21,"",2,"","","",170,54,8.58,11,"",0.13,"","","","","","","","",""
1583,Lam,CGWB,1,Jammu & Kashmir,5,JAMMU,AKHNOOR,AKHNOOR,Lam,-,-,-,-,-,-,32.83194444,74.51388889,25-05-2014 00:00,7.25,890,"",0,287,235.25,7,"",214,"","","",125,38,7.34,97,"",0.79,"","","","","","","","",""
1584,Lam,CGWB,1,Jammu & Kashmir,5,JAMMU,AKHNOOR,AKHNOOR,Lam,-,-,-,-,-,-,32.83194444,74.51388889,25-05-2016 00:00,7.15,450,234,0,214,"",21,"",20,"","","",180,44,17,23,"",1.25,"","","","","","","","",""
1585,Lam,CGWB,1,Jammu & Kashmir,5,JAMMU,AKHNOOR,AKHNOOR,Lam,-,-,-,-,-,-,32.83194444,74.51388889,30-05-2021 08:00,7.8,692,"",0,268.4,"",35.45,"",5,"","","",240,52,26.7344,19.85,"","","","","","","","","","",""
1586,Lam (Rajouri),CGWB,1,Jammu & Kashmir,12,RAJAURI,NOWSHEHRA,NOWSHEHRA,Lam,-,-,-,-,-,-,33.24972222,74.12694444,25-05-2015 00:00,8.94,1045,"",6,330,280.49,53,"",150,"","","",90,16,12.18,201,"","","","","","","","","","",""
1587,Lam (Rajouri),CGWB,1,Jammu & Kashmir,12,RAJAURI,NOWSHEHRA,NOWSHEHRA,Lam,-,-,-,-,-,-,33.24972222,74.12694444,25-05-2016 00:00,7.99,1602,833.04,0,305,"",46.15,"",467.39026,"","","",514.135,86.172,72.74963,161.5,"",0,"","","","","","","","",""
1588,Langate,CGWB,1,Jammu & Kashmir,8,KUPWARA,HANDWARA,HANDWARA,Langate,-,-,-,-,-,-,34.37555556,74.30750000,25-05-2012 00:00,8.49,400,"",6,183,"",25,"",12,"","","",180,58,8.5,15,"","","","","","","","","","",""
1589,Langate,CGWB,1,Jammu & Kashmir,8,KUPWARA,HANDWARA,HANDWARA,Langate,-,-,-,-,-,-,34.37555556,74.30750000,25-05-2013 00:00,7.82,460,"",0,189,154.9,21,"",30,"","","",195,62,9.8,15,"",0.03,"","","","","","","","",""
1590,Langate,CGWB,1,Jammu & Kashmir,8,KUPWARA,HANDWARA,HANDWARA,Langate,-,-,-,-,-,-,34.37555556,74.30750000,25-05-2016 00:00,7.8,810,421.2,0,482,"",14,"",59.77359,"","","",385,60,57,49,"",0,"","","","","","","","",""
1591,Laroka,CGWB,1,Jammu & Kashmir,12,RAJAURI,NOWSHEHRA,NOWSHEHRA,Laroka,-,-,-,-,-,-,33.23611111,74.09722222,25-05-2000 00:00,7.2,415,"",0,220,"",14,"","","","","",185,52,13.44,"","","","","","","","","","","",""
1592,Laroka,CGWB,1,Jammu & Kashmir,12,RAJAURI,NOWSHEHRA,NOWSHEHRA,Laroka,-,-,-,-,-,-,33.23611111,74.09722222,25-05-2003 00:00,8.19,435,"",0,128,"",35,"","","","","",140,26,18.27,9.7,"","","","","","","","","","",""
1593,Laroka,CGWB,1,Jammu & Kashmir,12,RAJAURI,NOWSHEHRA,NOWSHEHRA,Laroka,-,-,-,-,-,-,33.23611111,74.09722222,25-05-2005 00:00,7.47,605,"",0,309,"",28,"","","","","",230,26,40.15,35,"","","","","","","","","","",""
1594,Laroka,CGWB,1,Jammu & Kashmir,12,RAJAURI,NOWSHEHRA,NOWSHEHRA,Laroka,-,-,-,-,-,-,33.23611111,74.09722222,25-05-2006 00:00,7.55,525,"",0,232,"",43,"","","","","",190,48,17.08,31,"","","","","","","","","","",""
1595,Laroka,CGWB,1,Jammu & Kashmir,12,RAJAURI,NOWSHEHRA,NOWSHEHRA,Laroka,-,-,-,-,-,-,33.23611111,74.09722222,25-05-2007 00:00,8.09,340,"",0,153,"",32,"","","","","",95,18,12.18,37,"","","","","","","","","","",""
1596,Laroka,CGWB,1,Jammu & Kashmir,12,RAJAURI,NOWSHEHRA,NOWSHEHRA,Laroka,-,-,-,-,-,-,33.23611111,74.09722222,25-05-2008 00:00,7.61,568,"",0,250,"",35,"",12,"","","",210,48,21.94,29,"",0.56,"","","","","","","","",""
1597,Laroka,CGWB,1,Jammu & Kashmir,12,RAJAURI,NOWSHEHRA,NOWSHEHRA,Laroka,-,-,-,-,-,-,33.23611111,74.09722222,25-05-2009 00:00,7.8,350,"",0,165,"",21,"",35,"","","",160,28,21.92,24,"",0.79,"","","","","","","","",""
1598,Laroka,CGWB,1,Jammu & Kashmir,12,RAJAURI,NOWSHEHRA,NOWSHEHRA,Laroka,-,-,-,-,-,-,33.23611111,74.09722222,25-05-2010 00:00,8.27,290,"",0,122,"",28,"",0,"","","",100,20,12.18,22,"",2.11,"","","","","","","","",""
1599,Laroka,CGWB,1,Jammu & Kashmir,12,RAJAURI,NOWSHEHRA,NOWSHEHRA,Laroka,-,-,-,-,-,-,33.23611111,74.09722222,25-05-2012 00:00,7.01,500,"",0,250,"",25,"",0,"","","",200,62,11,24,"",0.7,"","","","","","","","",""
1600,Laroka,CGWB,1,Jammu & Kashmir,12,RAJAURI,NOWSHEHRA,NOWSHEHRA,Laroka,-,-,-,-,-,-,33.23611111,74.09722222,25-05-2013 00:00,7.74,720,"",0,287,235.3,43,"",17,"","","",215,50,21.94,45,"","","","","","","","","","",""
1601,Laroka,CGWB,1,Jammu & Kashmir,12,RAJAURI,NOWSHEHRA,NOWSHEHRA,Laroka,-,-,-,-,-,-,33.23611111,74.09722222,25-05-2014 00:00,7.32,460,"",0,159,130.33,32,"",57,"","","",175,28,25.56,27,"",0.58,"","","","","","","","",""
1602,Laroka,CGWB,1,Jammu & Kashmir,12,RAJAURI,NOWSHEHRA,NOWSHEHRA,Laroka,-,-,-,-,-,-,33.23611111,74.09722222,25-05-2015 00:00,8.94,460,"",6,177,155.08,21,"",44,"","","",160,20,26.77,31,"","","","","","","","","","",""
1603,Laroka,CGWB,1,Jammu & Kashmir,12,RAJAURI,NOWSHEHRA,NOWSHEHRA,Laroka,-,-,-,-,-,-,33.23611111,74.09722222,25-05-2016 00:00,7.31,340,176.8,0,110,"",18,"",33,"","","",100,18,13,33,"",0,"","","","","","","","",""
1604,Laroka,CGWB,1,Jammu & Kashmir,12,RAJAURI,NOWSHEHRA,NOWSHEHRA,Laroka,-,-,-,-,-,-,33.23611111,74.09722222,30-05-2019 08:00,8.26,420,348,0,252,"",41,"","","","","",239,26,42,20,"","","","","","","","","","",""
1605,Laroka,CGWB,1,Jammu & Kashmir,12,RAJAURI,NOWSHEHRA,NOWSHEHRA,Laroka,-,-,-,-,-,-,33.23611111,74.09722222,30-05-2020 08:00,8.26,420,"","",252,"",41,"","","","","","",26,42,20,"","","","","","","","","","",""
1606,Laroka,CGWB,1,Jammu & Kashmir,12,RAJAURI,NOWSHEHRA,NOWSHEHRA,Laroka,-,-,-,-,-,-,33.23611111,74.09722222,30-05-2021 08:00,7.8,1828,"",0,536.8,"",212.7,"",131,"","","",270,36,43.7472,310,"","","","","","","","","","",""
1607,Laswara,CGWB,1,Jammu & Kashmir,5,JAMMU,BISHNA,BISHNA,Laswara,-,-,-,-,-,-,32.58500000,74.83694444,25-05-2013 00:00,7.88,740,"",0,140,114.8,71,"",68,"","","",255,58,26.81,27,"",2.04,"","","","","","","","",""
1608,Laswara,CGWB,1,Jammu & Kashmir,5,JAMMU,BISHNA,BISHNA,Laswara,-,-,-,-,-,-,32.58500000,74.83694444,25-05-2014 00:00,7.78,350,"",0,149,122.13,28,"",5,"","","",160,38,15.85,7.2,"",3.38,"","","","","","","","",""
1609,Laswara,CGWB,1,Jammu & Kashmir,5,JAMMU,BISHNA,BISHNA,Laswara,-,-,-,-,-,-,32.58500000,74.83694444,25-05-2015 00:00,8.6,2300,"","",903,740.16,142,"",292,"","","",490,72,75.46,150,"","","","","","","","","","",""
1610,Laswara,CGWB,1,Jammu & Kashmir,5,JAMMU,BISHNA,BISHNA,Laswara,-,-,-,-,-,-,32.58500000,74.83694444,25-05-2016 00:00,7.18,390,202.8,0,225.7,"",17.75,"",57.761166,"","","",255,32.064,42.56,6.2,"",0.28,"","","","","","","","",""
1611,Laswara,CGWB,1,Jammu & Kashmir,5,JAMMU,BISHNA,BISHNA,Laswara,-,-,-,-,-,-,32.58500000,74.83694444,30-05-2019 08:00,7.51,370,552,0,410,"",27,"","","","","",184,43,18,13,"","","","","","","","","","",""
1612,Laswara,CGWB,1,Jammu & Kashmir,5,JAMMU,BISHNA,BISHNA,Laswara,-,-,-,-,-,-,32.58500000,74.83694444,30-05-2020 08:00,7.51,370,"","",410,"",27,"","","","","","",43,18,13,"","","","","","","","","","",""
1613,Laswara,CGWB,1,Jammu & Kashmir,5,JAMMU,BISHNA,BISHNA,Laswara,-,-,-,-,-,-,32.58500000,74.83694444,30-05-2021 08:00,7,695,"",0,122,"",77.99,"",21,"","","",120,32,9.7216,60,"","","","","","","","","","",""
1614,Leherian,CGWB,1,Jammu & Kashmir,5,JAMMU,AKHNOOR,AKHNOOR,Leherian,-,-,-,-,-,-,32.90250000,74.68833333,25-05-2013 00:00,8.44,330,"",12,134,129.8,18,"",27,"","","",155,22,24.34,16,"",0.4,"","","","","","","","",""
1615,Leherian,CGWB,1,Jammu & Kashmir,5,JAMMU,AKHNOOR,AKHNOOR,Leherian,-,-,-,-,-,-,32.90250000,74.68833333,25-05-2014 00:00,7.7,610,"",0,372,304.92,7.1,"",0,"","","",290,82,20.77,12,"",0.34,"","","","","","","","",""
1616,Leherian,CGWB,1,Jammu & Kashmir,5,JAMMU,AKHNOOR,AKHNOOR,Leherian,-,-,-,-,-,-,32.90250000,74.68833333,25-05-2015 00:00,8.24,370,"",0,189,154.92,7.1,"",10,"","","",160,24,24.34,9.6,"",0.11,"","","","","","","","",""
1617,Leherian,CGWB,1,Jammu & Kashmir,5,JAMMU,AKHNOOR,AKHNOOR,Leherian,-,-,-,-,-,-,32.90250000,74.68833333,25-05-2016 00:00,8.2,350,182,0,176.9,"",7.1,"",33.842113,"","","",187.395,22.044,32.198463,5.4,"",0,"","","","","","","","",""
1618,Leherian,CGWB,1,Jammu & Kashmir,5,JAMMU,AKHNOOR,AKHNOOR,Leherian,-,-,-,-,-,-,32.90250000,74.68833333,30-05-2021 08:00,7.56,1760,"",0,378.2,"",297.78,"",43,"","","",420,64,63.1904,176.9,"","","","","","","","","","",""
1619,Lokli,CGWB,1,Jammu & Kashmir,7,KATHUA,HIRANAGAR,HIRANAGAR,Lokli,-,-,-,-,-,-,32.54416667,75.27333333,25-05-2013 00:00,8.2,270,"",0,147,120.5,7,"",4,"","","",130,44,4.92,4.4,"","","","","","","","","","",""
1620,Lokli,CGWB,1,Jammu & Kashmir,7,KATHUA,HIRANAGAR,HIRANAGAR,Lokli,-,-,-,-,-,-,32.54416667,75.27333333,25-05-2014 00:00,7.02,310,"",0,177,145.08,14.2,"",0,"","","",150,46,8.57,4.6,"",0.1,"","","","","","","","",""
1621,Lokli,CGWB,1,Jammu & Kashmir,7,KATHUA,HIRANAGAR,HIRANAGAR,Lokli,-,-,-,-,-,-,32.54416667,75.27333333,25-05-2015 00:00,7.96,240,"",0,140,114.75,11,"",2,"","","",125,34,9.77,5.7,"",0.07,"","","","","","","","",""
1622,Lokli,CGWB,1,Jammu & Kashmir,7,KATHUA,HIRANAGAR,HIRANAGAR,Lokli,-,-,-,-,-,-,32.54416667,75.27333333,25-05-2016 00:00,7.44,230,119.6,0,140.3,"",10.65,"",23.32251,"","","",150,46.092,8.512,4.5,"",0.03,"","","","","","","","",""
1623,Lokli,CGWB,1,Jammu & Kashmir,7,KATHUA,HIRANAGAR,HIRANAGAR,Lokli,-,-,-,-,-,-,32.54416667,75.27333333,30-05-2021 08:00,7.2,640,"",0,189.1,"",70.9,"",35,"","","",160,28,21.8736,78,"","","","","","","","","","",""
1624,Londi,CGWB,1,Jammu & Kashmir,7,KATHUA,HIRANAGAR,HIRANAGAR,Londi,-,-,-,-,-,-,32.42500000,75.21250000,25-05-2000 00:00,8.25,1590,"",0,360,"",268,"","","","","",700,30,151.99,"","","","","","","","","","","",""
1625,Londi,CGWB,1,Jammu & Kashmir,7,KATHUA,HIRANAGAR,HIRANAGAR,Londi,-,-,-,-,-,-,32.42500000,75.21250000,25-05-2001 00:00,7.68,843,"",0,391,"",85,"","","","","",340,66,42.63,80,"","","","","","","","","","",""
1626,Londi,CGWB,1,Jammu & Kashmir,7,KATHUA,HIRANAGAR,HIRANAGAR,Londi,-,-,-,-,-,-,32.42500000,75.21250000,25-05-2005 00:00,7.8,412,"",0,219,"",11,"","","","","",183,54,11.74,10,"","","","","","","","","","",""
1627,Londi,CGWB,1,Jammu & Kashmir,7,KATHUA,HIRANAGAR,HIRANAGAR,Londi,-,-,-,-,-,-,32.42500000,75.21250000,25-05-2006 00:00,7.62,338,"",0,214,"",7.1,"","","","","",158,43,12.33,14,"","","","","","","","","","",""
1628,Londi,CGWB,1,Jammu & Kashmir,7,KATHUA,HIRANAGAR,HIRANAGAR,Londi,-,-,-,-,-,-,32.42500000,75.21250000,25-05-2007 00:00,8.22,1476,"",0,561,"",206,"","","","","",525,88,74.26,140,"","","","","","","","","","",""
1629,Londi,CGWB,1,Jammu & Kashmir,7,KATHUA,HIRANAGAR,HIRANAGAR,Londi,-,-,-,-,-,-,32.42500000,75.21250000,25-05-2008 00:00,7.58,834,"",0,427,"",43,"",8,"","","",315,84,25.63,46,"",0.13,"","","","","","","","",""
1630,Londi,CGWB,1,Jammu & Kashmir,7,KATHUA,HIRANAGAR,HIRANAGAR,Londi,-,-,-,-,-,-,32.42500000,75.21250000,25-05-2009 00:00,7.6,790,"",0,391,"",46,"",4,"","","",330,108,14.72,27,"",1.91,"","","","","","","","",""
1631,Londi,CGWB,1,Jammu & Kashmir,7,KATHUA,HIRANAGAR,HIRANAGAR,Londi,-,-,-,-,-,-,32.42500000,75.21250000,25-05-2010 00:00,8.49,1930,"",30,439,"",323,"",160,"","","",570,50,108.25,200,"","","","","","","","","","",""
1632,Londi,CGWB,1,Jammu & Kashmir,7,KATHUA,HIRANAGAR,HIRANAGAR,Londi,-,-,-,-,-,-,32.42500000,75.21250000,25-05-2012 00:00,8.13,2600,"",0,659,"",348,"",200,"","","",1885,136,376,243,"",0.3,"","","","","","","","",""
1633,Londi,CGWB,1,Jammu & Kashmir,7,KATHUA,HIRANAGAR,HIRANAGAR,Londi,-,-,-,-,-,-,32.42500000,75.21250000,25-05-2013 00:00,7.98,2400,"",0,537,440.2,312,"",542,"","","",770,100,126.55,335,"","","","","","","","","","",""
1634,Londi,CGWB,1,Jammu & Kashmir,7,KATHUA,HIRANAGAR,HIRANAGAR,Londi,-,-,-,-,-,-,32.42500000,75.21250000,25-05-2014 00:00,7.21,3200,"",0,360,295.08,227,"",751,"","","",635,50,124.06,360,"",0.2,"","","","","","","","",""
1635,Londi,CGWB,1,Jammu & Kashmir,7,KATHUA,HIRANAGAR,HIRANAGAR,Londi,-,-,-,-,-,-,32.42500000,75.21250000,25-05-2015 00:00,8.15,300,"",0,195,159.84,11,"",23,"","","",165,24,25.56,16.4,"",0.42,"","","","","","","","",""
1636,Londi,CGWB,1,Jammu & Kashmir,7,KATHUA,HIRANAGAR,HIRANAGAR,Londi,-,-,-,-,-,-,32.42500000,75.21250000,25-05-2016 00:00,7.98,370,192.4,0,268.4,"",10.65,"",6.4860764,"","","",210,34.068,30.4,16.3,"",1.62,"","","","","","","","",""
1637,Londi,CGWB,1,Jammu & Kashmir,7,KATHUA,HIRANAGAR,HIRANAGAR,Londi,-,-,-,-,-,-,32.42500000,75.21250000,30-05-2019 08:00,8.06,340,312,0,278,"",14,"","","","","",184,61,8,17,"","","","","","","","","","",""
1638,Londi,CGWB,1,Jammu & Kashmir,7,KATHUA,HIRANAGAR,HIRANAGAR,Londi,-,-,-,-,-,-,32.42500000,75.21250000,30-05-2020 08:00,8.06,340,"","",278,"",14,"","","","","","",61,8,17,"","","","","","","","","","",""
1639,Londi,CGWB,1,Jammu & Kashmir,7,KATHUA,HIRANAGAR,HIRANAGAR,Londi,-,-,-,-,-,-,32.42500000,75.21250000,30-05-2021 08:00,7.45,764,"",0,91.515,"",113.6,"",108,"","","",190,20,34.0536,68.6,"","","","","","","","","","",""
1640,Lower Barnai,CGWB,1,Jammu & Kashmir,5,JAMMU,JAMMU,JAMMU,Lower Barnai,-,-,-,-,-,-,32.76250000,74.79194444,25-05-2013 00:00,8.17,450,"",0,189,154.9,21,"",19,"","","",180,32,24.35,12,"",0.94,"","","","","","","","",""
1641,Lower Barnai,CGWB,1,Jammu & Kashmir,5,JAMMU,JAMMU,JAMMU,Lower Barnai,-,-,-,-,-,-,32.76250000,74.79194444,25-05-2015 00:00,8.3,440,"","",171,140.16,14.2,"",58,"","","",160,28.1,21.86,9.3,"",0.67,"","","","","","","","",""
1642,Lower Barnai,CGWB,1,Jammu & Kashmir,5,JAMMU,JAMMU,JAMMU,Lower Barnai,-,-,-,-,-,-,32.76250000,74.79194444,25-05-2016 00:00,8.09,472,245.44,0,195.2,"",14.2,"",101.993454,"","","",269.08,76.152,19.232256,5.3,"",0.06,"","","","","","","","",""
1643,Lower Barnai,CGWB,1,Jammu & Kashmir,5,JAMMU,JAMMU,JAMMU,Lower Barnai,-,-,-,-,-,-,32.76250000,74.79194444,30-05-2019 08:00,7.82,310,396,0,172,"",14,"","","","","",206,35,29,5.8,"","","","","","","","","","",""
1644,Lower Barnai,CGWB,1,Jammu & Kashmir,5,JAMMU,JAMMU,JAMMU,Lower Barnai,-,-,-,-,-,-,32.76250000,74.79194444,30-05-2020 08:00,7.82,310,"","",172,"",14,"","","","","","",35,29,5.8,"","","","","","","","","","",""
1645,Lower Barnai,CGWB,1,Jammu & Kashmir,5,JAMMU,JAMMU,JAMMU,Lower Barnai,-,-,-,-,-,-,32.76250000,74.79194444,30-05-2021 08:00,7.5,673,"",0,146.4,"",88.625,"",28,"","","",220,44,26.7344,24,"","","","","","","","","","",""
1646,Lower Kharak,CGWB,1,Jammu & Kashmir,12,RAJAURI,KALAKOTE,KALAKOTE,Lower Kharak,-,-,-,-,-,-,33.16611111,74.41638889,25-05-2012 00:00,7.12,480,"",0,262,"",11,"",0,"","","",199,50,18,19,"",0.02,"","","","","","","","",""
1647,Lower Kharak,CGWB,1,Jammu & Kashmir,12,RAJAURI,KALAKOTE,KALAKOTE,Lower Kharak,-,-,-,-,-,-,33.16611111,74.41638889,25-05-2013 00:00,7.35,460,"",0,233,191,14,"",1,"","","",190,50,15.86,13,"","","","","","","","","","",""
1648,Lower Kharak,CGWB,1,Jammu & Kashmir,12,RAJAURI,KALAKOTE,KALAKOTE,Lower Kharak,-,-,-,-,-,-,33.16611111,74.41638889,25-05-2014 00:00,7.5,410,"",0,195,159.84,14,"",25,"","","",175,24,27.99,17,"",0.2,"","","","","","","","",""
1649,Lower Kharak,CGWB,1,Jammu & Kashmir,12,RAJAURI,KALAKOTE,KALAKOTE,Lower Kharak,-,-,-,-,-,-,33.16611111,74.41638889,25-05-2015 00:00,8.04,360,"",0,153,125.41,39,"",1,"","","",140,20,10,19,"","","","","","","","","","",""
1650,Lower Kharak,CGWB,1,Jammu & Kashmir,12,RAJAURI,KALAKOTE,KALAKOTE,Lower Kharak,-,-,-,-,-,-,33.16611111,74.41638889,25-05-2016 00:00,7.77,450,234,0,153,"",14,"",73,"","","",155,12,30,35,"",0,"","","","","","","","",""
1651,Lower Kharak,CGWB,1,Jammu & Kashmir,12,RAJAURI,KALAKOTE,KALAKOTE,Lower Kharak,-,-,-,-,-,-,33.16611111,74.41638889,30-05-2021 08:00,7.31,2410,"",0,488.08,"",475.7,"",103,"","","",630,100,92.4312,260.1,"","","","","","","","","","",""
1652,Madun,CGWB,1,Jammu & Kashmir,7,KATHUA,HIRANAGAR,HIRANAGAR,Madun,-,-,-,-,-,-,32.47972222,75.16444444,25-05-2000 00:00,8.25,403,"",12,220,"",7.1,"","","","","",185,28,27.99,"","","","","","","","","","","",""
1653,Madun,CGWB,1,Jammu & Kashmir,7,KATHUA,HIRANAGAR,HIRANAGAR,Madun,-,-,-,-,-,-,32.47972222,75.16444444,25-05-2001 00:00,8.04,378,"",0,293,"",14,"","","","","",240,50,28.02,27,"","","","","","","","","","",""
1654,Madun,CGWB,1,Jammu & Kashmir,7,KATHUA,HIRANAGAR,HIRANAGAR,Madun,-,-,-,-,-,-,32.47972222,75.16444444,25-05-2002 00:00,7.5,595,"",0,394,"",7.1,"","","","","",243,71,16,21,"",0.08,"","","","","","","","",""
1655,Madun,CGWB,1,Jammu & Kashmir,7,KATHUA,HIRANAGAR,HIRANAGAR,Madun,-,-,-,-,-,-,32.47972222,75.16444444,25-05-2003 00:00,7.9,705,"",0,354,"",11,"","","","","",310,70,32.91,35,"","","","","","","","","","",""
1656,Madun,CGWB,1,Jammu & Kashmir,7,KATHUA,HIRANAGAR,HIRANAGAR,Madun,-,-,-,-,-,-,32.47972222,75.16444444,25-05-2004 00:00,8,702,"",0,303,"",11,"","","","","",270,62,28.04,50,"","","","","","","","","","",""
1657,Madun,CGWB,1,Jammu & Kashmir,7,KATHUA,HIRANAGAR,HIRANAGAR,Madun,-,-,-,-,-,-,32.47972222,75.16444444,25-05-2005 00:00,7.65,670,"",0,359,"",11,"","","","","",303,85,22.11,23,"","","","","","","","","","",""
1658,Madun,CGWB,1,Jammu & Kashmir,7,KATHUA,HIRANAGAR,HIRANAGAR,Madun,-,-,-,-,-,-,32.47972222,75.16444444,25-05-2006 00:00,7.9,455,"",0,207,"",32,"","","","","",184,35,23.5,25,"","","","","","","","","","",""
1659,Madun,CGWB,1,Jammu & Kashmir,7,KATHUA,HIRANAGAR,HIRANAGAR,Madun,-,-,-,-,-,-,32.47972222,75.16444444,25-05-2007 00:00,8.1,485,"",0,293,"",14,"","","","","",225,40,30.44,36,"","","","","","","","","","",""
1660,Madun,CGWB,1,Jammu & Kashmir,7,KATHUA,HIRANAGAR,HIRANAGAR,Madun,-,-,-,-,-,-,32.47972222,75.16444444,25-05-2008 00:00,7.94,532,"",0,323,"",18,"",4,"","","",245,38,36.52,21,"",0.22,"","","","","","","","",""
1661,Madun,CGWB,1,Jammu & Kashmir,7,KATHUA,HIRANAGAR,HIRANAGAR,Madun,-,-,-,-,-,-,32.47972222,75.16444444,25-05-2009 00:00,7.8,440,"",0,232,"",11,"",28,"","","",195,32,28,20,"",0.39,"","","","","","","","",""
1662,Madun,CGWB,1,Jammu & Kashmir,7,KATHUA,HIRANAGAR,HIRANAGAR,Madun,-,-,-,-,-,-,32.47972222,75.16444444,25-05-2010 00:00,8.32,640,"",18,354,"",18,"",15,"","","",315,84,25.63,25,"",1.1,"","","","","","","","",""
1663,Madun,CGWB,1,Jammu & Kashmir,7,KATHUA,HIRANAGAR,HIRANAGAR,Madun,-,-,-,-,-,-,32.47972222,75.16444444,25-05-2012 00:00,8,700,"",0,360,"",28,"",20,"","","",341,84,32,9.8,"",0.32,"","","","","","","","",""
1664,Madun,CGWB,1,Jammu & Kashmir,7,KATHUA,HIRANAGAR,HIRANAGAR,Madun,-,-,-,-,-,-,32.47972222,75.16444444,25-05-2013 00:00,8.24,720,"",0,421,345.1,28,"",35,"","","",350,96,26.86,36,"","","","","","","","","","",""
1665,Madun,CGWB,1,Jammu & Kashmir,7,KATHUA,HIRANAGAR,HIRANAGAR,Madun,-,-,-,-,-,-,32.47972222,75.16444444,25-05-2014 00:00,7.67,740,"",0,451,369.67,43,"",7,"","","",345,58,48.7,40,"",0.1,"","","","","","","","",""
1666,Madun,CGWB,1,Jammu & Kashmir,7,KATHUA,HIRANAGAR,HIRANAGAR,Madun,-,-,-,-,-,-,32.47972222,75.16444444,25-05-2016 00:00,7.52,710,369.2,0,433.1,"",42.6,"",5.064443,"","","",300,26.052,57.152,60.6,"",0.09,"","","","","","","","",""
1667,Madun,CGWB,1,Jammu & Kashmir,7,KATHUA,HIRANAGAR,HIRANAGAR,Madun,-,-,-,-,-,-,32.47972222,75.16444444,30-05-2021 08:00,7.38,1824,"",0,396.565,"",312.4,"",72.5,"","","",480,116,46.2156,198.7,"","","","","","","","","","",""
1668,Magam,CGWB,1,Jammu & Kashmir,8,KUPWARA,HANDWARA,HANDWARA,Magam,-,-,-,-,-,-,34.46083333,74.23277778,25-05-2012 00:00,7.67,610,"",0,214,"",96,"",0,"","","",336,90,27,8.9,"","","","","","","","","","",""
1669,Magam,CGWB,1,Jammu & Kashmir,8,KUPWARA,HANDWARA,HANDWARA,Magam,-,-,-,-,-,-,34.46083333,74.23277778,25-05-2013 00:00,7.51,850,"",0,305,250,71,"",32,"","","",375,114,22.02,28,"","","","","","","","","","",""
1670,Magam,CGWB,1,Jammu & Kashmir,8,KUPWARA,HANDWARA,HANDWARA,Magam,-,-,-,-,-,-,34.46083333,74.23277778,25-05-2014 00:00,7.97,740,"",0,201,164.75,89,"",27,"","","",300,64,34.12,36,"",0.04,"","","","","","","","",""
1671,Magam,CGWB,1,Jammu & Kashmir,8,KUPWARA,HANDWARA,HANDWARA,Magam,-,-,-,-,-,-,34.46083333,74.23277778,25-05-2015 00:00,7.99,650,"",0,98,80.33,80,"",72,"","","",240,92,2.54,39.3,"","","","","","","","","","",""
1672,Magam,CGWB,1,Jammu & Kashmir,8,KUPWARA,HANDWARA,HANDWARA,Magam,-,-,-,-,-,-,34.46083333,74.23277778,25-05-2016 00:00,7.78,680,353.6,0,311,"",53,"",14.199738,"","","",280,18,57,42,"",2.16,"","","","","","","","",""
1673,Magam,CGWB,1,Jammu & Kashmir,8,KUPWARA,HANDWARA,HANDWARA,Magam,-,-,-,-,-,-,34.46083333,74.23277778,30-05-2019 08:00,7.8,600,402,0,291,"",68,"","","","","",282,13,61,42,"","","","","","","","","","",""
1674,Magam,CGWB,1,Jammu & Kashmir,8,KUPWARA,HANDWARA,HANDWARA,Magam,-,-,-,-,-,-,34.46083333,74.23277778,30-05-2020 08:00,7.8,600,"","",291,"",68,"","","","","","",13,61,42,"","","","","","","","","","",""
1675,Mahal Kalandrian,CGWB,1,Jammu & Kashmir,5,JAMMU,SAMBA,SAMBA,Mahal Kalandrian,-,-,-,-,-,-,32.51027778,74.94250000,25-05-2013 00:00,7.85,540,"",0,293,240.2,21,"",24,"","","",140,18,23.12,75,"",0.27,"","","","","","","","",""
1676,Mahal Kalandrian,CGWB,1,Jammu & Kashmir,5,JAMMU,SAMBA,SAMBA,Mahal Kalandrian,-,-,-,-,-,-,32.51027778,74.94250000,25-05-2014 00:00,7.79,950,"",0,329,269.67,39,"",121,"","","",330,34,59.61,71,"",1.82,"","","","","","","","",""
1677,Mahal Kalandrian,CGWB,1,Jammu & Kashmir,5,JAMMU,SAMBA,SAMBA,Mahal Kalandrian,-,-,-,-,-,-,32.51027778,74.94250000,25-05-2015 00:00,7.75,1250,"",0,354,290.16,107,"",386,"","","",610,109,82.19,97,"","","","","","","","","","",""
1678,Mahal Kalandrian,CGWB,1,Jammu & Kashmir,5,JAMMU,SAMBA,SAMBA,Mahal Kalandrian,-,-,-,-,-,-,32.51027778,74.94250000,25-05-2016 00:00,7.29,570,296.4,0,341.6,"",7.1,"",71.736404,"","","",315,34.068,55.936,27.5,"",0,"","","","","","","","",""
1679,Mahal Kalandrian,CGWB,1,Jammu & Kashmir,5,JAMMU,SAMBA,SAMBA,Mahal Kalandrian,-,-,-,-,-,-,32.51027778,74.94250000,30-05-2021 08:00,7.32,2690,"",0,622.302,"",518.3,"",70.5,"","","",440,80,58.3776,402.4,"","","","","","","","","","",""
1680,Maharajpur,CGWB,1,Jammu & Kashmir,7,KATHUA,HIRANAGAR,HIRANAGAR,Maharajpur,-,-,-,-,-,-,32.35416667,75.33333333,25-05-2001 00:00,7.62,431,"",0,232,"",18,"","","","","",205,44,23.15,26,"","","","","","","","","","",""
1681,Maharajpur,CGWB,1,Jammu & Kashmir,7,KATHUA,HIRANAGAR,HIRANAGAR,Maharajpur,-,-,-,-,-,-,32.35416667,75.33333333,25-05-2003 00:00,7.5,725,"",0,348,"",21,"","","","","",315,106,12.29,27,"","","","","","","","","","",""
1682,Maharajpur,CGWB,1,Jammu & Kashmir,7,KATHUA,HIRANAGAR,HIRANAGAR,Maharajpur,-,-,-,-,-,-,32.35416667,75.33333333,25-05-2004 00:00,7.3,560,"",0,275,"",18,"","","","","",230,72,12.24,34,"","","","","","","","","","",""
1683,Maharajpur,CGWB,1,Jammu & Kashmir,7,KATHUA,HIRANAGAR,HIRANAGAR,Maharajpur,-,-,-,-,-,-,32.35416667,75.33333333,25-05-2005 00:00,7.4,596,"",0,298,"",22,"","","","","",245,71,16.5,22,"","","","","","","","","","",""
1684,Maharajpur,CGWB,1,Jammu & Kashmir,7,KATHUA,HIRANAGAR,HIRANAGAR,Maharajpur,-,-,-,-,-,-,32.35416667,75.33333333,25-05-2006 00:00,7.85,292,"",0,128,"",18,"","","","","",107,20,13.88,22,"","","","","","","","","","",""
1685,Maharajpur,CGWB,1,Jammu & Kashmir,7,KATHUA,HIRANAGAR,HIRANAGAR,Maharajpur,-,-,-,-,-,-,32.35416667,75.33333333,25-05-2007 00:00,8.16,500,"",0,152,"",39,"","","","","",115,26,12.19,42,"","","","","","","","","","",""
1686,Maheen Charkan,CGWB,1,Jammu & Kashmir,5,JAMMU,SAMBA,SAMBA,Maheen Charkan,-,-,-,-,-,-,32.65555556,74.95166667,25-05-2013 00:00,8.38,480,"",18,226,215.3,18,"",2,"","","",225,56,20.73,15,"",0.05,"","","","","","","","",""
1687,Maheen Charkan,CGWB,1,Jammu & Kashmir,5,JAMMU,SAMBA,SAMBA,Maheen Charkan,-,-,-,-,-,-,32.64972222,74.98666667,25-05-2014 00:00,7.76,520,"",0,282,231.15,18,"",27,"","","",270,54,32.89,3.2,"",1.58,"","","","","","","","",""
1688,Maheen Charkan,CGWB,1,Jammu & Kashmir,5,JAMMU,SAMBA,SAMBA,Maheen Charkan,-,-,-,-,-,-,32.64972222,74.98666667,25-05-2015 00:00,8.7,640,"",48,310,334.1,36,"",0,"","","",220,88,15,33,"",0.64,"","","","","","","","",""
1689,Mahi Chak,CGWB,1,Jammu & Kashmir,7,KATHUA,KATHUA,KATHUA,Mahi Chak,-,-,-,-,-,-,32.41527778,75.41666667,25-05-2000 00:00,8.25,320,"",0,153,"",10,"","","","","",150,50,6.14,"","","","","","","","","","","",""
1690,Mahi Chak,CGWB,1,Jammu & Kashmir,7,KATHUA,KATHUA,KATHUA,Mahi Chak,-,-,-,-,-,-,32.41527778,75.41666667,25-05-2002 00:00,7.4,412,"",0,220,"",11,"","","","","",203,66,9.32,9.7,"",0.65,"","","","","","","","",""
1691,Mahi Chak,CGWB,1,Jammu & Kashmir,7,KATHUA,KATHUA,KATHUA,Mahi Chak,-,-,-,-,-,-,32.41527778,75.41666667,25-05-2003 00:00,7.4,365,"",0,134,"",11,"","","","","",145,50,4.92,7.2,"","","","","","","","","","",""
1692,Mahi Chak,CGWB,1,Jammu & Kashmir,7,KATHUA,KATHUA,KATHUA,Mahi Chak,-,-,-,-,-,-,32.41527778,75.41666667,25-05-2004 00:00,7.6,440,"",0,226,"",7.1,"","","","","",205,64,11.02,9.4,"","","","","","","","","","",""
1693,Mahi Chak,CGWB,1,Jammu & Kashmir,7,KATHUA,KATHUA,KATHUA,Mahi Chak,-,-,-,-,-,-,32.41527778,75.41666667,25-05-2006 00:00,7.7,296,"",0,110,"",11,"","","","","",102,29,7.21,9.5,"","","","","","","","","","",""
1694,Mahi Chak,CGWB,1,Jammu & Kashmir,7,KATHUA,KATHUA,KATHUA,Mahi Chak,-,-,-,-,-,-,32.41527778,75.41666667,25-05-2008 00:00,7.64,338,"",0,189,"",11,"",0,"","","",150,38,13.42,9.5,"",1.67,"","","","","","","","",""
1695,Mahi Chak,CGWB,1,Jammu & Kashmir,7,KATHUA,KATHUA,KATHUA,Mahi Chak,-,-,-,-,-,-,32.41527778,75.41666667,25-05-2009 00:00,7.8,310,"",0,165,"",7.1,"",19,"","","",160,42,13.42,8.4,"",0.15,"","","","","","","","",""
1696,Mahi Chak,CGWB,1,Jammu & Kashmir,7,KATHUA,KATHUA,KATHUA,Mahi Chak,-,-,-,-,-,-,32.41527778,75.41666667,25-05-2012 00:00,6.83,1500,"",0,665,"",78,"",30,"","","",550,176,27,24,"",5.5,"","","","","","","","",""
1697,Mahi Chak,CGWB,1,Jammu & Kashmir,7,KATHUA,KATHUA,KATHUA,Mahi Chak,-,-,-,-,-,-,32.41527778,75.41666667,25-05-2016 00:00,7.58,480,249.6,0,237.9,"",14.2,"",0,"","","",195,60.12,1.216,9,"",1.2,"","","","","","","","",""
1698,Majua Laxmi,CGWB,1,Jammu & Kashmir,5,JAMMU,SAMBA,SAMBA,Majua Laxmi,-,-,-,-,-,-,32.55527778,74.91750000,25-05-2001 00:00,9.21,488,"",96,18,"",25,"","","","","",190,26,30.42,30,"","","","","","","","","","",""
1699,Majua Laxmi,CGWB,1,Jammu & Kashmir,5,JAMMU,SAMBA,SAMBA,Majua Laxmi,-,-,-,-,-,-,32.55527778,74.91750000,25-05-2002 00:00,8.1,901,"",0,406,"",59,"","","","","",379,69,50.29,22,"",0.08,"","","","","","","","",""
1700,Majua Laxmi,CGWB,1,Jammu & Kashmir,5,JAMMU,SAMBA,SAMBA,Majua Laxmi,-,-,-,-,-,-,32.55527778,74.91750000,25-05-2003 00:00,8.2,775,"",0,354,"",43,"","","","","",330,54,47.48,20,"","","","","","","","","","",""
1701,Majua Laxmi,CGWB,1,Jammu & Kashmir,5,JAMMU,SAMBA,SAMBA,Majua Laxmi,-,-,-,-,-,-,32.55527778,74.91750000,25-05-2004 00:00,6.6,1105,"",0,73,"",78,"","","","","",385,98,34.16,72,"","","","","","","","","","",""
1702,Majua Laxmi,CGWB,1,Jammu & Kashmir,5,JAMMU,SAMBA,SAMBA,Majua Laxmi,-,-,-,-,-,-,32.55527778,74.91750000,25-05-2005 00:00,7.71,2840,"",0,415,"",255,"","","","","",510,84,73.04,360,"","","","","","","","","","",""
1703,Majua Laxmi,CGWB,1,Jammu & Kashmir,5,JAMMU,SAMBA,SAMBA,Majua Laxmi,-,-,-,-,-,-,32.55527778,74.91750000,25-05-2006 00:00,7.55,412,"",0,226,"",18,"","","","","",189,27,29.57,22,"","","","","","","","","","",""
1704,Majua Laxmi,CGWB,1,Jammu & Kashmir,5,JAMMU,SAMBA,SAMBA,Majua Laxmi,-,-,-,-,-,-,32.55527778,74.91750000,25-05-2007 00:00,7.85,530,"",0,311,"",14,"","","","","",235,38,34.08,22,"","","","","","","","","","",""
1705,Majua Laxmi,CGWB,1,Jammu & Kashmir,5,JAMMU,SAMBA,SAMBA,Majua Laxmi,-,-,-,-,-,-,32.55527778,74.91750000,25-05-2008 00:00,7.68,635,"",0,366,"",14,"",6,"","","",250,44,34.09,39,"",0.01,"","","","","","","","",""
1706,Majua Laxmi,CGWB,1,Jammu & Kashmir,5,JAMMU,SAMBA,SAMBA,Majua Laxmi,-,-,-,-,-,-,32.55527778,74.91750000,25-05-2009 00:00,7.62,580,"",0,354,"",14,"",12,"","","",270,40,41.38,27,"",1.01,"","","","","","","","",""
1707,Majua Laxmi,CGWB,1,Jammu & Kashmir,5,JAMMU,SAMBA,SAMBA,Majua Laxmi,-,-,-,-,-,-,32.55527778,74.91750000,25-05-2010 00:00,8.5,870,"",48,427,"",43,"",12,"","","",350,66,45.06,44,"","","","","","","","","","",""
1708,Majua Laxmi,CGWB,1,Jammu & Kashmir,5,JAMMU,SAMBA,SAMBA,Majua Laxmi,-,-,-,-,-,-,32.55527778,74.91750000,25-05-2012 00:00,7.82,1140,"",0,531,"",71,"",40,"","","",418,90,47,60,"",0.19,"","","","","","","","",""
1709,Majua Laxmi,CGWB,1,Jammu & Kashmir,5,JAMMU,SAMBA,SAMBA,Majua Laxmi,-,-,-,-,-,-,32.55527778,74.91750000,25-05-2013 00:00,8.35,380,"",12,183,170,21,"",3,"","","",150,16,27,29,"",0.16,"","","","","","","","",""
1710,Majua Laxmi,CGWB,1,Jammu & Kashmir,5,JAMMU,SAMBA,SAMBA,Majua Laxmi,-,-,-,-,-,-,32.55527778,74.91750000,25-05-2014 00:00,7.61,430,"",0,235,192.62,18,"",6,"","","",160,22,25.56,33,"",0.53,"","","","","","","","",""
1711,Majua Laxmi,CGWB,1,Jammu & Kashmir,5,JAMMU,SAMBA,SAMBA,Majua Laxmi,-,-,-,-,-,-,32.55527778,74.91750000,25-05-2015 00:00,8.32,900,"",84,268,359.67,85.2,"",3,"","","",340,100,22,71,"","","","","","","","","","",""
1712,Majua Laxmi,CGWB,1,Jammu & Kashmir,5,JAMMU,SAMBA,SAMBA,Majua Laxmi,-,-,-,-,-,-,32.55527778,74.91750000,25-05-2016 00:00,7.68,600,312,0,353.8,"",21.3,"",5.3032312,"","","",265,26.052,48.64,33.3,"",0.16,"","","","","","","","",""
1713,Majua Laxmi,CGWB,1,Jammu & Kashmir,5,JAMMU,SAMBA,SAMBA,Majua Laxmi,-,-,-,-,-,-,32.55527778,74.91750000,30-05-2019 08:00,7.86,530,438,0,305,"",27,"","","","","",260,30,45,37,"","","","","","","","","","",""
1714,Majua Laxmi,CGWB,1,Jammu & Kashmir,5,JAMMU,SAMBA,SAMBA,Majua Laxmi,-,-,-,-,-,-,32.55527778,74.91750000,30-05-2020 08:00,7.86,530,"","",305,"",27,"","","","","","",30,45,37,"","","","","","","","","","",""
1715,Majua Laxmi,CGWB,1,Jammu & Kashmir,5,JAMMU,SAMBA,SAMBA,Majua Laxmi,-,-,-,-,-,-,32.55527778,74.91750000,30-05-2021 08:00,7.47,409,"",0,73.212,"",63.9,"",59.3,"","","",140,20,21.8916,24.5,"","","","","","","","","","",""
1716,Makwal,CGWB,1,Jammu & Kashmir,5,JAMMU,JAMMU,JAMMU,Makwal,-,-,-,-,-,-,32.69333333,74.71694444,25-05-2013 00:00,8.21,260,"",0,134,109.8,14,"",3,"","","",115,24,14,7.2,"",0.07,"","","","","","","","",""
1717,Makwal,CGWB,1,Jammu & Kashmir,5,JAMMU,JAMMU,JAMMU,Makwal,-,-,-,-,-,-,32.69333333,74.71694444,25-05-2014 00:00,7.67,1600,"",0,563,461.48,85,"",253,"","","",135,26,17.05,159,"",2.38,"","","","","","","","",""
1718,Makwal,CGWB,1,Jammu & Kashmir,5,JAMMU,JAMMU,JAMMU,Makwal,-,-,-,-,-,-,32.69333333,74.71694444,25-05-2015 00:00,8.4,720,"",48,134,189.84,107,"",35,"","","",155,48,8.57,42,"",0.38,"","","","","","","","",""
1719,Makwal,CGWB,1,Jammu & Kashmir,5,JAMMU,JAMMU,JAMMU,Makwal,-,-,-,-,-,-,32.69333333,74.71694444,25-05-2016 00:00,7.12,1050,546,0,603.9,"",67.45,"",46.177635,"","","",415,30.06,82.688,65.3,"",0.07,"","","","","","","","",""
1720,Makwal,CGWB,1,Jammu & Kashmir,5,JAMMU,JAMMU,JAMMU,Makwal,-,-,-,-,-,-,32.69333333,74.71694444,30-05-2019 08:00,9.1,920,318,0,490,"",75,"","","","","",217,13,45,108,"","","","","","","","","","",""
1721,Makwal,CGWB,1,Jammu & Kashmir,5,JAMMU,JAMMU,JAMMU,Makwal,-,-,-,-,-,-,32.69333333,74.71694444,30-05-2020 08:00,9.1,920,"","",490,"",75,"","","","","","",13,45,108,"","","","","","","","","","",""
1722,Makwal,CGWB,1,Jammu & Kashmir,5,JAMMU,JAMMU,JAMMU,Makwal,-,-,-,-,-,-,32.69333333,74.71694444,30-05-2021 08:00,7.2,2460,"",0,732,"",290.69,"",204,"","","",610,32,128.8112,238.1,"","","","","","","","","","",""
1723,Mandli,CGWB,1,Jammu & Kashmir,7,KATHUA,BILLAWAR,BILLAWAR,Mandli,-,-,-,-,-,-,32.63555556,75.50833333,25-05-2000 00:00,7.75,668,"",0,372,"",28,"","","","","",285,88,15.91,"","","","","","","","","","","",""
1724,Mandli,CGWB,1,Jammu & Kashmir,7,KATHUA,BILLAWAR,BILLAWAR,Mandli,-,-,-,-,-,-,32.63555556,75.50833333,25-05-2001 00:00,7.62,622,"",0,391,"",28,"","","","","",316,92,21,36,"","","","","","","","","","",""
1725,Mandli,CGWB,1,Jammu & Kashmir,7,KATHUA,BILLAWAR,BILLAWAR,Mandli,-,-,-,-,-,-,32.63555556,75.50833333,25-05-2002 00:00,7.7,1100,"",0,484,"",62,"","","","","",395,122,22.03,59,"","","","","","","","","","",""
1726,Mandli,CGWB,1,Jammu & Kashmir,7,KATHUA,BILLAWAR,BILLAWAR,Mandli,-,-,-,-,-,-,32.63555556,75.50833333,25-05-2003 00:00,7.8,750,"",0,387,"",28,"","","","","",300,80,24.41,34,"","","","","","","","","","",""
1727,Mandli,CGWB,1,Jammu & Kashmir,7,KATHUA,BILLAWAR,BILLAWAR,Mandli,-,-,-,-,-,-,32.63555556,75.50833333,25-05-2004 00:00,7.24,800,"",0,439,"",25,"","","","","",290,30,52.31,45,"","","","","","","","","","",""
1728,Mandli,CGWB,1,Jammu & Kashmir,7,KATHUA,BILLAWAR,BILLAWAR,Mandli,-,-,-,-,-,-,32.63555556,75.50833333,25-05-2005 00:00,7.79,845,"",0,468,"",35,"","","","","",355,24,71.75,33,"",0.33,"","","","","","","","",""
1729,Mandli,CGWB,1,Jammu & Kashmir,7,KATHUA,BILLAWAR,BILLAWAR,Mandli,-,-,-,-,-,-,32.63555556,75.50833333,25-05-2006 00:00,7.65,548,"",0,262,"",50,"","","","","",185,38,21.93,47,"","","","","","","","","","",""
1730,Mandli,CGWB,1,Jammu & Kashmir,7,KATHUA,BILLAWAR,BILLAWAR,Mandli,-,-,-,-,-,-,32.63555556,75.50833333,25-05-2007 00:00,7.72,590,"",0,293,"",35,"","","","","",250,58,25.6,25,"","","","","","","","","","",""
1731,Mandli,CGWB,1,Jammu & Kashmir,7,KATHUA,BILLAWAR,BILLAWAR,Mandli,-,-,-,-,-,-,32.63555556,75.50833333,25-05-2008 00:00,7.58,835,"",0,433,"",39,"",35,"","","",215,56,18.3,104,"",7.25,"","","","","","","","",""
1732,Mandli,CGWB,1,Jammu & Kashmir,7,KATHUA,BILLAWAR,BILLAWAR,Mandli,-,-,-,-,-,-,32.63555556,75.50833333,25-05-2009 00:00,8.1,510,"",0,238,"",25,"",37,"","","",175,32,23.14,42,"",1.05,"","","","","","","","",""
1733,Mandli,CGWB,1,Jammu & Kashmir,7,KATHUA,BILLAWAR,BILLAWAR,Mandli,-,-,-,-,-,-,32.63555556,75.50833333,25-05-2010 00:00,8.85,550,"",12,220,"",39,"",15,"","","",70,4,14.59,92,"",2.68,"","","","","","","","",""
1734,Mandli,CGWB,1,Jammu & Kashmir,7,KATHUA,BILLAWAR,BILLAWAR,Mandli,-,-,-,-,-,-,32.63555556,75.50833333,25-05-2012 00:00,7.9,470,"",0,238,"",32,"",0.1,"","","",145,30,17,44,"",0.43,"","","","","","","","",""
1735,Mandli,CGWB,1,Jammu & Kashmir,7,KATHUA,BILLAWAR,BILLAWAR,Mandli,-,-,-,-,-,-,32.63555556,75.50833333,25-05-2013 00:00,7.85,650,"",0,336,275.4,36,"",1,"","","",200,42,23.15,54,"",0.14,"","","","","","","","",""
1736,Mandli,CGWB,1,Jammu & Kashmir,7,KATHUA,BILLAWAR,BILLAWAR,Mandli,-,-,-,-,-,-,32.63555556,75.50833333,25-05-2014 00:00,7.76,550,"",0,226,185.25,46,"",30,"","","",155,26,21.91,51,"",3.95,"","","","","","","","",""
1737,Mandli,CGWB,1,Jammu & Kashmir,7,KATHUA,BILLAWAR,BILLAWAR,Mandli,-,-,-,-,-,-,32.63555556,75.50833333,25-05-2016 00:00,7.35,730,379.6,0,330,"",36,"",65.601616,"","","",285,42,44,47,"",0,"","","","","","","","",""
1738,Mandli,CGWB,1,Jammu & Kashmir,7,KATHUA,BILLAWAR,BILLAWAR,Mandli,-,-,-,-,-,-,32.63555556,75.50833333,30-05-2019 08:00,7.75,520,456,0,331,"",109,"","","","","",239,48,29,54,"","","","","","","","","","",""
1739,Mandli,CGWB,1,Jammu & Kashmir,7,KATHUA,BILLAWAR,BILLAWAR,Mandli,-,-,-,-,-,-,32.63555556,75.50833333,30-05-2020 08:00,7.75,520,"","",331,"",109,"","","","","","",48,29,54,"","","","","","","","","","",""
1740,Mandli,CGWB,1,Jammu & Kashmir,7,KATHUA,BILLAWAR,BILLAWAR,Mandli,-,-,-,-,-,-,32.63555556,75.50833333,30-05-2021 08:00,7.36,722,"",0,336,"",71,"",23,"","","",235,54,24,70,"","","","","","","","","","",""
1741,Manwall,CGWB,1,Jammu & Kashmir,14,UDHAMPUR,RAMNAGAR,RAMNAGAR,Manwall,-,-,-,-,-,-,32.75555556,75.15000000,25-05-2000 00:00,7.25,328,"",0,134,"",21,"","","","","",135,40,8.56,"","","","","","","","","","","",""
1742,Manwall,CGWB,1,Jammu & Kashmir,14,UDHAMPUR,RAMNAGAR,RAMNAGAR,Manwall,-,-,-,-,-,-,32.75555556,75.15000000,25-05-2001 00:00,7.67,503,"",0,290,"",24,"","","","","",281,96,10.09,17,"","","","","","","","","","",""
1743,Manwall,CGWB,1,Jammu & Kashmir,14,UDHAMPUR,RAMNAGAR,RAMNAGAR,Manwall,-,-,-,-,-,-,32.75555556,75.15000000,25-05-2002 00:00,7.7,665,"",0,311,"",24,"","","","","",270,95,8.02,20,"","","","","","","","","","",""
1744,Manwall,CGWB,1,Jammu & Kashmir,14,UDHAMPUR,RAMNAGAR,RAMNAGAR,Manwall,-,-,-,-,-,-,32.75555556,75.15000000,25-05-2003 00:00,7.6,510,"",0,228,"",28,"","","","","",240,75,12.86,16,"","","","","","","","","","",""
1745,Manwall,CGWB,1,Jammu & Kashmir,14,UDHAMPUR,RAMNAGAR,RAMNAGAR,Manwall,-,-,-,-,-,-,32.75555556,75.15000000,25-05-2004 00:00,7.5,622,"",0,287,"",25,"","","","","",265,28,47.44,22,"","","","","","","","","","",""
1746,Manwall,CGWB,1,Jammu & Kashmir,14,UDHAMPUR,RAMNAGAR,RAMNAGAR,Manwall,-,-,-,-,-,-,32.75555556,75.15000000,25-05-2005 00:00,8.09,625,"",0,320,"",35,"","","","","",300,88,19.56,19,"","","","","","","","","","",""
1747,Manwall,CGWB,1,Jammu & Kashmir,14,UDHAMPUR,RAMNAGAR,RAMNAGAR,Manwall,-,-,-,-,-,-,32.75555556,75.15000000,25-05-2006 00:00,7.42,468,"",0,195,"",39,"","","","","",215,62,14.66,14,"","","","","","","","","","",""
1748,Manwall,CGWB,1,Jammu & Kashmir,14,UDHAMPUR,RAMNAGAR,RAMNAGAR,Manwall,-,-,-,-,-,-,32.75555556,75.15000000,25-05-2007 00:00,7.78,403,"",0,189,"",35,"","","","","",175,54,9.79,16,"","","","","","","","","","",""
1749,Manwall,CGWB,1,Jammu & Kashmir,14,UDHAMPUR,RAMNAGAR,RAMNAGAR,Manwall,-,-,-,-,-,-,32.75555556,75.15000000,25-05-2008 00:00,7.67,646,"",0,305,"",35,"",0,"","","",275,92,11.05,15,"",0.17,"","","","","","","","",""
1750,Manwall,CGWB,1,Jammu & Kashmir,14,UDHAMPUR,RAMNAGAR,RAMNAGAR,Manwall,-,-,-,-,-,-,32.75555556,75.15000000,25-05-2009 00:00,7.47,670,"",0,330,"",32,"",0.01,"","","",300,106,8.64,12,"",0.18,"","","","","","","","",""
1751,Manwall,CGWB,1,Jammu & Kashmir,14,UDHAMPUR,RAMNAGAR,RAMNAGAR,Manwall,-,-,-,-,-,-,32.75555556,75.15000000,25-05-2010 00:00,8.25,220,"",0,128,"",7.1,"",0,"","","",80,16,9.74,17,"",1.28,"","","","","","","","",""
1752,Manwall,CGWB,1,Jammu & Kashmir,14,UDHAMPUR,RAMNAGAR,RAMNAGAR,Manwall,-,-,-,-,-,-,32.75555556,75.15000000,25-05-2013 00:00,8.06,500,"",0,159,130.3,43,"",1.4,"","","",165,48,11,20,"",0.23,"","","","","","","","",""
1753,Manwall,CGWB,1,Jammu & Kashmir,14,UDHAMPUR,RAMNAGAR,RAMNAGAR,Manwall,-,-,-,-,-,-,32.75555556,75.15000000,25-05-2014 00:00,7.25,390,"",0,128,104.92,50,"",11,"","","",155,36,15.85,20,"",0.36,"","","","","","","","",""
1754,Manwall,CGWB,1,Jammu & Kashmir,14,UDHAMPUR,RAMNAGAR,RAMNAGAR,Manwall,-,-,-,-,-,-,32.75555556,75.15000000,25-05-2015 00:00,8.2,250,"",0,98,80.33,25,"",4,"","","",105,24,10.97,11,"",0.12,"","","","","","","","",""
1755,Manwall,CGWB,1,Jammu & Kashmir,14,UDHAMPUR,RAMNAGAR,RAMNAGAR,Manwall,-,-,-,-,-,-,32.75555556,75.15000000,25-05-2016 00:00,7.75,310,161.2,0,153,"",21,"",297.07516,"","","",125,36,14,156,"",0,"","","","","","","","",""
1756,Manwall,CGWB,1,Jammu & Kashmir,14,UDHAMPUR,RAMNAGAR,RAMNAGAR,Manwall,-,-,-,-,-,-,32.75555556,75.15000000,30-05-2021 08:00,7.7,1328,"",0,451.4,"",113.44,"",82,"","","",510,72,80.2032,76.2,"","","","","","","","","","",""
1757,Marchola,CGWB,1,Jammu & Kashmir,12,RAJAURI,SUNDERBANI,SUNDERBANI,Marchola,-,-,-,-,-,-,33.09027778,74.48194444,25-05-2000 00:00,7.82,267,"",0,140,"",14,"","","","","",115,30,9.76,"","","","","","","","","","","",""
1758,Marchola,CGWB,1,Jammu & Kashmir,12,RAJAURI,SUNDERBANI,SUNDERBANI,Marchola,-,-,-,-,-,-,33.09027778,74.48194444,25-05-2006 00:00,7.75,370,"",0,165,"",14,"","","","","",145,38,12.2,15,"","","","","","","","","","",""
1759,Marchola,CGWB,1,Jammu & Kashmir,12,RAJAURI,SUNDERBANI,SUNDERBANI,Marchola,-,-,-,-,-,-,33.09027778,74.48194444,25-05-2007 00:00,8.26,290,"",0,165,"",18,"","","","","",120,22,15.83,19,"","","","","","","","","","",""
1760,Marchola,CGWB,1,Jammu & Kashmir,12,RAJAURI,SUNDERBANI,SUNDERBANI,Marchola,-,-,-,-,-,-,33.09027778,74.48194444,25-05-2008 00:00,8.05,325,"",0,165,"",11,"",0,"","","",130,38,8.56,10,"",0.19,"","","","","","","","",""
1761,Marchola,CGWB,1,Jammu & Kashmir,12,RAJAURI,SUNDERBANI,SUNDERBANI,Marchola,-,-,-,-,-,-,33.09027778,74.48194444,25-05-2009 00:00,8.2,780,"",0,61,"",14,"",50,"","","",50,12,4.88,26,"",0.38,"","","","","","","","",""
1762,Marchola,CGWB,1,Jammu & Kashmir,12,RAJAURI,SUNDERBANI,SUNDERBANI,Marchola,-,-,-,-,-,-,33.09027778,74.48194444,25-05-2012 00:00,7.3,350,"",0,183,"",14,"",0,"","","",145,40,11,13,"",0.08,"","","","","","","","",""
1763,Marchola,CGWB,1,Jammu & Kashmir,12,RAJAURI,SUNDERBANI,SUNDERBANI,Marchola,-,-,-,-,-,-,33.09027778,74.48194444,25-05-2013 00:00,7.62,620,"",0,250,204.9,21,"",17,"","","",185,40,20.71,32,"","","","","","","","","","",""
1764,Marchola,CGWB,1,Jammu & Kashmir,12,RAJAURI,SUNDERBANI,SUNDERBANI,Marchola,-,-,-,-,-,-,33.09027778,74.48194444,25-05-2014 00:00,7.44,380,"",0,165,135.25,28,"",27,"","","",145,40,10.99,26,"",1.58,"","","","","","","","",""
1765,Marchola,CGWB,1,Jammu & Kashmir,12,RAJAURI,SUNDERBANI,SUNDERBANI,Marchola,-,-,-,-,-,-,33.09027778,74.48194444,25-05-2016 00:00,7.62,290,150.8,0,85,"",7,"",65,"","","",105,18,15,22,"",0,"","","","","","","","",""
1766,Marchola,CGWB,1,Jammu & Kashmir,12,RAJAURI,SUNDERBANI,SUNDERBANI,Marchola,-,-,-,-,-,-,33.09027778,74.48194444,30-05-2019 08:00,8.26,490,228,0,252,"",14,"","","","","",228,39,32,61,"","","","","","","","","","",""
1767,Marchola,CGWB,1,Jammu & Kashmir,12,RAJAURI,SUNDERBANI,SUNDERBANI,Marchola,-,-,-,-,-,-,33.09027778,74.48194444,30-05-2020 08:00,8.26,490,"","",252,"",14,"","","","","","",39,32,61,"","","","","","","","","","",""
1768,Marchola,CGWB,1,Jammu & Kashmir,12,RAJAURI,SUNDERBANI,SUNDERBANI,Marchola,-,-,-,-,-,-,33.09027778,74.48194444,30-05-2021 08:00,7.16,3020,"",0,335.555,"",695.8,"",203.5,"","","",1000,248,92.4312,223.8,"","","","","","","","","","",""
1769,Marh,CGWB,1,Jammu & Kashmir,5,JAMMU,JAMMU,JAMMU,Marh,-,-,-,-,-,-,32.77638889,74.74555556,25-05-2013 00:00,8.07,640,"",0,2.07,1.7,36,"",73,"","","",285,38,46.24,24,"",0.37,"","","","","","","","",""
1770,Marh,CGWB,1,Jammu & Kashmir,5,JAMMU,JAMMU,JAMMU,Marh,-,-,-,-,-,-,32.77638889,74.74555556,25-05-2014 00:00,7.38,660,"",0,98,80.33,32,"",85,"","","",165,26,24.34,31,"",0.35,"","","","","","","","",""
1771,Marh,CGWB,1,Jammu & Kashmir,5,JAMMU,JAMMU,JAMMU,Marh,-,-,-,-,-,-,32.77638889,74.74555556,25-05-2015 00:00,8.34,650,"","",165,135.25,39.1,"",90,"","","",250,36.1,38.88,24.6,"",0.26,"","","","","","","","",""
1772,Marh,CGWB,1,Jammu & Kashmir,5,JAMMU,JAMMU,JAMMU,Marh,-,-,-,-,-,-,32.77638889,74.74555556,25-05-2016 00:00,8.33,422,219.44,18,109.8,"",39.05,"",67.834625,"","","",168.175,18.036,29.95616,23.2,"",6.75,"","","","","","","","",""
1773,Marh,CGWB,1,Jammu & Kashmir,5,JAMMU,JAMMU,JAMMU,Marh,-,-,-,-,-,-,32.77638889,74.74555556,30-05-2019 08:00,7.75,480,264,0,305,"",14,"","","","","",347,70,42,5.7,"","","","","","","","","","",""
1774,Marh,CGWB,1,Jammu & Kashmir,5,JAMMU,JAMMU,JAMMU,Marh,-,-,-,-,-,-,32.77638889,74.74555556,30-05-2020 08:00,7.75,480,"","",305,"",14,"","","","","","",70,42,5.7,"","","","","","","","","","",""
1775,Marh,CGWB,1,Jammu & Kashmir,5,JAMMU,JAMMU,JAMMU,Marh,-,-,-,-,-,-,32.77638889,74.74555556,30-05-2021 08:00,7.73,1250,"",0,244.08,"",170.16,"",144,"","","",475,42,89.9248,69,"","","","","","","","","","",""
1776,Marjholi,CGWB,1,Jammu & Kashmir,5,JAMMU,JAMMU,JAMMU,Marjholi,-,-,-,-,-,-,32.85000000,74.76666667,25-05-2006 00:00,7.75,370,"",0,165,"",14,"","","","","",145,38,12.2,15,"","","","","","","","","","",""
1777,Marjholi,CGWB,1,Jammu & Kashmir,5,JAMMU,JAMMU,JAMMU,Marjholi,-,-,-,-,-,-,32.85000000,74.76666667,25-05-2008 00:00,7.7,625,"",0,354,"",11,"",20,"","","",310,94,18.35,6.8,"",0.77,"","","","","","","","",""
1778,Marjholi,CGWB,1,Jammu & Kashmir,5,JAMMU,JAMMU,JAMMU,Marjholi,-,-,-,-,-,-,32.85000000,74.76666667,25-05-2013 00:00,8.15,350,"",0,159,130.3,14,"",9,"","","",150,18,17,5.3,"","","","","","","","","","",""
1779,Marjholi,CGWB,1,Jammu & Kashmir,5,JAMMU,JAMMU,JAMMU,Marjholi,-,-,-,-,-,-,32.85000000,74.76666667,25-05-2015 00:00,8.2,480,"",0,159,130.33,46.2,"",3,"","","",185,30.1,26.72,9.1,"",0.35,"","","","","","","","",""
1780,Marjholi,CGWB,1,Jammu & Kashmir,5,JAMMU,JAMMU,JAMMU,Marjholi,-,-,-,-,-,-,32.85000000,74.76666667,25-05-2016 00:00,8.35,253,131.56,0,122,"",39.05,"",0,"","","",144.15,26.052,19.24928,6.3,"",0,"","","","","","","","",""
1781,Marjholi,CGWB,1,Jammu & Kashmir,5,JAMMU,JAMMU,JAMMU,Marjholi,-,-,-,-,-,-,32.85000000,74.76666667,30-05-2021 08:00,7.3,1384,"",0,244,"",177.25,"",41,"","","",420,116,31.5952,25.1,"","","","","","","","","","",""
1782,Mazbugh,CGWB,1,Jammu & Kashmir,3,BARAMULA,SOPORE,SOPORE,Mazbugh,-,-,-,-,-,-,34.35500000,74.48861111,30-05-2019 08:00,7.67,760,306,0,371,"",82,"","","","","",369,26,74,53,"","","","","","","","","","",""
1783,Mazbugh,CGWB,1,Jammu & Kashmir,3,BARAMULA,SOPORE,SOPORE,Mazbugh,-,-,-,-,-,-,34.35500000,74.48861111,30-05-2020 08:00,7.67,760,"","",371,"",82,"","","","","","",26,74,53,"","","","","","","","","","",""
1784,Miran Sahib,CGWB,1,Jammu & Kashmir,5,JAMMU,R.S.PORA,R.S.PORA,Miran Sahib,-,-,-,-,-,-,32.64583333,74.79472222,25-05-2000 00:00,8.2,758,"",0,276,"",52,"","","","","",162,27,23.01,140,"","","","","","","","","","",""
1785,Miran Sahib,CGWB,1,Jammu & Kashmir,5,JAMMU,R.S.PORA,R.S.PORA,Miran Sahib,-,-,-,-,-,-,32.64583333,74.79472222,25-05-2001 00:00,7.7,628,"",0,333,"",24,"","","","","",320,64,38.98,38,"","","","","","","","","","",""
1786,Miran Sahib,CGWB,1,Jammu & Kashmir,5,JAMMU,R.S.PORA,R.S.PORA,Miran Sahib,-,-,-,-,-,-,32.64583333,74.79472222,25-05-2002 00:00,7.9,710,"",0,320,"",35,"","","","","",302,52,41.88,40,"",0.05,"","","","","","","","",""
1787,Miran Sahib,CGWB,1,Jammu & Kashmir,5,JAMMU,R.S.PORA,R.S.PORA,Miran Sahib,-,-,-,-,-,-,32.64583333,74.79472222,25-05-2003 00:00,7.8,555,"",0,171,"",39,"","","","","",230,50,25.59,18,"","","","","","","","","","",""
1788,Miran Sahib,CGWB,1,Jammu & Kashmir,5,JAMMU,R.S.PORA,R.S.PORA,Miran Sahib,-,-,-,-,-,-,32.64583333,74.79472222,25-05-2004 00:00,7.6,622,"",0,146,"",60,"","","","","",245,48,30.45,35,"","","","","","","","","","",""
1789,Miran Sahib,CGWB,1,Jammu & Kashmir,5,JAMMU,R.S.PORA,R.S.PORA,Miran Sahib,-,-,-,-,-,-,32.64583333,74.79472222,25-05-2005 00:00,7.36,1008,"",0,433,"",53,"","","","","",431,130,25.93,42,"","","","","","","","","","",""
1790,Miran Sahib,CGWB,1,Jammu & Kashmir,5,JAMMU,R.S.PORA,R.S.PORA,Miran Sahib,-,-,-,-,-,-,32.64583333,74.79472222,25-05-2006 00:00,7.5,620,"",0,244,"",53,"","","","","",276,61,30.1,27,"","","","","","","","","","",""
1791,Miran Sahib,CGWB,1,Jammu & Kashmir,5,JAMMU,R.S.PORA,R.S.PORA,Miran Sahib,-,-,-,-,-,-,32.64583333,74.79472222,25-05-2007 00:00,7.7,630,"",0,336,"",43,"","","","","",305,78,26.84,21,"","","","","","","","","","",""
1792,Miran Sahib,CGWB,1,Jammu & Kashmir,5,JAMMU,R.S.PORA,R.S.PORA,Miran Sahib,-,-,-,-,-,-,32.64583333,74.79472222,25-05-2008 00:00,7.52,745,"",0,323,"",50,"",18,"","","",330,50,49.9,19,"",0.36,"","","","","","","","",""
1793,Miran Sahib,CGWB,1,Jammu & Kashmir,5,JAMMU,R.S.PORA,R.S.PORA,Miran Sahib,-,-,-,-,-,-,32.64583333,74.79472222,25-05-2009 00:00,7.49,511,"",0,287,"",14,"",20,"","","",250,60,24.39,17,"",0.48,"","","","","","","","",""
1794,Miran Sahib,CGWB,1,Jammu & Kashmir,5,JAMMU,R.S.PORA,R.S.PORA,Miran Sahib,-,-,-,-,-,-,32.64583333,74.79472222,25-05-2010 00:00,8.25,530,"",0,159,"",57,"",27,"","","",210,38,28.01,24,"","","","","","","","","","",""
1795,Miran Sahib,CGWB,1,Jammu & Kashmir,5,JAMMU,R.S.PORA,R.S.PORA,Miran Sahib,-,-,-,-,-,-,32.64583333,74.79472222,25-05-2012 00:00,7.64,1300,"",0,494,"",170,"",55,"","","",534,140,45,116,"","","","","","","","","","",""
1796,Miran Sahib,CGWB,1,Jammu & Kashmir,5,JAMMU,R.S.PORA,R.S.PORA,Miran Sahib,-,-,-,-,-,-,32.64583333,74.79472222,25-05-2013 00:00,7.44,700,"",0,171,140.2,96,"",120,"","","",245,14,39,75,"",0.07,"","","","","","","","",""
1797,Miran Sahib,CGWB,1,Jammu & Kashmir,5,JAMMU,R.S.PORA,R.S.PORA,Miran Sahib,-,-,-,-,-,-,32.64583333,74.79472222,25-05-2015 00:00,7.89,830,"",0,451,369.67,36,"",5,"","","",375,80,42.65,29,"",0.28,"","","","","","","","",""
1798,Miran Sahib,CGWB,1,Jammu & Kashmir,5,JAMMU,R.S.PORA,R.S.PORA,Miran Sahib,-,-,-,-,-,-,32.64583333,74.79472222,25-05-2016 00:00,7.47,940,488.8,0,445.3,"",63.9,"",76.30128,"","","",455,12.024,103.36,58.8,"",0.04,"","","","","","","","",""
1799,Miran Sahib,CGWB,1,Jammu & Kashmir,5,JAMMU,R.S.PORA,R.S.PORA,Miran Sahib,-,-,-,-,-,-,32.64583333,74.79472222,30-05-2019 08:00,7.81,730,354,0,265,"",68,"","","","","",380,17,82,60,"","","","","","","","","","",""
1800,Miran Sahib,CGWB,1,Jammu & Kashmir,5,JAMMU,R.S.PORA,R.S.PORA,Miran Sahib,-,-,-,-,-,-,32.64583333,74.79472222,30-05-2020 08:00,7.81,730,"","",265,"",68,"","","","","","",17,82,60,"","","","","","","","","","",""
1801,Miran Sahib,CGWB,1,Jammu & Kashmir,5,JAMMU,R.S.PORA,R.S.PORA,Miran Sahib,-,-,-,-,-,-,32.64583333,74.79472222,30-05-2021 08:00,7.39,2680,"",0,403,"",498,"",94,"","","",620,112,83,245,"","","","","","","","","","",""
1802,Mirgund,CGWB,1,Jammu & Kashmir,3,BARAMULA,BARAMULA,BARAMULA,Mirgund,-,-,-,-,-,-,34.14083333,74.65333333,25-05-2013 00:00,7.73,780,"",0,445,364.8,25,"",56,"","","",225,56,20.73,103,"",0.02,"","","","","","","","",""
1803,Mirgund,CGWB,1,Jammu & Kashmir,3,BARAMULA,BARAMULA,BARAMULA,Mirgund,-,-,-,-,-,-,34.14083333,74.65333333,25-05-2014 00:00,7.57,750,"",0,464,380.33,28,"",26,"","","",285,48,40.18,69,"",0.04,"","","","","","","","",""
1804,Mirgund,CGWB,1,Jammu & Kashmir,3,BARAMULA,BARAMULA,BARAMULA,Mirgund,-,-,-,-,-,-,34.14083333,74.65333333,25-05-2015 00:00,8.4,750,"",111,31,210.41,91,"",32,"","","",130,14,23.11,111,"",0.1,"","","","","","","","",""
1805,Mirgund,CGWB,1,Jammu & Kashmir,3,BARAMULA,BARAMULA,BARAMULA,Mirgund,-,-,-,-,-,-,34.14083333,74.65333333,25-05-2016 00:00,7.34,510,265.2,0,409,"",21,"",46.53351,"","","",245,14,51,69,"",0,"","","","","","","","",""
1806,Mirgund,CGWB,1,Jammu & Kashmir,3,BARAMULA,BARAMULA,BARAMULA,Mirgund,-,-,-,-,-,-,34.14083333,74.65333333,30-05-2019 08:00,8.22,450,96,0,252,"",27,"","","","","",163,26,24,48,"","","","","","","","","","",""
1807,Mirgund,CGWB,1,Jammu & Kashmir,3,BARAMULA,BARAMULA,BARAMULA,Mirgund,-,-,-,-,-,-,34.14083333,74.65333333,30-05-2020 08:00,8.22,450,"","",252,"",27,"","","","","","",26,24,48,"","","","","","","","","","",""
1808,Mirgund,CGWB,1,Jammu & Kashmir,3,BARAMULA,BARAMULA,BARAMULA,Mirgund,-,-,-,-,-,-,34.14083333,74.65333333,30-05-2021 08:00,7.4,7520,"",0,329.4,"",794.08,"",2160,"","","",3105,376,526.1816,420,"","","","","","","","","","",""
1809,Mothlian Kalan,CGWB,1,Jammu & Kashmir,5,JAMMU,SAMBA,SAMBA,Mothlian Kalan,-,-,-,-,-,-,32.65666667,75.07388889,25-05-2014 00:00,6.57,1840,"",0,317,259.84,170,"",210,"","","",405,48,69.35,116,"",0.1,"","","","","","","","",""
1810,Mothlian Kalan,CGWB,1,Jammu & Kashmir,5,JAMMU,SAMBA,SAMBA,Mothlian Kalan,-,-,-,-,-,-,32.65666667,75.07388889,25-05-2016 00:00,7.31,1780,925.6,0,549,"",284,"",156.5763,"","","",840,56.112,170.24,116,"",0.09,"","","","","","","","",""
1811,Mukandpur,CGWB,1,Jammu & Kashmir,7,KATHUA,KATHUA,KATHUA,Mukandpur,-,-,-,-,-,-,32.36944444,75.36888889,25-05-2000 00:00,7.35,353,"",0,220,"",7.1,"","","","","",195,44,20.72,"","","","","","","","","","","",""
1812,Mukandpur,CGWB,1,Jammu & Kashmir,7,KATHUA,KATHUA,KATHUA,Mukandpur,-,-,-,-,-,-,32.36944444,75.36888889,25-05-2001 00:00,7.55,465,"",0,262,"",7.1,"","","","","",220,56,19.52,15,"","","","","","","","","","",""
1813,Mukandpur,CGWB,1,Jammu & Kashmir,7,KATHUA,KATHUA,KATHUA,Mukandpur,-,-,-,-,-,-,32.36944444,75.36888889,25-05-2002 00:00,7.7,400,"",0,214,"",11,"","","","","",193,60,10.53,8.7,"",0.18,"","","","","","","","",""
1814,Mukandpur,CGWB,1,Jammu & Kashmir,7,KATHUA,KATHUA,KATHUA,Mukandpur,-,-,-,-,-,-,32.36944444,75.36888889,25-05-2003 00:00,7.3,640,"",0,311,"",14,"","","","","",265,74,19.54,16,"","","","","","","","","","",""
1815,Mukandpur,CGWB,1,Jammu & Kashmir,7,KATHUA,KATHUA,KATHUA,Mukandpur,-,-,-,-,-,-,32.36944444,75.36888889,25-05-2004 00:00,7.3,630,"",0,323,"",14,"","","","","",240,72,14.68,20,"","","","","","","","","","",""
1816,Mukandpur,CGWB,1,Jammu & Kashmir,7,KATHUA,KATHUA,KATHUA,Mukandpur,-,-,-,-,-,-,32.36944444,75.36888889,25-05-2005 00:00,8.05,473,"",0,191,"",22,"","","","","",144,40,10.75,11,"","","","","","","","","","",""
1817,Mukandpur,CGWB,1,Jammu & Kashmir,7,KATHUA,KATHUA,KATHUA,Mukandpur,-,-,-,-,-,-,32.36944444,75.36888889,25-05-2006 00:00,7.6,310,"",0,201,"",14,"","","","","",143,33,14.75,15,"","","","","","","","","","",""
1818,Mukandpur,CGWB,1,Jammu & Kashmir,7,KATHUA,KATHUA,KATHUA,Mukandpur,-,-,-,-,-,-,32.36944444,75.36888889,25-05-2007 00:00,8.22,366,"",0,171,"",21,"","","","","",115,20,15.83,25,"","","","","","","","","","",""
1819,Mukandpur,CGWB,1,Jammu & Kashmir,7,KATHUA,KATHUA,KATHUA,Mukandpur,-,-,-,-,-,-,32.36944444,75.36888889,25-05-2008 00:00,7.56,650,"",0,384,"",18,"",10,"","","",280,36,46.24,20,"",0.14,"","","","","","","","",""
1820,Mukandpur,CGWB,1,Jammu & Kashmir,7,KATHUA,KATHUA,KATHUA,Mukandpur,-,-,-,-,-,-,32.36944444,75.36888889,25-05-2009 00:00,7.7,380,"",0,226,"",7.1,"",5,"","","",150,38,13.42,15,"",0.22,"","","","","","","","",""
1821,Mukandpur,CGWB,1,Jammu & Kashmir,7,KATHUA,KATHUA,KATHUA,Mukandpur,-,-,-,-,-,-,32.36944444,75.36888889,25-05-2010 00:00,7.8,430,"",0,238,"",11,"",12,"","","",185,50,14.65,14,"",0.24,"","","","","","","","",""
1822,Mukandpur,CGWB,1,Jammu & Kashmir,7,KATHUA,KATHUA,KATHUA,Mukandpur,-,-,-,-,-,-,32.36944444,75.36888889,25-05-2012 00:00,7.49,480,"",0,268,"",18,"",8,"","","",199,50,18,17,"",0.56,"","","","","","","","",""
1823,Mukandpur,CGWB,1,Jammu & Kashmir,7,KATHUA,KATHUA,KATHUA,Mukandpur,-,-,-,-,-,-,32.36944444,75.36888889,25-05-2013 00:00,7.87,690,"",0,354,290.2,28,"",54,"","","",300,82,23.2,27,"","","","","","","","","","",""
1824,Mukandpur,CGWB,1,Jammu & Kashmir,7,KATHUA,KATHUA,KATHUA,Mukandpur,-,-,-,-,-,-,32.36944444,75.36888889,25-05-2014 00:00,7.75,390,"",0,214,175.41,18,"",52,"","","",175,34,21.92,34,"",0.91,"","","","","","","","",""
1825,Mukandpur,CGWB,1,Jammu & Kashmir,7,KATHUA,KATHUA,KATHUA,Mukandpur,-,-,-,-,-,-,32.36944444,75.36888889,25-05-2015 00:00,8.08,540,"",0,177,145.08,39.1,"",137,"","","",185,26,29.21,39.3,"",0.92,"","","","","","","","",""
1826,Mukandpur,CGWB,1,Jammu & Kashmir,7,KATHUA,KATHUA,KATHUA,Mukandpur,-,-,-,-,-,-,32.36944444,75.36888889,25-05-2016 00:00,7.46,560,291.2,0,353.8,"",10.65,"",15.000487,"","","",280,28.056,51.072,10.5,"",0,"","","","","","","","",""
1827,Mukandpur,CGWB,1,Jammu & Kashmir,7,KATHUA,KATHUA,KATHUA,Mukandpur,-,-,-,-,-,-,32.36944444,75.36888889,30-05-2021 08:00,7.86,1200,"",0,335.61,"",152.435,"",96,"","","",345,72,40.1016,115,"","","","","","","","","","",""
1828,Muthi,CGWB,1,Jammu & Kashmir,5,JAMMU,JAMMU,JAMMU,Muthi,-,-,-,-,-,-,32.75277778,74.80000000,25-05-2000 00:00,8.22,475,"",0,176,"",21,"","","","","",195,38,24.36,27,"","","","","","","","","","",""
1829,Muthi,CGWB,1,Jammu & Kashmir,5,JAMMU,JAMMU,JAMMU,Muthi,-,-,-,-,-,-,32.75277778,74.80000000,25-05-2001 00:00,7.85,544,"",0,253,"",17,"","","","","",265,54,31.67,27,"","","","","","","","","","",""
1830,Muthi,CGWB,1,Jammu & Kashmir,5,JAMMU,JAMMU,JAMMU,Muthi,-,-,-,-,-,-,32.75277778,74.80000000,25-05-2002 00:00,8,575,"",0,263,"",24,"","","","","",264,65,24.76,25,"",0.08,"","","","","","","","",""
1831,Muthi,CGWB,1,Jammu & Kashmir,5,JAMMU,JAMMU,JAMMU,Muthi,-,-,-,-,-,-,32.75277778,74.80000000,25-05-2003 00:00,7.8,685,"",0,299,"",21,"","","","","",315,74,31.7,24,"","","","","","","","","","",""
1832,Muthi,CGWB,1,Jammu & Kashmir,5,JAMMU,JAMMU,JAMMU,Muthi,-,-,-,-,-,-,32.75277778,74.80000000,25-05-2004 00:00,7.5,780,"",0,336,"",21,"","","","","",330,82,30.49,26,"","","","","","","","","","",""
1833,Muthi,CGWB,1,Jammu & Kashmir,5,JAMMU,JAMMU,JAMMU,Muthi,-,-,-,-,-,-,32.75277778,74.80000000,25-05-2005 00:00,7.9,622,"",0,247,"",25,"","","","","",274,69,24.76,25,"","","","","","","","","","",""
1834,Muthi,CGWB,1,Jammu & Kashmir,5,JAMMU,JAMMU,JAMMU,Muthi,-,-,-,-,-,-,32.75277778,74.80000000,25-05-2006 00:00,7.7,558,"",0,311,"",14,"","","","","",300,64,34.12,16,"","","","","","","","","","",""
1835,Muthi,CGWB,1,Jammu & Kashmir,5,JAMMU,JAMMU,JAMMU,Muthi,-,-,-,-,-,-,32.75277778,74.80000000,25-05-2007 00:00,7.9,456,"",0,207,"",18,"","","","","",220,38,30.44,20,"","","","","","","","","","",""
1836,Muthi,CGWB,1,Jammu & Kashmir,5,JAMMU,JAMMU,JAMMU,Muthi,-,-,-,-,-,-,32.75277778,74.80000000,25-05-2008 00:00,7.45,722,"",0,342,"",28,"",50,"","","",325,62,41.41,25,"",0.47,"","","","","","","","",""
1837,Muthi,CGWB,1,Jammu & Kashmir,5,JAMMU,JAMMU,JAMMU,Muthi,-,-,-,-,-,-,32.75277778,74.80000000,25-05-2009 00:00,7.2,775,"",0,384,"",21,"",0,"","","",291,24,56.19,26,"",0.29,"","","","","","","","",""
1838,Muthi,CGWB,1,Jammu & Kashmir,5,JAMMU,JAMMU,JAMMU,Muthi,-,-,-,-,-,-,32.75277778,74.80000000,25-05-2010 00:00,8.62,450,"",6,189,"",32,"",30,"","","",180,22,30.42,30,"",8.4,"","","","","","","","",""
1839,Muthi,CGWB,1,Jammu & Kashmir,5,JAMMU,JAMMU,JAMMU,Muthi,-,-,-,-,-,-,32.75277778,74.80000000,25-05-2012 00:00,7.95,600,"",0,293,"",25,"",40,"","","",279,64,29,19,"",0.3,"","","","","","","","",""
1840,Muthi,CGWB,1,Jammu & Kashmir,5,JAMMU,JAMMU,JAMMU,Muthi,-,-,-,-,-,-,32.75277778,74.80000000,25-05-2013 00:00,8.25,500,"",0,195,159.8,36,"",64,"","","",220,32,34.08,26,"",0.09,"","","","","","","","",""
1841,Muthi,CGWB,1,Jammu & Kashmir,5,JAMMU,JAMMU,JAMMU,Muthi,-,-,-,-,-,-,32.75277778,74.80000000,25-05-2014 00:00,6.9,490,"",0,183,150,18,"",64,"","","",170,34,20.71,32,"",0.44,"","","","","","","","",""
1842,Muthi,CGWB,1,Jammu & Kashmir,5,JAMMU,JAMMU,JAMMU,Muthi,-,-,-,-,-,-,32.75277778,74.80000000,25-05-2015 00:00,8.27,890,"",0,244,200,60.4,"",127,"","","",245,28.1,42.52,55,"",10.62,"","","","","","","","",""
1843,Muthi,CGWB,1,Jammu & Kashmir,5,JAMMU,JAMMU,JAMMU,Muthi,-,-,-,-,-,-,32.75277778,74.80000000,25-05-2016 00:00,8.24,437,227.24,12,213.5,"",60.35,"",6.4389405,"","","",211.42,38.076,28.313343,33.5,"",7.27,"","","","","","","","",""
1844,Nagbani,CGWB,1,Jammu & Kashmir,5,JAMMU,JAMMU,JAMMU,Nagbani,-,-,-,-,-,-,32.76111111,74.77777778,25-05-2000 00:00,7.55,918,"",0,440,"",42,"","","","","",281,49,38.6,120,"","","","","","","","","","",""
1845,Nagbani,CGWB,1,Jammu & Kashmir,5,JAMMU,JAMMU,JAMMU,Nagbani,-,-,-,-,-,-,32.76111111,74.77777778,25-05-2001 00:00,7.52,660,"",0,308,"",28,"","","","","",185,16,35.27,110,"","","","","","","","","","",""
1846,Nagbani,CGWB,1,Jammu & Kashmir,5,JAMMU,JAMMU,JAMMU,Nagbani,-,-,-,-,-,-,32.76111111,74.77777778,25-05-2002 00:00,8.2,960,"",0,526,"",115,"","","","","",375,98,31.73,96,"",0.05,"","","","","","","","",""
1847,Nagbani,CGWB,1,Jammu & Kashmir,5,JAMMU,JAMMU,JAMMU,Nagbani,-,-,-,-,-,-,32.76111111,74.77777778,25-05-2003 00:00,8.1,740,"",0,299,"",32,"","","","","",190,28,29.21,90,"","","","","","","","","","",""
1848,Nagbani,CGWB,1,Jammu & Kashmir,5,JAMMU,JAMMU,JAMMU,Nagbani,-,-,-,-,-,-,32.76111111,74.77777778,25-05-2004 00:00,7.65,1075,"",0,543,"",25,"","","","","",385,84,42.65,80,"","","","","","","","","","",""
1849,Nagbani,CGWB,1,Jammu & Kashmir,5,JAMMU,JAMMU,JAMMU,Nagbani,-,-,-,-,-,-,32.76111111,74.77777778,25-05-2005 00:00,7.75,980,"",0,494,"",36,"","","","","",331,90,25.88,92,"","","","","","","","","","",""
1850,Nagbani,CGWB,1,Jammu & Kashmir,5,JAMMU,JAMMU,JAMMU,Nagbani,-,-,-,-,-,-,32.76111111,74.77777778,25-05-2006 00:00,8.28,747,"",0,452,"",32,"","","","","",190,18,35.28,110,"","","","","","","","","","",""
1851,Nagbani,CGWB,1,Jammu & Kashmir,5,JAMMU,JAMMU,JAMMU,Nagbani,-,-,-,-,-,-,32.76111111,74.77777778,25-05-2007 00:00,8.4,456,"",6,268,"",11,"","","","","",220,38,30.44,20,"","","","","","","","","","",""
1852,Nagbani,CGWB,1,Jammu & Kashmir,5,JAMMU,JAMMU,JAMMU,Nagbani,-,-,-,-,-,-,32.76111111,74.77777778,25-05-2008 00:00,7.6,785,"",0,452,"",14,"",42,"","","",360,68,46.28,34,"",0.4,"","","","","","","","",""
1853,Nagbani,CGWB,1,Jammu & Kashmir,5,JAMMU,JAMMU,JAMMU,Nagbani,-,-,-,-,-,-,32.76111111,74.77777778,25-05-2009 00:00,7.65,742,"",0,427,"",7.1,"",0,"","","",291,27,54.37,30,"",0.4,"","","","","","","","",""
1854,Nagbani,CGWB,1,Jammu & Kashmir,5,JAMMU,JAMMU,JAMMU,Nagbani,-,-,-,-,-,-,32.76111111,74.77777778,25-05-2010 00:00,8.55,290,"",6,153,"",18,"",0.1,"","","",130,16,21.9,14,"",6.76,"","","","","","","","",""
1855,Nagbani,CGWB,1,Jammu & Kashmir,5,JAMMU,JAMMU,JAMMU,Nagbani,-,-,-,-,-,-,32.76111111,74.77777778,25-05-2012 00:00,7.48,840,"",0,494,"",18,"",28,"","","",371,78,43,41,"",0.55,"","","","","","","","",""
1856,Nagbani,CGWB,1,Jammu & Kashmir,5,JAMMU,JAMMU,JAMMU,Nagbani,-,-,-,-,-,-,32.76111111,74.77777778,25-05-2013 00:00,8.19,380,"",0,189,154.9,11,"",25,"","","",160,26,23.13,16,"",0.4,"","","","","","","","",""
1857,Nagbani,CGWB,1,Jammu & Kashmir,5,JAMMU,JAMMU,JAMMU,Nagbani,-,-,-,-,-,-,32.76111111,74.77777778,25-05-2014 00:00,7.08,840,"",0,269,220.49,25,"",161,"","","",225,38,31.65,87,"",0.88,"","","","","","","","",""
1858,Nagbani,CGWB,1,Jammu & Kashmir,5,JAMMU,JAMMU,JAMMU,Nagbani,-,-,-,-,-,-,32.76111111,74.77777778,25-05-2015 00:00,8.4,370,"",18,153,155.41,11,"",4,"","","",135,20,20.69,17,"",3.03,"","","","","","","","",""
1859,Nagbani,CGWB,1,Jammu & Kashmir,5,JAMMU,JAMMU,JAMMU,Nagbani,-,-,-,-,-,-,32.76111111,74.77777778,25-05-2016 00:00,8.03,469,243.88,0,170.8,"",10.65,"",146.71777,"","","",249.86,54.108,27.933952,25.9,"",0.81,"","","","","","","","",""
1860,Nagbani,CGWB,1,Jammu & Kashmir,5,JAMMU,JAMMU,JAMMU,Nagbani,-,-,-,-,-,-,32.76111111,74.77777778,30-05-2019 08:00,7.42,1100,444,0,212,"",102,"","","","","",608,117,76,35,"","","","","","","","","","",""
1861,Nagbani,CGWB,1,Jammu & Kashmir,5,JAMMU,JAMMU,JAMMU,Nagbani,-,-,-,-,-,-,32.76111111,74.77777778,30-05-2020 08:00,7.42,1100,"","",212,"",102,"","","","","","",117,76,35,"","","","","","","","","","",""
1862,Nagbani,CGWB,1,Jammu & Kashmir,5,JAMMU,JAMMU,JAMMU,Nagbani,-,-,-,-,-,-,32.76111111,74.77777778,30-05-2021 08:00,7.8,2970,"",0,677.1,"",347.41,"",283,"","","",610,48,119.0896,312,"","","","","","","","","","",""
1863,Nagri,CGWB,1,Jammu & Kashmir,7,KATHUA,KATHUA,KATHUA,Nagri,-,-,-,-,-,-,32.35000000,75.43333333,25-05-2000 00:00,8.21,252,"",0,122,"",10,"","","","","",124,25,15,"","","","","","","","","","","",""
1864,Nagri,CGWB,1,Jammu & Kashmir,7,KATHUA,KATHUA,KATHUA,Nagri,-,-,-,-,-,-,32.35000000,75.43333333,25-05-2001 00:00,8.01,287,"",0,116,"",11,"","","","","",140,28,17.05,11,"","","","","","","","","","",""
1865,Nagri,CGWB,1,Jammu & Kashmir,7,KATHUA,KATHUA,KATHUA,Nagri,-,-,-,-,-,-,32.35000000,75.43333333,25-05-2002 00:00,8.1,414,"",0,213,"",14,"","","","","",198,58,12.96,9,"",0.98,"","","","","","","","",""
1866,Nagri,CGWB,1,Jammu & Kashmir,7,KATHUA,KATHUA,KATHUA,Nagri,-,-,-,-,-,-,32.35000000,75.43333333,25-05-2003 00:00,7.7,380,"",0,165,"",11,"","","","","",170,48,12.21,10,"","","","","","","","","","",""
1867,Nagri,CGWB,1,Jammu & Kashmir,7,KATHUA,KATHUA,KATHUA,Nagri,-,-,-,-,-,-,32.35000000,75.43333333,25-05-2004 00:00,8,335,"",0,140,"",14,"","","","","",135,38,9.77,13,"","","","","","","","","","",""
1868,Nagri,CGWB,1,Jammu & Kashmir,7,KATHUA,KATHUA,KATHUA,Nagri,-,-,-,-,-,-,32.35000000,75.43333333,25-05-2005 00:00,7.85,417,"",0,191,"",15,"","","","","",178,58,8.09,6,"","","","","","","","","","",""
1869,Nagri,CGWB,1,Jammu & Kashmir,7,KATHUA,KATHUA,KATHUA,Nagri,-,-,-,-,-,-,32.35000000,75.43333333,25-05-2006 00:00,7.7,330,"",0,152,"",14,"","","","","",150,34,15.84,10,"","","","","","","","","","",""
1870,Nagri,CGWB,1,Jammu & Kashmir,7,KATHUA,KATHUA,KATHUA,Nagri,-,-,-,-,-,-,32.35000000,75.43333333,25-05-2007 00:00,8.2,276,"",0,116,"",18,"","","","","",120,26,13.4,12,"","","","","","","","","","",""
1871,Nagri,CGWB,1,Jammu & Kashmir,7,KATHUA,KATHUA,KATHUA,Nagri,-,-,-,-,-,-,32.35000000,75.43333333,25-05-2008 00:00,7.8,406,"",0,214,"",25,"",8,"","","",180,38,20.71,17,"",7.5,"","","","","","","","",""
1872,Nagri,CGWB,1,Jammu & Kashmir,7,KATHUA,KATHUA,KATHUA,Nagri,-,-,-,-,-,-,32.35000000,75.43333333,25-05-2009 00:00,7.7,420,"",0,238,"",14,"",22,"","","",215,54,19.52,11,"",3.64,"","","","","","","","",""
1873,Nagri,CGWB,1,Jammu & Kashmir,7,KATHUA,KATHUA,KATHUA,Nagri,-,-,-,-,-,-,32.35000000,75.43333333,25-05-2010 00:00,7.9,390,"",0,201,"",25,"",0,"","","",180,48,14.65,12,"",2.8,"","","","","","","","",""
1874,Nagri,CGWB,1,Jammu & Kashmir,7,KATHUA,KATHUA,KATHUA,Nagri,-,-,-,-,-,-,32.35000000,75.43333333,25-05-2012 00:00,7.63,490,"",0,275,"",18,"",0.01,"","","",230,66,16,9.8,"",0.63,"","","","","","","","",""
1875,Nagri,CGWB,1,Jammu & Kashmir,7,KATHUA,KATHUA,KATHUA,Nagri,-,-,-,-,-,-,32.35000000,75.43333333,25-05-2013 00:00,8.2,360,"",0,183,150,14,"",32,"","","",150,22,23.12,23,"","","","","","","","","","",""
1876,Nagri,CGWB,1,Jammu & Kashmir,7,KATHUA,KATHUA,KATHUA,Nagri,-,-,-,-,-,-,32.35000000,75.43333333,25-05-2014 00:00,7.7,360,"",0,207,169.67,11,"",11,"","","",175,54,9.79,9.5,"",1.58,"","","","","","","","",""
1877,Nagri,CGWB,1,Jammu & Kashmir,7,KATHUA,KATHUA,KATHUA,Nagri,-,-,-,-,-,-,32.35000000,75.43333333,25-05-2015 00:00,8.07,350,"",0,183,150,18,"",153,"","","",235,26,41.36,30,"",4.12,"","","","","","","","",""
1878,Nagri,CGWB,1,Jammu & Kashmir,7,KATHUA,KATHUA,KATHUA,Nagri,-,-,-,-,-,-,32.35000000,75.43333333,25-05-2016 00:00,7.51,470,244.4,0,274.5,"",28.4,"",56.588627,"","","",270,28.056,48.64,23.4,"",5.22,"","","","","","","","",""
1879,Nagrota-Gujroo,CGWB,1,Jammu & Kashmir,7,KATHUA,BILLAWAR,BILLAWAR,Nagrota-gujroo,-,-,-,-,-,-,32.64638889,75.39388889,25-05-2000 00:00,7.82,1180,"",0,92,"",222,"","","","","",425,128,25.68,"","","","","","","","","","","",""
1880,Nagrota-Gujroo,CGWB,1,Jammu & Kashmir,7,KATHUA,BILLAWAR,BILLAWAR,Nagrota-gujroo,-,-,-,-,-,-,32.64638889,75.39388889,25-05-2001 00:00,7.45,1055,"",0,267,"",212,"","","","","",479,160,19.4,70,"","","","","","","","","","",""
1881,Nagrota-Gujroo,CGWB,1,Jammu & Kashmir,7,KATHUA,BILLAWAR,BILLAWAR,Nagrota-gujroo,-,-,-,-,-,-,32.64638889,75.39388889,25-05-2002 00:00,7.35,1175,"",0,173,"",205,"","","","","",447,139,24.36,52,"",0.16,"","","","","","","","",""
1882,Nagrota-Gujroo,CGWB,1,Jammu & Kashmir,7,KATHUA,BILLAWAR,BILLAWAR,Nagrota-gujroo,-,-,-,-,-,-,32.64638889,75.39388889,25-05-2003 00:00,7.4,1200,"",0,140,"",213,"","","","","",438,146,18,66,"","","","","","","","","","",""
1883,Nagrota-Gujroo,CGWB,1,Jammu & Kashmir,7,KATHUA,BILLAWAR,BILLAWAR,Nagrota-gujroo,-,-,-,-,-,-,32.64638889,75.39388889,25-05-2004 00:00,7.32,1307,"",0,372,"",216,"","","","","",420,70,59.65,91,"","","","","","","","","","",""
1884,Nagrota-Gujroo,CGWB,1,Jammu & Kashmir,7,KATHUA,BILLAWAR,BILLAWAR,Nagrota-gujroo,-,-,-,-,-,-,32.64638889,75.39388889,25-05-2005 00:00,7.76,1525,"",0,348,"",255,"","","","","",441,50,76.89,122,"","","","","","","","","","",""
1885,Nagrota-Gujroo,CGWB,1,Jammu & Kashmir,7,KATHUA,BILLAWAR,BILLAWAR,Nagrota-gujroo,-,-,-,-,-,-,32.64638889,75.39388889,25-05-2006 00:00,7.85,935,"",0,67,"",195,"","","","","",325,86,26.85,52,"","","","","","","","","","",""
1886,Nagrota-Gujroo,CGWB,1,Jammu & Kashmir,7,KATHUA,BILLAWAR,BILLAWAR,Nagrota-gujroo,-,-,-,-,-,-,32.64638889,75.39388889,25-05-2007 00:00,7.6,1320,"",0,275,"",245,"","","","","",445,148,18.41,90,"","","","","","","","","","",""
1887,Nagrota-Gujroo,CGWB,1,Jammu & Kashmir,7,KATHUA,BILLAWAR,BILLAWAR,Nagrota-gujroo,-,-,-,-,-,-,32.64638889,75.39388889,25-05-2008 00:00,7.4,1435,"",0,378,"",220,"",5,"","","",470,148,24.49,96,"",0.21,"","","","","","","","",""
1888,Nagrota-Gujroo,CGWB,1,Jammu & Kashmir,7,KATHUA,BILLAWAR,BILLAWAR,Nagrota-gujroo,-,-,-,-,-,-,32.64638889,75.39388889,25-05-2009 00:00,8.2,680,"",0,98,"",106,"",51,"","","",290,72,26.83,22,"",0.21,"","","","","","","","",""
1889,Nagrota-Gujroo,CGWB,1,Jammu & Kashmir,7,KATHUA,BILLAWAR,BILLAWAR,Nagrota-gujroo,-,-,-,-,-,-,32.64638889,75.39388889,25-05-2010 00:00,7.9,740,"",0,67,"",142,"",40,"","","",260,74,18.32,48,"",0.46,"","","","","","","","",""
1890,Nagrota-Gujroo,CGWB,1,Jammu & Kashmir,7,KATHUA,BILLAWAR,BILLAWAR,Nagrota-gujroo,-,-,-,-,-,-,32.64638889,75.39388889,25-05-2012 00:00,7.49,1080,"",0,232,"",178,"",0.1,"","","",296,74,27,108,"",0.13,"","","","","","","","",""
1891,Nagrota-Gujroo,CGWB,1,Jammu & Kashmir,7,KATHUA,BILLAWAR,BILLAWAR,Nagrota-gujroo,-,-,-,-,-,-,32.64638889,75.39388889,25-05-2013 00:00,8.13,920,"",0,293,240.2,85,"",0,"","","",305,48,45.04,74,"",0.09,"","","","","","","","",""
1892,Nagrota-Gujroo,CGWB,1,Jammu & Kashmir,7,KATHUA,BILLAWAR,BILLAWAR,Nagrota-gujroo,-,-,-,-,-,-,32.64638889,75.39388889,25-05-2015 00:00,8.24,1010,"",0,134,109.84,209,"",2,"","","",210,20,38.93,120,"",0.58,"","","","","","","","",""
1893,Nagrota-Gujroo,CGWB,1,Jammu & Kashmir,7,KATHUA,BILLAWAR,BILLAWAR,Nagrota-gujroo,-,-,-,-,-,-,32.64638889,75.39388889,25-05-2016 00:00,7.61,940,488.8,0,287,"",113,"",94.79249,"","","",335,76,35,87,"",0,"","","","","","","","",""
1894,Nagrota-Gujroo,CGWB,1,Jammu & Kashmir,7,KATHUA,BILLAWAR,BILLAWAR,Nagrota-gujroo,-,-,-,-,-,-,32.64638889,75.39388889,30-05-2019 08:00,7.56,760,702,0,305,"",109,"","","","","",271,78,18,87,"","","","","","","","","","",""
1895,Nagrota-Gujroo,CGWB,1,Jammu & Kashmir,7,KATHUA,BILLAWAR,BILLAWAR,Nagrota-gujroo,-,-,-,-,-,-,32.64638889,75.39388889,30-05-2020 08:00,7.56,760,"","",305,"",109,"","","","","","",78,18,87,"","","","","","","","","","",""
1896,Nagrota Panjgrain,CGWB,1,Jammu & Kashmir,14,UDHAMPUR,UDHAMPURR,UDHAMPURR,Nagrota Panjgrain,-,-,-,-,-,-,32.83583333,75.27083333,25-05-2002 00:00,8.37,290,"",6,140,"",21,"",9,"","","",130,28,14.62,18,"",0.13,"","","","","","","","",""
1897,Nagrota Panjgrain,CGWB,1,Jammu & Kashmir,14,UDHAMPUR,UDHAMPURR,UDHAMPURR,Nagrota Panjgrain,-,-,-,-,-,-,32.83583333,75.27083333,25-05-2012 00:00,7.27,410,"",0,220,"",14,"",0,"","","",196,52,16,9.2,"",0.37,"","","","","","","","",""
1898,Nagrota Panjgrain,CGWB,1,Jammu & Kashmir,14,UDHAMPUR,UDHAMPURR,UDHAMPURR,Nagrota Panjgrain,-,-,-,-,-,-,32.83583333,75.27083333,25-05-2013 00:00,8.37,290,"",6,140,124.8,21,"",9,"","","",130,28,14.62,18,"",0.13,"","","","","","","","",""
1899,Nagrota Panjgrain,CGWB,1,Jammu & Kashmir,14,UDHAMPUR,UDHAMPURR,UDHAMPURR,Nagrota Panjgrain,-,-,-,-,-,-,32.83583333,75.27083333,25-05-2014 00:00,7.34,1080,"",0,311,254.92,92,"",151,"","","",345,22,70.53,76,"",0.56,"","","","","","","","",""
1900,Nagrota Panjgrain,CGWB,1,Jammu & Kashmir,14,UDHAMPUR,UDHAMPURR,UDHAMPURR,Nagrota Panjgrain,-,-,-,-,-,-,32.83583333,75.27083333,25-05-2015 00:00,8.56,290,"",6,134,119.84,14,"",15,"","","",85,8,15.81,31,"",2.61,"","","","","","","","",""
1901,Nagrota Panjgrain,CGWB,1,Jammu & Kashmir,14,UDHAMPUR,UDHAMPURR,UDHAMPURR,Nagrota Panjgrain,-,-,-,-,-,-,32.83583333,75.27083333,25-05-2016 00:00,7.64,390,202.8,0,214,"",14,"",36.648914,"","","",195,40,23,19,"",0,"","","","","","","","",""
1902,Nagrota Panjgrain,CGWB,1,Jammu & Kashmir,14,UDHAMPUR,UDHAMPURR,UDHAMPURR,Nagrota Panjgrain,-,-,-,-,-,-,32.83583333,75.27083333,30-05-2019 08:00,7.76,350,324,0,265,"",20,"","","","","",260,52,32,17,"","","","","","","","","","",""
1903,Nagrota Panjgrain,CGWB,1,Jammu & Kashmir,14,UDHAMPUR,UDHAMPURR,UDHAMPURR,Nagrota Panjgrain,-,-,-,-,-,-,32.83583333,75.27083333,30-05-2020 08:00,7.76,350,"","",265,"",20,"","","","","","",52,32,17,"","","","","","","","","","",""
1904,Nagrota Panjgrain,CGWB,1,Jammu & Kashmir,14,UDHAMPUR,UDHAMPURR,UDHAMPURR,Nagrota Panjgrain,-,-,-,-,-,-,32.83583333,75.27083333,30-05-2021 08:00,7.8,1192,"",0,195.2,"",134.71,"",118,"","","",560,148,46.1776,7.9,"","","","","","","","","","",""
1905,Nagrota (Sittle),CGWB,1,Jammu & Kashmir,5,JAMMU,JAMMU,JAMMU,Nagrota,-,-,-,-,-,-,32.79722222,74.91500000,25-05-2000 00:00,8.38,815,"",13,165,"",90,"","","","","",290,32,51.1,"","","","","","","","","","","",""
1906,Nagrota (Sittle),CGWB,1,Jammu & Kashmir,5,JAMMU,JAMMU,JAMMU,Nagrota,-,-,-,-,-,-,32.79722222,74.91500000,25-05-2002 00:00,7.7,1602,"",0,562,"",153,"","","","","",613,128,71.39,84,"",0.1,"","","","","","","","",""
1907,Nagrota (Sittle),CGWB,1,Jammu & Kashmir,5,JAMMU,JAMMU,JAMMU,Nagrota,-,-,-,-,-,-,32.79722222,74.91500000,25-05-2003 00:00,7.9,1180,"",0,237,"",160,"","","","","",360,52,55.98,100,"","","","","","","","","","",""
1908,Nagrota (Sittle),CGWB,1,Jammu & Kashmir,5,JAMMU,JAMMU,JAMMU,Nagrota,-,-,-,-,-,-,32.79722222,74.91500000,25-05-2004 00:00,7.3,1594,"",0,665,"",142,"","","","","",620,16,141.04,54,"","","","","","","","","","",""
1909,Nagrota (Sittle),CGWB,1,Jammu & Kashmir,5,JAMMU,JAMMU,JAMMU,Nagrota,-,-,-,-,-,-,32.79722222,74.91500000,25-05-2005 00:00,7.34,168,"",0,62,"",14,"","","","","",65,18,4.88,11,"","","","","","","","","","",""
1910,Nagrota (Sittle),CGWB,1,Jammu & Kashmir,5,JAMMU,JAMMU,JAMMU,Nagrota,-,-,-,-,-,-,32.79722222,74.91500000,25-05-2006 00:00,7.65,995,"",0,354,"",106,"","","","","",375,54,58.42,66,"","","","","","","","","","",""
1911,Nagrota (Sittle),CGWB,1,Jammu & Kashmir,5,JAMMU,JAMMU,JAMMU,Nagrota,-,-,-,-,-,-,32.79722222,74.91500000,25-05-2007 00:00,7.7,1175,"",0,482,"",103,"","","","","",510,56,90.03,66,"","","","","","","","","","",""
1912,Nagrota (Sittle),CGWB,1,Jammu & Kashmir,5,JAMMU,JAMMU,JAMMU,Nagrota,-,-,-,-,-,-,32.79722222,74.91500000,25-05-2008 00:00,7.55,1350,"",0,580,"",92,"",77,"","","",565,132,57.3,59,"",0.13,"","","","","","","","",""
1913,Nagrota (Sittle),CGWB,1,Jammu & Kashmir,5,JAMMU,JAMMU,JAMMU,Nagrota,-,-,-,-,-,-,32.79722222,74.91500000,25-05-2009 00:00,8.4,970,"",30,317,"",50,"",120,"","","",375,62,53.56,52,"",0.22,"","","","","","","","",""
1914,Nagrota (Sittle),CGWB,1,Jammu & Kashmir,5,JAMMU,JAMMU,JAMMU,Nagrota,-,-,-,-,-,-,32.79722222,74.91500000,25-05-2010 00:00,7.5,810,"",0,409,"",71,"",0,"","","",350,82,35.35,38,"","","","","","","","","","",""
1915,Nagrota (Sittle),CGWB,1,Jammu & Kashmir,5,JAMMU,JAMMU,JAMMU,Nagrota,-,-,-,-,-,-,32.79722222,74.91500000,25-05-2012 00:00,8.1,1260,"",0,555,"",99,"",45,"","","",511,116,54,63,"",0.1,"","","","","","","","",""
1916,Nagrota (Sittle),CGWB,1,Jammu & Kashmir,5,JAMMU,JAMMU,JAMMU,Nagrota,-,-,-,-,-,-,32.79722222,74.91500000,25-05-2014 00:00,6.63,810,"",0,329,269.67,46,"",76,"","","",345,92,28.07,40,"",0.1,"","","","","","","","",""
1917,Nagrota (Sittle),CGWB,1,Jammu & Kashmir,5,JAMMU,JAMMU,JAMMU,Nagrota,-,-,-,-,-,-,32.79722222,74.91500000,25-05-2015 00:00,8.76,1010,"",18,232,220.16,78,"",129,"","","",295,26,55.95,72,"",10.52,"","","","","","","","",""
1918,Nagrota (Sittle),CGWB,1,Jammu & Kashmir,5,JAMMU,JAMMU,JAMMU,Nagrota,-,-,-,-,-,-,32.79722222,74.91500000,25-05-2016 00:00,7.28,1010,525.2,0,433,"",71,"",106.84675,"","","",450,74,64,72,"",0,"","","","","","","","",""
1919,Nagrota Uttarbani,CGWB,1,Jammu & Kashmir,5,JAMMU,SAMBA,SAMBA,Nagrota Uttarbani,-,-,-,-,-,-,32.62388889,75.06500000,30-05-2019 08:00,8.1,530,480,0,106,"",54,"","","","","",206,39,26,42,"","","","","","","","","","",""
1920,Nagrota Uttarbani,CGWB,1,Jammu & Kashmir,5,JAMMU,SAMBA,SAMBA,Nagrota Uttarbani,-,-,-,-,-,-,32.62388889,75.06500000,30-05-2020 08:00,8.1,530,"","",106,"",54,"","","","","","",39,26,42,"","","","","","","","","","",""
1921,Nagrota Uttarbani,CGWB,1,Jammu & Kashmir,5,JAMMU,SAMBA,SAMBA,Nagrota Uttarbani,-,-,-,-,-,-,32.62388889,75.06500000,30-05-2021 08:00,7.78,2940,"",0,610,"",441,"",140,"","","",740,132,100,275,"","","","","","","","","","",""
1922,Nandini,CGWB,1,Jammu & Kashmir,5,JAMMU,JAMMU,JAMMU,Nandini,-,-,-,-,-,-,32.71888889,74.81555556,25-05-2013 00:00,8.37,310,"",6,146,129.7,18,"",2,"","","",135,30,14.62,8.9,"",0.1,"","","","","","","","",""
1923,Nandini,CGWB,1,Jammu & Kashmir,5,JAMMU,JAMMU,JAMMU,Nandini,-,-,-,-,-,-,32.71888889,74.81555556,25-05-2014 00:00,7.56,290,"",0,104,85.25,11,"",9,"","","",110,34,6,10,"",0.34,"","","","","","","","",""
1924,Nandpur,CGWB,1,Jammu & Kashmir,5,JAMMU,SAMBA,SAMBA,Nandpur,-,-,-,-,-,-,32.51805556,74.88861111,25-05-2000 00:00,7.6,1370,"",0,301,"",122,"","","","","",466,112,45.36,60,"","","","","","","","","","",""
1925,Nandpur,CGWB,1,Jammu & Kashmir,5,JAMMU,SAMBA,SAMBA,Nandpur,-,-,-,-,-,-,32.51805556,74.88861111,25-05-2001 00:00,7.81,1197,"",0,262,"",145,"","","","","",405,106,34.17,122,"","","","","","","","","","",""
1926,Nandpur,CGWB,1,Jammu & Kashmir,5,JAMMU,SAMBA,SAMBA,Nandpur,-,-,-,-,-,-,32.51805556,74.88861111,25-05-2004 00:00,7.7,1590,"",0,580,"",145,"","","","","",515,110,58.49,163,"","","","","","","","","","",""
1927,Nandpur,CGWB,1,Jammu & Kashmir,5,JAMMU,SAMBA,SAMBA,Nandpur,-,-,-,-,-,-,32.51805556,74.88861111,25-05-2005 00:00,7.12,1570,"",0,415,"",138,"","","","","",490,120,46.34,96,"","","","","","","","","","",""
1928,Nandpur,CGWB,1,Jammu & Kashmir,5,JAMMU,SAMBA,SAMBA,Nandpur,-,-,-,-,-,-,32.51805556,74.88861111,25-05-2006 00:00,7.3,1160,"",0,250,"",163,"","","","","",403,78,50.67,88,"","","","","","","","","","",""
1929,Nandpur,CGWB,1,Jammu & Kashmir,5,JAMMU,SAMBA,SAMBA,Nandpur,-,-,-,-,-,-,32.51805556,74.88861111,25-05-2007 00:00,7.75,1132,"",0,299,"",145,"","","","","",395,76,49.93,80,"","","","","","","","","","",""
1930,Nandpur,CGWB,1,Jammu & Kashmir,5,JAMMU,SAMBA,SAMBA,Nandpur,-,-,-,-,-,-,32.51805556,74.88861111,25-05-2008 00:00,7.27,2260,"",0,830,"",185,"",220,"","","",740,120,107.12,170,"",0.56,"","","","","","","","",""
1931,Nandpur,CGWB,1,Jammu & Kashmir,5,JAMMU,SAMBA,SAMBA,Nandpur,-,-,-,-,-,-,32.51805556,74.88861111,25-05-2009 00:00,7.32,1350,"",0,366,"",92,"",100,"","","",400,72,53.58,118,"",1.3,"","","","","","","","",""
1932,Nandpur,CGWB,1,Jammu & Kashmir,5,JAMMU,SAMBA,SAMBA,Nandpur,-,-,-,-,-,-,32.51805556,74.88861111,25-05-2012 00:00,7.6,1370,"",0,488,"",110,"",50,"","","",450,126,33,118,"",1.25,"","","","","","","","",""
1933,Nandpur,CGWB,1,Jammu & Kashmir,5,JAMMU,SAMBA,SAMBA,Nandpur,-,-,-,-,-,-,32.51805556,74.88861111,25-05-2013 00:00,8.23,450,"",0,183,150,53,"",2,"","","",110,18,15.83,34,"",1.08,"","","","","","","","",""
1934,Nandpur,CGWB,1,Jammu & Kashmir,5,JAMMU,SAMBA,SAMBA,Nandpur,-,-,-,-,-,-,32.51805556,74.88861111,25-05-2015 00:00,7.65,1950,"",0,927,759.84,107,"",394,"","","",720,220,41.6,155,"","","","","","","","","","",""
1935,Nandpur,CGWB,1,Jammu & Kashmir,5,JAMMU,SAMBA,SAMBA,Nandpur,-,-,-,-,-,-,32.51805556,74.88861111,25-05-2016 00:00,6.74,1350,702,0,475.8,"",81.65,"",91.81835,"","","",450,30.06,91.2,95.8,"",0.45,"","","","","","","","",""
1936,Nanke Chak,CGWB,1,Jammu & Kashmir,7,KATHUA,HIRANAGAR,HIRANAGAR,Nanke Chak,-,-,-,-,-,-,32.38083333,75.46750000,30-05-2019 08:00,8.26,200,270,0,132,"",14,"","","","","",141,30,16,6.8,"","","","","","","","","","",""
1937,Nanke Chak,CGWB,1,Jammu & Kashmir,7,KATHUA,HIRANAGAR,HIRANAGAR,Nanke Chak,-,-,-,-,-,-,32.38083333,75.46750000,30-05-2020 08:00,8.26,200,"","",132,"",14,"","","","","","",30,16,6.8,"","","","","","","","","","",""
1938,Nanora,CGWB,1,Jammu & Kashmir,627,Reasi,Pouni,Pouni,Bharakh,-,-,-,-,-,-,33.13055556,74.63194444,25-05-2000 00:00,7.55,473,"",0,262,"",14,"","","","","",220,50,23.16,"","","","","","","","","","","",""
1939,Nanora,CGWB,1,Jammu & Kashmir,627,Reasi,Pouni,Pouni,Bharakh,-,-,-,-,-,-,33.13055556,74.63194444,25-05-2004 00:00,7.96,754,"",0,403,"",14,"","","","","",282,22,55.22,33,"","","","","","","","","","",""
1940,Nanora,CGWB,1,Jammu & Kashmir,627,Reasi,Pouni,Pouni,Bharakh,-,-,-,-,-,-,33.13055556,74.63194444,25-05-2006 00:00,8.15,380,"",0,159,"",21,"","","","","",160,26,23.13,13,"","","","","","","","","","",""
1941,Nanora,CGWB,1,Jammu & Kashmir,627,Reasi,Pouni,Pouni,Bharakh,-,-,-,-,-,-,33.13055556,74.63194444,25-05-2007 00:00,8.2,312,"",0,171,"",18,"","","","","",135,32,13.41,10,"","","","","","","","","","",""
1942,Nanora,CGWB,1,Jammu & Kashmir,627,Reasi,Pouni,Pouni,Bharakh,-,-,-,-,-,-,33.13055556,74.63194444,25-05-2008 00:00,7.9,500,"",0,268,"",21,"",0,"","","",210,58,15.87,12,"",0.3,"","","","","","","","",""
1943,Nanora,CGWB,1,Jammu & Kashmir,627,Reasi,Pouni,Pouni,Bharakh,-,-,-,-,-,-,33.13055556,74.63194444,25-05-2009 00:00,7.8,440,"",0,262,"",14,"",10,"","","",210,20,39,13,"",0.01,"","","","","","","","",""
1944,Nanora,CGWB,1,Jammu & Kashmir,627,Reasi,Pouni,Pouni,Bharakh,-,-,-,-,-,-,33.13055556,74.63194444,25-05-2010 00:00,8.5,270,"",6,128,"",18,"",0,"","","",110,10,20.68,15,"",0.18,"","","","","","","","",""
1945,Nanora,CGWB,1,Jammu & Kashmir,627,Reasi,Pouni,Pouni,Bharakh,-,-,-,-,-,-,33.13055556,74.63194444,25-05-2014 00:00,7.82,420,"",0,195,159.84,18,"",28,"","","",170,"",17,13,"",1.58,"","","","","","","","",""
1946,Nanora,CGWB,1,Jammu & Kashmir,627,Reasi,Pouni,Pouni,Bharakh,-,-,-,-,-,-,33.13055556,74.63194444,25-05-2015 00:00,8.28,630,"",0,165,135.25,74,"",50,"","","",185,28,27.99,61,"","","","","","","","","","",""
1947,Nanora,CGWB,1,Jammu & Kashmir,627,Reasi,Pouni,Pouni,Bharakh,-,-,-,-,-,-,33.13055556,74.63194444,25-05-2016 00:00,7.085,450,234,0,214,"",7,"",36,"","","",175,36,21,22,"",0,"","","","","","","","",""
1948,Nanora,CGWB,1,Jammu & Kashmir,627,Reasi,Pouni,Pouni,Bharakh,-,-,-,-,-,-,33.13055556,74.63194444,30-05-2019 08:00,8.01,410,270,0,199,"",20,"","","","","",195,43,21,16,"","","","","","","","","","",""
1949,Nanora,CGWB,1,Jammu & Kashmir,627,Reasi,Pouni,Pouni,Bharakh,-,-,-,-,-,-,33.13055556,74.63194444,30-05-2020 08:00,8.01,410,"","",199,"",20,"","","","","","",43,21,16,"","","","","","","","","","",""
1950,Nanora,CGWB,1,Jammu & Kashmir,627,Reasi,Pouni,Pouni,Bharakh,-,-,-,-,-,-,33.13055556,74.63194444,30-05-2021 08:00,7.21,1039,"",0,341.656,"",124.25,"",23.5,"","","",210,40,26.7564,119.6,"","","","","","","","","","",""
1951,Naran,CGWB,1,Jammu & Kashmir,7,KATHUA,HIRANAGAR,HIRANAGAR,Naran,-,-,-,-,-,-,32.50416667,75.15416667,25-05-2000 00:00,7.5,778,"",0,207,"",104,"","","","","",226,33,34.93,"","","","","","","","","","","",""
1952,Naran,CGWB,1,Jammu & Kashmir,7,KATHUA,HIRANAGAR,HIRANAGAR,Naran,-,-,-,-,-,-,32.50416667,75.15416667,25-05-2001 00:00,8.4,688,"",30,128,"",106,"","","","","",220,24,38.93,80,"","","","","","","","","","",""
1953,Naran,CGWB,1,Jammu & Kashmir,7,KATHUA,HIRANAGAR,HIRANAGAR,Naran,-,-,-,-,-,-,32.50416667,75.15416667,25-05-2002 00:00,7.5,1060,"",0,384,"",109,"","","","","",386,83,43.5,74,"",0.18,"","","","","","","","",""
1954,Naran,CGWB,1,Jammu & Kashmir,7,KATHUA,HIRANAGAR,HIRANAGAR,Naran,-,-,-,-,-,-,32.50416667,75.15416667,25-05-2003 00:00,8,810,"",0,214,"",92,"","","","","",245,38,36.52,76,"","","","","","","","","","",""
1955,Naran,CGWB,1,Jammu & Kashmir,7,KATHUA,HIRANAGAR,HIRANAGAR,Naran,-,-,-,-,-,-,32.50416667,75.15416667,25-05-2004 00:00,7.95,805,"",0,262,"",82,"","","","","",215,36,30.44,84,"","","","","","","","","","",""
1956,Naran,CGWB,1,Jammu & Kashmir,7,KATHUA,HIRANAGAR,HIRANAGAR,Naran,-,-,-,-,-,-,32.50416667,75.15416667,25-05-2005 00:00,7.7,582,"",0,326,"",11,"","","","","",250,75,15.29,17,"","","","","","","","","","",""
1957,Naran,CGWB,1,Jammu & Kashmir,7,KATHUA,HIRANAGAR,HIRANAGAR,Naran,-,-,-,-,-,-,32.50416667,75.15416667,25-05-2006 00:00,8.05,790,"",0,287,"",82,"","","","","",225,34,34.08,64,"","","","","","","","","","",""
1958,Naran,CGWB,1,Jammu & Kashmir,7,KATHUA,HIRANAGAR,HIRANAGAR,Naran,-,-,-,-,-,-,32.50416667,75.15416667,25-05-2007 00:00,8.55,296,"",14,104,"",11,"","","","","",140,16,24.33,17,"","","","","","","","","","",""
1959,Naran,CGWB,1,Jammu & Kashmir,7,KATHUA,HIRANAGAR,HIRANAGAR,Naran,-,-,-,-,-,-,32.50416667,75.15416667,25-05-2008 00:00,7.86,995,"",0,500,"",64,"",25,"","","",345,38,60.83,78,"",0.14,"","","","","","","","",""
1960,Naran,CGWB,1,Jammu & Kashmir,7,KATHUA,HIRANAGAR,HIRANAGAR,Naran,-,-,-,-,-,-,32.50416667,75.15416667,25-05-2009 00:00,7.6,880,"",0,488,"",35,"",35,"","","",300,60,36.54,83,"",0.2,"","","","","","","","",""
1961,Naran,CGWB,1,Jammu & Kashmir,7,KATHUA,HIRANAGAR,HIRANAGAR,Naran,-,-,-,-,-,-,32.50416667,75.15416667,25-05-2010 00:00,8.8,250,"",12,159,"",7.1,"",0,"","","",110,8,21.89,20,"","","","","","","","","","",""
1962,Naran,CGWB,1,Jammu & Kashmir,7,KATHUA,HIRANAGAR,HIRANAGAR,Naran,-,-,-,-,-,-,32.50416667,75.15416667,25-05-2012 00:00,7.64,950,"",0,488,"",64,"",35,"","","",325,76,33,88,"",0.24,"","","","","","","","",""
1963,Naran,CGWB,1,Jammu & Kashmir,7,KATHUA,HIRANAGAR,HIRANAGAR,Naran,-,-,-,-,-,-,32.50416667,75.15416667,25-05-2013 00:00,8.23,820,"",0,384,314.8,46,"",2,"","","",130,32,12.2,107,"","","","","","","","","","",""
1964,Naran,CGWB,1,Jammu & Kashmir,7,KATHUA,HIRANAGAR,HIRANAGAR,Naran,-,-,-,-,-,-,32.50416667,75.15416667,25-05-2014 00:00,7.98,1210,"","","","","","","","","","",445,84,57.24,11,"",0.58,"","","","","","","","",""
1965,Naran,CGWB,1,Jammu & Kashmir,7,KATHUA,HIRANAGAR,HIRANAGAR,Naran,-,-,-,-,-,-,32.50416667,75.15416667,25-05-2016 00:00,7.43,570,296.4,0,384.3,"",14.2,"",16.967104,"","","",295,12.024,64.448,27.2,"",0,"","","","","","","","",""
1966,Naran,CGWB,1,Jammu & Kashmir,7,KATHUA,HIRANAGAR,HIRANAGAR,Naran,-,-,-,-,-,-,32.50416667,75.15416667,30-05-2019 08:00,7.9,1170,132,0,569,"",54,"","","","","",401,43,71,182,"","","","","","","","","","",""
1967,Naran,CGWB,1,Jammu & Kashmir,7,KATHUA,HIRANAGAR,HIRANAGAR,Naran,-,-,-,-,-,-,32.50416667,75.15416667,30-05-2020 08:00,7.9,1170,"","",569,"",54,"","","","","","",43,71,182,"","","","","","","","","","",""
1968,Naran,CGWB,1,Jammu & Kashmir,7,KATHUA,HIRANAGAR,HIRANAGAR,Naran,-,-,-,-,-,-,32.50416667,75.15416667,30-05-2021 08:00,7.54,2100,"",0,628.403,"",276.9,"",40,"","","",330,92,24.324,169.3,"","","","","","","","","","",""
1969,Nariyan,CGWB,1,Jammu & Kashmir,12,RAJAURI,RAJAURI,RAJAURI,Nariyan,-,-,-,-,-,-,33.50305556,74.28000000,25-05-2015 00:00,8.46,250,"",6,110,100.16,18,"",8,"","","",105,22,12.18,11,"","","","","","","","","","",""
1970,Nariyan,CGWB,1,Jammu & Kashmir,12,RAJAURI,RAJAURI,RAJAURI,Nariyan,-,-,-,-,-,-,33.50305556,74.28000000,25-05-2016 00:00,8.01,350,182,0,128,"",14,"",55,"","","",140,22,21,20,"",0,"","","","","","","","",""
1971,Nariyan,CGWB,1,Jammu & Kashmir,12,RAJAURI,RAJAURI,RAJAURI,Nariyan,-,-,-,-,-,-,33.50305556,74.28000000,30-05-2021 08:00,7.5,3820,"",0,268.4,"",836.62,"",113,"","","",1190,192,172.5584,162.6,"","","","","","","","","","",""
1972,Nauni,CGWB,1,Jammu & Kashmir,7,KATHUA,HIRANAGAR,HIRANAGAR,Nauni,-,-,-,-,-,-,32.55805556,75.30194444,25-05-2013 00:00,7.41,700,"",0,207,169.7,21,"",19,"","","",190,42,20.72,15,"","","","","","","","","","",""
1973,Nauni,CGWB,1,Jammu & Kashmir,7,KATHUA,HIRANAGAR,HIRANAGAR,Nauni,-,-,-,-,-,-,32.55805556,75.30194444,25-05-2014 00:00,7.16,310,"",0,189,154.92,14,"",17,"","","",165,30,21.92,12,"",0.35,"","","","","","","","",""
1974,Nauni,CGWB,1,Jammu & Kashmir,7,KATHUA,HIRANAGAR,HIRANAGAR,Nauni,-,-,-,-,-,-,32.55805556,75.30194444,25-05-2015 00:00,8.13,420,"",0,201,164.75,46.2,"",3,"","","",190,38,23.14,21.4,"",0.86,"","","","","","","","",""
1975,Nauni,CGWB,1,Jammu & Kashmir,7,KATHUA,HIRANAGAR,HIRANAGAR,Nauni,-,-,-,-,-,-,32.55805556,75.30194444,25-05-2016 00:00,7.02,566,294.32,0,335.5,"",17.75,"",0,"","","",270,20.04,53.504,11.4,"",0.2,"","","","","","","","",""
1976,Nauni,CGWB,1,Jammu & Kashmir,7,KATHUA,HIRANAGAR,HIRANAGAR,Nauni,-,-,-,-,-,-,32.55805556,75.30194444,30-05-2021 08:00,7.1,3080,"",0,366,"",638.1,"",155,"","","",440,64,68.0512,397.8,"","","","","","","","","","",""
1977,Naunihal,CGWB,1,Jammu & Kashmir,12,RAJAURI,NOWSHEHRA,NOWSHEHRA,Naunihal,-,-,-,-,-,-,33.17500000,74.20833333,25-05-2000 00:00,8.2,400,"",0,238,"",17,"","","","","",185,58,9.8,"","","","","","","","","","","",""
1978,Naunihal,CGWB,1,Jammu & Kashmir,12,RAJAURI,NOWSHEHRA,NOWSHEHRA,Naunihal,-,-,-,-,-,-,33.17500000,74.20833333,25-05-2003 00:00,7.98,554,"",0,252,"",32,"","","","","",250,68,19.53,5.1,"","","","","","","","","","",""
1979,Naunihal,CGWB,1,Jammu & Kashmir,12,RAJAURI,NOWSHEHRA,NOWSHEHRA,Naunihal,-,-,-,-,-,-,33.17500000,74.20833333,25-05-2007 00:00,8.24,315,"",0,183,"",14,"","","","","",130,30,13.41,22,"","","","","","","","","","",""
1980,Naunihal,CGWB,1,Jammu & Kashmir,12,RAJAURI,NOWSHEHRA,NOWSHEHRA,Naunihal,-,-,-,-,-,-,33.17500000,74.20833333,25-05-2008 00:00,7.48,522,"",0,287,"",11,"",4.8,"","","",230,68,14.67,12,"",1.3,"","","","","","","","",""
1981,Naunihal,CGWB,1,Jammu & Kashmir,12,RAJAURI,NOWSHEHRA,NOWSHEHRA,Naunihal,-,-,-,-,-,-,33.17500000,74.20833333,25-05-2014 00:00,7.59,850,"",0,433,354.92,11,"",61,"","","",390,102,32.95,19,"",0.1,"","","","","","","","",""
1982,Naunihal,CGWB,1,Jammu & Kashmir,12,RAJAURI,NOWSHEHRA,NOWSHEHRA,Naunihal,-,-,-,-,-,-,33.17500000,74.20833333,25-05-2015 00:00,8.6,550,"",6,183,160,35,"",53,"","","",175,20,30.42,47,"",0.14,"","","","","","","","",""
1983,Naunihal,CGWB,1,Jammu & Kashmir,12,RAJAURI,NOWSHEHRA,NOWSHEHRA,Naunihal,-,-,-,-,-,-,33.17500000,74.20833333,25-05-2016 00:00,7.82,300,156,0,92,"",7,"",59,"","","",115,16,18,16,"",0,"","","","","","","","",""
1984,Naunihal,CGWB,1,Jammu & Kashmir,12,RAJAURI,NOWSHEHRA,NOWSHEHRA,Naunihal,-,-,-,-,-,-,33.17500000,74.20833333,30-05-2021 08:00,7.3,4350,"",0,244,"",581.38,"",670,"","","",1060,248,106.9376,314.6,"","","","","","","","","","",""
1985,Nava Khu,CGWB,1,Jammu & Kashmir,5,JAMMU,AKHNOOR,AKHNOOR,Nava Khu,-,-,-,-,-,-,32.88333333,74.66916667,25-05-2000 00:00,7.95,445,"",0,258,"",17,"","","","","",195,57,12.83,17,"","","","","","","","","","",""
1986,Nava Khu,CGWB,1,Jammu & Kashmir,5,JAMMU,AKHNOOR,AKHNOOR,Nava Khu,-,-,-,-,-,-,32.88333333,74.66916667,25-05-2007 00:00,8.11,225,"",0,135,"",11,"","","","","",105,28,8.54,9.7,"","","","","","","","","","",""
1987,Nava Khu,CGWB,1,Jammu & Kashmir,5,JAMMU,AKHNOOR,AKHNOOR,Nava Khu,-,-,-,-,-,-,32.88333333,74.66916667,25-05-2008 00:00,7.15,255,"",0,134,"",11,"",0,"","","",110,28,9.76,8.8,"",9.75,"","","","","","","","",""
1988,Nava Khu,CGWB,1,Jammu & Kashmir,5,JAMMU,AKHNOOR,AKHNOOR,Nava Khu,-,-,-,-,-,-,32.88333333,74.66916667,25-05-2014 00:00,7.78,740,"",0,325,266.39,18,"",147,"","","",260,"",37,27,"",0.25,"","","","","","","","",""
1989,Nikowal,CGWB,1,Jammu & Kashmir,5,JAMMU,R.S.PORA,R.S.PORA,Nikowal,-,-,-,-,-,-,32.50833333,74.70555556,25-05-2000 00:00,8.25,1770,"",0,295,"",332,"","","","","",309,38,52.08,240,"","","","","","","","","","",""
1990,Nikowal,CGWB,1,Jammu & Kashmir,5,JAMMU,R.S.PORA,R.S.PORA,Nikowal,-,-,-,-,-,-,32.50833333,74.70555556,25-05-2001 00:00,7.35,533,"",0,351,"",7.1,"","","","","",275,34,46.24,29,"","","","","","","","","","",""
1991,Nikowal,CGWB,1,Jammu & Kashmir,5,JAMMU,R.S.PORA,R.S.PORA,Nikowal,-,-,-,-,-,-,32.50833333,74.70555556,25-05-2005 00:00,7.4,940,"",0,513,"",39,"","","","","",363,83,37.91,63,"","","","","","","","","","",""
1992,Nikowal,CGWB,1,Jammu & Kashmir,5,JAMMU,R.S.PORA,R.S.PORA,Nikowal,-,-,-,-,-,-,32.50833333,74.70555556,25-05-2006 00:00,8.02,675,"",0,336,"",64,"","","","","",255,22,48.65,57,"","","","","","","","","","",""
1993,Nikowal,CGWB,1,Jammu & Kashmir,5,JAMMU,R.S.PORA,R.S.PORA,Nikowal,-,-,-,-,-,-,32.50833333,74.70555556,25-05-2007 00:00,8.55,762,"",12,348,"",78,"","","","","",315,10,70.52,54,"","","","","","","","","","",""
1994,Nikowal,CGWB,1,Jammu & Kashmir,5,JAMMU,R.S.PORA,R.S.PORA,Nikowal,-,-,-,-,-,-,32.50833333,74.70555556,25-05-2008 00:00,7.8,720,"",0,427,"",14,"",6,"","","",305,38,51.1,32,"",12.2,"","","","","","","","",""
1995,Nikowal,CGWB,1,Jammu & Kashmir,5,JAMMU,R.S.PORA,R.S.PORA,Nikowal,-,-,-,-,-,-,32.50833333,74.70555556,25-05-2009 00:00,7.44,662,"",0,366,"",21,"",9,"","","",250,40,36.52,40,"",0.72,"","","","","","","","",""
1996,Nikowal,CGWB,1,Jammu & Kashmir,5,JAMMU,R.S.PORA,R.S.PORA,Nikowal,-,-,-,-,-,-,32.50833333,74.70555556,25-05-2010 00:00,8.39,660,"",30,287,"",60,"",8,"","","",255,12,54.72,47,"",0.18,"","","","","","","","",""
1997,Nikowal,CGWB,1,Jammu & Kashmir,5,JAMMU,R.S.PORA,R.S.PORA,Nikowal,-,-,-,-,-,-,32.50833333,74.70555556,25-05-2012 00:00,8.34,520,"",3,360,"",7.1,"",6,"","","",233,26,41,36,"",0.14,"","","","","","","","",""
1998,Nikowal,CGWB,1,Jammu & Kashmir,5,JAMMU,R.S.PORA,R.S.PORA,Nikowal,-,-,-,-,-,-,32.50833333,74.70555556,25-05-2013 00:00,8.25,510,"",0,330,270.5,18,"",13,"","","",205,20,37.71,46,"",0.37,"","","","","","","","",""
1999,Nikowal,CGWB,1,Jammu & Kashmir,5,JAMMU,R.S.PORA,R.S.PORA,Nikowal,-,-,-,-,-,-,32.50833333,74.70555556,25-05-2015 00:00,7.9,700,"",0,470,385.25,21.3,"",0,"","","",370,36,68.12,20,"",3.3,"","","","","","","","",""
2000,Nikowal,CGWB,1,Jammu & Kashmir,5,JAMMU,R.S.PORA,R.S.PORA,Nikowal,-,-,-,-,-,-,32.50833333,74.70555556,25-05-2016 00:00,7.3,770,400.4,0,469.7,"",17.75,"",0,"","","",395,36.072,74.176,5.4,"",1.52,"","","","","","","","",""
2001,Nikowal,CGWB,1,Jammu & Kashmir,5,JAMMU,R.S.PORA,R.S.PORA,Nikowal,-,-,-,-,-,-,32.50833333,74.70555556,30-05-2019 08:00,7.55,590,318,0,424,"",20,"","","","","",271,35,45,65,"","","","","","","","","","",""
2002,Nikowal,CGWB,1,Jammu & Kashmir,5,JAMMU,R.S.PORA,R.S.PORA,Nikowal,-,-,-,-,-,-,32.50833333,74.70555556,30-05-2020 08:00,7.55,590,"","",424,"",20,"","","","","","",35,45,65,"","","","","","","","","","",""
2003,Nikowal,CGWB,1,Jammu & Kashmir,5,JAMMU,R.S.PORA,R.S.PORA,Nikowal,-,-,-,-,-,-,32.50833333,74.70555556,30-05-2021 08:00,7.27,2090,"",0,396.565,"",390.5,"",106,"","","",510,132,43.7832,216.8,"","","","","","","","","","",""
2004,Nilcha,CGWB,1,Jammu & Kashmir,7,KATHUA,HIRANAGAR,HIRANAGAR,Nilcha,-,-,-,-,-,-,32.55972222,75.25416667,25-05-2000 00:00,7.96,304,"",0,177,"",10,"","","","","",154,49,7.72,"","","","","","","","","","","",""
2005,Nilcha,CGWB,1,Jammu & Kashmir,7,KATHUA,HIRANAGAR,HIRANAGAR,Nilcha,-,-,-,-,-,-,32.55972222,75.25416667,25-05-2001 00:00,8.13,292,"",0,146,"",7.1,"","","","","",140,40,9.77,7.2,"","","","","","","","","","",""
2006,Nilcha,CGWB,1,Jammu & Kashmir,7,KATHUA,HIRANAGAR,HIRANAGAR,Nilcha,-,-,-,-,-,-,32.55972222,75.25416667,25-05-2002 00:00,7.6,280,"",0,153,"",14,"","","","","",139,42,8.32,6.8,"",0.18,"","","","","","","","",""
2007,Nilcha,CGWB,1,Jammu & Kashmir,7,KATHUA,HIRANAGAR,HIRANAGAR,Nilcha,-,-,-,-,-,-,32.55972222,75.25416667,25-05-2003 00:00,7.8,285,"",0,140,"",7.1,"","","","","",130,44,4.92,6.6,"","","","","","","","","","",""
2008,Nilcha,CGWB,1,Jammu & Kashmir,7,KATHUA,HIRANAGAR,HIRANAGAR,Nilcha,-,-,-,-,-,-,32.55972222,75.25416667,25-05-2004 00:00,8.45,280,"",24,104,"",11,"","","","","",140,42,8.56,6.2,"","","","","","","","","","",""
2009,Nilcha,CGWB,1,Jammu & Kashmir,7,KATHUA,HIRANAGAR,HIRANAGAR,Nilcha,-,-,-,-,-,-,32.55972222,75.25416667,25-05-2005 00:00,8.1,290,"",0,145,"",11,"","","","","",130,42,6.13,5.5,"","","","","","","","","","",""
2010,Nilcha,CGWB,1,Jammu & Kashmir,7,KATHUA,HIRANAGAR,HIRANAGAR,Nilcha,-,-,-,-,-,-,32.55972222,75.25416667,25-05-2006 00:00,8.5,155,"",24,24,"",7.1,"","","","","",65,12,8.52,6.2,"","","","","","","","","","",""
2011,Nilcha,CGWB,1,Jammu & Kashmir,7,KATHUA,HIRANAGAR,HIRANAGAR,Nilcha,-,-,-,-,-,-,32.55972222,75.25416667,25-05-2007 00:00,8.45,273,"",12,116,"",11,"","","","","",145,46,7.35,6,"","","","","","","","","","",""
2012,Nilcha,CGWB,1,Jammu & Kashmir,7,KATHUA,HIRANAGAR,HIRANAGAR,Nilcha,-,-,-,-,-,-,32.55972222,75.25416667,25-05-2008 00:00,8.04,316,"",0,122,"",43,"",10,"","","",130,38,8.56,19,"",0.25,"","","","","","","","",""
2013,Nilcha,CGWB,1,Jammu & Kashmir,7,KATHUA,HIRANAGAR,HIRANAGAR,Nilcha,-,-,-,-,-,-,32.55972222,75.25416667,25-05-2009 00:00,8,290,"",0,195,"",7.1,"",6,"","","",170,42,15.85,6.2,"",0.25,"","","","","","","","",""
2014,Nilcha,CGWB,1,Jammu & Kashmir,7,KATHUA,HIRANAGAR,HIRANAGAR,Nilcha,-,-,-,-,-,-,32.55972222,75.25416667,25-05-2012 00:00,7.76,290,"",0,171,"",7.1,"",0.1,"","","",139,44,7.2,7.1,"",0.28,"","","","","","","","",""
2015,Nilcha,CGWB,1,Jammu & Kashmir,7,KATHUA,HIRANAGAR,HIRANAGAR,Nilcha,-,-,-,-,-,-,32.55972222,75.25416667,25-05-2013 00:00,7.34,270,"",0,171,140.2,4,"",23,"","","",155,42,12.21,6.7,"","","","","","","","","","",""
2016,Nilcha,CGWB,1,Jammu & Kashmir,7,KATHUA,HIRANAGAR,HIRANAGAR,Nilcha,-,-,-,-,-,-,32.55972222,75.25416667,25-05-2014 00:00,6.68,290,"",0,195,159.84,14,"",0,"","","",160,46,11,6.8,"",0.25,"","","","","","","","",""
2017,Nilcha,CGWB,1,Jammu & Kashmir,7,KATHUA,HIRANAGAR,HIRANAGAR,Nilcha,-,-,-,-,-,-,32.55972222,75.25416667,25-05-2016 00:00,7.12,350,182,0,225.7,"",10.65,"",40.942444,"","","",235,34.068,36.48,6.1,"",0,"","","","","","","","",""
2018,Nilcha,CGWB,1,Jammu & Kashmir,7,KATHUA,HIRANAGAR,HIRANAGAR,Nilcha,-,-,-,-,-,-,32.55972222,75.25416667,30-05-2019 08:00,7.76,220,336,0,172,"",14,"","","","","",130,43,5,7,"","","","","","","","","","",""
2019,Nilcha,CGWB,1,Jammu & Kashmir,7,KATHUA,HIRANAGAR,HIRANAGAR,Nilcha,-,-,-,-,-,-,32.55972222,75.25416667,30-05-2020 08:00,7.76,220,"","",172,"",14,"","","","","","",43,5,7,"","","","","","","","","","",""
2020,Nud,CGWB,1,Jammu & Kashmir,5,JAMMU,SAMBA,SAMBA,Nud,-,-,-,-,-,-,32.61250000,75.14777778,25-05-2000 00:00,7.95,546,"",0,195,"",42,"","","","","",214,65,12.6,26,"","","","","","","","","","",""
2021,Nud,CGWB,1,Jammu & Kashmir,5,JAMMU,SAMBA,SAMBA,Nud,-,-,-,-,-,-,32.61250000,75.14777778,25-05-2001 00:00,8.1,390,"",0,116,"",32,"","","","","",175,48,13.43,18,"","","","","","","","","","",""
2022,Nud,CGWB,1,Jammu & Kashmir,5,JAMMU,SAMBA,SAMBA,Nud,-,-,-,-,-,-,32.61250000,75.14777778,25-05-2002 00:00,8.1,545,"",0,245,"",31,"","","","","",245,65,20.14,18,"","","","","","","","","","",""
2023,Nud,CGWB,1,Jammu & Kashmir,5,JAMMU,SAMBA,SAMBA,Nud,-,-,-,-,-,-,32.61250000,75.14777778,25-05-2003 00:00,7.6,520,"",0,146,"",39,"","","","","",215,68,11.02,19,"","","","","","","","","","",""
2024,Nud,CGWB,1,Jammu & Kashmir,5,JAMMU,SAMBA,SAMBA,Nud,-,-,-,-,-,-,32.61250000,75.14777778,25-05-2004 00:00,8.02,435,"",0,104,"",43,"","","","","",165,50,9.79,22,"","","","","","","","","","",""
2025,Nud,CGWB,1,Jammu & Kashmir,5,JAMMU,SAMBA,SAMBA,Nud,-,-,-,-,-,-,32.61250000,75.14777778,25-05-2005 00:00,7.45,1090,"",0,384,"",67,"","","","","",441,169,4.7,38,"","","","","","","","","","",""
2026,Nud,CGWB,1,Jammu & Kashmir,5,JAMMU,SAMBA,SAMBA,Nud,-,-,-,-,-,-,32.61250000,75.14777778,25-05-2006 00:00,7.4,505,"",0,214,"",43,"","","","","",230,68,14.67,20,"","","","","","","","","","",""
2027,Nud,CGWB,1,Jammu & Kashmir,5,JAMMU,SAMBA,SAMBA,Nud,-,-,-,-,-,-,32.61250000,75.14777778,25-05-2007 00:00,7.5,626,"",0,244,"",39,"","","","","",255,74,17.11,30,"","","","","","","","","","",""
2028,Nud,CGWB,1,Jammu & Kashmir,5,JAMMU,SAMBA,SAMBA,Nud,-,-,-,-,-,-,32.61250000,75.14777778,25-05-2008 00:00,7.6,862,"",0,305,"",78,"",18,"","","",330,68,38.98,49,"",0.05,"","","","","","","","",""
2029,Nud,CGWB,1,Jammu & Kashmir,5,JAMMU,SAMBA,SAMBA,Nud,-,-,-,-,-,-,32.61250000,75.14777778,25-05-2009 00:00,7.02,648,"",0,238,"",39,"",50,"","","",275,80,18.33,25,"",0.15,"","","","","","","","",""
2030,Nud,CGWB,1,Jammu & Kashmir,5,JAMMU,SAMBA,SAMBA,Nud,-,-,-,-,-,-,32.61250000,75.14777778,25-05-2010 00:00,7.75,500,"",0,183,"",53,"",22,"","","",215,70,9.81,23,"","","","","","","","","","",""
2031,Nud,CGWB,1,Jammu & Kashmir,5,JAMMU,SAMBA,SAMBA,Nud,-,-,-,-,-,-,32.61250000,75.14777778,25-05-2012 00:00,7.9,770,"",0,378,"",57,"",22,"","","",355,124,11,32,"",0.17,"","","","","","","","",""
2032,Nud,CGWB,1,Jammu & Kashmir,5,JAMMU,SAMBA,SAMBA,Nud,-,-,-,-,-,-,32.61250000,75.14777778,25-05-2013 00:00,7.45,600,"",0,214,175.4,46,"",84,"","","",260,74,18.32,36,"","","","","","","","","","",""
2033,Nud,CGWB,1,Jammu & Kashmir,5,JAMMU,SAMBA,SAMBA,Nud,-,-,-,-,-,-,32.61250000,75.14777778,25-05-2014 00:00,7.29,520,"",0,134,109.84,60,"",75,"","","",165,40,15.85,47,"",0.1,"","","","","","","","",""
2034,Nud,CGWB,1,Jammu & Kashmir,5,JAMMU,SAMBA,SAMBA,Nud,-,-,-,-,-,-,32.61250000,75.14777778,25-05-2015 00:00,7.93,610,"",0,159,130.33,57,"",72,"","","",200,44,21.94,51,"","","","","","","","","","",""
2035,Nud,CGWB,1,Jammu & Kashmir,5,JAMMU,SAMBA,SAMBA,Nud,-,-,-,-,-,-,32.61250000,75.14777778,25-05-2016 00:00,8,680,353.6,0,378.2,"",7.1,"",63.285076,"","","",315,106.212,12.16,38.3,"",0.15,"","","","","","","","",""
2036,Nud,CGWB,1,Jammu & Kashmir,5,JAMMU,SAMBA,SAMBA,Nud,-,-,-,-,-,-,32.61250000,75.14777778,30-05-2019 08:00,7.6,560,138,0,212,"",68,"","","","","",260,83,13,49,"","","","","","","","","","",""
2037,Nud,CGWB,1,Jammu & Kashmir,5,JAMMU,SAMBA,SAMBA,Nud,-,-,-,-,-,-,32.61250000,75.14777778,30-05-2020 08:00,7.6,560,"","",212,"",68,"","","","","","",83,13,49,"","","","","","","","","","",""
2038,Nud,CGWB,1,Jammu & Kashmir,5,JAMMU,SAMBA,SAMBA,Nud,-,-,-,-,-,-,32.61250000,75.14777778,30-05-2021 08:00,7.26,292,"",0,118,"",21,"",18,"","","",100,25,9.2,14,"","","","","","","","","","",""
2039,Painthi,CGWB,1,Jammu & Kashmir,5,JAMMU,SAMBA,SAMBA,Painthi,-,-,-,-,-,-,32.59305556,75.15555556,25-05-2014 00:00,7.5,410,"",0,159,130.33,28,"",15,"","","",155,60,1.29,13,"",0.1,"","","","","","","","",""
2040,Painthi,CGWB,1,Jammu & Kashmir,5,JAMMU,SAMBA,SAMBA,Painthi,-,-,-,-,-,-,32.59305556,75.15555556,25-05-2016 00:00,7.45,290,150.8,0,170.8,"",10.65,"",16.735336,"","","",160,56.112,4.864,6,"",0.2,"","","","","","","","",""
2041,Painthi,CGWB,1,Jammu & Kashmir,5,JAMMU,SAMBA,SAMBA,Painthi,-,-,-,-,-,-,32.59305556,75.15555556,30-05-2021 08:00,7.6,1386,"",0,250.1,"",226.88,"",141,"","","",260,44,36.456,167.6,"","","","","","","","","","",""
2042,Palanwala,CGWB,1,Jammu & Kashmir,5,JAMMU,AKHNOOR,AKHNOOR,Palanwala,-,-,-,-,-,-,32.85000000,74.45416667,25-05-2000 00:00,8.6,246,"",17,71,"",15,"","","","","",116,23,14.25,14,"","","","","","","","","","",""
2043,Palanwala,CGWB,1,Jammu & Kashmir,5,JAMMU,AKHNOOR,AKHNOOR,Palanwala,-,-,-,-,-,-,32.85000000,74.45416667,25-05-2001 00:00,7.32,418,"",0,228,"",10,"","","","","",200,56,14.66,14,"","","","","","","","","","",""
2044,Palanwala,CGWB,1,Jammu & Kashmir,5,JAMMU,AKHNOOR,AKHNOOR,Palanwala,-,-,-,-,-,-,32.85000000,74.45416667,25-05-2003 00:00,7.4,450,"",0,207,"",18,"","","","","",200,52,17.08,16,"","","","","","","","","","",""
2045,Palanwala,CGWB,1,Jammu & Kashmir,5,JAMMU,AKHNOOR,AKHNOOR,Palanwala,-,-,-,-,-,-,32.85000000,74.45416667,25-05-2004 00:00,7.6,535,"",0,305,"",11,"","","","","",280,86,15.91,12,"","","","","","","","","","",""
2046,Palanwala,CGWB,1,Jammu & Kashmir,5,JAMMU,AKHNOOR,AKHNOOR,Palanwala,-,-,-,-,-,-,32.85000000,74.45416667,25-05-2005 00:00,7.78,582,"",0,303,"",18,"","","","","",279,98,8.39,14,"","","","","","","","","","",""
2047,Palanwala,CGWB,1,Jammu & Kashmir,5,JAMMU,AKHNOOR,AKHNOOR,Palanwala,-,-,-,-,-,-,32.85000000,74.45416667,25-05-2006 00:00,7.9,295,"",0,171,"",11,"","","","","",150,40,12.21,11,"","","","","","","","","","",""
2048,Palanwala,CGWB,1,Jammu & Kashmir,5,JAMMU,AKHNOOR,AKHNOOR,Palanwala,-,-,-,-,-,-,32.85000000,74.45416667,25-05-2007 00:00,8.06,324,"",0,170,"",11,"","","","","",145,38,12.2,16,"","","","","","","","","","",""
2049,Palanwala,CGWB,1,Jammu & Kashmir,5,JAMMU,AKHNOOR,AKHNOOR,Palanwala,-,-,-,-,-,-,32.85000000,74.45416667,25-05-2008 00:00,7.4,608,"",0,323,"",18,"",10,"","","",270,88,12.26,16,"",0.41,"","","","","","","","",""
2050,Palanwala,CGWB,1,Jammu & Kashmir,5,JAMMU,AKHNOOR,AKHNOOR,Palanwala,-,-,-,-,-,-,32.85000000,74.45416667,25-05-2009 00:00,7.2,560,"",0,311,"",7.1,"",22,"","","",265,88,11,11,"",0.22,"","","","","","","","",""
2051,Palanwala,CGWB,1,Jammu & Kashmir,5,JAMMU,AKHNOOR,AKHNOOR,Palanwala,-,-,-,-,-,-,32.85000000,74.45416667,25-05-2010 00:00,8.54,260,"",6,116,"",25,"",0.1,"","","",110,28,9.76,14,"",1.49,"","","","","","","","",""
2052,Palanwala,CGWB,1,Jammu & Kashmir,5,JAMMU,AKHNOOR,AKHNOOR,Palanwala,-,-,-,-,-,-,32.85000000,74.45416667,25-05-2012 00:00,7.55,610,"",0,354,"",14,"",6,"","","",304,102,12,11,"",0.29,"","","","","","","","",""
2053,Palanwala,CGWB,1,Jammu & Kashmir,5,JAMMU,AKHNOOR,AKHNOOR,Palanwala,-,-,-,-,-,-,32.85000000,74.45416667,25-05-2013 00:00,8.28,300,"",0,128,104.9,14,"",16,"","","",125,20,18.26,10,"",0.97,"","","","","","","","",""
2054,Palanwala,CGWB,1,Jammu & Kashmir,5,JAMMU,AKHNOOR,AKHNOOR,Palanwala,-,-,-,-,-,-,32.85000000,74.45416667,25-05-2014 00:00,7.26,360,"",0,183,150,11,"",17,"","","",150,44,9.78,7,"",0.52,"","","","","","","","",""
2055,Palanwala,CGWB,1,Jammu & Kashmir,5,JAMMU,AKHNOOR,AKHNOOR,Palanwala,-,-,-,-,-,-,32.85000000,74.45416667,25-05-2015 00:00,8.24,380,"",0,122,100,18,"",75,"","","",130,14,23.11,37.2,"",0.11,"","","","","","","","",""
2056,Palanwala,CGWB,1,Jammu & Kashmir,5,JAMMU,AKHNOOR,AKHNOOR,Palanwala,-,-,-,-,-,-,32.85000000,74.45416667,25-05-2016 00:00,8.21,257,133.64,0,122,"",17.75,"",36.365345,"","","",148.955,28.056,19.201857,8.51,"",0.01,"","","","","","","","",""
2057,Palanwala,CGWB,1,Jammu & Kashmir,5,JAMMU,AKHNOOR,AKHNOOR,Palanwala,-,-,-,-,-,-,32.85000000,74.45416667,30-05-2021 08:00,7.7,1366,"",0,549,"",141.8,"",136,"","","",640,40,131.2416,87.7,"","","","","","","","","","",""
2058,Palatan,CGWB,1,Jammu & Kashmir,5,JAMMU,AKHNOOR,AKHNOOR,Palatan,-,-,-,-,-,-,32.83694444,74.44861111,25-05-2013 00:00,8.31,320,"",6,98,90.3,28,"",33,"","","",145,28,18.27,14,"",0.08,"","","","","","","","",""
2059,Palatan,CGWB,1,Jammu & Kashmir,5,JAMMU,AKHNOOR,AKHNOOR,Palatan,-,-,-,-,-,-,32.83694444,74.44861111,25-05-2014 00:00,7.96,340,"",0,165,135.25,18,"",12,"","","",160,52,7.36,5.8,"",1.1,"","","","","","","","",""
2060,Palatan,CGWB,1,Jammu & Kashmir,5,JAMMU,AKHNOOR,AKHNOOR,Palatan,-,-,-,-,-,-,32.83694444,74.44861111,25-05-2015 00:00,8.2,280,"",0,171,140.16,7.1,"",4,"","","",135,24,18.26,9.8,"",2.13,"","","","","","","","",""
2061,Palatan,CGWB,1,Jammu & Kashmir,5,JAMMU,AKHNOOR,AKHNOOR,Palatan,-,-,-,-,-,-,32.83694444,74.44861111,25-05-2016 00:00,8.41,295,153.4,0,164.7,"",7.1,"",29.43914,"","","",110.515,24.048,12.285248,5.3,"",0.07,"","","","","","","","",""
2062,Palatan,CGWB,1,Jammu & Kashmir,5,JAMMU,AKHNOOR,AKHNOOR,Palatan,-,-,-,-,-,-,32.83694444,74.44861111,30-05-2019 08:00,7.44,350,246,0,199,"",27,"","","","","",76,57,3,14.7,"","","","","","","","","","",""
2063,Palatan,CGWB,1,Jammu & Kashmir,5,JAMMU,AKHNOOR,AKHNOOR,Palatan,-,-,-,-,-,-,32.83694444,74.44861111,30-05-2020 08:00,7.44,350,"","",199,"",27,"","","","","","",57,3,14.7,"","","","","","","","","","",""
2064,Palatan,CGWB,1,Jammu & Kashmir,5,JAMMU,AKHNOOR,AKHNOOR,Palatan,-,-,-,-,-,-,32.83694444,74.44861111,30-05-2021 08:00,7.5,1073,"",0,207.4,"",102.805,"",121,"","","",280,68,26.7344,73,"","","","","","","","","","",""
2065,Pallan,CGWB,1,Jammu & Kashmir,7,KATHUA,BILLAWAR,BILLAWAR,Pallan,-,-,-,-,-,-,32.55638889,75.56583333,25-05-2013 00:00,7.3,330,"",0,146,119.7,32,"",1,"","","",130,40,7.34,17,"",0.22,"","","","","","","","",""
2066,Pallan,CGWB,1,Jammu & Kashmir,7,KATHUA,BILLAWAR,BILLAWAR,Pallan,-,-,-,-,-,-,32.55638889,75.56583333,25-05-2014 00:00,7.58,320,"",0,159,130.33,18,"",4,"","","",135,28,15.84,11,"",0.77,"","","","","","","","",""
2067,Pallan,CGWB,1,Jammu & Kashmir,7,KATHUA,BILLAWAR,BILLAWAR,Pallan,-,-,-,-,-,-,32.55638889,75.56583333,25-05-2015 00:00,8.49,690,"",6,201,174.75,103,"",28,"","","",170,24,26.77,87,"",0.12,"","","","","","","","",""
2068,Pallan,CGWB,1,Jammu & Kashmir,7,KATHUA,BILLAWAR,BILLAWAR,Pallan,-,-,-,-,-,-,32.55638889,75.56583333,25-05-2016 00:00,7.63,410,213.2,0,189,"",21,"",19.568624,"","","",185,54,12,15,"",0.03,"","","","","","","","",""
2069,Pallan,CGWB,1,Jammu & Kashmir,7,KATHUA,BILLAWAR,BILLAWAR,Pallan,-,-,-,-,-,-,32.55638889,75.56583333,30-05-2019 08:00,8.2,230,198,0,146,"",27,"","","","","",119,26,13,18,"","","","","","","","","","",""
2070,Pallan,CGWB,1,Jammu & Kashmir,7,KATHUA,BILLAWAR,BILLAWAR,Pallan,-,-,-,-,-,-,32.55638889,75.56583333,30-05-2020 08:00,8.2,230,"","",146,"",27,"","","","","","",26,13,18,"","","","","","","","","","",""
2071,Pallan,CGWB,1,Jammu & Kashmir,7,KATHUA,BILLAWAR,BILLAWAR,Pallan,-,-,-,-,-,-,32.55638889,75.56583333,30-05-2021 08:00,7.1,960,"",0,280.6,"",106.35,"",25,"","","",310,72,31.5952,40.4,"","","","","","","","","","",""
2072,Palli,CGWB,1,Jammu & Kashmir,5,JAMMU,BISHNA,BISHNA,Palli,-,-,-,-,-,-,32.62694444,74.88861111,25-05-2013 00:00,8.05,750,"",0,360,295.1,43,"",24,"","","",175,18,31.63,98,"",0.14,"","","","","","","","",""
2073,Palli,CGWB,1,Jammu & Kashmir,5,JAMMU,BISHNA,BISHNA,Palli,-,-,-,-,-,-,32.62694444,74.88861111,25-05-2015 00:00,7.72,1460,"",0,781,640.16,100,"",3,"","","",640,140,70.68,55,"","","","","","","","","","",""
2074,Palli,CGWB,1,Jammu & Kashmir,5,JAMMU,BISHNA,BISHNA,Palli,-,-,-,-,-,-,32.62694444,74.88861111,25-05-2016 00:00,7.35,730,379.6,0,420.9,"",35.5,"",4.394876,"","","",340,36.072,60.8,30.6,"",0.08,"","","","","","","","",""
2075,Palli,CGWB,1,Jammu & Kashmir,5,JAMMU,BISHNA,BISHNA,Palli,-,-,-,-,-,-,32.62694444,74.88861111,30-05-2019 08:00,8,730,330,0,397,"",54,"","","","","",282,22,55,91,"","","","","","","","","","",""
2076,Palli,CGWB,1,Jammu & Kashmir,5,JAMMU,BISHNA,BISHNA,Palli,-,-,-,-,-,-,32.62694444,74.88861111,30-05-2020 08:00,8,730,"","",397,"",54,"","","","","","",22,55,91,"","","","","","","","","","",""
2077,Palli,CGWB,1,Jammu & Kashmir,5,JAMMU,BISHNA,BISHNA,Palli,-,-,-,-,-,-,32.62694444,74.88861111,30-05-2021 08:00,7.22,1459,"",0,375,"",235,"",156,"","","",390,58,60,153,"","","","","","","","","","",""
2078,Pampore,CGWB,1,Jammu & Kashmir,11,PULWAMA,PULWAMA,PULWAMA,Pampore,-,-,-,-,-,-,33.99361111,74.92166667,25-05-2004 00:00,7.83,870,"",0,543,"",25,"",84,"","","",395,76,49.93,65,"",14,"","","","","","","","",""
2079,Pampore,CGWB,1,Jammu & Kashmir,11,PULWAMA,PULWAMA,PULWAMA,Pampore,-,-,-,-,-,-,33.99361111,74.92166667,25-05-2012 00:00,8.25,490,"",0,360,"",25,"",12,"","","",242,8,54,47,"",4,"","","","","","","","",""
2080,Pampore,CGWB,1,Jammu & Kashmir,11,PULWAMA,PULWAMA,PULWAMA,Pampore,-,-,-,-,-,-,33.99361111,74.92166667,25-05-2013 00:00,7.83,870,"",0,543,445.1,25,"",84,"","","",395,76,49.93,65,"",14,"","","","","","","","",""
2081,Pampore,CGWB,1,Jammu & Kashmir,11,PULWAMA,PULWAMA,PULWAMA,Pampore,-,-,-,-,-,-,33.99361111,74.92166667,25-05-2014 00:00,8.34,720,"",12,720,610.16,117,"",69,"","","",355,6,82.67,234,"",2.9,"","","","","","","","",""
2082,Pangdour,CGWB,1,Jammu & Kashmir,7,KATHUA,HIRANAGAR,HIRANAGAR,Pangdour,-,-,-,-,-,-,32.48055556,75.10833333,25-05-2013 00:00,8.1,490,"",0,250,204.9,14,"",13,"","","",245,76,13.46,13,"","","","","","","","","","",""
2083,Pangdour,CGWB,1,Jammu & Kashmir,7,KATHUA,HIRANAGAR,HIRANAGAR,Pangdour,-,-,-,-,-,-,32.48055556,75.10833333,25-05-2014 00:00,7.45,570,"",0,336,275.41,18,"",1,"","","",245,90,4.97,33,"",0.29,"","","","","","","","",""
2084,Pangdour,CGWB,1,Jammu & Kashmir,7,KATHUA,HIRANAGAR,HIRANAGAR,Pangdour,-,-,-,-,-,-,32.48055556,75.10833333,25-05-2015 00:00,8.05,420,"",0,214,175.41,28.4,"",52,"","","",220,38,30.44,27,"","","","","","","","","","",""
2085,Pangdour,CGWB,1,Jammu & Kashmir,7,KATHUA,HIRANAGAR,HIRANAGAR,Pangdour,-,-,-,-,-,-,32.48055556,75.10833333,25-05-2016 00:00,7.55,630,327.6,0,427,"",14.2,"",35.273373,"","","",350,110.22,18.24,23.2,"",0,"","","","","","","","",""
2086,Pangdour,CGWB,1,Jammu & Kashmir,7,KATHUA,HIRANAGAR,HIRANAGAR,Pangdour,-,-,-,-,-,-,32.48055556,75.10833333,30-05-2021 08:00,7.64,962,"",0,268.4,"",163.07,"",5.5,"","","",250,44,34.0256,104,"","","","","","","","","","",""
2087,Pangli Colony,CGWB,1,Jammu & Kashmir,5,JAMMU,AKHNOOR,AKHNOOR,Pangli Colony,-,-,-,-,-,-,32.79444444,74.52361111,25-05-2000 00:00,7.84,508,"",0,251,"",17,"","","","","",247,80,11.52,12,"","","","","","","","","","",""
2088,Pangli Colony,CGWB,1,Jammu & Kashmir,5,JAMMU,AKHNOOR,AKHNOOR,Pangli Colony,-,-,-,-,-,-,32.79444444,74.52361111,25-05-2001 00:00,7.7,660,"",0,247,"",52,"","","","","",305,60,37.76,38,"","","","","","","","","","",""
2089,Pangli Colony,CGWB,1,Jammu & Kashmir,5,JAMMU,AKHNOOR,AKHNOOR,Pangli Colony,-,-,-,-,-,-,32.79444444,74.52361111,25-05-2003 00:00,8.05,665,"",0,232,"",32,"","","","","",320,104,14.71,9.7,"","","","","","","","","","",""
2090,Pangli Colony,CGWB,1,Jammu & Kashmir,5,JAMMU,AKHNOOR,AKHNOOR,Pangli Colony,-,-,-,-,-,-,32.79444444,74.52361111,25-05-2004 00:00,7.5,760,"",0,354,"",39,"","","","","",365,112,20.8,18,"","","","","","","","","","",""
2091,Pangli Colony,CGWB,1,Jammu & Kashmir,5,JAMMU,AKHNOOR,AKHNOOR,Pangli Colony,-,-,-,-,-,-,32.79444444,74.52361111,25-05-2005 00:00,7.52,572,"",0,258,"",25,"","","","","",259,87,10.2,10,"","","","","","","","","","",""
2092,Pangli Colony,CGWB,1,Jammu & Kashmir,5,JAMMU,AKHNOOR,AKHNOOR,Pangli Colony,-,-,-,-,-,-,32.79444444,74.52361111,25-05-2006 00:00,7.55,445,"",0,275,"",11,"","","","","",230,74,11.03,13,"","","","","","","","","","",""
2093,Pangli Colony,CGWB,1,Jammu & Kashmir,5,JAMMU,AKHNOOR,AKHNOOR,Pangli Colony,-,-,-,-,-,-,32.79444444,74.52361111,25-05-2007 00:00,8.1,525,"",0,85,"",39,"","","","","",225,60,18.31,12,"","","","","","","","","","",""
2094,Pangli Colony,CGWB,1,Jammu & Kashmir,5,JAMMU,AKHNOOR,AKHNOOR,Pangli Colony,-,-,-,-,-,-,32.79444444,74.52361111,25-05-2008 00:00,7.5,630,"",0,336,"",18,"",20,"","","",295,100,11.06,11,"",0.25,"","","","","","","","",""
2095,Pangli Colony,CGWB,1,Jammu & Kashmir,5,JAMMU,AKHNOOR,AKHNOOR,Pangli Colony,-,-,-,-,-,-,32.79444444,74.52361111,25-05-2009 00:00,7.15,866,"",0,421,"",49,"",0,"","","",403,147,8.81,15,"",0.81,"","","","","","","","",""
2096,Pangli Colony,CGWB,1,Jammu & Kashmir,5,JAMMU,AKHNOOR,AKHNOOR,Pangli Colony,-,-,-,-,-,-,32.79444444,74.52361111,25-05-2010 00:00,8.7,210,"",12,73,"",18,"",0.1,"","","",70,18,6.1,15,"",2.16,"","","","","","","","",""
2097,Pangli Colony,CGWB,1,Jammu & Kashmir,5,JAMMU,AKHNOOR,AKHNOOR,Pangli Colony,-,-,-,-,-,-,32.79444444,74.52361111,25-05-2012 00:00,7.5,520,"",0,299,"",14,"",6,"","","",255,88,8.5,8.1,"",0.34,"","","","","","","","",""
2098,Pangli Colony,CGWB,1,Jammu & Kashmir,5,JAMMU,AKHNOOR,AKHNOOR,Pangli Colony,-,-,-,-,-,-,32.79444444,74.52361111,25-05-2013 00:00,8.11,340,"",0,128,104.9,18,"",47,"","","",150,30,18.27,14,"",0.04,"","","","","","","","",""
2099,Pangli Colony,CGWB,1,Jammu & Kashmir,5,JAMMU,AKHNOOR,AKHNOOR,Pangli Colony,-,-,-,-,-,-,32.79444444,74.52361111,25-05-2014 00:00,7.89,170,"",0,85,69.67,7,"",6,"","","",1.14,"",9,8,"",1.14,"","","","","","","","",""
2100,Pangli Colony,CGWB,1,Jammu & Kashmir,5,JAMMU,AKHNOOR,AKHNOOR,Pangli Colony,-,-,-,-,-,-,32.79444444,74.52361111,25-05-2015 00:00,8.12,380,"",0,146,119.67,14,"",26,"","","",145,34.1,14.57,9.3,"",0.11,"","","","","","","","",""
2101,Pangli Colony,CGWB,1,Jammu & Kashmir,5,JAMMU,AKHNOOR,AKHNOOR,Pangli Colony,-,-,-,-,-,-,32.79444444,74.52361111,25-05-2016 00:00,8.14,330,171.6,0,183,"",14.2,"",13.054631,"","","",144.15,32.064,15.60128,16.43,"",1.23,"","","","","","","","",""
2102,Pangli Colony,CGWB,1,Jammu & Kashmir,5,JAMMU,AKHNOOR,AKHNOOR,Pangli Colony,-,-,-,-,-,-,32.79444444,74.52361111,30-05-2019 08:00,8.6,210,300,7,132,"",20,"","","","","",87,13,13,7.5,"","","","","","","","","","",""
2103,Pangli Colony,CGWB,1,Jammu & Kashmir,5,JAMMU,AKHNOOR,AKHNOOR,Pangli Colony,-,-,-,-,-,-,32.79444444,74.52361111,30-05-2020 08:00,8.6,210,"","",132,"",20,"","","","","","",13,13,7.5,"","","","","","","","","","",""
2104,Pangli Colony,CGWB,1,Jammu & Kashmir,5,JAMMU,AKHNOOR,AKHNOOR,Pangli Colony,-,-,-,-,-,-,32.79444444,74.52361111,30-05-2021 08:00,7.93,1566,"",0,512.568,"",138.255,"",91.2,"","","",325,70,36.456,211.6,"","","","","","","","","","",""
2105,Panja,CGWB,1,Jammu & Kashmir,12,RAJAURI,KALAKOTE,KALAKOTE,Panja,-,-,-,-,-,-,33.18000000,74.41583333,25-05-2012 00:00,6.89,580,"",0,262,"",32,"",10,"","","",253,62,24,19,"",0.04,"","","","","","","","",""
2106,Panja,CGWB,1,Jammu & Kashmir,12,RAJAURI,KALAKOTE,KALAKOTE,Panja,-,-,-,-,-,-,33.18000000,74.41583333,25-05-2013 00:00,7.31,720,"",0,305,250,32,"",10,"","","",225,78,7.39,44,"","","","","","","","","","",""
2107,Panja,CGWB,1,Jammu & Kashmir,12,RAJAURI,KALAKOTE,KALAKOTE,Panja,-,-,-,-,-,-,33.18000000,74.41583333,25-05-2014 00:00,7.39,510,"",0,153,125.41,39,"",61,"","","",230,32,36.51,19,"",0.1,"","","","","","","","",""
2108,Panja,CGWB,1,Jammu & Kashmir,12,RAJAURI,KALAKOTE,KALAKOTE,Panja,-,-,-,-,-,-,33.18000000,74.41583333,25-05-2015 00:00,8.65,425,"",6,201,174.75,25,"",1,"","","",135,"",32.82,"","","","","","","","","","","",""
2109,Panja,CGWB,1,Jammu & Kashmir,12,RAJAURI,KALAKOTE,KALAKOTE,Panja,-,-,-,-,-,-,33.18000000,74.41583333,25-05-2016 00:00,7.63,700,364,0,262,"",14,"",129,"","","",135,16,23,108,"",1.05,"","","","","","","","",""
2110,Panja,CGWB,1,Jammu & Kashmir,12,RAJAURI,KALAKOTE,KALAKOTE,Panja,-,-,-,-,-,-,33.18000000,74.41583333,30-05-2021 08:00,7,340,"",0,97.6,"",21.27,"",11.2,"","","",100,20,12.152,15,"","","","","","","","","","",""
2111,Pansar,CGWB,1,Jammu & Kashmir,7,KATHUA,HIRANAGAR,HIRANAGAR,Pansar,-,-,-,-,-,-,32.37222222,75.30638889,25-05-2000 00:00,8.45,603,"",36,348,"",10,"","","","","",120,12,21.9,"","","","","","","","","","","",""
2112,Pansar,CGWB,1,Jammu & Kashmir,7,KATHUA,HIRANAGAR,HIRANAGAR,Pansar,-,-,-,-,-,-,32.37222222,75.30638889,25-05-2001 00:00,7.78,687,"",0,415,"",18,"","","","","",225,40,30.44,114,"","","","","","","","","","",""
2113,Pansar,CGWB,1,Jammu & Kashmir,7,KATHUA,HIRANAGAR,HIRANAGAR,Pansar,-,-,-,-,-,-,32.37222222,75.30638889,25-05-2003 00:00,7.6,765,"",0,342,"",32,"","","","","",280,52,36.53,60,"","","","","","","","","","",""
2114,Pansar,CGWB,1,Jammu & Kashmir,7,KATHUA,HIRANAGAR,HIRANAGAR,Pansar,-,-,-,-,-,-,32.37222222,75.30638889,25-05-2004 00:00,7.9,810,"",0,464,"",11,"","","","","",305,70,31.69,61,"","","","","","","","","","",""
2115,Pansar,CGWB,1,Jammu & Kashmir,7,KATHUA,HIRANAGAR,HIRANAGAR,Pansar,-,-,-,-,-,-,32.37222222,75.30638889,25-05-2005 00:00,7.89,868,"",0,460,"",33,"","","","","",336,87,28.92,56,"","","","","","","","","","",""
2116,Pansar,CGWB,1,Jammu & Kashmir,7,KATHUA,HIRANAGAR,HIRANAGAR,Pansar,-,-,-,-,-,-,32.37222222,75.30638889,25-05-2006 00:00,8,535,"",0,360,"",18,"","","","","",194,24,32.61,55,"","","","","","","","","","",""
2117,Pansar,CGWB,1,Jammu & Kashmir,7,KATHUA,HIRANAGAR,HIRANAGAR,Pansar,-,-,-,-,-,-,32.37222222,75.30638889,25-05-2007 00:00,7.7,630,"",0,403,"",14,"","","","","",250,46,32.88,46,"","","","","","","","","","",""
2118,Pansar,CGWB,1,Jammu & Kashmir,7,KATHUA,HIRANAGAR,HIRANAGAR,Pansar,-,-,-,-,-,-,32.37222222,75.30638889,25-05-2008 00:00,7.7,770,"",0,458,"",14,"",15,"","","",295,14,63.23,48,"",0.08,"","","","","","","","",""
2119,Pansar,CGWB,1,Jammu & Kashmir,7,KATHUA,HIRANAGAR,HIRANAGAR,Pansar,-,-,-,-,-,-,32.37222222,75.30638889,25-05-2009 00:00,7.9,500,"",0,372,"",11,"",12,"","","",235,28,40.15,41,"",0.53,"","","","","","","","",""
2120,Pansar,CGWB,1,Jammu & Kashmir,7,KATHUA,HIRANAGAR,HIRANAGAR,Pansar,-,-,-,-,-,-,32.37222222,75.30638889,25-05-2010 00:00,8.12,550,"",0,342,"",11,"",16,"","","",200,34,28,49,"","","","","","","","","","",""
2121,Pansar,CGWB,1,Jammu & Kashmir,7,KATHUA,HIRANAGAR,HIRANAGAR,Pansar,-,-,-,-,-,-,32.37222222,75.30638889,25-05-2012 00:00,7.78,690,"",0,427,"",7.1,"",16,"","","",274,52,35,46,"",0.17,"","","","","","","","",""
2122,Pansar,CGWB,1,Jammu & Kashmir,7,KATHUA,HIRANAGAR,HIRANAGAR,Pansar,-,-,-,-,-,-,32.37222222,75.30638889,25-05-2013 00:00,8.12,570,"",0,384,314.8,7,"",43,"","","",225,28,37.72,65,"","","","","","","","","","",""
2123,Pansar,CGWB,1,Jammu & Kashmir,7,KATHUA,HIRANAGAR,HIRANAGAR,Pansar,-,-,-,-,-,-,32.37222222,75.30638889,25-05-2014 00:00,7.38,520,"",0,293,240.16,18,"",66,"","","",195,10,41.34,60,"",0.1,"","","","","","","","",""
2124,Pansar,CGWB,1,Jammu & Kashmir,7,KATHUA,HIRANAGAR,HIRANAGAR,Pansar,-,-,-,-,-,-,32.37222222,75.30638889,25-05-2015 00:00,8.36,550,"","",305,250,21.3,"",61,"","","",185,12,37.7,69.2,"","","","","","","","","","",""
2125,Pansar,CGWB,1,Jammu & Kashmir,7,KATHUA,HIRANAGAR,HIRANAGAR,Pansar,-,-,-,-,-,-,32.37222222,75.30638889,25-05-2016 00:00,7.77,840,436.8,0,549,"",31.95,"",55.475292,"","","",385,82.164,43.776,72.51,"",0.06,"","","","","","","","",""
2126,Pansar,CGWB,1,Jammu & Kashmir,7,KATHUA,HIRANAGAR,HIRANAGAR,Pansar,-,-,-,-,-,-,32.37222222,75.30638889,30-05-2019 08:00,7.7,330,174,0,278,"",20,"","","","","",184,48,16,27,"","","","","","","","","","",""
2127,Pansar,CGWB,1,Jammu & Kashmir,7,KATHUA,HIRANAGAR,HIRANAGAR,Pansar,-,-,-,-,-,-,32.37222222,75.30638889,30-05-2020 08:00,7.7,330,"","",278,"",20,"","","","","","",48,16,27,"","","","","","","","","","",""
2128,Pansar,CGWB,1,Jammu & Kashmir,7,KATHUA,HIRANAGAR,HIRANAGAR,Pansar,-,-,-,-,-,-,32.37222222,75.30638889,30-05-2021 08:00,8.2,1094,"",0,366.12,"",127.62,"",43.2,"","","",350,40,60.76,82.8,"","","","","","","","","","",""
2129,Parnala,CGWB,1,Jammu & Kashmir,7,KATHUA,BILLAWAR,BILLAWAR,Parnala,-,-,-,-,-,-,32.56666667,75.61333333,25-05-2000 00:00,7.97,492,"",0,128,"",62,"","","","","",185,42,19.5,"","","","","","","","","","","",""
2130,Parnala,CGWB,1,Jammu & Kashmir,7,KATHUA,BILLAWAR,BILLAWAR,Parnala,-,-,-,-,-,-,32.56666667,75.61333333,25-05-2001 00:00,7.55,318,"",0,160,"",17,"","","","","",153,53,5.05,12,"","","","","","","","","","",""
2131,Parnala,CGWB,1,Jammu & Kashmir,7,KATHUA,BILLAWAR,BILLAWAR,Parnala,-,-,-,-,-,-,32.56666667,75.61333333,25-05-2002 00:00,8,452,"",0,167,"",69,"","","","","",176,65,3.36,11,"",0.42,"","","","","","","","",""
2132,Parnala,CGWB,1,Jammu & Kashmir,7,KATHUA,BILLAWAR,BILLAWAR,Parnala,-,-,-,-,-,-,32.56666667,75.61333333,25-05-2003 00:00,8.1,270,"",0,117,"",21,"","","","","",120,36,7.3,14,"","","","","","","","","","",""
2133,Parnala,CGWB,1,Jammu & Kashmir,7,KATHUA,BILLAWAR,BILLAWAR,Parnala,-,-,-,-,-,-,32.56666667,75.61333333,25-05-2005 00:00,7.67,430,"",0,202,"",21,"","","","","",155,32,18.27,30,"","","","","","","","","","",""
2134,Parnala,CGWB,1,Jammu & Kashmir,7,KATHUA,BILLAWAR,BILLAWAR,Parnala,-,-,-,-,-,-,32.56666667,75.61333333,25-05-2006 00:00,7.95,538,"",0,250,"",18,"","","","","",70,20,4.89,92,"","","","","","","","","","",""
2135,Parnala,CGWB,1,Jammu & Kashmir,7,KATHUA,BILLAWAR,BILLAWAR,Parnala,-,-,-,-,-,-,32.56666667,75.61333333,25-05-2007 00:00,8.1,408,"",0,195,"",32,"","","","","",340,6.2,78.9,9.5,"","","","","","","","","","",""
2136,Parnala,CGWB,1,Jammu & Kashmir,7,KATHUA,BILLAWAR,BILLAWAR,Parnala,-,-,-,-,-,-,32.56666667,75.61333333,25-05-2008 00:00,7.25,393,"",0,189,"",21,"",30,"","","",155,42,12.21,22,"",16,"","","","","","","","",""
2137,Parnala,CGWB,1,Jammu & Kashmir,7,KATHUA,BILLAWAR,BILLAWAR,Parnala,-,-,-,-,-,-,32.56666667,75.61333333,25-05-2009 00:00,8.1,570,"",0,244,"",32,"",120,"","","",230,68,14.67,60,"",0.32,"","","","","","","","",""
2138,Parnala,CGWB,1,Jammu & Kashmir,7,KATHUA,BILLAWAR,BILLAWAR,Parnala,-,-,-,-,-,-,32.56666667,75.61333333,25-05-2010 00:00,7.97,310,"",0,128,"",18,"",20,"","","",80,22,6.11,19,"",14.7,"","","","","","","","",""
2139,Parnala,CGWB,1,Jammu & Kashmir,7,KATHUA,BILLAWAR,BILLAWAR,Parnala,-,-,-,-,-,-,32.56666667,75.61333333,25-05-2013 00:00,7.06,960,"",0,208,170.5,131,"",9,"","","",250,60,24.39,81,"",0.11,"","","","","","","","",""
2140,Parnala,CGWB,1,Jammu & Kashmir,7,KATHUA,BILLAWAR,BILLAWAR,Parnala,-,-,-,-,-,-,32.56666667,75.61333333,25-05-2015 00:00,8.86,470,"",12,220,200.33,18,"",28,"","","",60,8,9.73,84,"",0.2,"","","","","","","","",""
2141,Pata Khu,CGWB,1,Jammu & Kashmir,5,JAMMU,JAMMU,JAMMU,Pata Khu,-,-,-,-,-,-,32.84166667,74.77083333,25-05-2000 00:00,7.75,600,"",0,358,"",14,"","","","","",304,86,21.74,7.4,"","","","","","","","","","",""
2142,Pata Khu,CGWB,1,Jammu & Kashmir,5,JAMMU,JAMMU,JAMMU,Pata Khu,-,-,-,-,-,-,32.84166667,74.77083333,25-05-2001 00:00,7.52,450,"",0,240,"",10,"","","","","",245,68,18.32,8.6,"","","","","","","","","","",""
2143,Pata Khu,CGWB,1,Jammu & Kashmir,5,JAMMU,JAMMU,JAMMU,Pata Khu,-,-,-,-,-,-,32.84166667,74.77083333,25-05-2002 00:00,7.8,650,"",0,340,"",14,"","","","","",283,73,24.52,8,"",0.17,"","","","","","","","",""
2144,Pata Khu,CGWB,1,Jammu & Kashmir,5,JAMMU,JAMMU,JAMMU,Pata Khu,-,-,-,-,-,-,32.84166667,74.77083333,25-05-2003 00:00,7.6,410,"",0,189,"",14,"","","","","",195,50,17.08,7.5,"","","","","","","","","","",""
2145,Pata Khu,CGWB,1,Jammu & Kashmir,5,JAMMU,JAMMU,JAMMU,Pata Khu,-,-,-,-,-,-,32.84166667,74.77083333,25-05-2004 00:00,7.5,500,"",0,305,"",11,"","","","","",275,70,24.4,8,"","","","","","","","","","",""
2146,Pata Khu,CGWB,1,Jammu & Kashmir,5,JAMMU,JAMMU,JAMMU,Pata Khu,-,-,-,-,-,-,32.84166667,74.77083333,25-05-2006 00:00,7.45,489,"",0,323,"",11,"","","","","",280,84,17.12,6,"","","","","","","","","","",""
2147,Pata Khu,CGWB,1,Jammu & Kashmir,5,JAMMU,JAMMU,JAMMU,Pata Khu,-,-,-,-,-,-,32.84166667,74.77083333,25-05-2007 00:00,8.25,305,"",0,170,"",11,"","","","","",145,28,18.27,7.8,"","","","","","","","","","",""
2148,Pata Khu,CGWB,1,Jammu & Kashmir,5,JAMMU,JAMMU,JAMMU,Pata Khu,-,-,-,-,-,-,32.84166667,74.77083333,25-05-2008 00:00,7.5,665,"",0,372,"",11,"",35,"","","",320,92,21.99,7.5,"",0.34,"","","","","","","","",""
2149,Pata Khu,CGWB,1,Jammu & Kashmir,5,JAMMU,JAMMU,JAMMU,Pata Khu,-,-,-,-,-,-,32.84166667,74.77083333,25-05-2009 00:00,7.35,481,"",0,250,"",7.1,"",8,"","","",214,22,38.68,7,"",0.11,"","","","","","","","",""
2150,Pata Khu,CGWB,1,Jammu & Kashmir,5,JAMMU,JAMMU,JAMMU,Pata Khu,-,-,-,-,-,-,32.84166667,74.77083333,25-05-2010 00:00,7.98,260,"",0,153,"",18,"",0.1,"","","",125,18,19.47,9.4,"",0.84,"","","","","","","","",""
2151,Pata Khu,CGWB,1,Jammu & Kashmir,5,JAMMU,JAMMU,JAMMU,Pata Khu,-,-,-,-,-,-,32.84166667,74.77083333,25-05-2012 00:00,7.23,630,"",0,384,"",11,"",8,"","","",324,100,18,7.5,"",0.17,"","","","","","","","",""
2152,Pata Khu,CGWB,1,Jammu & Kashmir,5,JAMMU,JAMMU,JAMMU,Pata Khu,-,-,-,-,-,-,32.84166667,74.77083333,25-05-2013 00:00,7.91,360,"",0,189,154.9,11,"",5,"","","",165,34,19.49,6,"",0.01,"","","","","","","","",""
2153,Pata Khu,CGWB,1,Jammu & Kashmir,5,JAMMU,JAMMU,JAMMU,Pata Khu,-,-,-,-,-,-,32.84166667,74.77083333,25-05-2014 00:00,7.72,290,"",0,159,130.33,7,"",4,"","","",125,22,17.05,7.8,"",0.61,"","","","","","","","",""
2154,Pata Khu,CGWB,1,Jammu & Kashmir,5,JAMMU,JAMMU,JAMMU,Pata Khu,-,-,-,-,-,-,32.84166667,74.77083333,25-05-2015 00:00,8.29,330,"",0,159,130.33,130,"",37,"","","",180,26.1,27.93,7.1,"",0.11,"","","","","","","","",""
2155,Pata Khu,CGWB,1,Jammu & Kashmir,5,JAMMU,JAMMU,JAMMU,Pata Khu,-,-,-,-,-,-,32.84166667,74.77083333,25-05-2016 00:00,8.01,298,154.96,0,170.8,"",14.2,"",5.945365,"","","",158.565,20.04,26.403008,7.7,"",0,"","","","","","","","",""
2156,Pata Khu,CGWB,1,Jammu & Kashmir,5,JAMMU,JAMMU,JAMMU,Pata Khu,-,-,-,-,-,-,32.84166667,74.77083333,30-05-2021 08:00,7.3,2320,"",0,329.4,"",340.32,"",144,"","","",620,92,94.7856,154,"","","","","","","","","","",""
2157,Patiari,CGWB,1,Jammu & Kashmir,7,KATHUA,KATHUA,KATHUA,Patiari,-,-,-,-,-,-,32.39583333,75.44166667,25-05-2000 00:00,8.35,296,"",12,134,"",7.1,"","","","","",160,48,9.78,"","","","","","","","","","","",""
2158,Patiari,CGWB,1,Jammu & Kashmir,7,KATHUA,KATHUA,KATHUA,Patiari,-,-,-,-,-,-,32.39583333,75.44166667,25-05-2001 00:00,7.96,312,"",0,140,"",7.1,"","","","","",153,48,8.08,8.2,"","","","","","","","","","",""
2159,Patiari,CGWB,1,Jammu & Kashmir,7,KATHUA,KATHUA,KATHUA,Patiari,-,-,-,-,-,-,32.39583333,75.44166667,25-05-2002 00:00,7.85,295,"",0,134,"",11,"","","","","",139,46,5.89,6.04,"",0.72,"","","","","","","","",""
2160,Patiari,CGWB,1,Jammu & Kashmir,7,KATHUA,KATHUA,KATHUA,Patiari,-,-,-,-,-,-,32.39583333,75.44166667,25-05-2003 00:00,7.5,405,"",0,140,"",11,"","","","","",190,62,8.58,6.4,"","","","","","","","","","",""
2161,Patiari,CGWB,1,Jammu & Kashmir,7,KATHUA,KATHUA,KATHUA,Patiari,-,-,-,-,-,-,32.39583333,75.44166667,25-05-2004 00:00,7.4,300,"",0,128,"",11,"","","","","",135,46,4.92,7,"","","","","","","","","","",""
2162,Patiari,CGWB,1,Jammu & Kashmir,7,KATHUA,KATHUA,KATHUA,Patiari,-,-,-,-,-,-,32.39583333,75.44166667,25-05-2005 00:00,7.5,302,"",0,123,"",11,"","","","","",130,44,4.92,4,"","","","","","","","","","",""
2163,Patiari,CGWB,1,Jammu & Kashmir,7,KATHUA,KATHUA,KATHUA,Patiari,-,-,-,-,-,-,32.39583333,75.44166667,25-05-2006 00:00,7.9,319,"",0,153,"",11,"","","","","",170,52,9.79,6.1,"","","","","","","","","","",""
2164,Patiari,CGWB,1,Jammu & Kashmir,7,KATHUA,KATHUA,KATHUA,Patiari,-,-,-,-,-,-,32.39583333,75.44166667,25-05-2007 00:00,8.4,277,"",12,110,"",11,"","","","","",145,42,9.78,5.5,"","","","","","","","","","",""
2165,Patiari,CGWB,1,Jammu & Kashmir,7,KATHUA,KATHUA,KATHUA,Patiari,-,-,-,-,-,-,32.39583333,75.44166667,30-05-2019 08:00,8.2,220,120,0,132,"",14,"","","","","",163,43,13,7.8,"","","","","","","","","","",""
2166,Patiari,CGWB,1,Jammu & Kashmir,7,KATHUA,KATHUA,KATHUA,Patiari,-,-,-,-,-,-,32.39583333,75.44166667,30-05-2020 08:00,8.2,220,"","",132,"",14,"","","","","","",43,13,7.8,"","","","","","","","","","",""
2167,Patiari,CGWB,1,Jammu & Kashmir,7,KATHUA,KATHUA,KATHUA,Patiari,-,-,-,-,-,-,32.39583333,75.44166667,30-05-2021 08:00,7.77,4160,"",0,488.16,"",1028.05,"",201.6,"","","",1060,68,216.3056,460,"","","","","","","","","","",""
2168,Patli,CGWB,1,Jammu & Kashmir,5,JAMMU,SAMBA,SAMBA,Patli,-,-,-,-,-,-,32.60833333,74.94583333,25-05-2000 00:00,7.9,945,"",0,516,"",56,"","","","","",176,30,24.59,190,"","","","","","","","","","",""
2169,Patli,CGWB,1,Jammu & Kashmir,5,JAMMU,SAMBA,SAMBA,Patli,-,-,-,-,-,-,32.60833333,74.94583333,25-05-2001 00:00,7.76,752,"",0,425,"",38,"","","","","",195,44,20.72,135,"","","","","","","","","","",""
2170,Patli,CGWB,1,Jammu & Kashmir,5,JAMMU,SAMBA,SAMBA,Patli,-,-,-,-,-,-,32.60833333,74.94583333,25-05-2002 00:00,7.8,655,"",0,397,"",28,"","","","","",188,34,25.08,100,"",0.05,"","","","","","","","",""
2171,Patli,CGWB,1,Jammu & Kashmir,5,JAMMU,SAMBA,SAMBA,Patli,-,-,-,-,-,-,32.60833333,74.94583333,25-05-2003 00:00,8.15,790,"",0,360,"",35,"","","","","",120,16,19.47,130,"","","","","","","","","","",""
2172,Patli,CGWB,1,Jammu & Kashmir,5,JAMMU,SAMBA,SAMBA,Patli,-,-,-,-,-,-,32.60833333,74.94583333,25-05-2004 00:00,7.3,940,"",0,525,"",39,"","","","","",225,50,24.37,150,"","","","","","","","","","",""
2173,Patli,CGWB,1,Jammu & Kashmir,5,JAMMU,SAMBA,SAMBA,Patli,-,-,-,-,-,-,32.60833333,74.94583333,25-05-2005 00:00,7.35,1380,"",0,696,"",64,"","","","","",358,102,25.17,160,"","","","","","","","","","",""
2174,Patli,CGWB,1,Jammu & Kashmir,5,JAMMU,SAMBA,SAMBA,Patli,-,-,-,-,-,-,32.60833333,74.94583333,25-05-2006 00:00,7.8,545,"",0,262,"",50,"","","","","",143,18,23.85,54,"","","","","","","","","","",""
2175,Patli,CGWB,1,Jammu & Kashmir,5,JAMMU,SAMBA,SAMBA,Patli,-,-,-,-,-,-,32.60833333,74.94583333,25-05-2007 00:00,8.21,1085,"",0,537,"",67,"","","","","",165,20,27.98,196,"","","","","","","","","","",""
2176,Patli,CGWB,1,Jammu & Kashmir,5,JAMMU,SAMBA,SAMBA,Patli,-,-,-,-,-,-,32.60833333,74.94583333,25-05-2008 00:00,7.42,1260,"",0,592,"",78,"",12,"","","",240,40,34.09,190,"",0.16,"","","","","","","","",""
2177,Patli,CGWB,1,Jammu & Kashmir,5,JAMMU,SAMBA,SAMBA,Patli,-,-,-,-,-,-,32.60833333,74.94583333,25-05-2009 00:00,7.2,1150,"",0,665,"",21,"",35,"","","",252,44,34.7,178,"",0.14,"","","","","","","","",""
2178,Patli,CGWB,1,Jammu & Kashmir,5,JAMMU,SAMBA,SAMBA,Patli,-,-,-,-,-,-,32.60833333,74.94583333,25-05-2010 00:00,8.3,930,"",36,390,"",32,"",72,"","","",130,22,18.26,180,"","","","","","","","","","",""
2179,Patli,CGWB,1,Jammu & Kashmir,5,JAMMU,SAMBA,SAMBA,Patli,-,-,-,-,-,-,32.60833333,74.94583333,25-05-2012 00:00,7.93,1020,"",0,567,"",53,"",40,"","","",210,38,28,178,"",0.08,"","","","","","","","",""
2180,Patli,CGWB,1,Jammu & Kashmir,5,JAMMU,SAMBA,SAMBA,Patli,-,-,-,-,-,-,32.60833333,74.94583333,25-05-2013 00:00,8.47,510,"",6,214,185.4,43,"",33,"","","",195,20,35.28,42,"",0.26,"","","","","","","","",""
2181,Patli,CGWB,1,Jammu & Kashmir,5,JAMMU,SAMBA,SAMBA,Patli,-,-,-,-,-,-,32.60833333,74.94583333,25-05-2014 00:00,7.91,1310,"",0,469,384.43,53,"",207,"","","",175,28,25.56,233,"",0.79,"","","","","","","","",""
2182,Patli,CGWB,1,Jammu & Kashmir,5,JAMMU,SAMBA,SAMBA,Patli,-,-,-,-,-,-,32.60833333,74.94583333,25-05-2015 00:00,8.13,380,"",0,207,169.67,11,"",2,"","","",160,50,8.57,11,"","","","","","","","","","",""
2183,Patli,CGWB,1,Jammu & Kashmir,5,JAMMU,SAMBA,SAMBA,Patli,-,-,-,-,-,-,32.60833333,74.94583333,25-05-2016 00:00,7.48,950,494,0,585.6,"",42.6,"",145.23608,"","","",235,26.052,41.344,212,"",0,"","","","","","","","",""
2184,Patli,CGWB,1,Jammu & Kashmir,5,JAMMU,SAMBA,SAMBA,Patli,-,-,-,-,-,-,32.60833333,74.94583333,30-05-2019 08:00,8.29,800,438,0,503,"",34,"","","","","",152,22,24,207,"","","","","","","","","","",""
2185,Patli,CGWB,1,Jammu & Kashmir,5,JAMMU,SAMBA,SAMBA,Patli,-,-,-,-,-,-,32.60833333,74.94583333,30-05-2020 08:00,8.29,800,"","",503,"",34,"","","","","","",22,24,207,"","","","","","","","","","",""
2186,Patli,CGWB,1,Jammu & Kashmir,5,JAMMU,SAMBA,SAMBA,Patli,-,-,-,-,-,-,32.60833333,74.94583333,30-05-2021 08:00,7.6,1386,"",0,250.1,"",226.88,"",141,"","","",260,44,36.456,167.6,"","","","","","","","","","",""
2187,Patyale Chak,CGWB,1,Jammu & Kashmir,5,JAMMU,JAMMU,JAMMU,Patyale Chak,-,-,-,-,-,-,32.76222222,74.77583333,25-05-2013 00:00,8.1,380,"",0,177,145.1,14,"",49,"","","",170,22,27.99,22,"",0.01,"","","","","","","","",""
2188,Patyale Chak,CGWB,1,Jammu & Kashmir,5,JAMMU,JAMMU,JAMMU,Patyale Chak,-,-,-,-,-,-,32.76222222,74.77583333,25-05-2014 00:00,7.31,540,"",0,177,145.08,21,"",87,"","","",153,24,22.64,60,"",0.75,"","","","","","","","",""
2189,Patyale Chak,CGWB,1,Jammu & Kashmir,5,JAMMU,JAMMU,JAMMU,Patyale Chak,-,-,-,-,-,-,32.76222222,74.77583333,25-05-2015 00:00,8.2,360,"",0,153,125.41,14.2,"",33,"","","",160,22,25.56,8.5,"",6.1,"","","","","","","","",""
2190,Patyale Chak,CGWB,1,Jammu & Kashmir,5,JAMMU,JAMMU,JAMMU,Patyale Chak,-,-,-,-,-,-,32.76222222,74.77583333,30-05-2019 08:00,7.4,660,660,0,331,"",34,"","","","","",336,87,29,37.6,"","","","","","","","","","",""
2191,Patyale Chak,CGWB,1,Jammu & Kashmir,5,JAMMU,JAMMU,JAMMU,Patyale Chak,-,-,-,-,-,-,32.76222222,74.77583333,30-05-2020 08:00,7.4,660,"","",331,"",34,"","","","","","",87,29,37.6,"","","","","","","","","","",""
2192,Patyale Chak,CGWB,1,Jammu & Kashmir,5,JAMMU,JAMMU,JAMMU,Patyale Chak,-,-,-,-,-,-,32.76222222,74.77583333,30-05-2021 08:00,7.7,1329,"",0,366,"",163.07,"",91,"","","",480,84,65.6208,77,"","","","","","","","","","",""
2193,Patyari II,CGWB,1,Jammu & Kashmir,7,KATHUA,HIRANAGAR,HIRANAGAR,Patyari,-,-,-,-,-,-,32.54722222,75.26527778,25-05-2014 00:00,7.74,350,"",0,214,175.41,7.1,"",14,"","","",175,54,9.79,10.2,"",0.72,"","","","","","","","",""
2194,Patyari II,CGWB,1,Jammu & Kashmir,7,KATHUA,HIRANAGAR,HIRANAGAR,Patyari,-,-,-,-,-,-,32.54722222,75.26527778,25-05-2015 00:00,7.9,210,"",0,104,85.25,11,"",65,"","","",145,26,19.48,5.7,"","","","","","","","","","",""
2195,Patyari II,CGWB,1,Jammu & Kashmir,7,KATHUA,HIRANAGAR,HIRANAGAR,Patyari,-,-,-,-,-,-,32.54722222,75.26527778,25-05-2016 00:00,7.54,700,364,0,445.3,"",21.3,"",4.185349,"","","",355,72.144,42.56,22.9,"",0.15,"","","","","","","","",""
2196,Phalora,CGWB,1,Jammu & Kashmir,7,KATHUA,HIRANAGAR,HIRANAGAR,Phalora,-,-,-,-,-,-,32.47777778,75.14333333,25-05-2013 00:00,8.21,940,"",0,226,185.3,36,"",324,"","","",130,22,18.26,212,"","","","","","","","","","",""
2197,Phalora,CGWB,1,Jammu & Kashmir,7,KATHUA,HIRANAGAR,HIRANAGAR,Phalora,-,-,-,-,-,-,32.47777778,75.14333333,25-05-2014 00:00,7.46,1070,"",0,628,514.75,64,"",17,"","","",390,52,63.28,109,"",0.1,"","","","","","","","",""
2198,Phalora,CGWB,1,Jammu & Kashmir,7,KATHUA,HIRANAGAR,HIRANAGAR,Phalora,-,-,-,-,-,-,32.47777778,75.14333333,25-05-2015 00:00,7.66,660,"",0,372,304.92,50,"",23,"","","",150,14,27.98,120,"","","","","","","","","","",""
2199,Phalora,CGWB,1,Jammu & Kashmir,7,KATHUA,HIRANAGAR,HIRANAGAR,Phalora,-,-,-,-,-,-,32.47777778,75.14333333,25-05-2016 00:00,7.62,950,494,0,561.2,"",49.7,"",376.6358,"","","",440,36.072,85.12,215.5,"",0.15,"","","","","","","","",""
2200,Phalora,CGWB,1,Jammu & Kashmir,7,KATHUA,HIRANAGAR,HIRANAGAR,Phalora,-,-,-,-,-,-,32.47777778,75.14333333,30-05-2021 08:00,7.4,1616,"",0,335.555,"",305.3,"",78,"","","",460,120,38.9184,153.3,"","","","","","","","","","",""
2201,Phangyal,CGWB,1,Jammu & Kashmir,14,UDHAMPUR,UDHAMPURR,UDHAMPURR,Phangyal,-,-,-,-,-,-,32.89555556,75.13527778,25-05-2000 00:00,8.75,196,"",18,43,"",14,"","","","","",70,16,7.31,"","","","","","","","","","","",""
2202,Phangyal,CGWB,1,Jammu & Kashmir,14,UDHAMPUR,UDHAMPURR,UDHAMPURR,Phangyal,-,-,-,-,-,-,32.89555556,75.13527778,25-05-2003 00:00,7.8,365,"",0,129,"",28,"","","","","",135,40,8.56,20,"","","","","","","","","","",""
2203,Phangyal,CGWB,1,Jammu & Kashmir,14,UDHAMPUR,UDHAMPURR,UDHAMPURR,Phangyal,-,-,-,-,-,-,32.89555556,75.13527778,25-05-2005 00:00,7.88,437,"",0,162,"",39,"","","","","",190,46,18.29,22,"","","","","","","","","","",""
2204,Phangyal,CGWB,1,Jammu & Kashmir,14,UDHAMPUR,UDHAMPURR,UDHAMPURR,Phangyal,-,-,-,-,-,-,32.89555556,75.13527778,25-05-2006 00:00,7.85,375,"",0,159,"",25,"","","","","",160,46,11,16,"","","","","","","","","","",""
2205,Phangyal,CGWB,1,Jammu & Kashmir,14,UDHAMPUR,UDHAMPURR,UDHAMPURR,Phangyal,-,-,-,-,-,-,32.89555556,75.13527778,25-05-2007 00:00,9,192,"",36,24,"",14,"","","","","",80,20,7.32,16,"","","","","","","","","","",""
2206,Phangyal,CGWB,1,Jammu & Kashmir,14,UDHAMPUR,UDHAMPURR,UDHAMPURR,Phangyal,-,-,-,-,-,-,32.89555556,75.13527778,25-05-2008 00:00,7.2,250,"",0,116,"",11,"",5,"","","",100,22,10.97,12,"",0.67,"","","","","","","","",""
2207,Phangyal,CGWB,1,Jammu & Kashmir,14,UDHAMPUR,UDHAMPURR,UDHAMPURR,Phangyal,-,-,-,-,-,-,32.89555556,75.13527778,25-05-2009 00:00,8.15,300,"",0,165,"",7.1,"",14,"","","",135,40,8.5,7.8,"",1.3,"","","","","","","","",""
2208,Phangyal,CGWB,1,Jammu & Kashmir,14,UDHAMPUR,UDHAMPURR,UDHAMPURR,Phangyal,-,-,-,-,-,-,32.89555556,75.13527778,25-05-2010 00:00,8.1,220,"",0,122,"",21,"",0,"","","",100,18,13.39,14,"",0.39,"","","","","","","","",""
2209,Phangyal,CGWB,1,Jammu & Kashmir,14,UDHAMPUR,UDHAMPURR,UDHAMPURR,Phangyal,-,-,-,-,-,-,32.89555556,75.13527778,25-05-2012 00:00,6.9,250,"",0,104,"",18,"",0,"","","",105,28,8.5,9.3,"",0.34,"","","","","","","","",""
2210,Phangyal,CGWB,1,Jammu & Kashmir,14,UDHAMPUR,UDHAMPURR,UDHAMPURR,Phangyal,-,-,-,-,-,-,32.89555556,75.13527778,25-05-2013 00:00,7.57,260,"",0,120,98.4,28,"",20,"","","",105,28,8.54,28,"","","","","","","","","","",""
2211,Phangyal,CGWB,1,Jammu & Kashmir,14,UDHAMPUR,UDHAMPURR,UDHAMPURR,Phangyal,-,-,-,-,-,-,32.89555556,75.13527778,25-05-2014 00:00,7.52,320,"",0,134,109.84,32,"",15,"","","",155,34,17.06,10,"",0.2,"","","","","","","","",""
2212,Phangyal,CGWB,1,Jammu & Kashmir,14,UDHAMPUR,UDHAMPURR,UDHAMPURR,Phangyal,-,-,-,-,-,-,32.89555556,75.13527778,25-05-2015 00:00,8.41,380,"",6,116,105.08,43,"",9,"","","",170,30,23.13,10,"",0.12,"","","","","","","","",""
2213,Phangyal,CGWB,1,Jammu & Kashmir,14,UDHAMPUR,UDHAMPURR,UDHAMPURR,Phangyal,-,-,-,-,-,-,32.89555556,75.13527778,25-05-2016 00:00,7.98,250,130,0,153,"",14,"",19.49624,"","","",110,26,11,25,"",4.68,"","","","","","","","",""
2214,Phangyal,CGWB,1,Jammu & Kashmir,14,UDHAMPUR,UDHAMPURR,UDHAMPURR,Phangyal,-,-,-,-,-,-,32.89555556,75.13527778,30-05-2019 08:00,8.15,310,222,0,132,"",34,"","","","","",152,30,18,11,"","","","","","","","","","",""
2215,Phangyal,CGWB,1,Jammu & Kashmir,14,UDHAMPUR,UDHAMPURR,UDHAMPURR,Phangyal,-,-,-,-,-,-,32.89555556,75.13527778,30-05-2020 08:00,8.15,310,"","",132,"",34,"","","","","","",30,18,11,"","","","","","","","","","",""
2216,Phangyal,CGWB,1,Jammu & Kashmir,14,UDHAMPUR,UDHAMPURR,UDHAMPURR,Phangyal,-,-,-,-,-,-,32.89555556,75.13527778,30-05-2021 08:00,7.5,1028,"",0,189.1,"",141.8,"",93,"","","",380,84,41.3168,44,"","","","","","","","","","",""
2217,Phinter,CGWB,1,Jammu & Kashmir,7,KATHUA,BILLAWAR,BILLAWAR,Phinter,-,-,-,-,-,-,32.58277778,75.54444444,25-05-2000 00:00,7.95,233,"",0,122,"",10,"","","","","",100,20,12.18,"","","","","","","","","","","",""
2218,Phinter,CGWB,1,Jammu & Kashmir,7,KATHUA,BILLAWAR,BILLAWAR,Phinter,-,-,-,-,-,-,32.58277778,75.54444444,25-05-2001 00:00,7.6,455,"",0,130,"",59,"","","","","",195,47,19,27,"","","","","","","","","","",""
2219,Phinter,CGWB,1,Jammu & Kashmir,7,KATHUA,BILLAWAR,BILLAWAR,Phinter,-,-,-,-,-,-,32.58277778,75.54444444,25-05-2002 00:00,7.95,486,"",0,107,"",45,"","","","","",152,40,12.69,24,"",0.2,"","","","","","","","",""
2220,Phinter,CGWB,1,Jammu & Kashmir,7,KATHUA,BILLAWAR,BILLAWAR,Phinter,-,-,-,-,-,-,32.58277778,75.54444444,25-05-2003 00:00,7.8,430,"",0,117,"",34,"","","","","",147,34,15,19,"","","","","","","","","","",""
2221,Phinter,CGWB,1,Jammu & Kashmir,7,KATHUA,BILLAWAR,BILLAWAR,Phinter,-,-,-,-,-,-,32.58277778,75.54444444,25-05-2004 00:00,8.03,476,"",0,207,"",39,"","","","","",170,34,20.71,25,"","","","","","","","","","",""
2222,Phinter,CGWB,1,Jammu & Kashmir,7,KATHUA,BILLAWAR,BILLAWAR,Phinter,-,-,-,-,-,-,32.58277778,75.54444444,25-05-2005 00:00,7.63,352,"",0,118,"",32,"","","","","",155,32,18.27,21,"","","","","","","","","","",""
2223,Phinter,CGWB,1,Jammu & Kashmir,7,KATHUA,BILLAWAR,BILLAWAR,Phinter,-,-,-,-,-,-,32.58277778,75.54444444,25-05-2006 00:00,7.7,604,"",0,268,"",67,"","","","","",230,56,21.95,35,"","","","","","","","","","",""
2224,Phinter,CGWB,1,Jammu & Kashmir,7,KATHUA,BILLAWAR,BILLAWAR,Phinter,-,-,-,-,-,-,32.58277778,75.54444444,25-05-2007 00:00,8.1,430,"",0,262,"",14,"","","","","",220,74,8.6,6.6,"","","","","","","","","","",""
2225,Phinter,CGWB,1,Jammu & Kashmir,7,KATHUA,BILLAWAR,BILLAWAR,Phinter,-,-,-,-,-,-,32.58277778,75.54444444,25-05-2008 00:00,7.85,500,"",0,171,"",53,"",20,"","","",175,44,15.86,26,"",0.1,"","","","","","","","",""
2226,Phinter,CGWB,1,Jammu & Kashmir,7,KATHUA,BILLAWAR,BILLAWAR,Phinter,-,-,-,-,-,-,32.58277778,75.54444444,25-05-2009 00:00,8.47,430,"",18,134,"",25,"",45,"","","",165,40,15.85,26,"",0.35,"","","","","","","","",""
2227,Phinter,CGWB,1,Jammu & Kashmir,7,KATHUA,BILLAWAR,BILLAWAR,Phinter,-,-,-,-,-,-,32.58277778,75.54444444,25-05-2010 00:00,8.15,360,"",0,189,"",28,"",10,"","","",155,44,10.99,23,"",0.27,"","","","","","","","",""
2228,Phinter,CGWB,1,Jammu & Kashmir,7,KATHUA,BILLAWAR,BILLAWAR,Phinter,-,-,-,-,-,-,32.58277778,75.54444444,25-05-2012 00:00,8.29,480,"",0.1,214,"",36,"",28,"","","",196,52,16,27,"",0.34,"","","","","","","","",""
2229,Phinter,CGWB,1,Jammu & Kashmir,7,KATHUA,BILLAWAR,BILLAWAR,Phinter,-,-,-,-,-,-,32.58277778,75.54444444,25-05-2013 00:00,7.68,400,"",0,177,145.1,36,"",21,"","","",170,46,13.43,20,"",0.24,"","","","","","","","",""
2230,Phinter,CGWB,1,Jammu & Kashmir,7,KATHUA,BILLAWAR,BILLAWAR,Phinter,-,-,-,-,-,-,32.58277778,75.54444444,25-05-2014 00:00,7.25,400,"",0,183,150,32,"",10,"","","",160,26,23.13,19,"",0.08,"","","","","","","","",""
2231,Phinter,CGWB,1,Jammu & Kashmir,7,KATHUA,BILLAWAR,BILLAWAR,Phinter,-,-,-,-,-,-,32.58277778,75.54444444,25-05-2015 00:00,8.33,400,"",6,160,141.15,39,"",0,"","","",115,12,38,12,"",9.5,"","","","","","","","",""
2232,Phinter,CGWB,1,Jammu & Kashmir,7,KATHUA,BILLAWAR,BILLAWAR,Phinter,-,-,-,-,-,-,32.58277778,75.54444444,25-05-2016 00:00,7.91,480,249.6,0,146,"",28,"",61.350636,"","","",215,60,12,12,"",0,"","","","","","","","",""
2233,Phinter,CGWB,1,Jammu & Kashmir,7,KATHUA,BILLAWAR,BILLAWAR,Phinter,-,-,-,-,-,-,32.58277778,75.54444444,30-05-2019 08:00,7.85,290,144,0,132,"",41,"","","","","",163,30,21,18,"","","","","","","","","","",""
2234,Phinter,CGWB,1,Jammu & Kashmir,7,KATHUA,BILLAWAR,BILLAWAR,Phinter,-,-,-,-,-,-,32.58277778,75.54444444,30-05-2020 08:00,7.85,290,"","",132,"",41,"","","","","","",30,21,18,"","","","","","","","","","",""
2235,Phinter,CGWB,1,Jammu & Kashmir,7,KATHUA,BILLAWAR,BILLAWAR,Phinter,-,-,-,-,-,-,32.58277778,75.54444444,30-05-2021 08:00,7.1,169,"",0,36.6,"",21.27,"",13,"","","",70,12,9.7216,4,"","","","","","","","","","",""
2236,Phukarni,CGWB,1,Jammu & Kashmir,12,RAJAURI,NOWSHEHRA,NOWSHEHRA,Phukarni,-,-,-,-,-,-,33.27027778,74.11305556,25-05-2013 00:00,7.24,400,"",0,194,159,18,"",1,"","","",155,48,8.57,15,"","","","","","","","","","",""
2237,Phukarni,CGWB,1,Jammu & Kashmir,12,RAJAURI,NOWSHEHRA,NOWSHEHRA,Phukarni,-,-,-,-,-,-,33.27027778,74.11305556,25-05-2014 00:00,7.09,560,"",0,281,230.33,18,"",27,"","","",165,20,27.98,53,"",0.1,"","","","","","","","",""
2238,Phukarni,CGWB,1,Jammu & Kashmir,12,RAJAURI,NOWSHEHRA,NOWSHEHRA,Phukarni,-,-,-,-,-,-,33.27027778,74.11305556,25-05-2015 00:00,8.7,1150,"",6,476,400.16,35,"",137,"","","",80,18,8.53,227,"","","","","","","","","","",""
2239,Phukarni,CGWB,1,Jammu & Kashmir,12,RAJAURI,NOWSHEHRA,NOWSHEHRA,Phukarni,-,-,-,-,-,-,33.27027778,74.11305556,25-05-2016 00:00,7.22,460,239.2,0,238,"",14,"",18,"","","",170,62,3.6,29,"",0,"","","","","","","","",""
2240,Phukarni,CGWB,1,Jammu & Kashmir,12,RAJAURI,NOWSHEHRA,NOWSHEHRA,Phukarni,-,-,-,-,-,-,33.27027778,74.11305556,30-05-2021 08:00,7.1,8440,"",0,921.1,"",1467.63,"",531,"","","",2180,604,162.8368,752,"","","","","","","","","","",""
2241,Poal,CGWB,1,Jammu & Kashmir,5,JAMMU,BISHNA,BISHNA,Poal,-,-,-,-,-,-,32.52500000,74.82083333,25-05-2001 00:00,7.81,618,"",0,302,"",35,"","","","","",380,98,32.94,19,"","","","","","","","","","",""
2242,Poal,CGWB,1,Jammu & Kashmir,5,JAMMU,BISHNA,BISHNA,Poal,-,-,-,-,-,-,32.52500000,74.82083333,25-05-2002 00:00,8,777,"",0,376,"",56,"","","","","",365,110,22.02,25,"",3.32,"","","","","","","","",""
2243,Poal,CGWB,1,Jammu & Kashmir,5,JAMMU,BISHNA,BISHNA,Poal,-,-,-,-,-,-,32.52500000,74.82083333,25-05-2003 00:00,7.6,880,"",0,323,"",57,"","","","","",390,122,20.81,27,"","","","","","","","","","",""
2244,Poal,CGWB,1,Jammu & Kashmir,5,JAMMU,BISHNA,BISHNA,Poal,-,-,-,-,-,-,32.52500000,74.82083333,25-05-2004 00:00,7.25,690,"",0,262,"",35,"","","","","",345,106,19.58,17,"","","","","","","","","","",""
2245,Poal,CGWB,1,Jammu & Kashmir,5,JAMMU,BISHNA,BISHNA,Poal,-,-,-,-,-,-,32.52500000,74.82083333,25-05-2005 00:00,7.3,992,"",0,391,"",64,"","","","","",436,137,22.9,30,"","","","","","","","","","",""
2246,Poal,CGWB,1,Jammu & Kashmir,5,JAMMU,BISHNA,BISHNA,Poal,-,-,-,-,-,-,32.52500000,74.82083333,25-05-2006 00:00,7.4,455,"",0,189,"",39,"","","","","",204,49,19.87,20,"","","","","","","","","","",""
2247,Poal,CGWB,1,Jammu & Kashmir,5,JAMMU,BISHNA,BISHNA,Poal,-,-,-,-,-,-,32.52500000,74.82083333,25-05-2007 00:00,7.9,822,"",0,293,"",82,"","","","","",320,56,43.83,57,"","","","","","","","","","",""
2248,Poal,CGWB,1,Jammu & Kashmir,5,JAMMU,BISHNA,BISHNA,Poal,-,-,-,-,-,-,32.52500000,74.82083333,25-05-2009 00:00,7.17,1315,"",0,622,"",78,"",42,"","","",470,96,56.04,88,"",0.45,"","","","","","","","",""
2249,Poal,CGWB,1,Jammu & Kashmir,5,JAMMU,BISHNA,BISHNA,Poal,-,-,-,-,-,-,32.52500000,74.82083333,25-05-2012 00:00,7.86,560,"",0,281,"",25,"",38,"","","",268,76,19,22,"",0.4,"","","","","","","","",""
2250,Poal,CGWB,1,Jammu & Kashmir,5,JAMMU,BISHNA,BISHNA,Poal,-,-,-,-,-,-,32.52500000,74.82083333,25-05-2013 00:00,8.18,480,"",0,207,169.7,25,"",18,"","","",205,40,25.58,13,"",0.07,"","","","","","","","",""
2251,Poal,CGWB,1,Jammu & Kashmir,5,JAMMU,BISHNA,BISHNA,Poal,-,-,-,-,-,-,32.52500000,74.82083333,25-05-2014 00:00,7.53,950,"",0,141,115.57,57,"",235,"","","",260,60,27,95,"",0.96,"","","","","","","","",""
2252,Poal II,CGWB,1,Jammu & Kashmir,5,JAMMU,BISHNA,BISHNA,Poal,-,-,-,-,-,-,32.52583333,74.82027778,25-05-2015 00:00,9,2200,"",84,378,449.84,220,"",209,"","","",260,20,51.08,270,"","","","","","","","","","",""
2253,Poal II,CGWB,1,Jammu & Kashmir,5,JAMMU,BISHNA,BISHNA,Poal,-,-,-,-,-,-,32.52583333,74.82027778,25-05-2016 00:00,7.31,1140,592.8,0,396.5,"",92.3,"",88.025696,"","","",470,26.052,98.496,71.1,"",1.56,"","","","","","","","",""
2254,Potha,CGWB,1,Jammu & Kashmir,12,RAJAURI,RAJAURI,RAJAURI,Potha,-,-,-,-,-,-,33.28083333,74.31805556,25-05-2012 00:00,6.92,590,"",0,268,"",21,"",0,"","","",211,60,15,21,"",0.46,"","","","","","","","",""
2255,Potha,CGWB,1,Jammu & Kashmir,12,RAJAURI,RAJAURI,RAJAURI,Potha,-,-,-,-,-,-,33.28083333,74.31805556,25-05-2013 00:00,7.2,430,"",0,195,159.8,25,"",2,"","","",155,46,9.78,19.1,"","","","","","","","","","",""
2256,Potha,CGWB,1,Jammu & Kashmir,12,RAJAURI,RAJAURI,RAJAURI,Potha,-,-,-,-,-,-,33.28083333,74.31805556,25-05-2014 00:00,7.86,390,"",0,153,125.41,25,"",43,"","","",155,24,23.13,24,"",0.58,"","","","","","","","",""
2257,Potha,CGWB,1,Jammu & Kashmir,12,RAJAURI,RAJAURI,RAJAURI,Potha,-,-,-,-,-,-,33.28083333,74.31805556,25-05-2015 00:00,8.26,260,"",0,98,80.33,25,"",1,"","","",110,24,12.19,10,"","","","","","","","","","",""
2258,Potha,CGWB,1,Jammu & Kashmir,12,RAJAURI,RAJAURI,RAJAURI,Potha,-,-,-,-,-,-,33.28083333,74.31805556,25-05-2016 00:00,7.86,290,150.8,0,153,"",14,"",6,"","","",120,18,18,14.3,"",0,"","","","","","","","",""
2259,Potha,CGWB,1,Jammu & Kashmir,12,RAJAURI,RAJAURI,RAJAURI,Potha,-,-,-,-,-,-,33.28083333,74.31805556,30-05-2019 08:00,8.28,420,180,0,291,"",27,"","","","","",206,26,34,26,"","","","","","","","","","",""
2260,Potha,CGWB,1,Jammu & Kashmir,12,RAJAURI,RAJAURI,RAJAURI,Potha,-,-,-,-,-,-,33.28083333,74.31805556,30-05-2020 08:00,8.28,420,"","",291,"",27,"","","","","","",26,34,26,"","","","","","","","","","",""
2261,Potha,CGWB,1,Jammu & Kashmir,12,RAJAURI,RAJAURI,RAJAURI,Potha,-,-,-,-,-,-,33.28083333,74.31805556,30-05-2021 08:00,7,835,"",0,341.6,"",42.54,"",35,"","","",230,48,26.7344,56.25,"","","","","","","","","","",""
2262,Purkhoo,CGWB,1,Jammu & Kashmir,5,JAMMU,JAMMU,JAMMU,Purkhoo,-,-,-,-,-,-,32.80277778,74.77777778,25-05-2000 00:00,7.6,930,"",0,434,"",14,"","","","","",366,61,51.98,72,"","","","","","","","","","",""
2263,Purkhoo,CGWB,1,Jammu & Kashmir,5,JAMMU,JAMMU,JAMMU,Purkhoo,-,-,-,-,-,-,32.80277778,74.77777778,25-05-2001 00:00,7.41,895,"",0,456,"",49,"","","","","",435,88,52.38,67,"","","","","","","","","","",""
2264,Purkhoo,CGWB,1,Jammu & Kashmir,5,JAMMU,JAMMU,JAMMU,Purkhoo,-,-,-,-,-,-,32.80277778,74.77777778,25-05-2002 00:00,7.9,1070,"",0,514,"",59,"","","","","",447,108,43.17,65,"",0.11,"","","","","","","","",""
2265,Purkhoo,CGWB,1,Jammu & Kashmir,5,JAMMU,JAMMU,JAMMU,Purkhoo,-,-,-,-,-,-,32.80277778,74.77777778,25-05-2003 00:00,8.2,660,"",0,214,"",43,"","","","","",230,14,47.43,48,"","","","","","","","","","",""
2266,Purkhoo,CGWB,1,Jammu & Kashmir,5,JAMMU,JAMMU,JAMMU,Purkhoo,-,-,-,-,-,-,32.80277778,74.77777778,25-05-2004 00:00,7.35,1110,"",0,610,"",35,"","","","","",525,136,45.14,20,"","","","","","","","","","",""
2267,Purkhoo,CGWB,1,Jammu & Kashmir,5,JAMMU,JAMMU,JAMMU,Purkhoo,-,-,-,-,-,-,32.80277778,74.77777778,25-05-2006 00:00,7.5,830,"",0,525,"",35,"","","","","",420,56,68.14,49,"","","","","","","","","","",""
2268,Purkhoo,CGWB,1,Jammu & Kashmir,5,JAMMU,JAMMU,JAMMU,Purkhoo,-,-,-,-,-,-,32.80277778,74.77777778,25-05-2007 00:00,8.45,687,"","",329,"",43,"","","","","",270,24,51.09,56,"","","","","","","","","","",""
2269,Purkhoo,CGWB,1,Jammu & Kashmir,5,JAMMU,JAMMU,JAMMU,Purkhoo,-,-,-,-,-,-,32.80277778,74.77777778,25-05-2008 00:00,7.65,955,"",0,531,"",32,"",26,"","","",425,90,48.74,39,"",0.44,"","","","","","","","",""
2270,Purkhoo,CGWB,1,Jammu & Kashmir,5,JAMMU,JAMMU,JAMMU,Purkhoo,-,-,-,-,-,-,32.80277778,74.77777778,25-05-2009 00:00,7.2,1100,"",0,628,"",37,"",40,"","","",378,35,70.67,31,"",0.08,"","","","","","","","",""
2271,Purkhoo,CGWB,1,Jammu & Kashmir,5,JAMMU,JAMMU,JAMMU,Purkhoo,-,-,-,-,-,-,32.80277778,74.77777778,25-05-2010 00:00,8.5,390,"",12,159,"",25,"",0.1,"","","",160,18,27.98,21,"",1.3,"","","","","","","","",""
2272,Purkhoo,CGWB,1,Jammu & Kashmir,5,JAMMU,JAMMU,JAMMU,Purkhoo,-,-,-,-,-,-,32.80277778,74.77777778,25-05-2012 00:00,7.19,970,"",0,573,"",28,"",10,"","","",419,74,57,36,"",0.17,"","","","","","","","",""
2273,Purkhoo,CGWB,1,Jammu & Kashmir,5,JAMMU,JAMMU,JAMMU,Purkhoo,-,-,-,-,-,-,32.80277778,74.77777778,25-05-2013 00:00,8.42,370,"",6,159,140.3,25,"",26,"","","",175,20,30.42,22,"",1.49,"","","","","","","","",""
2274,Purkhoo,CGWB,1,Jammu & Kashmir,5,JAMMU,JAMMU,JAMMU,Purkhoo,-,-,-,-,-,-,32.80277778,74.77777778,25-05-2014 00:00,7.78,810,"",0,282,231.15,28,"",98,"","","",300,18,62.02,39,"",0.1,"","","","","","","","",""
2275,Purkhoo,CGWB,1,Jammu & Kashmir,5,JAMMU,JAMMU,JAMMU,Purkhoo,-,-,-,-,-,-,32.80277778,74.77777778,25-05-2015 00:00,8.31,430,"",6,183,160,18,"",0,"","","",160,20,26.77,17.4,"",2.59,"","","","","","","","",""
2276,Purkhoo,CGWB,1,Jammu & Kashmir,5,JAMMU,JAMMU,JAMMU,Purkhoo,-,-,-,-,-,-,32.80277778,74.77777778,25-05-2016 00:00,8.14,378,196.56,0,219.6,"",17.75,"",31.665964,"","","",211.42,28.056,34.393345,20.1,"",1.28,"","","","","","","","",""
2277,Purkhoo,CGWB,1,Jammu & Kashmir,5,JAMMU,JAMMU,JAMMU,Purkhoo,-,-,-,-,-,-,32.80277778,74.77777778,30-05-2019 08:00,7.94,440,252,0,199,"",34,"","","","","",304,43,47,41,"","","","","","","","","","",""
2278,Purkhoo,CGWB,1,Jammu & Kashmir,5,JAMMU,JAMMU,JAMMU,Purkhoo,-,-,-,-,-,-,32.80277778,74.77777778,30-05-2020 08:00,7.94,440,"","",199,"",34,"","","","","","",43,47,41,"","","","","","","","","","",""
2279,Purkhoo,CGWB,1,Jammu & Kashmir,5,JAMMU,JAMMU,JAMMU,Purkhoo,-,-,-,-,-,-,32.80277778,74.77777778,30-05-2021 08:00,7.8,545,"",0,244.08,"",17.725,"",28.8,"","","",200,50,18.228,34.5,"","","","","","","","","","",""
2280,Quadar Pur,CGWB,1,Jammu & Kashmir,5,JAMMU,R.S.PORA,R.S.PORA,Quadar Pur,-,-,-,-,-,-,32.55000000,74.78333333,25-05-2007 00:00,7.82,506,"",0,275,"",18,"","","","","",255,68,20.75,12,"","","","","","","","","","",""
2281,Quadar Pur,CGWB,1,Jammu & Kashmir,5,JAMMU,R.S.PORA,R.S.PORA,Quadar Pur,-,-,-,-,-,-,32.55000000,74.78333333,25-05-2009 00:00,7.2,563,"",0,281,"",14,"",0,"","","",235,72,13.46,12,"",0.33,"","","","","","","","",""
2282,Quadar Pur,CGWB,1,Jammu & Kashmir,5,JAMMU,R.S.PORA,R.S.PORA,Quadar Pur,-,-,-,-,-,-,32.55000000,74.78333333,25-05-2010 00:00,7.93,410,"",0,226,"",14,"",18,"","","",205,54,17.08,12,"",0.24,"","","","","","","","",""
2283,Quadar Pur,CGWB,1,Jammu & Kashmir,5,JAMMU,R.S.PORA,R.S.PORA,Quadar Pur,-,-,-,-,-,-,32.55000000,74.78333333,25-05-2012 00:00,7.87,540,"",0,336,"",11,"",20,"","","",299,92,17,10,"",0.25,"","","","","","","","",""
2284,Quadar Pur,CGWB,1,Jammu & Kashmir,5,JAMMU,R.S.PORA,R.S.PORA,Quadar Pur,-,-,-,-,-,-,32.55000000,74.78333333,25-05-2013 00:00,7.91,560,"",0,177,145.1,60,"",158,"","","",260,44,36.52,69,"",0.03,"","","","","","","","",""
2285,Raghuchak,CGWB,1,Jammu & Kashmir,7,KATHUA,HIRANAGAR,HIRANAGAR,Raghuchak,-,-,-,-,-,-,32.48611111,75.20416667,25-05-2013 00:00,7.91,390,"",0,220,180.3,11,"",15,"","","",175,52,11,15,"","","","","","","","","","",""
2286,Raghuchak,CGWB,1,Jammu & Kashmir,7,KATHUA,HIRANAGAR,HIRANAGAR,Raghuchak,-,-,-,-,-,-,32.48611111,75.20416667,25-05-2014 00:00,7.68,1480,"",0,262,214.75,78,"",400,"","","",170,12,34.05,268,"",0.63,"","","","","","","","",""
2287,Raghuchak,CGWB,1,Jammu & Kashmir,7,KATHUA,HIRANAGAR,HIRANAGAR,Raghuchak,-,-,-,-,-,-,32.48611111,75.20416667,25-05-2015 00:00,8.05,290,"",0,189,154.92,18,"",0,"","","",140,46,6.13,15.4,"","","","","","","","","","",""
2288,Raghuchak,CGWB,1,Jammu & Kashmir,7,KATHUA,HIRANAGAR,HIRANAGAR,Raghuchak,-,-,-,-,-,-,32.48611111,75.20416667,25-05-2016 00:00,7.73,430,223.6,0,292.8,"",10.65,"",55.838264,"","","",280,38.076,44.992,15.2,"",0,"","","","","","","","",""
2289,Raghuchak,CGWB,1,Jammu & Kashmir,7,KATHUA,HIRANAGAR,HIRANAGAR,Raghuchak,-,-,-,-,-,-,32.48611111,75.20416667,30-05-2019 08:00,8.2,240,222,0,159,"",20,"","","","","",119,22,16,20,"","","","","","","","","","",""
2290,Raghuchak,CGWB,1,Jammu & Kashmir,7,KATHUA,HIRANAGAR,HIRANAGAR,Raghuchak,-,-,-,-,-,-,32.48611111,75.20416667,30-05-2020 08:00,8.2,240,"","",159,"",20,"","","","","","",22,16,20,"","","","","","","","","","",""
2291,Rainawari,CGWB,1,Jammu & Kashmir,13,SRINAGAR,SRINAGAR,SRINAGAR,Rainawari,-,-,-,-,-,-,34.10305556,74.82194444,25-05-2012 00:00,8.03,450,"",0,183,"",21,"",50,"","","",175,34,22,28,"","","","","","","","","","",""
2292,Rainawari,CGWB,1,Jammu & Kashmir,13,SRINAGAR,SRINAGAR,SRINAGAR,Rainawari,-,-,-,-,-,-,34.10305556,74.82194444,25-05-2013 00:00,7.83,780,"",0,348,285.3,32,"",71,"","","",330,92,24.42,36,"",0.06,"","","","","","","","",""
2293,Rainawari,CGWB,1,Jammu & Kashmir,13,SRINAGAR,SRINAGAR,SRINAGAR,Rainawari,-,-,-,-,-,-,34.10305556,74.82194444,25-05-2014 00:00,7.4,550,"",0,305,250,7,"",50,"","","",255,64,23,21.2,"",0.23,"","","","","","","","",""
2294,Rainawari,CGWB,1,Jammu & Kashmir,13,SRINAGAR,SRINAGAR,SRINAGAR,Rainawari,-,-,-,-,-,-,34.10305556,74.82194444,25-05-2015 00:00,8.14,510,"",0,177,145.08,34.8,"",47,"","","",190,32,26.78,29.4,"",0.03,"","","","","","","","",""
2295,Rainawari,CGWB,1,Jammu & Kashmir,13,SRINAGAR,SRINAGAR,SRINAGAR,Rainawari,-,-,-,-,-,-,34.10305556,74.82194444,25-05-2016 00:00,7.5,640,332.8,0,336,"",28,"",13.386153,"","","",255,24,47,33,"",0,"","","","","","","","",""
2296,Rainawari,CGWB,1,Jammu & Kashmir,13,SRINAGAR,SRINAGAR,SRINAGAR,Rainawari,-,-,-,-,-,-,34.10305556,74.82194444,30-05-2019 08:00,7.99,660,270,0,331,"",27,"","","","","",304,52,42,26,"","","","","","","","","","",""
2297,Rainawari,CGWB,1,Jammu & Kashmir,13,SRINAGAR,SRINAGAR,SRINAGAR,Rainawari,-,-,-,-,-,-,34.10305556,74.82194444,30-05-2020 08:00,7.99,660,"","",331,"",27,"","","","","","",52,42,26,"","","","","","","","","","",""
2298,Rainawari,CGWB,1,Jammu & Kashmir,13,SRINAGAR,SRINAGAR,SRINAGAR,Rainawari,-,-,-,-,-,-,34.10305556,74.82194444,30-05-2021 08:00,7.8,1600,"",0,335.5,"",184.34,"",64,"","","",640,148,65.6208,30.2,"","","","","","","","","","",""
2299,Raiyan,CGWB,1,Jammu & Kashmir,5,JAMMU,SAMBA,SAMBA,Raiyan,-,-,-,-,-,-,32.51138889,75.11666667,25-05-2000 00:00,8.6,474,"",24,232,"",21,"","","","","",235,54,24.38,"","","","","","","","","","","",""
2300,Raiyan,CGWB,1,Jammu & Kashmir,5,JAMMU,SAMBA,SAMBA,Raiyan,-,-,-,-,-,-,32.51138889,75.11666667,25-05-2002 00:00,7.6,615,"",0,336,"",18,"","","","","",287,81,20.64,24,"","","","","","","","","","",""
2301,Raiyan,CGWB,1,Jammu & Kashmir,5,JAMMU,SAMBA,SAMBA,Raiyan,-,-,-,-,-,-,32.51138889,75.11666667,25-05-2003 00:00,8,650,"",0,323,"",14,"","","","","",283,92,13,30,"","","","","","","","","","",""
2302,Raiyan,CGWB,1,Jammu & Kashmir,5,JAMMU,SAMBA,SAMBA,Raiyan,-,-,-,-,-,-,32.51138889,75.11666667,25-05-2005 00:00,7.45,472,"",0,250,"",14,"","","","","",216,63,14.3,13,"","","","","","","","","","",""
2303,Raiyan,CGWB,1,Jammu & Kashmir,5,JAMMU,SAMBA,SAMBA,Raiyan,-,-,-,-,-,-,32.51138889,75.11666667,25-05-2006 00:00,7.5,342,"",0,195,"",14,"","","","","",153,43,11.11,20,"","","","","","","","","","",""
2304,Raiyan,CGWB,1,Jammu & Kashmir,5,JAMMU,SAMBA,SAMBA,Raiyan,-,-,-,-,-,-,32.51138889,75.11666667,25-05-2007 00:00,8,435,"",0,189,"",14,"","","","","",210,62,13.45,38,"","","","","","","","","","",""
2305,Raiyan,CGWB,1,Jammu & Kashmir,5,JAMMU,SAMBA,SAMBA,Raiyan,-,-,-,-,-,-,32.51138889,75.11666667,25-05-2008 00:00,7.48,665,"",0,336,"",25,"",10,"","","",290,82,20.77,20,"","","","","","","","","","",""
2306,Raiyan,CGWB,1,Jammu & Kashmir,5,JAMMU,SAMBA,SAMBA,Raiyan,-,-,-,-,-,-,32.51138889,75.11666667,25-05-2009 00:00,7.62,473,"",0,256,"",11,"",8,"","","",215,76,6.17,16,"",0.22,"","","","","","","","",""
2307,Raiyan,CGWB,1,Jammu & Kashmir,5,JAMMU,SAMBA,SAMBA,Raiyan,-,-,-,-,-,-,32.51138889,75.11666667,25-05-2010 00:00,8.45,250,"",6,104,"",14,"",10,"","","",90,20,9.75,21,"",0.54,"","","","","","","","",""
2308,Raiyan,CGWB,1,Jammu & Kashmir,5,JAMMU,SAMBA,SAMBA,Raiyan,-,-,-,-,-,-,32.51138889,75.11666667,25-05-2015 00:00,8.03,240,"",0,159,130.33,14.2,"",0,"","","",125,26,14.62,14,"","","","","","","","","","",""
2309,Raiyan,CGWB,1,Jammu & Kashmir,5,JAMMU,SAMBA,SAMBA,Raiyan,-,-,-,-,-,-,32.51138889,75.11666667,25-05-2016 00:00,7.63,700,364,0,427,"",17.75,"",53.86131,"","","",370,58.116,54.72,37.9,"",2.68,"","","","","","","","",""
2310,Raiyan,CGWB,1,Jammu & Kashmir,5,JAMMU,SAMBA,SAMBA,Raiyan,-,-,-,-,-,-,32.51138889,75.11666667,30-05-2021 08:00,7.52,909,"",0,219.636,"",170.4,"",35,"","","",340,64,43.7832,51.8,"","","","","","","","","","",""
2311,Rakh Badali,CGWB,1,Jammu & Kashmir,14,UDHAMPUR,UDHAMPURR,UDHAMPURR,Rakh Badali,-,-,-,-,-,-,32.91527778,75.10888889,30-05-2021 08:00,7.64,1233,"",0,256.2,"",155.98,"",28,"","","",380,72,48.608,52.2,"","","","","","","","","","",""
2312,Rambarpora,CGWB,1,Jammu & Kashmir,1,ANANTNAG,ANANTNAG,ANANTNAG,Rambarpora,-,-,-,-,-,-,33.74111111,75.21611111,25-05-2003 00:00,7.88,820,"",0,366,"",36,"","","","","",370,104,26.87,40,"","","","","","","","","","",""
2313,Rambarpora,CGWB,1,Jammu & Kashmir,1,ANANTNAG,ANANTNAG,ANANTNAG,Rambarpora,-,-,-,-,-,-,33.74111111,75.21611111,25-05-2012 00:00,7.75,490,"",0,268,"",14,"",7,"","","",72,19,6,4.5,"",1.53,"","","","","","","","",""
2314,Rambarpora,CGWB,1,Jammu & Kashmir,1,ANANTNAG,ANANTNAG,ANANTNAG,Rambarpora,-,-,-,-,-,-,33.74111111,75.21611111,25-05-2013 00:00,7.88,820,"",0,366,300,36,"",84,"","","",370,104,26.87,40,"",0.14,"","","","","","","","",""
2315,Rambarpora,CGWB,1,Jammu & Kashmir,1,ANANTNAG,ANANTNAG,ANANTNAG,Rambarpora,-,-,-,-,-,-,33.74111111,75.21611111,25-05-2014 00:00,7.53,410,"",0,122,100,53,"",0,"","","",195,46,19.51,8.3,"",1.09,"","","","","","","","",""
2316,Rambarpora,CGWB,1,Jammu & Kashmir,1,ANANTNAG,ANANTNAG,ANANTNAG,Rambarpora,-,-,-,-,-,-,33.74111111,75.21611111,25-05-2015 00:00,8.44,410,"",30,189,204.92,10.4,"",15,"","","",225,68,13.45,6,"",0.1,"","","","","","","","",""
2317,Rambarpora,CGWB,1,Jammu & Kashmir,1,ANANTNAG,ANANTNAG,ANANTNAG,Rambarpora,-,-,-,-,-,-,33.74111111,75.21611111,25-05-2016 00:00,7.26,480,249.6,0,165,"",46,"",33.429604,"","","",235,30,39,8,"",0,"","","","","","","","",""
2318,Rambarpora,CGWB,1,Jammu & Kashmir,1,ANANTNAG,ANANTNAG,ANANTNAG,Rambarpora,-,-,-,-,-,-,33.74111111,75.21611111,30-05-2019 08:00,8.11,370,216,0,212,"",34,"","","","","",206,22,37,11,"","","","","","","","","","",""
2319,Rambarpora,CGWB,1,Jammu & Kashmir,1,ANANTNAG,ANANTNAG,ANANTNAG,Rambarpora,-,-,-,-,-,-,33.74111111,75.21611111,30-05-2020 08:00,8.11,370,"","",212,"",34,"","","","","","",22,37,11,"","","","","","","","","","",""
2320,Ramkot,CGWB,1,Jammu & Kashmir,7,KATHUA,BILLAWAR,BILLAWAR,Ramkot,-,-,-,-,-,-,32.64166667,75.33611111,25-05-2000 00:00,8.15,445,"",0,214,"",24,"","","","","",180,38,20.71,"","","","","","","","","","","",""
2321,Ramkot,CGWB,1,Jammu & Kashmir,7,KATHUA,BILLAWAR,BILLAWAR,Ramkot,-,-,-,-,-,-,32.64166667,75.33611111,25-05-2001 00:00,7.62,565,"",0,326,"",31,"","","","","",296,78,24.65,29,"","","","","","","","","","",""
2322,Ramkot,CGWB,1,Jammu & Kashmir,7,KATHUA,BILLAWAR,BILLAWAR,Ramkot,-,-,-,-,-,-,32.64166667,75.33611111,25-05-2002 00:00,7.7,663,"",0,269,"",38,"","","","","",233,57,22.07,26,"",1.18,"","","","","","","","",""
2323,Ramkot,CGWB,1,Jammu & Kashmir,7,KATHUA,BILLAWAR,BILLAWAR,Ramkot,-,-,-,-,-,-,32.64166667,75.33611111,25-05-2003 00:00,7.5,690,"",0,328,"",28,"","","","","",318,88,24,26,"","","","","","","","","","",""
2324,Ramkot,CGWB,1,Jammu & Kashmir,7,KATHUA,BILLAWAR,BILLAWAR,Ramkot,-,-,-,-,-,-,32.64166667,75.33611111,25-05-2004 00:00,7.62,674,"",0,378,"",25,"","","","","",240,36,36.51,45,"","","","","","","","","","",""
2325,Ramkot,CGWB,1,Jammu & Kashmir,7,KATHUA,BILLAWAR,BILLAWAR,Ramkot,-,-,-,-,-,-,32.64166667,75.33611111,25-05-2005 00:00,7.93,577,"",0,302,"",25,"","","","","",230,74,11.03,26,"","","","","","","","","","",""
2326,Ramkot,CGWB,1,Jammu & Kashmir,7,KATHUA,BILLAWAR,BILLAWAR,Ramkot,-,-,-,-,-,-,32.64166667,75.33611111,25-05-2006 00:00,7.7,520,"",0,244,"",39,"","","","","",200,42,23.15,27,"","","","","","","","","","",""
2327,Ramkot,CGWB,1,Jammu & Kashmir,7,KATHUA,BILLAWAR,BILLAWAR,Ramkot,-,-,-,-,-,-,32.64166667,75.33611111,25-05-2007 00:00,7.82,570,"",0,336,"",25,"","","","","",260,72,19.54,18,"","","","","","","","","","",""
2328,Ramkot,CGWB,1,Jammu & Kashmir,7,KATHUA,BILLAWAR,BILLAWAR,Ramkot,-,-,-,-,-,-,32.64166667,75.33611111,25-05-2008 00:00,7.55,825,"",0,433,"",43,"",6,"","","",346,100,23.46,32,"",0.21,"","","","","","","","",""
2329,Ramkot,CGWB,1,Jammu & Kashmir,7,KATHUA,BILLAWAR,BILLAWAR,Ramkot,-,-,-,-,-,-,32.64166667,75.33611111,25-05-2009 00:00,8.25,510,"",0,281,"",25,"",0.01,"","","",200,30,30.43,27,"",0.15,"","","","","","","","",""
2330,Ramkot,CGWB,1,Jammu & Kashmir,7,KATHUA,BILLAWAR,BILLAWAR,Ramkot,-,-,-,-,-,-,32.64166667,75.33611111,25-05-2010 00:00,8.4,270,"",6,140,"",21,"",0,"","","",100,12,17.03,26,"","","","","","","","","","",""
2331,Ramkot,CGWB,1,Jammu & Kashmir,7,KATHUA,BILLAWAR,BILLAWAR,Ramkot,-,-,-,-,-,-,32.64166667,75.33611111,25-05-2012 00:00,7.83,530,"",0,275,"",32,"",20,"","","",220,52,22,31,"",0.2,"","","","","","","","",""
2332,Ramkot,CGWB,1,Jammu & Kashmir,7,KATHUA,BILLAWAR,BILLAWAR,Ramkot,-,-,-,-,-,-,32.64166667,75.33611111,25-05-2013 00:00,7.61,570,"",0,305,250,36,"",22,"","","",250,52,29.24,31,"",0.26,"","","","","","","","",""
2333,Ramkot,CGWB,1,Jammu & Kashmir,7,KATHUA,BILLAWAR,BILLAWAR,Ramkot,-,-,-,-,-,-,32.64166667,75.33611111,25-05-2014 00:00,7.23,485,"",0,226,185.25,25,"",26,"","","",175,24,27.99,29,"",0.56,"","","","","","","","",""
2334,Ramkot,CGWB,1,Jammu & Kashmir,7,KATHUA,BILLAWAR,BILLAWAR,Ramkot,-,-,-,-,-,-,32.64166667,75.33611111,25-05-2015 00:00,8.29,480,"",0,183,150,25,"",59,"","","",180,24,29.2,27,"",1.41,"","","","","","","","",""
2335,Ramkot,CGWB,1,Jammu & Kashmir,7,KATHUA,BILLAWAR,BILLAWAR,Ramkot,-,-,-,-,-,-,32.64166667,75.33611111,25-05-2016 00:00,7.2,810,421.2,0,458,"",32,"",15.147227,"","","",340,82,33,39,"",0,"","","","","","","","",""
2336,Ramkot,CGWB,1,Jammu & Kashmir,7,KATHUA,BILLAWAR,BILLAWAR,Ramkot,-,-,-,-,-,-,32.64166667,75.33611111,30-05-2019 08:00,8.25,370,252,0,199,"",34,"","","","","",174,26,26,38,"","","","","","","","","","",""
2337,Ramkot,CGWB,1,Jammu & Kashmir,7,KATHUA,BILLAWAR,BILLAWAR,Ramkot,-,-,-,-,-,-,32.64166667,75.33611111,30-05-2020 08:00,8.25,370,"","",199,"",34,"","","","","","",26,26,38,"","","","","","","","","","",""
2338,Ramkot,CGWB,1,Jammu & Kashmir,7,KATHUA,BILLAWAR,BILLAWAR,Ramkot,-,-,-,-,-,-,32.64166667,75.33611111,30-05-2021 08:00,7.76,2630,"",0,476,"",384,"",163,"","","",710,184,61,342,"","","","","","","","","","",""
2339,Ramnagar,CGWB,1,Jammu & Kashmir,14,UDHAMPUR,RAMNAGAR,RAMNAGAR,Ramnagar,-,-,-,-,-,-,32.80638889,75.31000000,25-05-2001 00:00,7.35,360,"",0,154,"",31,"","","","","",158,49,8.69,20,"","","","","","","","","","",""
2340,Ramnagar,CGWB,1,Jammu & Kashmir,14,UDHAMPUR,RAMNAGAR,RAMNAGAR,Ramnagar,-,-,-,-,-,-,32.80638889,75.31000000,25-05-2002 00:00,8.07,552,"",0,203,"",45,"","","","","",200,59,12.84,30,"",0.18,"","","","","","","","",""
2341,Ramnagar,CGWB,1,Jammu & Kashmir,14,UDHAMPUR,RAMNAGAR,RAMNAGAR,Ramnagar,-,-,-,-,-,-,32.80638889,75.31000000,25-05-2003 00:00,7.8,360,"",0,140,"",21,"","","","","",160,47,10.39,18,"","","","","","","","","","",""
2342,Ramnagar,CGWB,1,Jammu & Kashmir,14,UDHAMPUR,RAMNAGAR,RAMNAGAR,Ramnagar,-,-,-,-,-,-,32.80638889,75.31000000,25-05-2004 00:00,7.05,350,"",0,165,"",18,"","","","","",125,32,10.98,19,"","","","","","","","","","",""
2343,Ramnagar,CGWB,1,Jammu & Kashmir,14,UDHAMPUR,RAMNAGAR,RAMNAGAR,Ramnagar,-,-,-,-,-,-,32.80638889,75.31000000,25-05-2005 00:00,7.75,425,"",0,179,"",18,"","","","","",180,60,7.37,17,"","","","","","","","","","",""
2344,Ramnagar,CGWB,1,Jammu & Kashmir,14,UDHAMPUR,RAMNAGAR,RAMNAGAR,Ramnagar,-,-,-,-,-,-,32.80638889,75.31000000,25-05-2006 00:00,8.2,508,"",0,207,"",28,"","","","","",215,66,12.24,18,"","","","","","","","","","",""
2345,Ramnagar,CGWB,1,Jammu & Kashmir,14,UDHAMPUR,RAMNAGAR,RAMNAGAR,Ramnagar,-,-,-,-,-,-,32.80638889,75.31000000,25-05-2007 00:00,8.05,380,"",0,177,"",18,"","","","","",170,52,9.79,11,"","","","","","","","","","",""
2346,Ramnagar,CGWB,1,Jammu & Kashmir,14,UDHAMPUR,RAMNAGAR,RAMNAGAR,Ramnagar,-,-,-,-,-,-,32.80638889,75.31000000,25-05-2008 00:00,8.1,325,"",0,159,"",14,"",20,"","","",130,38,8.56,11,"",17,"","","","","","","","",""
2347,Ramnagar,CGWB,1,Jammu & Kashmir,14,UDHAMPUR,RAMNAGAR,RAMNAGAR,Ramnagar,-,-,-,-,-,-,32.80638889,75.31000000,25-05-2009 00:00,7.8,870,"",0,561,"",21,"",20,"","","",485,100,57.26,14,"",0.18,"","","","","","","","",""
2348,Ramnagar,CGWB,1,Jammu & Kashmir,14,UDHAMPUR,RAMNAGAR,RAMNAGAR,Ramnagar,-,-,-,-,-,-,32.80638889,75.31000000,25-05-2010 00:00,7.8,350,"",0,195,"",21,"",0,"","","",170,56,7.36,14,"","","","","","","","","","",""
2349,Ramnagar,CGWB,1,Jammu & Kashmir,14,UDHAMPUR,RAMNAGAR,RAMNAGAR,Ramnagar,-,-,-,-,-,-,32.80638889,75.31000000,25-05-2012 00:00,7.45,400,"",0,195,"",21,"",12,"","","",180,56,9.7,17,"",0.21,"","","","","","","","",""
2350,Ramnagar,CGWB,1,Jammu & Kashmir,14,UDHAMPUR,RAMNAGAR,RAMNAGAR,Ramnagar,-,-,-,-,-,-,32.80638889,75.31000000,25-05-2013 00:00,7.61,570,"",0,305,250,36,"",22,"","","",250,52,29.24,31,"",0.26,"","","","","","","","",""
2351,Ramnagar,CGWB,1,Jammu & Kashmir,14,UDHAMPUR,RAMNAGAR,RAMNAGAR,Ramnagar,-,-,-,-,-,-,32.80638889,75.31000000,25-05-2014 00:00,7.81,500,"",0,238,195.08,25,"",26,"","","",210,50,20.73,21,"",0.28,"","","","","","","","",""
2352,Ramnagar,CGWB,1,Jammu & Kashmir,14,UDHAMPUR,RAMNAGAR,RAMNAGAR,Ramnagar,-,-,-,-,-,-,32.80638889,75.31000000,25-05-2015 00:00,9.08,520,"",12,146,139.67,32,"",66,"","","",175,42,17.07,37,"",0.28,"","","","","","","","",""
2353,Ramnagar,CGWB,1,Jammu & Kashmir,14,UDHAMPUR,RAMNAGAR,RAMNAGAR,Ramnagar,-,-,-,-,-,-,32.80638889,75.31000000,25-05-2016 00:00,7.92,460,239.2,0,214,"",29,"",59.64396,"","","",225,60,18,23,"",0.12,"","","","","","","","",""
2354,Rangoora,CGWB,1,Jammu & Kashmir,5,JAMMU,SAMBA,SAMBA,Rangoora,-,-,-,-,-,-,32.75055556,74.89638889,25-05-2013 00:00,8.09,1180,"",0,194,159,43,"",0,"","","",225,28,37.72,7.2,"","","","","","","","","","",""
2355,Rangoora,CGWB,1,Jammu & Kashmir,5,JAMMU,SAMBA,SAMBA,Rangoora,-,-,-,-,-,-,32.75055556,74.89638889,25-05-2014 00:00,7.53,400,"",0,159,130.33,39,"",4,"","","",180,30,25.57,9.1,"",0.28,"","","","","","","","",""
2356,Rangoora,CGWB,1,Jammu & Kashmir,5,JAMMU,SAMBA,SAMBA,Rangoora,-,-,-,-,-,-,32.75055556,74.89638889,25-05-2016 00:00,7.58,470,244.4,0,232,"",14,"",17.822098,"","","",225,48,26,8,"",0,"","","","","","","","",""
2357,Rangoora,CGWB,1,Jammu & Kashmir,5,JAMMU,SAMBA,SAMBA,Rangoora,-,-,-,-,-,-,32.75055556,74.89638889,30-05-2021 08:00,7.6,3660,"",0,317.2,"",510.48,"",626,"","","",1160,104,218.736,172,"","","","","","","","","","",""
2358,Ranji,CGWB,1,Jammu & Kashmir,3,BARAMULA,BARAMULA,BARAMULA,Ranji,-,-,-,-,-,-,34.22305556,74.50305556,25-05-2014 00:00,7.95,520,"",0,342,280.33,21,"",0,"","","",260,54,30.46,22.2,"",15.5,"","","","","","","","",""
2359,Regal Chowk,CGWB,1,Jammu & Kashmir,13,SRINAGAR,SRINAGAR,SRINAGAR,Regal Chowk,-,-,-,-,-,-,34.07277778,74.83472222,25-05-2012 00:00,8.2,660,"",0,281,"",53,"",32,"","","",235,20,45,48,"","","","","","","","","","",""
2360,Regal Chowk,CGWB,1,Jammu & Kashmir,13,SRINAGAR,SRINAGAR,SRINAGAR,Regal Chowk,-,-,-,-,-,-,34.07277778,74.83472222,25-05-2013 00:00,8.03,950,"",0,525,430.3,50,"",112,"","","",420,92,46.31,65,"","","","","","","","","","",""
2361,Regal Chowk,CGWB,1,Jammu & Kashmir,13,SRINAGAR,SRINAGAR,SRINAGAR,Regal Chowk,-,-,-,-,-,-,34.07277778,74.83472222,25-05-2016 00:00,7.78,550,286,0,348,"",18,"",5.780816,"","","",255,12,55,27,"",0,"","","","","","","","",""
2362,Regal Chowk,CGWB,1,Jammu & Kashmir,13,SRINAGAR,SRINAGAR,SRINAGAR,Regal Chowk,-,-,-,-,-,-,34.07277778,74.83472222,30-05-2019 08:00,8.37,360,396,0,212,"",20,"","","","","",184,26,29,22,"","","","","","","","","","",""
2363,Regal Chowk,CGWB,1,Jammu & Kashmir,13,SRINAGAR,SRINAGAR,SRINAGAR,Regal Chowk,-,-,-,-,-,-,34.07277778,74.83472222,30-05-2020 08:00,8.37,360,"","",212,"",20,"","","","","","",26,29,22,"","","","","","","","","","",""
2364,Regal Chowk,CGWB,1,Jammu & Kashmir,13,SRINAGAR,SRINAGAR,SRINAGAR,Regal Chowk,-,-,-,-,-,-,34.07277778,74.83472222,30-05-2021 08:00,7.4,2350,"",0,231.8,"",418.31,"",113,"","","",750,168,80.2032,90.8,"","","","","","","","","","",""
2365,Rehal,CGWB,1,Jammu & Kashmir,5,JAMMU,BISHNA,BISHNA,Rehal,-,-,-,-,-,-,32.56138889,74.87611111,25-05-2000 00:00,8.5,524,"",18,264,"",17,"","","","","",243,69,17.22,18,"","","","","","","","","","",""
2366,Rehal,CGWB,1,Jammu & Kashmir,5,JAMMU,BISHNA,BISHNA,Rehal,-,-,-,-,-,-,32.56138889,74.87611111,25-05-2001 00:00,8.85,360,"",30,122,"",18,"","","","","",140,22,20.69,29,"","","","","","","","","","",""
2367,Rehal,CGWB,1,Jammu & Kashmir,5,JAMMU,BISHNA,BISHNA,Rehal,-,-,-,-,-,-,32.56138889,74.87611111,25-05-2002 00:00,8,495,"",0,263,"",20,"","","","","",226,62,17.34,20,"",0.92,"","","","","","","","",""
2368,Rehal,CGWB,1,Jammu & Kashmir,5,JAMMU,BISHNA,BISHNA,Rehal,-,-,-,-,-,-,32.56138889,74.87611111,25-05-2003 00:00,8.15,490,"",0,238,"",18,"","","","","",215,60,15.88,19,"","","","","","","","","","",""
2369,Rehal,CGWB,1,Jammu & Kashmir,5,JAMMU,BISHNA,BISHNA,Rehal,-,-,-,-,-,-,32.56138889,74.87611111,25-05-2004 00:00,7.25,540,"",0,281,"",25,"","","","","",250,74,15.89,21,"","","","","","","","","","",""
2370,Rehal,CGWB,1,Jammu & Kashmir,5,JAMMU,BISHNA,BISHNA,Rehal,-,-,-,-,-,-,32.56138889,74.87611111,25-05-2005 00:00,7.35,635,"",0,299,"",35,"","","","","",275,86,14.69,19,"","","","","","","","","","",""
2371,Rehal,CGWB,1,Jammu & Kashmir,5,JAMMU,BISHNA,BISHNA,Rehal,-,-,-,-,-,-,32.56138889,74.87611111,25-05-2006 00:00,8,315,"",0,144,"",75,"","","","","",138,24,18.99,17,"","","","","","","","","","",""
2372,Rehal,CGWB,1,Jammu & Kashmir,5,JAMMU,BISHNA,BISHNA,Rehal,-,-,-,-,-,-,32.56138889,74.87611111,25-05-2007 00:00,8.2,535,"",0,250,"",50,"","","","","",225,44,28.01,24,"","","","","","","","","","",""
2373,Rehal,CGWB,1,Jammu & Kashmir,5,JAMMU,BISHNA,BISHNA,Rehal,-,-,-,-,-,-,32.56138889,74.87611111,25-05-2008 00:00,7.75,640,"",0,403,"",11,"",4,"","","",275,42,41.38,34,"",0.16,"","","","","","","","",""
2374,Rehal,CGWB,1,Jammu & Kashmir,5,JAMMU,BISHNA,BISHNA,Rehal,-,-,-,-,-,-,32.56138889,74.87611111,25-05-2009 00:00,7.52,535,"",0,336,"",7.1,"",20,"","","",240,34,37.73,31,"",0.26,"","","","","","","","",""
2375,Rehal,CGWB,1,Jammu & Kashmir,5,JAMMU,BISHNA,BISHNA,Rehal,-,-,-,-,-,-,32.56138889,74.87611111,25-05-2010 00:00,8.1,590,"",0,311,"",28,"",15,"","","",295,86,19.56,10,"","","","","","","","","","",""
2376,Rehal,CGWB,1,Jammu & Kashmir,5,JAMMU,BISHNA,BISHNA,Rehal,-,-,-,-,-,-,32.56138889,74.87611111,25-05-2012 00:00,7.74,840,"",0,384,"",75,"",20,"","","",396,134,15,27,"",0.22,"","","","","","","","",""
2377,Rehal,CGWB,1,Jammu & Kashmir,5,JAMMU,BISHNA,BISHNA,Rehal,-,-,-,-,-,-,32.56138889,74.87611111,25-05-2013 00:00,8.7,530,"","",262,214.8,36,"",4,"","","",170,14,32,45,"",0.22,"","","","","","","","",""
2378,Rehal,CGWB,1,Jammu & Kashmir,5,JAMMU,BISHNA,BISHNA,Rehal,-,-,-,-,-,-,32.56138889,74.87611111,25-05-2014 00:00,7.45,980,"",0,376,308.2,75,"",87,"","","",250,40,36.52,113,"",0.72,"","","","","","","","",""
2379,Rehal,CGWB,1,Jammu & Kashmir,5,JAMMU,BISHNA,BISHNA,Rehal,-,-,-,-,-,-,32.56138889,74.87611111,25-05-2015 00:00,7.72,1360,"",0,525,430.33,14.2,"",408,"","","",520,116,56.06,172,"","","","","","","","","","",""
2380,Rehal,CGWB,1,Jammu & Kashmir,5,JAMMU,BISHNA,BISHNA,Rehal,-,-,-,-,-,-,32.56138889,74.87611111,25-05-2016 00:00,7.8,590,306.8,0,402.6,"",24.85,"",24.838106,"","","",290,40.08,46.208,46.3,"",0,"","","","","","","","",""
2381,Rehal,CGWB,1,Jammu & Kashmir,5,JAMMU,BISHNA,BISHNA,Rehal,-,-,-,-,-,-,32.56138889,74.87611111,30-05-2019 08:00,7.86,550,318,0,238,"",54,"","","","","",250,30,42,68,"","","","","","","","","","",""
2382,Rehal,CGWB,1,Jammu & Kashmir,5,JAMMU,BISHNA,BISHNA,Rehal,-,-,-,-,-,-,32.56138889,74.87611111,30-05-2020 08:00,7.86,550,"","",238,"",54,"","","","","","",30,42,68,"","","","","","","","","","",""
2383,Rehal,CGWB,1,Jammu & Kashmir,5,JAMMU,BISHNA,BISHNA,Rehal,-,-,-,-,-,-,32.56138889,74.87611111,30-05-2021 08:00,7.8,1015,"",0,427,"",99.26,"",17,"","","",250,68,19.4432,120.2,"","","","","","","","","","",""
2384,Riasi,CGWB,1,Jammu & Kashmir,14,UDHAMPUR,REASI,REASI,Aghar Ballian,-,-,-,-,-,-,33.09166667,74.83333333,25-05-2000 00:00,8.28,272,"",0,159,"",7.1,"","","","","",155,28,20.7,"","","","","","","","","","","",""
2385,Riasi,CGWB,1,Jammu & Kashmir,14,UDHAMPUR,REASI,REASI,Aghar Ballian,-,-,-,-,-,-,33.09166667,74.83333333,25-05-2001 00:00,8.12,700,"",0,480,"",28,"","","","","",449,104,46.08,23,"","","","","","","","","","",""
2386,Riasi,CGWB,1,Jammu & Kashmir,14,UDHAMPUR,REASI,REASI,Aghar Ballian,-,-,-,-,-,-,33.09166667,74.83333333,25-05-2002 00:00,7.6,980,"",0,525,"",38,"","","","","",440,95,49.35,28,"",0.85,"","","","","","","","",""
2387,Riasi,CGWB,1,Jammu & Kashmir,14,UDHAMPUR,REASI,REASI,Aghar Ballian,-,-,-,-,-,-,33.09166667,74.83333333,25-05-2003 00:00,8.2,835,"",0,463,"",32,"","","","","",445,100,47.53,20,"","","","","","","","","","",""
2388,Riasi,CGWB,1,Jammu & Kashmir,14,UDHAMPUR,REASI,REASI,Aghar Ballian,-,-,-,-,-,-,33.09166667,74.83333333,25-05-2004 00:00,7.2,1028,"",0,567,"",39,"","","","","",485,30,99.72,22,"","","","","","","","","","",""
2389,Riasi,CGWB,1,Jammu & Kashmir,14,UDHAMPUR,REASI,REASI,Aghar Ballian,-,-,-,-,-,-,33.09166667,74.83333333,25-05-2005 00:00,7.71,955,"",0,482,"",39,"","","","","",485,44,91.23,20,"","","","","","","","","","",""
2390,Riasi,CGWB,1,Jammu & Kashmir,14,UDHAMPUR,REASI,REASI,Aghar Ballian,-,-,-,-,-,-,33.09166667,74.83333333,25-05-2006 00:00,7.7,710,"",0,353,"",39,"","","","","",345,56,49.91,20,"","","","","","","","","","",""
2391,Riasi,CGWB,1,Jammu & Kashmir,14,UDHAMPUR,REASI,REASI,Aghar Ballian,-,-,-,-,-,-,33.09166667,74.83333333,25-05-2007 00:00,8.23,895,"",0,561,"",43,"","","","","",490,106,54.83,21,"","","","","","","","","","",""
2392,Riasi,CGWB,1,Jammu & Kashmir,14,UDHAMPUR,REASI,REASI,Aghar Ballian,-,-,-,-,-,-,33.09166667,74.83333333,25-05-2008 00:00,7.25,936,"",0,549,"",25,"",8,"","","",455,78,63.31,19,"",0.3,"","","","","","","","",""
2393,Riasi,CGWB,1,Jammu & Kashmir,14,UDHAMPUR,REASI,REASI,Aghar Ballian,-,-,-,-,-,-,33.09166667,74.83333333,25-05-2009 00:00,7.6,530,"",0,268,"",11,"",15,"","","",230,42,30.44,9.9,"",0.98,"","","","","","","","",""
2394,Riasi,CGWB,1,Jammu & Kashmir,14,UDHAMPUR,REASI,REASI,Aghar Ballian,-,-,-,-,-,-,33.09166667,74.83333333,25-05-2010 00:00,8.65,700,"",36,360,"",25,"",12,"","","",340,52,51.12,16,"",1.53,"","","","","","","","",""
2395,Riasi,CGWB,1,Jammu & Kashmir,14,UDHAMPUR,REASI,REASI,Aghar Ballian,-,-,-,-,-,-,33.09166667,74.83333333,25-05-2012 00:00,8.24,950,"",0,549,"",32,"",38,"","","",491,98,60,26,"",0.5,"","","","","","","","",""
2396,Riasi,CGWB,1,Jammu & Kashmir,14,UDHAMPUR,REASI,REASI,Aghar Ballian,-,-,-,-,-,-,33.09166667,74.83333333,25-05-2013 00:00,8.16,1080,"",0,610,500,71,"",1,"","","",1,"","",23,"",0.66,"","","","","","","","",""
2397,Riasi,CGWB,1,Jammu & Kashmir,14,UDHAMPUR,REASI,REASI,Aghar Ballian,-,-,-,-,-,-,33.09166667,74.83333333,25-05-2014 00:00,7.31,1150,"",0,665,545.08,36,"",1,"","","",520,68,85.18,24,"",0.48,"","","","","","","","",""
2398,Riasi,CGWB,1,Jammu & Kashmir,14,UDHAMPUR,REASI,REASI,Aghar Ballian,-,-,-,-,-,-,33.09166667,74.83333333,25-05-2015 00:00,8.16,260,"",0,146,119.67,7,"",4,"","","",140,22,20.69,4.8,"",5.11,"","","","","","","","",""
2399,Ritti,CGWB,1,Jammu & Kashmir,14,UDHAMPUR,UDHAMPURR,UDHAMPURR,Ritti,-,-,-,-,-,-,32.84166667,75.16333333,25-05-2014 00:00,7.68,250,"",0,110,90.16,14,"",14,"","","",103,"",1,10,"",0.08,"","","","","","","","",""
2400,Ritti,CGWB,1,Jammu & Kashmir,14,UDHAMPUR,UDHAMPURR,UDHAMPURR,Ritti,-,-,-,-,-,-,32.84166667,75.16333333,25-05-2015 00:00,8.05,260,"",0,116,95.08,18,"",12,"","","",110,20,14.61,10,"",3.54,"","","","","","","","",""
2401,Ritti,CGWB,1,Jammu & Kashmir,14,UDHAMPUR,UDHAMPURR,UDHAMPURR,Ritti,-,-,-,-,-,-,32.84166667,75.16333333,30-05-2019 08:00,8.21,720,222,0,543,"",20,"","","","","",65,17,5,184,"","","","","","","","","","",""
2402,Ritti,CGWB,1,Jammu & Kashmir,14,UDHAMPUR,UDHAMPURR,UDHAMPURR,Ritti,-,-,-,-,-,-,32.84166667,75.16333333,30-05-2020 08:00,8.21,720,"","",543,"",20,"","","","","","",17,5,184,"","","","","","","","","","",""
2403,Ritti,CGWB,1,Jammu & Kashmir,14,UDHAMPUR,UDHAMPURR,UDHAMPURR,Ritti,-,-,-,-,-,-,32.84166667,75.16333333,30-05-2021 08:00,7.2,1309,"",0,414.8,"",120.53,"",40,"","","",350,64,46.1776,74,"","","","","","","","","","",""
2404,R.S.Pura,CGWB,1,Jammu & Kashmir,5,JAMMU,R.S.PORA,R.S.PORA,R.S.Pura,-,-,-,-,-,-,32.60555556,74.72777778,25-05-2013 00:00,8.39,400,"",6,140,124.8,11,"",21,"","","",150,42,10.99,8.7,"",0.24,"","","","","","","","",""
2405,Rumli Dara,CGWB,1,Jammu & Kashmir,12,RAJAURI,NOWSHEHRA,NOWSHEHRA,Rumli Dara,-,-,-,-,-,-,33.13611111,74.21666667,25-05-2000 00:00,8.25,234,"",0,128,"",7.1,"","","","","",95,18,12.18,"","","","","","","","","","","",""
2406,Rumli Dara,CGWB,1,Jammu & Kashmir,12,RAJAURI,NOWSHEHRA,NOWSHEHRA,Rumli Dara,-,-,-,-,-,-,33.13611111,74.21666667,25-05-2001 00:00,7.55,311,"",0,1953,"",7.1,"","","","","",160,38,15.85,15,"","","","","","","","","","",""
2407,Rumli Dara,CGWB,1,Jammu & Kashmir,12,RAJAURI,NOWSHEHRA,NOWSHEHRA,Rumli Dara,-,-,-,-,-,-,33.13611111,74.21666667,25-05-2002 00:00,7.27,602,"",0,293,"",10,"",1.5,"","","",255,67,21.36,18,"",0.9,"","","","","","","","",""
2408,Rumli Dara,CGWB,1,Jammu & Kashmir,12,RAJAURI,NOWSHEHRA,NOWSHEHRA,Rumli Dara,-,-,-,-,-,-,33.13611111,74.21666667,25-05-2003 00:00,7.81,390,"",0,214,"",11,"","","","","",205,54,17.08,11,"","","","","","","","","","",""
2409,Rumli Dara,CGWB,1,Jammu & Kashmir,12,RAJAURI,NOWSHEHRA,NOWSHEHRA,Rumli Dara,-,-,-,-,-,-,33.13611111,74.21666667,25-05-2004 00:00,7.8,447,"",0,231,"",11,"","","","","",165,18,29.2,23,"","","","","","","","","","",""
2410,Rumli Dara,CGWB,1,Jammu & Kashmir,12,RAJAURI,NOWSHEHRA,NOWSHEHRA,Rumli Dara,-,-,-,-,-,-,33.13611111,74.21666667,25-05-2005 00:00,7.85,351,"",0,185,"",7,"","","","","",180,14,35.27,11,"","","","","","","","","","",""
2411,Rumli Dara,CGWB,1,Jammu & Kashmir,12,RAJAURI,NOWSHEHRA,NOWSHEHRA,Rumli Dara,-,-,-,-,-,-,33.13611111,74.21666667,25-05-2006 00:00,8.2,305,"",0,140,"",14,"","","","","",155,20,25.55,14,"","","","","","","","","","",""
2412,Rumli Dara,CGWB,1,Jammu & Kashmir,12,RAJAURI,NOWSHEHRA,NOWSHEHRA,Rumli Dara,-,-,-,-,-,-,33.13611111,74.21666667,25-05-2007 00:00,8.19,250,"",0,153,"",7,"","","","","",115,20,15.83,16,"","","","","","","","","","",""
2413,Rumli Dara,CGWB,1,Jammu & Kashmir,12,RAJAURI,NOWSHEHRA,NOWSHEHRA,Rumli Dara,-,-,-,-,-,-,33.13611111,74.21666667,25-05-2008 00:00,7.82,393,"",0,207,"",21,"",0,"","","",165,38,17.07,13,"",0.52,"","","","","","","","",""
2414,Rumli Dara,CGWB,1,Jammu & Kashmir,12,RAJAURI,NOWSHEHRA,NOWSHEHRA,Rumli Dara,-,-,-,-,-,-,33.13611111,74.21666667,25-05-2009 00:00,7.8,270,"",0,177,"",7.1,"",5,"","","",135,22,19.48,13,"",0.6,"","","","","","","","",""
2415,Rumli Dara,CGWB,1,Jammu & Kashmir,12,RAJAURI,NOWSHEHRA,NOWSHEHRA,Rumli Dara,-,-,-,-,-,-,33.13611111,74.21666667,25-05-2010 00:00,8.27,290,"",0,159,"",18,"",0,"","","",125,24,15.83,16,"",0.32,"","","","","","","","",""
2416,Rumli Dara,CGWB,1,Jammu & Kashmir,12,RAJAURI,NOWSHEHRA,NOWSHEHRA,Rumli Dara,-,-,-,-,-,-,33.13611111,74.21666667,25-05-2012 00:00,7.24,400,"",0,226,"",11,"",0,"","","",169,38,18,15,"",3.8,"","","","","","","","",""
2417,Rumli Dara,CGWB,1,Jammu & Kashmir,12,RAJAURI,NOWSHEHRA,NOWSHEHRA,Rumli Dara,-,-,-,-,-,-,33.13611111,74.21666667,25-05-2013 00:00,8.14,350,"",0,195,159.8,11,"",1,"","","",140,42,8.5,19,"","","","","","","","","","",""
2418,Rumli Dara,CGWB,1,Jammu & Kashmir,12,RAJAURI,NOWSHEHRA,NOWSHEHRA,Rumli Dara,-,-,-,-,-,-,33.13611111,74.21666667,25-05-2014 00:00,7.66,340,"",0,128,104.92,"","",7,"","","",155,22,24.34,10,"",0.2,"","","","","","","","",""
2419,Rumli Dara,CGWB,1,Jammu & Kashmir,12,RAJAURI,NOWSHEHRA,NOWSHEHRA,Rumli Dara,-,-,-,-,-,-,33.13611111,74.21666667,25-05-2015 00:00,8.28,310,"",0,159,130.33,14,"",10,"","","",130,18,20.69,14,"","","","","","","","","","",""
2420,Rumli Dara,CGWB,1,Jammu & Kashmir,12,RAJAURI,NOWSHEHRA,NOWSHEHRA,Rumli Dara,-,-,-,-,-,-,33.13611111,74.21666667,25-05-2016 00:00,7.48,350,182,0,140,"",14,"",3,"","","",125,18,19,25,"",0,"","","","","","","","",""
2421,Rumli Dara,CGWB,1,Jammu & Kashmir,12,RAJAURI,NOWSHEHRA,NOWSHEHRA,Rumli Dara,-,-,-,-,-,-,33.13611111,74.21666667,30-05-2021 08:00,7.59,810,"",0,262.343,"",134.9,"",12,"","","",240,52,26.7564,79.6,"","","","","","","","","","",""
2422,Sadoh,CGWB,1,Jammu & Kashmir,7,KATHUA,HIRANAGAR,HIRANAGAR,Sadoh,-,-,-,-,-,-,32.47194444,75.12583333,25-05-2000 00:00,8.58,485,"",18,244,"",14,"","","","","",250,72,17.11,"","","","","","","","","","","",""
2423,Sadoh,CGWB,1,Jammu & Kashmir,7,KATHUA,HIRANAGAR,HIRANAGAR,Sadoh,-,-,-,-,-,-,32.47194444,75.12583333,25-05-2003 00:00,7.95,590,"",0,268,"",18,"","","","","",278,80,19,17,"","","","","","","","","","",""
2424,Sadoh,CGWB,1,Jammu & Kashmir,7,KATHUA,HIRANAGAR,HIRANAGAR,Sadoh,-,-,-,-,-,-,32.47194444,75.12583333,25-05-2013 00:00,7.98,710,"",0,427,350,18,"",8,"","","",335,134,0.16,33,"","","","","","","","","","",""
2425,Sadoh,CGWB,1,Jammu & Kashmir,7,KATHUA,HIRANAGAR,HIRANAGAR,Sadoh,-,-,-,-,-,-,32.47194444,75.12583333,25-05-2014 00:00,7.66,720,"",0,256,209.84,25,"",221,"","","",395,84,45.08,45,"",0.2,"","","","","","","","",""
2426,Sadoh,CGWB,1,Jammu & Kashmir,7,KATHUA,HIRANAGAR,HIRANAGAR,Sadoh,-,-,-,-,-,-,32.47194444,75.12583333,25-05-2015 00:00,7.94,540,"",0,299,245.08,14.2,"",11,"","","",250,38,37.73,35.4,"","","","","","","","","","",""
2427,Sadoh,CGWB,1,Jammu & Kashmir,7,KATHUA,HIRANAGAR,HIRANAGAR,Sadoh,-,-,-,-,-,-,32.47194444,75.12583333,25-05-2016 00:00,7.75,710,369.2,0,427,"",35.5,"",-0.24149315,"","","",350,70.14,42.56,34,"",0.18,"","","","","","","","",""
2428,Sadoh,CGWB,1,Jammu & Kashmir,7,KATHUA,HIRANAGAR,HIRANAGAR,Sadoh,-,-,-,-,-,-,32.47194444,75.12583333,30-05-2019 08:00,8.07,420,270,0,185,"",34,"","","","","",217,30,34,32,"","","","","","","","","","",""
2429,Sadoh,CGWB,1,Jammu & Kashmir,7,KATHUA,HIRANAGAR,HIRANAGAR,Sadoh,-,-,-,-,-,-,32.47194444,75.12583333,30-05-2020 08:00,8.07,420,"","",185,"",34,"","","","","","",30,34,32,"","","","","","","","","","",""
2430,Sadoh,CGWB,1,Jammu & Kashmir,7,KATHUA,HIRANAGAR,HIRANAGAR,Sadoh,-,-,-,-,-,-,32.47194444,75.12583333,30-05-2021 08:00,7.8,3930,"",0,1110.2,"",595.56,"",8,"","","",140,32,14.5824,722,"","","","","","","","","","",""
2431,Sagoon,CGWB,1,Jammu & Kashmir,5,JAMMU,SAMBA,SAMBA,Sagoon,-,-,-,-,-,-,32.74722222,75.07722222,30-05-2019 08:00,7.91,500,240,0,609,"",27,"","","","","",217,39,29,55,"","","","","","","","","","",""
2432,Sagoon,CGWB,1,Jammu & Kashmir,5,JAMMU,SAMBA,SAMBA,Sagoon,-,-,-,-,-,-,32.74722222,75.07722222,30-05-2020 08:00,7.91,500,"","",609,"",27,"","","","","","",39,29,55,"","","","","","","","","","",""
2433,Sagoon,CGWB,1,Jammu & Kashmir,5,JAMMU,SAMBA,SAMBA,Sagoon,-,-,-,-,-,-,32.74722222,75.07722222,30-05-2021 08:00,7.7,3250,"",0,512.4,"",602.65,"",112,"","","",540,48,102.0768,348.9,"","","","","","","","","","",""
2434,Saida,CGWB,1,Jammu & Kashmir,7,KATHUA,HIRANAGAR,HIRANAGAR,Saida,-,-,-,-,-,-,32.55111111,75.29250000,30-05-2019 08:00,7.78,450,204,0,225,"",34,"","","","","",217,74,8,36,"","","","","","","","","","",""
2435,Saida,CGWB,1,Jammu & Kashmir,7,KATHUA,HIRANAGAR,HIRANAGAR,Saida,-,-,-,-,-,-,32.55111111,75.29250000,30-05-2020 08:00,7.78,450,"","",225,"",34,"","","","","","",74,8,36,"","","","","","","","","","",""
2436,Sajwal,CGWB,1,Jammu & Kashmir,5,JAMMU,AKHNOOR,AKHNOOR,Sajwal,-,-,-,-,-,-,32.79222222,74.59277778,25-05-2013 00:00,8.01,390,"",0,165,135.3,14,"",11,"","","",160,38,15.85,4,"",0.25,"","","","","","","","",""
2437,Sajwal,CGWB,1,Jammu & Kashmir,5,JAMMU,AKHNOOR,AKHNOOR,Sajwal,-,-,-,-,-,-,32.79222222,74.59277778,25-05-2014 00:00,7.6,240,"",0,138,113.11,11,"",0,"","","",110,20,14.61,3.8,"",0.62,"","","","","","","","",""
2438,Sajwal,CGWB,1,Jammu & Kashmir,5,JAMMU,AKHNOOR,AKHNOOR,Sajwal,-,-,-,-,-,-,32.79222222,74.59277778,25-05-2015 00:00,8.11,300,"",0,177,145.08,7.1,"",14,"","","",155,24,23.13,3.5,"",0.37,"","","","","","","","",""
2439,Sajwal,CGWB,1,Jammu & Kashmir,5,JAMMU,AKHNOOR,AKHNOOR,Sajwal,-,-,-,-,-,-,32.79222222,74.59277778,25-05-2016 00:00,7.84,432,224.64,0,280.6,"",7.1,"",32.282547,"","","",254.665,62.124,24.238527,4.4,"",2.76,"","","","","","","","",""
2440,Sajwal,CGWB,1,Jammu & Kashmir,5,JAMMU,AKHNOOR,AKHNOOR,Sajwal,-,-,-,-,-,-,32.79222222,74.59277778,30-05-2019 08:00,7.22,1300,252,0,318,"",136,"","","","","",597,91,90,97,"","","","","","","","","","",""
2441,Sajwal,CGWB,1,Jammu & Kashmir,5,JAMMU,AKHNOOR,AKHNOOR,Sajwal,-,-,-,-,-,-,32.79222222,74.59277778,30-05-2020 08:00,7.22,1300,"","",318,"",136,"","","","","","",91,90,97,"","","","","","","","","","",""
2442,Sajwal,CGWB,1,Jammu & Kashmir,5,JAMMU,AKHNOOR,AKHNOOR,Sajwal,-,-,-,-,-,-,32.79222222,74.59277778,30-05-2021 08:00,7.4,2830,"",0,408.834,"",655.825,"",48,"","","",840,84,153.1152,276,"","","","","","","","","","",""
2443,Salabra,CGWB,1,Jammu & Kashmir,14,UDHAMPUR,RAMNAGAR,RAMNAGAR,Salabra,-,-,-,-,-,-,32.71666667,75.17500000,25-05-2000 00:00,8.15,332,"",0,165,"",21,"","","","","",150,52,4.93,"","","","","","","","","","","",""
2444,Salabra,CGWB,1,Jammu & Kashmir,14,UDHAMPUR,RAMNAGAR,RAMNAGAR,Salabra,-,-,-,-,-,-,32.71666667,75.17500000,25-05-2001 00:00,7.32,420,"",0,261,"",14,"","","","","",204,59,13.81,25,"","","","","","","","","","",""
2445,Salabra,CGWB,1,Jammu & Kashmir,14,UDHAMPUR,RAMNAGAR,RAMNAGAR,Salabra,-,-,-,-,-,-,32.71666667,75.17500000,25-05-2002 00:00,7.48,595,"",0,275,"",17,"","","","","",233,71,13.58,22,"",2.7,"","","","","","","","",""
2446,Salabra,CGWB,1,Jammu & Kashmir,14,UDHAMPUR,RAMNAGAR,RAMNAGAR,Salabra,-,-,-,-,-,-,32.71666667,75.17500000,25-05-2003 00:00,7.6,455,"",0,264,"",14,"","","","","",238,74,12.98,13,"","","","","","","","","","",""
2447,Salabra,CGWB,1,Jammu & Kashmir,14,UDHAMPUR,RAMNAGAR,RAMNAGAR,Salabra,-,-,-,-,-,-,32.71666667,75.17500000,25-05-2005 00:00,8.03,470,"",0,233,"",11,"","","","","",255,58,26.81,12,"","","","","","","","","","",""
2448,Salabra,CGWB,1,Jammu & Kashmir,14,UDHAMPUR,RAMNAGAR,RAMNAGAR,Salabra,-,-,-,-,-,-,32.71666667,75.17500000,25-05-2006 00:00,7.6,410,"",0,220,"",18,"","","","","",180,44,17.07,14,"","","","","","","","","","",""
2449,Salabra,CGWB,1,Jammu & Kashmir,14,UDHAMPUR,RAMNAGAR,RAMNAGAR,Salabra,-,-,-,-,-,-,32.71666667,75.17500000,25-05-2007 00:00,7.8,378,"",0,232,"",11,"","","","","",190,34,25.57,10,"","","","","","","","","","",""
2450,Salabra,CGWB,1,Jammu & Kashmir,14,UDHAMPUR,RAMNAGAR,RAMNAGAR,Salabra,-,-,-,-,-,-,32.71666667,75.17500000,25-05-2008 00:00,7.5,547,"",0,317,"",14,"",0,"","","",250,66,20.75,13,"",0.73,"","","","","","","","",""
2451,Salabra,CGWB,1,Jammu & Kashmir,14,UDHAMPUR,RAMNAGAR,RAMNAGAR,Salabra,-,-,-,-,-,-,32.71666667,75.17500000,25-05-2009 00:00,7.9,370,"",0,171,"",11,"",30,"","","",170,50,11,11,"",0.6,"","","","","","","","",""
2452,Salabra,CGWB,1,Jammu & Kashmir,14,UDHAMPUR,RAMNAGAR,RAMNAGAR,Salabra,-,-,-,-,-,-,32.71666667,75.17500000,25-05-2010 00:00,8.25,420,"",0,275,"",11,"",0,"","","",85,8,15.81,72,"",0.22,"","","","","","","","",""
2453,Salabra,CGWB,1,Jammu & Kashmir,14,UDHAMPUR,RAMNAGAR,RAMNAGAR,Salabra,-,-,-,-,-,-,32.71666667,75.17500000,25-05-2012 00:00,7.3,400,"",0,244,"",11,"",0,"","","",138,34,13,9.9,"",0.3,"","","","","","","","",""
2454,Salabra,CGWB,1,Jammu & Kashmir,14,UDHAMPUR,RAMNAGAR,RAMNAGAR,Salabra,-,-,-,-,-,-,32.71666667,75.17500000,25-05-2013 00:00,8.44,320,"",6,128,114.9,21,"",0,"","","",155,34,24,11,"",0.01,"","","","","","","","",""
2455,Salabra,CGWB,1,Jammu & Kashmir,14,UDHAMPUR,RAMNAGAR,RAMNAGAR,Salabra,-,-,-,-,-,-,32.71666667,75.17500000,25-05-2014 00:00,7.8,300,"",0,140,114.75,25,"",13,"","","",140,26,18.27,11,"",0.36,"","","","","","","","",""
2456,Salabra,CGWB,1,Jammu & Kashmir,14,UDHAMPUR,RAMNAGAR,RAMNAGAR,Salabra,-,-,-,-,-,-,32.71666667,75.17500000,25-05-2015 00:00,8.22,250,"",0,140,114.75,11,"",4,"","","",115,20,15.83,9,"",1.01,"","","","","","","","",""
2457,Salabra,CGWB,1,Jammu & Kashmir,14,UDHAMPUR,RAMNAGAR,RAMNAGAR,Salabra,-,-,-,-,-,-,32.71666667,75.17500000,25-05-2016 00:00,7.48,450,234,0,220,"",11,"",29.72999,"","","",200,44,22,12,"",0.03,"","","","","","","","",""
2458,Salabra,CGWB,1,Jammu & Kashmir,14,UDHAMPUR,RAMNAGAR,RAMNAGAR,Salabra,-,-,-,-,-,-,32.71666667,75.17500000,30-05-2019 08:00,7.6,340,456,0,252,"",7,"","","","","",206,48,21,14,"","","","","","","","","","",""
2459,Salabra,CGWB,1,Jammu & Kashmir,14,UDHAMPUR,RAMNAGAR,RAMNAGAR,Salabra,-,-,-,-,-,-,32.71666667,75.17500000,30-05-2020 08:00,7.6,340,"","",252,"",7,"","","","","","",48,21,14,"","","","","","","","","","",""
2460,Salabra,CGWB,1,Jammu & Kashmir,14,UDHAMPUR,RAMNAGAR,RAMNAGAR,Salabra,-,-,-,-,-,-,32.71666667,75.17500000,30-05-2021 08:00,7.6,2520,"",0,500.2,"",389.95,"",155,"","","",945,36,207.7992,152,"","","","","","","","","","",""
2461,Salehar,CGWB,1,Jammu & Kashmir,5,JAMMU,BISHNA,BISHNA,Salehar,-,-,-,-,-,-,32.56055556,74.82194444,25-05-2000 00:00,7.85,2345,"",0,779,"",188,"","","","","",532,107,64.44,170,"","","","","","","","","","",""
2462,Salehar,CGWB,1,Jammu & Kashmir,5,JAMMU,BISHNA,BISHNA,Salehar,-,-,-,-,-,-,32.56055556,74.82194444,25-05-2001 00:00,7.78,970,"",0,456,"",66,"","","","","",395,104,32.95,57,"","","","","","","","","","",""
2463,Salehar,CGWB,1,Jammu & Kashmir,5,JAMMU,BISHNA,BISHNA,Salehar,-,-,-,-,-,-,32.56055556,74.82194444,25-05-2003 00:00,7.5,2400,"",0,751,"",202,"","","","","",490,108,53.62,120,"","","","","","","","","","",""
2464,Salehar,CGWB,1,Jammu & Kashmir,5,JAMMU,BISHNA,BISHNA,Salehar,-,-,-,-,-,-,32.56055556,74.82194444,25-05-2004 00:00,7.65,950,"",0,397,"",50,"","","","","",380,94,35.37,40,"","","","","","","","","","",""
2465,Salehar,CGWB,1,Jammu & Kashmir,5,JAMMU,BISHNA,BISHNA,Salehar,-,-,-,-,-,-,32.56055556,74.82194444,25-05-2006 00:00,7.95,1365,"",0,598,"",110,"","","","","",582,145,53.54,53,"","","","","","","","","","",""
2466,Salehar,CGWB,1,Jammu & Kashmir,5,JAMMU,BISHNA,BISHNA,Salehar,-,-,-,-,-,-,32.56055556,74.82194444,25-05-2007 00:00,8.5,1400,"",18,604,"",128,"","","","","",570,138,54.87,78,"","","","","","","","","","",""
2467,Salehar,CGWB,1,Jammu & Kashmir,5,JAMMU,BISHNA,BISHNA,Salehar,-,-,-,-,-,-,32.56055556,74.82194444,25-05-2009 00:00,7.49,1710,"",0,634,"",99,"",88,"","","",410,80,51.15,84,"",1.02,"","","","","","","","",""
2468,Salehar,CGWB,1,Jammu & Kashmir,5,JAMMU,BISHNA,BISHNA,Salehar,-,-,-,-,-,-,32.56055556,74.82194444,25-05-2013 00:00,8.22,1580,"",0,720,590.2,71,"",133,"","","",310,42,49.89,255,"",0.36,"","","","","","","","",""
2469,Salehar,CGWB,1,Jammu & Kashmir,5,JAMMU,BISHNA,BISHNA,Salehar,-,-,-,-,-,-,32.56055556,74.82194444,25-05-2014 00:00,7.45,1800,"",0,610,500,78,"",256,"","","",290,30,52,107,"",3.07,"","","","","","","","",""
2470,Salehar,CGWB,1,Jammu & Kashmir,5,JAMMU,BISHNA,BISHNA,Salehar,-,-,-,-,-,-,32.56055556,74.82194444,25-05-2015 00:00,7.82,480,"",0,244,200,14.2,"",14,"","","",200,58,13.44,16,"","","","","","","","","","",""
2471,Salehar,CGWB,1,Jammu & Kashmir,5,JAMMU,BISHNA,BISHNA,Salehar,-,-,-,-,-,-,32.56055556,74.82194444,25-05-2016 00:00,7.46,1130,587.6,0,646.6,"",21.3,"",103.47094,"","","",380,40.08,68.096,69.7,"",1.49,"","","","","","","","",""
2472,Salehar II,CGWB,1,Jammu & Kashmir,5,JAMMU,BISHNA,BISHNA,Salehar,-,-,-,-,-,-,32.56027778,74.81805556,30-05-2021 08:00,7.9,972,"",0,341.6,"",106.35,"",16,"","","",290,88,17.0128,77.2,"","","","","","","","","","",""
2473,Sallan,CGWB,1,Jammu & Kashmir,7,KATHUA,BILLAWAR,BILLAWAR,Sallan,-,-,-,-,-,-,32.62611111,75.35305556,25-05-2000 00:00,7.9,785,"",0,250,"",90,"","","","","",292,71,27.92,"","","","","","","","","","","",""
2474,Sallan,CGWB,1,Jammu & Kashmir,7,KATHUA,BILLAWAR,BILLAWAR,Sallan,-,-,-,-,-,-,32.62611111,75.35305556,25-05-2001 00:00,7.9,818,"",0,427,"",85,"","","","","",455,134,29.34,47,"","","","","","","","","","",""
2475,Sallan,CGWB,1,Jammu & Kashmir,7,KATHUA,BILLAWAR,BILLAWAR,Sallan,-,-,-,-,-,-,32.62611111,75.35305556,25-05-2002 00:00,7.9,1070,"",0,420,"",95,"","","","","",403,140,13,64,"",0.14,"","","","","","","","",""
2476,Sallan,CGWB,1,Jammu & Kashmir,7,KATHUA,BILLAWAR,BILLAWAR,Sallan,-,-,-,-,-,-,32.62611111,75.35305556,25-05-2003 00:00,7.8,860,"",0,250,"",82,"","","","","",330,84,29.28,42,"","","","","","","","","","",""
2477,Sallan,CGWB,1,Jammu & Kashmir,7,KATHUA,BILLAWAR,BILLAWAR,Sallan,-,-,-,-,-,-,32.62611111,75.35305556,25-05-2004 00:00,7.7,750,"",0,189,"",85,"","","","","",255,66,21.96,44,"","","","","","","","","","",""
2478,Sallan,CGWB,1,Jammu & Kashmir,7,KATHUA,BILLAWAR,BILLAWAR,Sallan,-,-,-,-,-,-,32.62611111,75.35305556,25-05-2005 00:00,7.97,805,"",0,196,"",76,"","","","","",279,73,23.55,38,"","","","","","","","","","",""
2479,Sallan,CGWB,1,Jammu & Kashmir,7,KATHUA,BILLAWAR,BILLAWAR,Sallan,-,-,-,-,-,-,32.62611111,75.35305556,25-05-2006 00:00,8.68,545,"",30,65,"",117,"","","","","",140,24,19.48,51,"","","","","","","","","","",""
2480,Sallan,CGWB,1,Jammu & Kashmir,7,KATHUA,BILLAWAR,BILLAWAR,Sallan,-,-,-,-,-,-,32.62611111,75.35305556,25-05-2007 00:00,8.5,808,"",18,85,"",142,"","","","","",270,54,32.89,51,"","","","","","","","","","",""
2481,Sallan,CGWB,1,Jammu & Kashmir,7,KATHUA,BILLAWAR,BILLAWAR,Sallan,-,-,-,-,-,-,32.62611111,75.35305556,25-05-2008 00:00,7.59,1246,"",0,360,"",163,"",26,"","","",480,164,17.22,54,"",1.63,"","","","","","","","",""
2482,Sallan,CGWB,1,Jammu & Kashmir,7,KATHUA,BILLAWAR,BILLAWAR,Sallan,-,-,-,-,-,-,32.62611111,75.35305556,25-05-2009 00:00,7.6,830,"",0,201,"",78,"",82,"","","",315,66,36.55,51,"",0.17,"","","","","","","","",""
2483,Salote,CGWB,1,Jammu & Kashmir,12,RAJAURI,SUNDERBANI,SUNDERBANI,Salote,-,-,-,-,-,-,33.05000000,74.52444444,25-05-2015 00:00,8.3,520,"",6,275,235.41,25,"",2,"","","",205,22,36.5,29,"",2.18,"","","","","","","","",""
2484,Salote,CGWB,1,Jammu & Kashmir,12,RAJAURI,SUNDERBANI,SUNDERBANI,Salote,-,-,-,-,-,-,33.05000000,74.52444444,30-05-2019 08:00,8.23,550,282,0,265,"",34,"","","","","",250,61,24,15,"","","","","","","","","","",""
2485,Salote,CGWB,1,Jammu & Kashmir,12,RAJAURI,SUNDERBANI,SUNDERBANI,Salote,-,-,-,-,-,-,33.05000000,74.52444444,30-05-2020 08:00,8.23,550,"","",265,"",34,"","","","","","",61,24,15,"","","","","","","","","","",""
2486,Salote,CGWB,1,Jammu & Kashmir,12,RAJAURI,SUNDERBANI,SUNDERBANI,Salote,-,-,-,-,-,-,33.05000000,74.52444444,30-05-2021 08:00,7.3,3580,"",0,280.6,"",723.18,"",200,"","","",910,148,131.2416,269,"","","","","","","","","","",""
2487,Samba,CGWB,1,Jammu & Kashmir,5,JAMMU,SAMBA,SAMBA,Samba,-,-,-,-,-,-,32.55750000,75.11916667,25-05-2000 00:00,7.9,790,"",0,176,"",104,"","","","","",252,72,17.59,61,"","","","","","","","","","",""
2488,Samba,CGWB,1,Jammu & Kashmir,5,JAMMU,SAMBA,SAMBA,Samba,-,-,-,-,-,-,32.55750000,75.11916667,25-05-2001 00:00,8.01,740,"",0,153,"",110,"","","","","",285,82,19.55,60,"","","","","","","","","","",""
2489,Samba,CGWB,1,Jammu & Kashmir,5,JAMMU,SAMBA,SAMBA,Samba,-,-,-,-,-,-,32.55750000,75.11916667,25-05-2002 00:00,7.5,1040,"",0,384,"",98,"","","","","",406,145,10.75,68,"",0.37,"","","","","","","","",""
2490,Samba,CGWB,1,Jammu & Kashmir,5,JAMMU,SAMBA,SAMBA,Samba,-,-,-,-,-,-,32.55750000,75.11916667,25-05-2003 00:00,7.7,1300,"",0,336,"",128,"","","","","",475,178,7.51,80,"","","","","","","","","","",""
2491,Samba,CGWB,1,Jammu & Kashmir,5,JAMMU,SAMBA,SAMBA,Samba,-,-,-,-,-,-,32.55750000,75.11916667,25-05-2004 00:00,7.9,1160,"",0,391,"",121,"","","","","",475,174,9.94,67,"","","","","","","","","","",""
2492,Samba,CGWB,1,Jammu & Kashmir,5,JAMMU,SAMBA,SAMBA,Samba,-,-,-,-,-,-,32.55750000,75.11916667,25-05-2005 00:00,7.47,1340,"",0,397,"",131,"","","","","",471,163,15.64,60,"","","","","","","","","","",""
2493,Samba,CGWB,1,Jammu & Kashmir,5,JAMMU,SAMBA,SAMBA,Samba,-,-,-,-,-,-,32.55750000,75.11916667,25-05-2006 00:00,7.45,1000,"",0,177,"",149,"","","","","",342,102,21.28,70,"","","","","","","","","","",""
2494,Samba,CGWB,1,Jammu & Kashmir,5,JAMMU,SAMBA,SAMBA,Samba,-,-,-,-,-,-,32.55750000,75.11916667,25-05-2007 00:00,7.35,1070,"",0,244,"",195,"","","","","",335,110,14.72,108,"","","","","","","","","","",""
2495,Samba,CGWB,1,Jammu & Kashmir,5,JAMMU,SAMBA,SAMBA,Samba,-,-,-,-,-,-,32.55750000,75.11916667,25-05-2008 00:00,7.48,1290,"",0,451,"",156,"",8,"","","",440,160,9.92,98,"",0.03,"","","","","","","","",""
2496,Samba,CGWB,1,Jammu & Kashmir,5,JAMMU,SAMBA,SAMBA,Samba,-,-,-,-,-,-,32.55750000,75.11916667,25-05-2009 00:00,7.69,1005,"",0,281,"",107,"",55,"","","",350,116,14.73,80,"",0.15,"","","","","","","","",""
2497,Samba,CGWB,1,Jammu & Kashmir,5,JAMMU,SAMBA,SAMBA,Samba,-,-,-,-,-,-,32.55750000,75.11916667,25-05-2010 00:00,7.8,860,"",0,214,"",128,"",24,"","","",275,80,18.33,76,"",0.25,"","","","","","","","",""
2498,Samba,CGWB,1,Jammu & Kashmir,5,JAMMU,SAMBA,SAMBA,Samba,-,-,-,-,-,-,32.55750000,75.11916667,25-05-2012 00:00,8.42,1270,"",6,348,"",128,"",24,"","","",466,124,38,74,"",0.24,"","","","","","","","",""
2499,Samba,CGWB,1,Jammu & Kashmir,5,JAMMU,SAMBA,SAMBA,Samba,-,-,-,-,-,-,32.55750000,75.11916667,25-05-2013 00:00,8,810,"",0,201,164.8,71,"",66,"","","",220,66,13.45,82,"","","","","","","","","","",""
2500,Samba,CGWB,1,Jammu & Kashmir,5,JAMMU,SAMBA,SAMBA,Samba,-,-,-,-,-,-,32.55750000,75.11916667,25-05-2014 00:00,7.1,1170,"",0,451,369.67,114,"",3,"","","",345,92,28.07,83,"",0.1,"","","","","","","","",""
2501,Samba,CGWB,1,Jammu & Kashmir,5,JAMMU,SAMBA,SAMBA,Samba,-,-,-,-,-,-,32.55750000,75.11916667,25-05-2015 00:00,7.9,680,"",0,153,125.41,39.1,"",67,"","","",170,50,11,73.2,"",0.03,"","","","","","","","",""
2502,Samba,CGWB,1,Jammu & Kashmir,5,JAMMU,SAMBA,SAMBA,Samba,-,-,-,-,-,-,32.55750000,75.11916667,25-05-2016 00:00,7.45,1300,676,0,219.6,"",60.35,"",14.800475,"","","",185,72.144,2.432,91.8,"",0.12,"","","","","","","","",""
2503,Samba,CGWB,1,Jammu & Kashmir,5,JAMMU,SAMBA,SAMBA,Samba,-,-,-,-,-,-,32.55750000,75.11916667,30-05-2019 08:00,7.5,760,174,0,371,"",82,"","","","","",282,109,3,81,"","","","","","","","","","",""
2504,Samba,CGWB,1,Jammu & Kashmir,5,JAMMU,SAMBA,SAMBA,Samba,-,-,-,-,-,-,32.55750000,75.11916667,30-05-2020 08:00,7.5,760,"","",371,"",82,"","","","","","",109,3,81,"","","","","","","","","","",""
2505,Sambura-Kokapura,CGWB,1,Jammu & Kashmir,11,PULWAMA,PULWAMA,PULWAMA,Sambura-Kokapura,-,-,-,-,-,-,33.95638889,74.92555556,25-05-2012 00:00,8.19,290,"",0,146,"",25,"",0,"","","",128,20,19,15,"","","","","","","","","","",""
2506,Sambura-Kokapura,CGWB,1,Jammu & Kashmir,11,PULWAMA,PULWAMA,PULWAMA,Sambura-Kokapura,-,-,-,-,-,-,33.95638889,74.92555556,25-05-2013 00:00,7.94,410,"",0,214,175.4,14,"",10,"","","",195,72,3.73,6.7,"","","","","","","","","","",""
2507,Sambura-Kokapura,CGWB,1,Jammu & Kashmir,11,PULWAMA,PULWAMA,PULWAMA,Sambura-Kokapura,-,-,-,-,-,-,33.95638889,74.92555556,25-05-2014 00:00,7.8,300,"",0,128,104.92,25,"",12,"","","",130,36,9.77,11,"",0.29,"","","","","","","","",""
2508,Sambura-Kokapura,CGWB,1,Jammu & Kashmir,11,PULWAMA,PULWAMA,PULWAMA,Sambura-Kokapura,-,-,-,-,-,-,33.95638889,74.92555556,25-05-2015 00:00,8.25,290,"",0,128,104.92,24.4,"",17,"","","",105,28,8.54,25.2,"",0.27,"","","","","","","","",""
2509,Sambura-Kokapura,CGWB,1,Jammu & Kashmir,11,PULWAMA,PULWAMA,PULWAMA,Sambura-Kokapura,-,-,-,-,-,-,33.95638889,74.92555556,25-05-2016 00:00,7.45,350,182,0,165,"",14,"",40.542698,"","","",165,36,18,16,"",0,"","","","","","","","",""
2510,Sandhwan,CGWB,1,Jammu & Kashmir,5,JAMMU,JAMMU,JAMMU,Sandhwan,-,-,-,-,-,-,32.70972222,74.71416667,25-05-2013 00:00,8.07,620,"",0,232,190.2,43,"",88,"","","",250,24,46,41,"",0.33,"","","","","","","","",""
2511,Sandhwan,CGWB,1,Jammu & Kashmir,5,JAMMU,JAMMU,JAMMU,Sandhwan,-,-,-,-,-,-,32.70972222,74.71416667,25-05-2014 00:00,7.2,620,"",0,278,227.87,36,"",21,"","","",315,98,17,13,"",0.1,"","","","","","","","",""
2512,Sandhwan,CGWB,1,Jammu & Kashmir,5,JAMMU,JAMMU,JAMMU,Sandhwan,-,-,-,-,-,-,32.70972222,74.71416667,25-05-2015 00:00,8.3,370,"",6,153,135.41,14.2,"",1,"","","",145,18,24.34,10.3,"",0.39,"","","","","","","","",""
2513,Sandhwan,CGWB,1,Jammu & Kashmir,5,JAMMU,JAMMU,JAMMU,Sandhwan,-,-,-,-,-,-,32.70972222,74.71416667,25-05-2016 00:00,7.65,725,377,0,427,"",14.2,"",47.19935,"","","",307.52,44.088,48.036865,36.8,"",0,"","","","","","","","",""
2514,Sandhwan,CGWB,1,Jammu & Kashmir,5,JAMMU,JAMMU,JAMMU,Sandhwan,-,-,-,-,-,-,32.70972222,74.71416667,30-05-2019 08:00,8.29,450,252,0,159,"",34,"","","","","",195,57,13,16.1,"","","","","","","","","","",""
2515,Sandhwan,CGWB,1,Jammu & Kashmir,5,JAMMU,JAMMU,JAMMU,Sandhwan,-,-,-,-,-,-,32.70972222,74.71416667,30-05-2020 08:00,8.29,450,"","",159,"",34,"","","","","","",57,13,16.1,"","","","","","","","","","",""
2516,Sandhwan,CGWB,1,Jammu & Kashmir,5,JAMMU,JAMMU,JAMMU,Sandhwan,-,-,-,-,-,-,32.70972222,74.71416667,30-05-2021 08:00,7.9,1621,"",0,500.2,"",106.35,"",158,"","","",290,44,43.7472,221,"","","","","","","","","","",""
2517,Sangrama,CGWB,1,Jammu & Kashmir,3,BARAMULA,BARAMULA,BARAMULA,Sangrama,-,-,-,-,-,-,34.24333333,74.43027778,25-05-2012 00:00,8.1,600,"",0,311,"",21,"",25,"","","",289,88,17,16,"","","","","","","","","","",""
2518,Sangrama,CGWB,1,Jammu & Kashmir,3,BARAMULA,BARAMULA,BARAMULA,Sangrama,-,-,-,-,-,-,34.24333333,74.43027778,25-05-2013 00:00,7.73,570,"",0,287,235.3,21,"",33,"","","",296,88,18.58,18,"",0.17,"","","","","","","","",""
2519,Sangrama,CGWB,1,Jammu & Kashmir,3,BARAMULA,BARAMULA,BARAMULA,Sangrama,-,-,-,-,-,-,34.24333333,74.43027778,25-05-2014 00:00,7.53,640,"",0,329,269.67,39,"",0,"","","",305,92,18.35,17.6,"",0.45,"","","","","","","","",""
2520,Sangrama,CGWB,1,Jammu & Kashmir,3,BARAMULA,BARAMULA,BARAMULA,Sangrama,-,-,-,-,-,-,34.24333333,74.43027778,25-05-2015 00:00,8.15,460,"",0,153,125.41,45.2,"",49,"","","",190,36,24.36,29,"",0.02,"","","","","","","","",""
2521,Sangrama,CGWB,1,Jammu & Kashmir,3,BARAMULA,BARAMULA,BARAMULA,Sangrama,-,-,-,-,-,-,34.24333333,74.43027778,25-05-2016 00:00,8.11,390,202.8,0,140,"",18,"",35.622517,"","","",150,22,23,16,"",0,"","","","","","","","",""
2522,Sangrama,CGWB,1,Jammu & Kashmir,3,BARAMULA,BARAMULA,BARAMULA,Sangrama,-,-,-,-,-,-,34.24333333,74.43027778,30-05-2019 08:00,7.24,160,270,0,119,"",7,"","","","","",109,22,13,4.1,"","","","","","","","","","",""
2523,Sangrama,CGWB,1,Jammu & Kashmir,3,BARAMULA,BARAMULA,BARAMULA,Sangrama,-,-,-,-,-,-,34.24333333,74.43027778,30-05-2020 08:00,7.24,160,"","",119,"",7,"","","","","","",22,13,4.1,"","","","","","","","","","",""
2524,Sangrama,CGWB,1,Jammu & Kashmir,3,BARAMULA,BARAMULA,BARAMULA,Sangrama,-,-,-,-,-,-,34.24333333,74.43027778,30-05-2021 08:00,7.87,3255,"",0,439.2,"",695.8,"",56,"","","",680,168,63.232,350,"","","","","","","","","","",""
2525,Sanoora,CGWB,1,Jammu & Kashmir,7,KATHUA,HIRANAGAR,HIRANAGAR,Sanoora,-,-,-,-,-,-,32.48777778,75.17777778,25-05-2013 00:00,8.36,230,"",12,104,105.3,3.6,"",12,"","","",105,26,9.76,8.2,"","","","","","","","","","",""
2526,Sanoora,CGWB,1,Jammu & Kashmir,7,KATHUA,HIRANAGAR,HIRANAGAR,Sanoora,-,-,-,-,-,-,32.48777778,75.17777778,25-05-2014 00:00,8.1,240,"",0,159,130.33,11,"",0,"","","",125,34,9.6,8.5,"",0.72,"","","","","","","","",""
2527,Sanoora,CGWB,1,Jammu & Kashmir,7,KATHUA,HIRANAGAR,HIRANAGAR,Sanoora,-,-,-,-,-,-,32.48777778,75.17777778,25-05-2015 00:00,8.01,230,"",0,140,114.75,39.1,"",0,"","","",145,20,23.12,9.1,"",0.09,"","","","","","","","",""
2528,Sanoora,CGWB,1,Jammu & Kashmir,7,KATHUA,HIRANAGAR,HIRANAGAR,Sanoora,-,-,-,-,-,-,32.48777778,75.17777778,25-05-2016 00:00,7.53,390,202.8,0,231.8,"",7.1,"",13.895204,"","","",195,30.06,29.184,8.9,"",0.12,"","","","","","","","",""
2529,Sanoora,CGWB,1,Jammu & Kashmir,7,KATHUA,HIRANAGAR,HIRANAGAR,Sanoora,-,-,-,-,-,-,32.48777778,75.17777778,30-05-2019 08:00,7.46,290,198,0,212,"",14,"","","","","",163,48,11,11,"","","","","","","","","","",""
2530,Sanoora,CGWB,1,Jammu & Kashmir,7,KATHUA,HIRANAGAR,HIRANAGAR,Sanoora,-,-,-,-,-,-,32.48777778,75.17777778,30-05-2020 08:00,7.46,290,"","",212,"",14,"","","","","","",48,11,11,"","","","","","","","","","",""
2531,Sanoora,CGWB,1,Jammu & Kashmir,7,KATHUA,HIRANAGAR,HIRANAGAR,Sanoora,-,-,-,-,-,-,32.48777778,75.17777778,30-05-2021 08:00,7.55,443,"",0,128.121,"",56.8,"",54.2,"","","",190,24,31.6212,16.9,"","","","","","","","","","",""
2532,Sasalkot,CGWB,1,Jammu & Kashmir,12,RAJAURI,RAJAURI,RAJAURI,Sasalkot,-,-,-,-,-,-,33.32777778,74.24166667,25-05-2000 00:00,8.25,245,"",0,128,"",17,"","","","","",110,24,12.19,"","","","","","","","","","","",""
2533,Sasalkot,CGWB,1,Jammu & Kashmir,12,RAJAURI,RAJAURI,RAJAURI,Sasalkot,-,-,-,-,-,-,33.32777778,74.24166667,25-05-2001 00:00,7.81,550,"",0,330,"",21,"","","","","",300,100,12.28,11,"","","","","","","","","","",""
2534,Sasalkot,CGWB,1,Jammu & Kashmir,12,RAJAURI,RAJAURI,RAJAURI,Sasalkot,-,-,-,-,-,-,33.32777778,74.24166667,25-05-2003 00:00,7.64,551,"",0,250,"",35,"","","","","",265,72,20.75,2,"","","","","","","","","","",""
2535,Sasalkot,CGWB,1,Jammu & Kashmir,12,RAJAURI,RAJAURI,RAJAURI,Sasalkot,-,-,-,-,-,-,33.32777778,74.24166667,25-05-2004 00:00,8.18,593,"",0,299,"",21,"","","","","",230,36,34.08,23,"","","","","","","","","","",""
2536,Sasalkot,CGWB,1,Jammu & Kashmir,12,RAJAURI,RAJAURI,RAJAURI,Sasalkot,-,-,-,-,-,-,33.32777778,74.24166667,25-05-2005 00:00,7.91,600,"",0,286,"",14,"","","","","",270,18,54.73,26,"","","","","","","","","","",""
2537,Sasalkot,CGWB,1,Jammu & Kashmir,12,RAJAURI,RAJAURI,RAJAURI,Sasalkot,-,-,-,-,-,-,33.32777778,74.24166667,25-05-2006 00:00,8,460,"",0,238,"",25,"","","","","",220,62,15.88,6.8,"","","","","","","","","","",""
2538,Sasalkot,CGWB,1,Jammu & Kashmir,12,RAJAURI,RAJAURI,RAJAURI,Sasalkot,-,-,-,-,-,-,33.32777778,74.24166667,25-05-2007 00:00,8.12,346,"",0,165,"",36,"","","","","",170,40,17.07,9.6,"","","","","","","","","","",""
2539,Sasalkot,CGWB,1,Jammu & Kashmir,12,RAJAURI,RAJAURI,RAJAURI,Sasalkot,-,-,-,-,-,-,33.32777778,74.24166667,25-05-2008 00:00,7.2,625,"",0,336,"",25,"",9,"","","",290,92,14.7,7.6,"",4.35,"","","","","","","","",""
2540,Sasalkot,CGWB,1,Jammu & Kashmir,12,RAJAURI,RAJAURI,RAJAURI,Sasalkot,-,-,-,-,-,-,33.32777778,74.24166667,25-05-2009 00:00,7.7,560,"",0,336,"",18,"",0.01,"","","",280,86,15.91,11,"",0.35,"","","","","","","","",""
2541,Sasalkot,CGWB,1,Jammu & Kashmir,12,RAJAURI,RAJAURI,RAJAURI,Sasalkot,-,-,-,-,-,-,33.32777778,74.24166667,25-05-2010 00:00,8.45,210,"",6,85,"",14,"",0,"","","",90,18,10.96,7.6,"",0.79,"","","","","","","","",""
2542,Satwari,CGWB,1,Jammu & Kashmir,5,JAMMU,JAMMU,JAMMU,Satwari,-,-,-,-,-,-,32.68888889,74.84583333,25-05-2000 00:00,8.25,662,"",0,327,"",69,"","","","","",309,82,25.39,40,"","","","","","","","","","",""
2543,Satwari,CGWB,1,Jammu & Kashmir,5,JAMMU,JAMMU,JAMMU,Satwari,-,-,-,-,-,-,32.68888889,74.84583333,25-05-2001 00:00,8.07,590,"",0,308,"",31,"","","","","",315,78,29.27,19,"","","","","","","","","","",""
2544,Satwari,CGWB,1,Jammu & Kashmir,5,JAMMU,JAMMU,JAMMU,Satwari,-,-,-,-,-,-,32.68888889,74.84583333,25-05-2002 00:00,7.9,590,"",0,336,"",24,"","","","","",317,85,25.51,20,"","","","","","","","","","",""
2545,Satwari,CGWB,1,Jammu & Kashmir,5,JAMMU,JAMMU,JAMMU,Satwari,-,-,-,-,-,-,32.68888889,74.84583333,25-05-2003 00:00,7.75,590,"",0,256,"",28,"","","","","",266,64.43,25.61,18,"","","","","","","","","","",""
2546,Satwari,CGWB,1,Jammu & Kashmir,5,JAMMU,JAMMU,JAMMU,Satwari,-,-,-,-,-,-,32.68888889,74.84583333,25-05-2004 00:00,8.02,500,"",0,244,"",28,"","","","","",240,50,28.02,20,"","","","","","","","","","",""
2547,Satwari,CGWB,1,Jammu & Kashmir,5,JAMMU,JAMMU,JAMMU,Satwari,-,-,-,-,-,-,32.68888889,74.84583333,25-05-2005 00:00,7.59,712,"",0,348,"",32,"","","","","",314,86,24.17,20,"","","","","","","","","","",""
2548,Satwari,CGWB,1,Jammu & Kashmir,5,JAMMU,JAMMU,JAMMU,Satwari,-,-,-,-,-,-,32.68888889,74.84583333,25-05-2006 00:00,7.95,670,"",0,336,"",35,"","","","","",265,78,17.11,23,"","","","","","","","","","",""
2549,Satwari,CGWB,1,Jammu & Kashmir,5,JAMMU,JAMMU,JAMMU,Satwari,-,-,-,-,-,-,32.68888889,74.84583333,25-05-2007 00:00,7.9,630,"",0,336,"",43,"","","","","",290,62,32.9,29,"","","","","","","","","","",""
2550,Satwari,CGWB,1,Jammu & Kashmir,5,JAMMU,JAMMU,JAMMU,Satwari,-,-,-,-,-,-,32.68888889,74.84583333,25-05-2008 00:00,7.25,745,"",0,390,"",46,"",4,"","","",340,82,32.92,23,"",0.29,"","","","","","","","",""
2551,Satwari,CGWB,1,Jammu & Kashmir,5,JAMMU,JAMMU,JAMMU,Satwari,-,-,-,-,-,-,32.68888889,74.84583333,25-05-2009 00:00,8.05,728,"",0,415,"",28,"",35,"","","",375,94,34.15,26,"",0.29,"","","","","","","","",""
2552,Satwari,CGWB,1,Jammu & Kashmir,5,JAMMU,JAMMU,JAMMU,Satwari,-,-,-,-,-,-,32.68888889,74.84583333,25-05-2010 00:00,8.05,728,"",0,415,"",28,"",35,"","","",375,94,34.15,26,"",0.29,"","","","","","","","",""
2553,Satwari,CGWB,1,Jammu & Kashmir,5,JAMMU,JAMMU,JAMMU,Satwari,-,-,-,-,-,-,32.68888889,74.84583333,25-05-2012 00:00,7.6,1390,"",0,836,"",46,"",40,"","","",698,158,74,30,"",1.84,"","","","","","","","",""
2554,Satwari,CGWB,1,Jammu & Kashmir,5,JAMMU,JAMMU,JAMMU,Satwari,-,-,-,-,-,-,32.68888889,74.84583333,25-05-2013 00:00,8.6,430,"",12,116,115.1,36,"",27,"","","",175,20,30.42,27,"",0.03,"","","","","","","","",""
2555,Satwari,CGWB,1,Jammu & Kashmir,5,JAMMU,JAMMU,JAMMU,Satwari,-,-,-,-,-,-,32.68888889,74.84583333,25-05-2015 00:00,8.63,720,"",60,354,390.16,32,"",0,"","","",370,84,39,27,"",1.89,"","","","","","","","",""
2556,Satwari,CGWB,1,Jammu & Kashmir,5,JAMMU,JAMMU,JAMMU,Satwari,-,-,-,-,-,-,32.68888889,74.84583333,25-05-2016 00:00,6.82,920,478.4,0,555.1,"",35.5,"",49.85025,"","","",490,20.04,107.008,30.5,"",0.41,"","","","","","","","",""
2557,Satwari,CGWB,1,Jammu & Kashmir,5,JAMMU,JAMMU,JAMMU,Satwari,-,-,-,-,-,-,32.68888889,74.84583333,30-05-2019 08:00,8.18,530,516,0,331,"",27,"","","","","",228,43,29,38,"","","","","","","","","","",""
2558,Satwari,CGWB,1,Jammu & Kashmir,5,JAMMU,JAMMU,JAMMU,Satwari,-,-,-,-,-,-,32.68888889,74.84583333,30-05-2020 08:00,8.18,530,"","",331,"",27,"","","","","","",43,29,38,"","","","","","","","","","",""
2559,Seen Thakaran,CGWB,1,Jammu & Kashmir,14,UDHAMPUR,UDHAMPURR,UDHAMPURR,Seen Thakaran,-,-,-,-,-,-,32.91305556,75.03833333,25-05-2012 00:00,7.7,300,"",0,140,"",21,"",0,"","","",115,32,8.5,18,"",0.21,"","","","","","","","",""
2560,Seen Thakaran,CGWB,1,Jammu & Kashmir,14,UDHAMPUR,UDHAMPURR,UDHAMPURR,Seen Thakaran,-,-,-,-,-,-,32.91305556,75.03833333,25-05-2013 00:00,7.79,490,"",0,226,185.3,39,"",2,"","","",190,48,17.08,25,"",0.1,"","","","","","","","",""
2561,Seen Thakaran,CGWB,1,Jammu & Kashmir,14,UDHAMPUR,UDHAMPURR,UDHAMPURR,Seen Thakaran,-,-,-,-,-,-,32.91305556,75.03833333,25-05-2014 00:00,7.81,430,"",0,104,85.25,36,"",78,"","","",165,36,18.28,26,"",0.57,"","","","","","","","",""
2562,Seen Thakaran,CGWB,1,Jammu & Kashmir,14,UDHAMPUR,UDHAMPURR,UDHAMPURR,Seen Thakaran,-,-,-,-,-,-,32.91305556,75.03833333,25-05-2015 00:00,8.44,350,"",6,116,105.08,29,"",31,"","","",135,30,14.62,21,"",7.13,"","","","","","","","",""
2563,Seen Thakaran,CGWB,1,Jammu & Kashmir,14,UDHAMPUR,UDHAMPURR,UDHAMPURR,Seen Thakaran,-,-,-,-,-,-,32.91305556,75.03833333,25-05-2016 00:00,7.2,370,192.4,0,214,"",25,"",9.124877,"","","",165,26,24,28,"",0,"","","","","","","","",""
2564,Seen Thakaran,CGWB,1,Jammu & Kashmir,14,UDHAMPUR,UDHAMPURR,UDHAMPURR,Seen Thakaran,-,-,-,-,-,-,32.91305556,75.03833333,30-05-2021 08:00,7.2,335,"",0,146.4,"",14.18,"",9,"","","",155,32,18.228,5,"","","","","","","","","","",""
2565,Sei Khurd,CGWB,1,Jammu & Kashmir,5,JAMMU,R.S.PORA,R.S.PORA,Sei Khurd,-,-,-,-,-,-,32.50750000,74.72472222,25-05-2013 00:00,8.52,480,"",6,262,224.8,11,"",23,"","","",155,18,26.77,49,"",0.83,"","","","","","","","",""
2566,Sei Khurd,CGWB,1,Jammu & Kashmir,5,JAMMU,R.S.PORA,R.S.PORA,Sei Khurd,-,-,-,-,-,-,32.50750000,74.72472222,25-05-2014 00:00,7.38,1390,"",0,469,384.43,113,"",108,"","","",385,18,82.69,117,"",0.88,"","","","","","","","",""
2567,Sei Khurd,CGWB,1,Jammu & Kashmir,5,JAMMU,R.S.PORA,R.S.PORA,Sei Khurd,-,-,-,-,-,-,32.50750000,74.72472222,25-05-2016 00:00,6.88,640,332.8,0,433.1,"",10.65,"",0.023838602,"","","",250,42.084,35.264,54.9,"",3.36,"","","","","","","","",""
2568,Sei Khurd,CGWB,1,Jammu & Kashmir,5,JAMMU,R.S.PORA,R.S.PORA,Sei Khurd,-,-,-,-,-,-,32.50750000,74.72472222,30-05-2019 08:00,9.18,860,282,28,159,"",95,"","","","","",228,26,40,94,"","","","","","","","","","",""
2569,Sei Khurd,CGWB,1,Jammu & Kashmir,5,JAMMU,R.S.PORA,R.S.PORA,Sei Khurd,-,-,-,-,-,-,32.50750000,74.72472222,30-05-2020 08:00,9.18,860,"","",159,"",95,"","","","","","",26,40,94,"","","","","","","","","","",""
2570,Sei Khurd,CGWB,1,Jammu & Kashmir,5,JAMMU,R.S.PORA,R.S.PORA,Sei Khurd,-,-,-,-,-,-,32.50750000,74.72472222,30-05-2021 08:00,7.4,1710,"",0,402.666,"",291.1,"",51.5,"","","",430,140,19.4592,181.8,"","","","","","","","","","",""
2571,Senth,CGWB,1,Jammu & Kashmir,5,JAMMU,AKHNOOR,AKHNOOR,Senth,-,-,-,-,-,-,32.77388889,74.50833333,25-05-2004 00:00,7.48,1245,"",0,629,"",60,"","","","","",430,104,41.46,72,"","","","","","","","","","",""
2572,Senth,CGWB,1,Jammu & Kashmir,5,JAMMU,AKHNOOR,AKHNOOR,Senth,-,-,-,-,-,-,32.77388889,74.50833333,25-05-2005 00:00,7.64,1001,"",0,348,"",65,"","","","","",312,79,27.93,50,"","","","","","","","","","",""
2573,Senth,CGWB,1,Jammu & Kashmir,5,JAMMU,AKHNOOR,AKHNOOR,Senth,-,-,-,-,-,-,32.77388889,74.50833333,25-05-2006 00:00,7.75,967,"",0,513,"",46,"","","","","",420,112,34.17,34,"","","","","","","","","","",""
2574,Senth,CGWB,1,Jammu & Kashmir,5,JAMMU,AKHNOOR,AKHNOOR,Senth,-,-,-,-,-,-,32.77388889,74.50833333,25-05-2007 00:00,8.05,1196,"",0,427,"",107,"","","","","",350,64,46.27,64,"","","","","","","","","","",""
2575,Senth,CGWB,1,Jammu & Kashmir,5,JAMMU,AKHNOOR,AKHNOOR,Senth,-,-,-,-,-,-,32.77388889,74.50833333,25-05-2008 00:00,8.16,1180,"",0,384,"",78,"",110,"","","",320,74,32.91,60,"",0.3,"","","","","","","","",""
2576,Senth,CGWB,1,Jammu & Kashmir,5,JAMMU,AKHNOOR,AKHNOOR,Senth,-,-,-,-,-,-,32.77388889,74.50833333,25-05-2009 00:00,7.55,1160,"",0,415,"",53,"",80,"","","",281,33,48.3,55,"",0.16,"","","","","","","","",""
2577,Senth,CGWB,1,Jammu & Kashmir,5,JAMMU,AKHNOOR,AKHNOOR,Senth,-,-,-,-,-,-,32.77388889,74.50833333,25-05-2010 00:00,8.47,790,"",6,256,"",60,"",80,"","","",175,22,29.2,56,"",0.46,"","","","","","","","",""
2578,Senth,CGWB,1,Jammu & Kashmir,5,JAMMU,AKHNOOR,AKHNOOR,Senth,-,-,-,-,-,-,32.77388889,74.50833333,25-05-2012 00:00,7.35,1380,"",0,634,"",78,"",85,"","","",491,126,43,62,"",0.2,"","","","","","","","",""
2579,Senth,CGWB,1,Jammu & Kashmir,5,JAMMU,AKHNOOR,AKHNOOR,Senth,-,-,-,-,-,-,32.77388889,74.50833333,25-05-2013 00:00,7.99,560,"",0,275,225.4,18,"",21,"","","",135,34,12.2,3,"",1.2,"","","","","","","","",""
2580,Senth,CGWB,1,Jammu & Kashmir,5,JAMMU,AKHNOOR,AKHNOOR,Senth,-,-,-,-,-,-,32.77388889,74.50833333,25-05-2014 00:00,7.3,890,"",0,299,245.08,36,"",149,"","","",190,20,34.06,69,"",1.23,"","","","","","","","",""
2581,Senth,CGWB,1,Jammu & Kashmir,5,JAMMU,AKHNOOR,AKHNOOR,Senth,-,-,-,-,-,-,32.77388889,74.50833333,25-05-2015 00:00,8.26,330,"",0,177,145.08,3.6,"",37,"","","",135,20,20.69,24.1,"",1.06,"","","","","","","","",""
2582,Senth,CGWB,1,Jammu & Kashmir,5,JAMMU,AKHNOOR,AKHNOOR,Senth,-,-,-,-,-,-,32.77388889,74.50833333,25-05-2016 00:00,8.45,230,119.6,30,79.3,"",3.55,"",12.110609,"","","",110.515,26.052,11.069248,9.25,"",3.35,"","","","","","","","",""
2583,Senth,CGWB,1,Jammu & Kashmir,5,JAMMU,AKHNOOR,AKHNOOR,Senth,-,-,-,-,-,-,32.77388889,74.50833333,30-05-2019 08:00,7.27,520,126,0,252,"",27,"","","","","",260,65,24,16.3,"","","","","","","","","","",""
2584,Senth,CGWB,1,Jammu & Kashmir,5,JAMMU,AKHNOOR,AKHNOOR,Senth,-,-,-,-,-,-,32.77388889,74.50833333,30-05-2020 08:00,7.27,520,"","",252,"",27,"","","","","","",65,24,16.3,"","","","","","","","","","",""
2585,Seri,CGWB,1,Jammu & Kashmir,12,RAJAURI,NOWSHEHRA,NOWSHEHRA,Seri,-,-,-,-,-,-,33.08055556,74.29166667,25-05-2000 00:00,7.75,572,"",0,128,"",71,"","","","","",205,48,20.72,"","","","","","","","","","","",""
2586,Seri,CGWB,1,Jammu & Kashmir,12,RAJAURI,NOWSHEHRA,NOWSHEHRA,Seri,-,-,-,-,-,-,33.08055556,74.29166667,25-05-2003 00:00,8.04,500,"",0,122,"",57,"","","","","",205,34,29.22,9.2,"","","","","","","","","","",""
2587,Seri,CGWB,1,Jammu & Kashmir,12,RAJAURI,NOWSHEHRA,NOWSHEHRA,Seri,-,-,-,-,-,-,33.08055556,74.29166667,25-05-2005 00:00,7.53,712,"",0,174,"",53,"","","","","",310,18,64.45,37,"","","","","","","","","","",""
2588,Seri,CGWB,1,Jammu & Kashmir,12,RAJAURI,NOWSHEHRA,NOWSHEHRA,Seri,-,-,-,-,-,-,33.08055556,74.29166667,25-05-2007 00:00,8.17,416,"",0,159,"",46,"","","","","",145,28,18.27,39,"","","","","","","","","","",""
2589,Seri,CGWB,1,Jammu & Kashmir,12,RAJAURI,NOWSHEHRA,NOWSHEHRA,Seri,-,-,-,-,-,-,33.08055556,74.29166667,25-05-2008 00:00,7.78,1420,"",0,427,"",113,"",70,"","","",385,116,23.24,110,"",10,"","","","","","","","",""
2590,Seri,CGWB,1,Jammu & Kashmir,12,RAJAURI,NOWSHEHRA,NOWSHEHRA,Seri,-,-,-,-,-,-,33.08055556,74.29166667,25-05-2009 00:00,7.7,770,"",0,299,"",64,"",31,"","","",325,76,32.92,23,"",0.15,"","","","","","","","",""
2591,Seri,CGWB,1,Jammu & Kashmir,12,RAJAURI,NOWSHEHRA,NOWSHEHRA,Seri,-,-,-,-,-,-,33.08055556,74.29166667,25-05-2012 00:00,7.19,1020,"",0,195,"",160,"",70,"","","",399,94,40,57,"",1.32,"","","","","","","","",""
2592,Seri,CGWB,1,Jammu & Kashmir,12,RAJAURI,NOWSHEHRA,NOWSHEHRA,Seri,-,-,-,-,-,-,33.08055556,74.29166667,25-05-2013 00:00,7.86,910,"",0,159,130.3,131,"",90,"","","",315,"",76.59,"","","","","","","","","","","",""
2593,Seri,CGWB,1,Jammu & Kashmir,12,RAJAURI,NOWSHEHRA,NOWSHEHRA,Seri,-,-,-,-,-,-,33.08055556,74.29166667,25-05-2014 00:00,7.51,890,"",0,85,69.67,145,"",131,"","","",310,68,34.12,65,"",0.1,"","","","","","","","",""
2594,Seri,CGWB,1,Jammu & Kashmir,12,RAJAURI,NOWSHEHRA,NOWSHEHRA,Seri,-,-,-,-,-,-,33.08055556,74.29166667,25-05-2015 00:00,8.28,450,"",0,128,104.92,35,"",65,"","","",120,20,17.04,49,"","","","","","","","","","",""
2595,Seri,CGWB,1,Jammu & Kashmir,12,RAJAURI,NOWSHEHRA,NOWSHEHRA,Seri,-,-,-,-,-,-,33.08055556,74.29166667,25-05-2016 00:00,7.6,400,208,0,122,"",25,"",55,"","","",150,12,29,23,"",0,"","","","","","","","",""
2596,Shama Chak,CGWB,1,Jammu & Kashmir,5,JAMMU,JAMMU,JAMMU,Shama Chak,-,-,-,-,-,-,32.82805556,74.74166667,25-05-2013 00:00,8.38,380,"",12,137,132.3,18,"",37,"","","",165,46,12.21,17,"",0.05,"","","","","","","","",""
2597,Shama Chak,CGWB,1,Jammu & Kashmir,5,JAMMU,JAMMU,JAMMU,Shama Chak,-,-,-,-,-,-,32.82805556,74.74166667,25-05-2014 00:00,7.45,380,"",0,134,109.84,11,"",41,"","","",125,24,15.83,25,"",3.11,"","","","","","","","",""
2598,Shama Chak,CGWB,1,Jammu & Kashmir,5,JAMMU,JAMMU,JAMMU,Shama Chak,-,-,-,-,-,-,32.82805556,74.74166667,25-05-2015 00:00,8.25,550,"",0,165,135.25,57,"",88,"","","",270,18,54.73,24,"",3.56,"","","","","","","","",""
2599,Shama Chak,CGWB,1,Jammu & Kashmir,5,JAMMU,JAMMU,JAMMU,Shama Chak,-,-,-,-,-,-,32.82805556,74.74166667,25-05-2016 00:00,7.88,446,231.92,0,268.4,"",3.55,"",2.5695617,"","","",221.03,70.14,11.194496,6.6,"",0.11,"","","","","","","","",""
2600,Shama Chak,CGWB,1,Jammu & Kashmir,5,JAMMU,JAMMU,JAMMU,Shama Chak,-,-,-,-,-,-,32.82805556,74.74166667,30-05-2019 08:00,7.3,2100,780,0,278,"",225,"","","","","",792,217,61,172,"","","","","","","","","","",""
2601,Shama Chak,CGWB,1,Jammu & Kashmir,5,JAMMU,JAMMU,JAMMU,Shama Chak,-,-,-,-,-,-,32.82805556,74.74166667,30-05-2020 08:00,7.3,2100,"","",278,"",225,"","","","","","",217,61,172,"","","","","","","","","","",""
2602,Shama Chak,CGWB,1,Jammu & Kashmir,5,JAMMU,JAMMU,JAMMU,Shama Chak,-,-,-,-,-,-,32.82805556,74.74166667,30-05-2021 08:00,7.51,1447,"",0,268.4,"",184.34,"",170,"","","",340,52,51.0384,124,"","","","","","","","","","",""
2603,Sial,CGWB,1,Jammu & Kashmir,12,RAJAURI,NOWSHEHRA,NOWSHEHRA,Sial,-,-,-,-,-,-,33.07222222,74.31666667,25-05-2000 00:00,7.4,427,"",0,226,"",17,"","","","","",153,38,14.15,"","","","","","","","","","","",""
2604,Sial,CGWB,1,Jammu & Kashmir,12,RAJAURI,NOWSHEHRA,NOWSHEHRA,Sial,-,-,-,-,-,-,33.07222222,74.31666667,25-05-2002 00:00,7.7,590,"",0,257,"",31,"",10,"","","",202,56,15.14,35,"",0.08,"","","","","","","","",""
2605,Sial,CGWB,1,Jammu & Kashmir,12,RAJAURI,NOWSHEHRA,NOWSHEHRA,Sial,-,-,-,-,-,-,33.07222222,74.31666667,25-05-2003 00:00,8.2,383,"",0,128,"",32,"","","","","",140,26,18.27,8,"","","","","","","","","","",""
2606,Sial,CGWB,1,Jammu & Kashmir,12,RAJAURI,NOWSHEHRA,NOWSHEHRA,Sial,-,-,-,-,-,-,33.07222222,74.31666667,25-05-2004 00:00,7.55,570,"",0,293,"",14,"","","","","",205,26,34.07,26,"","","","","","","","","","",""
2607,Sial,CGWB,1,Jammu & Kashmir,12,RAJAURI,NOWSHEHRA,NOWSHEHRA,Sial,-,-,-,-,-,-,33.07222222,74.31666667,25-05-2005 00:00,7.75,415,"",0,258,"",11,"","","","","",195,20,35.28,22,"","","","","","","","","","",""
2608,Sial,CGWB,1,Jammu & Kashmir,12,RAJAURI,NOWSHEHRA,NOWSHEHRA,Sial,-,-,-,-,-,-,33.07222222,74.31666667,25-05-2006 00:00,8.4,438,"",32,122,"",39,"","","","","",120,20,17,43,"","","","","","","","","","",""
2609,Sial,CGWB,1,Jammu & Kashmir,12,RAJAURI,NOWSHEHRA,NOWSHEHRA,Sial,-,-,-,-,-,-,33.07222222,74.31666667,25-05-2007 00:00,8.19,328,"",0,201,"",14,"","","","","",135,28,15.84,28,"","","","","","","","","","",""
2610,Sial,CGWB,1,Jammu & Kashmir,12,RAJAURI,NOWSHEHRA,NOWSHEHRA,Sial,-,-,-,-,-,-,33.07222222,74.31666667,25-05-2008 00:00,7.81,458,"",0,232,"",18,"",0,"","","",170,44,14.64,22,"",1.07,"","","","","","","","",""
2611,Sial,CGWB,1,Jammu & Kashmir,12,RAJAURI,NOWSHEHRA,NOWSHEHRA,Sial,-,-,-,-,-,-,33.07222222,74.31666667,25-05-2009 00:00,7.9,320,"",0,195,"",7.1,"",12,"","","",140,26,18.27,21,"",0.48,"","","","","","","","",""
2612,Sial,CGWB,1,Jammu & Kashmir,12,RAJAURI,NOWSHEHRA,NOWSHEHRA,Sial,-,-,-,-,-,-,33.07222222,74.31666667,25-05-2012 00:00,7.29,550,"",0,237,"",53,"",6,"","","",193,46,19,40,"",0.15,"","","","","","","","",""
2613,Sial,CGWB,1,Jammu & Kashmir,12,RAJAURI,NOWSHEHRA,NOWSHEHRA,Sial,-,-,-,-,-,-,33.07222222,74.31666667,25-05-2013 00:00,8.06,410,"",0,179,146.7,21,"",0,"","","",130,48,2.49,25,"","","","","","","","","","",""
2614,Sial,CGWB,1,Jammu & Kashmir,12,RAJAURI,NOWSHEHRA,NOWSHEHRA,Sial,-,-,-,-,-,-,33.07222222,74.31666667,25-05-2014 00:00,7.26,520,"",0,189,154.92,32,"",71,"","","",175,26,26.78,45,"",0.1,"","","","","","","","",""
2615,Sial,CGWB,1,Jammu & Kashmir,12,RAJAURI,NOWSHEHRA,NOWSHEHRA,Sial,-,-,-,-,-,-,33.07222222,74.31666667,25-05-2015 00:00,8.6,350,"",6,116,105.08,39,"",31,"","","",120,14,20.68,31,"","","","","","","","","","",""
2616,Sial,CGWB,1,Jammu & Kashmir,12,RAJAURI,NOWSHEHRA,NOWSHEHRA,Sial,-,-,-,-,-,-,33.07222222,74.31666667,25-05-2016 00:00,7.76,410,213.2,0,98,"",14,"",87,"","","",105,14,17,46,"",0,"","","","","","","","",""
2617,Sial,CGWB,1,Jammu & Kashmir,12,RAJAURI,NOWSHEHRA,NOWSHEHRA,Sial,-,-,-,-,-,-,33.07222222,74.31666667,30-05-2019 08:00,8.1,630,288,0,291,"",68,"","","","","",217,43,26,83,"","","","","","","","","","",""
2618,Sial,CGWB,1,Jammu & Kashmir,12,RAJAURI,NOWSHEHRA,NOWSHEHRA,Sial,-,-,-,-,-,-,33.07222222,74.31666667,30-05-2020 08:00,8.1,630,"","",291,"",68,"","","","","","",43,26,83,"","","","","","","","","","",""
2619,Sial,CGWB,1,Jammu & Kashmir,12,RAJAURI,NOWSHEHRA,NOWSHEHRA,Sial,-,-,-,-,-,-,33.07222222,74.31666667,30-05-2021 08:00,7.31,1170,"",0,433.171,"",142,"",26.5,"","","",210,28,34.0536,161.4,"","","","","","","","","","",""
2620,Sidhra,CGWB,1,Jammu & Kashmir,5,JAMMU,SAMBA,SAMBA,Sidhra,-,-,-,-,-,-,32.75972222,74.89472222,25-05-2013 00:00,8.21,610,"",0,201,164.8,32,"",5,"","","",245,34,38.94,8.2,"","","","","","","","","","",""
2621,Sidhra,CGWB,1,Jammu & Kashmir,5,JAMMU,SAMBA,SAMBA,Sidhra,-,-,-,-,-,-,32.75972222,74.89472222,25-05-2014 00:00,7.37,460,"",0,171,140.16,32,"",25,"","","",220,38,30.44,7.4,"",1.43,"","","","","","","","",""
2622,Sidhra,CGWB,1,Jammu & Kashmir,5,JAMMU,SAMBA,SAMBA,Sidhra,-,-,-,-,-,-,32.75972222,74.89472222,25-05-2015 00:00,8.67,460,"",6,122,110,36,"",51,"","","",190,32,26.78,22,"",8.65,"","","","","","","","",""
2623,Sidhra,CGWB,1,Jammu & Kashmir,5,JAMMU,SAMBA,SAMBA,Sidhra,-,-,-,-,-,-,32.75972222,74.89472222,25-05-2016 00:00,7.4,740,384.8,0,238,"",28,"",59.084064,"","","",290,60,34,23,"",0,"","","","","","","","",""
2624,Sidhra,CGWB,1,Jammu & Kashmir,5,JAMMU,SAMBA,SAMBA,Sidhra,-,-,-,-,-,-,32.75972222,74.89472222,30-05-2019 08:00,7.51,710,300,0,278,"",41,"","","","","",380,57,58,32,"","","","","","","","","","",""
2625,Sidhra,CGWB,1,Jammu & Kashmir,5,JAMMU,SAMBA,SAMBA,Sidhra,-,-,-,-,-,-,32.75972222,74.89472222,30-05-2020 08:00,7.51,710,"","",278,"",41,"","","","","","",57,58,32,"","","","","","","","","","",""
2626,Sidhra,CGWB,1,Jammu & Kashmir,5,JAMMU,SAMBA,SAMBA,Sidhra,-,-,-,-,-,-,32.75972222,74.89472222,30-05-2021 08:00,7.4,1060,"",0,433.1,"",85.08,"",82,"","","",430,60,68.0512,26.2,"","","","","","","","","","",""
2627,Siot,CGWB,1,Jammu & Kashmir,12,RAJAURI,NOWSHEHRA,NOWSHEHRA,Siot,-,-,-,-,-,-,33.11666667,74.38055556,25-05-2000 00:00,7.88,375,"",0,183,"",21,"","","","","",150,38,13.42,"","","","","","","","","","","",""
2628,Siot,CGWB,1,Jammu & Kashmir,12,RAJAURI,NOWSHEHRA,NOWSHEHRA,Siot,-,-,-,-,-,-,33.11666667,74.38055556,25-05-2001 00:00,7.51,448,"",0,234,"",14,"","","","","",220,64,14.67,16,"","","","","","","","","","",""
2629,Siot,CGWB,1,Jammu & Kashmir,12,RAJAURI,NOWSHEHRA,NOWSHEHRA,Siot,-,-,-,-,-,-,33.11666667,74.38055556,25-05-2002 00:00,7.6,567,"",0,233,"",24,"",20,"","","",226,67,14.3,15,"",0.7,"","","","","","","","",""
2630,Siot,CGWB,1,Jammu & Kashmir,12,RAJAURI,NOWSHEHRA,NOWSHEHRA,Siot,-,-,-,-,-,-,33.11666667,74.38055556,25-05-2003 00:00,7.96,412,"",0,146,"",32,"","","","","",160,40,14.64,4,"","","","","","","","","","",""
2631,Siot,CGWB,1,Jammu & Kashmir,12,RAJAURI,NOWSHEHRA,NOWSHEHRA,Siot,-,-,-,-,-,-,33.11666667,74.38055556,25-05-2004 00:00,8.2,637,"",0,372,"",11,"","","","","",270,20,53.51,24,"","","","","","","","","","",""
2632,Siot,CGWB,1,Jammu & Kashmir,12,RAJAURI,NOWSHEHRA,NOWSHEHRA,Siot,-,-,-,-,-,-,33.11666667,74.38055556,25-05-2005 00:00,7.59,479,"",0,235,"",14,"","","","","",215,26,36.5,19,"","","","","","","","","","",""
2633,Siot,CGWB,1,Jammu & Kashmir,12,RAJAURI,NOWSHEHRA,NOWSHEHRA,Siot,-,-,-,-,-,-,33.11666667,74.38055556,25-05-2006 00:00,7.75,422,"",0,213,"",18,"","","","","",183,52,13,14,"","","","","","","","","","",""
2634,Siot,CGWB,1,Jammu & Kashmir,12,RAJAURI,NOWSHEHRA,NOWSHEHRA,Siot,-,-,-,-,-,-,33.11666667,74.38055556,25-05-2007 00:00,8.24,290,"",0,153,"",11,"","","","","",120,20,17.04,22,"","","","","","","","","","",""
2635,Siot,CGWB,1,Jammu & Kashmir,12,RAJAURI,NOWSHEHRA,NOWSHEHRA,Siot,-,-,-,-,-,-,33.11666667,74.38055556,25-05-2008 00:00,7.7,535,"",0,274,"",18,"",10,"","","",235,70,14.67,14,"",0.31,"","","","","","","","",""
2636,Siot,CGWB,1,Jammu & Kashmir,12,RAJAURI,NOWSHEHRA,NOWSHEHRA,Siot,-,-,-,-,-,-,33.11666667,74.38055556,25-05-2009 00:00,7.9,290,"",0,193,"",11,"",9,"","","",125,28,13.41,14,"","","","","","","","","","",""
2637,Siot,CGWB,1,Jammu & Kashmir,12,RAJAURI,NOWSHEHRA,NOWSHEHRA,Siot,-,-,-,-,-,-,33.11666667,74.38055556,25-05-2010 00:00,8.07,280,"",0,159,"",14,"",0,"","","",120,32,9.76,14,"",0.13,"","","","","","","","",""
2638,Siot,CGWB,1,Jammu & Kashmir,12,RAJAURI,NOWSHEHRA,NOWSHEHRA,Siot,-,-,-,-,-,-,33.11666667,74.38055556,25-05-2012 00:00,7.24,400,"",0,232,"",11,"",0,"","","",173,48,13,16,"",0.02,"","","","","","","","",""
2639,Siot,CGWB,1,Jammu & Kashmir,12,RAJAURI,NOWSHEHRA,NOWSHEHRA,Siot,-,-,-,-,-,-,33.11666667,74.38055556,25-05-2013 00:00,8.04,420,"",0,171,140.2,21,"",7,"","","",145,52,3.71,18,"","","","","","","","","","",""
2640,Siot,CGWB,1,Jammu & Kashmir,12,RAJAURI,NOWSHEHRA,NOWSHEHRA,Siot,-,-,-,-,-,-,33.11666667,74.38055556,25-05-2014 00:00,7.48,510,"",0,201,164.75,25,"",57,"","","",215,32,32.86,22,"",0.269,"","","","","","","","",""
2641,Siot,CGWB,1,Jammu & Kashmir,12,RAJAURI,NOWSHEHRA,NOWSHEHRA,Siot,-,-,-,-,-,-,33.11666667,74.38055556,25-05-2015 00:00,8.6,410,"",6,165,145.25,35,"",21,"","","",130,18,20.69,38,"","","","","","","","","","",""
2642,Siot,CGWB,1,Jammu & Kashmir,12,RAJAURI,NOWSHEHRA,NOWSHEHRA,Siot,-,-,-,-,-,-,33.11666667,74.38055556,25-05-2016 00:00,7.72,340,176.8,0,110,"",14,"",60,"","","",85,14,12,37,"",1.22,"","","","","","","","",""
2643,Siot,CGWB,1,Jammu & Kashmir,12,RAJAURI,NOWSHEHRA,NOWSHEHRA,Siot,-,-,-,-,-,-,33.11666667,74.38055556,30-05-2019 08:00,8.49,580,342,7,358,"",41,"","","","","",174,26,26,101,"","","","","","","","","","",""
2644,Siot,CGWB,1,Jammu & Kashmir,12,RAJAURI,NOWSHEHRA,NOWSHEHRA,Siot,-,-,-,-,-,-,33.11666667,74.38055556,30-05-2020 08:00,8.49,580,"","",358,"",41,"","","","","","",26,26,101,"","","","","","","","","","",""
2645,Siot,CGWB,1,Jammu & Kashmir,12,RAJAURI,NOWSHEHRA,NOWSHEHRA,Siot,-,-,-,-,-,-,33.11666667,74.38055556,30-05-2021 08:00,7.4,3760,"",0,396.565,"",972.7,"",121.3,"","","",1100,248,116.7552,357,"","","","","","","","","","",""
2646,Sobka,CGWB,1,Jammu & Kashmir,5,JAMMU,JAMMU,JAMMU,Sobka,-,-,-,-,-,-,32.87500000,74.75250000,25-05-2014 00:00,7.41,320,"",0,159,130.33,7,"",20,"","","",125,26,14.62,17,"",1.49,"","","","","","","","",""
2647,Sobka,CGWB,1,Jammu & Kashmir,5,JAMMU,JAMMU,JAMMU,Sobka,-,-,-,-,-,-,32.87500000,74.75250000,25-05-2015 00:00,8.1,240,"",0,110,90.16,11,"",59,"","","",130,16,21.9,3.5,"",2.15,"","","","","","","","",""
2648,Sobka,CGWB,1,Jammu & Kashmir,5,JAMMU,JAMMU,JAMMU,Sobka,-,-,-,-,-,-,32.87500000,74.75250000,25-05-2016 00:00,8.28,297,154.44,0,170.8,"",10.65,"",9.225279,"","","",168.175,32.064,21.44416,3.3,"",3.34,"","","","","","","","",""
2649,Sobka,CGWB,1,Jammu & Kashmir,5,JAMMU,JAMMU,JAMMU,Sobka,-,-,-,-,-,-,32.87500000,74.75250000,30-05-2021 08:00,7.5,296,"",0,67.1,"",42.54,"",5,"","","",100,16,14.5824,14.17,"","","","","","","","","","",""
2650,Sohanjana,CGWB,1,Jammu & Kashmir,5,JAMMU,JAMMU,JAMMU,Sohanjana,-,-,-,-,-,-,32.69722222,74.74305556,25-05-2013 00:00,8.44,720,"",12,195,179.8,53,"",104,"","","",205,20,37.71,43,"",0.07,"","","","","","","","",""
2651,Sohanjana,CGWB,1,Jammu & Kashmir,5,JAMMU,JAMMU,JAMMU,Sohanjana,-,-,-,-,-,-,32.69722222,74.74305556,25-05-2014 00:00,7.45,1100,"",0,580,475.41,39,"",20,"","","",0.72,"",45,73,"",0.72,"","","","","","","","",""
2652,Sohanjana,CGWB,1,Jammu & Kashmir,5,JAMMU,JAMMU,JAMMU,Sohanjana,-,-,-,-,-,-,32.69722222,74.74305556,25-05-2015 00:00,7.49,840,"",0,421,345.08,57,"",0,"","","",310,92,19.56,44,"","","","","","","","","","",""
2653,Sohanjana,CGWB,1,Jammu & Kashmir,5,JAMMU,JAMMU,JAMMU,Sohanjana,-,-,-,-,-,-,32.69722222,74.74305556,25-05-2016 00:00,7.35,830,431.6,0,475.8,"",24.85,"",304.2174,"","","",620,20.04,138.624,13.2,"",0.48,"","","","","","","","",""
2654,Sohanjana,CGWB,1,Jammu & Kashmir,5,JAMMU,JAMMU,JAMMU,Sohanjana,-,-,-,-,-,-,32.69722222,74.74305556,30-05-2019 08:00,9.43,470,234,14,172,"",34,"","","","","",184,26,29,29,"","","","","","","","","","",""
2655,Sohanjana,CGWB,1,Jammu & Kashmir,5,JAMMU,JAMMU,JAMMU,Sohanjana,-,-,-,-,-,-,32.69722222,74.74305556,30-05-2020 08:00,9.43,470,"","",172,"",34,"","","","","","",26,29,29,"","","","","","","","","","",""
2656,Sohanjana,CGWB,1,Jammu & Kashmir,5,JAMMU,JAMMU,JAMMU,Sohanjana,-,-,-,-,-,-,32.69722222,74.74305556,30-05-2021 08:00,7.8,1050,"",0,213.5,"",77.99,"",125,"","","",360,56,53.4688,39.5,"","","","","","","","","","",""
2657,Solki,CGWB,1,Jammu & Kashmir,12,RAJAURI,KALAKOTE,KALAKOTE,Solki,-,-,-,-,-,-,33.16388889,74.43055556,25-05-2000 00:00,7.7,373,"",0,201,"",14,"","","","","",175,40,18.28,"","","","","","","","","","","",""
2658,Solki,CGWB,1,Jammu & Kashmir,12,RAJAURI,KALAKOTE,KALAKOTE,Solki,-,-,-,-,-,-,33.16388889,74.43055556,25-05-2001 00:00,7.15,436,"",0,253,"",14,"","","","","",210,54,18.3,17,"","","","","","","","","","",""
2659,Solki,CGWB,1,Jammu & Kashmir,12,RAJAURI,KALAKOTE,KALAKOTE,Solki,-,-,-,-,-,-,33.16388889,74.43055556,25-05-2002 00:00,7.8,445,"",0,197,"",17,"",7.5,"","","",168,44,14.16,16,"",0.18,"","","","","","","","",""
2660,Solki,CGWB,1,Jammu & Kashmir,12,RAJAURI,KALAKOTE,KALAKOTE,Solki,-,-,-,-,-,-,33.16388889,74.43055556,25-05-2003 00:00,8.06,338,"",0,165,"",14,"","","","","",146,32,16,5.2,"","","","","","","","","","",""
2661,Solki,CGWB,1,Jammu & Kashmir,12,RAJAURI,KALAKOTE,KALAKOTE,Solki,-,-,-,-,-,-,33.16388889,74.43055556,25-05-2004 00:00,8.17,623,"",0,339,"",14,"","","","","",230,20,43.79,34,"","","","","","","","","","",""
2662,Solki,CGWB,1,Jammu & Kashmir,12,RAJAURI,KALAKOTE,KALAKOTE,Solki,-,-,-,-,-,-,33.16388889,74.43055556,25-05-2005 00:00,7.64,474,"",0,218,"",14,"","","","","",230,16,46.21,13,"","","","","","","","","","",""
2663,Solki,CGWB,1,Jammu & Kashmir,12,RAJAURI,KALAKOTE,KALAKOTE,Solki,-,-,-,-,-,-,33.16388889,74.43055556,25-05-2006 00:00,8.2,340,"",0,153,"",14,"","","","","",135,22,19.48,1.3,"","","","","","","","","","",""
2664,Solki,CGWB,1,Jammu & Kashmir,12,RAJAURI,KALAKOTE,KALAKOTE,Solki,-,-,-,-,-,-,33.16388889,74.43055556,25-05-2007 00:00,8.07,324,"",0,189,"",14,"","","","","",145,26,19.48,17,"","","","","","","","","","",""
2665,Solki,CGWB,1,Jammu & Kashmir,12,RAJAURI,KALAKOTE,KALAKOTE,Solki,-,-,-,-,-,-,33.16388889,74.43055556,25-05-2008 00:00,8.25,356,"",0,159,"",18,"",7,"","","",135,26,17.05,14,"",0.28,"","","","","","","","",""
2666,Solki,CGWB,1,Jammu & Kashmir,12,RAJAURI,KALAKOTE,KALAKOTE,Solki,-,-,-,-,-,-,33.16388889,74.43055556,25-05-2009 00:00,7.7,400,"",0,250,"",11,"",5,"","","",200,34,28,14,"",0.08,"","","","","","","","",""
2667,Solki,CGWB,1,Jammu & Kashmir,12,RAJAURI,KALAKOTE,KALAKOTE,Solki,-,-,-,-,-,-,33.16388889,74.43055556,25-05-2010 00:00,8.6,240,"",12,116,"",14,"",0,"","","",110,16,17.04,14,"",0.67,"","","","","","","","",""
2668,Solki,CGWB,1,Jammu & Kashmir,12,RAJAURI,KALAKOTE,KALAKOTE,Solki,-,-,-,-,-,-,33.16388889,74.43055556,25-05-2012 00:00,7.1,480,"",0,262,"",14,"",0,"","","",205,54,17,17,"",0.03,"","","","","","","","",""
2669,Solki,CGWB,1,Jammu & Kashmir,12,RAJAURI,KALAKOTE,KALAKOTE,Solki,-,-,-,-,-,-,33.16388889,74.43055556,25-05-2013 00:00,7.3,440,"",0,188,154.1,14,"",1,"","","",160,48,9.78,9.8,"","","","","","","","","","",""
2670,Solki,CGWB,1,Jammu & Kashmir,12,RAJAURI,KALAKOTE,KALAKOTE,Solki,-,-,-,-,-,-,33.16388889,74.43055556,25-05-2014 00:00,7.91,410,"",0,177,145.08,18,"",36,"","","",145,16,25.55,29,"",0.72,"","","","","","","","",""
2671,Solki,CGWB,1,Jammu & Kashmir,12,RAJAURI,KALAKOTE,KALAKOTE,Solki,-,-,-,-,-,-,33.16388889,74.43055556,25-05-2015 00:00,8.7,430,"",6,220,190.33,14,"",1,"","","",165,20,27.98,23,"",0.38,"","","","","","","","",""
2672,Solki,CGWB,1,Jammu & Kashmir,12,RAJAURI,KALAKOTE,KALAKOTE,Solki,-,-,-,-,-,-,33.16388889,74.43055556,25-05-2016 00:00,7.84,250,130,0,104,"",7,"",21,"","","",110,32,7.3,10,"",0,"","","","","","","","",""
2673,Solki,CGWB,1,Jammu & Kashmir,12,RAJAURI,KALAKOTE,KALAKOTE,Solki,-,-,-,-,-,-,33.16388889,74.43055556,30-05-2019 08:00,8.27,410,366,0,278,"",14,"","","","","",228,22,42,17,"","","","","","","","","","",""
2674,Solki,CGWB,1,Jammu & Kashmir,12,RAJAURI,KALAKOTE,KALAKOTE,Solki,-,-,-,-,-,-,33.16388889,74.43055556,30-05-2020 08:00,8.27,410,"","",278,"",14,"","","","","","",22,42,17,"","","","","","","","","","",""
2675,Solki,CGWB,1,Jammu & Kashmir,12,RAJAURI,KALAKOTE,KALAKOTE,Solki,-,-,-,-,-,-,33.16388889,74.43055556,30-05-2021 08:00,7.67,1371,"",0,445.373,"",177.5,"",38.5,"","","",370,88,36.486,154.3,"","","","","","","","","","",""
2676,Sopore Model Town,CGWB,1,Jammu & Kashmir,3,BARAMULA,SOPORE,SOPORE,Sopore Model Town,-,-,-,-,-,-,34.30500000,74.44361111,25-05-2012 00:00,8.45,530,"",3,220,"",46,"",10,"","","",189,56,12,31,"",0.6,"","","","","","","","",""
2677,Sopore Model Town,CGWB,1,Jammu & Kashmir,3,BARAMULA,SOPORE,SOPORE,Sopore Model Town,-,-,-,-,-,-,34.30500000,74.44361111,25-05-2013 00:00,7.74,510,"",0,220,180.3,36,"",37,"","","",205,64,11.02,30,"",0.3,"","","","","","","","",""
2678,Sopore Model Town,CGWB,1,Jammu & Kashmir,3,BARAMULA,SOPORE,SOPORE,Sopore Model Town,-,-,-,-,-,-,34.30500000,74.44361111,25-05-2014 00:00,7.5,590,"",0,317,259.84,50,"",0,"","","",250,74,15.89,35,"",0.72,"","","","","","","","",""
2679,Sopore Model Town,CGWB,1,Jammu & Kashmir,3,BARAMULA,SOPORE,SOPORE,Sopore Model Town,-,-,-,-,-,-,34.30500000,74.44361111,25-05-2015 00:00,7.8,400,"",0,214,175.41,21,"",20,"","","",180,52,12.22,21,"",0.37,"","","","","","","","",""
2680,Sopore Model Town,CGWB,1,Jammu & Kashmir,3,BARAMULA,SOPORE,SOPORE,Sopore Model Town,-,-,-,-,-,-,34.30500000,74.44361111,25-05-2016 00:00,7.78,370,192.4,0,165,"",21,"",48.56893,"","","",165,8,35,23,"",0,"","","","","","","","",""
2681,Sopore Model Town,CGWB,1,Jammu & Kashmir,3,BARAMULA,SOPORE,SOPORE,Sopore Model Town,-,-,-,-,-,-,34.30500000,74.44361111,30-05-2021 08:00,8.48,1192,"",30,370,"",285,"",40,"","","",630,92,97.28,29,"","","","","","","","","","",""
2682,Suchetgarh,CGWB,1,Jammu & Kashmir,5,JAMMU,R.S.PORA,R.S.PORA,Suchet Gadh,-,-,-,-,-,-,32.57777778,74.66944444,25-05-2003 00:00,7.7,3240,"",0,781,"",351,"","","","","",705,98,112,390,"","","","","","","","","","",""
2683,Suchetgarh,CGWB,1,Jammu & Kashmir,5,JAMMU,R.S.PORA,R.S.PORA,Suchet Gadh,-,-,-,-,-,-,32.57777778,74.66944444,25-05-2004 00:00,7.6,3200,"",0,885,"",283,"","","","","",731,96,119.49,300,"","","","","","","","","","",""
2684,Suchetgarh,CGWB,1,Jammu & Kashmir,5,JAMMU,R.S.PORA,R.S.PORA,Suchet Gadh,-,-,-,-,-,-,32.57777778,74.66944444,25-05-2005 00:00,8,3840,"",0,995,"",401,"","","","","",549,108,67.96,400,"","","","","","","","","","",""
2685,Suchetgarh,CGWB,1,Jammu & Kashmir,5,JAMMU,R.S.PORA,R.S.PORA,Suchet Gadh,-,-,-,-,-,-,32.57777778,74.66944444,25-05-2006 00:00,7.98,2650,"",0,641,"",393,"","","","","",638,41,130.25,275,"","","","","","","","","","",""
2686,Suchetgarh,CGWB,1,Jammu & Kashmir,5,JAMMU,R.S.PORA,R.S.PORA,Suchet Gadh,-,-,-,-,-,-,32.57777778,74.66944444,25-05-2007 00:00,8.9,3410,"",54,683,"",426,"","","","","",540,30,113.09,385,"","","","","","","","","","",""
2687,Suchetgarh,CGWB,1,Jammu & Kashmir,5,JAMMU,R.S.PORA,R.S.PORA,Suchet Gadh,-,-,-,-,-,-,32.57777778,74.66944444,25-05-2008 00:00,7.8,3220,"",0,1049,"",440,"",330,"","","",800,96,136.27,305,"",0.21,"","","","","","","","",""
2688,Suchetgarh,CGWB,1,Jammu & Kashmir,5,JAMMU,R.S.PORA,R.S.PORA,Suchet Gadh,-,-,-,-,-,-,32.57777778,74.66944444,25-05-2009 00:00,7.62,3420,"",0,1037,"",270,"",580,"","","",780,120,116.85,310,"",0.84,"","","","","","","","",""
2689,Suchetgarh,CGWB,1,Jammu & Kashmir,5,JAMMU,R.S.PORA,R.S.PORA,Suchet Gadh,-,-,-,-,-,-,32.57777778,74.66944444,25-05-2010 00:00,8.05,2800,"",0,732,"",405,"",430,"","","",700,44,143.5,320,"","","","","","","","","","",""
2690,Suchetgarh,CGWB,1,Jammu & Kashmir,5,JAMMU,R.S.PORA,R.S.PORA,Suchet Gadh,-,-,-,-,-,-,32.57777778,74.66944444,25-05-2012 00:00,7.96,3300,"",0,1171,"",312,"",370,"","","",781,92,134,310,"",0.55,"","","","","","","","",""
2691,Suchetgarh,CGWB,1,Jammu & Kashmir,5,JAMMU,R.S.PORA,R.S.PORA,Suchet Gadh,-,-,-,-,-,-,32.57777778,74.66944444,25-05-2013 00:00,8.61,4820,"",6,232,200.2,18,"",36,"","","",175,16,32.84,39,"",0.98,"","","","","","","","",""
2692,Suchetgarh,CGWB,1,Jammu & Kashmir,5,JAMMU,R.S.PORA,R.S.PORA,Suchet Gadh,-,-,-,-,-,-,32.57777778,74.66944444,25-05-2014 00:00,7.46,1390,"",0,469,384.43,50,"",246,"","","",285,26,53.52,195,"",1.53,"","","","","","","","",""
2693,Suchetgarh II,CGWB,1,Jammu & Kashmir,5,JAMMU,R.S.PORA,R.S.PORA,Suchetgarh,-,-,-,-,-,-,32.56750000,74.67555556,25-05-2015 00:00,8.26,1170,"",0,671,550,50,"",10,"","","",310,44,48.68,133,"",0.35,"","","","","","","","",""
2694,Suchetgarh II,CGWB,1,Jammu & Kashmir,5,JAMMU,R.S.PORA,R.S.PORA,Suchetgarh,-,-,-,-,-,-,32.56750000,74.67555556,30-05-2021 08:00,7.8,250,"",0,24.4,"",49.63,"",6,"","","",80,8,14.5824,12,"","","","","","","","","","",""
2695,Sugetar,CGWB,1,Jammu & Kashmir,5,JAMMU,JAMMU,JAMMU,Sugetar,-,-,-,-,-,-,32.87916667,74.95833333,25-05-2000 00:00,8.22,519,"",0,220,"",38,"","","","","",133,32,13,"","","","","","","","","","","",""
2696,Sugetar,CGWB,1,Jammu & Kashmir,5,JAMMU,JAMMU,JAMMU,Sugetar,-,-,-,-,-,-,32.87916667,74.95833333,25-05-2003 00:00,7.7,510,"",0,220,"",38,"","","","","",135,32,13.41,48,"","","","","","","","","","",""
2697,Sugetar,CGWB,1,Jammu & Kashmir,5,JAMMU,JAMMU,JAMMU,Sugetar,-,-,-,-,-,-,32.87916667,74.95833333,25-05-2004 00:00,7.4,900,"",0,403,"",67,"","","","","",225,22,41.36,92,"","","","","","","","","","",""
2698,Sugetar,CGWB,1,Jammu & Kashmir,5,JAMMU,JAMMU,JAMMU,Sugetar,-,-,-,-,-,-,32.87916667,74.95833333,25-05-2005 00:00,8,882,"",0,381,"",75,"","","","","",255,40,37.73,78,"","","","","","","","","","",""
2699,Sugetar,CGWB,1,Jammu & Kashmir,5,JAMMU,JAMMU,JAMMU,Sugetar,-,-,-,-,-,-,32.87916667,74.95833333,25-05-2006 00:00,7.78,675,"",0,354,"",43,"","","","","",165,10,34.05,98,"","","","","","","","","","",""
2700,Sugetar,CGWB,1,Jammu & Kashmir,5,JAMMU,JAMMU,JAMMU,Sugetar,-,-,-,-,-,-,32.87916667,74.95833333,25-05-2007 00:00,8.25,765,"",0,311,"",92,"","","","","",195,48,18.29,110,"","","","","","","","","","",""
2701,Sugetar,CGWB,1,Jammu & Kashmir,5,JAMMU,JAMMU,JAMMU,Sugetar,-,-,-,-,-,-,32.87916667,74.95833333,25-05-2008 00:00,7.65,750,"",0,342,"",50,"",25,"","","",205,58,14.66,81,"",0.55,"","","","","","","","",""
2702,Sugetar,CGWB,1,Jammu & Kashmir,5,JAMMU,JAMMU,JAMMU,Sugetar,-,-,-,-,-,-,32.87916667,74.95833333,25-05-2009 00:00,8.2,780,"",0,415,"",25,"",20,"","","",215,60,15.88,85,"",0.47,"","","","","","","","",""
2703,Sugetar,CGWB,1,Jammu & Kashmir,5,JAMMU,JAMMU,JAMMU,Sugetar,-,-,-,-,-,-,32.87916667,74.95833333,25-05-2010 00:00,8.15,510,"",0,287,"",21,"",8,"","","",60,14,6.1,100,"",0.73,"","","","","","","","",""
2704,Sugetar,CGWB,1,Jammu & Kashmir,5,JAMMU,JAMMU,JAMMU,Sugetar,-,-,-,-,-,-,32.87916667,74.95833333,25-05-2012 00:00,7.72,730,"",0,305,"",71,"",6,"","","",196,54,15,79,"",0.2,"","","","","","","","",""
2705,Sugetar,CGWB,1,Jammu & Kashmir,5,JAMMU,JAMMU,JAMMU,Sugetar,-,-,-,-,-,-,32.87916667,74.95833333,25-05-2013 00:00,8.04,860,"",0,403,330.3,74,"",1,"","","",230,42,30.44,93,"",0.01,"","","","","","","","",""
2706,Sugetar,CGWB,1,Jammu & Kashmir,5,JAMMU,JAMMU,JAMMU,Sugetar,-,-,-,-,-,-,32.87916667,74.95833333,25-05-2014 00:00,7.45,560,"",0,238,195.08,46,"",19,"","","",115,18,17.04,74,"",0.52,"","","","","","","","",""
2707,Sugetar,CGWB,1,Jammu & Kashmir,5,JAMMU,JAMMU,JAMMU,Sugetar,-,-,-,-,-,-,32.87916667,74.95833333,25-05-2015 00:00,8.6,630,"",18,208,200.49,36,"",77,"","","",120,16,19.47,88,"",0.16,"","","","","","","","",""
2708,Sugetar,CGWB,1,Jammu & Kashmir,5,JAMMU,JAMMU,JAMMU,Sugetar,-,-,-,-,-,-,32.87916667,74.95833333,25-05-2016 00:00,7.57,530,275.6,0,281,"",32,"",40.404373,"","","",190,40,22,61,"",0,"","","","","","","","",""
2709,Sugetar,CGWB,1,Jammu & Kashmir,5,JAMMU,JAMMU,JAMMU,Sugetar,-,-,-,-,-,-,32.87916667,74.95833333,30-05-2019 08:00,7.99,470,240,0,305,"",41,"","","","","",195,48,18,69,"","","","","","","","","","",""
2710,Sugetar,CGWB,1,Jammu & Kashmir,5,JAMMU,JAMMU,JAMMU,Sugetar,-,-,-,-,-,-,32.87916667,74.95833333,30-05-2020 08:00,7.99,470,"","",305,"",41,"","","","","","",48,18,69,"","","","","","","","","","",""
2711,Sugetar,CGWB,1,Jammu & Kashmir,5,JAMMU,JAMMU,JAMMU,Sugetar,-,-,-,-,-,-,32.87916667,74.95833333,30-05-2021 08:00,7.16,3220,"",0,390.4,"",723.18,"",91,"","","",1130,272,109.368,131.5,"","","","","","","","","","",""
2712,Sumah,CGWB,1,Jammu & Kashmir,5,JAMMU,AKHNOOR,AKHNOOR,Sumah,-,-,-,-,-,-,32.95666667,74.67194444,25-05-2014 00:00,7.95,390,"",0,189,154.92,11,"",9,"","","",170,52,9.79,2.6,"",0.34,"","","","","","","","",""
2713,Sumah,CGWB,1,Jammu & Kashmir,5,JAMMU,AKHNOOR,AKHNOOR,Sumah,-,-,-,-,-,-,32.95666667,74.67194444,25-05-2015 00:00,8.12,290,"",0,171,140.16,7.1,"",0,"","","",135,18,21.9,4.7,"",1.64,"","","","","","","","",""
2714,Sumah,CGWB,1,Jammu & Kashmir,5,JAMMU,AKHNOOR,AKHNOOR,Sumah,-,-,-,-,-,-,32.95666667,74.67194444,25-05-2016 00:00,8.25,268,139.36,0,183,"",7.1,"",0,"","","",139.345,24.048,19.296703,7.06,"",0,"","","","","","","","",""
2715,Sumah,CGWB,1,Jammu & Kashmir,5,JAMMU,AKHNOOR,AKHNOOR,Sumah,-,-,-,-,-,-,32.95666667,74.67194444,30-05-2019 08:00,7.17,270,528,0,199,"",20,"","","","","",163,35,18,9.7,"","","","","","","","","","",""
2716,Sumah,CGWB,1,Jammu & Kashmir,5,JAMMU,AKHNOOR,AKHNOOR,Sumah,-,-,-,-,-,-,32.95666667,74.67194444,30-05-2020 08:00,7.17,270,"","",199,"",20,"","","","","","",35,18,9.7,"","","","","","","","","","",""
2717,Sumah,CGWB,1,Jammu & Kashmir,5,JAMMU,AKHNOOR,AKHNOOR,Sumah,-,-,-,-,-,-,32.95666667,74.67194444,30-05-2021 08:00,7.67,1630,"",0,488,"",198.52,"",10,"","","",470,84,63.1904,72,"","","","","","","","","","",""
2718,Sumwan,CGWB,1,Jammu & Kashmir,7,KATHUA,KATHUA,KATHUA,Sumwan,-,-,-,-,-,-,32.39444444,75.42000000,30-05-2019 08:00,8.26,190,132,0,119,"",20,"","","","","",98,30,5,11,"","","","","","","","","","",""
2719,Sumwan,CGWB,1,Jammu & Kashmir,7,KATHUA,KATHUA,KATHUA,Sumwan,-,-,-,-,-,-,32.39444444,75.42000000,30-05-2020 08:00,8.26,190,"","",119,"",20,"","","","","","",30,5,11,"","","","","","","","","","",""
2720,Sumwan,CGWB,1,Jammu & Kashmir,7,KATHUA,KATHUA,KATHUA,Sumwan,-,-,-,-,-,-,32.39444444,75.42000000,30-05-2021 08:00,7.76,2490,"",0,421.038,"",439.58,"",153.6,"","","",740,196,60.76,218.5,"","","","","","","","","","",""
2721,Sunal,CGWB,1,Jammu & Kashmir,14,UDHAMPUR,RAMNAGAR,RAMNAGAR,Sunal,-,-,-,-,-,-,32.67944444,75.24250000,25-05-2012 00:00,7.64,330,"",0,189,"",14,"",0,"","","",161,38,16,8,"",0.26,"","","","","","","","",""
2722,Sunal,CGWB,1,Jammu & Kashmir,14,UDHAMPUR,RAMNAGAR,RAMNAGAR,Sunal,-,-,-,-,-,-,32.67944444,75.24250000,25-05-2013 00:00,7.98,300,"",0,159,130.3,18,"",18,"","","",145,44,8.56,14,"","","","","","","","","","",""
2723,Sunal,CGWB,1,Jammu & Kashmir,14,UDHAMPUR,RAMNAGAR,RAMNAGAR,Sunal,-,-,-,-,-,-,32.67944444,75.24250000,25-05-2014 00:00,7.69,310,"",0,165,135.25,18,"",0,"","","",145,26,19.48,6.5,"",0.16,"","","","","","","","",""
2724,Sunal,CGWB,1,Jammu & Kashmir,14,UDHAMPUR,RAMNAGAR,RAMNAGAR,Sunal,-,-,-,-,-,-,32.67944444,75.24250000,25-05-2015 00:00,8.49,390,"",12,189,174.92,28,"",16,"","","",145,20,23.12,39,"",2.59,"","","","","","","","",""
2725,Sunal,CGWB,1,Jammu & Kashmir,14,UDHAMPUR,RAMNAGAR,RAMNAGAR,Sunal,-,-,-,-,-,-,32.67944444,75.24250000,25-05-2016 00:00,7.49,540,280.8,0,224,"",14,"",47.9857,"","","",235,50,27,8,"",0,"","","","","","","","",""
2726,Sunal,CGWB,1,Jammu & Kashmir,14,UDHAMPUR,RAMNAGAR,RAMNAGAR,Sunal,-,-,-,-,-,-,32.67944444,75.24250000,30-05-2019 08:00,7.7,330,294,0,238,"",20,"","","","","",195,52,16,8.4,"","","","","","","","","","",""
2727,Sunal,CGWB,1,Jammu & Kashmir,14,UDHAMPUR,RAMNAGAR,RAMNAGAR,Sunal,-,-,-,-,-,-,32.67944444,75.24250000,30-05-2020 08:00,7.7,330,"","",238,"",20,"","","","","","",52,16,8.4,"","","","","","","","","","",""
2728,Sunal,CGWB,1,Jammu & Kashmir,14,UDHAMPUR,RAMNAGAR,RAMNAGAR,Sunal,-,-,-,-,-,-,32.67944444,75.24250000,30-05-2021 08:00,7.8,2700,"",0,573.4,"",248.15,"",522,"","","",810,92,140.9632,220,"","","","","","","","","","",""
2729,Supwal,CGWB,1,Jammu & Kashmir,5,JAMMU,SAMBA,SAMBA,Supwal,-,-,-,-,-,-,32.55833333,75.06666667,25-05-2000 00:00,7.85,632,"",0,308,"",38,"","","","","",247,67,19.41,40,"","","","","","","","","","",""
2730,Supwal,CGWB,1,Jammu & Kashmir,5,JAMMU,SAMBA,SAMBA,Supwal,-,-,-,-,-,-,32.55833333,75.06666667,25-05-2001 00:00,7.82,582,"",0,268,"",39,"","","","","",280,76,21.97,38,"","","","","","","","","","",""
2731,Supwal,CGWB,1,Jammu & Kashmir,5,JAMMU,SAMBA,SAMBA,Supwal,-,-,-,-,-,-,32.55833333,75.06666667,25-05-2002 00:00,8.2,680,"",0,287,"",42,"","","","","",277,77,20.64,49,"",0.08,"","","","","","","","",""
2732,Supwal,CGWB,1,Jammu & Kashmir,5,JAMMU,SAMBA,SAMBA,Supwal,-,-,-,-,-,-,32.55833333,75.06666667,25-05-2003 00:00,7.6,640,"",0,250,"",32,"","","","","",250,74,15.89,39,"","","","","","","","","","",""
2733,Supwal,CGWB,1,Jammu & Kashmir,5,JAMMU,SAMBA,SAMBA,Supwal,-,-,-,-,-,-,32.55833333,75.06666667,25-05-2004 00:00,7.7,715,"",0,299,"",50,"","","","","",310,84,24.42,38,"","","","","","","","","","",""
2734,Supwal,CGWB,1,Jammu & Kashmir,5,JAMMU,SAMBA,SAMBA,Supwal,-,-,-,-,-,-,32.55833333,75.06666667,25-05-2005 00:00,7.57,620,"",0,311,"",18,"","","","","",280,81,18.94,18,"","","","","","","","","","",""
2735,Supwal,CGWB,1,Jammu & Kashmir,5,JAMMU,SAMBA,SAMBA,Supwal,-,-,-,-,-,-,32.55833333,75.06666667,25-05-2006 00:00,7.55,366,"",0,165,"",25,"","","","","",153,37,14.75,18,"","","","","","","","","","",""
2736,Supwal,CGWB,1,Jammu & Kashmir,5,JAMMU,SAMBA,SAMBA,Supwal,-,-,-,-,-,-,32.55833333,75.06666667,25-05-2007 00:00,8.3,640,"",6,287,"",43,"","","","","",275,70,24.4,34,"","","","","","","","","","",""
2737,Supwal,CGWB,1,Jammu & Kashmir,5,JAMMU,SAMBA,SAMBA,Supwal,-,-,-,-,-,-,32.55833333,75.06666667,25-05-2008 00:00,8.22,648,"",0,268,"",46,"",20,"","","",270,76,19.54,28,"",0.18,"","","","","","","","",""
2738,Supwal,CGWB,1,Jammu & Kashmir,5,JAMMU,SAMBA,SAMBA,Supwal,-,-,-,-,-,-,32.55833333,75.06666667,25-05-2009 00:00,7.63,520,"",0,262,"",21,"",25,"","","",235,66,17.1,27,"",0.29,"","","","","","","","",""
2739,Supwal,CGWB,1,Jammu & Kashmir,5,JAMMU,SAMBA,SAMBA,Supwal,-,-,-,-,-,-,32.55833333,75.06666667,25-05-2010 00:00,8.5,520,"","",293,"",25,"",8,"","","",240,76,12.25,25,"",0.74,"","","","","","","","",""
2740,Supwal,CGWB,1,Jammu & Kashmir,5,JAMMU,SAMBA,SAMBA,Supwal,-,-,-,-,-,-,32.55833333,75.06666667,25-05-2012 00:00,8.08,570,"",0,238,"",43,"",14,"","","",240,70,16,20,"",0.3,"","","","","","","","",""
2741,Supwal,CGWB,1,Jammu & Kashmir,5,JAMMU,SAMBA,SAMBA,Supwal,-,-,-,-,-,-,32.55833333,75.06666667,25-05-2013 00:00,8.17,510,"",0,153,125.4,50,"",4,"","","",180,"",43.76,"","","","","","","","","","","",""
2742,Supwal,CGWB,1,Jammu & Kashmir,5,JAMMU,SAMBA,SAMBA,Supwal,-,-,-,-,-,-,32.55833333,75.06666667,25-05-2014 00:00,7.69,700,"",0,282,231.15,46,"",63,"","","",285,28,52.31,39,"",1.72,"","","","","","","","",""
2743,Supwal,CGWB,1,Jammu & Kashmir,5,JAMMU,SAMBA,SAMBA,Supwal,-,-,-,-,-,-,32.55833333,75.06666667,25-05-2015 00:00,7.7,720,"",0,378,309.84,54,"",27,"","","",290,70,28.05,45,"","","","","","","","","","",""
2744,Supwal,CGWB,1,Jammu & Kashmir,5,JAMMU,SAMBA,SAMBA,Supwal,-,-,-,-,-,-,32.55833333,75.06666667,25-05-2016 00:00,7.03,590,306.8,0,311.1,"",21.3,"",28.553286,"","","",250,12.024,53.504,31.14,"",0,"","","","","","","","",""
2745,Supwal,CGWB,1,Jammu & Kashmir,5,JAMMU,SAMBA,SAMBA,Supwal,-,-,-,-,-,-,32.55833333,75.06666667,30-05-2019 08:00,8.25,390,180,0,185,"",27,"","","","","",184,30,26,26,"","","","","","","","","","",""
2746,Supwal,CGWB,1,Jammu & Kashmir,5,JAMMU,SAMBA,SAMBA,Supwal,-,-,-,-,-,-,32.55833333,75.06666667,30-05-2020 08:00,8.25,390,"","",185,"",27,"","","","","","",30,26,26,"","","","","","","","","","",""
2747,Supwal,CGWB,1,Jammu & Kashmir,5,JAMMU,SAMBA,SAMBA,Supwal,-,-,-,-,-,-,32.55833333,75.06666667,30-05-2021 08:00,7.29,2680,"",0,603.999,"",504.1,"",88,"","","",780,164,89.9988,238.9,"","","","","","","","","","",""
2748,Surinsar,CGWB,1,Jammu & Kashmir,5,JAMMU,JAMMU,JAMMU,Surinsar,-,-,-,-,-,-,32.76722222,75.04305556,30-05-2019 08:00,7.96,400,348,0,252,"",20,"","","","","",174,52,11,38,"","","","","","","","","","",""
2749,Surinsar,CGWB,1,Jammu & Kashmir,5,JAMMU,JAMMU,JAMMU,Surinsar,-,-,-,-,-,-,32.76722222,75.04305556,30-05-2020 08:00,7.96,400,"","",252,"",20,"","","","","","",52,11,38,"","","","","","","","","","",""
2750,Surinsar,CGWB,1,Jammu & Kashmir,5,JAMMU,JAMMU,JAMMU,Surinsar,-,-,-,-,-,-,32.76722222,75.04305556,30-05-2021 08:00,6.9,263,"",0,12.2,"",170.16,"",8,"","","",210,16,41.3168,17.55,"","","","","","","","","","",""
2751,Swankha,CGWB,1,Jammu & Kashmir,5,JAMMU,SAMBA,SAMBA,Swankha,-,-,-,-,-,-,32.57083333,75.00555556,25-05-2000 00:00,7.5,560,"",0,333,"",14,"","","","","",271,69,24.03,17,"","","","","","","","","","",""
2752,Swankha,CGWB,1,Jammu & Kashmir,5,JAMMU,SAMBA,SAMBA,Swankha,-,-,-,-,-,-,32.57083333,75.00555556,25-05-2001 00:00,7.44,516,"",0,305,"",11,"","","","","",300,68,31.69,17,"","","","","","","","","","",""
2753,Swankha,CGWB,1,Jammu & Kashmir,5,JAMMU,SAMBA,SAMBA,Swankha,-,-,-,-,-,-,32.57083333,75.00555556,25-05-2002 00:00,7.85,710,"",0,384,"",18,"","","","","",347,111,17.03,19,"",0.84,"","","","","","","","",""
2754,Swankha,CGWB,1,Jammu & Kashmir,5,JAMMU,SAMBA,SAMBA,Swankha,-,-,-,-,-,-,32.57083333,75.00555556,25-05-2003 00:00,7.3,705,"",0,348,"",18,"","","","","",335,90,26.85,20,"","","","","","","","","","",""
2755,Swankha,CGWB,1,Jammu & Kashmir,5,JAMMU,SAMBA,SAMBA,Swankha,-,-,-,-,-,-,32.57083333,75.00555556,25-05-2004 00:00,7.5,810,"",0,439,"",28,"","","","","",405,128,20.82,17,"","","","","","","","","","",""
2756,Swankha,CGWB,1,Jammu & Kashmir,5,JAMMU,SAMBA,SAMBA,Swankha,-,-,-,-,-,-,32.57083333,75.00555556,25-05-2005 00:00,7.6,885,"",0,439,"",28,"","","","","",407,126,22.52,19,"","","","","","","","","","",""
2757,Swankha,CGWB,1,Jammu & Kashmir,5,JAMMU,SAMBA,SAMBA,Swankha,-,-,-,-,-,-,32.57083333,75.00555556,25-05-2006 00:00,7.4,510,"",0,220,"",39,"","","","","",245,51,28.63,16,"","","","","","","","","","",""
2758,Swankha,CGWB,1,Jammu & Kashmir,5,JAMMU,SAMBA,SAMBA,Swankha,-,-,-,-,-,-,32.57083333,75.00555556,25-05-2007 00:00,8.26,492,"",0,116,"",60,"","","","","",185,40,20.71,18,"","","","","","","","","","",""
2759,Swankha,CGWB,1,Jammu & Kashmir,5,JAMMU,SAMBA,SAMBA,Swankha,-,-,-,-,-,-,32.57083333,75.00555556,25-05-2008 00:00,7.35,805,"",0,390,"",60,"",8,"","","",335,106,17.15,36,"",1.44,"","","","","","","","",""
2760,Swankha,CGWB,1,Jammu & Kashmir,5,JAMMU,SAMBA,SAMBA,Swankha,-,-,-,-,-,-,32.57083333,75.00555556,25-05-2009 00:00,7.52,476,"",0,250,"",7.1,"",6,"","","",195,54,14.65,20,"",0.77,"","","","","","","","",""
2761,Swankha,CGWB,1,Jammu & Kashmir,5,JAMMU,SAMBA,SAMBA,Swankha,-,-,-,-,-,-,32.57083333,75.00555556,25-05-2010 00:00,7.84,420,"",0,226,"",11,"",6,"","","",180,50,13.43,16,"","","","","","","","","","",""
2762,Swankha,CGWB,1,Jammu & Kashmir,5,JAMMU,SAMBA,SAMBA,Swankha,-,-,-,-,-,-,32.57083333,75.00555556,25-05-2012 00:00,8.32,510,"","",317,"",14,"",0,"","","",243,76,13,17,"",0.21,"","","","","","","","",""
2763,Swankha,CGWB,1,Jammu & Kashmir,5,JAMMU,SAMBA,SAMBA,Swankha,-,-,-,-,-,-,32.57083333,75.00555556,25-05-2013 00:00,7.94,460,"",0,189,154.9,25,"",3,"","","",125,32,10.98,47,"",0.95,"","","","","","","","",""
2764,Swankha,CGWB,1,Jammu & Kashmir,5,JAMMU,SAMBA,SAMBA,Swankha,-,-,-,-,-,-,32.57083333,75.00555556,25-05-2014 00:00,7.7,510,"",0,281,230.33,29,"",9,"","","",210,52,19.51,30,"",0.91,"","","","","","","","",""
2765,Swankha,CGWB,1,Jammu & Kashmir,5,JAMMU,SAMBA,SAMBA,Swankha,-,-,-,-,-,-,32.57083333,75.00555556,25-05-2015 00:00,7.6,720,"",0,342,280.33,43,"",0,"","","",280,78,20.76,39,"",0.14,"","","","","","","","",""
2766,Swankha,CGWB,1,Jammu & Kashmir,5,JAMMU,SAMBA,SAMBA,Swankha,-,-,-,-,-,-,32.57083333,75.00555556,25-05-2016 00:00,6.73,620,322.4,0,390.4,"",21.3,"",55.26558,"","","",350,76.152,38.912,24.1,"",0.86,"","","","","","","","",""
2767,Swankha,CGWB,1,Jammu & Kashmir,5,JAMMU,SAMBA,SAMBA,Swankha,-,-,-,-,-,-,32.57083333,75.00555556,30-05-2019 08:00,9.99,300,234,14,146,"",34,"","","","","",130,26,16,33,"","","","","","","","","","",""
2768,Swankha,CGWB,1,Jammu & Kashmir,5,JAMMU,SAMBA,SAMBA,Swankha,-,-,-,-,-,-,32.57083333,75.00555556,30-05-2020 08:00,9.99,300,"","",146,"",34,"","","","","","",26,16,33,"","","","","","","","","","",""
2769,Talpad,CGWB,1,Jammu & Kashmir,14,UDHAMPUR,UDHAMPURR,UDHAMPURR,Talpad,-,-,-,-,-,-,32.85944444,75.19861111,25-05-2012 00:00,7.92,240,"",0,140,"",14,"",0,"","","",105,28,8.5,13,"",0.37,"","","","","","","","",""
2770,Talpad,CGWB,1,Jammu & Kashmir,14,UDHAMPUR,UDHAMPURR,UDHAMPURR,Talpad,-,-,-,-,-,-,32.85944444,75.19861111,25-05-2013 00:00,8.45,260,"",6,134,119.8,21,"",0,"","","",120,28,12.19,13,"",0.16,"","","","","","","","",""
2771,Talpad,CGWB,1,Jammu & Kashmir,14,UDHAMPUR,UDHAMPURR,UDHAMPURR,Talpad,-,-,-,-,-,-,32.83583333,75.27055556,25-05-2014 00:00,7.6,260,"",0,146,119.67,14,"",2,"","","",120,36,7.34,10,"",0.28,"","","","","","","","",""
2772,Talpad,CGWB,1,Jammu & Kashmir,14,UDHAMPUR,UDHAMPURR,UDHAMPURR,Talpad,-,-,-,-,-,-,32.83583333,75.27055556,25-05-2015 00:00,8.12,910,"",0,409,335.25,21,"",95,"","","",491,8,114.52,182,"",5.62,"","","","","","","","",""
2773,Talpad,CGWB,1,Jammu & Kashmir,14,UDHAMPUR,UDHAMPURR,UDHAMPURR,Talpad,-,-,-,-,-,-,32.85944444,75.19861111,25-05-2016 00:00,7.96,260,135.2,0,146,"",14,"",10.347717,"","","",125,32,11,11,"",0,"","","","","","","","",""
2774,Talpad,CGWB,1,Jammu & Kashmir,14,UDHAMPUR,UDHAMPURR,UDHAMPURR,Talpad,-,-,-,-,-,-,32.83583333,75.27055556,30-05-2021 08:00,7.4,1485,"",0,164.7,"",283.6,"",119,"","","",450,108,43.7472,106,"","","","","","","","","","",""
2775,Talwara,CGWB,1,Jammu & Kashmir,14,UDHAMPUR,REASI,REASI,Aghar Ballian,-,-,-,-,-,-,33.09166667,74.83333333,25-05-2000 00:00,8.34,367,"",12,183,"",14,"","","","","",205,24,35.28,"","","","","","","","","","","",""
2776,Talwara,CGWB,1,Jammu & Kashmir,14,UDHAMPUR,REASI,REASI,Aghar Ballian,-,-,-,-,-,-,33.09166667,74.83333333,25-05-2001 00:00,7.26,547,"",0,349,"",10,"","","","","",353,84,35,5.2,"","","","","","","","","","",""
2777,Talwara,CGWB,1,Jammu & Kashmir,14,UDHAMPUR,REASI,REASI,Aghar Ballian,-,-,-,-,-,-,33.09166667,74.83333333,25-05-2002 00:00,7.8,580,"",0,275,"",17,"","","","","",280,55,34.71,4,"",0.32,"","","","","","","","",""
2778,Talwara,CGWB,1,Jammu & Kashmir,14,UDHAMPUR,REASI,REASI,Aghar Ballian,-,-,-,-,-,-,33.09166667,74.83333333,25-05-2003 00:00,8.25,345,"",0,173,"",18,"","","","","",180,23,29.81,3.6,"","","","","","","","","","",""
2779,Talwara,CGWB,1,Jammu & Kashmir,14,UDHAMPUR,REASI,REASI,Aghar Ballian,-,-,-,-,-,-,33.09166667,74.83333333,25-05-2004 00:00,7.5,540,"",0,293,"",25,"","","","","",245,34,38.94,18,"","","","","","","","","","",""
2780,Talwara,CGWB,1,Jammu & Kashmir,14,UDHAMPUR,REASI,REASI,Aghar Ballian,-,-,-,-,-,-,33.09166667,74.83333333,25-05-2006 00:00,8.25,393,"",0,189,"",14,"","","","","",200,22,35.28,4.7,"","","","","","","","","","",""
2781,Talwara,CGWB,1,Jammu & Kashmir,14,UDHAMPUR,REASI,REASI,Aghar Ballian,-,-,-,-,-,-,33.09166667,74.83333333,25-05-2007 00:00,8.35,427,"",18,195,"",21,"","","","","",215,18,41.35,9.9,"","","","","","","","","","",""
2782,Talwara,CGWB,1,Jammu & Kashmir,14,UDHAMPUR,REASI,REASI,Aghar Ballian,-,-,-,-,-,-,33.09166667,74.83333333,25-05-2008 00:00,7.55,706,"",0,427,"",11,"",10,"","","",375,82,41.43,5.2,"",0.08,"","","","","","","","",""
2783,Talwara,CGWB,1,Jammu & Kashmir,14,UDHAMPUR,REASI,REASI,Aghar Ballian,-,-,-,-,-,-,33.09166667,74.83333333,25-05-2009 00:00,7.7,560,"",0,323,"",11,"",35,"","","",320,62,40.19,4.3,"",0.18,"","","","","","","","",""
2784,Talwara,CGWB,1,Jammu & Kashmir,14,UDHAMPUR,REASI,REASI,Aghar Ballian,-,-,-,-,-,-,33.09166667,74.83333333,25-05-2010 00:00,7.6,390,"",0,214,"",18,"",10,"","","",225,36,32.87,3.2,"",0.8,"","","","","","","","",""
2785,Talwara,CGWB,1,Jammu & Kashmir,14,UDHAMPUR,REASI,REASI,Aghar Ballian,-,-,-,-,-,-,33.09166667,74.83333333,25-05-2012 00:00,7.82,410,"",0,232,"",14,"",6,"","","",220,24,39,6.1,"",0.25,"","","","","","","","",""
2786,Talwara,CGWB,1,Jammu & Kashmir,14,UDHAMPUR,REASI,REASI,Aghar Ballian,-,-,-,-,-,-,33.09166667,74.83333333,25-05-2013 00:00,8.02,560,"",0,298,244.3,25,"",5,"","","",275,62,29.25,6.5,"",0.04,"","","","","","","","",""
2787,Talwara,CGWB,1,Jammu & Kashmir,14,UDHAMPUR,REASI,REASI,Aghar Ballian,-,-,-,-,-,-,33.09166667,74.83333333,25-05-2014 00:00,7.7,450,"",0,201,164.75,14,"",35,"","","",210,20,38.93,7.6,"",0.52,"","","","","","","","",""
2788,Talwara,CGWB,1,Jammu & Kashmir,14,UDHAMPUR,REASI,REASI,Aghar Ballian,-,-,-,-,-,-,33.09166667,74.83333333,25-05-2015 00:00,8.05,720,"",0,354,290.16,14,"",1,"","","",345,60,47.48,6,"",2.27,"","","","","","","","",""
2789,Talwara,CGWB,1,Jammu & Kashmir,14,UDHAMPUR,REASI,REASI,Aghar Ballian,-,-,-,-,-,-,33.09166667,74.83333333,25-05-2016 00:00,7.51,490,254.8,0,250,"",11,"",10.348105,"","","",230,30,38,6,"",0.4,"","","","","","","","",""
2790,Tanda Sheeda,CGWB,1,Jammu & Kashmir,5,JAMMU,AKHNOOR,AKHNOOR,Tanda Sheeda,-,-,-,-,-,-,32.97500000,74.70000000,25-05-2000 00:00,7.48,317,"",0,171,"",10,"","","","","",150,44,9.78,"","","","","","","","","","","",""
2791,Tanda Sheeda,CGWB,1,Jammu & Kashmir,5,JAMMU,AKHNOOR,AKHNOOR,Tanda Sheeda,-,-,-,-,-,-,32.97500000,74.70000000,25-05-2002 00:00,7.6,311,"",0,126,"",14,"","","","","",124,40,5.88,6,"",0.6,"","","","","","","","",""
2792,Tanda Sheeda,CGWB,1,Jammu & Kashmir,5,JAMMU,AKHNOOR,AKHNOOR,Tanda Sheeda,-,-,-,-,-,-,32.97500000,74.70000000,25-05-2003 00:00,7.67,338,"",0,152,"",21,"","","","","",170,48,12.21,5.5,"","","","","","","","","","",""
2793,Tanda Sheeda,CGWB,1,Jammu & Kashmir,5,JAMMU,AKHNOOR,AKHNOOR,Tanda Sheeda,-,-,-,-,-,-,32.97500000,74.70000000,25-05-2005 00:00,7.6,440,"",0,231,"",11,"","","","","",220,30,35.29,5.2,"","","","","","","","","","",""
2794,Tanda Sheeda,CGWB,1,Jammu & Kashmir,5,JAMMU,AKHNOOR,AKHNOOR,Tanda Sheeda,-,-,-,-,-,-,32.97500000,74.70000000,25-05-2006 00:00,8.02,380,"",0,195,"",14,"","","","","",178,50,13,5,"","","","","","","","","","",""
2795,Tanda Sheeda,CGWB,1,Jammu & Kashmir,5,JAMMU,AKHNOOR,AKHNOOR,Tanda Sheeda,-,-,-,-,-,-,32.97500000,74.70000000,25-05-2007 00:00,8.1,311,"",0,189,"",11,"","","","","",160,46,11,4.3,"","","","","","","","","","",""
2796,Tanda Sheeda,CGWB,1,Jammu & Kashmir,5,JAMMU,AKHNOOR,AKHNOOR,Tanda Sheeda,-,-,-,-,-,-,32.97500000,74.70000000,25-05-2008 00:00,7.45,337,"",0,171,"",11,"",0,"","","",150,40,12.21,4.8,"",1.25,"","","","","","","","",""
2797,Tanda Sheeda,CGWB,1,Jammu & Kashmir,5,JAMMU,AKHNOOR,AKHNOOR,Tanda Sheeda,-,-,-,-,-,-,32.97500000,74.70000000,25-05-2009 00:00,7.15,282,"",0,134,"",11,"",0,"","","",123,22,16.56,1.8,"",0.43,"","","","","","","","",""
2798,Tanda Sheeda,CGWB,1,Jammu & Kashmir,5,JAMMU,AKHNOOR,AKHNOOR,Tanda Sheeda,-,-,-,-,-,-,32.97500000,74.70000000,25-05-2010 00:00,8.5,200,"",6,110,"",11,"",0,"","","",100,22,10.97,6.5,"",0.27,"","","","","","","","",""
2799,Tanda Sheeda,CGWB,1,Jammu & Kashmir,5,JAMMU,AKHNOOR,AKHNOOR,Tanda Sheeda,-,-,-,-,-,-,32.97500000,74.70000000,25-05-2014 00:00,7.36,390,"",0,140,114.75,14,"",80,"","","",210,32,31.65,3.8,"",2.68,"","","","","","","","",""
2800,Tanda Sheeda,CGWB,1,Jammu & Kashmir,5,JAMMU,AKHNOOR,AKHNOOR,Tanda Sheeda,-,-,-,-,-,-,32.97500000,74.70000000,25-05-2015 00:00,8.07,290,"",0,159,130.33,21,"",16,"","","",160,20,26.77,4.8,"",0.35,"","","","","","","","",""
2801,Tanda Sheeda,CGWB,1,Jammu & Kashmir,5,JAMMU,AKHNOOR,AKHNOOR,Tanda Sheeda,-,-,-,-,-,-,32.97500000,74.70000000,25-05-2016 00:00,7.6,380,197.6,0,189,"",11,"",13,"","","",175,40,18,7.06,"",0,"","","","","","","","",""
2802,Tanda Sheeda,CGWB,1,Jammu & Kashmir,5,JAMMU,AKHNOOR,AKHNOOR,Tanda Sheeda,-,-,-,-,-,-,32.97500000,74.70000000,30-05-2019 08:00,7.54,280,750,0,185,"",14,"","","","","",152,48,8,4.1,"","","","","","","","","","",""
2803,Tanda Sheeda,CGWB,1,Jammu & Kashmir,5,JAMMU,AKHNOOR,AKHNOOR,Tanda Sheeda,-,-,-,-,-,-,32.97500000,74.70000000,30-05-2020 08:00,7.54,280,"","",185,"",14,"","","","","","",48,8,4.1,"","","","","","","","","","",""
2804,Tanda Sheeda,CGWB,1,Jammu & Kashmir,5,JAMMU,AKHNOOR,AKHNOOR,Tanda Sheeda,-,-,-,-,-,-,32.97500000,74.70000000,30-05-2021 08:00,7.4,4260,"",0,280.6,"",978.42,"",315,"","","",1310,164,218.736,304.3,"","","","","","","","","","",""
2805,Taryai,CGWB,1,Jammu & Kashmir,5,JAMMU,AKHNOOR,AKHNOOR,Taryai,-,-,-,-,-,-,32.87388889,74.61444444,25-05-2000 00:00,8.05,382,"",0,145,"",17,"","","","","",111,23,13,15,"","","","","","","","","","",""
2806,Taryai,CGWB,1,Jammu & Kashmir,5,JAMMU,AKHNOOR,AKHNOOR,Taryai,-,-,-,-,-,-,32.87388889,74.61444444,25-05-2001 00:00,7.9,748,"",0,293,"",14,"","","","","",265,84,13.47,19,"","","","","","","","","","",""
2807,Taryai,CGWB,1,Jammu & Kashmir,5,JAMMU,AKHNOOR,AKHNOOR,Taryai,-,-,-,-,-,-,32.87388889,74.61444444,25-05-2002 00:00,7.7,640,"",0,299,"",17,"","","","","",270,85,14.08,21,"",0.18,"","","","","","","","",""
2808,Taryai,CGWB,1,Jammu & Kashmir,5,JAMMU,AKHNOOR,AKHNOOR,Taryai,-,-,-,-,-,-,32.87388889,74.61444444,25-05-2003 00:00,7.8,560,"",0,268,"",11,"","","","","",240,74,13.46,22,"","","","","","","","","","",""
2809,Taryai,CGWB,1,Jammu & Kashmir,5,JAMMU,AKHNOOR,AKHNOOR,Taryai,-,-,-,-,-,-,32.87388889,74.61444444,25-05-2005 00:00,8.39,335,"",22,112,"",15,"","","","","",154,50,7.11,13,"","","","","","","","","","",""
2810,Taryai,CGWB,1,Jammu & Kashmir,5,JAMMU,AKHNOOR,AKHNOOR,Taryai,-,-,-,-,-,-,32.87388889,74.61444444,25-05-2006 00:00,7.8,323,"",0,201,"",11,"","","","","",160,54,6.14,17,"","","","","","","","","","",""
2811,Taryai,CGWB,1,Jammu & Kashmir,5,JAMMU,AKHNOOR,AKHNOOR,Taryai,-,-,-,-,-,-,32.87388889,74.61444444,25-05-2007 00:00,8.24,279,"",0,104,"",21,"","","","","",115,18,17.04,10,"","","","","","","","","","",""
2812,Taryai,CGWB,1,Jammu & Kashmir,5,JAMMU,AKHNOOR,AKHNOOR,Taryai,-,-,-,-,-,-,32.87388889,74.61444444,25-05-2008 00:00,7.85,575,"",0,220,"",28,"",31,"","","",245,78,12.25,13,"",0.1,"","","","","","","","",""
2813,Taryai,CGWB,1,Jammu & Kashmir,5,JAMMU,AKHNOOR,AKHNOOR,Taryai,-,-,-,-,-,-,32.87388889,74.61444444,25-05-2009 00:00,7.05,380,"",0,189,"",7.1,"",0,"","","",153,33,17.18,13,"",0.06,"","","","","","","","",""
2814,Taryai,CGWB,1,Jammu & Kashmir,5,JAMMU,AKHNOOR,AKHNOOR,Taryai,-,-,-,-,-,-,32.87388889,74.61444444,25-05-2010 00:00,8.5,290,"",6,122,"",21,"",0.1,"","","",130,32,12.2,12,"",0.35,"","","","","","","","",""
2815,Taryai,CGWB,1,Jammu & Kashmir,5,JAMMU,AKHNOOR,AKHNOOR,Taryai,-,-,-,-,-,-,32.87388889,74.61444444,25-05-2012 00:00,7.89,600,"",0,287,"",32,"",0.01,"","","",279,84,17,10,"",0.3,"","","","","","","","",""
2816,Taryai,CGWB,1,Jammu & Kashmir,5,JAMMU,AKHNOOR,AKHNOOR,Taryai,-,-,-,-,-,-,32.87388889,74.61444444,25-05-2013 00:00,8.15,300,"",0,122,100,14,"",20,"","","",135,34,12.2,3,"",1.2,"","","","","","","","",""
2817,Taryai,CGWB,1,Jammu & Kashmir,5,JAMMU,AKHNOOR,AKHNOOR,Taryai,-,-,-,-,-,-,32.87388889,74.61444444,25-05-2014 00:00,7.5,280,"",0,104,85.25,7,"",44,"","","",80,18,8.53,31,"",0.57,"","","","","","","","",""
2818,Taryai,CGWB,1,Jammu & Kashmir,5,JAMMU,AKHNOOR,AKHNOOR,Taryai,-,-,-,-,-,-,32.87388889,74.61444444,25-05-2015 00:00,8.22,290,"",0,165,135.25,11,"",1,"","","",135,20,20.69,4.5,"",0.35,"","","","","","","","",""
2819,Taryai,CGWB,1,Jammu & Kashmir,5,JAMMU,AKHNOOR,AKHNOOR,Taryai,-,-,-,-,-,-,32.87388889,74.61444444,25-05-2016 00:00,8.13,369,191.88,0,195.2,"",10.65,"",32.943394,"","","",177.785,60.12,6.757312,20.4,"",0,"","","","","","","","",""
2820,Taryai,CGWB,1,Jammu & Kashmir,5,JAMMU,AKHNOOR,AKHNOOR,Taryai,-,-,-,-,-,-,32.87388889,74.61444444,30-05-2019 08:00,7.75,880,204,0,252,"",102,"","","","","",304,52,42,71.9,"","","","","","","","","","",""
2821,Taryai,CGWB,1,Jammu & Kashmir,5,JAMMU,AKHNOOR,AKHNOOR,Taryai,-,-,-,-,-,-,32.87388889,74.61444444,30-05-2020 08:00,7.75,880,"","",252,"",102,"","","","","","",52,42,71.9,"","","","","","","","","","",""
2822,Taryai,CGWB,1,Jammu & Kashmir,5,JAMMU,AKHNOOR,AKHNOOR,Taryai,-,-,-,-,-,-,32.87388889,74.61444444,30-05-2021 08:00,7.54,951,"",0,366,"",106.35,"",22,"","","",350,80,36.456,53,"","","","","","","","","","",""
2823,Thandapani,CGWB,1,Jammu & Kashmir,12,RAJAURI,SUNDERBANI,SUNDERBANI,Thandapani,-,-,-,-,-,-,33.06722222,74.48666667,25-05-2016 00:00,7.52,390,202.8,0,98,"",18,"",77,"","","",135,20,21,29,"",0,"","","","","","","","",""
2824,Thandapani,CGWB,1,Jammu & Kashmir,12,RAJAURI,SUNDERBANI,SUNDERBANI,Thandapani,-,-,-,-,-,-,33.06722222,74.48666667,30-05-2019 08:00,8.17,470,348,0,265,"",48,"","","","","",260,39,40,31,"","","","","","","","","","",""
2825,Thandapani,CGWB,1,Jammu & Kashmir,12,RAJAURI,SUNDERBANI,SUNDERBANI,Thandapani,-,-,-,-,-,-,33.06722222,74.48666667,30-05-2020 08:00,8.17,470,"","",265,"",48,"","","","","","",39,40,31,"","","","","","","","","","",""
2826,Thandapani,CGWB,1,Jammu & Kashmir,12,RAJAURI,SUNDERBANI,SUNDERBANI,Thandapani,-,-,-,-,-,-,33.06722222,74.48666667,30-05-2021 08:00,7.43,2950,"",0,329.4,"",361.59,"",312,"","","",790,120,119.0896,223,"","","","","","","","","","",""
2827,Thangrot,CGWB,1,Jammu & Kashmir,12,RAJAURI,SUNDERBANI,SUNDERBANI,Thangrot,-,-,-,-,-,-,33.14166667,74.58611111,25-05-2000 00:00,7.65,320,"",0,177,"",10,"","","","","",155,36,15.85,"","","","","","","","","","","",""
2828,Thangrot,CGWB,1,Jammu & Kashmir,12,RAJAURI,SUNDERBANI,SUNDERBANI,Thangrot,-,-,-,-,-,-,33.14166667,74.58611111,25-05-2001 00:00,7.64,543,"",0,303,"",28,"","","","","",300,70,30.48,23,"","","","","","","","","","",""
2829,Thangrot,CGWB,1,Jammu & Kashmir,12,RAJAURI,SUNDERBANI,SUNDERBANI,Thangrot,-,-,-,-,-,-,33.14166667,74.58611111,25-05-2002 00:00,7.3,827,"",0,335,"",42,"",17,"","","",269,73,21.12,55,"",0.08,"","","","","","","","",""
2830,Thangrot,CGWB,1,Jammu & Kashmir,12,RAJAURI,SUNDERBANI,SUNDERBANI,Thangrot,-,-,-,-,-,-,33.14166667,74.58611111,25-05-2003 00:00,7.41,610,"",0,354,"",14,"","","","","",310,34,54.75,9.2,"","","","","","","","","","",""
2831,Thangrot,CGWB,1,Jammu & Kashmir,12,RAJAURI,SUNDERBANI,SUNDERBANI,Thangrot,-,-,-,-,-,-,33.14166667,74.58611111,25-05-2004 00:00,8.12,703,"",0,403,"",11,"","","","","",325,46,51.11,9.2,"","","","","","","","","","",""
2832,Thangrot,CGWB,1,Jammu & Kashmir,12,RAJAURI,SUNDERBANI,SUNDERBANI,Thangrot,-,-,-,-,-,-,33.14166667,74.58611111,25-05-2005 00:00,7.51,618,"",0,348,"",11,"","","","","",300,40,48.67,8.4,"","","","","","","","","","",""
2833,Thangrot,CGWB,1,Jammu & Kashmir,12,RAJAURI,SUNDERBANI,SUNDERBANI,Thangrot,-,-,-,-,-,-,33.14166667,74.58611111,25-05-2006 00:00,7.88,478,"",0,250,"",18,"","","","","",250,40,36.52,9,"","","","","","","","","","",""
2834,Thangrot,CGWB,1,Jammu & Kashmir,12,RAJAURI,SUNDERBANI,SUNDERBANI,Thangrot,-,-,-,-,-,-,33.14166667,74.58611111,25-05-2007 00:00,8.24,392,"",0,226,"",14,"","","","","",200,28,31.64,12,"","","","","","","","","","",""
2835,Thangrot,CGWB,1,Jammu & Kashmir,12,RAJAURI,SUNDERBANI,SUNDERBANI,Thangrot,-,-,-,-,-,-,33.14166667,74.58611111,25-05-2008 00:00,7.7,566,"",0,293,"",18,"",8,"","","",255,56,28.03,10,"",0.46,"","","","","","","","",""
2836,Thangrot,CGWB,1,Jammu & Kashmir,12,RAJAURI,SUNDERBANI,SUNDERBANI,Thangrot,-,-,-,-,-,-,33.14166667,74.58611111,25-05-2009 00:00,7.8,450,"",0,281,"",14,"",20,"","","",250,38,37.73,11,"",0.98,"","","","","","","","",""
2837,Thangrot,CGWB,1,Jammu & Kashmir,12,RAJAURI,SUNDERBANI,SUNDERBANI,Thangrot,-,-,-,-,-,-,33.14166667,74.58611111,25-05-2010 00:00,8.65,300,"",6,146,"",18,"",0,"","","",145,12,27.97,11,"",0.37,"","","","","","","","",""
2838,Thangrot,CGWB,1,Jammu & Kashmir,12,RAJAURI,SUNDERBANI,SUNDERBANI,Thangrot,-,-,-,-,-,-,33.14166667,74.58611111,25-05-2012 00:00,7.31,550,"",0,286,"",21,"",0,"","","",250,46,33,12,"",1.6,"","","","","","","","",""
2839,Thangrot,CGWB,1,Jammu & Kashmir,12,RAJAURI,SUNDERBANI,SUNDERBANI,Thangrot,-,-,-,-,-,-,33.14166667,74.58611111,25-05-2013 00:00,7.88,760,"",0,330,270.5,21,"",15,"","","",245,48,30.45,36,"","","","","","","","","","",""
2840,Thangrot,CGWB,1,Jammu & Kashmir,12,RAJAURI,SUNDERBANI,SUNDERBANI,Thangrot,-,-,-,-,-,-,33.14166667,74.58611111,25-05-2014 00:00,7.75,450,"",0,232,190.16,18,"",16,"","","",210,22,37.71,9.2,"",0.59,"","","","","","","","",""
2841,Thangrot,CGWB,1,Jammu & Kashmir,12,RAJAURI,SUNDERBANI,SUNDERBANI,Thangrot,-,-,-,-,-,-,33.14166667,74.58611111,25-05-2016 00:00,7.58,490,254.8,0,153,"",18,"",82,"","","",130,18,21,53,"",0,"","","","","","","","",""
2842,Thangrot,CGWB,1,Jammu & Kashmir,12,RAJAURI,SUNDERBANI,SUNDERBANI,Thangrot,-,-,-,-,-,-,33.14166667,74.58611111,30-05-2019 08:00,7.98,440,246,0,331,"",20,"","","","","",239,61,21,24,"","","","","","","","","","",""
2843,Thangrot,CGWB,1,Jammu & Kashmir,12,RAJAURI,SUNDERBANI,SUNDERBANI,Thangrot,-,-,-,-,-,-,33.14166667,74.58611111,30-05-2020 08:00,7.98,440,"","",331,"",20,"","","","","","",61,21,24,"","","","","","","","","","",""
2844,Thangrot,CGWB,1,Jammu & Kashmir,12,RAJAURI,SUNDERBANI,SUNDERBANI,Thangrot,-,-,-,-,-,-,33.14166667,74.58611111,30-05-2021 08:00,7.45,972,"",0,329.454,"",142,"",13.5,"","","",280,52,36.486,96,"","","","","","","","","","",""
2845,Tral,CGWB,1,Jammu & Kashmir,11,PULWAMA,TRAL,TRAL,Tral,-,-,-,-,-,-,33.91388889,75.03472222,25-05-2013 00:00,7.65,640,"",0,354,290.2,18,"",24,"","","",335,102,19.57,8.7,"",0.12,"","","","","","","","",""
2846,Tral,CGWB,1,Jammu & Kashmir,11,PULWAMA,TRAL,TRAL,Tral,-,-,-,-,-,-,33.91388889,75.03472222,25-05-2014 00:00,7.3,480,"","","","","","","","","","",245,64,20.74,5.7,"",1.09,"","","","","","","","",""
2847,Tral,CGWB,1,Jammu & Kashmir,11,PULWAMA,TRAL,TRAL,Tral,-,-,-,-,-,-,33.91388889,75.03472222,30-05-2021 08:00,7.5,800,"",0,244,"",63.81,"",39,"","","",255,64,23.0888,32,"","","","","","","","","","",""
2848,Trehgam,CGWB,1,Jammu & Kashmir,8,KUPWARA,KUPWARA,KUPWARA,Trehgam,-,-,-,-,-,-,34.51666667,74.17527778,25-05-2012 00:00,7.72,920,"",0,378,"",96,"",45,"","","",430,128,27,38,"","","","","","","","","","",""
2849,Trehgam,CGWB,1,Jammu & Kashmir,8,KUPWARA,KUPWARA,KUPWARA,Trehgam,-,-,-,-,-,-,34.51666667,74.17527778,25-05-2013 00:00,7.95,870,"",0,336,275.4,71,"",50,"","","",365,110,22.02,35,"",0.06,"","","","","","","","",""
2850,Trehgam,CGWB,1,Jammu & Kashmir,8,KUPWARA,KUPWARA,KUPWARA,Trehgam,-,-,-,-,-,-,34.51666667,74.17527778,25-05-2015 00:00,8.28,590,"",0,305,250,87,"",0,"","","",290,38,47.46,45,"","","","","","","","","","",""
2851,Trehgam,CGWB,1,Jammu & Kashmir,8,KUPWARA,KUPWARA,KUPWARA,Trehgam,-,-,-,-,-,-,34.51666667,74.17527778,25-05-2016 00:00,7.98,590,306.8,0,214,"",53,"",74.71386,"","","",240,12,51,48,"",0,"","","","","","","","",""
2852,Trehgam,CGWB,1,Jammu & Kashmir,8,KUPWARA,KUPWARA,KUPWARA,Trehgam,-,-,-,-,-,-,34.51666667,74.17527778,30-05-2019 08:00,8.25,730,222,0,278,"",41,"","","","","",282,13,61,52,"","","","","","","","","","",""
2853,Trehgam,CGWB,1,Jammu & Kashmir,8,KUPWARA,KUPWARA,KUPWARA,Trehgam,-,-,-,-,-,-,34.51666667,74.17527778,30-05-2020 08:00,8.25,730,"","",278,"",41,"","","","","","",13,61,52,"","","","","","","","","","",""
2854,Trikuta Nagar,CGWB,1,Jammu & Kashmir,5,JAMMU,JAMMU,JAMMU,Trikuta Nagar,-,-,-,-,-,-,32.70250000,74.88861111,25-05-2012 00:00,7.65,770,"",0,336,"",36,"",32,"","","",324,100,18,28,"",0.32,"","","","","","","","",""
2855,Trikuta Nagar,CGWB,1,Jammu & Kashmir,5,JAMMU,JAMMU,JAMMU,Trikuta Nagar,-,-,-,-,-,-,32.70250000,74.88861111,25-05-2013 00:00,8.35,460,"",6,159,140.3,39,"",4,"","","",225,56,20.73,26,"",0.07,"","","","","","","","",""
2856,Trikuta Nagar,CGWB,1,Jammu & Kashmir,5,JAMMU,JAMMU,JAMMU,Trikuta Nagar,-,-,-,-,-,-,32.70250000,74.88861111,25-05-2014 00:00,7.69,620,"",0,235,192.62,39,"",32,"","","",210,20,38.93,42,"",0.39,"","","","","","","","",""
2857,Trikuta Nagar,CGWB,1,Jammu & Kashmir,5,JAMMU,JAMMU,JAMMU,Trikuta Nagar,-,-,-,-,-,-,32.70250000,74.88861111,25-05-2015 00:00,7.57,840,"",0,488,400,43,"",0,"","","",405,118,26.89,31.4,"","","","","","","","","","",""
2858,Trikuta Nagar,CGWB,1,Jammu & Kashmir,5,JAMMU,JAMMU,JAMMU,Trikuta Nagar,-,-,-,-,-,-,32.70250000,74.88861111,30-05-2021 08:00,7.7,1273,"",0,366,"",113.44,"",145,"","","",540,72,87.4944,43.4,"","","","","","","","","","",""
2859,Upper Ban,CGWB,1,Jammu & Kashmir,5,JAMMU,JAMMU,JAMMU,Upper Ban,-,-,-,-,-,-,32.82916667,74.93833333,30-05-2021 08:00,7.3,1843,"",0,451.4,"",241.06,"",92,"","","",500,64,82.6336,112,"","","","","","","","","","",""
2860,Upralakanhal,CGWB,1,Jammu & Kashmir,5,JAMMU,SAMBA,SAMBA,Upralakanhal,-,-,-,-,-,-,32.63333333,74.88333333,25-05-2000 00:00,8.69,680,"",18,333,"",35,"","","","","",149,30,18,88,"","","","","","","","","","",""
2861,Upralakanhal,CGWB,1,Jammu & Kashmir,5,JAMMU,SAMBA,SAMBA,Upralakanhal,-,-,-,-,-,-,32.63333333,74.88333333,25-05-2001 00:00,7.66,950,"",0,444,"",69,"","","","","",375,110,24.45,60,"","","","","","","","","","",""
2862,Upralakanhal,CGWB,1,Jammu & Kashmir,5,JAMMU,SAMBA,SAMBA,Upralakanhal,-,-,-,-,-,-,32.63333333,74.88333333,25-05-2002 00:00,8.1,920,"",0,478,"",52,"","","","","",288,64,31.2,90,"",14,"","","","","","","","",""
2863,Upralakanhal,CGWB,1,Jammu & Kashmir,5,JAMMU,SAMBA,SAMBA,Upralakanhal,-,-,-,-,-,-,32.63333333,74.88333333,25-05-2003 00:00,7.7,935,"",0,439,"",35,"","","","","",275,40,42.6,80,"","","","","","","","","","",""
2864,Upralakanhal,CGWB,1,Jammu & Kashmir,5,JAMMU,SAMBA,SAMBA,Upralakanhal,-,-,-,-,-,-,32.63333333,74.88333333,25-05-2004 00:00,6.9,1800,"",0,696,"",142,"","","","","",540,132,51.22,187,"","","","","","","","","","",""
2865,Upralakanhal,CGWB,1,Jammu & Kashmir,5,JAMMU,SAMBA,SAMBA,Upralakanhal,-,-,-,-,-,-,32.63333333,74.88333333,25-05-2005 00:00,7.82,705,"",0,427,"",14,"","","","","",319,88,24.18,25,"","","","","","","","","","",""
2866,Upralakanhal,CGWB,1,Jammu & Kashmir,5,JAMMU,SAMBA,SAMBA,Upralakanhal,-,-,-,-,-,-,32.63333333,74.88333333,25-05-2006 00:00,7.6,555,"",0,336,"",25,"","","","","",153,20,25.07,70,"","","","","","","","","","",""
2867,Upralakanhal,CGWB,1,Jammu & Kashmir,5,JAMMU,SAMBA,SAMBA,Upralakanhal,-,-,-,-,-,-,32.63333333,74.88333333,25-05-2007 00:00,7.95,940,"",0,494,"",71,"","","","","",225,36,32.87,138,"","","","","","","","","","",""
2868,Upralakanhal,CGWB,1,Jammu & Kashmir,5,JAMMU,SAMBA,SAMBA,Upralakanhal,-,-,-,-,-,-,32.63333333,74.88333333,25-05-2008 00:00,7.35,798,"",0,378,"",32,"",55,"","","",270,66,25.61,61,"",0.36,"","","","","","","","",""
2869,Upralakanhal,CGWB,1,Jammu & Kashmir,5,JAMMU,SAMBA,SAMBA,Upralakanhal,-,-,-,-,-,-,32.63333333,74.88333333,25-05-2009 00:00,7.56,590,"",0,366,"",7.1,"",10,"","","",270,66,25.61,23,"",1.04,"","","","","","","","",""
2870,Upralakanhal,CGWB,1,Jammu & Kashmir,5,JAMMU,SAMBA,SAMBA,Upralakanhal,-,-,-,-,-,-,32.63333333,74.88333333,25-05-2010 00:00,8.6,800,"",24,421,"",39,"",16,"","","",275,68,25.61,72,"",0.45,"","","","","","","","",""
2871,Upralakanhal,CGWB,1,Jammu & Kashmir,5,JAMMU,SAMBA,SAMBA,Upralakanhal,-,-,-,-,-,-,32.63333333,74.88333333,25-05-2012 00:00,7.8,323,"",0,323,"",11,"",0,"","","",224,42,29,22,"",0.12,"","","","","","","","",""
2872,Upralakanhal,CGWB,1,Jammu & Kashmir,5,JAMMU,SAMBA,SAMBA,Upralakanhal,-,-,-,-,-,-,32.63333333,74.88333333,25-05-2013 00:00,8.69,570,"",6,275,235.4,"","",2,"","","",140,12,26.76,91,"",0.22,"","","","","","","","",""
2873,Upralakanhal,CGWB,1,Jammu & Kashmir,5,JAMMU,SAMBA,SAMBA,Upralakanhal,-,-,-,-,-,-,32.63333333,74.88333333,25-05-2015 00:00,7.63,550,"",0,256,209.84,25,"",0,"","","",235,50,26.81,16.3,"",4.68,"","","","","","","","",""
2874,Upralakanhal,CGWB,1,Jammu & Kashmir,5,JAMMU,SAMBA,SAMBA,Upralakanhal,-,-,-,-,-,-,32.63333333,74.88333333,25-05-2016 00:00,7.14,730,379.6,0,463.6,"",24.85,"",43.628067,"","","",335,40.08,57.152,66.5,"",0.17,"","","","","","","","",""
2875,Uttarbani,CGWB,1,Jammu & Kashmir,5,JAMMU,SAMBA,SAMBA,Uttarbani,-,-,-,-,-,-,32.64777778,75.06361111,25-05-2014 00:00,7.71,260,"",0,122,100,18,"",11,"","","",120,22,15.83,7,"",0.77,"","","","","","","","",""
2876,Uttarbani,CGWB,1,Jammu & Kashmir,5,JAMMU,SAMBA,SAMBA,Uttarbani,-,-,-,-,-,-,32.64777778,75.06361111,25-05-2016 00:00,7.31,680,353.6,0,451.4,"",14.2,"",49.284374,"","","",400,40.08,72.96,14.8,"",0.12,"","","","","","","","",""
2877,Uttarbani,CGWB,1,Jammu & Kashmir,5,JAMMU,SAMBA,SAMBA,Uttarbani,-,-,-,-,-,-,32.64777778,75.06361111,30-05-2019 08:00,8.66,390,216,7,232,"",27,"","","","","",217,22,40,16,"","","","","","","","","","",""
2878,Uttarbani,CGWB,1,Jammu & Kashmir,5,JAMMU,SAMBA,SAMBA,Uttarbani,-,-,-,-,-,-,32.64777778,75.06361111,30-05-2020 08:00,8.66,390,"","",232,"",27,"","","","","","",22,40,16,"","","","","","","","","","",""
2879,Uttarbani,CGWB,1,Jammu & Kashmir,5,JAMMU,SAMBA,SAMBA,Uttarbani,-,-,-,-,-,-,32.64777778,75.06361111,30-05-2021 08:00,7.57,528,"",0,262,"",28,"",28,"","","",175,52,11,50,"","","","","","","","","","",""
2880,Waripora,CGWB,1,Jammu & Kashmir,3,BARAMULA,GULMARG,GULMARG,Waripora,-,-,-,-,-,-,34.09055556,74.56111111,25-05-2012 00:00,8.24,160,"",0,79,"",12,"",0,"","","",70,22,3.6,4.6,"",0.08,"","","","","","","","",""
2881,Waripora,CGWB,1,Jammu & Kashmir,3,BARAMULA,GULMARG,GULMARG,Waripora,-,-,-,-,-,-,34.09055556,74.56111111,25-05-2013 00:00,7.69,190,"",0,104,85.3,7,"",1,"","","",90,26,6,5.4,"",0.25,"","","","","","","","",""
2882,Waripora,CGWB,1,Jammu & Kashmir,3,BARAMULA,GULMARG,GULMARG,Waripora,-,-,-,-,-,-,34.09055556,74.56111111,25-05-2014 00:00,7.96,200,"",0,116,95.08,18,"",36,"","","",150,6,33,3.6,"",0.04,"","","","","","","","",""
2883,Waripora,CGWB,1,Jammu & Kashmir,3,BARAMULA,GULMARG,GULMARG,Waripora,-,-,-,-,-,-,34.09055556,74.56111111,25-05-2015 00:00,7.93,180,"",0,92,75.41,10.4,"",45,"","","",130,26,15.84,3.9,"",0.08,"","","","","","","","",""
2884,Waripora,CGWB,1,Jammu & Kashmir,3,BARAMULA,GULMARG,GULMARG,Waripora,-,-,-,-,-,-,34.09055556,74.56111111,25-05-2016 00:00,7.58,280,145.6,0,128,"",14,"",7.1109295,"","","",125,12,23,4,"",0,"","","","","","","","",""
2885,Waripora,CGWB,1,Jammu & Kashmir,3,BARAMULA,GULMARG,GULMARG,Waripora,-,-,-,-,-,-,34.09055556,74.56111111,30-05-2019 08:00,9.4,160,114,14,66,"",14,"","","","","",87,17,11,6.7,"","","","","","","","","","",""
2886,Waripora,CGWB,1,Jammu & Kashmir,3,BARAMULA,GULMARG,GULMARG,Waripora,-,-,-,-,-,-,34.09055556,74.56111111,30-05-2020 08:00,9.4,160,"","",66,"",14,"","","","","","",17,11,6.7,"","","","","","","","","","",""
2887,Waripora,CGWB,1,Jammu & Kashmir,3,BARAMULA,GULMARG,GULMARG,Waripora,-,-,-,-,-,-,34.09055556,74.56111111,30-05-2021 08:00,7.6,3580,"",0,439.2,"",545.93,"",245,"","","",510,96,65.6208,375.8,"","","","","","","","","","",""
2888,Zeewan,CGWB,1,Jammu & Kashmir,11,PULWAMA,PULWAMA,PULWAMA,Zeewan,-,-,-,-,-,-,34.04222222,74.91666667,25-05-2012 00:00,7.62,470,"",0,268,"",25,"",22,"","","",265,70,22,9.3,"",6.5,"","","","","","","","",""
2889,Zeewan,CGWB,1,Jammu & Kashmir,11,PULWAMA,PULWAMA,PULWAMA,Zeewan,-,-,-,-,-,-,34.04222222,74.91666667,25-05-2013 00:00,7.5,730,"","","","","","","","","","",345,126,7.45,16,"",12,"","","","","","","","",""
2890,Zeewan,CGWB,1,Jammu & Kashmir,11,PULWAMA,PULWAMA,PULWAMA,Zeewan,-,-,-,-,-,-,34.04222222,74.91666667,25-05-2014 00:00,8.09,690,"",0,390,319.67,43,"",0,"","","",320,86,25.63,26.1,"",1.43,"","","","","","","","",""
2891,Zeewan,CGWB,1,Jammu & Kashmir,11,PULWAMA,PULWAMA,PULWAMA,Zeewan,-,-,-,-,-,-,34.04222222,74.91666667,25-05-2015 00:00,8.14,450,"",0,146,119.67,35,"",18,"","","",190,36,24,15,"",0.39,"","","","","","","","",""
2892,Zeewan,CGWB,1,Jammu & Kashmir,11,PULWAMA,PULWAMA,PULWAMA,Zeewan,-,-,-,-,-,-,34.04222222,74.91666667,25-05-2016 00:00,7.65,370,192.4,0,153,"",21,"",40.45052,"","","",180,36,22,14.5,"",0,"","","","","","","","",""
2893,Zeewan,CGWB,1,Jammu & Kashmir,11,PULWAMA,PULWAMA,PULWAMA,Zeewan,-,-,-,-,-,-,34.04222222,74.91666667,30-05-2019 08:00,8.27,380,222,0,252,"",14,"","","","","",260,9,58,8.8,"","","","","","","","","","",""
2894,Zeewan,CGWB,1,Jammu & Kashmir,11,PULWAMA,PULWAMA,PULWAMA,Zeewan,-,-,-,-,-,-,34.04222222,74.91666667,30-05-2020 08:00,8.27,380,"","",252,"",14,"","","","","","",9,58,8.8,"","","","","","","","","","",""
