SlNo,Station,Agency,State LGD Code,State,District LGD Code,District,Tehsil,Block,Village,River,Basin,Tributary,Subtributary,SubSubtributary,Local River,Latitude,Longitude,Data Acquisition Time,Potential of Hydrogen (pH),Electric Conductivity (μS/cm),Total Dissolved Solids (mg/L),Carbonate (mg/L),Bicarbonate (mg/L),Total Alkalinity (mg/L as CaCO3),Chloride (mg/L),Nitrate N (mgN/L),Sulphate (mg/L),Phosphate(mg/L),Silica(mg/L),Fluoride (mg/L),Total Hardness (mgCaCO3/L),Calcium (mg/L),Magnesium (mg/L),Sodium (mg/L),Potassium (mg/L),Iron(mg/L),Arsenic (mg/L),Uranium(mg/L),Manganese (mg/L),Copper (mg/L),Lead (mg/L),Zinc (mg/L),Nickel (mg/L),Cadmium (mg/L),Chromium (mg/L)
1,Amda(bara),CGWB,20,Jharkhand,343,PASHCHIMI SINGHBHUM,TONTO,TONTO,Amda(bara),-,-,-,-,-,-,22.50416667,85.75000000,25-05-2003 00:00,6.85,300,"","","","","","","","","","","","","","","","","","","","","","","","",""
2,Amjora,CGWB,20,Jharkhand,339,RANCHI,KHUNTI,KHUNTI,Amjora,-,-,-,-,-,-,23.05888889,85.19638889,30-05-2019 08:00,7.5,361,87.75,"",61,"",81.65,"",1.2,"","","",155,58,2.43,11,"","","","","","","","","","",""
3,Amjora,CGWB,20,Jharkhand,339,RANCHI,KHUNTI,KHUNTI,Amjora,-,-,-,-,-,-,23.05888889,85.19638889,30-05-2020 08:00,7.5,361,"","",61,"",81.65,"",1.2,"","","","",58,2.43,11,"","","","","","","","","","",""
4,Amrapara,CGWB,20,Jharkhand,337,Pakur,AMRAPARA,AMRAPARA,Amrapara,-,-,-,-,-,-,24.53194444,87.56805556,25-05-2004 00:00,8,580,"",0,299,"",14,"","","","","",170,38,18.28,44,"","","","","","","","","","",""
5,Amrapara,CGWB,20,Jharkhand,337,Pakur,AMRAPARA,AMRAPARA,Amrapara,-,-,-,-,-,-,24.53194444,87.56805556,25-05-2005 00:00,7.72,900,"",0,256,"",107,"","","","","",320,76,31.7,55,"","","","","","","","","","",""
6,Amrapara,CGWB,20,Jharkhand,337,Pakur,AMRAPARA,AMRAPARA,Amrapara,-,-,-,-,-,-,24.53194444,87.56805556,25-05-2008 00:00,8.26,580,"",0,268,"",18,"","","","","",200,52,17,31,"","","","","","","","","","",""
7,Amrapara,CGWB,20,Jharkhand,337,Pakur,AMRAPARA,AMRAPARA,Amrapara,-,-,-,-,-,-,24.53194444,87.56805556,25-05-2009 00:00,7.65,970,"",0,281,"",64,"","","","","",325,76,33,64,"","","","","","","","","","",""
8,Amrapara,CGWB,20,Jharkhand,337,Pakur,AMRAPARA,AMRAPARA,Amrapara,-,-,-,-,-,-,24.53194444,87.56805556,25-05-2010 00:00,7.3,751,"",0,354,"",46,"","","","","",255,44,35,36,"","","","","","","","","","",""
9,Amrapara,CGWB,20,Jharkhand,337,Pakur,AMRAPARA,AMRAPARA,Amrapara,-,-,-,-,-,-,24.53194444,87.56805556,25-05-2011 00:00,7.45,1014,"",0,264.45,"",70.9,"","","","","",235,54,30.37,92,"","","","","","","","","","",""
10,Amritnagar,CGWB,20,Jharkhand,332,HAZARIBAG,-,-,-,-,-,-,-,-,-,23.98000000,85.36500000,30-05-2021 08:00,7.62,1132,735.8,0,384.3,"",122.49657,"",51,"","","",355,104,23.104,92,"","","","","","","","","","",""
11,Angara,CGWB,20,Jharkhand,339,RANCHI,ANGARA,ANGARA,Angara,-,-,-,-,-,-,23.39444444,85.51666667,25-05-2003 00:00,8.23,308,"","","","","","","","","","","","","","","","","","","","","","","","",""
12,Angara,CGWB,20,Jharkhand,339,RANCHI,ANGARA,ANGARA,Angara,-,-,-,-,-,-,23.39444444,85.51666667,25-05-2004 00:00,8.31,430,"",23,96,"",131,"","","","","",147,44,9,39,"","","","","","","","","","",""
13,Angara,CGWB,20,Jharkhand,339,RANCHI,ANGARA,ANGARA,Angara,-,-,-,-,-,-,23.39444444,85.51666667,25-05-2005 00:00,7.88,460,"",0,171,"",39,"",6.2,"","","",155,44,10.99,30,"","","","","","","","","","",""
14,Angara,CGWB,20,Jharkhand,339,RANCHI,ANGARA,ANGARA,Angara,-,-,-,-,-,-,23.39444444,85.51666667,25-05-2007 00:00,6.95,411,"","",152,124.6,60,"","","","","",120,36,7.34,35,"","","","","","","","","","",""
15,Angara,CGWB,20,Jharkhand,339,RANCHI,ANGARA,ANGARA,Angara,-,-,-,-,-,-,23.39444444,85.51666667,25-05-2008 00:00,6.63,242,"",0,67,"",32,"","","","","",100,20,12,16,"","","","","","","","","","",""
16,Angara,CGWB,20,Jharkhand,339,RANCHI,ANGARA,ANGARA,Angara,-,-,-,-,-,-,23.39444444,85.51666667,25-05-2009 00:00,7.75,270,"",0,73,"",39,"","","","","",95,28,6,14,"","","","","","","","","","",""
17,Angara,CGWB,20,Jharkhand,339,RANCHI,ANGARA,ANGARA,Angara,-,-,-,-,-,-,23.39444444,85.51666667,25-05-2012 00:00,7.32,290,"",0,220,"",26,"",12,"","","",306,106,10.1,27,"","","","","","","","","","",""
18,Angara,CGWB,20,Jharkhand,339,RANCHI,ANGARA,ANGARA,Angara,-,-,-,-,-,-,23.39444444,85.51666667,25-05-2013 00:00,7.38,292,"",0,220,"",26,"",12,"","","",306,106,11,27,"","","","","","","","","","",""
19,Angara1,CGWB,20,Jharkhand,339,RANCHI,ANGARA,ANGARA,Angara,-,-,-,-,-,-,23.39444444,85.51694444,30-05-2019 08:00,8.05,295,351,"",172.2,"",5.8,"",12.44,"","","",125,28,13.365,15.48,"","","","","","","","","","",""
20,Angara1,CGWB,20,Jharkhand,339,RANCHI,ANGARA,ANGARA,Angara,-,-,-,-,-,-,23.39444444,85.51694444,30-05-2020 08:00,8.05,295,"","",172.2,"",5.8,"",12.44,"","","","",28,13.365,15.48,"","","","","","","","","","",""
21,Anjam gram,CGWB,20,Jharkhand,331,GUMLA,GUMLA,GUMLA,Anjam gram,-,-,-,-,-,-,23.06944444,84.51250000,25-05-2003 00:00,7.56,290,"","","","","","","","","","","","","","","","","","","","","","","","",""
22,Anjam gram,CGWB,20,Jharkhand,331,GUMLA,GUMLA,GUMLA,Anjam gram,-,-,-,-,-,-,23.06944444,84.51250000,25-05-2007 00:00,6.97,252,"","",256.2,210,17.7,"","","","","",110,24,12.19,20,"","","","","","","","","","",""
23,Anjam gram,CGWB,20,Jharkhand,331,GUMLA,GUMLA,GUMLA,Anjam gram,-,-,-,-,-,-,23.04416667,84.55333333,25-05-2008 00:00,7.09,514,"",0,110,"",82,"","","","","",185,66,4.9,25,"","","","","","","","","","",""
24,Anjam gram,CGWB,20,Jharkhand,331,GUMLA,GUMLA,GUMLA,Anjam gram,-,-,-,-,-,-,23.04416667,84.55333333,25-05-2009 00:00,7.35,500,"",0,98,"",60,"","","","","",110,32,7.3,73,"","","","","","","","","","",""
25,Anjam gram,CGWB,20,Jharkhand,331,GUMLA,GUMLA,GUMLA,Anjam gram,-,-,-,-,-,-,23.06944444,84.51250000,25-05-2009 00:00,7.82,415,"",0,183,"",25,"","","","","",115,26,12,44,"","","","","","","","","","",""
26,Anjam gram,CGWB,20,Jharkhand,331,GUMLA,GUMLA,GUMLA,Anjam gram,-,-,-,-,-,-,23.06944444,84.51250000,25-05-2011 00:00,8.36,730,"",3,159.8,"",102.8,"","","","","",230,64,17.01,56,"","","","","","","","","","",""
27,Anjam gram,CGWB,20,Jharkhand,331,GUMLA,GUMLA,GUMLA,Anjam gram,-,-,-,-,-,-,23.04416667,84.55333333,25-05-2011 00:00,7.65,500,"",0,98,"",60,"","","","","",110,32,7.3,73,"","","","","","","","","","",""
28,Anjam gram,CGWB,20,Jharkhand,331,GUMLA,GUMLA,GUMLA,Anjam gram,-,-,-,-,-,-,23.06944444,84.51250000,25-05-2012 00:00,8.1,340,"",0,146,"",28,"",11,"","","",105,28,8.54,34,"","","","","","","","","","",""
29,Anjam gram,CGWB,20,Jharkhand,331,GUMLA,GUMLA,GUMLA,Anjam gram,-,-,-,-,-,-,23.06944444,84.51250000,25-05-2013 00:00,8.1,344,"",0,146,"",28,"",11,"","","",105,28,8.54,35,"","","","","","","","","","",""
30,Asanbani,CGWB,20,Jharkhand,327,PURBI SINGHBHUM,POTKA,POTKA,Asanbani,-,-,-,-,-,-,22.71250000,86.31944444,25-05-2004 00:00,6.84,570,"",0,340,"",57,"","","","","",290,87,17,11,"","","","","","","","","","",""
31,Asnamore,CGWB,20,Jharkhand,324,DEOGHAR,SARATH,SARATH,Asnamore,-,-,-,-,-,-,24.14583333,86.84027778,25-05-2000 00:00,8.19,969,"",0,110,"",199,"","","","","",200,48,19,50,"","","","","","","","","","",""
32,Asnamore,CGWB,20,Jharkhand,324,DEOGHAR,SARATH,SARATH,Asnamore,-,-,-,-,-,-,24.14583333,86.84027778,25-05-2003 00:00,7.35,666,"","","","","","","","","","","","","","","","","","","","","","","","",""
33,Asnamore,CGWB,20,Jharkhand,324,DEOGHAR,SARATH,SARATH,Asnamore,-,-,-,-,-,-,24.14583333,86.84027778,25-05-2009 00:00,7.25,700,"",0,98,"",107,"","","","","",210,72,7.3,58,"","","","","","","","","","",""
34,Asnamore,CGWB,20,Jharkhand,324,DEOGHAR,SARATH,SARATH,Asnamore,-,-,-,-,-,-,24.14583333,86.84027778,25-05-2011 00:00,7.36,760,"",0,140,"",174,"","","","","",285,56,35,40,"","","","","","","","","","",""
35,Baghdaha,CGWB,20,Jharkhand,324,DEOGHAR,SARWAN,SARWAN,Baghdaha,-,-,-,-,-,-,24.41111111,86.86944444,25-05-2011 00:00,7.38,635,"",0,244,"",74,"","","","","",195,32,28,52,"","","","","","","","","","",""
36,Baghma,CGWB,20,Jharkhand,331,GUMLA,PALKOT,PALKOT,Bhagma,-,-,-,-,-,-,22.93277778,84.63027778,25-05-2012 00:00,7,480,"",0,122,"",64,"",33,"","","",150,40,12.21,46,"","","","","","","","","","",""
37,Baghma,CGWB,20,Jharkhand,331,GUMLA,PALKOT,PALKOT,Bhagma,-,-,-,-,-,-,22.93277778,84.63027778,25-05-2013 00:00,7.57,479,"",0,122,"",64,"",33,"","","",150,40,12.21,47,"","","","","","","","","","",""
38,Baghma,CGWB,20,Jharkhand,331,GUMLA,PALKOT,PALKOT,Bhagma,-,-,-,-,-,-,22.93277778,84.63027778,30-05-2021 08:00,7.62,530,344.5,0,128.1,"",62.49825,"",27,0.1,"","",80,18,8.512,86,"","","","","","","","","","",""
39,Baghmara,CGWB,20,Jharkhand,325,DHANBAD,BAGHMARA CUM KATRAS,BAGHMARA CUM KATRAS,Baghmara,-,-,-,-,-,-,23.79583333,86.46666667,25-05-2012 00:00,7.6,700,"",0,159,"",92,"",0,"","","",310,80,26.84,13,"","","","","","","","","","",""
40,Bagodar,CGWB,20,Jharkhand,329,GIRIDIH,BAGODAR,BAGODAR,Bagodar,-,-,-,-,-,-,24.07916667,85.83194444,25-05-2002 00:00,8.16,690,"","","","","","","","","","","","","","","","","","","","","","","","",""
41,Bagodar,CGWB,20,Jharkhand,329,GIRIDIH,BAGODAR,BAGODAR,Bagodar,-,-,-,-,-,-,24.07916667,85.83194444,25-05-2003 00:00,7.26,602,"","","","","","","","","","","","","","","","","","","","","","","","",""
42,Bagodar,CGWB,20,Jharkhand,329,GIRIDIH,BAGODAR,BAGODAR,Bagodar,-,-,-,-,-,-,24.07916667,85.83194444,25-05-2004 00:00,8.23,800,"",0,201,"",103,"","","","","",275,38,43.81,43,"","","","","","","","","","",""
43,Bagodar,CGWB,20,Jharkhand,329,GIRIDIH,BAGODAR,BAGODAR,Bagodar,-,-,-,-,-,-,24.07916667,85.83194444,25-05-2005 00:00,7.81,780,"",0,153,"",149,"","","","","",300,50,42.61,37,"","","","","","","","","","",""
44,Bagodar,CGWB,20,Jharkhand,329,GIRIDIH,BAGODAR,BAGODAR,Bagodar,-,-,-,-,-,-,24.07916667,85.83194444,25-05-2009 00:00,7.91,520,"",0,159,"",53,"","","","","",160,36,23,43,"","","","","","","","","","",""
45,Bagodar,CGWB,20,Jharkhand,329,GIRIDIH,BAGODAR,BAGODAR,Bagodar,-,-,-,-,-,-,24.07916667,85.83194444,25-05-2010 00:00,7.4,534,"",0,153,"",57,"","","","","",195,32,28,31,"","","","","","","","","","",""
46,Bagodar,CGWB,20,Jharkhand,329,GIRIDIH,BAGODAR,BAGODAR,Bagodar,-,-,-,-,-,-,24.07916667,85.83194444,25-05-2011 00:00,7.96,708,"",0,159.9,"",102.8,"","","","","",275,40,45.52,28.57,"","","","","","","","","","",""
47,Bagodar,CGWB,20,Jharkhand,329,GIRIDIH,BAGODAR,BAGODAR,Bagodar,-,-,-,-,-,-,24.07916667,85.83194444,25-05-2012 00:00,8,450,"",0,122,"",71,"",0,"","","",155,40,13.42,27,"","","","","","","","","","",""
48,Bagodar,CGWB,20,Jharkhand,329,GIRIDIH,BAGODAR,BAGODAR,Bagodar,-,-,-,-,-,-,24.07916667,85.83194444,30-05-2019 08:00,8.17,1058,268.45,"",295.2,"",147.655,"",24.706,"","","",349.04013,51.7,53.409,69.201,"","","","","","","","","","",""
49,Bagodar,CGWB,20,Jharkhand,329,GIRIDIH,BAGODAR,BAGODAR,Bagodar,-,-,-,-,-,-,24.07916667,85.83194444,30-05-2020 08:00,8.17,1058,"","",295.2,"",147.655,"",24.706,"","","","",51.7,53.409,69.201,"","","","","","","","","","",""
50,Bagra,CGWB,20,Jharkhand,323,CHATRA,SIMARIA,SIMARIA,Bagra,-,-,-,-,-,-,24.04583333,84.94583333,25-05-2004 00:00,8.3,435,"",41,188,"",67,"","","","","",111,25,11.82,48,"","","","","","","","","","",""
51,Bagra,CGWB,20,Jharkhand,323,CHATRA,SIMARIA,SIMARIA,Bagra,-,-,-,-,-,-,24.04583333,84.94583333,25-05-2006 00:00,8.3,920,"","",159,"",149,"",64,"","","",260,64,24.39,90,"","","","","","","","","","",""
52,Bagra,CGWB,20,Jharkhand,323,CHATRA,SIMARIA,SIMARIA,Bagra,-,-,-,-,-,-,24.04583333,84.94583333,25-05-2008 00:00,7.46,490,"",0,134,"",36,"","","","","",170,40,17,25,"","","","","","","","","","",""
53,Bagra,CGWB,20,Jharkhand,323,CHATRA,SIMARIA,SIMARIA,Bagra,-,-,-,-,-,-,24.04583333,84.94583333,25-05-2010 00:00,7.1,920,"",0,92,"",152,"","","","","",330,70,38,57,"","","","","","","","","","",""
54,Bagra,CGWB,20,Jharkhand,323,CHATRA,SIMARIA,SIMARIA,Bagra,-,-,-,-,-,-,24.04583333,84.94583333,25-05-2012 00:00,7.7,763,"",0,177,"",85,"",0,"","","",215,26,36,63,"","","","","","","","","","",""
55,Bagra,CGWB,20,Jharkhand,323,CHATRA,SIMARIA,SIMARIA,Bagra,-,-,-,-,-,-,24.04583333,84.94583333,25-05-2013 00:00,7.75,760,"",0,178,"",85,"",0,"","","",215,26,36,67,"","","","","","","","","","",""
56,Bagra Sai,CGWB,20,Jharkhand,341,Saraikela,-,-,-,-,-,-,-,-,-,22.63194400,86.04555600,30-05-2019 08:00,7.9,413,405.6,0,202,"",5,"",6,"","","",142,36,16,19,"","","","","","","","","","",""
57,Bagra Sai,CGWB,20,Jharkhand,341,Saraikela,-,-,-,-,-,-,-,-,-,22.63194400,86.04555600,30-05-2020 08:00,7.9,413,"",0,202,"",5,"",6,"","","","",36,16,19,"","","","","","","","","","",""
58,Bagun Nagar,CGWB,20,Jharkhand,327,EAST  SINGHBHUM (Jamshedpur),-,-,-,-,-,-,-,-,-,22.79805600,86.18166700,30-05-2019 08:00,7.8,1030,328.25,0,312,"",61,"",67,"","","",291,92,15,61,"","","","","","","","","","",""
59,Bagun Nagar,CGWB,20,Jharkhand,327,EAST  SINGHBHUM (Jamshedpur),-,-,-,-,-,-,-,-,-,22.79805600,86.18166700,30-05-2020 08:00,7.8,1030,"",0,312,"",61,"",67,"","","","",92,15,61,"","","","","","","","","","",""
60,Baharagora,CGWB,20,Jharkhand,327,PURBI SINGHBHUM,BAHARAGORA,BAHARAGORA,Baharagora,-,-,-,-,-,-,22.28333333,86.71666667,25-05-2003 00:00,7.36,95,"","","","","","","","","","","","","","","","","","","","","","","","",""
61,Baharagora,CGWB,20,Jharkhand,327,PURBI SINGHBHUM,BAHARAGORA,BAHARAGORA,Baharagora,-,-,-,-,-,-,22.28333333,86.71666667,25-05-2004 00:00,6.73,80,"",0,35,"",28,"","","","","",22,8,0.5,5,"","","","","","","","","","",""
62,Baharagora,CGWB,20,Jharkhand,327,PURBI SINGHBHUM,BAHARAGORA,BAHARAGORA,Baharagora,-,-,-,-,-,-,22.28333333,86.71666667,25-05-2005 00:00,7.66,125,"",0,31,"",11,"","","","","",40,12,2.45,6.9,"","","","","","","","","","",""
63,Baharagora,CGWB,20,Jharkhand,327,PURBI SINGHBHUM,BAHARAGORA,BAHARAGORA,Baharagora,-,-,-,-,-,-,22.28333333,86.71666667,25-05-2006 00:00,8,70,"",0,16,"",7.8,"","","","","",21,8.2,0.13,5.7,"","","","","","","","","","",""
64,Baharagora,CGWB,20,Jharkhand,327,PURBI SINGHBHUM,BAHARAGORA,BAHARAGORA,Baharagora,-,-,-,-,-,-,22.28333333,86.71666667,25-05-2008 00:00,6.78,120,"",0,37,"",7.1,"","","","","",35,10,2.4,7.4,"","","","","","","","","","",""
65,Baharagora,CGWB,20,Jharkhand,327,PURBI SINGHBHUM,BAHARAGORA,BAHARAGORA,Baharagora,-,-,-,-,-,-,22.28333333,86.71666667,30-05-2019 08:00,7.6,352,776.75,0,202,"",1.5,"",5,"","","",154,48,12,15,"","","","","","","","","","",""
66,Baharagora,CGWB,20,Jharkhand,327,PURBI SINGHBHUM,BAHARAGORA,BAHARAGORA,Baharagora,-,-,-,-,-,-,22.28333333,86.71666667,30-05-2020 08:00,7.6,352,"",0,202,"",1.5,"",5,"","","","",48,12,15,"","","","","","","","","","",""
67,Baisia,CGWB,20,Jharkhand,331,GUMLA,KAMDARA,KAMDARA,Baisia,-,-,-,-,-,-,22.88611111,84.84138889,25-05-2007 00:00,7.89,268,"","",189.1,155,39,"","","","","",90,20,9.7,28,"","","","","","","","","","",""
68,Baisia,CGWB,20,Jharkhand,331,GUMLA,KAMDARA,KAMDARA,Baisia,-,-,-,-,-,-,22.88611111,84.84138889,25-05-2008 00:00,7.86,696,"",0,201,"",89,"","","","","",230,74,11,47,"","","","","","","","","","",""
69,Baisia,CGWB,20,Jharkhand,331,GUMLA,KAMDARA,KAMDARA,Baisia,-,-,-,-,-,-,22.88611111,84.84138889,25-05-2009 00:00,7.85,283,"",0,85,"",25,"","","","","",70,18,6,52,"","","","","","","","","","",""
70,Baisia,CGWB,20,Jharkhand,331,GUMLA,KAMDARA,KAMDARA,Baisia,-,-,-,-,-,-,22.88611111,84.84138889,25-05-2010 00:00,8.3,231,"",12,55,"",21,"","","","","",65,22,2.4,21,"","","","","","","","","","",""
71,Baisia,CGWB,20,Jharkhand,331,GUMLA,KAMDARA,KAMDARA,Baisia,-,-,-,-,-,-,22.88611111,84.84138889,25-05-2011 00:00,8.54,231,"",12,55,"",21,"","","","","",65,22,2.4,21,"","","","","","","","","","",""
72,Baisia,CGWB,20,Jharkhand,331,GUMLA,KAMDARA,KAMDARA,Baisia,-,-,-,-,-,-,22.88611111,84.84138889,25-05-2012 00:00,7.98,515,"",0,220,"",21,"",0,"","","",150,40,50,46,"","","","","","","","","","",""
73,Baisia,CGWB,20,Jharkhand,331,GUMLA,KAMDARA,KAMDARA,Baisia,-,-,-,-,-,-,22.88611111,84.84138889,25-05-2013 00:00,7.82,517,"",0,220,"",21,"",19,"","","",150,40,50,48,"","","","","","","","","","",""
74,Bajra,CGWB,20,Jharkhand,339,RANCHI,RATU,RATU,Bajra,-,-,-,-,-,-,23.37277778,85.27916667,30-05-2019 08:00,7.55,540,210.6,"",104.55,"",59.7,"",41.69,"","","",200,48,19.44,18.24,"","","","","","","","","","",""
75,Bajra,CGWB,20,Jharkhand,339,RANCHI,RATU,RATU,Bajra,-,-,-,-,-,-,23.37277778,85.27916667,30-05-2020 08:00,7.55,540,"","",104.55,"",59.7,"",41.69,"","","","",48,19.44,18.24,"","","","","","","","","","",""
76,Bajra,CGWB,20,Jharkhand,339,RANCHI,RATU,RATU,Bajra,-,-,-,-,-,-,23.37277778,85.27916667,30-05-2021 08:00,7.34,887,576.55,0,268.4,"",92.49741,"",38,"","","",285,66,29.184,63,"","","","","","","","","","",""
77,Balajee mandir,CGWB,20,Jharkhand,325,DHANBAD,-,-,-,-,-,-,-,-,-,23.80055600,86.47888900,30-05-2019 08:00,8.23,911,564.2,"",264.45,"",87.894,"",41.198,"","","",255,50,31.59,73.456,"","","","","","","","","","",""
78,Balajee mandir,CGWB,20,Jharkhand,325,DHANBAD,-,-,-,-,-,-,-,-,-,23.80055600,86.47888900,30-05-2020 08:00,8.23,911,"","",264.45,"",87.894,"",41.198,"","","","",50,31.59,73.456,"","","","","","","","","","",""
79,Balumath,CGWB,20,Jharkhand,338,PALAMAU,BALUMATH,BALUMATH,Balumath,-,-,-,-,-,-,23.83333333,84.79583333,25-05-2001 00:00,8.78,800,"",30,122,"",64,"","","","","",285,88,16,21,"","","","","","","","","","",""
80,Balumath,CGWB,20,Jharkhand,338,PALAMAU,BALUMATH,BALUMATH,Balumath,-,-,-,-,-,-,23.83333333,84.79583333,25-05-2002 00:00,7.82,681,"","","","","","","","","","","","","","","","","","","","","","","","",""
81,Balumath,CGWB,20,Jharkhand,338,PALAMAU,BALUMATH,BALUMATH,Balumath,-,-,-,-,-,-,23.83333333,84.79583333,25-05-2006 00:00,8.8,490,"",18,122,"",57,"",58,"","","",180,24,29.2,43,"","","","","","","","","","",""
82,Balumath,CGWB,20,Jharkhand,338,PALAMAU,BALUMATH,BALUMATH,Balumath,-,-,-,-,-,-,23.83333333,84.79583333,25-05-2007 00:00,7.37,860,"","",420.9,345,92.3,"","","","","",310,88,21.8,36,"","","","","","","","","","",""
83,Balumath,CGWB,20,Jharkhand,338,PALAMAU,BALUMATH,BALUMATH,Balumath,-,-,-,-,-,-,23.83333333,84.79583333,25-05-2008 00:00,7.82,960,"",0,275,"",121,"","","","","",310,108,9.7,28,"","","","","","","","","","",""
84,Balumath,CGWB,20,Jharkhand,338,PALAMAU,BALUMATH,BALUMATH,Balumath,-,-,-,-,-,-,23.83333333,84.79583333,25-05-2012 00:00,7.9,760,"",0,256,"",92,"",0,"","","",210,72,7.38,47,"","","","","","","","","","",""
85,Bandgaon,CGWB,20,Jharkhand,343,PASHCHIMI SINGHBHUM,BANDGAON,BANDGAON,Bandgaon,-,-,-,-,-,-,22.84166667,85.32916667,25-05-2003 00:00,6.89,570,"","","","","","","","","","","","","","","","","","","","","","","","",""
86,Bandgaon,CGWB,20,Jharkhand,343,PASHCHIMI SINGHBHUM,BANDGAON,BANDGAON,Bandgaon,-,-,-,-,-,-,22.84166667,85.32916667,25-05-2004 00:00,6.7,580,"",0,96,"",170,"","","","","",184,41,19.87,50,"","","","","","","","","","",""
87,Bandgaon,CGWB,20,Jharkhand,343,PASHCHIMI SINGHBHUM,BANDGAON,BANDGAON,Bandgaon,-,-,-,-,-,-,22.84166667,85.32916667,25-05-2006 00:00,8.18,520,"",0,66,"",111,"",11,"","","",154,33,17.42,48,"","","","","","","","","","",""
88,Bandgaon,CGWB,20,Jharkhand,343,PASHCHIMI SINGHBHUM,BANDGAON,BANDGAON,Bandgaon,-,-,-,-,-,-,22.84166667,85.32916667,25-05-2007 00:00,8,849,"","",165,135.3,188.1,"","","","","",210,36,29.22,79,"","","","","","","","","","",""
89,Bandgaon,CGWB,20,Jharkhand,343,PASHCHIMI SINGHBHUM,BANDGAON,BANDGAON,Bandgaon,-,-,-,-,-,-,22.84166667,85.32916667,25-05-2008 00:00,6.89,1204,"",0,91,"",287,"","","","","",325,62,41,104,"","","","","","","","","","",""
90,Bandgaon,CGWB,20,Jharkhand,343,PASHCHIMI SINGHBHUM,BANDGAON,BANDGAON,Bandgaon,-,-,-,-,-,-,22.84166667,85.32916667,25-05-2010 00:00,8.3,1634,"","",104,"",394,"","","","","",420,72,58,147,"","","","","","","","","","",""
91,Bandgaon,CGWB,20,Jharkhand,343,PASHCHIMI SINGHBHUM,BANDGAON,BANDGAON,Bandgaon,-,-,-,-,-,-,22.84166667,85.32916667,25-05-2011 00:00,7.74,1634,"",0,104,"",394,"","","","","",420,72,58,147,"","","","","","","","","","",""
92,Bandgaon,CGWB,20,Jharkhand,343,PASHCHIMI SINGHBHUM,BANDGAON,BANDGAON,Bandgaon,-,-,-,-,-,-,22.84166667,85.32916667,25-05-2012 00:00,8,1480,"",0,110,"",397,"",40,"","","",370,68,48.71,162,"","","","","","","","","","",""
93,Bandgaon,CGWB,20,Jharkhand,343,PASHCHIMI SINGHBHUM,BANDGAON,BANDGAON,Bandgaon,-,-,-,-,-,-,22.84166667,85.32916667,25-05-2013 00:00,8.11,1491,"",0,116.85,"",389,"",43,"","","",370,68,49,165,"","","","","","","","","","",""
94,Bandgaonnew,CGWB,20,Jharkhand,343,PASHCHIMI SINGHBHUM,BANDGAON,BANDGAON,Bandgaonnew,-,-,-,-,-,-,22.08916667,85.59444444,23-06-2023 16:39,"",960,624,0,140.3,"",202.4,"",55.63,0.15,9.66,"","",58,26.73,95.37,"","","",1.18,"","","","","","",""
95,Bandhutanr,CGWB,20,Jharkhand,329,GIRIDIH,JAMUA,JAMUA,Bandhutanr,-,-,-,-,-,-,24.30000000,86.11805556,25-05-2003 00:00,7.22,610,"","","","","","","","","","","","","","","","","","","","","","","","",""
96,Bandhutanr,CGWB,20,Jharkhand,329,GIRIDIH,JAMUA,JAMUA,Bandhutanr,-,-,-,-,-,-,24.30000000,86.11805556,25-05-2008 00:00,8.04,630,"",0,142,"",89,"","","","","",125,40,6,81,"","","","","","","","","","",""
97,Bandhutanr,CGWB,20,Jharkhand,329,GIRIDIH,JAMUA,JAMUA,Bandhutanr,-,-,-,-,-,-,24.30000000,86.11805556,25-05-2009 00:00,7.55,511,"",0,146,"",67,"","","","","",130,34,11,70,"","","","","","","","","","",""
98,Bandhutanr,CGWB,20,Jharkhand,329,GIRIDIH,JAMUA,JAMUA,Bandhutanr,-,-,-,-,-,-,24.30000000,86.11805556,25-05-2010 00:00,7.4,630,"",0,142,"",89,"","","","","",125,40,6,81,"","","","","","","","","","",""
99,Bandhutanr,CGWB,20,Jharkhand,329,GIRIDIH,JAMUA,JAMUA,Bandhutanr,-,-,-,-,-,-,24.30000000,86.11805556,25-05-2011 00:00,7.56,638,"",0,146.4,"",89,"","","","","",135,28,15.79,78,"","","","","","","","","","",""
100,Bandhutanr,CGWB,20,Jharkhand,329,GIRIDIH,JAMUA,JAMUA,Bandhutanr,-,-,-,-,-,-,24.30000000,86.11805556,25-05-2012 00:00,7.8,630,"",0,232,"",78,"",0,"","","",240,44,31.66,24,"","","","","","","","","","",""
101,Bandhutanr,CGWB,20,Jharkhand,329,GIRIDIH,JAMUA,JAMUA,Bandhutanr,-,-,-,-,-,-,24.30000000,86.11805556,25-05-2013 00:00,7.78,630,"",0,232,"",78,"",0,"","","",240,44,31.66,23,"","","","","","","","","","",""
102,Bandhutanr,CGWB,20,Jharkhand,329,GIRIDIH,JAMUA,JAMUA,Bandhutanr,-,-,-,-,-,-,24.30000000,86.11805556,30-05-2019 08:00,8.23,413,574.6,"",221.4,"",14.275,"",4.822,"","","",125,30,12.15,38.122,"","","","","","","","","","",""
103,Bandhutanr,CGWB,20,Jharkhand,329,GIRIDIH,JAMUA,JAMUA,Bandhutanr,-,-,-,-,-,-,24.30000000,86.11805556,30-05-2020 08:00,8.23,413,"","",221.4,"",14.275,"",4.822,"","","","",30,12.15,38.122,"","","","","","","","","","",""
104,Bandhu tounr,CGWB,20,Jharkhand,329,GIRIDIH,JAMUA,JAMUA,Bandhu tounr,-,-,-,-,-,-,24.30000000,86.13055556,25-05-2000 00:00,8.29,463,"",0,171,"",57,"","","","","",650,14,6,48,"","","","","","","","","","",""
105,Bano,CGWB,20,Jharkhand,331,GUMLA,BANO,BANO,Bano,-,-,-,-,-,-,22.66055556,84.92194444,25-05-2003 00:00,6.93,150,"","","","","","","","","","","","","","","","","","","","","","","","",""
106,Bano,CGWB,20,Jharkhand,331,GUMLA,BANO,BANO,Bano,-,-,-,-,-,-,22.66055556,84.92194444,25-05-2006 00:00,7.72,181,"",0,84,"",14,"",6,"","","",74,21,5.25,12,"","","","","","","","","","",""
107,Bano,CGWB,20,Jharkhand,331,GUMLA,BANO,BANO,Bano,-,-,-,-,-,-,22.66055556,84.92194444,25-05-2008 00:00,7.65,133,"",0,55,"",21,"","","","","",35,12,1.2,21,"","","","","","","","","","",""
108,Bano,CGWB,20,Jharkhand,331,GUMLA,BANO,BANO,Bano,-,-,-,-,-,-,22.66055556,84.92194444,25-05-2010 00:00,8.3,103,"",12,12,"",3.5,"","","","","",20,6,1.2,8,"","","","","","","","","","",""
109,Bano,CGWB,20,Jharkhand,331,GUMLA,BANO,BANO,Bano,-,-,-,-,-,-,22.66055556,84.92194444,25-05-2011 00:00,8.44,107,"",12,12,"",3.5,"","","","","",20,6,1.2,8,"","","","","","","","","","",""
110,Bano,CGWB,20,Jharkhand,331,GUMLA,BANO,BANO,Bano,-,-,-,-,-,-,22.66055556,84.92194444,30-05-2019 08:00,7.9,204,185.9,"",48.6,"",46.15,"",0.1,"","","",90,26,6.075,5.1,"","","","","","","","","","",""
111,Bano,CGWB,20,Jharkhand,331,GUMLA,BANO,BANO,Bano,-,-,-,-,-,-,22.66055556,84.92194444,30-05-2020 08:00,7.9,204,"","",48.6,"",46.15,"",0.1,"","","","",26,6.075,5.1,"","","","","","","","","","",""
112,Bara borijore,CGWB,20,Jharkhand,330,GODDA,MAHAGAMA,MAHAGAMA,Bara borijore,-,-,-,-,-,-,25.01388889,87.27777778,25-05-2013 00:00,7.6,567,"",0,293,"",21,"",0,"","","",150,24,22,35,"","","","","","","","","","",""
113,Barajamda,CGWB,20,Jharkhand,343,PASHCHIMI SINGHBHUM,NOAMUNDI(BARAJAMDA),NOAMUNDI(BARAJAMDA),Barajamda,-,-,-,-,-,-,22.21444444,85.42805556,30-05-2019 08:00,8,450,614.25,0,161,"",24,"",4,"","","",130,38,14,13.7,"","","","","","","","","","",""
114,Barajamda,CGWB,20,Jharkhand,343,PASHCHIMI SINGHBHUM,NOAMUNDI(BARAJAMDA),NOAMUNDI(BARAJAMDA),Barajamda,-,-,-,-,-,-,22.21444444,85.42805556,30-05-2020 08:00,8,450,"",0,161,"",24,"",4,"","","","",38,14,13.7,"","","","","","","","","","",""
115,Barajamda,CGWB,20,Jharkhand,343,PASHCHIMI SINGHBHUM,NOAMUNDI(BARAJAMDA),NOAMUNDI(BARAJAMDA),Barajamda,-,-,-,-,-,-,22.21444444,85.42805556,20-05-2022 17:13,"",444,289,0,134.2,"",35.5,"",52.3,0.21,9.46,"",180,32,24.3,16.89,"","","",0,"","","","","","",""
116,Baramasia,CGWB,20,Jharkhand,322,BOKARO,CHANDANKIYARI,CHANDANKIYARI,Baramasia,-,-,-,-,-,-,23.48472222,86.23055556,30-05-2019 08:00,8.08,649,824.85,"",172.2,"",40.669,"",34.525,"","","",163.56378,50,9.371,63.551,"","","","","","","","","","",""
117,Baramasia,CGWB,20,Jharkhand,322,BOKARO,CHANDANKIYARI,CHANDANKIYARI,Baramasia,-,-,-,-,-,-,23.48472222,86.23055556,30-05-2020 08:00,8.08,649,"","",172.2,"",40.669,"",34.525,"","","","",50,9.371,63.551,"","","","","","","","","","",""
118,Baramasia,CGWB,20,Jharkhand,322,BOKARO,CHANDANKIYARI,CHANDANKIYARI,Baramasia,-,-,-,-,-,-,23.48472222,86.23055556,30-05-2021 08:00,7.8,700,455,0,225.7,"",49.9986,"",29,0.16,"","",270,64,26.752,34,"","","","","","","","","","",""
119,Baraw,CGWB,20,Jharkhand,338,PALAMAU,CHAINPUR (BASHANDI),CHAINPUR (BASHANDI),Baraw,-,-,-,-,-,-,24.07027778,84.04138889,25-05-2012 00:00,7.9,1058,"",0,390,"",99,"",70,"","","",400,60,60.86,82,"","","","","","","","","","",""
120,Barhait,CGWB,20,Jharkhand,340,Sahebganj,BARHAIT,BARHAIT,Barhait,-,-,-,-,-,-,24.88888889,87.62500000,25-05-2004 00:00,7.85,320,"",0,134,"",7.1,"","","","","",125,32,10.98,12,"","","","","","","","","","",""
121,Barhait,CGWB,20,Jharkhand,340,Sahebganj,BARHAIT,BARHAIT,Barhait,-,-,-,-,-,-,24.88888889,87.62500000,25-05-2012 00:00,7.9,195,"",0,195,"",28,"",0,"","","",175,32,23.14,11,"","","","","","","","","","",""
122,Barhi,CGWB,20,Jharkhand,332,HAZARIBAG,BARHI,BARHI,Barhi,-,-,-,-,-,-,24.30000000,85.41666667,25-05-2001 00:00,7.55,2000,"",0,299,"",277,"","","","","",820,276,32,80,"","","","","","","","","","",""
123,Barhi,CGWB,20,Jharkhand,332,HAZARIBAG,BARHI,BARHI,Barhi,-,-,-,-,-,-,24.30000000,85.41666667,25-05-2005 00:00,7.06,1550,"",0,275,"",241,"","","","","",610,162,50.04,70,"","","","","","","","","","",""
124,Barhi,CGWB,20,Jharkhand,332,HAZARIBAG,BARHI,BARHI,Barhi,-,-,-,-,-,-,24.30000000,85.41666667,25-05-2008 00:00,7.43,1780,"",0,390,"",284,"","","","","",650,172,53,101,"","","","","","","","","","",""
125,Barhi,CGWB,20,Jharkhand,332,HAZARIBAG,BARHI,BARHI,Barhi,-,-,-,-,-,-,24.30000000,85.41666667,25-05-2009 00:00,7.08,2470,"",0,451,"",284,"","","","","",660,124,85,170,"","","","","","","","","","",""
126,Barhi,CGWB,20,Jharkhand,332,HAZARIBAG,BARHI,BARHI,Barhi,-,-,-,-,-,-,24.30000000,85.41666667,25-05-2010 00:00,8.3,2420,"",3,451,"",284,"","","","","",660,124,85,170,"","","","","","","","","","",""
127,Barhi,CGWB,20,Jharkhand,332,HAZARIBAG,BARHI,BARHI,Barhi,-,-,-,-,-,-,24.30000000,85.41666667,25-05-2011 00:00,8.39,2420,"",3,451,"",284,"","","","","",660,124,85,170,"","","","","","","","","","",""
128,Barhi,CGWB,20,Jharkhand,332,HAZARIBAG,BARHI,BARHI,Barhi,-,-,-,-,-,-,24.30000000,85.41666667,25-05-2012 00:00,8.21,1466,"",0,92,"",291,"",0,"","","",550,78,86.41,71,"","","","","","","","","","",""
129,Barhi,CGWB,20,Jharkhand,332,HAZARIBAG,BARHI,BARHI,Barhi,-,-,-,-,-,-,24.30000000,85.41666667,25-05-2013 00:00,8.23,1464,"",0,92,"",291,"",0,"","","",545,78,85.19,71,"","","","","","","","","","",""
130,Barjatu,CGWB,20,Jharkhand,338,PALAMAU,BALUMATH,BALUMATH,Barjatu,-,-,-,-,-,-,23.89166667,84.80833333,25-05-2002 00:00,7.89,445,"","","","","","","","","","","","","","","","","","","","","","","","",""
131,Barjatu,CGWB,20,Jharkhand,338,PALAMAU,BALUMATH,BALUMATH,Barjatu,-,-,-,-,-,-,23.89166667,84.80833333,25-05-2007 00:00,8.15,796,"","",329.4,270,81.6,"","","","","",300,60,36.4,49,"","","","","","","","","","",""
132,Barjatu,CGWB,20,Jharkhand,338,PALAMAU,BALUMATH,BALUMATH,Barjatu,-,-,-,-,-,-,23.89166667,84.80833333,25-05-2008 00:00,6.98,540,"",0,110,"",92,"","","","","",200,68,7.3,25,"","","","","","","","","","",""
133,Barjatu,CGWB,20,Jharkhand,338,PALAMAU,BALUMATH,BALUMATH,Barjatu,-,-,-,-,-,-,23.89166667,84.80833333,25-05-2009 00:00,7.45,572,"",0,79,"",64,"","","","","",195,44,21,45,"","","","","","","","","","",""
134,Barjatu,CGWB,20,Jharkhand,338,PALAMAU,BALUMATH,BALUMATH,Barjatu,-,-,-,-,-,-,23.89166667,84.80833333,25-05-2011 00:00,7.23,572,"",0,79,"",64,"","","","","",195,44,21,45,"","","","","","","","","","",""
135,Barkachumba,CGWB,20,Jharkhand,607,RAMGARH,-,-,-,-,-,-,-,-,-,23.66805600,85.50666700,30-05-2019 08:00,8.21,632,399.75,"",190.65,"",61.14,"",23.75,"","","",170,48,12.15,51.597,"","","","","","","","","","",""
136,Barkachumba,CGWB,20,Jharkhand,607,RAMGARH,-,-,-,-,-,-,-,-,-,23.66805600,85.50666700,30-05-2020 08:00,8.21,632,"","",190.65,"",61.14,"",23.75,"","","","",48,12.15,51.597,"","","","","","","","","","",""
137,Barkachumba,CGWB,20,Jharkhand,607,RAMGARH,-,-,-,-,-,-,-,-,-,23.66805600,85.50666700,30-05-2021 08:00,8.07,568,369.2,0,207.4,"",49.9986,"",19,"","","",155,32,18.24,57,"","","","","","","","","","",""
138,Barkagaon,CGWB,20,Jharkhand,332,HAZARIBAG,BARKAGAON,BARKAGAON,Barkagaon,-,-,-,-,-,-,23.85833333,85.21250000,25-05-2012 00:00,7.74,823,"",0,305,"",74,"",0,"","","",320,36,55.96,54,"","","","","","","","","","",""
139,Barkagaon,CGWB,20,Jharkhand,332,HAZARIBAG,BARKAGAON,BARKAGAON,Barkagaon,-,-,-,-,-,-,23.85833333,85.21250000,25-05-2013 00:00,7.71,827,"",0,314,"",67,"",9.27,"","","",320,44,51,53,"","","","","","","","","","",""
140,Barkakhana,CGWB,20,Jharkhand,332,HAZARIBAG,RAMGARH,RAMGARH,Barkakhana,-,-,-,-,-,-,23.61250000,85.49166667,25-05-2009 00:00,7.24,1202,"",0,189,"",103,"","","","","",315,66,36,149,"","","","","","","","","","",""
141,Barkakhana,CGWB,20,Jharkhand,332,HAZARIBAG,RAMGARH,RAMGARH,Barkakhana,-,-,-,-,-,-,23.61250000,85.49166667,25-05-2010 00:00,7.3,1036,"",0,197,"",106,"","","","","",295,46,54,102,"","","","","","","","","","",""
142,Barkakhana,CGWB,20,Jharkhand,332,HAZARIBAG,RAMGARH,RAMGARH,Barkakhana,-,-,-,-,-,-,23.61250000,85.49166667,25-05-2011 00:00,7.63,1102,"",0,197,"",106,"","","","","",295,46,54,102,"","","","","","","","","","",""
143,Barkakhana,CGWB,20,Jharkhand,332,HAZARIBAG,RAMGARH,RAMGARH,Barkakhana,-,-,-,-,-,-,23.61250000,85.49166667,25-05-2012 00:00,7.8,1120,"",0,342,"",184,"",0,"","","",450,120,36.62,41,"","","","","","","","","","",""
144,Barkakhana,CGWB,20,Jharkhand,332,HAZARIBAG,RAMGARH,RAMGARH,Barkakhana,-,-,-,-,-,-,23.61250000,85.49166667,30-05-2019 08:00,8.06,1146,465.4,"",166.05,"",161.296,"",85.62,"","","",295,54,38.88,104.57,"","","","","","","","","","",""
145,Barkakhana,CGWB,20,Jharkhand,332,HAZARIBAG,RAMGARH,RAMGARH,Barkakhana,-,-,-,-,-,-,23.61250000,85.49166667,30-05-2020 08:00,8.06,1146,"","",166.05,"",161.296,"",85.62,"","","","",54,38.88,104.57,"","","","","","","","","","",""
146,Barkatha,CGWB,20,Jharkhand,332,HAZARIBAG,BARKATHA,BARKATHA,Barkatha,-,-,-,-,-,-,24.16666667,85.61111111,25-05-2009 00:00,7.28,741,"",0,226,"",53,"","","","","",260,66,23,43,"","","","","","","","","","",""
147,Barkatha,CGWB,20,Jharkhand,332,HAZARIBAG,BARKATHA,BARKATHA,Barkatha,-,-,-,-,-,-,24.16666667,85.61111111,25-05-2010 00:00,7.2,510,"",0,148,"",46,"","","","","",215,50,22,18,"","","","","","","","","","",""
148,Barkatha,CGWB,20,Jharkhand,332,HAZARIBAG,BARKATHA,BARKATHA,Barkatha,-,-,-,-,-,-,24.16666667,85.61111111,25-05-2011 00:00,8.18,515,"",0,92.17,"",60.26,"","","","","",205,42,24.3,19.46,"","","","","","","","","","",""
149,Barkatha,CGWB,20,Jharkhand,332,HAZARIBAG,BARKATHA,BARKATHA,Barkatha,-,-,-,-,-,-,24.16666667,85.61111111,25-05-2012 00:00,8.16,284,"",0,122,"",32,"",0,"","","",120,20,17.04,14,"","","","","","","","","","",""
150,Barkatha,CGWB,20,Jharkhand,332,HAZARIBAG,BARKATHA,BARKATHA,Barkatha,-,-,-,-,-,-,24.16666667,85.61111111,25-05-2013 00:00,8.22,283,"",0,122,"",32,"",0,"","","",120,20,17,14,"","","","","","","","","","",""
151,Barkatha,CGWB,20,Jharkhand,332,HAZARIBAG,BARKATHA,BARKATHA,Barkatha,-,-,-,-,-,-,24.16666667,85.61111111,30-05-2019 08:00,8.19,643,1433.25,0,202.95,"",72.5,"",30.79,"","","",225,52,23.085,31.62,"","","","","","","","","","",""
152,Barkatha,CGWB,20,Jharkhand,332,HAZARIBAG,BARKATHA,BARKATHA,Barkatha,-,-,-,-,-,-,24.16666667,85.61111111,30-05-2020 08:00,8.19,643,"","",202.95,"",72.5,"",30.79,"","","","",52,23.085,31.62,"","","","","","","","","","",""
153,Barlong,CGWB,20,Jharkhand,332,HAZARIBAG,RAMGARH,RAMGARH,Barlong,-,-,-,-,-,-,23.60583333,85.53916667,30-05-2019 08:00,8.22,457,772.2,"",98.4,"",45.655,"",28.506,"","","",165,42,14.58,25.32,"","","","","","","","","","",""
154,Barlong,CGWB,20,Jharkhand,332,HAZARIBAG,RAMGARH,RAMGARH,Barlong,-,-,-,-,-,-,23.60583333,85.53916667,30-05-2020 08:00,8.22,457,"","",98.4,"",45.655,"",28.506,"","","","",42,14.58,25.32,"","","","","","","","","","",""
155,Barlong,CGWB,20,Jharkhand,332,HAZARIBAG,RAMGARH,RAMGARH,Barlong,-,-,-,-,-,-,23.60583333,85.53916667,30-05-2021 08:00,7.61,1750,1137.5,0,374.418,"",334.02142,"",26,0.07,"","",393.939,96.9696,36.84845,217,"","","","","","","","","","",""
156,Barmamines Thana,CGWB,20,Jharkhand,327,EAST  SINGHBHUM (Jamshedpur),-,-,-,-,-,-,-,-,-,22.80055600,86.18083300,30-05-2019 08:00,7.9,364,373.75,0,184,"",20,"",41,"","","",185,54,11,31,"","","","","","","","","","",""
157,Barmamines Thana,CGWB,20,Jharkhand,327,EAST  SINGHBHUM (Jamshedpur),-,-,-,-,-,-,-,-,-,22.80055600,86.18083300,30-05-2020 08:00,7.9,364,"",0,184,"",20,"",41,"","","","",54,11,31,"","","","","","","","","","",""
158,Barwadag,CGWB,20,Jharkhand,339,RANCHI,SONAHATU,SONAHATU,Barwadag,-,-,-,-,-,-,23.26666667,85.68611111,25-05-2003 00:00,7.54,578,"","","","","","","","","","","","","","","","","","","","","","","","",""
159,Barwadag,CGWB,20,Jharkhand,339,RANCHI,SONAHATU,SONAHATU,Barwadag,-,-,-,-,-,-,23.26666667,85.68611111,25-05-2004 00:00,8.42,410,"",67,195,"",43,"","","","","",226,34,34,17,"","","","","","","","","","",""
160,Barwadag,CGWB,20,Jharkhand,339,RANCHI,SONAHATU,SONAHATU,Barwadag,-,-,-,-,-,-,23.26666667,85.68611111,25-05-2005 00:00,7.68,340,"",0,134,"",18,"",15,"","","",140,38,10.99,9,"","","","","","","","","","",""
161,Barwadag,CGWB,20,Jharkhand,339,RANCHI,SONAHATU,SONAHATU,Barwadag,-,-,-,-,-,-,23.26666667,85.68611111,25-05-2007 00:00,8.14,688,"","",427,350,64,"","","","","",300,52,41.3,18,"","","","","","","","","","",""
162,Barwadag,CGWB,20,Jharkhand,339,RANCHI,SONAHATU,SONAHATU,Barwadag,-,-,-,-,-,-,23.26666667,85.68611111,25-05-2008 00:00,7.36,456,"",0,238,"",18,"","","","","",200,60,12,13,"","","","","","","","","","",""
163,Barwadag,CGWB,20,Jharkhand,339,RANCHI,SONAHATU,SONAHATU,Barwadag,-,-,-,-,-,-,23.26666667,85.68611111,25-05-2009 00:00,8.52,500,"",36,159,"",21,"","","","","",215,32,33,65,"","","","","","","","","","",""
164,Barwadag,CGWB,20,Jharkhand,339,RANCHI,SONAHATU,SONAHATU,Barwadag,-,-,-,-,-,-,23.26666667,85.68611111,25-05-2010 00:00,7.6,690,"",0,246,"",67.35,"","","","","",305,48,45,14,"","","","","","","","","","",""
165,Barwadag,CGWB,20,Jharkhand,339,RANCHI,SONAHATU,SONAHATU,Barwadag,-,-,-,-,-,-,23.26666667,85.68611111,25-05-2011 00:00,8.33,428,"",4,221.4,"",14.18,"","","","","",155,40,13.36,22,"","","","","","","","","","",""
166,Barwadag,CGWB,20,Jharkhand,339,RANCHI,SONAHATU,SONAHATU,Barwadag,-,-,-,-,-,-,23.26666667,85.68611111,25-05-2012 00:00,7.1,630,"",0,300,"",79,"",18,"","","",362,101,26.75,26,"","","","","","","","","","",""
167,Barwadag,CGWB,20,Jharkhand,339,RANCHI,SONAHATU,SONAHATU,Barwadag,-,-,-,-,-,-,23.26666667,85.68611111,25-05-2013 00:00,7.1,630,"",0,300,"",79,"",18,"","","",362,101,26.75,26,"","","","","","","","","","",""
168,Barwadag,CGWB,20,Jharkhand,339,RANCHI,SONAHATU,SONAHATU,Barwadag,-,-,-,-,-,-,23.26666667,85.68611111,30-05-2019 08:00,7.8,318,282.75,"",85.6,"",56.8,"",0.69,"","","",145,42,9.72,2.7,"","","","","","","","","","",""
169,Barwadag,CGWB,20,Jharkhand,339,RANCHI,SONAHATU,SONAHATU,Barwadag,-,-,-,-,-,-,23.26666667,85.68611111,30-05-2020 08:00,7.8,318,"","",85.6,"",56.8,"",0.69,"","","","",42,9.72,2.7,"","","","","","","","","","",""
170,Barwadag,CGWB,20,Jharkhand,339,RANCHI,SONAHATU,SONAHATU,Barwadag,-,-,-,-,-,-,23.26666667,85.68611111,30-05-2021 08:00,7.6,2400,1560,0,437.4743,"",383.50607,"",34,"","","",855,256,52.288,148,"","","","","","","","","","",""
171,Barwadih,CGWB,20,Jharkhand,338,PALAMAU,BARWADIH,BARWADIH,Barwadih,-,-,-,-,-,-,23.85833333,84.11666667,25-05-2001 00:00,8.28,1000,"",0,329,"",92,"","","","","",375,68,50,44,"","","","","","","","","","",""
172,Barwadih,CGWB,20,Jharkhand,338,PALAMAU,BARWADIH,BARWADIH,Barwadih,-,-,-,-,-,-,23.85833333,84.11666667,25-05-2007 00:00,7.21,1356,"","",732,600,177.5,"","","","","",580,144,53.4,52,"","","","","","","","","","",""
173,Barwadih,CGWB,20,Jharkhand,338,PALAMAU,BARWADIH,BARWADIH,Barwadih,-,-,-,-,-,-,23.85833333,84.11666667,25-05-2008 00:00,7.66,1600,"",0,476,"",234,"","","","","",640,132,75,58,"","","","","","","","","","",""
174,Barwadih,CGWB,20,Jharkhand,338,PALAMAU,BARWADIH,BARWADIH,Barwadih,-,-,-,-,-,-,23.85833333,84.11666667,25-05-2010 00:00,8.3,1087,"",24,457,"",82,"","","","","",340,46,79,54,"","","","","","","","","","",""
175,Barwadih,CGWB,20,Jharkhand,338,PALAMAU,BARWADIH,BARWADIH,Barwadih,-,-,-,-,-,-,23.85833333,84.11666667,25-05-2012 00:00,7.73,1900,"",0,378,"",355,"",48,"","","",780,212,61.04,86,"","","","","","","","","","",""
176,Barwatoli Chowk,CGWB,20,Jharkhand,336,LOHARDAGA,LOHARDAGA,LOHARDAGA,Barwatoli Chowk,-,-,-,-,-,-,23.42888889,84.68194444,30-05-2019 08:00,8.1,351,100.1,"",42.9,"",88.75,"",0.08,"","","",155,46,9.72,6.3,"","","","","","","","","","",""
177,Barwatoli Chowk,CGWB,20,Jharkhand,336,LOHARDAGA,LOHARDAGA,LOHARDAGA,Barwatoli Chowk,-,-,-,-,-,-,23.42888889,84.68194444,30-05-2020 08:00,8.1,351,"","",42.9,"",88.75,"",0.08,"","","","",46,9.72,6.3,"","","","","","","","","","",""
178,Basia,CGWB,20,Jharkhand,331,GUMLA,BASIA,BASIA,Basia,-,-,-,-,-,-,22.88611111,84.84138889,30-05-2019 08:00,7.7,647,36.4,"",158.9,"",124.25,"",0.12,"","","",165,54,7.29,61,"","","","","","","","","","",""
179,Basia,CGWB,20,Jharkhand,331,GUMLA,BASIA,BASIA,Basia,-,-,-,-,-,-,22.88611111,84.84138889,30-05-2020 08:00,7.7,647,"","",158.9,"",124.25,"",0.12,"","","","",54,7.29,61,"","","","","","","","","","",""
180,Basia,CGWB,20,Jharkhand,331,GUMLA,BASIA,BASIA,Basia,-,-,-,-,-,-,22.88611111,84.84138889,30-05-2021 08:00,7.91,409,265.85,0,158.6,"",24.99225,"",5,0.1,"","",130,32,12.16,30,"","","","","","","","","","",""
181,Bengabad,CGWB,20,Jharkhand,329,GIRIDIH,BENGABAD,BENGABAD,Bengabad,-,-,-,-,-,-,24.29583333,86.35555556,25-05-2003 00:00,8.12,360,"","","","","","","","","","","","","","","","","","","","","","","","",""
182,Bengabad,CGWB,20,Jharkhand,329,GIRIDIH,BENGABAD,BENGABAD,Bengabad,-,-,-,-,-,-,24.29583333,86.35555556,25-05-2006 00:00,8.21,450,"",0,183,"",25,"","","","","",150,42,10.99,28,"","","","","","","","","","",""
183,Bengabad,CGWB,20,Jharkhand,329,GIRIDIH,BENGABAD,BENGABAD,Bengabad,-,-,-,-,-,-,24.29583333,86.35555556,25-05-2009 00:00,8.15,406,"",0,67,"",46,"","","","","",95,30,4.9,57,"","","","","","","","","","",""
184,Bengabad,CGWB,20,Jharkhand,329,GIRIDIH,BENGABAD,BENGABAD,Bengabad,-,-,-,-,-,-,24.29583333,86.35555556,25-05-2012 00:00,8.1,1150,"",0,299,"",177,"",0,"","","",325,56,45,98,"","","","","","","","","","",""
185,Bengabad,CGWB,20,Jharkhand,329,GIRIDIH,BENGABAD,BENGABAD,Bengabad,-,-,-,-,-,-,24.29583333,86.35555556,25-05-2013 00:00,8.22,1165,"",0,313,"",180,"",0,"","","",330,56,46.26,101,"","","","","","","","","","",""
186,Bengabad,CGWB,20,Jharkhand,329,GIRIDIH,BENGABAD,BENGABAD,Bengabad,-,-,-,-,-,-,24.29583333,86.35555556,30-05-2019 08:00,8.03,884,162.5,"",313.65,"",72.197,"",54.387,"","","",246.22223,56.8,25.326,72.243,"","","","","","","","","","",""
187,Bengabad,CGWB,20,Jharkhand,329,GIRIDIH,BENGABAD,BENGABAD,Bengabad,-,-,-,-,-,-,24.29583333,86.35555556,30-05-2020 08:00,8.03,884,"","",313.65,"",72.197,"",54.387,"","","","",56.8,25.326,72.243,"","","","","","","","","","",""
188,Berro,CGWB,20,Jharkhand,339,RANCHI,BERO,BERO,Berro,-,-,-,-,-,-,23.30611111,85.02083333,25-05-2002 00:00,7.52,180,"","","","","","","","","","","","","","","","","","","","","","","","",""
189,Berro,CGWB,20,Jharkhand,339,RANCHI,BERO,BERO,Berro,-,-,-,-,-,-,23.30611111,85.02083333,25-05-2004 00:00,7.64,220,"",0,117,"",60,"","","","","",103,28,8.06,10,"","","","","","","","","","",""
190,Berro,CGWB,20,Jharkhand,339,RANCHI,BERO,BERO,Berro,-,-,-,-,-,-,23.30611111,85.02083333,25-05-2005 00:00,7.39,240,"",0,92,"",11,"",24,"","","",100,30,6.11,6,"","","","","","","","","","",""
191,Berro,CGWB,20,Jharkhand,339,RANCHI,BERO,BERO,Berro,-,-,-,-,-,-,23.30611111,85.02083333,25-05-2006 00:00,8.23,191,"",0,106,"",64,"",0,"","","",82,23,5.98,7.4,"","","","","","","","","","",""
192,Berro,CGWB,20,Jharkhand,339,RANCHI,BERO,BERO,Berro,-,-,-,-,-,-,23.30611111,85.02083333,25-05-2007 00:00,7.14,230,"","",201,164.8,18,"","","","","",100,28,7.33,16,"","","","","","","","","","",""
193,Berro,CGWB,20,Jharkhand,339,RANCHI,BERO,BERO,Berro,-,-,-,-,-,-,23.30611111,85.02083333,25-05-2008 00:00,7.52,236,"",0,116,"",18,"","","","","",90,28,4.9,14,"","","","","","","","","","",""
194,Berro,CGWB,20,Jharkhand,339,RANCHI,BERO,BERO,Berro,-,-,-,-,-,-,23.30611111,85.02083333,25-05-2009 00:00,7.38,260,"",0,110,"",18,"","","","","",110,28,9.7,4.6,"","","","","","","","","","",""
195,Berro,CGWB,20,Jharkhand,339,RANCHI,BERO,BERO,Berro,-,-,-,-,-,-,23.30611111,85.02083333,25-05-2010 00:00,7.6,218,"",0,116.9,"",10.63,"","","","","",90,24,7.3,4,"","","","","","","","","","",""
196,Berro,CGWB,20,Jharkhand,339,RANCHI,BERO,BERO,Berro,-,-,-,-,-,-,23.30611111,85.02083333,25-05-2011 00:00,7.84,218,"",0,116.9,"",10.63,"","","","","",90,24,7.3,4,"","","","","","","","","","",""
197,Berro,CGWB,20,Jharkhand,339,RANCHI,BERO,BERO,Berro,-,-,-,-,-,-,23.30611111,85.02083333,25-05-2012 00:00,7.08,240,"",0,140,"",11,"",2,"","","",274,61,29.61,9,"","","","","","","","","","",""
198,Berro,CGWB,20,Jharkhand,339,RANCHI,BERO,BERO,Berro,-,-,-,-,-,-,23.30611111,85.02083333,30-05-2019 08:00,8.27,324,411.45,"",147.6,"",10.4,"",28.15,"","","",135,30,14.58,18.26,"","","","","","","","","","",""
199,Berro,CGWB,20,Jharkhand,339,RANCHI,BERO,BERO,Berro,-,-,-,-,-,-,23.30611111,85.02083333,30-05-2020 08:00,8.27,324,"","",147.6,"",10.4,"",28.15,"","","","",30,14.58,18.26,"","","","","","","","","","",""
200,Berro,CGWB,20,Jharkhand,339,RANCHI,BERO,BERO,Berro,-,-,-,-,-,-,23.30611111,85.02083333,30-05-2021 08:00,7.51,840,435.12192,0,414.8,"",32.489925,"",11,0.12,"","",375,56,57.152,18,"","","","","","","","","","",""
201,Betla,CGWB,20,Jharkhand,338,PALAMAU,BARWADIH,BARWADIH,Betla,-,-,-,-,-,-,23.90000000,84.19166667,25-05-2004 00:00,7.34,1240,"",0,292,"",241,"","","","","",410,104,36.6,112,"","","","","","","","","","",""
202,Betla,CGWB,20,Jharkhand,338,PALAMAU,BARWADIH,BARWADIH,Betla,-,-,-,-,-,-,23.90000000,84.19166667,25-05-2009 00:00,7.22,663,"",0,262,"",18,"","","","","",235,62,19,51,"","","","","","","","","","",""
203,Betla,CGWB,20,Jharkhand,338,PALAMAU,BARWADIH,BARWADIH,Betla,-,-,-,-,-,-,23.90000000,84.19166667,25-05-2010 00:00,8.3,752,"",24,104,"",103,"","","","","",150,28,19,100,"","","","","","","","","","",""
204,Betla,CGWB,20,Jharkhand,338,PALAMAU,BARWADIH,BARWADIH,Betla,-,-,-,-,-,-,23.90000000,84.19166667,25-05-2012 00:00,8.16,680,"",0,354,"",35,"",12,"","","",290,76,24.41,28,"","","","","","","","","","",""
205,Bhandara,CGWB,20,Jharkhand,336,LOHARDAGA,BHANDRA,BHANDRA,Bhandara,-,-,-,-,-,-,23.35833333,84.77916667,25-05-2003 00:00,8.2,100,"","","","","","","","","","","","","","","","","","","","","","","","",""
206,Bhandara,CGWB,20,Jharkhand,336,LOHARDAGA,BHANDRA,BHANDRA,Bhandara,-,-,-,-,-,-,23.35833333,84.77916667,25-05-2008 00:00,8.16,128,"",0,55,"",14,"","","","","",45,16,1.215,12,"","","","","","","","","","",""
207,Bhandara,CGWB,20,Jharkhand,336,LOHARDAGA,BHANDRA,BHANDRA,Bhandara,-,-,-,-,-,-,23.35833333,84.77916667,25-05-2009 00:00,7.32,301,"",0,104,"",14,"","","","","",95,26,7.3,40,"","","","","","","","","","",""
208,Bhandara,CGWB,20,Jharkhand,336,LOHARDAGA,BHANDRA,BHANDRA,Bhandara,-,-,-,-,-,-,23.35833333,84.77916667,25-05-2010 00:00,7.3,116,"",18,24,"",7.1,"","","","","",35,10,2.4,10,"","","","","","","","","","",""
209,Bhandara,CGWB,20,Jharkhand,336,LOHARDAGA,BHANDRA,BHANDRA,Bhandara,-,-,-,-,-,-,23.35833333,84.77916667,25-05-2011 00:00,8.56,116,"",18,24,"",7.1,"","","","","",35,10,2.4,10,"","","","","","","","","","",""
210,Bhandara,CGWB,20,Jharkhand,336,LOHARDAGA,BHANDRA,BHANDRA,Bhandara,-,-,-,-,-,-,23.35833333,84.77916667,25-05-2012 00:00,7.13,290,"",0,160,"",6,"",2,"","","",152,35,15.72,17,"","","","","","","","","","",""
211,Bharno bdo,CGWB,20,Jharkhand,331,GUMLA,VERNO,VERNO,Bharno bdo,-,-,-,-,-,-,23.23666667,84.88750000,25-05-2002 00:00,7.38,137,"","","","","","","","","","",89.05,"",21.65,"","","","","","","","","","","",""
212,Bharno bdo,CGWB,20,Jharkhand,331,GUMLA,VERNO,VERNO,Bharno bdo,-,-,-,-,-,-,23.23666667,84.88750000,25-05-2004 00:00,7.8,120,"",0,38,"",21,"","","","","",53,16,3,10,"","","","","","","","","","",""
213,Bharno bdo,CGWB,20,Jharkhand,331,GUMLA,VERNO,VERNO,Bharno bdo,-,-,-,-,-,-,23.23666667,84.88750000,25-05-2007 00:00,7.14,1235,"","",292.8,240,191.7,"","","","","",300,80,24.41,137,"","","","","","","","","","",""
214,Bharno bdo,CGWB,20,Jharkhand,331,GUMLA,GHAGHRA,GHAGHRA,Bharno bdo,-,-,-,-,-,-,23.26944444,84.55333333,25-05-2007 00:00,7.3,1220,"","",1220,1000,21.3,"","","","","",60,16,4.88,20,"","","","","","","","","","",""
215,Bharno bdo,CGWB,20,Jharkhand,331,GUMLA,GHAGHRA,GHAGHRA,Bharno bdo,-,-,-,-,-,-,23.26944444,84.55333333,25-05-2008 00:00,7.77,378,"",0,43,"",50,"","","","","",90,30,3.6,38,"","","","","","","","","","",""
216,Bharno bdo,CGWB,20,Jharkhand,331,GUMLA,VERNO,VERNO,Bharno bdo,-,-,-,-,-,-,23.23666667,84.88750000,25-05-2008 00:00,7.37,1240,"",0,140,"",185,"","","","","",290,84,19,128,"","","","","","","","","","",""
217,Bharno bdo,CGWB,20,Jharkhand,331,GUMLA,GHAGHRA,GHAGHRA,Bharno bdo,-,-,-,-,-,-,23.26944444,84.55333333,25-05-2009 00:00,7.44,280,"",0,104,"",21,"","","","","",75,24,3.6,40,"","","","","","","","","","",""
218,Bharno bdo,CGWB,20,Jharkhand,331,GUMLA,VERNO,VERNO,Bharno bdo,-,-,-,-,-,-,23.23666667,84.88750000,25-05-2009 00:00,7.85,1072,"",0,146,"",135,"","","","","",245,50,29,152,"","","","","","","","","","",""
219,Bharno bdo,CGWB,20,Jharkhand,331,GUMLA,VERNO,VERNO,Bharno bdo,-,-,-,-,-,-,23.23666667,84.88750000,25-05-2010 00:00,8.3,1167,"",12,79,"",202,"","","","","",275,80,18,132,"","","","","","","","","","",""
220,Bharno bdo,CGWB,20,Jharkhand,331,GUMLA,GHAGHRA,GHAGHRA,Bharno bdo,-,-,-,-,-,-,23.26944444,84.55333333,25-05-2010 00:00,8.3,230,"",12,37,"",46,"","","","","",50,16,2.4,26,"","","","","","","","","","",""
221,Bharno bdo,CGWB,20,Jharkhand,331,GUMLA,GHAGHRA,GHAGHRA,Bharno bdo,-,-,-,-,-,-,23.26944444,84.55333333,25-05-2011 00:00,8.77,230,"",12,37,"",46,"","","","","",50,16,2.4,26,"","","","","","","","","","",""
222,Bharno bdo,CGWB,20,Jharkhand,331,GUMLA,VERNO,VERNO,Bharno bdo,-,-,-,-,-,-,23.23666667,84.88750000,25-05-2011 00:00,8.43,1167,"",12,79,"",202,"","","","","",275,80,18,132,"","","","","","","","","","",""
223,Bharno bdo,CGWB,20,Jharkhand,331,GUMLA,VERNO,VERNO,Bharno bdo,-,-,-,-,-,-,23.23666667,84.88750000,25-05-2012 00:00,7.6,200,"",0,55,"",28,"",0,"","","",50,18,1.24,21,"","","","","","","","","","",""
224,Bharno bdo,CGWB,20,Jharkhand,331,GUMLA,VERNO,VERNO,Bharno bdo,-,-,-,-,-,-,23.23666667,84.88750000,25-05-2013 00:00,7.42,207,"",0,61.5,"",28,"",0,"","","",55,18,2.43,22,"","","","","","","","","","",""
225,Bhawanathpur,CGWB,20,Jharkhand,328,GARHWA,BHAWANATHPUR,BHAWANATHPUR,Bhawanathpur,-,-,-,-,-,-,24.39444444,83.56166667,25-05-2006 00:00,8.25,1340,"",0,134,"",263,"",125,"","","",310,52,43.83,180,"","","","","","","","","","",""
226,Bhawanathpur,CGWB,20,Jharkhand,328,GARHWA,BHAWANATHPUR,BHAWANATHPUR,Bhawanathpur,-,-,-,-,-,-,24.39444444,83.56166667,25-05-2010 00:00,7.4,1516,"",18,439,"",192,"","","","","",320,36,56,157,"","","","","","","","","","",""
227,Bhawanathpur,CGWB,20,Jharkhand,328,GARHWA,BHAWANATHPUR,BHAWANATHPUR,Bhawanathpur,-,-,-,-,-,-,24.39444444,83.56166667,25-05-2011 00:00,8.48,1516,"",18,439,"",192,"","","","","",320,36,56,157,"","","","","","","","","","",""
228,Bhurkunda,CGWB,20,Jharkhand,332,HAZARIBAG,PATRATU,PATRATU,Bhurkunda,-,-,-,-,-,-,23.62916667,85.39972222,30-05-2019 08:00,7.98,1077,773.5,"",258.3,"",94.56,"",87.55,"","","",320,64,38.88,86.027,"","","","","","","","","","",""
229,Bhurkunda,CGWB,20,Jharkhand,332,HAZARIBAG,PATRATU,PATRATU,Bhurkunda,-,-,-,-,-,-,23.62916667,85.39972222,30-05-2020 08:00,7.98,1077,"","",258.3,"",94.56,"",87.55,"","","","",64,38.88,86.027,"","","","","","","","","","",""
230,Bijupara Tangar,CGWB,20,Jharkhand,339,RANCHI,-,-,-,-,-,-,-,-,-,23.48250000,85.02222200,30-05-2019 08:00,8.15,633,152.1,"",141.45,"",75.2,"",34.86,"","","",175,38,19.44,53.5,"","","","","","","","","","",""
231,Bijupara Tangar,CGWB,20,Jharkhand,339,RANCHI,-,-,-,-,-,-,-,-,-,23.48250000,85.02222200,30-05-2020 08:00,8.15,633,"","",141.45,"",75.2,"",34.86,"","","","",38,19.44,53.5,"","","","","","","","","","",""
232,Bijupara Tangar,CGWB,20,Jharkhand,339,RANCHI,-,-,-,-,-,-,-,-,-,23.48250000,85.02222200,30-05-2021 08:00,8.02,985,640.25,0,402.6,"",59.99832,"",34,0.08,"","",400,90,42.56,41,"","","","","","","","","","",""
233,Bingaon,CGWB,20,Jharkhand,339,RANCHI,KARRA,KARRA,Bingaon,-,-,-,-,-,-,23.18388889,85.17083333,30-05-2019 08:00,7.9,119,70.2,"",40,"",21.3,"",0.06,"","","",24,6,2.1,15,"","","","","","","","","","",""
234,Bingaon,CGWB,20,Jharkhand,339,RANCHI,KARRA,KARRA,Bingaon,-,-,-,-,-,-,23.18388889,85.17083333,30-05-2020 08:00,7.9,119,"","",40,"",21.3,"",0.06,"","","","",6,2.1,15,"","","","","","","","","","",""
235,Birhu,CGWB,20,Jharkhand,323,CHATRA,SIMARIA,SIMARIA,Birhu,-,-,-,-,-,-,23.97166667,85.18833333,25-05-2012 00:00,8.7,303,"",6,85,"",32,"",0,"","","",115,16,18,17,"","","","","","","","","","",""
236,Birhu,CGWB,20,Jharkhand,323,CHATRA,SIMARIA,SIMARIA,Birhu,-,-,-,-,-,-,23.97166667,85.18833333,25-05-2013 00:00,8.67,305,"",6,85,"",32,"",0,"","","",115,16,18,16,"","","","","","","","","","",""
237,Birini,CGWB,20,Jharkhand,329,GIRIDIH,BAGODAR,BAGODAR,Birini,-,-,-,-,-,-,24.12500000,85.87083333,25-05-2003 00:00,7.67,330,"","","","","","","","","","","","","","","","","","","","","","","","",""
238,Birini,CGWB,20,Jharkhand,329,GIRIDIH,BAGODAR,BAGODAR,Birini,-,-,-,-,-,-,24.12500000,85.87083333,25-05-2004 00:00,8.21,480,"",0,146,"",60,"","","","","",150,48,7.35,34,"","","","","","","","","","",""
239,Birini,CGWB,20,Jharkhand,329,GIRIDIH,BAGODAR,BAGODAR,Birini,-,-,-,-,-,-,24.12500000,85.87083333,25-05-2010 00:00,7.4,350,"",0,129.15,"",32,"","","","","",120,32,9.7,23,"","","","","","","","","","",""
240,Birini,CGWB,20,Jharkhand,329,GIRIDIH,BAGODAR,BAGODAR,Birini,-,-,-,-,-,-,24.12500000,85.87083333,25-05-2011 00:00,7.92,350,"",0,129.15,"",32,"","","","","",120,32,9.7,23,"","","","","","","","","","",""
241,Birini,CGWB,20,Jharkhand,329,GIRIDIH,BAGODAR,BAGODAR,Birini,-,-,-,-,-,-,24.12500000,85.87083333,30-05-2019 08:00,8.34,250,427.7,3,104.55,"",9.749,"",8.437,"","","",95.75862,6.766,19.159,12.131,"","","","","","","","","","",""
242,Birini,CGWB,20,Jharkhand,329,GIRIDIH,BAGODAR,BAGODAR,Birini,-,-,-,-,-,-,24.12500000,85.87083333,30-05-2020 08:00,8.34,250,"","",104.55,"",9.749,"",8.437,"","","","",6.766,19.159,12.131,"","","","","","","","","","",""
243,Birsa Nagar,CGWB,20,Jharkhand,327,EAST  SINGHBHUM (Jamshedpur),-,-,-,-,-,-,-,-,-,22.78722200,86.24722200,30-05-2019 08:00,7.9,1052,424.45,0,406,"",41,"",8,"","","",327,57,35,61,"","","","","","","","","","",""
244,Birsa Nagar,CGWB,20,Jharkhand,327,EAST  SINGHBHUM (Jamshedpur),-,-,-,-,-,-,-,-,-,22.78722200,86.24722200,30-05-2020 08:00,7.9,1052,"",0,406,"",41,"",8,"","","","",57,35,61,"","","","","","","","","","",""
245,Biru,CGWB,20,Jharkhand,331,GUMLA,JALDEGA,JALDEGA,Biru,-,-,-,-,-,-,22.55138889,84.73000000,25-05-2012 00:00,7.6,525,"",0,183,"",78,"",0,"","","",190,36,24.36,23,"","","","","","","","","","",""
246,Biru,CGWB,20,Jharkhand,331,GUMLA,JALDEGA,JALDEGA,Biru,-,-,-,-,-,-,22.55138889,84.73000000,30-05-2019 08:00,7.5,285,67.6,"",61.2,"",60.35,"",0,"","","",110,20,14.5,13,"","","","","","","","","","",""
247,Biru,CGWB,20,Jharkhand,331,GUMLA,JALDEGA,JALDEGA,Biru,-,-,-,-,-,-,22.55138889,84.73000000,30-05-2020 08:00,7.5,285,"","",61.2,"",60.35,"",0,"","","","",20,14.5,13,"","","","","","","","","","",""
248,Bishakhatanga,CGWB,20,Jharkhand,339,RANCHI,-,-,-,-,-,-,-,-,-,23.38888900,85.02444400,30-05-2019 08:00,7.69,234,237.25,"",98.4,"",5.16,"",10.74,"","","",104.97942,20,13.36,10.45,"","","","","","","","","","",""
249,Bishakhatanga,CGWB,20,Jharkhand,339,RANCHI,-,-,-,-,-,-,-,-,-,23.38888900,85.02444400,30-05-2020 08:00,7.69,234,"","",98.4,"",5.16,"",10.74,"","","","",20,13.36,10.45,"","","","","","","","","","",""
250,Bishakhatanga,CGWB,20,Jharkhand,339,RANCHI,-,-,-,-,-,-,-,-,-,23.38888900,85.02444400,30-05-2021 08:00,7.45,1155,750.75,0,427,"",84.12392,"",41,"","","",383.838,127.2726,15.967661,83,"","","","","","","","","","",""
251,Bishnupur,CGWB,20,Jharkhand,331,GUMLA,SIMDEGA,SIMDEGA,Bishnupur,-,-,-,-,-,-,22.70000000,84.38638889,25-05-2003 00:00,7.14,620,"","","","","","","","","","","","","","","","","","","","","","","","",""
252,Bishnupur,CGWB,20,Jharkhand,331,GUMLA,SIMDEGA,SIMDEGA,Bishnupur,-,-,-,-,-,-,22.70000000,84.38638889,25-05-2006 00:00,7.52,503,"",0,133,"",66,"",22,"","","",208,61,13.57,32,"","","","","","","","","","",""
253,Bishnupur,CGWB,20,Jharkhand,331,GUMLA,SIMDEGA,SIMDEGA,Bishnupur,-,-,-,-,-,-,22.70000000,84.38638889,25-05-2007 00:00,7.76,1746,"","",805.2,660,269.8,"","","","","",620,156,56.11,125,"","","","","","","","","","",""
254,Bishnupur,CGWB,20,Jharkhand,331,GUMLA,SIMDEGA,SIMDEGA,Bishnupur,-,-,-,-,-,-,22.70000000,84.38638889,25-05-2013 00:00,7.55,746,"",0,215,"",63,"",0,"","","",250,92,4.97,57,"","","","","","","","","","",""
255,Bishnupur,CGWB,20,Jharkhand,331,GUMLA,SIMDEGA,SIMDEGA,Bishnupur,-,-,-,-,-,-,22.70000000,84.38638889,30-05-2021 08:00,7.95,106,68.9,0,24.408,"",7.08,"",2,"","","",35,6,4.8608,10.8,"","","","","","","","","","",""
256,Bishrampur,CGWB,20,Jharkhand,338,PALAMAU,BISHRAMPUR,BISHRAMPUR,Bishrampur,-,-,-,-,-,-,24.24583333,83.94166667,25-05-2006 00:00,8.45,740,"",36,244,"",27,"",55,"","","",190,24,31.64,111,"","","","","","","","","","",""
257,Bishrampur,CGWB,20,Jharkhand,338,PALAMAU,BISHRAMPUR,BISHRAMPUR,Bishrampur,-,-,-,-,-,-,24.24583333,83.94166667,25-05-2008 00:00,7.92,910,"",0,433,"",43,"","","","","",300,60,36,65,"","","","","","","","","","",""
258,Bishrampur,CGWB,20,Jharkhand,338,PALAMAU,BISHRAMPUR,BISHRAMPUR,Bishrampur,-,-,-,-,-,-,24.24583333,83.94166667,25-05-2009 00:00,7.12,833,"",0,354,"",117,"","","","","",155,40,13,150,"","","","","","","","","","",""
259,Bit More,CGWB,20,Jharkhand,339,RANCHI,KANKE,KANKE,Bit More,-,-,-,-,-,-,23.41666667,85.40250000,25-05-2012 00:00,7.04,260,"",0,100,"",71,"",13,"","","",115,35,6.73,34,"","","","","","","","","","",""
260,Bit More,CGWB,20,Jharkhand,339,RANCHI,KANKE,KANKE,Bit More,-,-,-,-,-,-,23.41666667,85.40250000,25-05-2013 00:00,7.08,266,"",0,100,"",71,"",13,"","","",115,35,7,34,"","","","","","","","","","",""
261,Bit More,CGWB,20,Jharkhand,339,RANCHI,KANKE,KANKE,Bit More,-,-,-,-,-,-,23.41666667,85.40250000,30-05-2019 08:00,7.42,365,384.8,"",104.6,"",49.13,"",23.83,"","","",90,18,10.935,41.22,"","","","","","","","","","",""
262,Bit More,CGWB,20,Jharkhand,339,RANCHI,KANKE,KANKE,Bit More,-,-,-,-,-,-,23.41666667,85.40250000,30-05-2020 08:00,7.42,365,"","",104.6,"",49.13,"",23.83,"","","","",18,10.935,41.22,"","","","","","","","","","",""
263,Bit More,CGWB,20,Jharkhand,339,RANCHI,KANKE,KANKE,Bit More,-,-,-,-,-,-,23.41666667,85.40250000,30-05-2021 08:00,7.7,703,456.95,0,295.911,"",47.01042,"",24,0.16,"","",85.8585,28.2828,3.6848447,125,"","","","","","","","","","",""
264,Bokaro Railway Station,CGWB,20,Jharkhand,322,BOKARO,-,-,-,-,-,-,-,-,-,23.65861100,86.08333300,30-05-2019 08:00,8.12,689,494,"",252.15,"",53.743,"",32.113,"","","",101.73836,26.776,8.456,94.281,"","","","","","","","","","",""
265,Bokaro Railway Station,CGWB,20,Jharkhand,322,BOKARO,-,-,-,-,-,-,-,-,-,23.65861100,86.08333300,30-05-2020 08:00,8.12,689,"","",252.15,"",53.743,"",32.113,"","","","",26.776,8.456,94.281,"","","","","","","","","","",""
266,Bolba,CGWB,20,Jharkhand,331,GUMLA,BOLBA,BOLBA,Bolba,-,-,-,-,-,-,22.43000000,84.34722222,30-05-2019 08:00,8,156,161.2,"",30.5,"",35.5,"",0,"","","",70,20,4.86,3.4,"","","","","","","","","","",""
267,Bolba,CGWB,20,Jharkhand,331,GUMLA,BOLBA,BOLBA,Bolba,-,-,-,-,-,-,22.43000000,84.34722222,30-05-2020 08:00,8,156,"","",30.5,"",35.5,"",0,"","","","",20,4.86,3.4,"","","","","","","","","","",""
268,Borio,CGWB,20,Jharkhand,340,Sahebganj,BORIO,BORIO,Borio,-,-,-,-,-,-,25.03611111,87.59722222,25-05-2009 00:00,7.33,1160,"",0,183,"",185,"","","","","",425,128,26,64,"","","","","","","","","","",""
269,Borio,CGWB,20,Jharkhand,340,Sahebganj,BORIO,BORIO,Borio,-,-,-,-,-,-,25.03611111,87.59722222,25-05-2010 00:00,7.8,482,"",0,244,"",28,"","","","","",190,28,29,20,"","","","","","","","","","",""
270,Borio,CGWB,20,Jharkhand,340,Sahebganj,BORIO,BORIO,Borio,-,-,-,-,-,-,25.03611111,87.59722222,25-05-2012 00:00,7.9,354,"",0,354,"",220,"",0.48,"","","",210,44,24.37,143,"","","","","","","","","","",""
271,Bundu,CGWB,20,Jharkhand,339,RANCHI,BUNDU,BUNDU,Bundu,-,-,-,-,-,-,23.15833333,85.58888889,25-05-2003 00:00,8.08,540,"","","","","","","","","","","","","","","","","","","","","","","","",""
272,Bundu,CGWB,20,Jharkhand,339,RANCHI,BUNDU,BUNDU,Bundu,-,-,-,-,-,-,23.15833333,85.58888889,25-05-2005 00:00,8.12,640,"",0,159,"",67,"",27,"","","",270,74,20.76,19,"","","","","","","","","","",""
273,Bundu,CGWB,20,Jharkhand,339,RANCHI,BUNDU,BUNDU,Bundu,-,-,-,-,-,-,23.15833333,85.58888889,25-05-2007 00:00,7.95,277,"","",146,119.7,35,"","","","","",80,28,2.47,24,"","","","","","","","","","",""
274,Bundu,CGWB,20,Jharkhand,339,RANCHI,BUNDU,BUNDU,Bundu,-,-,-,-,-,-,23.15833333,85.58888889,25-05-2009 00:00,7.26,450,"",0,153,"",53,"","","","","",160,44,12,23,"","","","","","","","","","",""
275,Bundu,CGWB,20,Jharkhand,339,RANCHI,BUNDU,BUNDU,Bundu,-,-,-,-,-,-,23.15833333,85.58888889,25-05-2012 00:00,7.1,660,"",0,300,"",147,"",69,"","","",384,89,39.37,25,"","","","","","","","","","",""
276,Bundu,CGWB,20,Jharkhand,339,RANCHI,BUNDU,BUNDU,Bundu,-,-,-,-,-,-,23.15833333,85.58888889,25-05-2013 00:00,7.44,666,"",0,300,"",147,"",69,"","","",380,88,40,25,"","","","","","","","","","",""
277,Bundu,CGWB,20,Jharkhand,339,RANCHI,BUNDU,BUNDU,Bundu,-,-,-,-,-,-,23.15833333,85.58888889,30-05-2019 08:00,8.03,592,358.8,"",172.2,"",43.27,"",71.33,"","","",220,44,26.73,33.24,"","","","","","","","","","",""
278,Bundu,CGWB,20,Jharkhand,339,RANCHI,BUNDU,BUNDU,Bundu,-,-,-,-,-,-,23.15833333,85.58888889,30-05-2020 08:00,8.03,592,"","",172.2,"",43.27,"",71.33,"","","","",44,26.73,33.24,"","","","","","","","","","",""
279,Bundu,CGWB,20,Jharkhand,339,RANCHI,BUNDU,BUNDU,Bundu,-,-,-,-,-,-,23.15833333,85.58888889,30-05-2021 08:00,7.71,962,625.3,0,307.989,"",111.37188,"",33,"","","",272.727,58.5858,30.70704,96,"","","","","","","","","","",""
280,Bunti,CGWB,20,Jharkhand,339,RANCHI,NAMKUM,NAMKUM,Bunti,-,-,-,-,-,-,23.38750000,85.36944444,25-05-2003 00:00,8.25,256,"","","","","","","","","","","","","","","","","","","","","","","","",""
281,Bunti,CGWB,20,Jharkhand,339,RANCHI,NAMKUM,NAMKUM,Bunti,-,-,-,-,-,-,23.38750000,85.36944444,25-05-2004 00:00,7.16,240,"",0,64,"",99,"","","","","",109,21,13,16,"","","","","","","","","","",""
282,Bunti,CGWB,20,Jharkhand,339,RANCHI,NAMKUM,NAMKUM,Bunti,-,-,-,-,-,-,23.38750000,85.36944444,25-05-2005 00:00,7.1,290,"",0,67,"",50,"",2.4,"","","",100,30,6.11,16,"","","","","","","","","","",""
283,Bunti,CGWB,20,Jharkhand,339,RANCHI,NAMKUM,NAMKUM,Bunti,-,-,-,-,-,-,23.38750000,85.36944444,25-05-2008 00:00,7.2,328,"",0,79,"",46,"","","","","",110,28,9.7,27,"","","","","","","","","","",""
284,Bunti,CGWB,20,Jharkhand,339,RANCHI,NAMKUM,NAMKUM,Bunti,-,-,-,-,-,-,23.38750000,85.36944444,25-05-2009 00:00,7.86,360,"",0,85,"",57,"","","","","",115,24,13,23,"","","","","","","","","","",""
285,Bunti,CGWB,20,Jharkhand,339,RANCHI,NAMKUM,NAMKUM,Bunti,-,-,-,-,-,-,23.38750000,85.36944444,25-05-2010 00:00,7.6,390,"",0,98.4,"",56.72,"","","","","",135,30,14.6,25,"","","","","","","","","","",""
286,Bunti,CGWB,20,Jharkhand,339,RANCHI,NAMKUM,NAMKUM,Bunti,-,-,-,-,-,-,23.38750000,85.36944444,25-05-2011 00:00,7.36,390,"",0,98.4,"",56.72,"","","","","",135,30,14.6,25,"","","","","","","","","","",""
287,Bunti,CGWB,20,Jharkhand,339,RANCHI,NAMKUM,NAMKUM,Bunti,-,-,-,-,-,-,23.38750000,85.36944444,25-05-2012 00:00,6.91,310,"",0,140,"",57,"",58,"","","",140,38,10.99,15,"","","","","","","","","","",""
288,Bunti,CGWB,20,Jharkhand,339,RANCHI,NAMKUM,NAMKUM,Bunti,-,-,-,-,-,-,23.38750000,85.36944444,25-05-2013 00:00,6.98,311,"",0,140,"",57,"",58,"","","",140,38,11,15,"","","","","","","","","","",""
289,Bunti,CGWB,20,Jharkhand,339,RANCHI,NAMKUM,NAMKUM,Bunti,-,-,-,-,-,-,23.38750000,85.36944444,30-05-2019 08:00,8.02,552,195.65,"",129.15,"",64.3,"",49.84,"","","",145,38,12.15,42.5,"","","","","","","","","","",""
290,Bunti,CGWB,20,Jharkhand,339,RANCHI,NAMKUM,NAMKUM,Bunti,-,-,-,-,-,-,23.38750000,85.36944444,30-05-2020 08:00,8.02,552,"","",129.15,"",64.3,"",49.84,"","","","",38,12.15,42.5,"","","","","","","","","","",""
291,Bunti,CGWB,20,Jharkhand,339,RANCHI,NAMKUM,NAMKUM,Bunti,-,-,-,-,-,-,23.38750000,85.36944444,30-05-2021 08:00,7.56,685,445.25,0,195.2,"",69.27852,"",41,"","","",277.7775,80.808,18.424225,25,"","","","","","","","","","",""
292,Burmoo,CGWB,20,Jharkhand,339,RANCHI,BURMU,BURMU,Burmoo,-,-,-,-,-,-,23.56805556,85.13333333,25-05-2005 00:00,7.95,271,"",0,153,"",11,"",2.4,"","","",110,30,8.55,17,"","","","","","","","","","",""
293,Burmoo,CGWB,20,Jharkhand,339,RANCHI,BURMU,BURMU,Burmoo,-,-,-,-,-,-,23.56805556,85.13333333,25-05-2007 00:00,8.09,162,"","",134,109.8,7,"","","","","",60,20,2.46,13,"","","","","","","","","","",""
294,Burmoo,CGWB,20,Jharkhand,339,RANCHI,BURMU,BURMU,Burmoo,-,-,-,-,-,-,23.56805556,85.13333333,25-05-2008 00:00,7.1,247,"",0,91,"",7.1,"","","","","",103,27,8.66,10,"","","","","","","","","","",""
295,Burmoo,CGWB,20,Jharkhand,339,RANCHI,BURMU,BURMU,Burmoo,-,-,-,-,-,-,23.56805556,85.13333333,30-05-2021 08:00,8.17,1285,835.25,0,451.4,"",127.49643,"",22,"","","",540,182,20.672,54,"","","","","","","","","","",""
296,Buti,CGWB,20,Jharkhand,339,RANCHI,NAMKUM,NAMKUM,Buti,-,-,-,-,-,-,23.38777778,85.36944444,25-05-2007 00:00,7,318,"","",140,114.8,46,"","","","","",100,28,7.33,32,"","","","","","","","","","",""
297,Chachgura,CGWB,20,Jharkhand,339,RANCHI,BERO,BERO,Chachgura,-,-,-,-,-,-,23.34416667,85.07416667,25-05-2012 00:00,6.96,140,"",0,40,"",34,"",0,"","","",52,14,4.15,19,"","","","","","","","","","",""
298,Chachgura,CGWB,20,Jharkhand,339,RANCHI,BERO,BERO,Chachgura,-,-,-,-,-,-,23.34416667,85.07416667,30-05-2019 08:00,7.29,301,589.55,"",61.5,"",44.73,"",9.36,"","","",100,20,12.15,25.44,"","","","","","","","","","",""
299,Chachgura,CGWB,20,Jharkhand,339,RANCHI,BERO,BERO,Chachgura,-,-,-,-,-,-,23.34416667,85.07416667,30-05-2020 08:00,7.29,301,"","",61.5,"",44.73,"",9.36,"","","","",20,12.15,25.44,"","","","","","","","","","",""
300,Chachgura,CGWB,20,Jharkhand,339,RANCHI,BERO,BERO,Chachgura,-,-,-,-,-,-,23.34416667,85.07416667,30-05-2021 08:00,7.41,1080,702,0,305,"",64.97985,"",65,0.03,"","",360,86,35.264,73,"","","","","","","","","","",""
301,Chaibasa,CGWB,20,Jharkhand,343,PASHCHIMI SINGHBHUM,CHAIBASA,CHAIBASA,Chaibasa,-,-,-,-,-,-,22.54583333,85.80416667,25-05-2003 00:00,7.31,1240,"","","","","","","","","","","","","","","","","","","","","","","","",""
302,Chaibasa,CGWB,20,Jharkhand,343,PASHCHIMI SINGHBHUM,CHAIBASA,CHAIBASA,Chaibasa,-,-,-,-,-,-,22.54583333,85.80416667,25-05-2004 00:00,7.21,1090,"",0,445,"",135,"","","","","",321,58,42,120,"","","","","","","","","","",""
303,Chaibasa,CGWB,20,Jharkhand,343,PASHCHIMI SINGHBHUM,CHAIBASA,CHAIBASA,Chaibasa,-,-,-,-,-,-,22.54583333,85.80416667,25-05-2005 00:00,7.15,552,"",0,153,"",25,"","","","","",160,34,18.28,23,"","","","","","","","","","",""
304,Chaibasa,CGWB,20,Jharkhand,343,PASHCHIMI SINGHBHUM,CHAIBASA,CHAIBASA,Chaibasa,-,-,-,-,-,-,22.54583333,85.80416667,25-05-2006 00:00,7.05,990,"",0,395,"",130,"",44,"","","",339,101,21.15,93,"","","","","","","","","","",""
305,Chaibasa,CGWB,20,Jharkhand,343,PASHCHIMI SINGHBHUM,CHAIBASA,CHAIBASA,Chaibasa,-,-,-,-,-,-,22.54583333,85.80416667,25-05-2007 00:00,7.82,941,"","",567,464.8,131.3,"","","","","",160,36,17.06,100,"","","","","","","","","","",""
306,Chaibasa,CGWB,20,Jharkhand,343,PASHCHIMI SINGHBHUM,CHAIBASA,CHAIBASA,Chaibasa,-,-,-,-,-,-,22.54583333,85.80416667,25-05-2009 00:00,7.35,910,"",0,329,"",89,"","","","","",270,60,29,69,"","","","","","","","","","",""
307,Chaibasa,CGWB,20,Jharkhand,343,PASHCHIMI SINGHBHUM,CHAIBASA,CHAIBASA,Chaibasa,-,-,-,-,-,-,22.54583333,85.80416667,25-05-2010 00:00,8.3,727,"",12,299,"",67,"","","","","",260,56,29,44,"","","","","","","","","","",""
308,Chaibasa,CGWB,20,Jharkhand,343,PASHCHIMI SINGHBHUM,CHAIBASA,CHAIBASA,Chaibasa,-,-,-,-,-,-,22.54583333,85.80416667,25-05-2011 00:00,7.88,727,"",12,299,"",67,"","","","","",260,56,29,44,"","","","","","","","","","",""
309,Chaibasa,CGWB,20,Jharkhand,343,PASHCHIMI SINGHBHUM,CHAIBASA,CHAIBASA,Chaibasa,-,-,-,-,-,-,22.54583333,85.80416667,25-05-2012 00:00,7.8,580,"",0,500,"",85,"",0,"","","",240,68,17.1,106,"","","","","","","","","","",""
310,Chaibasa,CGWB,20,Jharkhand,343,PASHCHIMI SINGHBHUM,CHAIBASA,CHAIBASA,Chaibasa,-,-,-,-,-,-,22.54583333,85.80416667,25-05-2013 00:00,7.7,557,"",0,500,"",92,"",0,"","","",245,68,18.32,104,"","","","","","","","","","",""
311,Chaibasa,CGWB,20,Jharkhand,343,PASHCHIMI SINGHBHUM,CHAIBASA,CHAIBASA,Chaibasa,-,-,-,-,-,-,22.54583333,85.80416667,30-05-2019 08:00,7.6,987,1197.3,0,194,"",101,"",2,"","","",269,77,21,70,"","","","","","","","","","",""
312,Chaibasa,CGWB,20,Jharkhand,343,PASHCHIMI SINGHBHUM,CHAIBASA,CHAIBASA,Chaibasa,-,-,-,-,-,-,22.54583333,85.80416667,30-05-2020 08:00,7.6,987,"",0,194,"",101,"",2,"","","","",77,21,70,"","","","","","","","","","",""
313,Chainpur,CGWB,20,Jharkhand,331,GUMLA,SISAI,SISAI,Chainpur,-,-,-,-,-,-,23.17222222,84.70638889,25-05-2008 00:00,6.84,750,"",0,171,"",106,"","","","","",245,78,12,50,"","","","","","","","","","",""
314,Chainpur,CGWB,20,Jharkhand,331,GUMLA,SISAI,SISAI,Chainpur,-,-,-,-,-,-,23.17222222,84.70638889,25-05-2010 00:00,8.3,368,"",24,43,"",35,"","","","","",135,40,8.5,18,"","","","","","","","","","",""
315,Chainpur,CGWB,20,Jharkhand,331,GUMLA,SISAI,SISAI,Chainpur,-,-,-,-,-,-,23.17222222,84.70638889,25-05-2011 00:00,8.66,368,"",24,43,"",35,"","","","","",135,40,8.5,18,"","","","","","","","","","",""
316,Chainpur1,CGWB,20,Jharkhand,331,GUMLA,CHAINPUR,CHAINPUR,Chainpur,-,-,-,-,-,-,23.14388889,84.19888889,25-05-2003 00:00,7.71,722,"","","","","","","","","","","","","","","","","","","","","","","","",""
317,Chainpur1,CGWB,20,Jharkhand,331,GUMLA,CHAINPUR,CHAINPUR,Chainpur,-,-,-,-,-,-,23.14388889,84.19888889,25-05-2012 00:00,7.8,800,"",0,165,"",114,"",22,"","","",260,76,17.11,52,"","","","","","","","","","",""
318,Chainpur1,CGWB,20,Jharkhand,331,GUMLA,CHAINPUR,CHAINPUR,Chainpur,-,-,-,-,-,-,23.14388889,84.19888889,25-05-2013 00:00,7.61,808,"",0,166,"",116,"",18,"","","",265,78,17,54,"","","","","","","","","","",""
319,Chakradharpur,CGWB,20,Jharkhand,343,PASHCHIMI SINGHBHUM,CHAKRADHARPUR,CHAKRADHARPUR,Chakradharpur,-,-,-,-,-,-,22.66250000,85.63750000,25-05-2003 00:00,6.99,1387,"","","","","","","","","","","","","","","","","","","","","","","","",""
320,Chakradharpur,CGWB,20,Jharkhand,343,PASHCHIMI SINGHBHUM,CHAKRADHARPUR,CHAKRADHARPUR,Chakradharpur,-,-,-,-,-,-,22.66250000,85.63750000,25-05-2006 00:00,7,1240,"",0,303,"",179,"",74,"","","",482,111,49.86,73,"","","","","","","","","","",""
321,Chakradharpur,CGWB,20,Jharkhand,343,PASHCHIMI SINGHBHUM,CHAKRADHARPUR,CHAKRADHARPUR,Chakradharpur,-,-,-,-,-,-,22.66250000,85.63750000,25-05-2007 00:00,7.13,903,"","",628,514.8,96,"","","","","",280,48,38.96,63,"","","","","","","","","","",""
322,Chakradharpur,CGWB,20,Jharkhand,343,PASHCHIMI SINGHBHUM,CHAKRADHARPUR,CHAKRADHARPUR,Chakradharpur,-,-,-,-,-,-,22.66250000,85.63750000,25-05-2009 00:00,7.74,1300,"",0,336,"",195,"","","","","",500,112,54,55,"","","","","","","","","","",""
323,Chakradharpur,CGWB,20,Jharkhand,343,PASHCHIMI SINGHBHUM,CHAKRADHARPUR,CHAKRADHARPUR,Chakradharpur,-,-,-,-,-,-,22.66250000,85.63750000,25-05-2010 00:00,8.3,1118,"","",311,"",163,"","","","","",425,92,47,58,"","","","","","","","","","",""
324,Chakradharpur,CGWB,20,Jharkhand,343,PASHCHIMI SINGHBHUM,CHAKRADHARPUR,CHAKRADHARPUR,Chakradharpur,-,-,-,-,-,-,22.66250000,85.63750000,25-05-2011 00:00,7.71,1118,"",0,311,"",163,"","","","","",425,92,47,58,"","","","","","","","","","",""
325,Chakradharpur,CGWB,20,Jharkhand,343,PASHCHIMI SINGHBHUM,CHAKRADHARPUR,CHAKRADHARPUR,Chakradharpur,-,-,-,-,-,-,22.66250000,85.63750000,25-05-2012 00:00,8,924,"",0,354,"",99,"",16,"","","",350,64,46.27,51,"","","","","","","","","","",""
326,Chakradharpur,CGWB,20,Jharkhand,343,PASHCHIMI SINGHBHUM,CHAKRADHARPUR,CHAKRADHARPUR,Chakradharpur,-,-,-,-,-,-,22.66250000,85.63750000,25-05-2013 00:00,7.81,922,"",0,354,"",99,"",17,"","","",350,64,46,52,"","","","","","","","","","",""
327,Chakradharpur,CGWB,20,Jharkhand,343,PASHCHIMI SINGHBHUM,CHAKRADHARPUR,CHAKRADHARPUR,Chakradharpur,-,-,-,-,-,-,22.66250000,85.63750000,30-05-2019 08:00,7.7,576,594.1,0,58,"",52,"",6,"","","",103,37,11,14.2,"","","","","","","","","","",""
328,Chakradharpur,CGWB,20,Jharkhand,343,PASHCHIMI SINGHBHUM,CHAKRADHARPUR,CHAKRADHARPUR,Chakradharpur,-,-,-,-,-,-,22.66250000,85.63750000,30-05-2020 08:00,7.7,576,"",0,58,"",52,"",6,"","","","",37,11,14.2,"","","","","","","","","","",""
329,Chakulia,CGWB,20,Jharkhand,327,PURBI SINGHBHUM,CHAKULIA,CHAKULIA,Chakulia,-,-,-,-,-,-,22.48333333,86.71805556,25-05-2002 00:00,8.16,450,"",0,159,"",57,"","","","","",170,60,4.94,12,"","","","","","","","","","",""
330,Chakulia,CGWB,20,Jharkhand,327,PURBI SINGHBHUM,CHAKULIA,CHAKULIA,Chakulia,-,-,-,-,-,-,22.48333333,86.71805556,25-05-2003 00:00,7.08,310,"","","","","","","","","","","","","","","","","","","","","","","","",""
331,Chakulia,CGWB,20,Jharkhand,327,PURBI SINGHBHUM,CHAKULIA,CHAKULIA,Chakulia,-,-,-,-,-,-,22.48333333,86.71805556,25-05-2004 00:00,6.68,270,"",0,91,"",64,"","","","","",122,38,6.61,11,"","","","","","","","","","",""
332,Chakulia,CGWB,20,Jharkhand,327,PURBI SINGHBHUM,CHAKULIA,CHAKULIA,Chakulia,-,-,-,-,-,-,22.48333333,86.71805556,25-05-2005 00:00,7.18,320,"",0,61,"",46,"","","","","",110,32,7.33,18,"","","","","","","","","","",""
333,Chakulia,CGWB,20,Jharkhand,327,PURBI SINGHBHUM,CHAKULIA,CHAKULIA,Chakulia,-,-,-,-,-,-,22.48333333,86.71805556,25-05-2006 00:00,7,230,"",0,56,"",37,"","","","","",87,32,1.74,13,"","","","","","","","","","",""
334,Chakulia,CGWB,20,Jharkhand,327,PURBI SINGHBHUM,CHAKULIA,CHAKULIA,Chakulia,-,-,-,-,-,-,22.48333333,86.71805556,25-05-2007 00:00,6.38,557,"","",152,124.6,85.2,"","","","","",170,48,12.21,39,"","","","","","","","","","",""
335,Chakulia,CGWB,20,Jharkhand,327,PURBI SINGHBHUM,CHAKULIA,CHAKULIA,Chakulia,-,-,-,-,-,-,22.48333333,86.71805556,25-05-2008 00:00,6.68,400,"",0,49,"",67,"","","","","",115,38,4.9,32,"","","","","","","","","","",""
336,Chakulia,CGWB,20,Jharkhand,327,PURBI SINGHBHUM,CHAKULIA,CHAKULIA,Chakulia,-,-,-,-,-,-,22.48333333,86.71805556,25-05-2009 00:00,7.45,320,"",0,85,"",39,"","","","","",125,32,11,12,"","","","","","","","","","",""
337,Chakulia,CGWB,20,Jharkhand,327,PURBI SINGHBHUM,CHAKULIA,CHAKULIA,Chakulia,-,-,-,-,-,-,22.48333333,86.71805556,25-05-2010 00:00,8.1,315,"",6,55,"",50,"","","","","",95,32,3.6,24,"","","","","","","","","","",""
338,Chakulia,CGWB,20,Jharkhand,327,PURBI SINGHBHUM,CHAKULIA,CHAKULIA,Chakulia,-,-,-,-,-,-,22.48333333,86.71805556,30-05-2019 08:00,7.2,238,194.35,0,26,"",25,"",6,"","","",52,11,8,27,"","","","","","","","","","",""
339,Chakulia,CGWB,20,Jharkhand,327,PURBI SINGHBHUM,CHAKULIA,CHAKULIA,Chakulia,-,-,-,-,-,-,22.48333333,86.71805556,30-05-2020 08:00,7.2,238,"",0,26,"",25,"",6,"","","","",11,8,27,"","","","","","","","","","",""
340,Chandankiyari,CGWB,20,Jharkhand,322,BOKARO,CHANDANKIYARI,CHANDANKIYARI,Chandankiyari,-,-,-,-,-,-,23.57500000,86.35694444,25-05-2012 00:00,8.2,1325,"",0,403,"",206,"",0,"","","",330,84,29,133,"","","","","","","","","","",""
341,Chandankiyari,CGWB,20,Jharkhand,322,BOKARO,CHANDANKIYARI,CHANDANKIYARI,Chandankiyari,-,-,-,-,-,-,23.57500000,86.35694444,25-05-2013 00:00,8,1339,"",0,405,"",209,"",0,"","","",330,84,29.28,137,"","","","","","","","","","",""
342,Chandankiyari,CGWB,20,Jharkhand,322,BOKARO,CHANDANKIYARI,CHANDANKIYARI,Chandankiyari,-,-,-,-,-,-,23.57500000,86.35694444,30-05-2019 08:00,8.02,965,421.85,"",252.15,"",87.28,"",66.944,"","","",285.8864,52.906,37.33,88.992,"","","","","","","","","","",""
343,Chandankiyari,CGWB,20,Jharkhand,322,BOKARO,CHANDANKIYARI,CHANDANKIYARI,Chandankiyari,-,-,-,-,-,-,23.57500000,86.35694444,30-05-2020 08:00,8.02,965,"","",252.15,"",87.28,"",66.944,"","","","",52.906,37.33,88.992,"","","","","","","","","","",""
344,Chandankiyari,CGWB,20,Jharkhand,322,BOKARO,CHANDANKIYARI,CHANDANKIYARI,Chandankiyari,-,-,-,-,-,-,23.57500000,86.35694444,30-05-2021 08:00,7.92,1092,709.8,0,555.1,"",32.49909,"",24,"","","",255,70,19.456,132,"","","","","","","","","","",""
345,Chandil,CGWB,20,Jharkhand,343,PASHCHIMI SINGHBHUM,CHANDIL,CHANDIL,Chandil,-,-,-,-,-,-,22.95416667,86.02500000,25-05-2003 00:00,7,1260,"","","","","","","","","","","","","","","","","","","","","","","","",""
346,Chandil,CGWB,20,Jharkhand,343,PASHCHIMI SINGHBHUM,CHANDIL,CHANDIL,Chandil,-,-,-,-,-,-,22.95416667,86.02500000,25-05-2004 00:00,6.84,1160,"",0,202,"",220,"","","","","",353,78,38.51,96,"","","","","","","","","","",""
347,Chandil,CGWB,20,Jharkhand,343,PASHCHIMI SINGHBHUM,CHANDIL,CHANDIL,Chandil,-,-,-,-,-,-,22.95416667,86.02500000,25-05-2005 00:00,7.53,1180,"",0,230,"",185,"","","","","",430,80,56.02,63,"","","","","","","","","","",""
348,Chandil,CGWB,20,Jharkhand,343,PASHCHIMI SINGHBHUM,CHANDIL,CHANDIL,Chandil,-,-,-,-,-,-,22.95416667,86.02500000,25-05-2006 00:00,6.9,1000,"",0,145,"",159,"",75,"","","",369,109,23.59,67,"","","","","","","","","","",""
349,Chandil,CGWB,20,Jharkhand,343,PASHCHIMI SINGHBHUM,CHANDIL,CHANDIL,Chandil,-,-,-,-,-,-,22.95416667,86.02500000,25-05-2007 00:00,8.3,223,"","",244,200,7.1,"","","","","",70,24,2.46,20,"","","","","","","","","","",""
350,Chandil,CGWB,20,Jharkhand,343,PASHCHIMI SINGHBHUM,CHANDIL,CHANDIL,Chandil,-,-,-,-,-,-,22.95416667,86.02500000,25-05-2008 00:00,7.14,1380,"",0,220,"",227,"","","","","",375,130,12,133,"","","","","","","","","","",""
351,Chandil,CGWB,20,Jharkhand,343,PASHCHIMI SINGHBHUM,CHANDIL,CHANDIL,Chandil,-,-,-,-,-,-,22.95416667,86.02500000,25-05-2009 00:00,7.44,1200,"",0,214,"",199,"","","","","",430,128,27,69,"","","","","","","","","","",""
352,Chandil,CGWB,20,Jharkhand,343,PASHCHIMI SINGHBHUM,CHANDIL,CHANDIL,Chandil,-,-,-,-,-,-,22.95416667,86.02500000,25-05-2011 00:00,7.65,188,"",0,104,"",7.1,"","","","","",65,20,3.6,15,"","","","","","","","","","",""
353,Chandrapura,CGWB,20,Jharkhand,322,BOKARO,BERMO,BERMO,Chandrapura,-,-,-,-,-,-,23.75027778,86.13361111,25-05-2008 00:00,7.62,1700,"",0,427,"",259,"","","","","",400,112,29.31,196,"","","","","","","","","","",""
354,Chandrapura,CGWB,20,Jharkhand,322,BOKARO,BERMO,BERMO,Chandrapura,-,-,-,-,-,-,23.75027778,86.13361111,25-05-2012 00:00,7.9,1500,"",0,427,"",269,"",0,"","","",400,124,22.03,136,"","","","","","","","","","",""
355,Chandrapura,CGWB,20,Jharkhand,322,BOKARO,BERMO,BERMO,Chandrapura,-,-,-,-,-,-,23.75027778,86.13361111,25-05-2013 00:00,7.74,1500,"",0,427,"",269,"",0,"","","",400,124,22.03,136,"","","","","","","","","","",""
356,Chandwa,CGWB,20,Jharkhand,338,PALAMAU,CHANDWA,CHANDWA,Chandwa,-,-,-,-,-,-,23.67500000,84.74583333,25-05-2001 00:00,8.25,1300,"",0,207,"",190,"","","","","",495,140,35,67,"","","","","","","","","","",""
357,Chandwa,CGWB,20,Jharkhand,338,PALAMAU,CHANDWA,CHANDWA,Chandwa,-,-,-,-,-,-,23.67500000,84.74583333,25-05-2002 00:00,7.96,804,"","","","","","","","","","","","","","","","","","","","","","","","",""
358,Chandwa,CGWB,20,Jharkhand,338,PALAMAU,CHANDWA,CHANDWA,Chandwa,-,-,-,-,-,-,23.67500000,84.74583333,25-05-2004 00:00,7.92,790,"",0,312,"",64,"","","","","",287,70,27.32,22,"","","","","","","","","","",""
359,Chandwa,CGWB,20,Jharkhand,338,PALAMAU,CHANDWA,CHANDWA,Chandwa,-,-,-,-,-,-,23.67500000,84.74583333,25-05-2007 00:00,7.27,1100,"","",677.1,555,124.2,"","","","","",370,88,36.58,100,"","","","","","","","","","",""
360,Chandwa,CGWB,20,Jharkhand,338,PALAMAU,CHANDWA,CHANDWA,Chandwa,-,-,-,-,-,-,23.67500000,84.74583333,25-05-2008 00:00,7.71,1120,"",0,390,"",99,"","","","","",345,80,35,90,"","","","","","","","","","",""
361,Chandwa,CGWB,20,Jharkhand,338,PALAMAU,CHANDWA,CHANDWA,Chandwa,-,-,-,-,-,-,23.67500000,84.74583333,25-05-2009 00:00,8.44,894,"",18,232,"",82,"","","","","",200,28,32,167,"","","","","","","","","","",""
362,Chandwa,CGWB,20,Jharkhand,338,PALAMAU,CHANDWA,CHANDWA,Chandwa,-,-,-,-,-,-,23.67500000,84.74583333,25-05-2012 00:00,7.7,635,"",0,146,"",106,"",0,"","","",190,72,2.52,55,"","","","","","","","","","",""
363,Chandwara,CGWB,20,Jharkhand,334,KODARMA,CHAUPARAN,CHAUPARAN,Chandwara,-,-,-,-,-,-,24.39166667,85.47916667,25-05-2013 00:00,7.53,942,"",0,283,"",145,"",32,"","","",205,44,23.15,155,"","","","","","","","","","",""
364,Chandwara,CGWB,20,Jharkhand,334,KODARMA,CHAUPARAN,CHAUPARAN,Chandwara,-,-,-,-,-,-,24.39166667,85.47916667,30-05-2019 08:00,8.14,1020,711.1,0,141.45,"",160,"",83.96,"","","",180,36,21.87,127.3,"","","","","","","","","","",""
365,Chandwara,CGWB,20,Jharkhand,334,KODARMA,CHAUPARAN,CHAUPARAN,Chandwara,-,-,-,-,-,-,24.39166667,85.47916667,30-05-2020 08:00,8.14,1020,"","",141.45,"",160,"",83.96,"","","","",36,21.87,127.3,"","","","","","","","","","",""
366,Chas,CGWB,20,Jharkhand,322,BOKARO,JARIDIH,JARIDIH,Chas,-,-,-,-,-,-,23.63333333,86.01666667,25-05-2002 00:00,7.65,1156,"","","","","","","","","","","","","","","","","","","","","","","","",""
367,Chas,CGWB,20,Jharkhand,322,BOKARO,JARIDIH,JARIDIH,Chas,-,-,-,-,-,-,23.63333333,86.01666667,25-05-2004 00:00,7.68,1350,"",0,165,"",245,"","","","","",450,138,25.7,98,"","","","","","","","","","",""
368,Chas,CGWB,20,Jharkhand,322,BOKARO,JARIDIH,JARIDIH,Chas,-,-,-,-,-,-,23.63333333,86.01666667,25-05-2005 00:00,7.33,1100,"",0,427,"",124,"","","","","",355,66,46.28,83,"","","","","","","","","","",""
369,Chas,CGWB,20,Jharkhand,322,BOKARO,JARIDIH,JARIDIH,Chas,-,-,-,-,-,-,23.63333333,86.01666667,25-05-2008 00:00,7.49,1340,"",0,476,"",124,"","","","","",400,132,17,115,"","","","","","","","","","",""
370,Chas,CGWB,20,Jharkhand,322,BOKARO,JARIDIH,JARIDIH,Chas,-,-,-,-,-,-,23.63333333,86.01666667,25-05-2009 00:00,7.85,1582,"",0,506,"",135,"","","","","",360,90,33,139,"","","","","","","","","","",""
371,Chas,CGWB,20,Jharkhand,322,BOKARO,JARIDIH,JARIDIH,Chas,-,-,-,-,-,-,23.63333333,86.01666667,25-05-2010 00:00,7.5,1061,"",0,74,"",230,"","","","","",350,86,33,80,"","","","","","","","","","",""
372,Chatra,CGWB,20,Jharkhand,323,CHATRA,CHATRA,CHATRA,Chatra,-,-,-,-,-,-,24.20000000,84.87500000,25-05-2002 00:00,8.22,1335,"","","","","","","","","","","","","","","","","","","","","","","","",""
373,Chatra,CGWB,20,Jharkhand,323,CHATRA,CHATRA,CHATRA,Chatra,-,-,-,-,-,-,24.20000000,84.87500000,25-05-2008 00:00,7.58,1030,"",0,372,"",92,"","","","","",380,92,36,51,"","","","","","","","","","",""
374,Chatra,CGWB,20,Jharkhand,323,CHATRA,CHATRA,CHATRA,Chatra,-,-,-,-,-,-,24.20000000,84.87500000,25-05-2009 00:00,7.25,1449,"",0,451,"",149,"","","","","",355,62,49,129,"","","","","","","","","","",""
375,Chatra,CGWB,20,Jharkhand,323,CHATRA,CHATRA,CHATRA,Chatra,-,-,-,-,-,-,24.20000000,84.87500000,25-05-2010 00:00,7.2,1105,"",0,363,"",184,"","","","","",370,40,66,75,"","","","","","","","","","",""
376,Chatra,CGWB,20,Jharkhand,323,CHATRA,CHATRA,CHATRA,Chatra,-,-,-,-,-,-,24.20000000,84.87500000,25-05-2011 00:00,7.22,1440,"",0,446,"",147,"","","","","",355,62,49,127,"","","","","","","","","","",""
377,Chauparan,CGWB,20,Jharkhand,334,KODARMA,CHAUPARAN,CHAUPARAN,Chauparan,-,-,-,-,-,-,24.37500000,85.25833333,25-05-2002 00:00,9.02,1700,"","","","","","","","","","","","","","","","","","","","","","","","",""
378,Chauparan,CGWB,20,Jharkhand,334,KODARMA,CHAUPARAN,CHAUPARAN,Chauparan,-,-,-,-,-,-,24.37500000,85.25833333,25-05-2009 00:00,7.35,1744,"",0,567,"",178,"","","","","",480,86,64,154,"","","","","","","","","","",""
379,Chauparan,CGWB,20,Jharkhand,334,KODARMA,CHAUPARAN,CHAUPARAN,Chauparan,-,-,-,-,-,-,24.37500000,85.25833333,25-05-2010 00:00,7.3,1680,"",0,31,"",386,"","","","","",500,112,54,148,"","","","","","","","","","",""
380,Chauparan,CGWB,20,Jharkhand,334,KODARMA,CHAUPARAN,CHAUPARAN,Chauparan,-,-,-,-,-,-,24.37500000,85.25833333,25-05-2011 00:00,7.65,1929,"",0,252.15,"",340.32,"","","","","",590,94,82.26,140.95,"","","","","","","","","","",""
381,Chhatarpur,CGWB,20,Jharkhand,338,PALAMAU,CHHATARPUR,CHHATARPUR,Chhatarpur,-,-,-,-,-,-,24.36666667,84.19166667,25-05-2010 00:00,8.3,1030,"",12,451,"",78,"","","","","",325,36,57,55,"","","","","","","","","","",""
382,Chhatarpur,CGWB,20,Jharkhand,338,PALAMAU,CHHATARPUR,CHHATARPUR,Chhatarpur,-,-,-,-,-,-,24.36666667,84.19166667,25-05-2011 00:00,8.39,1030,"",12,451,"",78,"","","","","",325,36,57,55,"","","","","","","","","","",""
383,Chhatarpur,CGWB,20,Jharkhand,338,PALAMAU,CHHATARPUR,CHHATARPUR,Chhatarpur,-,-,-,-,-,-,24.36666667,84.19166667,25-05-2012 00:00,7.87,1820,"",0,634,"",206,"",250,"","","",600,140,60.95,209,"","","","","","","","","","",""
384,Chhatarpur,CGWB,20,Jharkhand,338,PALAMAU,CHHATARPUR,CHHATARPUR,Chhatarpur,-,-,-,-,-,-,24.36666667,84.19166667,25-05-2013 00:00,7.67,1818,"",0,634,"",206,"",248,"","","",600,140,61,209,"","","","","","","","","","",""
385,Chhatarpur,CGWB,20,Jharkhand,338,PALAMAU,CHHATARPUR,CHHATARPUR,Chhatarpur,-,-,-,-,-,-,24.36666667,84.19166667,30-05-2021 08:00,7.63,458,297.7,0,164.7,"",29.99916,"",14,"","","",130,28,14.592,44,"","","","","","","","","","",""
386,Chikania,CGWB,20,Jharkhand,326,DUMKA,JAMA,JAMA,Chikania,-,-,-,-,-,-,24.26388889,87.11666667,25-05-2003 00:00,7.47,630,"","","","","","","","","","","","","","","","","","","","","","","","",""
387,Chikania,CGWB,20,Jharkhand,326,DUMKA,JAMA,JAMA,Chikania,-,-,-,-,-,-,24.26388889,87.11666667,25-05-2006 00:00,7.76,630,"",0,159,"",57,"","","","","",235,64,18.31,32,"","","","","","","","","","",""
388,Chikania,CGWB,20,Jharkhand,326,DUMKA,JAMA,JAMA,Chikania,-,-,-,-,-,-,24.26388889,87.11666667,25-05-2008 00:00,8.12,540,"",0,134,"",71,"","","","","",215,48,23,18,"","","","","","","","","","",""
389,Chikania,CGWB,20,Jharkhand,326,DUMKA,JAMA,JAMA,Chikania,-,-,-,-,-,-,24.26388889,87.11666667,25-05-2009 00:00,7.88,810,"",0,268,"",71,"","","","","",280,80,19,74,"","","","","","","","","","",""
390,Chirki (pirtanr),CGWB,20,Jharkhand,329,GIRIDIH,PIRTANR,PIRTANR,Chirki (pirtanr),-,-,-,-,-,-,24.03888889,86.16388889,25-05-2003 00:00,6.8,430,"","","","","","","","","","","","","","","","","","","","","","","","",""
391,Chirki (pirtanr),CGWB,20,Jharkhand,329,GIRIDIH,PIRTANR,PIRTANR,Chirki (pirtanr),-,-,-,-,-,-,24.03888889,86.16388889,25-05-2004 00:00,8.26,490,"",0,122,"",39,"","","","","",160,40,14.64,32,"","","","","","","","","","",""
392,Chirki (pirtanr),CGWB,20,Jharkhand,329,GIRIDIH,PIRTANR,PIRTANR,Chirki (pirtanr),-,-,-,-,-,-,24.03888889,86.16388889,30-05-2019 08:00,8.21,658,469.95,"",159.9,"",65.074,"",42.912,"","","",194.2315,36.221,25.194,41.295,"","","","","","","","","","",""
393,Chirki (pirtanr),CGWB,20,Jharkhand,329,GIRIDIH,PIRTANR,PIRTANR,Chirki (pirtanr),-,-,-,-,-,-,24.03888889,86.16388889,30-05-2020 08:00,8.21,658,"","",159.9,"",65.074,"",42.912,"","","","",36.221,25.194,41.295,"","","","","","","","","","",""
394,Chitarpur,CGWB,20,Jharkhand,332,HAZARIBAG,GOLA,GOLA,Chitarpur,-,-,-,-,-,-,23.59666667,85.63000000,25-05-2005 00:00,7.86,370,"",0,98,"",36,"","","","","",145,38,12.2,15,"","","","","","","","","","",""
395,Chitarpur,CGWB,20,Jharkhand,332,HAZARIBAG,GOLA,GOLA,Chitarpur,-,-,-,-,-,-,23.57444444,85.65500000,30-05-2019 08:00,8.17,712,410.8,"",159.9,"",92.57,"",38.856,"","","",195,54,14.58,65.873,"","","","","","","","","","",""
396,Chitarpur,CGWB,20,Jharkhand,332,HAZARIBAG,GOLA,GOLA,Chitarpur,-,-,-,-,-,-,23.57444444,85.65500000,30-05-2020 08:00,8.17,712,"","",159.9,"",92.57,"",38.856,"","","","",54,14.58,65.873,"","","","","","","","","","",""
397,Chutupalu,CGWB,20,Jharkhand,339,RANCHI,ORMANJHI,ORMANJHI,Chutupalu,-,-,-,-,-,-,23.52166667,85.50388889,25-05-2003 00:00,7.1,598,"","","","","","","","","","","","","","","","","","","","","","","","",""
398,Chutupalu,CGWB,20,Jharkhand,339,RANCHI,ORMANJHI,ORMANJHI,Chutupalu,-,-,-,-,-,-,23.52166667,85.50388889,25-05-2004 00:00,8.35,600,"",70,154,"",160,"","","","","",161,50,9,74,"","","","","","","","","","",""
399,Chutupalu,CGWB,20,Jharkhand,339,RANCHI,ORMANJHI,ORMANJHI,Chutupalu,-,-,-,-,-,-,23.52166667,85.50388889,25-05-2005 00:00,7.89,300,"",0,79,"",18,"",27,"","","",90,34,20,20,"","","","","","","","","","",""
400,Chutupalu,CGWB,20,Jharkhand,339,RANCHI,ORMANJHI,ORMANJHI,Chutupalu,-,-,-,-,-,-,23.52166667,85.50388889,25-05-2006 00:00,8.05,325,"",0,165,"",17,"",4.8,"","","",103,27,8.66,33,"","","","","","","","","","",""
401,Chutupalu,CGWB,20,Jharkhand,339,RANCHI,ORMANJHI,ORMANJHI,Chutupalu,-,-,-,-,-,-,23.52166667,85.50388889,25-05-2007 00:00,7.47,559,"","",500,409.8,42,"","","","","",140,40,9.77,60,"","","","","","","","","","",""
402,Chutupalu,CGWB,20,Jharkhand,339,RANCHI,ORMANJHI,ORMANJHI,Chutupalu,-,-,-,-,-,-,23.52166667,85.50388889,25-05-2008 00:00,7.62,594,"",0,274,"",50,"","","","","",200,60,12,56,"","","","","","","","","","",""
403,Chutupalu,CGWB,20,Jharkhand,339,RANCHI,ORMANJHI,ORMANJHI,Chutupalu,-,-,-,-,-,-,23.52166667,85.50388889,25-05-2010 00:00,7.6,535,"",0,246,"",31.9,"","","","","",205,66,9.7,27.5,"","","","","","","","","","",""
404,Chutupalu,CGWB,20,Jharkhand,339,RANCHI,ORMANJHI,ORMANJHI,Chutupalu,-,-,-,-,-,-,23.52166667,85.50388889,25-05-2011 00:00,7.54,535,"",0,246,"",31.9,"","","","","",205,66,9.7,27.5,"","","","","","","","","","",""
405,Chutupalu,CGWB,20,Jharkhand,339,RANCHI,ORMANJHI,ORMANJHI,Chutupalu,-,-,-,-,-,-,23.52166667,85.50388889,25-05-2012 00:00,7,370,"",0,180,"",108,"",65,"","","",216,74,7.63,31,"","","","","","","","","","",""
406,Chutupalu,CGWB,20,Jharkhand,339,RANCHI,ORMANJHI,ORMANJHI,Chutupalu,-,-,-,-,-,-,23.52166667,85.50388889,25-05-2013 00:00,7.21,378,"",0,180,"",108,"",65,"","","",216,74,8,31,"","","","","","","","","","",""
407,Chutupalu,CGWB,20,Jharkhand,339,RANCHI,ORMANJHI,ORMANJHI,Chutupalu,-,-,-,-,-,-,23.52166667,85.50388889,30-05-2019 08:00,8.13,907,161.2,"",178.35,"",125.99,"",67.13,"","","",290,56,36.45,58.38,"","","","","","","","","","",""
408,Chutupalu,CGWB,20,Jharkhand,339,RANCHI,ORMANJHI,ORMANJHI,Chutupalu,-,-,-,-,-,-,23.52166667,85.50388889,30-05-2020 08:00,8.13,907,"","",178.35,"",125.99,"",67.13,"","","","",56,36.45,58.38,"","","","","","","","","","",""
409,Chutupalu,CGWB,20,Jharkhand,339,RANCHI,ORMANJHI,ORMANJHI,Chutupalu,-,-,-,-,-,-,23.52166667,85.50388889,30-05-2021 08:00,7.39,1120,728,0,353.8,"",104.54212,"",35,"","","",325,70,36.48,104,"","","","","","","","","","",""
410,College More,CGWB,20,Jharkhand,332,HAZARIBAG,-,-,-,-,-,-,-,-,-,23.98277800,85.39388900,30-05-2021 08:00,7.83,701,455.65,0,286.7,"",54.99846,"",28,"","","",245,52,27.968,49,"","","","","","","","","","",""
411,Daltenganj,CGWB,20,Jharkhand,338,PALAMAU,DALTONGANJ,DALTONGANJ,Daltenganj,-,-,-,-,-,-,24.06666667,84.06250000,25-05-2001 00:00,8.84,1050,"",42,201,"",117,"","","","","",190,22,33,147,"","","","","","","","","","",""
412,Daltenganj,CGWB,20,Jharkhand,338,PALAMAU,DALTONGANJ,DALTONGANJ,Daltenganj,-,-,-,-,-,-,24.06666667,84.06250000,25-05-2002 00:00,7.9,1339,"","","","","","","","","","","","","","","","","","","","","","","","",""
413,Daltenganj,CGWB,20,Jharkhand,338,PALAMAU,DALTONGANJ,DALTONGANJ,Daltenganj,-,-,-,-,-,-,24.06666667,84.06250000,25-05-2006 00:00,8.5,1310,"",12,110,"",234,"",152,"","","",330,48,51.12,167,"","","","","","","","","","",""
414,Daltenganj,CGWB,20,Jharkhand,338,PALAMAU,DALTONGANJ,DALTONGANJ,Daltenganj,-,-,-,-,-,-,24.06666667,84.06250000,25-05-2008 00:00,7.36,1750,"",0,427,"",291,"","","","","",600,160,49,115,"","","","","","","","","","",""
415,Daltenganj,CGWB,20,Jharkhand,338,PALAMAU,DALTONGANJ,DALTONGANJ,Daltenganj,-,-,-,-,-,-,24.06666667,84.06250000,25-05-2009 00:00,7.56,1566,"",0,628,"",117,"","","","","",245,56,38,287,"","","","","","","","","","",""
416,Daltenganj,CGWB,20,Jharkhand,338,PALAMAU,DALTONGANJ,DALTONGANJ,Daltenganj,-,-,-,-,-,-,24.06666667,84.06250000,25-05-2010 00:00,8.3,2380,"",6,586,"",277,"","","","","",460,46,84,225,"","","","","","","","","","",""
417,Daltenganj,CGWB,20,Jharkhand,338,PALAMAU,DALTONGANJ,DALTONGANJ,Daltenganj,-,-,-,-,-,-,24.06666667,84.06250000,25-05-2011 00:00,8.35,2377,"",6,686,"",277,"","","","","",460,46,84,235,"","","","","","","","","","",""
418,Daltenganj,CGWB,20,Jharkhand,338,PALAMAU,DALTONGANJ,DALTONGANJ,Daltenganj,-,-,-,-,-,-,24.06666667,84.06250000,25-05-2012 00:00,7.59,1300,"",0,500,"",135,"",42,"","","",430,132,24.47,100,"","","","","","","","","","",""
419,Dari,CGWB,20,Jharkhand,332,HAZARIBAG,CHURCHU,CHURCHU,Dari,-,-,-,-,-,-,23.72111111,85.38388889,30-05-2021 08:00,7.51,1688,1097.2,0,452.925,"",222.74376,"",25,"","","",444.444,125.2524,31.935322,178,"","","","","","","","","","",""
420,Daru,CGWB,20,Jharkhand,332,HAZARIBAG,HAZARIBAG,HAZARIBAG,Daru,-,-,-,-,-,-,24.01555556,85.51500000,30-05-2019 08:00,8.11,2205,364,0,239.85,"",397,"",94.05,"","","",675,124,88.695,165.29,"","","","","","","","","","",""
421,Daru,CGWB,20,Jharkhand,332,HAZARIBAG,HAZARIBAG,HAZARIBAG,Daru,-,-,-,-,-,-,24.01555556,85.51500000,30-05-2020 08:00,8.11,2205,"","",239.85,"",397,"",94.05,"","","","",124,88.695,165.29,"","","","","","","","","","",""
422,Daru,CGWB,20,Jharkhand,332,HAZARIBAG,HAZARIBAG,HAZARIBAG,Daru,-,-,-,-,-,-,24.01555556,85.51500000,30-05-2021 08:00,7.94,381,247.65,0,170.8,"",17.49951,"",13,"","","",145,36,13.376,18,"","","","","","","","","","",""
423,Deoghar,CGWB,20,Jharkhand,324,DEOGHAR,DEOGHAR,DEOGHAR,Deoghar,-,-,-,-,-,-,24.48611111,86.71000000,25-05-2002 00:00,8.05,1034,"","","","","","","","","","","","","","","","","","","","","","","","",""
424,Deoghar,CGWB,20,Jharkhand,324,DEOGHAR,DEOGHAR,DEOGHAR,Deoghar,-,-,-,-,-,-,24.48611111,86.71000000,25-05-2003 00:00,7.39,1080,"","","","","","","","","","","","","","","","","","","","","","","","",""
425,Deoghar,CGWB,20,Jharkhand,324,DEOGHAR,DEOGHAR,DEOGHAR,Deoghar,-,-,-,-,-,-,24.48611111,86.71000000,25-05-2004 00:00,8.38,600,"",30,201,"",32,"","","","","",180,46,15.86,47,"","","","","","","","","","",""
426,Deoghar,CGWB,20,Jharkhand,324,DEOGHAR,DEOGHAR,DEOGHAR,Deoghar,-,-,-,-,-,-,24.48611111,86.71000000,25-05-2005 00:00,8.3,930,"","",274,"",107,"","","","","",350,80,36.57,46,"","","","","","","","","","",""
427,Deoghar,CGWB,20,Jharkhand,324,DEOGHAR,DEOGHAR,DEOGHAR,Deoghar,-,-,-,-,-,-,24.48611111,86.71000000,25-05-2008 00:00,8.12,650,"",0,232,"",53,"","","","","",235,64,18,35,"","","","","","","","","","",""
428,Deoghar,CGWB,20,Jharkhand,324,DEOGHAR,DEOGHAR,DEOGHAR,Deoghar,-,-,-,-,-,-,24.48611111,86.71000000,25-05-2009 00:00,7.86,780,"",0,183,"",71,"","","","","",170,52,9.7,92,"","","","","","","","","","",""
429,Deoghar,CGWB,20,Jharkhand,324,DEOGHAR,DEOGHAR,DEOGHAR,Deoghar,-,-,-,-,-,-,24.48611111,86.71000000,25-05-2011 00:00,7.46,1130,"",0,433,"",145,"","","","","",335,56,47,103,"","","","","","","","","","",""
430,Deoghar,CGWB,20,Jharkhand,324,DEOGHAR,DEOGHAR,DEOGHAR,Deoghar,-,-,-,-,-,-,24.48611111,86.71000000,25-05-2013 00:00,8.15,1141,"",0,464,"",128,"",19,"","","",380,32,72.98,103,"","","","","","","","","","",""
431,Dewri,CGWB,20,Jharkhand,329,GIRIDIH,DEORI,DEORI,Dewri,-,-,-,-,-,-,24.51388889,86.18750000,25-05-2003 00:00,7.85,550,"","","","","","","","","","","","","","","","","","","","","","","","",""
432,Dewri,CGWB,20,Jharkhand,329,GIRIDIH,DEORI,DEORI,Dewri,-,-,-,-,-,-,24.51388889,86.18750000,30-05-2021 08:00,7.92,864,561.6,0,356.301,"",29.69917,"",28,0.5,"","",388.8885,113.1312,25.793913,31,"","","","","","","","","","",""
433,Dhalbhumgarh,CGWB,20,Jharkhand,327,PURBI SINGHBHUM,DHALBHUMGARH,DHALBHUMGARH,Dhalbhumgarh,-,-,-,-,-,-,22.50833333,86.55277778,25-05-2003 00:00,7.95,170,"","","","","","","","","","","","","","","","","","","","","","","","",""
434,Dhalbhumgarh,CGWB,20,Jharkhand,327,PURBI SINGHBHUM,DHALBHUMGARH,DHALBHUMGARH,Dhalbhumgarh,-,-,-,-,-,-,22.50833333,86.55277778,25-05-2005 00:00,6.9,260,"",0,61,"",36,"","","","","",75,22,4.89,21,"","","","","","","","","","",""
435,Dhalbhumgarh,CGWB,20,Jharkhand,327,PURBI SINGHBHUM,DHALBHUMGARH,DHALBHUMGARH,Dhalbhumgarh,-,-,-,-,-,-,22.50833333,86.55277778,25-05-2007 00:00,8,972,"","",49,40.2,10.6,"","","","","",160,8,34.05,10,"","","","","","","","","","",""
436,Dhalbhumgarh,CGWB,20,Jharkhand,327,PURBI SINGHBHUM,DHALBHUMGARH,DHALBHUMGARH,Dhalbhumgarh,-,-,-,-,-,-,22.50833333,86.55277778,25-05-2008 00:00,6.9,120,"",0,24,"",14,"","","","","",40,12,2.4,4.8,"","","","","","","","","","",""
437,Dhalbhumgarh,CGWB,20,Jharkhand,327,PURBI SINGHBHUM,DHALBHUMGARH,DHALBHUMGARH,Dhalbhumgarh,-,-,-,-,-,-,22.50833333,86.55277778,25-05-2009 00:00,7.35,320,"",0,67,"",57,"","","","","",110,34,6,18,"","","","","","","","","","",""
438,Dhalbhumgarh,CGWB,20,Jharkhand,327,PURBI SINGHBHUM,DHALBHUMGARH,DHALBHUMGARH,Dhalbhumgarh,-,-,-,-,-,-,22.50833333,86.55277778,25-05-2010 00:00,8.1,286,"",6,67,"",50,"","","","","",90,24,7.3,21,"","","","","","","","","","",""
439,Dhalbhumgarh,CGWB,20,Jharkhand,327,PURBI SINGHBHUM,DHALBHUMGARH,DHALBHUMGARH,Dhalbhumgarh,-,-,-,-,-,-,22.50833333,86.55277778,25-05-2011 00:00,8.38,286,"",6,67,"",50,"","","","","",90,24,7.3,21,"","","","","","","","","","",""
440,Dhalbhumgarh,CGWB,20,Jharkhand,327,PURBI SINGHBHUM,DHALBHUMGARH,DHALBHUMGARH,Dhalbhumgarh,-,-,-,-,-,-,22.50833333,86.55277778,25-05-2012 00:00,7.8,116,"",0,61,"",7,"","","","","",36,8,3.9,9.2,"","","","","","","","","","",""
441,Dhalbhumgarh,CGWB,20,Jharkhand,327,PURBI SINGHBHUM,DHALBHUMGARH,DHALBHUMGARH,Dhalbhumgarh,-,-,-,-,-,-,22.50833333,86.55277778,25-05-2013 00:00,7.66,111,"",0,61,"",7,"",0,"","","",36,8,3.9,9.4,"","","","","","","","","","",""
442,Dhalbhumgarh,CGWB,20,Jharkhand,327,PURBI SINGHBHUM,DHALBHUMGARH,DHALBHUMGARH,Dhalbhumgarh,-,-,-,-,-,-,22.50833333,86.55277778,30-05-2019 08:00,7.7,373,154.7,0,116,"",31,"",4.5,"","","",128,35,14,31,"","","","","","","","","","",""
443,Dhalbhumgarh,CGWB,20,Jharkhand,327,PURBI SINGHBHUM,DHALBHUMGARH,DHALBHUMGARH,Dhalbhumgarh,-,-,-,-,-,-,22.50833333,86.55277778,30-05-2020 08:00,7.7,373,"",0,116,"",31,"",4.5,"","","","",35,14,31,"","","","","","","","","","",""
444,Dhanbad,CGWB,20,Jharkhand,325,DHANBAD,DHANBAD CUM KENDUADI,DHANBAD CUM KENDUADI,Dhanbad,-,-,-,-,-,-,23.79583333,86.42083333,25-05-2013 00:00,7.85,1355,"",0,209,"",113,"",298,"","","",410,110,32.96,125,"","","","","","","","","","",""
445,Dhanbad New,CGWB,20,Jharkhand,325,DHANBAD,DHANBAD CUM KENDUADI,DHANBAD CUM KENDUADI,Dhanbad New,-,-,-,-,-,-,23.79944444,86.47000000,30-05-2019 08:00,8.39,868,592.15,9,239.85,"",107.489,"",97.755,"","","",312.79834,61.2,38.831,52.07,"","","","","","","","","","",""
446,Dhanbad New,CGWB,20,Jharkhand,325,DHANBAD,DHANBAD CUM KENDUADI,DHANBAD CUM KENDUADI,Dhanbad New,-,-,-,-,-,-,23.79944444,86.47000000,30-05-2020 08:00,8.39,868,"","",239.85,"",107.489,"",97.755,"","","","",61.2,38.831,52.07,"","","","","","","","","","",""
447,Dhanidih,CGWB,20,Jharkhand,329,GIRIDIH,GIRIDIH,GIRIDIH,Dhanidih,-,-,-,-,-,-,24.22222222,86.21388889,25-05-2000 00:00,8.36,698,"",24,250,"",75,"","","","","",115,30,9.7,55,"","","","","","","","","","",""
448,Dhanidih,CGWB,20,Jharkhand,329,GIRIDIH,GIRIDIH,GIRIDIH,Dhanidih,-,-,-,-,-,-,24.22222222,86.21388889,25-05-2003 00:00,7.35,470,"","","","","","","","","","","","","","","","","","","","","","","","",""
449,Dhanidih,CGWB,20,Jharkhand,329,GIRIDIH,GIRIDIH,GIRIDIH,Dhanidih,-,-,-,-,-,-,24.22222222,86.21388889,25-05-2005 00:00,7.31,500,"",0,110,"",71,"","","","","",125,30,12.19,46,"","","","","","","","","","",""
450,Dhanidih,CGWB,20,Jharkhand,329,GIRIDIH,GIRIDIH,GIRIDIH,Dhanidih,-,-,-,-,-,-,24.22222222,86.21388889,25-05-2008 00:00,6.86,600,"",0,122,"",67,"","","","","",125,38,7.3,74,"","","","","","","","","","",""
451,Dhanidih,CGWB,20,Jharkhand,329,GIRIDIH,GIRIDIH,GIRIDIH,Dhanidih,-,-,-,-,-,-,24.22222222,86.21388889,25-05-2012 00:00,7.8,400,"",0,153,"",50,"",0,"","","",145,36,13.42,20,"","","","","","","","","","",""
452,Dhanidih,CGWB,20,Jharkhand,329,GIRIDIH,GIRIDIH,GIRIDIH,Dhanidih,-,-,-,-,-,-,24.22222222,86.21388889,25-05-2013 00:00,7.82,403,"",0,153,"",50,"",0,"","","",145,36,13.42,20,"","","","","","","","","","",""
453,Dhanidih,CGWB,20,Jharkhand,329,GIRIDIH,GIRIDIH,GIRIDIH,Dhanidih,-,-,-,-,-,-,24.22222222,86.21388889,30-05-2019 08:00,8.07,723,152.1,"",221.4,"",68.24,"",38.41,"","","",186,34.4,24.3,71.639,"","","","","","","","","","",""
454,Dhanidih,CGWB,20,Jharkhand,329,GIRIDIH,GIRIDIH,GIRIDIH,Dhanidih,-,-,-,-,-,-,24.22222222,86.21388889,30-05-2020 08:00,8.07,723,"","",221.4,"",68.24,"",38.41,"","","","",34.4,24.3,71.639,"","","","","","","","","","",""
455,Dhansar MRS,CGWB,20,Jharkhand,325,DHANBAD,DHANBAD CUM KENDUADI,DHANBAD CUM KENDUADI,Dhansar Mrs,-,-,-,-,-,-,23.79111111,86.48583333,30-05-2019 08:00,8.29,911,625.95,"",190.65,"",122.6,"",90.046,"","","",219.5,47.8,24.3,72.113,"","","","","","","","","","",""
456,Dhansar MRS,CGWB,20,Jharkhand,325,DHANBAD,DHANBAD CUM KENDUADI,DHANBAD CUM KENDUADI,Dhansar Mrs,-,-,-,-,-,-,23.79111111,86.48583333,30-05-2020 08:00,8.29,911,"","",190.65,"",122.6,"",90.046,"","","","",47.8,24.3,72.113,"","","","","","","","","","",""
457,Dhanwar,CGWB,20,Jharkhand,329,GIRIDIH,BAGODAR,BAGODAR,Dhanwar,-,-,-,-,-,-,24.15777778,85.98888889,25-05-2003 00:00,7.29,420,"","","","","","","","","","","","","","","","","","","","","","","","",""
458,Dhanwar,CGWB,20,Jharkhand,329,GIRIDIH,BAGODAR,BAGODAR,Dhanwar,-,-,-,-,-,-,24.15777778,85.98888889,25-05-2004 00:00,7.85,380,"",0,98,"",39,"","","","","",105,34,4.9,24,"","","","","","","","","","",""
459,Dhanwar,CGWB,20,Jharkhand,329,GIRIDIH,BAGODAR,BAGODAR,Dhanwar,-,-,-,-,-,-,24.15777778,85.98888889,25-05-2005 00:00,8.05,440,"",0,122,"",50,"","","","","",145,48,6.14,25,"","","","","","","","","","",""
460,Dhanwar,CGWB,20,Jharkhand,329,GIRIDIH,BAGODAR,BAGODAR,Dhanwar,-,-,-,-,-,-,24.15777778,85.98888889,25-05-2009 00:00,7.15,598,"",0,189,"",75,"","","","","",180,50,13,57,"","","","","","","","","","",""
461,Dhanwar,CGWB,20,Jharkhand,329,GIRIDIH,BAGODAR,BAGODAR,Dhanwar,-,-,-,-,-,-,24.15777778,85.98888889,25-05-2011 00:00,7.32,598,"",0,189,"",75,"","","","","",180,50,13,55,"","","","","","","","","","",""
462,Dhanwar,CGWB,20,Jharkhand,329,GIRIDIH,BAGODAR,BAGODAR,Dhanwar,-,-,-,-,-,-,24.15777778,85.98888889,25-05-2012 00:00,8,394,"",0,85,"",50,"",30,"","","",170,36,19.49,9.9,"","","","","","","","","","",""
463,Dhanwar,CGWB,20,Jharkhand,329,GIRIDIH,BAGODAR,BAGODAR,Dhanwar,-,-,-,-,-,-,24.15777778,85.98888889,25-05-2013 00:00,8,394,"",0,85,"",50,"",30,"","","",170,36,19,9.9,"","","","","","","","","","",""
464,Dhanwar,CGWB,20,Jharkhand,329,GIRIDIH,BAGODAR,BAGODAR,Dhanwar,-,-,-,-,-,-,24.15777778,85.98888889,30-05-2019 08:00,7.91,234,356.85,"",116.45,"",10.241,"",5.353,"","","",85.02058,28,3.65,12.15,"","","","","","","","","","",""
465,Dhanwar,CGWB,20,Jharkhand,329,GIRIDIH,BAGODAR,BAGODAR,Dhanwar,-,-,-,-,-,-,24.15777778,85.98888889,30-05-2020 08:00,7.91,234,"","",116.45,"",10.241,"",5.353,"","","","",28,3.65,12.15,"","","","","","","","","","",""
466,Dhootala,CGWB,20,Jharkhand,326,DUMKA,KUNDAHIT,KUNDAHIT,Dootala,-,-,-,-,-,-,23.91944444,87.16777778,30-05-2019 08:00,7.94,478,452.4,"",129.15,"",52.225,"","","","","",117.35607,34.07,7.82,45.372,"","","","","","","","","","",""
467,Dhootala,CGWB,20,Jharkhand,326,DUMKA,KUNDAHIT,KUNDAHIT,Dootala,-,-,-,-,-,-,23.91944444,87.16777778,30-05-2020 08:00,7.94,478,"","",129.15,"",52.225,"","","","","","",34.07,7.82,45.372,"","","","","","","","","","",""
468,Doi,CGWB,20,Jharkhand,330,GODDA,MEHERMA,MEHERMA,Doi,-,-,-,-,-,-,25.15000000,87.38611111,25-05-2012 00:00,7.76,317,"",0,317,"",284,"",38,"","","",350,60,48,126,"","","","","","","","","","",""
469,Domchanch,CGWB,20,Jharkhand,334,KODARMA,KODARMA,KODARMA,Domchanch,-,-,-,-,-,-,24.47222222,85.69722222,30-05-2019 08:00,8.42,1094,1045.85,18,215.25,"",128,"",76.87,"","","",470,160,17.01,51.67,"","","","","","","","","","",""
470,Domchanch,CGWB,20,Jharkhand,334,KODARMA,KODARMA,KODARMA,Domchanch,-,-,-,-,-,-,24.47222222,85.69722222,30-05-2020 08:00,8.42,1094,"","",215.25,"",128,"",76.87,"","","","",160,17.01,51.67,"","","","","","","","","","",""
471,Dorma,CGWB,20,Jharkhand,339,RANCHI,TORPA,TORPA,Dorma,-,-,-,-,-,-,23.00500000,85.16444444,25-05-2012 00:00,7.02,210,"",0,180,"",23,"",7,"","","",108,26,10.49,10,"","","","","","","","","","",""
472,Dorma,CGWB,20,Jharkhand,339,RANCHI,TORPA,TORPA,Dorma,-,-,-,-,-,-,23.00500000,85.16444444,30-05-2019 08:00,7.4,172,355.55,"",64.5,"",24.85,"",0.19,"","","",60,16,4.86,12,"","","","","","","","","","",""
473,Dorma,CGWB,20,Jharkhand,339,RANCHI,TORPA,TORPA,Dorma,-,-,-,-,-,-,23.00500000,85.16444444,30-05-2020 08:00,7.4,172,"","",64.5,"",24.85,"",0.19,"","","","",16,4.86,12,"","","","","","","","","","",""
474,Dulmi,CGWB,20,Jharkhand,607,RAMGARH,-,-,-,-,-,-,-,-,-,23.60805600,85.53944400,30-05-2019 08:00,8.2,510,462.8,"",141.45,"",46.283,"",18.437,"","","",178.6502,40,19.112,37.162,"","","","","","","","","","",""
475,Dulmi,CGWB,20,Jharkhand,607,RAMGARH,-,-,-,-,-,-,-,-,-,23.60805600,85.53944400,30-05-2020 08:00,8.2,510,"","",141.45,"",46.283,"",18.437,"","","","",40,19.112,37.162,"","","","","","","","","","",""
476,Dulmi,CGWB,20,Jharkhand,607,RAMGARH,-,-,-,-,-,-,-,-,-,23.60805600,85.53944400,30-05-2021 08:00,7.72,1310,851.5,0,422.73,"",123.71164,"",17,0.14,"","",409.0905,90.909,44.218136,104,"","","","","","","","","","",""
477,Dumka(db ib),CGWB,20,Jharkhand,326,DUMKA,DUMKA,DUMKA,Dumka(db ib),-,-,-,-,-,-,24.26666667,87.25000000,25-05-2004 00:00,8.15,680,"",0,177,"",92,"","","","","",260,44,36.52,31,"","","","","","","","","","",""
478,Dumka(db ib),CGWB,20,Jharkhand,326,DUMKA,DUMKA,DUMKA,Dumka(db ib),-,-,-,-,-,-,24.26666667,87.25000000,25-05-2005 00:00,8.05,920,"",0,153,"",163,"","","","","",200,44,21.94,110,"","","","","","","","","","",""
479,Dumka(db ib),CGWB,20,Jharkhand,326,DUMKA,DUMKA,DUMKA,Dumka(db ib),-,-,-,-,-,-,24.26666667,87.25000000,25-05-2008 00:00,8.24,850,"",0,165,"",160,"","","","","",235,42,32,81,"","","","","","","","","","",""
480,Dumka(db ib),CGWB,20,Jharkhand,326,DUMKA,DUMKA,DUMKA,Dumka(db ib),-,-,-,-,-,-,24.26666667,87.25000000,25-05-2009 00:00,8.07,700,"",0,183,"",89,"","","","","",220,52,22,46,"","","","","","","","","","",""
481,Dumka(db ib),CGWB,20,Jharkhand,326,DUMKA,DUMKA,DUMKA,Dumka(db ib),-,-,-,-,-,-,24.26666667,87.25000000,25-05-2010 00:00,7.4,608,"",0,152,"",89,"","","","","",265,42,39,18,"","","","","","","","","","",""
482,Dumka(db ib),CGWB,20,Jharkhand,326,DUMKA,DUMKA,DUMKA,Dumka(db ib),-,-,-,-,-,-,24.26666667,87.25000000,25-05-2011 00:00,7.65,960,"",0,360,"",124,"","","","","",250,30,43,103,"","","","","","","","","","",""
483,Dumka(db ib),CGWB,20,Jharkhand,326,DUMKA,DUMKA,DUMKA,Dumka(db ib),-,-,-,-,-,-,24.26666667,87.25000000,25-05-2013 00:00,8,1310,"",0,354,"",177,"",34,"","","",360,44,60,95,"","","","","","","","","","",""
484,Dumri,CGWB,20,Jharkhand,329,GIRIDIH,DEORI,DEORI,Dumri,-,-,-,-,-,-,24.47694444,86.19555556,25-05-2003 00:00,8.24,670,"","","","","","","","","","","","","","","","","","","","","","","","",""
485,Dumri,CGWB,20,Jharkhand,329,GIRIDIH,DEORI,DEORI,Dumri,-,-,-,-,-,-,24.47694444,86.19555556,25-05-2004 00:00,8.2,720,"",0,207,"",53,"","","","","",275,54,34.1,36,"","","","","","","","","","",""
486,Dumri,CGWB,20,Jharkhand,329,GIRIDIH,DEORI,DEORI,Dumri,-,-,-,-,-,-,24.47694444,86.19555556,25-05-2005 00:00,8.27,680,"",0,201,"",57,"","","","","",250,52,29.24,55,"","","","","","","","","","",""
487,Dumri,CGWB,20,Jharkhand,329,GIRIDIH,DEORI,DEORI,Dumri,-,-,-,-,-,-,24.47694444,86.19555556,25-05-2008 00:00,7.83,798,"",0,268,"",92,"","","","","",330,72,36,64,"","","","","","","","","","",""
488,Dumri,CGWB,20,Jharkhand,329,GIRIDIH,DEORI,DEORI,Dumri,-,-,-,-,-,-,24.47694444,86.19555556,25-05-2009 00:00,8.77,863,"",12,213,"",67,"","","","","",295,46,44,73,"","","","","","","","","","",""
489,Dumri,CGWB,20,Jharkhand,329,GIRIDIH,DEORI,DEORI,Dumri,-,-,-,-,-,-,24.47694444,86.19555556,25-05-2010 00:00,7.4,750,"",0,172,"",67,"","","","","",290,50,40,39,"","","","","","","","","","",""
490,Dumri,CGWB,20,Jharkhand,329,GIRIDIH,DEORI,DEORI,Dumri,-,-,-,-,-,-,24.47694444,86.19555556,25-05-2012 00:00,7.9,696,"",0,61,"",121,"",110,"","","",250,90,6.19,46,"","","","","","","","","","",""
491,Dumri,CGWB,20,Jharkhand,329,GIRIDIH,DEORI,DEORI,Dumri,-,-,-,-,-,-,24.47694444,86.19555556,25-05-2013 00:00,7.82,695,"",0,61,"",121,"",108,"","","",250,90,6.19,44,"","","","","","","","","","",""
492,Dumri,CGWB,20,Jharkhand,329,GIRIDIH,DEORI,DEORI,Dumri,-,-,-,-,-,-,24.47694444,86.19555556,30-05-2021 08:00,7.45,1735,1127.75,0,499.09042,"",197.99446,"",42,"","","",454.545,139.3938,25.793913,196,"","","","","","","","","","",""
493,Galudih,CGWB,20,Jharkhand,327,PURBI SINGHBHUM,GHATSHILA,GHATSHILA,Galudih,-,-,-,-,-,-,22.69166667,86.45833333,25-05-2006 00:00,6.91,487,"",0,145,"",84,"",54,"","","",145,42,9.8,38,"","","","","","","","","","",""
494,Galudih,CGWB,20,Jharkhand,327,PURBI SINGHBHUM,GHATSHILA,GHATSHILA,Galudih,-,-,-,-,-,-,22.69166667,86.45833333,25-05-2008 00:00,8.2,510,"",0,116,"",64,"","","","","",140,48,4.9,46,"","","","","","","","","","",""
495,Galudih,CGWB,20,Jharkhand,327,PURBI SINGHBHUM,GHATSHILA,GHATSHILA,Galudih,-,-,-,-,-,-,22.69166667,86.45833333,25-05-2009 00:00,7.65,388,"",0,104,"",43,"","","","","",120,36,7.3,14,"","","","","","","","","","",""
496,Galudih,CGWB,20,Jharkhand,327,PURBI SINGHBHUM,GHATSHILA,GHATSHILA,Galudih,-,-,-,-,-,-,22.69166667,86.45833333,25-05-2010 00:00,8.1,424,"",6,110,"",64,"","","","","",150,40,12,30,"","","","","","","","","","",""
497,Galudih,CGWB,20,Jharkhand,327,PURBI SINGHBHUM,GHATSHILA,GHATSHILA,Galudih,-,-,-,-,-,-,22.69166667,86.45833333,25-05-2011 00:00,8.41,424,"",6,110,"",64,"","","","","",150,40,12,30,"","","","","","","","","","",""
498,Galudih,CGWB,20,Jharkhand,327,PURBI SINGHBHUM,GHATSHILA,GHATSHILA,Galudih,-,-,-,-,-,-,22.69166667,86.45833333,25-05-2012 00:00,7.9,393,"",0,183,"",42,"",0,"","","",155,32,18.27,23,"","","","","","","","","","",""
499,Galudih,CGWB,20,Jharkhand,327,PURBI SINGHBHUM,GHATSHILA,GHATSHILA,Galudih,-,-,-,-,-,-,22.69166667,86.45833333,25-05-2013 00:00,7.71,459,"",0,184.5,"",35,"","","","","",160,32,19.44,25,"","","","","","","","","","",""
500,Gamharia,CGWB,20,Jharkhand,326,DUMKA,RAMGARH,RAMGARH,Gamharia,-,-,-,-,-,-,24.56944444,87.18472222,25-05-2012 00:00,7.78,1045,"",0,98,"",262,"",0,"","","",290,88,12,69,"","","","","","","","","","",""
501,Gamharia,CGWB,20,Jharkhand,326,DUMKA,RAMGARH,RAMGARH,Gamharia,-,-,-,-,-,-,24.56944444,87.18472222,25-05-2013 00:00,7.76,1041,"",0,104,"",262,"",0,"","","",290,88,12,71,"","","","","","","","","","",""
502,Gandey1,CGWB,20,Jharkhand,329,GIRIDIH,GANDE,GANDE,Gande,-,-,-,-,-,-,24.16000000,86.39000000,25-05-2012 00:00,8.2,800,"",0,189,"",35,"",158,"","","",50,18,1.24,154,"","","","","","","","","","",""
503,Gandey1,CGWB,20,Jharkhand,329,GIRIDIH,GANDE,GANDE,Gande,-,-,-,-,-,-,24.16000000,86.39000000,30-05-2019 08:00,7.85,549,301.6,"",276.75,"",24.014,"",3.502,"","","",200.5,48.2,19.44,25.696,"","","","","","","","","","",""
504,Gandey1,CGWB,20,Jharkhand,329,GIRIDIH,GANDE,GANDE,Gande,-,-,-,-,-,-,24.16000000,86.39000000,30-05-2020 08:00,7.85,549,"","",276.75,"",24.014,"",3.502,"","","","",48.2,19.44,25.696,"","","","","","","","","","",""
505,Garhwa,CGWB,20,Jharkhand,328,GARHWA,GARHWA,GARHWA,Garhwa,-,-,-,-,-,-,24.14166667,83.80833333,25-05-2008 00:00,7.71,990,"",0,390,"",99,"","","","","",340,100,22,60,"","","","","","","","","","",""
506,Garhwa,CGWB,20,Jharkhand,328,GARHWA,GARHWA,GARHWA,Garhwa,-,-,-,-,-,-,24.14166667,83.80833333,25-05-2010 00:00,7.4,914,"",18,360,"",96,"","","","","",255,42,36,52,"","","","","","","","","","",""
507,Garhwa,CGWB,20,Jharkhand,328,GARHWA,GARHWA,GARHWA,Garhwa,-,-,-,-,-,-,24.14166667,83.80833333,25-05-2011 00:00,8.52,914,"",18,360,"",96,"","","","","",255,42,36,52,"","","","","","","","","","",""
508,Garrikalan,CGWB,20,Jharkhand,332,HAZARIBAG,KEREDARI,KEREDARI,Garrikalan,-,-,-,-,-,-,23.85833333,85.16472222,25-05-2012 00:00,8.03,1050,"",0,342,"",156,"",0,"","","",290,36,48.67,76,"","","","","","","","","","",""
509,Garrikalan,CGWB,20,Jharkhand,332,HAZARIBAG,KEREDARI,KEREDARI,Garrikalan,-,-,-,-,-,-,23.85833333,85.16472222,25-05-2013 00:00,8.14,1051,"",0,350,"",152,"",5.1,"","","",295,36,47,74,"","","","","","","","","","",""
510,Garrikalan,CGWB,20,Jharkhand,332,HAZARIBAG,KEREDARI,KEREDARI,Garrikalan,-,-,-,-,-,-,23.85833333,85.16472222,30-05-2021 08:00,7.44,607,394.55,0,277.27246,"",19.9938,"",8,"","","",250,64,21.888,21,"","","","","","","","","","",""
511,Ghagra,CGWB,20,Jharkhand,331,GUMLA,GHAGHRA,GHAGHRA,Ghagra,-,-,-,-,-,-,23.26944444,84.55416667,25-05-2003 00:00,6.91,120,"","","","","","","","","","","","","","","","","","","","","","","","",""
512,Ghagra,CGWB,20,Jharkhand,331,GUMLA,GHAGHRA,GHAGHRA,Ghagra,-,-,-,-,-,-,23.26944444,84.55416667,25-05-2006 00:00,7.81,143,"",0,67,"",10,"","","","","",61,21,2.09,9,"","","","","","","","","","",""
513,Ghagra,CGWB,20,Jharkhand,331,GUMLA,GHAGHRA,GHAGHRA,Ghagra,-,-,-,-,-,-,23.26944444,84.55416667,25-05-2008 00:00,8.27,158,"",0,79,"",11,"","","","","",60,22,1.2,12,"","","","","","","","","","",""
514,Ghagra,CGWB,20,Jharkhand,331,GUMLA,GHAGHRA,GHAGHRA,Ghagra,-,-,-,-,-,-,23.26944444,84.55416667,25-05-2010 00:00,8.4,157,"",6,61,"",11,"","","","","",50,18,1.2,13,"","","","","","","","","","",""
515,Ghagra,CGWB,20,Jharkhand,331,GUMLA,GHAGHRA,GHAGHRA,Ghagra,-,-,-,-,-,-,23.26944444,84.55416667,25-05-2011 00:00,8.34,157,"",6,61,"",11,"","","","","",50,18,1.2,13,"","","","","","","","","","",""
516,Ghagra,CGWB,20,Jharkhand,331,GUMLA,GHAGHRA,GHAGHRA,Ghagra,-,-,-,-,-,-,23.26944444,84.55416667,30-05-2019 08:00,8,213,228.15,"",24.4,"",49.7,"",0.14,"","","",95,24,8.505,4.9,"","","","","","","","","","",""
517,Ghagra,CGWB,20,Jharkhand,331,GUMLA,GHAGHRA,GHAGHRA,Ghagra,-,-,-,-,-,-,23.26944444,84.55416667,30-05-2020 08:00,8,213,"","",24.4,"",49.7,"",0.14,"","","","",24,8.505,4.9,"","","","","","","","","","",""
518,Ghat Selumpur,CGWB,20,Jharkhand,340,Sahebganj,RAJMAHAL,RAJMAHAL,Ghat Selampur,-,-,-,-,-,-,25.05666667,87.82138889,25-05-2012 00:00,7.9,335,"",0,335,"",78,"",0,"","","",255,28,45.01,48,"","","","","","","","","","",""
519,Ghatsila,CGWB,20,Jharkhand,327,PURBI SINGHBHUM,BAHARAGORA,BAHARAGORA,Ghatsila,-,-,-,-,-,-,22.27500000,86.71250000,25-05-2002 00:00,8.23,620,"",0,232,"",64,"","","","","",230,44,29.23,29,"","","","","","","","","","",""
520,Ghatsila,CGWB,20,Jharkhand,327,PURBI SINGHBHUM,BAHARAGORA,BAHARAGORA,Ghatsila,-,-,-,-,-,-,22.27500000,86.71250000,25-05-2003 00:00,7.58,809,"","","","","","","","","","","","","","","","","","","","","","","","",""
521,Ghatsila,CGWB,20,Jharkhand,327,PURBI SINGHBHUM,BAHARAGORA,BAHARAGORA,Ghatsila,-,-,-,-,-,-,22.27500000,86.71250000,25-05-2004 00:00,7.51,790,"",0,342,"",114,"","","","","",305,53,42,51,"","","","","","","","","","",""
522,Ghatsila,CGWB,20,Jharkhand,327,PURBI SINGHBHUM,BAHARAGORA,BAHARAGORA,Ghatsila,-,-,-,-,-,-,22.27500000,86.71250000,25-05-2006 00:00,7.45,837,"",0,323,"",68,"",59,"","","",349,86,32.68,44,"","","","","","","","","","",""
523,Ghatsila,CGWB,20,Jharkhand,327,PURBI SINGHBHUM,BAHARAGORA,BAHARAGORA,Ghatsila,-,-,-,-,-,-,22.27500000,86.71250000,25-05-2007 00:00,7.7,942,"","",457,374.6,131.3,"","","","","",330,60,43.7,55,"","","","","","","","","","",""
524,Ghatsila,CGWB,20,Jharkhand,327,PURBI SINGHBHUM,BAHARAGORA,BAHARAGORA,Ghatsila,-,-,-,-,-,-,22.27500000,86.71250000,25-05-2008 00:00,7.77,800,"",0,268,"",71,"","","","","",235,52,26,64,"","","","","","","","","","",""
525,Ghatsila,CGWB,20,Jharkhand,327,PURBI SINGHBHUM,BAHARAGORA,BAHARAGORA,Ghatsila,-,-,-,-,-,-,22.27500000,86.71250000,25-05-2009 00:00,8.42,900,"",18,317,"",82,"","","","","",355,72,43,30,"","","","","","","","","","",""
526,Ghatsila,CGWB,20,Jharkhand,327,PURBI SINGHBHUM,BAHARAGORA,BAHARAGORA,Ghatsila,-,-,-,-,-,-,22.27500000,86.71250000,25-05-2010 00:00,8.1,945,"",0,396,"",92,"","","","","",320,80,29,56,"","","","","","","","","","",""
527,Ghatsila,CGWB,20,Jharkhand,327,PURBI SINGHBHUM,BAHARAGORA,BAHARAGORA,Ghatsila,-,-,-,-,-,-,22.27500000,86.71250000,25-05-2011 00:00,7.44,945,"",0,396,"",92,"","","","","",320,80,29,56,"","","","","","","","","","",""
528,Ghatsila,CGWB,20,Jharkhand,327,PURBI SINGHBHUM,BAHARAGORA,BAHARAGORA,Ghatsila,-,-,-,-,-,-,22.27500000,86.71250000,25-05-2012 00:00,8.13,850,"",0,305,"",99,"",0,"","","",310,84,24.42,43,"","","","","","","","","","",""
529,Ghatsila,CGWB,20,Jharkhand,327,PURBI SINGHBHUM,BAHARAGORA,BAHARAGORA,Ghatsila,-,-,-,-,-,-,22.27500000,86.71250000,25-05-2013 00:00,8.17,862,"",0,313,"",99,"",0,"","","",310,84,24.42,44,"","","","","","","","","","",""
530,Ghatsila,CGWB,20,Jharkhand,327,PURBI SINGHBHUM,BAHARAGORA,BAHARAGORA,Ghatsila,-,-,-,-,-,-,22.27500000,86.71250000,30-05-2019 08:00,7.5,1195,390.65,0,322,"",91,"",5,"","","",341,84,31,49,"","","","","","","","","","",""
531,Ghatsila,CGWB,20,Jharkhand,327,PURBI SINGHBHUM,BAHARAGORA,BAHARAGORA,Ghatsila,-,-,-,-,-,-,22.27500000,86.71250000,30-05-2020 08:00,7.5,1195,"",0,322,"",91,"",5,"","","","",84,31,49,"","","","","","","","","","",""
532,Ghormara,CGWB,20,Jharkhand,324,DEOGHAR,MOHANPUR,M0HANPUR,Ghormara,-,-,-,-,-,-,24.44166667,86.86388889,25-05-2002 00:00,8.07,882,"","","","","","","","","","","","","","","","","","","","","","","","",""
533,Ghormara,CGWB,20,Jharkhand,324,DEOGHAR,MOHANPUR,M0HANPUR,Ghormara,-,-,-,-,-,-,24.44166667,86.86388889,25-05-2003 00:00,7.86,720,"","","","","","","","","","","","","","","","","","","","","","","","",""
534,Ghormara,CGWB,20,Jharkhand,324,DEOGHAR,MOHANPUR,M0HANPUR,Ghormara,-,-,-,-,-,-,24.44166667,86.86388889,25-05-2006 00:00,7.95,800,"",0,195,"",89,"","","","","",290,68,29.26,46,"","","","","","","","","","",""
535,Ghormara,CGWB,20,Jharkhand,324,DEOGHAR,MOHANPUR,M0HANPUR,Ghormara,-,-,-,-,-,-,24.44166667,86.86388889,25-05-2009 00:00,7.08,550,"",0,183,"",50,"","","","","",150,40,12,53,"","","","","","","","","","",""
536,Ghormara,CGWB,20,Jharkhand,324,DEOGHAR,MOHANPUR,M0HANPUR,Ghormara,-,-,-,-,-,-,24.44166667,86.86388889,25-05-2010 00:00,7.45,791,"",0,396,"",46,"","","","","",165,22,27,76,"","","","","","","","","","",""
537,Ghormara,CGWB,20,Jharkhand,324,DEOGHAR,MOHANPUR,M0HANPUR,Ghormara,-,-,-,-,-,-,24.44166667,86.86388889,25-05-2013 00:00,8.15,1065,"",0,405,"",92,"",10,"","","",350,64,46.27,94,"","","","","","","","","","",""
538,Ghunsuli,CGWB,20,Jharkhand,339,RANCHI,KARRA,KARRA,Ghunsuli,-,-,-,-,-,-,23.17777778,85.21361111,30-05-2019 08:00,7.9,81,280.8,"",12,"",21.3,"",0.15,"","","",22,2,4.1,9,"","","","","","","","","","",""
539,Ghunsuli,CGWB,20,Jharkhand,339,RANCHI,KARRA,KARRA,Ghunsuli,-,-,-,-,-,-,23.17777778,85.21361111,30-05-2020 08:00,7.9,81,"","",12,"",21.3,"",0.15,"","","","",2,4.1,9,"","","","","","","","","","",""
540,Giridih,CGWB,20,Jharkhand,329,GIRIDIH,GIRIDIH,GIRIDIH,Giridih,-,-,-,-,-,-,24.16666667,86.30833333,25-05-2002 00:00,8.32,671,"","","","","","","","","","","","","","","","","","","","","","","","",""
541,Giridih,CGWB,20,Jharkhand,329,GIRIDIH,GIRIDIH,GIRIDIH,Giridih,-,-,-,-,-,-,24.16666667,86.30833333,25-05-2003 00:00,7.34,721,"","","","","","","","","","","","","","","","","","","","","","","","",""
542,Giridih,CGWB,20,Jharkhand,329,GIRIDIH,GIRIDIH,GIRIDIH,Giridih,-,-,-,-,-,-,24.16666667,86.30833333,25-05-2004 00:00,8.02,750,"",0,232,"",78,"","","","","",170,30,23.13,78,"","","","","","","","","","",""
543,Giridih,CGWB,20,Jharkhand,329,GIRIDIH,GIRIDIH,GIRIDIH,Giridih,-,-,-,-,-,-,24.16666667,86.30833333,25-05-2005 00:00,7.81,830,"",0,299,"",78,"","","","","",250,48,31.67,69,"","","","","","","","","","",""
544,Giridih,CGWB,20,Jharkhand,329,GIRIDIH,GIRIDIH,GIRIDIH,Giridih,-,-,-,-,-,-,24.16666667,86.30833333,25-05-2006 00:00,7.98,860,"",0,238,"",107,"","","","","",265,82,14.69,69,"","","","","","","","","","",""
545,Giridih,CGWB,20,Jharkhand,329,GIRIDIH,GIRIDIH,GIRIDIH,Giridih,-,-,-,-,-,-,24.16666667,86.30833333,25-05-2008 00:00,8.51,980,"",12,305,"",71,"","","","","",240,64,19,127,"","","","","","","","","","",""
546,Giridih,CGWB,20,Jharkhand,329,GIRIDIH,GIRIDIH,GIRIDIH,Giridih,-,-,-,-,-,-,24.16666667,86.30833333,25-05-2010 00:00,7.4,580,"",0,209,"",46,"","","","","",160,36,17,54,"","","","","","","","","","",""
547,Giridih,CGWB,20,Jharkhand,329,GIRIDIH,GIRIDIH,GIRIDIH,Giridih,-,-,-,-,-,-,24.16666667,86.30833333,25-05-2012 00:00,8.1,800,"",0,214,"",142,"",0,"","","",370,68,48.71,0.92,"","","","","","","","","","",""
548,Giridih,CGWB,20,Jharkhand,329,GIRIDIH,GIRIDIH,GIRIDIH,Giridih,-,-,-,-,-,-,24.16666667,86.30833333,25-05-2013 00:00,8.18,808,"",0,214,"",142,"",0,"","","",370,68,49,48,"","","","","","","","","","",""
549,Giridih,CGWB,20,Jharkhand,329,GIRIDIH,GIRIDIH,GIRIDIH,Giridih,-,-,-,-,-,-,24.16666667,86.30833333,30-05-2019 08:00,7.94,464,440.05,"",196.8,"",17.618,"",18.7,"","","",138.29218,38,10.52,36.47,"","","","","","","","","","",""
550,Giridih,CGWB,20,Jharkhand,329,GIRIDIH,GIRIDIH,GIRIDIH,Giridih,-,-,-,-,-,-,24.16666667,86.30833333,30-05-2020 08:00,7.94,464,"","",196.8,"",17.618,"",18.7,"","","","",38,10.52,36.47,"","","","","","","","","","",""
551,Godarmana,CGWB,20,Jharkhand,328,GARHWA,RANKA,RANKA,Godarmana,-,-,-,-,-,-,23.87361111,83.71111111,25-05-2004 00:00,7.75,445,"",0,214,"",53,"","","","","",118,28,11,46,"","","","","","","","","","",""
552,Godda1,CGWB,20,Jharkhand,330,GODDA,GODDA,GODDA,Godda,-,-,-,-,-,-,24.83694444,87.23916667,25-05-2002 00:00,8.55,850,"",48,134,"",153,"","","","","",280,32,48.67,60,"","","","","","","","","","",""
553,Godda p.s.,CGWB,20,Jharkhand,330,GODDA,GODDA,GODDA,Godda p.s.,-,-,-,-,-,-,24.83666667,87.23888889,25-05-2004 00:00,7.58,900,"",0,287,"",92,"","","","","",180,46,15.86,120,"","","","","","","","","","",""
554,Godda p.s.,CGWB,20,Jharkhand,330,GODDA,GODDA,GODDA,Godda p.s.,-,-,-,-,-,-,24.83666667,87.23888889,25-05-2005 00:00,8.71,900,"",36,134,"",142,"","","","","",190,24,31.64,115,"","","","","","","","","","",""
555,Goelkera,CGWB,20,Jharkhand,343,PASHCHIMI SINGHBHUM,GOILKERA,GOILKERA,Goelkera,-,-,-,-,-,-,22.51111111,85.38333333,25-05-2004 00:00,6.9,260,"",0,113,"",57,"","","","","",77,19,7,33,"","","","","","","","","","",""
556,Gola,CGWB,20,Jharkhand,332,HAZARIBAG,GOLA,GOLA,Gola,-,-,-,-,-,-,23.52500000,85.73333333,25-05-2001 00:00,7.54,450,"",24,31,"",50,"","","","","",145,42,9.7,32,"","","","","","","","","","",""
557,Gola,CGWB,20,Jharkhand,332,HAZARIBAG,GOLA,GOLA,Gola,-,-,-,-,-,-,23.52500000,85.73333333,25-05-2005 00:00,7.56,420,"",0,146,"",43,"","","","","",160,46,11,19,"","","","","","","","","","",""
558,Gola,CGWB,20,Jharkhand,332,HAZARIBAG,GOLA,GOLA,Gola,-,-,-,-,-,-,23.52500000,85.73333333,25-05-2008 00:00,7.51,630,"",18,110,"",99,"","","","","",230,72,12,30,"","","","","","","","","","",""
559,Gola,CGWB,20,Jharkhand,332,HAZARIBAG,GOLA,GOLA,Gola,-,-,-,-,-,-,23.52500000,85.73333333,25-05-2010 00:00,8.29,453,"",0,105,"",60,"","","","","",170,40,17,25,"","","","","","","","","","",""
560,Gola,CGWB,20,Jharkhand,332,HAZARIBAG,GOLA,GOLA,Gola,-,-,-,-,-,-,23.52500000,85.73333333,25-05-2011 00:00,8.27,604,"",0,105,"",60,"","","","","",170,40,17,25,"","","","","","","","","","",""
561,Gola,CGWB,20,Jharkhand,332,HAZARIBAG,GOLA,GOLA,Gola,-,-,-,-,-,-,23.52500000,85.73333333,25-05-2012 00:00,8.23,410,"",0,79,"",74,"",0,"","","",100,38,1,46,"","","","","","","","","","",""
562,Gomia,CGWB,20,Jharkhand,322,BOKARO,GUMIA,GUMIA,Gomia,-,-,-,-,-,-,23.78333333,85.83333333,25-05-2002 00:00,8.84,1202,"","","","","","","","","","","","","","","","","","","","","","","","",""
563,Gomia,CGWB,20,Jharkhand,322,BOKARO,GUMIA,GUMIA,Gomia,-,-,-,-,-,-,23.78333333,85.83333333,25-05-2003 00:00,7.9,1283,"","","","","","","","","","","","","","","","","","","","","","","","",""
564,Gomia,CGWB,20,Jharkhand,322,BOKARO,GUMIA,GUMIA,Gomia,-,-,-,-,-,-,23.78333333,85.83333333,25-05-2004 00:00,8,1200,"",0,262,"",153,"","","","","",335,40,57.18,115,"","","","","","","","","","",""
565,Gomia,CGWB,20,Jharkhand,322,BOKARO,GUMIA,GUMIA,Gomia,-,-,-,-,-,-,23.78333333,85.83333333,25-05-2005 00:00,7.8,1320,"",0,366,"",156,"","","","","",400,38,74.2,115,"","","","","","","","","","",""
566,Gomia,CGWB,20,Jharkhand,322,BOKARO,GUMIA,GUMIA,Gomia,-,-,-,-,-,-,23.78333333,85.83333333,25-05-2007 00:00,7.42,1430,"","",415,340.2,188,"","","","","",450,98,50,115,"","","","","","","","","","",""
567,Gomia,CGWB,20,Jharkhand,322,BOKARO,GUMIA,GUMIA,Gomia,-,-,-,-,-,-,23.78333333,85.83333333,25-05-2008 00:00,7.24,1350,"",0,573,"",89,"","","","","",400,56,63,115,"","","","","","","","","","",""
568,Gomia,CGWB,20,Jharkhand,322,BOKARO,GUMIA,GUMIA,Gomia,-,-,-,-,-,-,23.78333333,85.83333333,25-05-2009 00:00,8.4,1120,"",12,476,"",85,"","","","","",365,10,83,99,"","","","","","","","","","",""
569,Gomia,CGWB,20,Jharkhand,322,BOKARO,GUMIA,GUMIA,Gomia,-,-,-,-,-,-,23.78333333,85.83333333,25-05-2010 00:00,7.5,1215,"",0,283,"",160,"","","","","",350,20,73,114,"","","","","","","","","","",""
570,Gomia,CGWB,20,Jharkhand,322,BOKARO,GUMIA,GUMIA,Gomia,-,-,-,-,-,-,23.78333333,85.83333333,25-05-2011 00:00,7.12,1215,"",0,283,"",160,"","","","","",350,20,73,114,"","","","","","","","","","",""
571,Gomia,CGWB,20,Jharkhand,322,BOKARO,GUMIA,GUMIA,Gomia,-,-,-,-,-,-,23.78333333,85.83333333,25-05-2012 00:00,7.5,1350,"",0,415,"",245,"",0,"","","",585,80,93.7,31,"","","","","","","","","","",""
572,Gomia,CGWB,20,Jharkhand,322,BOKARO,GUMIA,GUMIA,Gomia,-,-,-,-,-,-,23.78333333,85.83333333,30-05-2019 08:00,8.13,1269,525.85,"",565.8,"",90.033,"",54.162,"","","",197.36757,14.496,39.154,179.086,"","","","","","","","","","",""
573,Gomia,CGWB,20,Jharkhand,322,BOKARO,GUMIA,GUMIA,Gomia,-,-,-,-,-,-,23.78333333,85.83333333,30-05-2020 08:00,8.13,1269,"","",565.8,"",90.033,"",54.162,"","","","",14.496,39.154,179.086,"","","","","","","","","","",""
574,Gomia,CGWB,20,Jharkhand,322,BOKARO,GUMIA,GUMIA,Gomia,-,-,-,-,-,-,23.78333333,85.83333333,30-05-2021 08:00,7.36,1618,1051.7,0,329.4,"",400.8257,"",28,0.08,"","",320,80,29.184,255,"","","","","","","","","","",""
575,Gondlipokhar,CGWB,20,Jharkhand,339,RANCHI,ANGARA,ANGARA,Gondlipokhar,-,-,-,-,-,-,23.40666667,85.48750000,30-05-2019 08:00,7.26,248,224.25,"",67.65,"",31.5,"",10.84,"","","",80,22,6.075,15.34,"","","","","","","","","","",""
576,Gondlipokhar,CGWB,20,Jharkhand,339,RANCHI,ANGARA,ANGARA,Gondlipokhar,-,-,-,-,-,-,23.40666667,85.48750000,30-05-2020 08:00,7.26,248,"","",67.65,"",31.5,"",10.84,"","","","",22,6.075,15.34,"","","","","","","","","","",""
577,Gopikandar,CGWB,20,Jharkhand,326,DUMKA,GOPIKANDAR,GOPIKANDAR,Gopikandar,-,-,-,-,-,-,24.49166667,87.49166667,25-05-2004 00:00,6.64,375,"",0,85,"",39,"","","","","",135,24,18.26,22,"","","","","","","","","","",""
578,Gopikandar,CGWB,20,Jharkhand,326,DUMKA,GOPIKANDAR,GOPIKANDAR,Gopikandar,-,-,-,-,-,-,24.49166667,87.49166667,25-05-2005 00:00,7.66,250,"",0,49,"",36,"","","","","",70,16,7.31,11,"","","","","","","","","","",""
579,Gopikandar,CGWB,20,Jharkhand,326,DUMKA,GOPIKANDAR,GOPIKANDAR,Gopikandar,-,-,-,-,-,-,24.49166667,87.49166667,25-05-2009 00:00,8.15,330,"",0,61,"",32,"","","","","",90,28,4.9,25,"","","","","","","","","","",""
580,Gopikandar,CGWB,20,Jharkhand,326,DUMKA,GOPIKANDAR,GOPIKANDAR,Gopikandar,-,-,-,-,-,-,24.49166667,87.49166667,25-05-2010 00:00,7.4,321,"",0,134,"",28,"","","","","",135,28,16,11,"","","","","","","","","","",""
581,Gopikandar,CGWB,20,Jharkhand,326,DUMKA,GOPIKANDAR,GOPIKANDAR,Gopikandar,-,-,-,-,-,-,24.49166667,87.49166667,25-05-2012 00:00,8.04,320,"",0,183,"",21,"",0,"","","",100,30,6.07,23,"","","","","","","","","","",""
582,Gopikandar,CGWB,20,Jharkhand,326,DUMKA,GOPIKANDAR,GOPIKANDAR,Gopikandar,-,-,-,-,-,-,24.49166667,87.49166667,30-05-2019 08:00,7.8,219,434.2,"",67.65,"",24.3,"",7.35,"","","",70,8,12.15,16.93,"","","","","","","","","","",""
583,Gopikandar,CGWB,20,Jharkhand,326,DUMKA,GOPIKANDAR,GOPIKANDAR,Gopikandar,-,-,-,-,-,-,24.49166667,87.49166667,30-05-2020 08:00,7.8,219,"","",67.65,"",24.3,"",7.35,"","","","",8,12.15,16.93,"","","","","","","","","","",""
584,Govindpur,CGWB,20,Jharkhand,325,DHANBAD,GOBINDPUR,GOBINDPUR,Govindpur,-,-,-,-,-,-,23.82500000,86.52777778,25-05-2000 00:00,7.76,1109,"",0,214,"",153,"","","","","",180,50,13,75,"","","","","","","","","","",""
585,Govindpur,CGWB,20,Jharkhand,325,DHANBAD,GOBINDPUR,GOBINDPUR,Govindpur,-,-,-,-,-,-,23.82500000,86.52777778,25-05-2003 00:00,8.05,1350,"","","","","","","","","","","","","","","","","","","","","","","","",""
586,Govindpur,CGWB,20,Jharkhand,325,DHANBAD,GOBINDPUR,GOBINDPUR,Govindpur,-,-,-,-,-,-,23.82500000,86.52777778,25-05-2005 00:00,7.3,1100,"",0,317,"",149,"","","","","",290,82,20.77,103,"","","","","","","","","","",""
587,Govindpur,CGWB,20,Jharkhand,325,DHANBAD,GOBINDPUR,GOBINDPUR,Govindpur,-,-,-,-,-,-,23.82500000,86.52777778,25-05-2007 00:00,8.2,1170,"","",256,209.8,213,"","","","","",300,36,51.1,127,"","","","","","","","","","",""
588,Govindpur,CGWB,20,Jharkhand,325,DHANBAD,GOBINDPUR,GOBINDPUR,Govindpur,-,-,-,-,-,-,23.82500000,86.52777778,25-05-2009 00:00,7.23,1587,"",0,586,"",131,"","","","","",345,48,55,300,"","","","","","","","","","",""
589,Govindpur,CGWB,20,Jharkhand,325,DHANBAD,GOBINDPUR,GOBINDPUR,Govindpur,-,-,-,-,-,-,23.82500000,86.52777778,25-05-2010 00:00,7.4,1110,"",0,289.05,"",163.07,"","","","","",250,44,34.02,138,"","","","","","","","","","",""
590,Govindpur,CGWB,20,Jharkhand,325,DHANBAD,GOBINDPUR,GOBINDPUR,Govindpur,-,-,-,-,-,-,23.82500000,86.52777778,25-05-2011 00:00,7.98,588,"",0,276.75,"",14.18,"","","","","",145,34,14.58,48.41,"","","","","","","","","","",""
591,Govindpur,CGWB,20,Jharkhand,325,DHANBAD,GOBINDPUR,GOBINDPUR,Govindpur,-,-,-,-,-,-,23.82500000,86.52777778,25-05-2012 00:00,7.8,400,"",0,464,"",213,"",0,"","","",390,68,53.57,125,"","","","","","","","","","",""
592,Govindpur,CGWB,20,Jharkhand,325,DHANBAD,GOBINDPUR,GOBINDPUR,Govindpur,-,-,-,-,-,-,23.82500000,86.52777778,25-05-2013 00:00,7.44,1458,"",0,464,"",227,"",0,"","","",510,116,54,80,"","","","","","","","","","",""
593,Gumla,CGWB,20,Jharkhand,331,GUMLA,SIMDEGA,SIMDEGA,Gumla,-,-,-,-,-,-,22.58833333,84.49166667,25-05-2003 00:00,7.82,210,"","","","","","","","","","","","","","","","","","","","","","","","",""
594,Gumla,CGWB,20,Jharkhand,331,GUMLA,SIMDEGA,SIMDEGA,Gumla,-,-,-,-,-,-,22.58833333,84.49166667,25-05-2004 00:00,7.65,230,"",0,98,"",67,"","","","","",110,25,12,17,"","","","","","","","","","",""
595,Gumla,CGWB,20,Jharkhand,331,GUMLA,SIMDEGA,SIMDEGA,Gumla,-,-,-,-,-,-,22.58833333,84.49166667,25-05-2006 00:00,7.15,206,"",0,59,"",13,"",3.2,"","","",49,14,3.42,16,"","","","","","","","","","",""
596,Gumla,CGWB,20,Jharkhand,331,GUMLA,SIMDEGA,SIMDEGA,Gumla,-,-,-,-,-,-,22.58833333,84.49166667,25-05-2012 00:00,8.1,202,"",0,61,"",21,"",6,"","","",70,16,7.31,12,"","","","","","","","","","",""
597,Gumla1,CGWB,20,Jharkhand,331,GUMLA,GUMLA,GUMLA,Gumla,-,-,-,-,-,-,23.04416667,84.55305556,25-05-2003 00:00,7.68,1250,"","","","","","","","","","","","","","","","","","","","","","","","",""
598,Gumla1,CGWB,20,Jharkhand,331,GUMLA,GUMLA,GUMLA,Gumla,-,-,-,-,-,-,23.04388889,84.55333333,25-05-2004 00:00,8.47,1300,"",62,245,"",227,"","","","","",418,98,42,98,"","","","","","","","","","",""
599,Gumla1,CGWB,20,Jharkhand,331,GUMLA,GUMLA,GUMLA,Gumla,-,-,-,-,-,-,23.04416667,84.55305556,25-05-2004 00:00,8.47,1300,"",62,245,"",227,"","","","","",418,98,42,98,"","","","","","","","","","",""
600,Gumla1,CGWB,20,Jharkhand,331,GUMLA,GUMLA,GUMLA,Gumla,-,-,-,-,-,-,23.04388889,84.55333333,25-05-2006 00:00,6.9,1448,"",0,358,"",212,"",40,"","","",528,130,49.51,110,"","","","","","","","","","",""
601,Gumla1,CGWB,20,Jharkhand,331,GUMLA,GUMLA,GUMLA,Gumla,-,-,-,-,-,-,23.04388889,84.55333333,25-05-2007 00:00,7.36,1454,"","",689.3,565,198.8,"","","","","",500,124,46.35,122.5,"","","","","","","","","","",""
602,Gumla1,CGWB,20,Jharkhand,331,GUMLA,GUMLA,GUMLA,Gumla,-,-,-,-,-,-,23.04388889,84.55333333,25-05-2008 00:00,7.1,1220,"",0,299,"",160,"","","","","",385,84,42,98,"","","","","","","","","","",""
603,Gumla1,CGWB,20,Jharkhand,331,GUMLA,GUMLA,GUMLA,Gumla,-,-,-,-,-,-,23.04388889,84.55333333,25-05-2009 00:00,7.88,1007,"",0,232,"",89,"","","","","",295,60,35,88,"","","","","","","","","","",""
604,Gumla1,CGWB,20,Jharkhand,331,GUMLA,GUMLA,GUMLA,Gumla,-,-,-,-,-,-,23.04388889,84.55333333,25-05-2010 00:00,8.3,1027,"",6,128,"",170,"","","","","",270,56,32,110,"","","","","","","","","","",""
605,Gumla1,CGWB,20,Jharkhand,331,GUMLA,GUMLA,GUMLA,Gumla,-,-,-,-,-,-,23.04388889,84.55333333,25-05-2011 00:00,8.38,1027,"",6,128,"",170,"","","","","",270,56,32,110,"","","","","","","","","","",""
606,Gumla1,CGWB,20,Jharkhand,331,GUMLA,GUMLA,GUMLA,Gumla,-,-,-,-,-,-,23.04388889,84.55333333,25-05-2012 00:00,7.2,1260,"",0,427,"",163,"",70,"","","",430,96,46,94,"","","","","","","","","","",""
607,Gumla1,CGWB,20,Jharkhand,331,GUMLA,GUMLA,GUMLA,Gumla,-,-,-,-,-,-,23.04388889,84.55333333,25-05-2013 00:00,6.8,1276,"",0,430.5,"",163,"",68,"","","",435,96,47.38,97,"","","","","","","","","","",""
608,Haidernagar,CGWB,20,Jharkhand,338,PALAMAU,HUSSAINABAD,HUSSAINABAD,Hydernagar,-,-,-,-,-,-,24.49305556,83.93555556,25-05-2012 00:00,7.98,980,"",0,342,"",149,"",72,"","","",380,72,48.71,81,"","","","","","","","","","",""
609,Haidernagar,CGWB,20,Jharkhand,338,PALAMAU,HUSSAINABAD,HUSSAINABAD,Hydernagar,-,-,-,-,-,-,24.49305556,83.93555556,25-05-2013 00:00,8.14,988,"",0,342,"",149,"",69,"","","",380,72,49,80,"","","","","","","","","","",""
610,Hana Bautia,CGWB,20,Jharkhand,327,PURBI SINGHBHUM,BAHARAGORA,BAHARAGORA,Hana Bautia,-,-,-,-,-,-,22.25555556,86.67416667,25-05-2012 00:00,8.18,260,"",0,73,"",28,"",0,"","","",80,20,7.32,16,"","","","","","","","","","",""
611,Hana Bautia,CGWB,20,Jharkhand,327,PURBI SINGHBHUM,BAHARAGORA,BAHARAGORA,Hana Bautia,-,-,-,-,-,-,22.25555556,86.67416667,25-05-2013 00:00,8.23,265,"",0,73.8,"",24.81,"",0,"","","",80,18,8.53,18,"","","","","","","","","","",""
612,Hansdiha pwdib,CGWB,20,Jharkhand,326,DUMKA,SARAIYAHAT,SARAIYAHAT,Hansdiha pwdib,-,-,-,-,-,-,24.60000000,87.07083333,25-05-2004 00:00,7.26,200,"",0,79,"",11,"","","","","",65,16,6.1,12,"","","","","","","","","","",""
613,Hansdiha pwdib,CGWB,20,Jharkhand,326,DUMKA,SARAIYAHAT,SARAIYAHAT,Hansdiha pwdib,-,-,-,-,-,-,24.60000000,87.07083333,25-05-2005 00:00,8.08,250,"",0,85,"",18,"","","","","",80,16,9.74,13,"","","","","","","","","","",""
614,Hansdiha pwdib,CGWB,20,Jharkhand,326,DUMKA,SARAIYAHAT,SARAIYAHAT,Hansdiha pwdib,-,-,-,-,-,-,24.60000000,87.07083333,25-05-2009 00:00,7.89,450,"",0,195,"",28,"","","","","",130,32,12,37,"","","","","","","","","","",""
615,Hansdiha pwdib,CGWB,20,Jharkhand,326,DUMKA,SARAIYAHAT,SARAIYAHAT,Hansdiha pwdib,-,-,-,-,-,-,24.60000000,87.07083333,25-05-2011 00:00,7.33,150,"",0,73,"",7.1,"","","","","",55,18,2.4,6.9,"","","","","","","","","","",""
616,Hansdiha pwdib,CGWB,20,Jharkhand,326,DUMKA,SARAIYAHAT,SARAIYAHAT,Hansdiha pwdib,-,-,-,-,-,-,24.60000000,87.07083333,25-05-2012 00:00,8.2,235,"",0,95,"",28,"",0,"","","",80,16,9.74,11,"","","","","","","","","","",""
617,Hansdiha pwdib,CGWB,20,Jharkhand,326,DUMKA,SARAIYAHAT,SARAIYAHAT,Hansdiha pwdib,-,-,-,-,-,-,24.60000000,87.07083333,25-05-2013 00:00,7.56,226,"",0,95,"",28,"",0,"","","",80,16,19,8,"","","","","","","","","","",""
618,Hariharganj,CGWB,20,Jharkhand,338,PALAMAU,CHHATARPUR,CHHATARPUR,Hariharganj,-,-,-,-,-,-,24.27500000,84.28888889,25-05-2010 00:00,8.3,1728,"",12,482,"",305,"","","","","",540,112,63,140,"","","","","","","","","","",""
619,Hariharganj,CGWB,20,Jharkhand,338,PALAMAU,CHHATARPUR,CHHATARPUR,Hariharganj,-,-,-,-,-,-,24.27500000,84.28888889,25-05-2011 00:00,8.36,1728,"",12,482,"",305,"","","","","",540,112,63,140,"","","","","","","","","","",""
620,Hariharganj,CGWB,20,Jharkhand,338,PALAMAU,CHHATARPUR,CHHATARPUR,Hariharganj,-,-,-,-,-,-,24.27500000,84.28888889,30-05-2019 08:00,7.71,463,527.15,0,209.1,"",27.9,"",20.46,"","","",175,12,35.235,28.77,"","","","","","","","","","",""
621,Hariharganj,CGWB,20,Jharkhand,338,PALAMAU,CHHATARPUR,CHHATARPUR,Hariharganj,-,-,-,-,-,-,24.27500000,84.28888889,30-05-2020 08:00,7.71,463,"","",209.1,"",27.9,"",20.46,"","","","",12,35.235,28.77,"","","","","","","","","","",""
622,Harinchara Chowk,CGWB,20,Jharkhand,340,Sahebganj,BORIO,BORIO,Borio,-,-,-,-,-,-,25.02944444,87.61611111,30-05-2019 08:00,7.59,496,226.85,"",215.25,"",36.4,"",8.53,"","","",172.75308,54,9.174,24.637,"","","","","","","","","","",""
623,Harinchara Chowk,CGWB,20,Jharkhand,340,Sahebganj,BORIO,BORIO,Borio,-,-,-,-,-,-,25.02944444,87.61611111,30-05-2020 08:00,7.59,496,"","",215.25,"",36.4,"",8.53,"","","","",54,9.174,24.637,"","","","","","","","","","",""
624,Harison,CGWB,20,Jharkhand,343,PASHCHIMI SINGHBHUM,KHARSAWAN,KHARSAWAN,Harison,-,-,-,-,-,-,22.75361111,85.85083333,30-05-2019 08:00,7.6,703,460.85,0,311,"",61,"",2,"","","",194,48,17,59,"","","","","","","","","","",""
625,Harison,CGWB,20,Jharkhand,343,PASHCHIMI SINGHBHUM,KHARSAWAN,KHARSAWAN,Harison,-,-,-,-,-,-,22.75361111,85.85083333,30-05-2020 08:00,7.6,703,"",0,311,"",61,"",2,"","","","",48,17,59,"","","","","","","","","","",""
626,Harmu,CGWB,20,Jharkhand,339,RANCHI,KANKE,KANKE,Harmu,-,-,-,-,-,-,23.37833333,85.34000000,25-05-2012 00:00,7.09,170,"",0,100,"",20,"",8,"","","",64,24,1,19,"","","","","","","","","","",""
627,Harmu,CGWB,20,Jharkhand,339,RANCHI,KANKE,KANKE,Harmu,-,-,-,-,-,-,23.37833333,85.34000000,30-05-2019 08:00,7.78,345,214.5,"",141.5,"",28.37,"",8,"","","",110,18,15.79,21,"","","","","","","","","","",""
628,Harmu,CGWB,20,Jharkhand,339,RANCHI,KANKE,KANKE,Harmu,-,-,-,-,-,-,23.37833333,85.34000000,30-05-2020 08:00,7.78,345,"","",141.5,"",28.37,"",8,"","","","",18,15.79,21,"","","","","","","","","","",""
629,Harmu,CGWB,20,Jharkhand,339,RANCHI,KANKE,KANKE,Harmu,-,-,-,-,-,-,23.37833333,85.34000000,30-05-2021 08:00,7.25,676,439.4,0,231.8,"",62.49825,"",24,"","","",220,62,15.808,49,"","","","","","","","","","",""
630,Hata/Tirin,CGWB,20,Jharkhand,343,PASHCHIMI SINGHBHUM,GOBINDPUR (RAJNAGAR),GOBINDPUR (RAJNAGAR),Hata/Tirin,-,-,-,-,-,-,22.61666667,86.14166667,25-05-2003 00:00,7.19,1612,"","","","","","","","","","","","","","","","","","","","","","","","",""
631,Hata/Tirin,CGWB,20,Jharkhand,343,PASHCHIMI SINGHBHUM,GOBINDPUR (RAJNAGAR),GOBINDPUR (RAJNAGAR),Hata/Tirin,-,-,-,-,-,-,22.61666667,86.14166667,25-05-2007 00:00,7.93,2400,"","",494,404.9,24.8,"","","","","",600,120,72.9,20,"","","","","","","","","","",""
632,Hata/Tirin,CGWB,20,Jharkhand,343,PASHCHIMI SINGHBHUM,GOBINDPUR (RAJNAGAR),GOBINDPUR (RAJNAGAR),Hata/Tirin,-,-,-,-,-,-,22.61666667,86.14166667,25-05-2010 00:00,8.3,1588,"","",543,"",213,"","","","","",420,126,25,145,"","","","","","","","","","",""
633,Hata/Tirin,CGWB,20,Jharkhand,343,PASHCHIMI SINGHBHUM,GOBINDPUR (RAJNAGAR),GOBINDPUR (RAJNAGAR),Hata/Tirin,-,-,-,-,-,-,22.61666667,86.14166667,25-05-2011 00:00,7.12,1588,"",0,543,"",213,"","","","","",420,126,25,145,"","","","","","","","","","",""
634,Hata/Tirin,CGWB,20,Jharkhand,343,PASHCHIMI SINGHBHUM,GOBINDPUR (RAJNAGAR),GOBINDPUR (RAJNAGAR),Hata/Tirin,-,-,-,-,-,-,22.61666667,86.14166667,25-05-2012 00:00,8.96,1210,"",48,305,"",156,"",0,"","","",400,140,12,69,"","","","","","","","","","",""
635,Hata/Tirin,CGWB,20,Jharkhand,343,PASHCHIMI SINGHBHUM,GOBINDPUR (RAJNAGAR),GOBINDPUR (RAJNAGAR),Hata/Tirin,-,-,-,-,-,-,22.61666667,86.14166667,30-05-2019 08:00,7.9,1393,268.45,0,401,"",123,"",6,"","","",378,121,22.1,77,"","","","","","","","","","",""
636,Hata/Tirin,CGWB,20,Jharkhand,343,PASHCHIMI SINGHBHUM,GOBINDPUR (RAJNAGAR),GOBINDPUR (RAJNAGAR),Hata/Tirin,-,-,-,-,-,-,22.61666667,86.14166667,30-05-2020 08:00,7.9,1393,"",0,401,"",123,"",6,"","","","",121,22.1,77,"","","","","","","","","","",""
637,Hat Gamhariya,CGWB,20,Jharkhand,343,PASHCHIMI SINGHBHUM,JHINKPANI,JHINKPANI,Hat Gamhariya,-,-,-,-,-,-,22.26166667,85.73583333,30-05-2019 08:00,7.8,819,260.65,0,185,"",123,"",3,"","","",260,70,20,56,"","","","","","","","","","",""
638,Hat Gamhariya,CGWB,20,Jharkhand,343,PASHCHIMI SINGHBHUM,JHINKPANI,JHINKPANI,Hat Gamhariya,-,-,-,-,-,-,22.26166667,85.73583333,30-05-2020 08:00,7.8,819,"",0,185,"",123,"",3,"","","","",70,20,56,"","","","","","","","","","",""
639,Hatia,CGWB,20,Jharkhand,339,RANCHI,NAMKUM,NAMKUM,Hatia,-,-,-,-,-,-,23.31250000,85.30555556,25-05-2004 00:00,7.61,450,"",0,140,"",124,"","","","","",173,46,14,45,"","","","","","","","","","",""
640,Hatia,CGWB,20,Jharkhand,339,RANCHI,NAMKUM,NAMKUM,Hatia,-,-,-,-,-,-,23.31250000,85.30555556,25-05-2012 00:00,6.79,330,"",0,100,"",60,"",2,"","","",100,29,6.72,8,"","","","","","","","","","",""
641,Hatia,CGWB,20,Jharkhand,339,RANCHI,NAMKUM,NAMKUM,Hatia,-,-,-,-,-,-,23.31250000,85.30555556,25-05-2013 00:00,6.7,313,"",0,100,"",60,"",2,"","","",100,29,7,8,"","","","","","","","","","",""
642,Hatia1,CGWB,20,Jharkhand,339,RANCHI,NAMKUM,NAMKUM,Hatia,-,-,-,-,-,-,23.31277778,85.30583333,25-05-2004 00:00,7.61,450,"",0,140,"",124,"","","","","",173,46,14,45,"","","","","","","","","","",""
643,Hatia1,CGWB,20,Jharkhand,339,RANCHI,NAMKUM,NAMKUM,Hatia,-,-,-,-,-,-,23.31222222,85.30555556,25-05-2007 00:00,7.5,193,"","",43,35.3,32,"","","","","",50,12,4.88,16,"","","","","","","","","","",""
644,Hatia1,CGWB,20,Jharkhand,339,RANCHI,NAMKUM,NAMKUM,Hatia,-,-,-,-,-,-,23.31222222,85.30555556,25-05-2009 00:00,7.74,220,"",0,31,"",39,"","","","","",80,26,3.6,6.9,"","","","","","","","","","",""
645,Hatia1,CGWB,20,Jharkhand,339,RANCHI,NAMKUM,NAMKUM,Hatia,-,-,-,-,-,-,23.31222222,85.30555556,25-05-2011 00:00,8.41,238,"",3,36.9,"",42.54,"","","","","",75,18,7.29,17,"","","","","","","","","","",""
646,Hatyari,CGWB,20,Jharkhand,332,HAZARIBAG,HAZARIBAG,HAZARIBAG,Hatyari,-,-,-,-,-,-,23.89888889,85.41111111,30-05-2021 08:00,7.65,2770,1800.5,0,363.535,"",649.7985,"",55,0.25,"","",1215,222,160.512,75,"","","","","","","","","","",""
647,Hazaribagh,CGWB,20,Jharkhand,332,HAZARIBAG,HAZARIBAG,HAZARIBAG,Hazaribagh,-,-,-,-,-,-,23.96722222,85.34777778,25-05-2002 00:00,8.54,1108,"","","","","","","","","","","","","","","","","","","","","","","","",""
648,Hazaribagh,CGWB,20,Jharkhand,332,HAZARIBAG,HAZARIBAG,HAZARIBAG,Hazaribagh,-,-,-,-,-,-,23.96722222,85.34777778,25-05-2009 00:00,8.29,1163,"",0,274,"",128,"","","","","",300,44,46,120,"","","","","","","","","","",""
649,Hazaribagh,CGWB,20,Jharkhand,332,HAZARIBAG,HAZARIBAG,HAZARIBAG,Hazaribagh,-,-,-,-,-,-,23.96722222,85.34777778,25-05-2010 00:00,7.2,1028,"",0,357,"",135,"","","","","",325,74,34,88,"","","","","","","","","","",""
650,Hazaribagh,CGWB,20,Jharkhand,332,HAZARIBAG,HAZARIBAG,HAZARIBAG,Hazaribagh,-,-,-,-,-,-,23.96722222,85.34777778,25-05-2011 00:00,7.08,1143,"",0,274,"",128,"","","","","",300,44,46,120,"","","","","","","","","","",""
651,Hazaribagh,CGWB,20,Jharkhand,332,HAZARIBAG,HAZARIBAG,HAZARIBAG,Hazaribagh,-,-,-,-,-,-,23.96722222,85.34777778,25-05-2012 00:00,7.92,1258,"",0,314,"",181,"",0,"","","",405,72,54.79,71,"","","","","","","","","","",""
652,Hazaribagh,CGWB,20,Jharkhand,332,HAZARIBAG,HAZARIBAG,HAZARIBAG,Hazaribagh,-,-,-,-,-,-,23.96722222,85.34777778,25-05-2013 00:00,7.35,1261,"",0,314,"",177,"",48.66,"","","",405,72,55,72,"","","","","","","","","","",""
653,Hesadih,CGWB,20,Jharkhand,343,PASHCHIMI SINGHBHUM,TONTO,TONTO,Hesadih,-,-,-,-,-,-,22.50444444,85.75027778,25-05-2007 00:00,7.73,470,"","",494,404.9,24.8,"","","","","",160,28,21.92,20,"","","","","","","","","","",""
654,Hesadih,CGWB,20,Jharkhand,343,PASHCHIMI SINGHBHUM,TONTO,TONTO,Hesadih,-,-,-,-,-,-,22.50444444,85.75027778,25-05-2008 00:00,7.83,474,"",0,274,"",25,"","","","","",220,42,28,16,"","","","","","","","","","",""
655,Hesadih,CGWB,20,Jharkhand,343,PASHCHIMI SINGHBHUM,TONTO,TONTO,Hesadih,-,-,-,-,-,-,22.50444444,85.75027778,25-05-2009 00:00,7.08,600,"",0,232,"",57,"","","","","",240,44,32,18,"","","","","","","","","","",""
656,Hesadih,CGWB,20,Jharkhand,343,PASHCHIMI SINGHBHUM,TONTO,TONTO,Hesadih,-,-,-,-,-,-,22.50444444,85.75027778,25-05-2010 00:00,8.1,269,"",12,152,"",14,"","","","","",115,24,13,12,"","","","","","","","","","",""
657,Hesadih,CGWB,20,Jharkhand,343,PASHCHIMI SINGHBHUM,TONTO,TONTO,Hesadih,-,-,-,-,-,-,22.50444444,85.75027778,25-05-2011 00:00,8.39,269,"",12,152,"",14,"","","","","",115,24,13,12,"","","","","","","","","","",""
658,Hesadih,CGWB,20,Jharkhand,343,PASHCHIMI SINGHBHUM,TONTO,TONTO,Hesadih,-,-,-,-,-,-,22.50444444,85.75027778,25-05-2012 00:00,8.1,306,"",0,146,"",21,"",15,"","","",150,32,17.06,11,"","","","","","","","","","",""
659,Hesadih,CGWB,20,Jharkhand,343,PASHCHIMI SINGHBHUM,TONTO,TONTO,Hesadih,-,-,-,-,-,-,22.50444444,85.75027778,25-05-2013 00:00,7.78,298,"",0,147.6,"",21,"",15,"","","",150,38,13.42,11,"","","","","","","","","","",""
660,Hesadih,CGWB,20,Jharkhand,343,PASHCHIMI SINGHBHUM,TONTO,TONTO,Hesadih,-,-,-,-,-,-,22.50444444,85.75027778,30-05-2019 08:00,6.9,555,374.4,0,164,"",64,"",2,"","","",164,49,11,46,"","","","","","","","","","",""
661,Hesadih,CGWB,20,Jharkhand,343,PASHCHIMI SINGHBHUM,TONTO,TONTO,Hesadih,-,-,-,-,-,-,22.50444444,85.75027778,30-05-2020 08:00,6.9,555,"",0,164,"",64,"",2,"","","","",49,11,46,"","","","","","","","","","",""
662,Hesal,CGWB,20,Jharkhand,336,LOHARDAGA,LOHARDAGA,LOHARDAGA,Hesal,-,-,-,-,-,-,23.52250000,84.71666667,30-05-2019 08:00,7.7,97,138.45,"",36.6,"",10.65,"",0.25,"","","",35,8,3.645,5.1,"","","","","","","","","","",""
663,Hesal,CGWB,20,Jharkhand,336,LOHARDAGA,LOHARDAGA,LOHARDAGA,Hesal,-,-,-,-,-,-,23.52250000,84.71666667,30-05-2020 08:00,7.7,97,"","",36.6,"",10.65,"",0.25,"","","","",8,3.645,5.1,"","","","","","","","","","",""
664,Hesal,CGWB,20,Jharkhand,336,LOHARDAGA,LOHARDAGA,LOHARDAGA,Hesal,-,-,-,-,-,-,23.52250000,84.71666667,30-05-2021 08:00,7.51,845,549.25,0,219.6,"",104.99706,"",48,"","","",235,58,21.888,82,"","","","","","","","","","",""
665,Hillview,CGWB,20,Jharkhand,339,RANCHI,-,-,-,-,-,-,-,-,-,23.42333300,85.41111100,30-05-2019 08:00,7.13,161,538.2,"",74.13,"",2.57,"",13.38,"","","",55,18,2.43,13.4,"","","","","","","","","","",""
666,Hillview,CGWB,20,Jharkhand,339,RANCHI,-,-,-,-,-,-,-,-,-,23.42333300,85.41111100,30-05-2020 08:00,7.13,161,"","",74.13,"",2.57,"",13.38,"","","","",18,2.43,13.4,"","","","","","","","","","",""
667,Hinjla,CGWB,20,Jharkhand,336,LOHARDAGA,KURU,KURU,Hinjla,-,-,-,-,-,-,23.53388889,84.84777778,25-05-2003 00:00,8.53,280,"","","","","","","","","","","","","","","","","","","","","","","","",""
668,Hinjla,CGWB,20,Jharkhand,336,LOHARDAGA,KURU,KURU,Hinjla,-,-,-,-,-,-,23.53388889,84.84777778,25-05-2008 00:00,7.6,312,"",0,159,"",21,"","","","","",95,28,6.1,19,"","","","","","","","","","",""
669,Hinjla,CGWB,20,Jharkhand,336,LOHARDAGA,KURU,KURU,Hinjla,-,-,-,-,-,-,23.53388889,84.84777778,25-05-2009 00:00,7.77,360,"",0,177,"",14,"","","","","",90,24,7.3,36,"","","","","","","","","","",""
670,Hinjla,CGWB,20,Jharkhand,336,LOHARDAGA,KURU,KURU,Hinjla,-,-,-,-,-,-,23.53388889,84.84777778,25-05-2010 00:00,7.3,210,"",12,61,"",11,"","","","","",107,27,9.64,12,"","","","","","","","","","",""
671,Hinjla,CGWB,20,Jharkhand,336,LOHARDAGA,KURU,KURU,Hinjla,-,-,-,-,-,-,23.53388889,84.84777778,25-05-2011 00:00,7.68,365,"",0,177,"",14,"","","","","",90,24,7.3,38,"","","","","","","","","","",""
672,Hinjla,CGWB,20,Jharkhand,336,LOHARDAGA,KURU,KURU,Hinjla,-,-,-,-,-,-,23.53388889,84.84777778,25-05-2012 00:00,7.04,385,"",0,300,"",57,"",23,"","","","","","",11,"","","","","","","","","","",""
673,Hirabag,CGWB,20,Jharkhand,332,HAZARIBAG,-,-,-,-,-,-,-,-,-,23.96916700,85.37000000,30-05-2021 08:00,7.81,1362,885.3,0,481.9,"",154.99567,"",38,"","","",395,86,43.776,129,"","","","","","","","","","",""
674,Hiranpur,CGWB,20,Jharkhand,337,Pakur,HIRANPUR,HIRANPUR,Hiranpur,-,-,-,-,-,-,24.72194444,87.71888889,25-05-2005 00:00,7.95,700,"",0,110,"",107,"","","","","",260,60,26.82,32,"","","","","","","","","","",""
675,Hiranpur,CGWB,20,Jharkhand,337,Pakur,HIRANPUR,HIRANPUR,Hiranpur,-,-,-,-,-,-,24.72194444,87.71888889,25-05-2009 00:00,7.54,580,"",0,134,"",85,"","","","","",150,48,7.3,58,"","","","","","","","","","",""
676,Hiranpur,CGWB,20,Jharkhand,337,Pakur,HIRANPUR,HIRANPUR,Hiranpur,-,-,-,-,-,-,24.72194444,87.71888889,25-05-2010 00:00,7.3,623,"",0,183,"",96,"","","","","",225,48,25,15,"","","","","","","","","","",""
677,Hiranpur,CGWB,20,Jharkhand,337,Pakur,HIRANPUR,HIRANPUR,Hiranpur,-,-,-,-,-,-,24.72194444,87.71888889,25-05-2011 00:00,7.84,338,"",0,55.35,"",67.35,"","","","","",75,12,10.93,33,"","","","","","","","","","",""
678,Hiranpur,CGWB,20,Jharkhand,337,Pakur,HIRANPUR,HIRANPUR,Hiranpur,-,-,-,-,-,-,24.72194444,87.71888889,25-05-2012 00:00,7.7,370,"",0,183,"",21,"",0,"","","",120,20,17,32,"","","","","","","","","","",""
679,Hiranpur,CGWB,20,Jharkhand,337,Pakur,HIRANPUR,HIRANPUR,Hiranpur,-,-,-,-,-,-,24.72194444,87.71888889,25-05-2013 00:00,7.74,348,"",0,183,"",21,"",0,"","","",120,20,17,33,"","","","","","","","","","",""
680,Hiranpur,CGWB,20,Jharkhand,337,Pakur,HIRANPUR,HIRANPUR,Hiranpur,-,-,-,-,-,-,24.72194444,87.71888889,30-05-2019 08:00,7.86,349,1105.65,"",178.35,"",15.7,"",7.5,"","","",129.86485,32.341,11.91,13.094,"","","","","","","","","","",""
681,Hiranpur,CGWB,20,Jharkhand,337,Pakur,HIRANPUR,HIRANPUR,Hiranpur,-,-,-,-,-,-,24.72194444,87.71888889,30-05-2020 08:00,7.86,349,"","",178.35,"",15.7,"",7.5,"","","","",32.341,11.91,13.094,"","","","","","","","","","",""
682,Ichak,CGWB,20,Jharkhand,332,HAZARIBAG,ICHAK,ICHAK,Ichak,-,-,-,-,-,-,24.08750000,85.35000000,25-05-2002 00:00,9.38,412,"","","","","","","","","","","","","","","","","","","","","","","","",""
683,Ichak,CGWB,20,Jharkhand,332,HAZARIBAG,ICHAK,ICHAK,Ichak,-,-,-,-,-,-,24.08750000,85.35000000,25-05-2004 00:00,7.46,425,"",0,208,"",71,"","","","","",107,27,9.64,46,"","","","","","","","","","",""
684,Ichak,CGWB,20,Jharkhand,332,HAZARIBAG,ICHAK,ICHAK,Ichak,-,-,-,-,-,-,24.08750000,85.35000000,25-05-2005 00:00,7.94,475,"",0,104,"",57,"","","","","",190,54,13.44,23,"","","","","","","","","","",""
685,Ichak,CGWB,20,Jharkhand,332,HAZARIBAG,ICHAK,ICHAK,Ichak,-,-,-,-,-,-,24.08750000,85.35000000,25-05-2008 00:00,8.74,418,"",18,98,"",14,"","","","","",107,27,9.64,30,"","","","","","","","","","",""
686,Ichak,CGWB,20,Jharkhand,332,HAZARIBAG,ICHAK,ICHAK,Ichak,-,-,-,-,-,-,24.08750000,85.35000000,25-05-2009 00:00,8.21,335,"",0,128,"",14,"","","","","",90,24,7.3,37,"","","","","","","","","","",""
687,Ichak,CGWB,20,Jharkhand,332,HAZARIBAG,ICHAK,ICHAK,Ichak,-,-,-,-,-,-,24.08750000,85.35000000,25-05-2010 00:00,7.2,358,"",0,135,"",3.5,"","","","","",100,26,8.5,18,"","","","","","","","","","",""
688,Ichak,CGWB,20,Jharkhand,332,HAZARIBAG,ICHAK,ICHAK,Ichak,-,-,-,-,-,-,24.08750000,85.35000000,25-05-2012 00:00,8.2,603,"",0,165,"",96,"",0,"","","",200,50,18.22,45,"","","","","","","","","","",""
689,Ichak more,CGWB,20,Jharkhand,332,HAZARIBAG,ICHAK,ICHAK,Ichak,-,-,-,-,-,-,24.09111111,85.40861111,25-05-2013 00:00,8.23,673,"",0,165,"",96,"",0,"","","",230,32,36.51,51,"","","","","","","","","","",""
690,Irgaon,CGWB,20,Jharkhand,336,LOHARDAGA,LOHARDAGA,LOHARDAGA,Irgaon,-,-,-,-,-,-,23.42111111,84.78083333,30-05-2019 08:00,7.9,154,420.55,"",30.5,"",39.05,"",0.15,"","","",60,16,4.86,8.1,"","","","","","","","","","",""
691,Irgaon,CGWB,20,Jharkhand,336,LOHARDAGA,LOHARDAGA,LOHARDAGA,Irgaon,-,-,-,-,-,-,23.42111111,84.78083333,30-05-2020 08:00,7.9,154,"","",30.5,"",39.05,"",0.15,"","","","",16,4.86,8.1,"","","","","","","","","","",""
692,Itkhori,CGWB,20,Jharkhand,323,CHATRA,ITKHORI,ITKHORI,Itkhori,-,-,-,-,-,-,24.30833333,85.16666667,25-05-2004 00:00,7.77,490,"",0,219,"",67,"","","","","",179,48,14.4,21,"","","","","","","","","","",""
693,Itkhori,CGWB,20,Jharkhand,323,CHATRA,ITKHORI,ITKHORI,Itkhori,-,-,-,-,-,-,24.30833333,85.16666667,25-05-2008 00:00,7.63,770,"",0,372,"",36,"","","","","",230,48,27,65,"","","","","","","","","","",""
694,Itkhori,CGWB,20,Jharkhand,323,CHATRA,ITKHORI,ITKHORI,Itkhori,-,-,-,-,-,-,24.30833333,85.16666667,25-05-2009 00:00,7.27,792,"",0,427,"",18,"","","","","",190,46,18,55,"","","","","","","","","","",""
695,Itkhori,CGWB,20,Jharkhand,323,CHATRA,ITKHORI,ITKHORI,Itkhori,-,-,-,-,-,-,24.30833333,85.16666667,25-05-2010 00:00,7.3,420,"",0,203,"",18,"","","","","",145,26,19,25,"","","","","","","","","","",""
696,Itkhori,CGWB,20,Jharkhand,323,CHATRA,ITKHORI,ITKHORI,Itkhori,-,-,-,-,-,-,24.30833333,85.16666667,25-05-2011 00:00,7.3,657,"",0,344.4,"",17.72,"","","","","",210,38,27.94,38.9,"","","","","","","","","","",""
697,Itkhori,CGWB,20,Jharkhand,323,CHATRA,ITKHORI,ITKHORI,Itkhori,-,-,-,-,-,-,24.30833333,85.16666667,25-05-2013 00:00,7.24,751,"",0,479,"",32,"",0,"","","",300,40,48.67,40,"","","","","","","","","","",""
698,Itkhori1,CGWB,20,Jharkhand,323,CHATRA,ITKHORI,ITKHORI,Itkhori,-,-,-,-,-,-,24.30972222,85.16833333,25-05-2012 00:00,7.58,754,"",0,488,"",35,"",0,"","","",300,40,48.67,42,"","","","","","","","","","",""
699,Jainagar,CGWB,20,Jharkhand,334,KODARMA,JAINAGAR,JAINAGAR,Jainagar,-,-,-,-,-,-,24.37500000,85.64444444,30-05-2019 08:00,8.24,1609,417.95,0,166.05,"",296,"",78.19,"","","",590,90,88.695,89.07,"","","","","","","","","","",""
700,Jainagar,CGWB,20,Jharkhand,334,KODARMA,JAINAGAR,JAINAGAR,Jainagar,-,-,-,-,-,-,24.37500000,85.64444444,30-05-2020 08:00,8.24,1609,"","",166.05,"",296,"",78.19,"","","","",90,88.695,89.07,"","","","","","","","","","",""
701,Jaina More,CGWB,20,Jharkhand,322,BOKARO,JARIDIH,JARIDIH,Jaina More,-,-,-,-,-,-,23.71250000,86.08750000,25-05-2003 00:00,7.97,1187,"","","","","","","","","","","","","","","","","","","","","","","","",""
702,Jaina More,CGWB,20,Jharkhand,322,BOKARO,JARIDIH,JARIDIH,Jaina More,-,-,-,-,-,-,23.71250000,86.08750000,25-05-2004 00:00,7.92,1200,"",0,287,"",153,"","","","","",380,92,36.58,88,"","","","","","","","","","",""
703,Jaina More,CGWB,20,Jharkhand,322,BOKARO,JARIDIH,JARIDIH,Jaina More,-,-,-,-,-,-,23.71250000,86.08750000,25-05-2005 00:00,8.19,1220,"",0,287,"",178,"","","","","",400,108,31.74,92,"","","","","","","","","","",""
704,Jaina More,CGWB,20,Jharkhand,322,BOKARO,JARIDIH,JARIDIH,Jaina More,-,-,-,-,-,-,23.71250000,86.08750000,25-05-2007 00:00,7.79,1030,"","",238,195.1,153,"","","","","",325,78,31.7,81,"","","","","","","","","","",""
705,Jaina More,CGWB,20,Jharkhand,322,BOKARO,JARIDIH,JARIDIH,Jaina More,-,-,-,-,-,-,23.71250000,86.08750000,25-05-2008 00:00,6.82,1400,"",0,244,"",178,"","","","","",450,112,41,104,"","","","","","","","","","",""
706,Jaina More,CGWB,20,Jharkhand,322,BOKARO,JARIDIH,JARIDIH,Jaina More,-,-,-,-,-,-,23.71250000,86.08750000,25-05-2009 00:00,8.17,1940,"",0,372,"",280,"","","","","",495,82,70,235,"","","","","","","","","","",""
707,Jaina More,CGWB,20,Jharkhand,322,BOKARO,JARIDIH,JARIDIH,Jaina More,-,-,-,-,-,-,23.71250000,86.08750000,25-05-2010 00:00,7.8,1055,"",0,80,"",163,"","","","","",420,90,47.4,48,"","","","","","","","","","",""
708,Jaina More,CGWB,20,Jharkhand,322,BOKARO,JARIDIH,JARIDIH,Jaina More,-,-,-,-,-,-,23.71250000,86.08750000,25-05-2011 00:00,7.16,1421,"",0,80,"",163,"","","","","",420,90,47.4,48,"","","","","","","","","","",""
709,Jaina More,CGWB,20,Jharkhand,322,BOKARO,JARIDIH,JARIDIH,Jaina More,-,-,-,-,-,-,23.71250000,86.08750000,25-05-2012 00:00,7.8,600,"",0,171,"",57,"",58,"","","",200,48,19.51,42,"","","","","","","","","","",""
710,Jaina More,CGWB,20,Jharkhand,322,BOKARO,JARIDIH,JARIDIH,Jaina More,-,-,-,-,-,-,23.71250000,86.08750000,25-05-2013 00:00,8.24,611,"",0,171,"",57,"",60,"","","",200,48,19.51,43,"","","","","","","","","","",""
711,Jaina More,CGWB,20,Jharkhand,322,BOKARO,JARIDIH,JARIDIH,Jaina More,-,-,-,-,-,-,23.71250000,86.08750000,30-05-2019 08:00,8.02,924,423.15,"",246,"",84.223,"",59.246,"","","",288.49796,68,28.795,59.551,"","","","","","","","","","",""
712,Jaina More,CGWB,20,Jharkhand,322,BOKARO,JARIDIH,JARIDIH,Jaina More,-,-,-,-,-,-,23.71250000,86.08750000,30-05-2020 08:00,8.02,924,"","",246,"",84.223,"",59.246,"","","","",68,28.795,59.551,"","","","","","","","","","",""
713,Jaina More,CGWB,20,Jharkhand,322,BOKARO,JARIDIH,JARIDIH,Jaina More,-,-,-,-,-,-,23.71250000,86.08750000,30-05-2021 08:00,7.5,1425,926.25,0,567.666,"",144.95505,"",8,"","","",580,96,82.688,55,"","","","","","","","","","",""
714,Jaldega,CGWB,20,Jharkhand,331,GUMLA,JALDEGA,JALDEGA,Jaldega,-,-,-,-,-,-,22.57222222,84.81888889,25-05-2003 00:00,6.97,423,"","","","","","","","","","","","","","","","","","","","","","","","",""
715,Jaldega,CGWB,20,Jharkhand,331,GUMLA,JALDEGA,JALDEGA,Jaldega,-,-,-,-,-,-,22.57222222,84.81888889,25-05-2007 00:00,8.05,539,"","",353.8,290,67.4,"","","","","",210,48,21.94,34,"","","","","","","","","","",""
716,Jaldega,CGWB,20,Jharkhand,331,GUMLA,JALDEGA,JALDEGA,Jaldega,-,-,-,-,-,-,22.57222222,84.81888889,25-05-2008 00:00,7.64,390,"",0,146,"",39,"","","","","",155,38,15,19,"","","","","","","","","","",""
717,Jaldega,CGWB,20,Jharkhand,331,GUMLA,JALDEGA,JALDEGA,Jaldega,-,-,-,-,-,-,22.57222222,84.81888889,25-05-2009 00:00,7.83,624,"",0,165,"",75,"","","","","",190,42,21,61,"","","","","","","","","","",""
718,Jaldega,CGWB,20,Jharkhand,331,GUMLA,JALDEGA,JALDEGA,Jaldega,-,-,-,-,-,-,22.57222222,84.81888889,25-05-2010 00:00,8.3,493,"",36,91,"",71,"","","","","",195,52,16,22,"","","","","","","","","","",""
719,Jaldega,CGWB,20,Jharkhand,331,GUMLA,JALDEGA,JALDEGA,Jaldega,-,-,-,-,-,-,22.57222222,84.81888889,25-05-2012 00:00,8.15,740,"",0,182,"",114,"",48,"","","",260,76,17.11,50,"","","","","","","","","","",""
720,Jaldega,CGWB,20,Jharkhand,331,GUMLA,JALDEGA,JALDEGA,Jaldega,-,-,-,-,-,-,22.57222222,84.81888889,30-05-2019 08:00,8.3,286,115.05,"",30.5,"",81.65,"",0,"","","",130,44,4.86,5.4,"","","","","","","","","","",""
721,Jaldega,CGWB,20,Jharkhand,331,GUMLA,JALDEGA,JALDEGA,Jaldega,-,-,-,-,-,-,22.57222222,84.81888889,30-05-2020 08:00,8.3,286,"","",30.5,"",81.65,"",0,"","","","",44,4.86,5.4,"","","","","","","","","","",""
722,Jaltanda,CGWB,20,Jharkhand,339,RANCHI,KHUNTI,KHUNTI,Jaltanda,-,-,-,-,-,-,23.12305556,85.20333333,30-05-2019 08:00,8,125,52.65,"",22.1,"",31.95,"",0.21,"","","",45,12,3.645,8.3,"","","","","","","","","","",""
723,Jaltanda,CGWB,20,Jharkhand,339,RANCHI,KHUNTI,KHUNTI,Jaltanda,-,-,-,-,-,-,23.12305556,85.20333333,30-05-2020 08:00,8,125,"","",22.1,"",31.95,"",0.21,"","","","",12,3.645,8.3,"","","","","","","","","","",""
724,Jama1,CGWB,20,Jharkhand,326,DUMKA,JAMA,JAMA,Jama,-,-,-,-,-,-,24.34722222,87.15277778,25-05-2002 00:00,8.1,411,"","","","","","","","","","","","","","","","","","","","","","","","",""
725,Jama1,CGWB,20,Jharkhand,326,DUMKA,JAMA,JAMA,Jama,-,-,-,-,-,-,24.34722222,87.15277778,25-05-2003 00:00,7.35,402,"","","","","","","","","","","","","","","","","","","","","","","","",""
726,Jama1,CGWB,20,Jharkhand,326,DUMKA,JAMA,JAMA,Jama,-,-,-,-,-,-,24.34722222,87.15277778,25-05-2004 00:00,8.23,395,"",0,73,"",39,"","","","","",100,28,7.33,34,"","","","","","","","","","",""
727,Jama1,CGWB,20,Jharkhand,326,DUMKA,JAMA,JAMA,Jama,-,-,-,-,-,-,24.34722222,87.15277778,25-05-2005 00:00,8.35,520,"",3,171,"",43,"","","","","",195,38,24.36,26,"","","","","","","","","","",""
728,Jama1,CGWB,20,Jharkhand,326,DUMKA,JAMA,JAMA,Jama,-,-,-,-,-,-,24.34722222,87.15277778,25-05-2006 00:00,8.18,510,"",0,183,"",36,"","","","","",190,48,17.08,23,"","","","","","","","","","",""
729,Jama1,CGWB,20,Jharkhand,326,DUMKA,JAMA,JAMA,Jama,-,-,-,-,-,-,24.34722222,87.15277778,25-05-2008 00:00,8.15,550,"",0,171,"",60,"","","","","",210,50,21,24,"","","","","","","","","","",""
730,Jama1,CGWB,20,Jharkhand,326,DUMKA,JAMA,JAMA,Jama,-,-,-,-,-,-,24.34722222,87.15277778,25-05-2009 00:00,8.28,630,"",0,183,"",57,"","","","","",200,56,15,46,"","","","","","","","","","",""
731,Jama1,CGWB,20,Jharkhand,326,DUMKA,JAMA,JAMA,Jama,-,-,-,-,-,-,24.34722222,87.15277778,25-05-2010 00:00,7.4,455,"",0,183,"",35,"","","","","",165,42,15,31,"","","","","","","","","","",""
732,Jama1,CGWB,20,Jharkhand,326,DUMKA,JAMA,JAMA,Jama,-,-,-,-,-,-,24.34722222,87.15277778,25-05-2011 00:00,7.73,466,"",0,207,"",39,"","","","","",190,32,27,14,"","","","","","","","","","",""
733,Jama1,CGWB,20,Jharkhand,326,DUMKA,JAMA,JAMA,Jama,-,-,-,-,-,-,24.34722222,87.15277778,25-05-2013 00:00,8.11,585,"",0,293,"",50,"",0,"","","",230,36,34,44,"","","","","","","","","","",""
734,Jamatara,CGWB,20,Jharkhand,326,DUMKA,JAMTARA,JAMTARA,Jamatara,-,-,-,-,-,-,23.95833333,86.79861111,25-05-2002 00:00,8.01,1220,"","","","","","","","","","","","","","","","","","","","","","","","",""
735,Jamatara,CGWB,20,Jharkhand,326,DUMKA,JAMTARA,JAMTARA,Jamatara,-,-,-,-,-,-,23.95833333,86.79861111,25-05-2003 00:00,7.68,1300,"","","","","","","","","","","","","","","","","","","","","","","","",""
736,Jamatara,CGWB,20,Jharkhand,326,DUMKA,JAMTARA,JAMTARA,Jamatara,-,-,-,-,-,-,23.95833333,86.79861111,25-05-2004 00:00,8.09,530,"",0,165,"",43,"","","","","",190,40,21.93,30,"","","","","","","","","","",""
737,Jamatara,CGWB,20,Jharkhand,326,DUMKA,JAMTARA,JAMTARA,Jamatara,-,-,-,-,-,-,23.95833333,86.79861111,25-05-2005 00:00,8.21,1400,"",0,134,"",249,"","","","","",445,66,68.16,110,"","","","","","","","","","",""
738,Jamatara,CGWB,20,Jharkhand,326,DUMKA,JAMTARA,JAMTARA,Jamatara,-,-,-,-,-,-,23.95833333,86.79861111,25-05-2009 00:00,7.32,1100,"",0,122,"",213,"","","","","",350,92,29,81,"","","","","","","","","","",""
739,Jamdih,CGWB,20,Jharkhand,343,PASHCHIMI SINGHBHUM,NIMDIH,NIMDIH,Jamdih,-,-,-,-,-,-,22.98611111,86.14388889,25-05-2012 00:00,8.52,560,"",24,183,"",78,"",0,"","","",220,60,17.09,40,"","","","","","","","","","",""
740,Jamshedpur,CGWB,20,Jharkhand,327,PURBI SINGHBHUM,CHAKULIA,CHAKULIA,Jamshedpur,-,-,-,-,-,-,22.47500000,86.72500000,25-05-2002 00:00,7.58,1300,"",0,366,"",227,"","","","","",400,60,60.86,80,"","","","","","","","","","",""
741,Jamshedpur,CGWB,20,Jharkhand,327,PURBI SINGHBHUM,CHAKULIA,CHAKULIA,Jamshedpur,-,-,-,-,-,-,22.47500000,86.72500000,25-05-2003 00:00,7.36,830,"","","","","","","","","","","","","","","","","","","","","","","","",""
742,Jamshedpur,CGWB,20,Jharkhand,327,PURBI SINGHBHUM,CHAKULIA,CHAKULIA,Jamshedpur,-,-,-,-,-,-,22.47500000,86.72500000,25-05-2008 00:00,7.98,910,"",0,183,"",142,"","","","","",290,76,24,69,"","","","","","","","","","",""
743,Jamshedpur,CGWB,20,Jharkhand,327,PURBI SINGHBHUM,CHAKULIA,CHAKULIA,Jamshedpur,-,-,-,-,-,-,22.47500000,86.72500000,25-05-2009 00:00,7.08,720,"",0,146,"",114,"","","","","",300,82,23,18,"","","","","","","","","","",""
744,Jamshedpur,CGWB,20,Jharkhand,327,PURBI SINGHBHUM,CHAKULIA,CHAKULIA,Jamshedpur,-,-,-,-,-,-,22.47500000,86.72500000,25-05-2011 00:00,7.12,533,"",0,147.6,"",88.62,"","","","","",170,36,19.44,38,"","","","","","","","","","",""
745,Jamua pwd ib,CGWB,20,Jharkhand,329,GIRIDIH,JAMUA,JAMUA,Jamua pwd ib,-,-,-,-,-,-,24.37361111,86.15000000,25-05-2002 00:00,8.1,672,"","","","","","","","","","","","","","","","","","","","","","","","",""
746,Jamua pwd ib,CGWB,20,Jharkhand,329,GIRIDIH,JAMUA,JAMUA,Jamua pwd ib,-,-,-,-,-,-,24.37361111,86.15000000,25-05-2003 00:00,7.87,521,"","","","","","","","","","","","","","","","","","","","","","","","",""
747,Jamua pwd ib,CGWB,20,Jharkhand,329,GIRIDIH,JAMUA,JAMUA,Jamua pwd ib,-,-,-,-,-,-,24.37361111,86.15000000,25-05-2006 00:00,7.67,750,"",0,195,"",99,"","","","","",290,86,18.34,30,"","","","","","","","","","",""
748,Jamua pwd ib,CGWB,20,Jharkhand,329,GIRIDIH,JAMUA,JAMUA,Jamua pwd ib,-,-,-,-,-,-,24.37361111,86.15000000,25-05-2012 00:00,7.8,440,"",0,98,"",57,"",40,"","","",195,52,15.87,6.9,"","","","","","","","","","",""
749,Jamua pwd ib,CGWB,20,Jharkhand,329,GIRIDIH,JAMUA,JAMUA,Jamua pwd ib,-,-,-,-,-,-,24.37361111,86.15000000,25-05-2013 00:00,7.6,450,"",0,98,"",57,"",40,"","","",195,52,16,6.9,"","","","","","","","","","",""
750,Japla,CGWB,20,Jharkhand,338,PALAMAU,HUSSAINABAD,HUSSAINABAD,Japla,-,-,-,-,-,-,24.41666667,83.87500000,25-05-2004 00:00,7.52,990,"",0,338,"",178,"","","","","",310,76,29.27,96,"","","","","","","","","","",""
751,Japla,CGWB,20,Jharkhand,338,PALAMAU,HUSSAINABAD,HUSSAINABAD,Japla,-,-,-,-,-,-,24.41666667,83.87500000,25-05-2011 00:00,7.66,746,"",0,307,"",14.1,"","","","","",100,16,15,112,"","","","","","","","","","",""
752,Jarmundi db.ib,CGWB,20,Jharkhand,326,DUMKA,JARMUNDI,JARMUNDI,Jarmundi db.ib,-,-,-,-,-,-,24.38472222,87.07083333,25-05-2004 00:00,7.89,750,"",0,134,"",124,"","","","","",270,62,28.04,40,"","","","","","","","","","",""
753,Jarmundi db.ib,CGWB,20,Jharkhand,326,DUMKA,JARMUNDI,JARMUNDI,Jarmundi db.ib,-,-,-,-,-,-,24.38472222,87.07083333,25-05-2005 00:00,8.29,670,"",0,152,"",99,"","","","","",275,64,28.04,23,"","","","","","","","","","",""
754,Jarmundi db.ib,CGWB,20,Jharkhand,326,DUMKA,JARMUNDI,JARMUNDI,Jarmundi db.ib,-,-,-,-,-,-,24.38472222,87.07083333,25-05-2012 00:00,8,838,"",0,342,"",120,"",0,"","","",320,76,31,71,"","","","","","","","","","",""
755,Jasaydih,CGWB,20,Jharkhand,326,DUMKA,JAMTARA,JAMTARA,Jasaydih,-,-,-,-,-,-,24.06194444,86.70111111,30-05-2019 08:00,8.09,696,600.6,"",239.85,"",69.755,"","","","","",246,48.4,30.375,34.14,"","","","","","","","","","",""
756,Jasaydih,CGWB,20,Jharkhand,326,DUMKA,JAMTARA,JAMTARA,Jasaydih,-,-,-,-,-,-,24.06194444,86.70111111,30-05-2020 08:00,8.09,696,"","",239.85,"",69.755,"","","","","","",48.4,30.375,34.14,"","","","","","","","","","",""
757,Jasidih,CGWB,20,Jharkhand,324,DEOGHAR,DEOGHAR,DEOGHAR,Jasidih,-,-,-,-,-,-,24.51805556,86.65000000,25-05-2000 00:00,8.18,1641,"",0,220,"",252,"","","","","",230,56,22,155,"","","","","","","","","","",""
758,Jasidih,CGWB,20,Jharkhand,324,DEOGHAR,MADHUPUR,MADHUPUR,Jasidih,-,-,-,-,-,-,24.27916667,86.65000000,25-05-2002 00:00,7.61,1056,"","","","","","","","","","","","","","","","","","","","","","","","",""
759,Jasidih,CGWB,20,Jharkhand,324,DEOGHAR,MADHUPUR,MADHUPUR,Jasidih,-,-,-,-,-,-,24.27916667,86.65000000,25-05-2003 00:00,7.89,1302,"","","","","","","","","","","","","","","","","","","","","","","","",""
760,Jasidih,CGWB,20,Jharkhand,324,DEOGHAR,MADHUPUR,MADHUPUR,Jasidih,-,-,-,-,-,-,24.27916667,86.65000000,25-05-2004 00:00,8.23,1200,"",0,317,"",128,"","","","","",300,60,36.54,120,"","","","","","","","","","",""
761,Jasidih,CGWB,20,Jharkhand,324,DEOGHAR,MADHUPUR,MADHUPUR,Jasidih,-,-,-,-,-,-,24.27916667,86.65000000,25-05-2005 00:00,7.84,1150,"",0,317,"",135,"","","","","",340,46,54.76,104,"","","","","","","","","","",""
762,Jasidih,CGWB,20,Jharkhand,324,DEOGHAR,MADHUPUR,MADHUPUR,Jasidih,-,-,-,-,-,-,24.27916667,86.65000000,25-05-2008 00:00,7.78,1518,"",0,329,"",249,"","","","","",525,140,43,121,"","","","","","","","","","",""
763,Jasidih,CGWB,20,Jharkhand,324,DEOGHAR,MADHUPUR,MADHUPUR,Jasidih,-,-,-,-,-,-,24.27916667,86.65000000,25-05-2009 00:00,7.65,1550,"",0,134,"",302,"","","","","",325,92,23,196,"","","","","","","","","","",""
764,Jasidih,CGWB,20,Jharkhand,324,DEOGHAR,MADHUPUR,MADHUPUR,Jasidih,-,-,-,-,-,-,24.27916667,86.65000000,25-05-2010 00:00,7.4,1331,"",0,305,"",99,"","","","","",410,80,51.03,80,"","","","","","","","","","",""
765,Jasidih,CGWB,20,Jharkhand,324,DEOGHAR,MADHUPUR,MADHUPUR,Jasidih,-,-,-,-,-,-,24.27916667,86.65000000,25-05-2012 00:00,7.6,1457,"",0,457,"",177,"",34,"","","",470,68,72,94,"","","","","","","","","","",""
766,Jasidih,CGWB,20,Jharkhand,324,DEOGHAR,MADHUPUR,MADHUPUR,Jasidih,-,-,-,-,-,-,24.27916667,86.65000000,25-05-2013 00:00,8.04,1444,"",0,457,"",177,"",34,"","","",480,68,75.45,94,"","","","","","","","","","",""
767,Jharia,CGWB,20,Jharkhand,325,DHANBAD,JHARIA-JORAPOKHAR-SI,JHARIA-JORAPOKHAR-SI,Jharia,-,-,-,-,-,-,23.74166667,86.43333333,25-05-2000 00:00,8.2,733,"",0,201,"",85,"","","","","",120,32,9.7,78,"","","","","","","","","","",""
768,Jharia,CGWB,20,Jharkhand,325,DHANBAD,JHARIA-JORAPOKHAR-SI,JHARIA-JORAPOKHAR-SI,Jharia,-,-,-,-,-,-,23.74166667,86.43333333,25-05-2001 00:00,8.62,610,"",12,104,"",67,"","","","","",150,36,15,58,"","","","","","","","","","",""
769,Jharia,CGWB,20,Jharkhand,325,DHANBAD,JHARIA-JORAPOKHAR-SI,JHARIA-JORAPOKHAR-SI,Jharia,-,-,-,-,-,-,23.74166667,86.43333333,25-05-2002 00:00,7.85,646,"","","","","","","","","","","","","","","","","","","","","","","","",""
770,Jharia,CGWB,20,Jharkhand,325,DHANBAD,JHARIA-JORAPOKHAR-SI,JHARIA-JORAPOKHAR-SI,Jharia,-,-,-,-,-,-,23.74166667,86.43333333,25-05-2003 00:00,8.33,654,"","","","","","","","","","","","","","","","","","","","","","","","",""
771,Jharia,CGWB,20,Jharkhand,325,DHANBAD,JHARIA-JORAPOKHAR-SI,JHARIA-JORAPOKHAR-SI,Jharia,-,-,-,-,-,-,23.74166667,86.43333333,25-05-2004 00:00,8.42,600,"",18,134,"",50,"","","","","",165,46,12.21,52,"","","","","","","","","","",""
772,Jharia,CGWB,20,Jharkhand,325,DHANBAD,JHARIA-JORAPOKHAR-SI,JHARIA-JORAPOKHAR-SI,Jharia,-,-,-,-,-,-,23.74166667,86.43333333,25-05-2006 00:00,7.25,650,"",0,195,"",50,"","","","","",225,64,15.88,39,"","","","","","","","","","",""
773,Jharia,CGWB,20,Jharkhand,325,DHANBAD,JHARIA-JORAPOKHAR-SI,JHARIA-JORAPOKHAR-SI,Jharia,-,-,-,-,-,-,23.74166667,86.43333333,25-05-2007 00:00,7.31,650,"","",232,190.2,64,"","","","","",180,46,15.86,55,"","","","","","","","","","",""
774,Jharia,CGWB,20,Jharkhand,325,DHANBAD,JHARIA-JORAPOKHAR-SI,JHARIA-JORAPOKHAR-SI,Jharia,-,-,-,-,-,-,23.74166667,86.43333333,25-05-2011 00:00,8.15,577,"",0,159.9,"",49.63,"","","","","",175,24,27.94,37.11,"","","","","","","","","","",""
775,Jharia,CGWB,20,Jharkhand,325,DHANBAD,JHARIA-JORAPOKHAR-SI,JHARIA-JORAPOKHAR-SI,Jharia,-,-,-,-,-,-,23.74166667,86.43333333,25-05-2012 00:00,7.8,650,"",0,232,"",50,"",48,"","","",170,52,9.79,65,"","","","","","","","","","",""
776,Jharia,CGWB,20,Jharkhand,325,DHANBAD,JHARIA-JORAPOKHAR-SI,JHARIA-JORAPOKHAR-SI,Jharia,-,-,-,-,-,-,23.74166667,86.43333333,25-05-2013 00:00,7.55,654,"",0,232,"",53,"",51,"","","",170,52,10,66,"","","","","","","","","","",""
777,Jharia,CGWB,20,Jharkhand,325,DHANBAD,JHARIA-JORAPOKHAR-SI,JHARIA-JORAPOKHAR-SI,Jharia,-,-,-,-,-,-,23.74166667,86.43333333,30-05-2019 08:00,8.06,760,592.15,"",233.7,"",60.55,"",73.973,"","","",224.5456,49.624,24.418,49.291,"","","","","","","","","","",""
778,Jharia,CGWB,20,Jharkhand,325,DHANBAD,JHARIA-JORAPOKHAR-SI,JHARIA-JORAPOKHAR-SI,Jharia,-,-,-,-,-,-,23.74166667,86.43333333,30-05-2020 08:00,8.06,760,"","",233.7,"",60.55,"",73.973,"","","","",49.624,24.418,49.291,"","","","","","","","","","",""
779,Jhinkpani,CGWB,20,Jharkhand,343,PASHCHIMI SINGHBHUM,JHINKPANI,JHINKPANI,Jhinkpani,-,-,-,-,-,-,22.41666667,85.77361111,25-05-2002 00:00,7.99,1200,"",0,4.64,"",149,"","","","","",380,68,51.14,78,"","","","","","","","","","",""
780,Jhinkpani,CGWB,20,Jharkhand,343,PASHCHIMI SINGHBHUM,JHINKPANI,JHINKPANI,Jhinkpani,-,-,-,-,-,-,22.41666667,85.77361111,25-05-2004 00:00,7.09,1310,"",0,374,"",170,"","","","","",378,90,37,140,"","","","","","","","","","",""
781,Jhinkpani,CGWB,20,Jharkhand,343,PASHCHIMI SINGHBHUM,JHINKPANI,JHINKPANI,Jhinkpani,-,-,-,-,-,-,22.41666667,85.77361111,25-05-2007 00:00,7.85,1214,"","",476,390.2,145.5,"","","","","",220,28,36.4,155,"","","","","","","","","","",""
782,Jhinkpani,CGWB,20,Jharkhand,343,PASHCHIMI SINGHBHUM,JHINKPANI,JHINKPANI,Jhinkpani,-,-,-,-,-,-,22.41666667,85.77361111,25-05-2012 00:00,8.04,780,"",0,146,"",149,"",0,"","","",220,36,31.65,34,"","","","","","","","","","",""
783,Jhinkpani,CGWB,20,Jharkhand,343,PASHCHIMI SINGHBHUM,JHINKPANI,JHINKPANI,Jhinkpani,-,-,-,-,-,-,22.41666667,85.77361111,25-05-2013 00:00,7.95,775,"",0,153,"",149,"",0,"","","",220,36,31,31,"","","","","","","","","","",""
784,Jhinkpani,CGWB,20,Jharkhand,343,PASHCHIMI SINGHBHUM,JHINKPANI,JHINKPANI,Jhinkpani,-,-,-,-,-,-,22.41666667,85.77361111,30-05-2019 08:00,8,1842,532.35,0,311,"",234,"",201,"","","",322,86,32,189,"","","","","","","","","","",""
785,Jhinkpani,CGWB,20,Jharkhand,343,PASHCHIMI SINGHBHUM,JHINKPANI,JHINKPANI,Jhinkpani,-,-,-,-,-,-,22.41666667,85.77361111,30-05-2020 08:00,8,1842,"",0,311,"",234,"",201,"","","","",86,32,189,"","","","","","","","","","",""
786,Jobra,CGWB,20,Jharkhand,339,RANCHI,KHUNTI,KHUNTI,Jobra,-,-,-,-,-,-,23.06777778,85.15083333,30-05-2019 08:00,8.1,411,85.15,"",77.8,"",63.9,"",19,"","","",185,50,14.58,8.9,"","","","","","","","","","",""
787,Jobra,CGWB,20,Jharkhand,339,RANCHI,KHUNTI,KHUNTI,Jobra,-,-,-,-,-,-,23.06777778,85.15083333,30-05-2020 08:00,8.1,411,"","",77.8,"",63.9,"",19,"","","","",50,14.58,8.9,"","","","","","","","","","",""
788,Jonha,CGWB,20,Jharkhand,339,RANCHI,ANGARA,ANGARA,Jonha,-,-,-,-,-,-,23.36944444,85.62166667,25-05-2012 00:00,7.01,350,"",0,160,"",14,"",4,"","","",160,35,17.67,26,"","","","","","","","","","",""
789,Jonha,CGWB,20,Jharkhand,339,RANCHI,ANGARA,ANGARA,Jonha,-,-,-,-,-,-,23.36944444,85.62166667,25-05-2013 00:00,7.12,295,"",0,360,"",20,"",8,"","","",110,34,7,11,"","","","","","","","","","",""
790,Jonha,CGWB,20,Jharkhand,339,RANCHI,ANGARA,ANGARA,Jonha,-,-,-,-,-,-,23.36944444,85.62166667,30-05-2019 08:00,7.95,290,324.35,"",134.8,"",7.44,"",9.8,"","","",85,24,6.075,23.9,"","","","","","","","","","",""
791,Jonha,CGWB,20,Jharkhand,339,RANCHI,ANGARA,ANGARA,Jonha,-,-,-,-,-,-,23.36944444,85.62166667,30-05-2020 08:00,7.95,290,"","",134.8,"",7.44,"",9.8,"","","","",24,6.075,23.9,"","","","","","","","","","",""
792,Jonha,CGWB,20,Jharkhand,339,RANCHI,ANGARA,ANGARA,Jonha,-,-,-,-,-,-,23.36944444,85.62166667,30-05-2021 08:00,7.39,947,615.55,0,329.4,"",87.49755,"",41,"","","",315,68,35.264,67,"","","","","","","","","","",""
793,Jumu,CGWB,20,Jharkhand,606,Khunti,-,-,-,-,-,-,-,-,-,23.00752800,85.10080600,30-05-2019 08:00,7.5,547,53.95,"",140.1,"",99.4,"",1.9,"","","",190,62,8.505,37,"","","","","","","","","","",""
794,Jumu,CGWB,20,Jharkhand,606,Khunti,-,-,-,-,-,-,-,-,-,23.00752800,85.10080600,30-05-2020 08:00,7.5,547,"","",140.1,"",99.4,"",1.9,"","","","",62,8.505,37,"","","","","","","","","","",""
795,Kaitha,CGWB,20,Jharkhand,332,HAZARIBAG,RAMGARH,RAMGARH,Kaitha,-,-,-,-,-,-,23.60805556,85.53944444,30-05-2019 08:00,8.19,615,297.05,"",184.5,"",80.049,"",31.36,"","","",195,58,12.15,42.61,"","","","","","","","","","",""
796,Kaitha,CGWB,20,Jharkhand,332,HAZARIBAG,RAMGARH,RAMGARH,Kaitha,-,-,-,-,-,-,23.60805556,85.53944444,30-05-2020 08:00,8.19,615,"","",184.5,"",80.049,"",31.36,"","","","",58,12.15,42.61,"","","","","","","","","","",""
797,Kaitha,CGWB,20,Jharkhand,332,HAZARIBAG,RAMGARH,RAMGARH,Kaitha,-,-,-,-,-,-,23.60805556,85.53944444,30-05-2021 08:00,7.28,969,629.85,0,362.34,"",86.598145,"",24,0.12,"","",323.232,74.7474,33.163605,70,"","","","","","","","","","",""
798,Kajri,CGWB,20,Jharkhand,338,PALAMAU,PATAN,PATAN,Kajri,-,-,-,-,-,-,24.07916667,84.15833333,25-05-2008 00:00,7.9,620,"",0,305,"",14,"","","","","",260,72,19,16,"","","","","","","","","","",""
799,Kajri,CGWB,20,Jharkhand,338,PALAMAU,PATAN,PATAN,Kajri,-,-,-,-,-,-,24.07916667,84.15833333,25-05-2009 00:00,7.12,527,"",0,85,"",67,"","","","","",140,34,13,60,"","","","","","","","","","",""
800,Kajri,CGWB,20,Jharkhand,338,PALAMAU,PATAN,PATAN,Kajri,-,-,-,-,-,-,24.07916667,84.15833333,25-05-2010 00:00,8.3,480,"",24,226,"",7.1,"","","","","",205,16,40,17,"","","","","","","","","","",""
801,Kajri,CGWB,20,Jharkhand,338,PALAMAU,PATAN,PATAN,Kajri,-,-,-,-,-,-,24.07916667,84.15833333,25-05-2011 00:00,8.52,480,"",24,226,"",7.1,"","","","","",205,16,40,17,"","","","","","","","","","",""
802,Kajri,CGWB,20,Jharkhand,338,PALAMAU,PATAN,PATAN,Kajri,-,-,-,-,-,-,24.07916667,84.15833333,25-05-2012 00:00,8.5,340,"",6,146,"",28,"",30,"","","",15,"",19,26,"","","","","","","","","","",""
803,Kalapathar,CGWB,20,Jharkhand,327,PURBI SINGHBHUM,CHAKULIA,CHAKULIA,Kalapathar,-,-,-,-,-,-,22.47222222,86.72388889,30-05-2021 08:00,7.08,103,"",0,11.5,"",15.31,"",1.39,0,"","",28.5,6.05,3.28,12.77,"","","","","","","","","","",""
804,Kalikapur,CGWB,20,Jharkhand,327,PURBI SINGHBHUM,POTKA,POTKA,Kalikapur,-,-,-,-,-,-,22.59583333,86.29083333,25-05-2003 00:00,8.16,1743,"","","","","","","","","","","","","","","","","","","","","","","","",""
805,Kalikapur,CGWB,20,Jharkhand,327,PURBI SINGHBHUM,POTKA,POTKA,Kalikapur,-,-,-,-,-,-,22.59583333,86.29083333,25-05-2005 00:00,7.35,1700,"",0,293,"",341,"","","","","",515,118,53.63,140,"","","","","","","","","","",""
806,Kalikapur,CGWB,20,Jharkhand,327,PURBI SINGHBHUM,POTKA,POTKA,Kalikapur,-,-,-,-,-,-,22.59583333,86.29083333,25-05-2006 00:00,7.1,1790,"",0,369,"",327,"",120,"","","",657,185,47.51,115,"","","","","","","","","","",""
807,Kalikapur,CGWB,20,Jharkhand,327,PURBI SINGHBHUM,POTKA,POTKA,Kalikapur,-,-,-,-,-,-,22.59583333,86.29083333,25-05-2007 00:00,7.96,1810,"","",238,195.1,408.2,"","","","","",520,100,65.6,158,"","","","","","","","","","",""
808,Kalikapur,CGWB,20,Jharkhand,327,PURBI SINGHBHUM,POTKA,POTKA,Kalikapur,-,-,-,-,-,-,22.59583333,86.29083333,25-05-2009 00:00,8.45,2250,"",18,342,"",391,"","","","","",395,118,24,299,"","","","","","","","","","",""
809,Kalikapur,CGWB,20,Jharkhand,327,PURBI SINGHBHUM,POTKA,POTKA,Kalikapur,-,-,-,-,-,-,22.59583333,86.29083333,30-05-2019 08:00,8,559,749.45,0,37,"",16,"",8,"","","",34,88,37,18.96,"","","","","","","","","","",""
810,Kalikapur,CGWB,20,Jharkhand,327,PURBI SINGHBHUM,POTKA,POTKA,Kalikapur,-,-,-,-,-,-,22.59583333,86.29083333,30-05-2020 08:00,8,559,"",0,37,"",16,"",8,"","","","",88,37,18.96,"","","","","","","","","","",""
811,Kalimati,CGWB,20,Jharkhand,339,RANCHI,KARRA,KARRA,Kalimati,-,-,-,-,-,-,23.22083333,85.07222222,25-05-2003 00:00,7.93,164,"","","","","","","","","","","","","","","","","","","","","","","","",""
812,Kalimati,CGWB,20,Jharkhand,339,RANCHI,KARRA,KARRA,Kalimati,-,-,-,-,-,-,23.22083333,85.07222222,25-05-2006 00:00,7.75,170,"",0,20,"",24,"",25,"","","",41,10,3.9,19,"","","","","","","","","","",""
813,Kalimati,CGWB,20,Jharkhand,339,RANCHI,KARRA,KARRA,Kalimati,-,-,-,-,-,-,23.22083333,85.07222222,25-05-2012 00:00,7.15,170,"",0,120,"",31,"",25,"","","",176,61,5.79,8,"","","","","","","","","","",""
814,Kalimati,CGWB,20,Jharkhand,339,RANCHI,KARRA,KARRA,Kalimati,-,-,-,-,-,-,23.22083333,85.07222222,25-05-2013 00:00,7.16,171,"",0,120,"",31,"",25,"","","",176,61,6,87,"","","","","","","","","","",""
815,Kanda,CGWB,20,Jharkhand,338,PALAMAU,CHHATARPUR,CHHATARPUR,Kanda,-,-,-,-,-,-,24.31250000,84.09166667,25-05-2004 00:00,7.84,1005,"",0,243,"",241,"","","","","",394,74,50.9,32,"","","","","","","","","","",""
816,Kanda,CGWB,20,Jharkhand,338,PALAMAU,CHHATARPUR,CHHATARPUR,Kanda,-,-,-,-,-,-,24.31250000,84.09166667,25-05-2008 00:00,8.94,480,"",30,159,"",14,"","","","","",100,20,12,55,"","","","","","","","","","",""
817,Kanda,CGWB,20,Jharkhand,338,PALAMAU,CHHATARPUR,CHHATARPUR,Kanda,-,-,-,-,-,-,24.31250000,84.09166667,25-05-2009 00:00,7.23,624,"",0,281,"",25,"","","","","",160,34,18,74,"","","","","","","","","","",""
818,Kanda,CGWB,20,Jharkhand,338,PALAMAU,CHHATARPUR,CHHATARPUR,Kanda,-,-,-,-,-,-,24.31250000,84.09166667,25-05-2010 00:00,8.3,612,"",36,287,"",7.1,"","","","","",185,20,33,53,"","","","","","","","","","",""
819,Kanda,CGWB,20,Jharkhand,338,PALAMAU,CHHATARPUR,CHHATARPUR,Kanda,-,-,-,-,-,-,24.31250000,84.09166667,25-05-2011 00:00,8.49,612,"",36,287,"",7.1,"","","","","",185,20,33,53,"","","","","","","","","","",""
820,Kanda,CGWB,20,Jharkhand,338,PALAMAU,CHHATARPUR,CHHATARPUR,Kanda,-,-,-,-,-,-,24.31250000,84.09166667,25-05-2012 00:00,7.62,620,"",0,342,"",21,"",15,"","","",210,64,12,62,"","","","","","","","","","",""
821,Kandra,CGWB,20,Jharkhand,343,PASHCHIMI SINGHBHUM,ADITYAPUR(GAMHARIA),ADITYAPUR(GAMHARIA),Kandra,-,-,-,-,-,-,22.85833333,86.05833333,25-05-2003 00:00,6.94,1582,"","","","","","","","","","","","","","","","","","","","","","","","",""
822,Kandra,CGWB,20,Jharkhand,343,PASHCHIMI SINGHBHUM,ADITYAPUR(GAMHARIA),ADITYAPUR(GAMHARIA),Kandra,-,-,-,-,-,-,22.85833333,86.05833333,25-05-2004 00:00,6.97,1660,"",0,195,"",312,"","","","","",766,221,52,122,"","","","","","","","","","",""
823,Kandra,CGWB,20,Jharkhand,343,PASHCHIMI SINGHBHUM,ADITYAPUR(GAMHARIA),ADITYAPUR(GAMHARIA),Kandra,-,-,-,-,-,-,22.85833333,86.05833333,25-05-2005 00:00,7.9,1330,"",0,207,"",174,"","","","","",545,120,59.71,50,"","","","","","","","","","",""
824,Kandra,CGWB,20,Jharkhand,343,PASHCHIMI SINGHBHUM,ADITYAPUR(GAMHARIA),ADITYAPUR(GAMHARIA),Kandra,-,-,-,-,-,-,22.85833333,86.05833333,25-05-2006 00:00,7.02,1510,"",0,224,"",213,"",98,"","","",700,210,42.8,39,"","","","","","","","","","",""
825,Kandra,CGWB,20,Jharkhand,343,PASHCHIMI SINGHBHUM,ADITYAPUR(GAMHARIA),ADITYAPUR(GAMHARIA),Kandra,-,-,-,-,-,-,22.85833333,86.05833333,25-05-2007 00:00,8.2,392,"","",341,279.5,21.3,"","","","","",170,32,21.92,13,"","","","","","","","","","",""
826,Kandra,CGWB,20,Jharkhand,343,PASHCHIMI SINGHBHUM,ADITYAPUR(GAMHARIA),ADITYAPUR(GAMHARIA),Kandra,-,-,-,-,-,-,22.85833333,86.05833333,25-05-2009 00:00,7.28,1700,"",0,195,"",277,"","","","","",740,202,57,46,"","","","","","","","","","",""
827,Kandra,CGWB,20,Jharkhand,343,PASHCHIMI SINGHBHUM,ADITYAPUR(GAMHARIA),ADITYAPUR(GAMHARIA),Kandra,-,-,-,-,-,-,22.85833333,86.05833333,25-05-2010 00:00,8.3,1803,"","",183,"",259,"","","","","",755,226,46,58,"","","","","","","","","","",""
828,Kandra,CGWB,20,Jharkhand,343,PASHCHIMI SINGHBHUM,ADITYAPUR(GAMHARIA),ADITYAPUR(GAMHARIA),Kandra,-,-,-,-,-,-,22.85833333,86.05833333,30-05-2019 08:00,7.8,833,242.45,0,221,"",57,"",2,"","","",279,82,27,19.79,"","","","","","","","","","",""
829,Kandra,CGWB,20,Jharkhand,343,PASHCHIMI SINGHBHUM,ADITYAPUR(GAMHARIA),ADITYAPUR(GAMHARIA),Kandra,-,-,-,-,-,-,22.85833333,86.05833333,30-05-2020 08:00,7.8,833,"",0,221,"",57,"",2,"","","","",82,27,19.79,"","","","","","","","","","",""
830,Kanhari Road,CGWB,20,Jharkhand,332,HAZARIBAG,-,-,-,-,-,-,-,-,-,23.96305600,85.38194400,30-05-2021 08:00,7.62,612,397.8,0,237.9,"",47.49867,"",24,"","","",210,60,14.592,42,"","","","","","","","","","",""
831,Kanjgi,CGWB,20,Jharkhand,332,HAZARIBAG,MANDU,MANDU,Kanjgi,-,-,-,-,-,-,23.67972222,85.46138889,30-05-2019 08:00,8.13,615,769.6,"",153.75,"",53.74,"",27.84,"","","",215,52,20.655,45.072,"","","","","","","","","","",""
832,Kanjgi,CGWB,20,Jharkhand,332,HAZARIBAG,MANDU,MANDU,Kanjgi,-,-,-,-,-,-,23.67972222,85.46138889,30-05-2020 08:00,8.13,615,"","",153.75,"",53.74,"",27.84,"","","","",52,20.655,45.072,"","","","","","","","","","",""
833,Kanjgi,CGWB,20,Jharkhand,332,HAZARIBAG,MANDU,MANDU,Kanjgi,-,-,-,-,-,-,23.67972222,85.46138889,30-05-2021 08:00,7.81,922,599.3,0,368.379,"",99.969,"",4,0.1,"","",305,78,26.752,70,"","","","","","","","","","",""
834,Kanke1,CGWB,20,Jharkhand,339,RANCHI,KANKE,KANKE,Kanke,-,-,-,-,-,-,23.41472222,85.30666667,25-05-2012 00:00,7.13,370,"",0,160,"",62,"",0,"","","",196,59,11.86,14,"","","","","","","","","","",""
835,Kanke1,CGWB,20,Jharkhand,339,RANCHI,KANKE,KANKE,Kanke,-,-,-,-,-,-,23.41472222,85.30666667,30-05-2019 08:00,8.32,499,196.95,3,104.55,"",72.35,"",34.5,"","","",185,38,21.87,35.44,"","","","","","","","","","",""
836,Kanke1,CGWB,20,Jharkhand,339,RANCHI,KANKE,KANKE,Kanke,-,-,-,-,-,-,23.41472222,85.30666667,30-05-2020 08:00,8.32,499,"","",104.55,"",72.35,"",34.5,"","","","",38,21.87,35.44,"","","","","","","","","","",""
837,Kanke Chowk,CGWB,20,Jharkhand,339,RANCHI,-,-,-,-,-,-,-,-,-,23.43083300,85.33083300,30-05-2021 08:00,7.59,833,541.45,0,305,"",77.475975,"",18,0.12,"","",300,74,27.968,63,"","","","","","","","","","",""
838,Kantitanr,CGWB,20,Jharkhand,339,RANCHI,RATU,RATU,Kantitanr,-,-,-,-,-,-,23.41361111,85.22777778,25-05-2012 00:00,6.89,350,"",0,220,"",60,"",8,"","","",176,61,5.79,26,"","","","","","","","","","",""
839,Kantitanr,CGWB,20,Jharkhand,339,RANCHI,RATU,RATU,Kantitanr,-,-,-,-,-,-,23.41361111,85.22777778,25-05-2013 00:00,6.85,355,"",0,220,"",60,"",8,"","","",176,61,6,26,"","","","","","","","","","",""
840,Kantitanr,CGWB,20,Jharkhand,339,RANCHI,RATU,RATU,Kantitanr,-,-,-,-,-,-,23.41361111,85.22777778,30-05-2021 08:00,7.68,1021,663.65,0,446.886,"",74.22698,"",18,0.11,"","",222.222,46.4646,25.793913,142,"","","","","","","","","","",""
841,Karapurti,CGWB,20,Jharkhand,339,RANCHI,BUNDU,BUNDU,Karapurti,-,-,-,-,-,-,23.24166667,85.50000000,25-05-2006 00:00,8.25,810,"",0,277,"",68,"",48,"","","",380,103,29.91,25,"","","","","","","","","","",""
842,Karapurti,CGWB,20,Jharkhand,339,RANCHI,BUNDU,BUNDU,Karapurti,-,-,-,-,-,-,23.24166667,85.50000000,25-05-2007 00:00,7.6,796,"","",500,409.8,78,"","","","","",290,68,29.26,38,"","","","","","","","","","",""
843,Karapurti,CGWB,20,Jharkhand,339,RANCHI,BUNDU,BUNDU,Karapurti,-,-,-,-,-,-,23.24166667,85.50000000,25-05-2008 00:00,7.69,943,"",0,329,"",78,"","","","","",420,114,33,34,"","","","","","","","","","",""
844,karra,CGWB,20,Jharkhand,339,RANCHI,KARRA,-,-,-,-,-,-,-,-,23.12916667,85.12222222,25-05-2013 00:00,7.18,291,"",0,100,"",77,"",11,"","","",226,74,11,12,"","","","","","","","","","",""
845,Karra1,CGWB,20,Jharkhand,339,RANCHI,KARRA,KARRA,Karra,-,-,-,-,-,-,23.12916667,85.12222222,25-05-2003 00:00,8.17,700,"","","","","","","","","","","","","","","","","","","","","","","","",""
846,Karra1,CGWB,20,Jharkhand,339,RANCHI,KARRA,KARRA,Karra,-,-,-,-,-,-,23.12916667,85.12222222,25-05-2007 00:00,8.11,472,"","",110,90.2,71,"","","","","",100,28,7.33,52,"","","","","","","","","","",""
847,Karra1,CGWB,20,Jharkhand,339,RANCHI,KARRA,KARRA,Karra,-,-,-,-,-,-,23.12916667,85.12222222,25-05-2008 00:00,7.13,490,"",0,104,"",74,"","","","","",105,30,7.3,53,"","","","","","","","","","",""
848,Karra1,CGWB,20,Jharkhand,339,RANCHI,KARRA,KARRA,Karra,-,-,-,-,-,-,23.12916667,85.12222222,25-05-2009 00:00,7.75,380,"",0,73,"",71,"","","","","",85,22,7.3,37,"","","","","","","","","","",""
849,Karra1,CGWB,20,Jharkhand,339,RANCHI,KARRA,KARRA,Karra,-,-,-,-,-,-,23.12916667,85.12222222,25-05-2010 00:00,7.6,411,"",0,55.36,"",63.81,"","","","","",95,42,9.7,16,"","","","","","","","","","",""
850,Karra1,CGWB,20,Jharkhand,339,RANCHI,KARRA,KARRA,Karra,-,-,-,-,-,-,23.12916667,85.12222222,25-05-2011 00:00,7.65,411,"",0,55.36,"",63.81,"","","","","",95,42,9.7,16,"","","","","","","","","","",""
851,Kasir,CGWB,20,Jharkhand,331,GUMLA,RAIDIH,RAIDIH,Kasir,-,-,-,-,-,-,23.05722222,84.35527778,25-05-2012 00:00,7.6,550,"",0,189,"",57,"",25,"","","",200,40,24,37,"","","","","","","","","","",""
852,Kasir,CGWB,20,Jharkhand,331,GUMLA,RAIDIH,RAIDIH,Kasir,-,-,-,-,-,-,23.05722222,84.35527778,25-05-2013 00:00,7.63,555,"",0,189,"",57,"",25,"","","",200,40,24.36,38,"","","","","","","","","","",""
853,Kasira,CGWB,20,Jharkhand,339,RANCHI,KARRA,KARRA,Kasira,-,-,-,-,-,-,23.11333333,85.16222222,30-05-2019 08:00,7.9,135,81.25,"",43,"",24.85,"",0.12,"","","",41,8,5.1,13,"","","","","","","","","","",""
854,Kasira,CGWB,20,Jharkhand,339,RANCHI,KARRA,KARRA,Kasira,-,-,-,-,-,-,23.11333333,85.16222222,30-05-2020 08:00,7.9,135,"","",43,"",24.85,"",0.12,"","","","",8,5.1,13,"","","","","","","","","","",""
855,Kathikund,CGWB,20,Jharkhand,326,DUMKA,JAMA,JAMA,Kathikund,-,-,-,-,-,-,24.26666667,87.06666667,25-05-2002 00:00,7.94,590,"",0,195,"",78,"","","","","",220,60,17.09,20,"","","","","","","","","","",""
856,Kathikund,CGWB,20,Jharkhand,326,DUMKA,JAMA,JAMA,Kathikund,-,-,-,-,-,-,24.26666667,87.06666667,25-05-2003 00:00,7.17,680,"","","","","","","","","","","","","","","","","","","","","","","","",""
857,Kathikund,CGWB,20,Jharkhand,326,DUMKA,JAMA,JAMA,Kathikund,-,-,-,-,-,-,24.26666667,87.06666667,25-05-2004 00:00,7.14,700,"",0,195,"",78,"","","","","",255,50,31.67,36,"","","","","","","","","","",""
858,Kathikund,CGWB,20,Jharkhand,326,DUMKA,JAMA,JAMA,Kathikund,-,-,-,-,-,-,24.26666667,87.06666667,25-05-2005 00:00,8.02,640,"",0,134,"",92,"","","","","",220,52,21.95,39,"","","","","","","","","","",""
859,Kathikund,CGWB,20,Jharkhand,326,DUMKA,JAMA,JAMA,Kathikund,-,-,-,-,-,-,24.26666667,87.06666667,25-05-2008 00:00,7.98,820,"",0,195,"",131,"","","","","",320,96,19,35,"","","","","","","","","","",""
860,Kathikund,CGWB,20,Jharkhand,326,DUMKA,JAMA,JAMA,Kathikund,-,-,-,-,-,-,24.26666667,87.06666667,25-05-2009 00:00,8.04,1320,"",0,232,"",178,"","","","","",420,100,41,99,"","","","","","","","","","",""
861,Kathikund,CGWB,20,Jharkhand,326,DUMKA,JAMA,JAMA,Kathikund,-,-,-,-,-,-,24.26666667,87.06666667,25-05-2010 00:00,7.4,835,"",0,232,"",135,"","","","","",300,70,30,40,"","","","","","","","","","",""
862,Kathikund,CGWB,20,Jharkhand,326,DUMKA,JAMA,JAMA,Kathikund,-,-,-,-,-,-,24.26666667,87.06666667,25-05-2011 00:00,7.68,550,"",0,189,"",78,"","","","","",225,48,26,19,"","","","","","","","","","",""
863,Kathikund,CGWB,20,Jharkhand,326,DUMKA,JAMA,JAMA,Kathikund,-,-,-,-,-,-,24.26666667,87.06666667,25-05-2012 00:00,8.1,651,"",0,195,"",92,"",0,"","","",170,56,7.2,54,"","","","","","","","","","",""
864,Kathikund,CGWB,20,Jharkhand,326,DUMKA,JAMA,JAMA,Kathikund,-,-,-,-,-,-,24.26666667,87.06666667,25-05-2013 00:00,7.91,641,"",0,195,"",92,"",0,"","","",175,56,8.5,50,"","","","","","","","","","",""
865,Kathikund,CGWB,20,Jharkhand,326,DUMKA,JAMA,JAMA,Kathikund,-,-,-,-,-,-,24.26666667,87.06666667,30-05-2019 08:00,7.86,668,377.65,"",258.3,"",62,"",54.18,"","","",213.2963,54,19.026,40.907,"","","","","","","","","","",""
866,Kathikund,CGWB,20,Jharkhand,326,DUMKA,JAMA,JAMA,Kathikund,-,-,-,-,-,-,24.26666667,87.06666667,30-05-2020 08:00,7.86,668,"","",258.3,"",62,"",54.18,"","","","",54,19.026,40.907,"","","","","","","","","","",""
867,Katras,CGWB,20,Jharkhand,325,DHANBAD,BAGHMARA CUM KATRAS,BAGHMARA CUM KATRAS,Katras,-,-,-,-,-,-,23.81333333,86.29166667,25-05-2004 00:00,8.17,1650,"",0,189,"",117,"","","","","",670,126,86.26,45,"","","","","","","","","","",""
868,Katras,CGWB,20,Jharkhand,325,DHANBAD,BAGHMARA CUM KATRAS,BAGHMARA CUM KATRAS,Katras,-,-,-,-,-,-,23.81333333,86.29166667,25-05-2010 00:00,7.1,1116,"",0,191,"",106,"","","","","",375,70,49,52,"","","","","","","","","","",""
869,Katras,CGWB,20,Jharkhand,325,DHANBAD,BAGHMARA CUM KATRAS,BAGHMARA CUM KATRAS,Katras,-,-,-,-,-,-,23.81333333,86.29166667,25-05-2011 00:00,7.98,1650,"",0,196.08,"",241.06,"","","","","",570,116,68.04,68.44,"","","","","","","","","","",""
870,Katras,CGWB,20,Jharkhand,325,DHANBAD,BAGHMARA CUM KATRAS,BAGHMARA CUM KATRAS,Katras,-,-,-,-,-,-,23.81333333,86.29166667,25-05-2012 00:00,8.1,1450,"",0,287,"",156,"",144,"","","",610,120,75.52,49,"","","","","","","","","","",""
871,Keradari,CGWB,20,Jharkhand,332,HAZARIBAG,KEREDARI,KEREDARI,Keradari,-,-,-,-,-,-,23.86250000,85.08611111,25-05-2012 00:00,7.9,800,"",0,159,"",113,"",24,"","","",260,72,19.54,58,"","","","","","","","","","",""
872,Keradari,CGWB,20,Jharkhand,332,HAZARIBAG,KEREDARI,KEREDARI,Keradari,-,-,-,-,-,-,23.95333333,85.06388889,25-05-2012 00:00,7.76,993,"",0,409,"",103,"",0,"","","",310,24,49,84,"","","","","","","","","","",""
873,Keradari,CGWB,20,Jharkhand,332,HAZARIBAG,KEREDARI,KEREDARI,Keradari,-,-,-,-,-,-,23.95333333,85.06388889,25-05-2013 00:00,7.72,997,"",0,409,"",99,"",0,"","","",310,24,49,82,"","","","","","","","","","",""
874,Kereikela,CGWB,20,Jharkhand,343,PASHCHIMI SINGHBHUM,ADITYAPUR(GAMHARIA),ADITYAPUR(GAMHARIA),Kereikela,-,-,-,-,-,-,22.85027778,86.06277778,25-05-2007 00:00,7.72,1071,"","",372,304.9,184.6,"","","","","",380,76,46.2,37,"","","","","","","","","","",""
875,Kereikela,CGWB,20,Jharkhand,343,PASHCHIMI SINGHBHUM,ADITYAPUR(GAMHARIA),ADITYAPUR(GAMHARIA),Kereikela,-,-,-,-,-,-,22.85027778,86.06277778,25-05-2008 00:00,7.4,437,"",0,232,"",25,"","","","","",180,52,12,25,"","","","","","","","","","",""
876,Kereikela,CGWB,20,Jharkhand,343,PASHCHIMI SINGHBHUM,ADITYAPUR(GAMHARIA),ADITYAPUR(GAMHARIA),Kereikela,-,-,-,-,-,-,22.85027778,86.06277778,25-05-2009 00:00,8.55,730,"",24,220,"",71,"","","","","",325,48,50,9.2,"","","","","","","","","","",""
877,Kereikela,CGWB,20,Jharkhand,343,PASHCHIMI SINGHBHUM,ADITYAPUR(GAMHARIA),ADITYAPUR(GAMHARIA),Kereikela,-,-,-,-,-,-,22.85027778,86.06277778,25-05-2010 00:00,8.3,825,"",6,305,"",96,"","","","","",255,72,18,33,"","","","","","","","","","",""
878,Kereikela,CGWB,20,Jharkhand,343,PASHCHIMI SINGHBHUM,ADITYAPUR(GAMHARIA),ADITYAPUR(GAMHARIA),Kereikela,-,-,-,-,-,-,22.85027778,86.06277778,25-05-2011 00:00,7.25,587,"",0,129.15,"",95.71,"","","","","",200,38,25.51,37,"","","","","","","","","","",""
879,Kereikela,CGWB,20,Jharkhand,343,PASHCHIMI SINGHBHUM,ADITYAPUR(GAMHARIA),ADITYAPUR(GAMHARIA),Kereikela,-,-,-,-,-,-,22.85027778,86.06277778,25-05-2012 00:00,8.2,632,"",0,159,"",103,"",45,"","","",280,60,31.68,29,"","","","","","","","","","",""
880,Kereikela,CGWB,20,Jharkhand,343,PASHCHIMI SINGHBHUM,ADITYAPUR(GAMHARIA),ADITYAPUR(GAMHARIA),Kereikela,-,-,-,-,-,-,22.85027778,86.06277778,25-05-2013 00:00,8.18,630,"",0,159,"",103,"",46,"","","",280,60,31.68,27,"","","","","","","","","","",""
881,Kerio,CGWB,20,Jharkhand,331,GUMLA,THETHAITANGAR,THETHAITANGAR,Kerio,-,-,-,-,-,-,22.46166667,84.57972222,30-05-2019 08:00,8.1,248,130.65,"",67.1,"",49.7,"",0,"","","",105,26,9.72,7.9,"","","","","","","","","","",""
882,Kerio,CGWB,20,Jharkhand,331,GUMLA,THETHAITANGAR,THETHAITANGAR,Kerio,-,-,-,-,-,-,22.46166667,84.57972222,30-05-2020 08:00,8.1,248,"","",67.1,"",49.7,"",0,"","","","",26,9.72,7.9,"","","","","","","","","","",""
883,Keshargaria,CGWB,20,Jharkhand,343,PASHCHIMI SINGHBHUM,MANOHARPUR,MANOHARPUR,Keshargaria,-,-,-,-,-,-,22.30833333,85.31250000,25-05-2007 00:00,8.44,491,"","",219,179.5,63.9,"","","","","",150,28,19.48,42,"","","","","","","","","","",""
884,Keshargaria,CGWB,20,Jharkhand,343,PASHCHIMI SINGHBHUM,MANOHARPUR,MANOHARPUR,Keshargaria,-,-,-,-,-,-,22.30833333,85.31250000,25-05-2008 00:00,8.7,720,"",30,189,"",75,"","","","","",260,58,28,40,"","","","","","","","","","",""
885,Keshargaria,CGWB,20,Jharkhand,343,PASHCHIMI SINGHBHUM,MANOHARPUR,MANOHARPUR,Keshargaria,-,-,-,-,-,-,22.30833333,85.31250000,25-05-2011 00:00,7.68,594,"",0,147.6,"",74.44,"","","","","",200,34,27.94,39,"","","","","","","","","","",""
886,Keshargaria,CGWB,20,Jharkhand,343,PASHCHIMI SINGHBHUM,MANOHARPUR,MANOHARPUR,Keshargaria,-,-,-,-,-,-,22.30833333,85.31250000,25-05-2012 00:00,8.23,640,"",0,220,"",71,"",0,"","","",230,52,24.38,34,"","","","","","","","","","",""
887,Kharke,CGWB,20,Jharkhand,331,GUMLA,GUMLA,GUMLA,Kharka,-,-,-,-,-,-,23.16194444,84.52361111,25-05-2012 00:00,7.5,200,"",0,55,"",32,"",0,"","","",50,6,8.52,23,"","","","","","","","","","",""
888,Kharke,CGWB,20,Jharkhand,331,GUMLA,GUMLA,GUMLA,Kharka,-,-,-,-,-,-,23.16194444,84.52361111,25-05-2013 00:00,7.7,214,"",0,61.5,"",32,"",0,"","","",55,6,10,25,"","","","","","","","","","",""
889,Kharke,CGWB,20,Jharkhand,331,GUMLA,GUMLA,GUMLA,Kharka,-,-,-,-,-,-,23.16194444,84.52361111,30-05-2021 08:00,7.58,1529,993.85,0,489.159,"",185.6198,"",36,"","","",398.9895,98.9898,36.84845,165,"","","","","","","","","","",""
890,Kharsawan,CGWB,20,Jharkhand,343,PASHCHIMI SINGHBHUM,KHARSAWAN,KHARSAWAN,Kharsawan,-,-,-,-,-,-,22.78611111,85.83333333,25-05-2003 00:00,6.85,1441,"","","","","","","","","","","","","","","","","","","","","","","","",""
891,Kharsawan,CGWB,20,Jharkhand,343,PASHCHIMI SINGHBHUM,KHARSAWAN,KHARSAWAN,Kharsawan,-,-,-,-,-,-,22.78611111,85.83333333,25-05-2007 00:00,8.33,691,"",12,311,274.9,99.4,"","","","","",240,52,26.7,36,"","","","","","","","","","",""
892,Kharsawan,CGWB,20,Jharkhand,343,PASHCHIMI SINGHBHUM,KHARSAWAN,KHARSAWAN,Kharsawan,-,-,-,-,-,-,22.78611111,85.83333333,25-05-2009 00:00,7.88,1200,"",0,293,"",178,"","","","","",300,92,17,104,"","","","","","","","","","",""
893,Kharsawan,CGWB,20,Jharkhand,343,PASHCHIMI SINGHBHUM,KHARSAWAN,KHARSAWAN,Kharsawan,-,-,-,-,-,-,22.78611111,85.83333333,25-05-2010 00:00,8.1,1245,"",6,335,"",145,"","","","","",320,34,57,112,"","","","","","","","","","",""
894,Kharsawan,CGWB,20,Jharkhand,343,PASHCHIMI SINGHBHUM,KHARSAWAN,KHARSAWAN,Kharsawan,-,-,-,-,-,-,22.78611111,85.83333333,25-05-2011 00:00,8.41,1245,"",6,335,"",145,"","","","","",320,34,57,112,"","","","","","","","","","",""
895,Kharsawan,CGWB,20,Jharkhand,343,PASHCHIMI SINGHBHUM,KHARSAWAN,KHARSAWAN,Kharsawan,-,-,-,-,-,-,22.78611111,85.83333333,25-05-2012 00:00,8,1350,"",0,488,"",106,"",24,"","","",310,16,65.66,110,"","","","","","","","","","",""
896,Kharsawan,CGWB,20,Jharkhand,343,PASHCHIMI SINGHBHUM,KHARSAWAN,KHARSAWAN,Kharsawan,-,-,-,-,-,-,22.78611111,85.83333333,25-05-2013 00:00,8.2,1344,"",0,488,"",106,"",24,"","","",310,16,65.66,111,"","","","","","","","","","",""
897,Kharsawan,CGWB,20,Jharkhand,343,PASHCHIMI SINGHBHUM,KHARSAWAN,KHARSAWAN,Kharsawan,-,-,-,-,-,-,22.78611111,85.83333333,30-05-2019 08:00,7.6,709,541.45,0,297,"",70,"",4,"","","",190,51,18,62,"","","","","","","","","","",""
898,Kharsawan,CGWB,20,Jharkhand,343,PASHCHIMI SINGHBHUM,KHARSAWAN,KHARSAWAN,Kharsawan,-,-,-,-,-,-,22.78611111,85.83333333,30-05-2020 08:00,7.6,709,"",0,297,"",70,"",4,"","","","",51,18,62,"","","","","","","","","","",""
899,Kharsidag,CGWB,20,Jharkhand,339,RANCHI,NAMKUM,NAMKUM,Kharsidag,-,-,-,-,-,-,23.26583333,85.37666667,30-05-2019 08:00,8.11,435,196.3,"",178.4,"",35.45,"",21.7,"","","",95,20,10.935,51.9,"","","","","","","","","","",""
900,Kharsidag,CGWB,20,Jharkhand,339,RANCHI,NAMKUM,NAMKUM,Kharsidag,-,-,-,-,-,-,23.26583333,85.37666667,30-05-2020 08:00,8.11,435,"","",178.4,"",35.45,"",21.7,"","","","",20,10.935,51.9,"","","","","","","","","","",""
901,Kharsidag,CGWB,20,Jharkhand,339,RANCHI,NAMKUM,NAMKUM,Kharsidag,-,-,-,-,-,-,23.26583333,85.37666667,30-05-2021 08:00,7.35,715,464.75,0,209.49474,"",94.02084,"",22,0.15,"","",205,58,14.592,72,"","","","","","","","","","",""
902,Khijri,CGWB,20,Jharkhand,329,GIRIDIH,TISRI,TISRI,Khijri,-,-,-,-,-,-,24.54444444,86.10055556,25-05-2003 00:00,7.53,1650,"","","","","","","","","","","","","","","","","","","","","","","","",""
903,Khijri,CGWB,20,Jharkhand,329,GIRIDIH,TISRI,TISRI,Khijri,-,-,-,-,-,-,24.54444444,86.10055556,30-05-2019 08:00,8.49,677,191.1,15,135.3,"",139,"",9.99,"","","",240,66,18.225,30.253,"","","","","","","","","","",""
904,Khijri,CGWB,20,Jharkhand,329,GIRIDIH,TISRI,TISRI,Khijri,-,-,-,-,-,-,24.54444444,86.10055556,30-05-2020 08:00,8.49,677,"","",135.3,"",139,"",9.99,"","","","",66,18.225,30.253,"","","","","","","","","","",""
905,Khunti,CGWB,20,Jharkhand,339,RANCHI,KHUNTI,KHUNTI,Khunti,-,-,-,-,-,-,23.06666667,85.27333333,25-05-2002 00:00,8.03,883,"","","","","","","","","","","","","","","","","","","","","","","","",""
906,Khunti,CGWB,20,Jharkhand,339,RANCHI,KHUNTI,KHUNTI,Khunti,-,-,-,-,-,-,23.06666667,85.27333333,25-05-2004 00:00,7.69,770,"",0,184,"",188,"","","","","",263,63,26,59,"","","","","","","","","","",""
907,Khunti,CGWB,20,Jharkhand,339,RANCHI,KHUNTI,KHUNTI,Khunti,-,-,-,-,-,-,23.06666667,85.27333333,25-05-2005 00:00,7.55,160,"",0,61,"",7.1,"",24,"","","",60,16,4.88,7.4,"","","","","","","","","","",""
908,Khunti,CGWB,20,Jharkhand,339,RANCHI,KHUNTI,KHUNTI,Khunti,-,-,-,-,-,-,23.06666667,85.27333333,25-05-2006 00:00,8.25,734,"",0,191,"",127,"",31,"","","",267,62,27.31,56,"","","","","","","","","","",""
909,Khunti,CGWB,20,Jharkhand,339,RANCHI,KHUNTI,KHUNTI,Khunti,-,-,-,-,-,-,23.06666667,85.27333333,25-05-2009 00:00,8.25,1140,"",0,305,"",185,"","","","","",395,68,55,74,"","","","","","","","","","",""
910,Khunti,CGWB,20,Jharkhand,339,RANCHI,KHUNTI,KHUNTI,Khunti,-,-,-,-,-,-,23.06666667,85.27333333,25-05-2010 00:00,7.6,1210,"",0,344,"",180.7,"","","","","",450,86,57.1,39,"","","","","","","","","","",""
911,Khunti,CGWB,20,Jharkhand,339,RANCHI,KHUNTI,KHUNTI,Khunti,-,-,-,-,-,-,23.06666667,85.27333333,25-05-2011 00:00,8.34,1081,"",9,276.75,"",170.16,"","","","","",360,24,72.9,72,"","","","","","","","","","",""
912,Khunti,CGWB,20,Jharkhand,339,RANCHI,KHUNTI,KHUNTI,Khunti,-,-,-,-,-,-,23.06666667,85.27333333,25-05-2012 00:00,7.06,780,"",0,320,"",182,"",61,"","","",484,140,29,18,"","","","","","","","","","",""
913,Khuntpani,CGWB,20,Jharkhand,343,PASHCHIMI SINGHBHUM,KHUNTPANI,KHUNTPANI,Khuntpani,-,-,-,-,-,-,22.62500000,85.76388889,25-05-2003 00:00,7.29,570,"","","","","","","","","","","","","","","","","","","","","","","","",""
914,Khuntpani,CGWB,20,Jharkhand,343,PASHCHIMI SINGHBHUM,KHUNTPANI,KHUNTPANI,Khuntpani,-,-,-,-,-,-,22.62500000,85.76388889,25-05-2004 00:00,6.84,570,"",0,340,"",57,"","","","","",290,87,18,11,"","","","","","","","","","",""
915,Khuntpani,CGWB,20,Jharkhand,343,PASHCHIMI SINGHBHUM,KHUNTPANI,KHUNTPANI,Khuntpani,-,-,-,-,-,-,22.62500000,85.76388889,25-05-2012 00:00,8,915,"",0,415,"",67,"",8,"","","",400,104,34.16,31,"","","","","","","","","","",""
916,Khuntpani,CGWB,20,Jharkhand,343,PASHCHIMI SINGHBHUM,KHUNTPANI,KHUNTPANI,Khuntpani,-,-,-,-,-,-,22.62500000,85.76388889,25-05-2013 00:00,8.12,918,"",0,418,"",67,"",8,"","","",400,104,34,32,"","","","","","","","","","",""
917,Khuntpani,CGWB,20,Jharkhand,343,PASHCHIMI SINGHBHUM,KHUNTPANI,KHUNTPANI,Khuntpani,-,-,-,-,-,-,22.62500000,85.76388889,30-05-2019 08:00,7.8,914,72.93,0,301,"",51,"",16,"","","",361,80,40,37,"","","","","","","","","","",""
918,Khuntpani,CGWB,20,Jharkhand,343,PASHCHIMI SINGHBHUM,KHUNTPANI,KHUNTPANI,Khuntpani,-,-,-,-,-,-,22.62500000,85.76388889,30-05-2020 08:00,7.8,914,"",0,301,"",51,"",16,"","","","",80,40,37,"","","","","","","","","","",""
919,Kisko,CGWB,20,Jharkhand,336,LOHARDAGA,KISKO,KISKO,Kisko,-,-,-,-,-,-,23.51388889,84.67083333,25-05-2003 00:00,6.97,280,"","","","","","","","","","","","","","","","","","","","","","","","",""
920,Kisko,CGWB,20,Jharkhand,336,LOHARDAGA,KISKO,KISKO,Kisko,-,-,-,-,-,-,23.51388889,84.67083333,25-05-2012 00:00,7.15,240,"",0,140,"",48,"",2,"","","",112,27,10.85,8,"","","","","","","","","","",""
921,Kisko1,CGWB,20,Jharkhand,336,LOHARDAGA,KISKO,KISKO,Kisko,-,-,-,-,-,-,23.51388889,84.67138889,25-05-2001 00:00,8.62,300,"",18,98,"",11,"","","","","",125,42,4.8,6,"","","","","","","","","","",""
922,Kita,CGWB,20,Jharkhand,339,RANCHI,SILLI,SILLI,Kita,-,-,-,-,-,-,23.36555556,85.75638889,25-05-2012 00:00,6.93,290,"",0,140,"",34,"",19,"","","",232,30,38.21,19,"","","","","","","","","","",""
923,Kita,CGWB,20,Jharkhand,339,RANCHI,SILLI,SILLI,Kita,-,-,-,-,-,-,23.36555556,85.75638889,25-05-2013 00:00,7.14,294,"",0,140,"",34,"",19,"","","",232,30,13,19,"","","","","","","","","","",""
924,Kita,CGWB,20,Jharkhand,339,RANCHI,SILLI,SILLI,Kita,-,-,-,-,-,-,23.36555556,85.75638889,30-05-2019 08:00,7.84,303,719.55,"",129.15,"",21.7,"",24.02,"","","",135,30,14.58,11.47,"","","","","","","","","","",""
925,Kita,CGWB,20,Jharkhand,339,RANCHI,SILLI,SILLI,Kita,-,-,-,-,-,-,23.36555556,85.75638889,30-05-2020 08:00,7.84,303,"","",129.15,"",21.7,"",24.02,"","","","",30,14.58,11.47,"","","","","","","","","","",""
926,Kita,CGWB,20,Jharkhand,339,RANCHI,SILLI,SILLI,Kita,-,-,-,-,-,-,23.36555556,85.75638889,30-05-2021 08:00,7.23,950,617.5,0,347.7,"",94.99734,"",26,"","","",260,64,24.32,88,"","","","","","","","","","",""
927,Kodarma,CGWB,20,Jharkhand,334,KODARMA,KODARMA,KODARMA,Kodarma,-,-,-,-,-,-,24.46944444,85.60000000,25-05-2002 00:00,8.33,453,"","","","","","","","","","","","","","","","","","","","","","","","",""
928,Kodarma,CGWB,20,Jharkhand,334,KODARMA,KODARMA,KODARMA,Kodarma,-,-,-,-,-,-,24.46944444,85.60000000,25-05-2004 00:00,7.67,435,"",0,213,"",50,"","","","","",114,26,11.95,48,"","","","","","","","","","",""
929,Kodarma,CGWB,20,Jharkhand,334,KODARMA,KODARMA,KODARMA,Kodarma,-,-,-,-,-,-,24.46944444,85.60000000,25-05-2012 00:00,8.1,420,"",0,92,"",60,"",24,"","","",150,28,19.48,22,"","","","","","","","","","",""
930,Kodarma,CGWB,20,Jharkhand,334,KODARMA,KODARMA,KODARMA,Kodarma,-,-,-,-,-,-,24.46944444,85.60000000,25-05-2013 00:00,7.4,427,"",0,92,"",60,"",24,"","","",150,28,19.48,21,"","","","","","","","","","",""
931,Kokcho,CGWB,20,Jharkhand,343,PASHCHIMI SINGHBHUM,TANTNAGAR,TANTNAGAR,Kokcho,-,-,-,-,-,-,22.46250000,85.90833333,25-05-2002 00:00,8.48,440,"",18,98,"",57,"","","","","",170,44,14.64,12,"","","","","","","","","","",""
932,Kokcho,CGWB,20,Jharkhand,343,PASHCHIMI SINGHBHUM,TANTNAGAR,TANTNAGAR,Kokcho,-,-,-,-,-,-,22.46250000,85.90833333,25-05-2003 00:00,7.11,500,"","","","","","","","","","","","","","","","","","","","","","","","",""
933,Kokcho,CGWB,20,Jharkhand,343,PASHCHIMI SINGHBHUM,TANTNAGAR,TANTNAGAR,Kokcho,-,-,-,-,-,-,22.46250000,85.90833333,25-05-2006 00:00,7.35,276,"",0,112,"",21,"",10,"","","",118,29,11.1,12,"","","","","","","","","","",""
934,Kokcho,CGWB,20,Jharkhand,343,PASHCHIMI SINGHBHUM,TANTNAGAR,TANTNAGAR,Kokcho,-,-,-,-,-,-,22.46250000,85.90833333,25-05-2007 00:00,8.22,283,"","",201,164.8,32,"","","","","",120,24,14.62,21,"","","","","","","","","","",""
935,Kokcho,CGWB,20,Jharkhand,343,PASHCHIMI SINGHBHUM,TANTNAGAR,TANTNAGAR,Kokcho,-,-,-,-,-,-,22.46250000,85.90833333,25-05-2008 00:00,7.14,346,"",0,134,"",35,"","","","","",140,38,11,18,"","","","","","","","","","",""
936,Kokcho,CGWB,20,Jharkhand,343,PASHCHIMI SINGHBHUM,TANTNAGAR,TANTNAGAR,Kokcho,-,-,-,-,-,-,22.46250000,85.90833333,25-05-2009 00:00,8.12,400,"",0,140,"",46,"","","","","",165,38,17,12,"","","","","","","","","","",""
937,Kokcho,CGWB,20,Jharkhand,343,PASHCHIMI SINGHBHUM,TANTNAGAR,TANTNAGAR,Kokcho,-,-,-,-,-,-,22.46250000,85.90833333,25-05-2010 00:00,8.1,356,"",18,98,"",39,"","","","","",130,34,11,14,"","","","","","","","","","",""
938,Kokcho,CGWB,20,Jharkhand,343,PASHCHIMI SINGHBHUM,TANTNAGAR,TANTNAGAR,Kokcho,-,-,-,-,-,-,22.46250000,85.90833333,25-05-2011 00:00,8.48,356,"",18,98,"",39,"","","","","",130,34,11,14,"","","","","","","","","","",""
939,Kokcho,CGWB,20,Jharkhand,343,PASHCHIMI SINGHBHUM,TANTNAGAR,TANTNAGAR,Kokcho,-,-,-,-,-,-,22.46250000,85.90833333,25-05-2012 00:00,7.9,207,"",0,207,"",78,"",0,"","","",220,52,21.95,23,"","","","","","","","","","",""
940,Kokcho,CGWB,20,Jharkhand,343,PASHCHIMI SINGHBHUM,TANTNAGAR,TANTNAGAR,Kokcho,-,-,-,-,-,-,22.46250000,85.90833333,25-05-2013 00:00,7.65,621,"",0,207,"",71,"",0,"","","",220,52,23,24,"","","","","","","","","","",""
941,Kokcho,CGWB,20,Jharkhand,343,PASHCHIMI SINGHBHUM,TANTNAGAR,TANTNAGAR,Kokcho,-,-,-,-,-,-,22.46250000,85.90833333,30-05-2019 08:00,8,410,905.45,0,203,"",6,"",39,"","","",160,58,4,31,"","","","","","","","","","",""
942,Kokcho,CGWB,20,Jharkhand,343,PASHCHIMI SINGHBHUM,TANTNAGAR,TANTNAGAR,Kokcho,-,-,-,-,-,-,22.46250000,85.90833333,30-05-2020 08:00,8,410,"",0,203,"",6,"",39,"","","","",58,4,31,"","","","","","","","","","",""
943,Kolebira,CGWB,20,Jharkhand,331,GUMLA,KOLEBIRA,KOLEBIRA,Kolebira,-,-,-,-,-,-,22.70500000,84.68361111,25-05-2002 00:00,7.95,1294,"","","","","","","","","","","","","","","","","","","","","","","","",""
944,Kolebira,CGWB,20,Jharkhand,331,GUMLA,KOLEBIRA,KOLEBIRA,Kolebira,-,-,-,-,-,-,22.70500000,84.68361111,25-05-2007 00:00,8.19,1301,"","",756.4,620,152.6,"","","","","",380,116,21.9,88,"","","","","","","","","","",""
945,Kolebira,CGWB,20,Jharkhand,331,GUMLA,KOLEBIRA,KOLEBIRA,Kolebira,-,-,-,-,-,-,22.70500000,84.68361111,25-05-2008 00:00,7.95,1271,"",0,415,"",131,"","","","","",365,112,21,90,"","","","","","","","","","",""
946,Kolebira,CGWB,20,Jharkhand,331,GUMLA,KOLEBIRA,KOLEBIRA,Kolebira,-,-,-,-,-,-,22.70500000,84.68361111,25-05-2009 00:00,8.45,1435,"",24,384,"",131,"","","","","",300,90,18,185,"","","","","","","","","","",""
947,Kolebira,CGWB,20,Jharkhand,331,GUMLA,KOLEBIRA,KOLEBIRA,Kolebira,-,-,-,-,-,-,22.70500000,84.68361111,25-05-2010 00:00,8.3,1363,"",24,396,"",156,"","","","","",380,96,34,102,"","","","","","","","","","",""
948,Kolebira,CGWB,20,Jharkhand,331,GUMLA,KOLEBIRA,KOLEBIRA,Kolebira,-,-,-,-,-,-,22.70500000,84.68361111,25-05-2011 00:00,8.4,1363,"",24,396,"",156,"","","","","",380,96,34,102,"","","","","","","","","","",""
949,Kolebira,CGWB,20,Jharkhand,331,GUMLA,KOLEBIRA,KOLEBIRA,Kolebira,-,-,-,-,-,-,22.70500000,84.68361111,30-05-2019 08:00,7.8,56,132.6,"",13.1,"",14.2,"",0.16,"","","",14,2,2.3,7,"","","","","","","","","","",""
950,Kolebira,CGWB,20,Jharkhand,331,GUMLA,KOLEBIRA,KOLEBIRA,Kolebira,-,-,-,-,-,-,22.70500000,84.68361111,30-05-2020 08:00,7.8,56,"","",13.1,"",14.2,"",0.16,"","","","",2,2.3,7,"","","","","","","","","","",""
951,Korrah Chowk,CGWB,20,Jharkhand,332,HAZARIBAG,-,-,-,-,-,-,-,-,-,23.98694400,85.38194400,30-05-2021 08:00,7.81,1146,744.9,0,378.2,"",84.99762,"",78,"","","",405,130,19.456,74,"","","","","","","","","","",""
952,Kud Ashram,CGWB,20,Jharkhand,332,HAZARIBAG,-,-,-,-,-,-,-,-,-,23.96611100,85.35611100,30-05-2021 08:00,7.64,492,319.8,0,207.4,"",37.49895,"",11,"","","",170,44,14.592,31,"","","","","","","","","","",""
953,Kudri,CGWB,20,Jharkhand,339,RANCHI,KARRA,KARRA,Kudri,-,-,-,-,-,-,23.03166667,85.12833333,30-05-2019 08:00,7.4,83,267.15,"",24.6,"",1.95,"",8.89,"","","",39.974705,4,7.29,0.88,"","","","","","","","","","",""
954,Kudri,CGWB,20,Jharkhand,339,RANCHI,KARRA,KARRA,Kudri,-,-,-,-,-,-,23.03166667,85.12833333,30-05-2020 08:00,7.4,83,"","",24.6,"",1.95,"",8.89,"","","","",4,7.29,0.88,"","","","","","","","","","",""
955,Kuju,CGWB,20,Jharkhand,332,HAZARIBAG,MANDU,MANDU,Kuju,-,-,-,-,-,-,23.71527778,85.50833333,25-05-2012 00:00,7.8,750,"",0,226,"",106,"",0,"","","",270,104,2.56,41,"","","","","","","","","","",""
956,Kuju,CGWB,20,Jharkhand,332,HAZARIBAG,MANDU,MANDU,Kuju,-,-,-,-,-,-,23.71527778,85.50833333,30-05-2019 08:00,8.09,1190,744.9,"",166.05,"",168.56,"",79.33,"","","",316.37036,94,19.773,96.128,"","","","","","","","","","",""
957,Kuju,CGWB,20,Jharkhand,332,HAZARIBAG,MANDU,MANDU,Kuju,-,-,-,-,-,-,23.71527778,85.50833333,30-05-2020 08:00,8.09,1190,"","",166.05,"",168.56,"",79.33,"","","","",94,19.773,96.128,"","","","","","","","","","",""
958,Kuju,CGWB,20,Jharkhand,332,HAZARIBAG,MANDU,MANDU,Kuju,-,-,-,-,-,-,23.71527778,85.50833333,30-05-2021 08:00,7.72,745,484.25,0,350.262,"",14.849585,"",14,0.2,"","",257.5755,84.8484,11.054534,52,"","","","","","","","","","",""
959,Kundahit,CGWB,20,Jharkhand,326,DUMKA,KUNDAHIT,KUNDAHIT,Kundahit,-,-,-,-,-,-,23.91666667,87.16666667,25-05-2005 00:00,8.09,500,"",0,122,"",71,"","","","","",160,52,7.36,35,"","","","","","","","","","",""
960,Kundahit,CGWB,20,Jharkhand,326,DUMKA,KUNDAHIT,KUNDAHIT,Kundahit,-,-,-,-,-,-,23.91666667,87.16666667,25-05-2009 00:00,8.12,510,"",0,134,"",53,"","","","","",130,40,7.3,51,"","","","","","","","","","",""
961,Kundahit,CGWB,20,Jharkhand,326,DUMKA,KUNDAHIT,KUNDAHIT,Kundahit,-,-,-,-,-,-,23.91666667,87.16666667,25-05-2010 00:00,7.4,431,"",0,159,"",46,"","","","","",115,44,1.2,49,"","","","","","","","","","",""
962,Kundahit,CGWB,20,Jharkhand,326,DUMKA,KUNDAHIT,KUNDAHIT,Kundahit,-,-,-,-,-,-,23.91666667,87.16666667,25-05-2012 00:00,7.6,680,"",0,183,"",92,"",0,"","","",230,52,24.38,29,"","","","","","","","","","",""
963,Kundahit,CGWB,20,Jharkhand,326,DUMKA,KUNDAHIT,KUNDAHIT,Kundahit,-,-,-,-,-,-,23.91666667,87.16666667,30-05-2019 08:00,7.93,507,310.7,"",141.45,"",74.924,"","","","","",163.15103,42.76,13.669,40.328,"","","","","","","","","","",""
964,Kundahit,CGWB,20,Jharkhand,326,DUMKA,KUNDAHIT,KUNDAHIT,Kundahit,-,-,-,-,-,-,23.91666667,87.16666667,30-05-2020 08:00,7.93,507,"","",141.45,"",74.924,"","","","","","",42.76,13.669,40.328,"","","","","","","","","","",""
965,Kunjala,CGWB,20,Jharkhand,606,Khunti,Khunti,-,-,-,-,-,-,-,-,23.05747200,85.25291700,30-05-2019 08:00,7.9,221,76.05,"",85.4,"",21.3,"",0,"","","",100,30,6.075,4.3,"","","","","","","","","","",""
966,Kunjala,CGWB,20,Jharkhand,606,Khunti,Khunti,-,-,-,-,-,-,-,-,23.05747200,85.25291700,30-05-2020 08:00,7.9,221,"","",85.4,"",21.3,"",0,"","","","",30,6.075,4.3,"","","","","","","","","","",""
967,Kurdeg,CGWB,20,Jharkhand,331,GUMLA,KURDEG,KURDEG,Kurdeg,-,-,-,-,-,-,22.56638889,84.13305556,30-05-2019 08:00,8.1,283,185.25,"",36.6,"",67.45,"",0.16,"","","",125,38,7.29,6.9,"","","","","","","","","","",""
968,Kurdeg,CGWB,20,Jharkhand,331,GUMLA,KURDEG,KURDEG,Kurdeg,-,-,-,-,-,-,22.56638889,84.13305556,30-05-2020 08:00,8.1,283,"","",36.6,"",67.45,"",0.16,"","","","",38,7.29,6.9,"","","","","","","","","","",""
969,Kuru1,CGWB,20,Jharkhand,336,LOHARDAGA,KURU,KURU,Kuru,-,-,-,-,-,-,23.53638889,84.81555556,25-05-2002 00:00,8.12,750,"","","","","","","","","","","","","","","","","","","","","","","","",""
970,Kuru1,CGWB,20,Jharkhand,336,LOHARDAGA,KURU,KURU,Kuru,-,-,-,-,-,-,23.53638889,84.81555556,25-05-2003 00:00,7.14,620,"","","","","","","","","","","","","","","","","","","","","","","","",""
971,Kuru1,CGWB,20,Jharkhand,336,LOHARDAGA,KURU,KURU,Kuru,-,-,-,-,-,-,23.53638889,84.81555556,25-05-2006 00:00,7.4,593,"",0,112,"",104,"",7.6,"","","",279,87,15.06,19,"","","","","","","","","","",""
972,Kuru1,CGWB,20,Jharkhand,336,LOHARDAGA,KURU,KURU,Kuru,-,-,-,-,-,-,23.53638889,84.81555556,25-05-2012 00:00,7.07,810,"",0,460,"",142,"",42,"","","",488,157,23.41,4,"","","","","","","","","","",""
973,Kuru1,CGWB,20,Jharkhand,336,LOHARDAGA,KURU,KURU,Kuru,-,-,-,-,-,-,23.53638889,84.81555556,25-05-2013 00:00,7.13,801,"",0,460,"",142,"",42,"","","",488,157,23.41,4,"","","","","","","","","","",""
974,Kuru dispensary,CGWB,20,Jharkhand,336,LOHARDAGA,KURU,KURU,Kuru,-,-,-,-,-,-,23.53611111,84.81527778,25-05-2001 00:00,8.96,500,"",24,79,"",71,"","","","","",200,60,12,18,"","","","","","","","","","",""
975,Kuru dispensary,CGWB,20,Jharkhand,336,LOHARDAGA,KURU,KURU,Kuru,-,-,-,-,-,-,23.53611111,84.81527778,25-05-2007 00:00,6.95,721,"","",347.7,285,95.8,"","","","","",300,92,17.13,29,"","","","","","","","","","",""
976,Kuru dispensary,CGWB,20,Jharkhand,336,LOHARDAGA,KURU,KURU,Kuru,-,-,-,-,-,-,23.53611111,84.81527778,25-05-2009 00:00,7.82,712,"",0,79,"",103,"","","","","",210,56,17,50,"","","","","","","","","","",""
977,Kusumbha,CGWB,20,Jharkhand,332,HAZARIBAG,RAMGARH,RAMGARH,Kusumbha,-,-,-,-,-,-,23.55805556,85.59722222,30-05-2019 08:00,8.07,1188,331.5,"",252.15,"",143.962,"",84.348,"","","",360.33746,104,24.382,87.824,"","","","","","","","","","",""
978,Kusumbha,CGWB,20,Jharkhand,332,HAZARIBAG,RAMGARH,RAMGARH,Kusumbha,-,-,-,-,-,-,23.55805556,85.59722222,30-05-2020 08:00,8.07,1188,"","",252.15,"",143.962,"",84.348,"","","","",104,24.382,87.824,"","","","","","","","","","",""
979,Kusumbha,CGWB,20,Jharkhand,332,HAZARIBAG,RAMGARH,RAMGARH,Kusumbha,-,-,-,-,-,-,23.55805556,85.59722222,30-05-2021 08:00,8.02,1065,692.25,0,468.28235,"",54.43312,"",35,"","","",300,50,42.56,105,"","","","","","","","","","",""
980,Lachargarh,CGWB,20,Jharkhand,331,GUMLA,KOLEBIRA,KOLEBIRA,Lachargarh,-,-,-,-,-,-,22.66000000,84.83666667,25-05-2003 00:00,7.43,577,"","","","","","","","","","","","","","","","","","","","","","","","",""
981,Lachargarh,CGWB,20,Jharkhand,331,GUMLA,KOLEBIRA,KOLEBIRA,Lachargarh,-,-,-,-,-,-,22.66000000,84.83666667,25-05-2009 00:00,8.12,601,"",0,152,"",75,"","","","","",155,36,16,84,"","","","","","","","","","",""
982,Lachargarh,CGWB,20,Jharkhand,331,GUMLA,KOLEBIRA,KOLEBIRA,Lachargarh,-,-,-,-,-,-,22.66000000,84.83666667,25-05-2010 00:00,8.3,444,"",30,122,"",46,"","","","","",165,46,12,25,"","","","","","","","","","",""
983,Lachargarh,CGWB,20,Jharkhand,331,GUMLA,KOLEBIRA,KOLEBIRA,Lachargarh,-,-,-,-,-,-,22.66000000,84.83666667,25-05-2011 00:00,8.38,444,"",30,122,"",46,"","","","","",165,46,12,25,"","","","","","","","","","",""
984,Lachargarh,CGWB,20,Jharkhand,331,GUMLA,KOLEBIRA,KOLEBIRA,Lachargarh,-,-,-,-,-,-,22.66000000,84.83666667,25-05-2012 00:00,8,628,"",0,183,"",92,"",22,"","","",235,60,20.74,36,"","","","","","","","","","",""
985,Ladnapiri,CGWB,20,Jharkhand,339,RANCHI,-,-,-,-,-,-,-,-,-,23.39388900,85.35361100,30-05-2021 08:00,7.28,1245,809.25,0,298.9,"",165.77359,"",45,0.11,"","",459.5955,103.0302,49.131264,72,"","","","","","","","","","",""
986,Lalganj,CGWB,20,Jharkhand,339,RANCHI,NAMKUM,NAMKUM,Lalganj,-,-,-,-,-,-,23.38361111,85.41500000,30-05-2021 08:00,7.61,926,601.9,0,335.5,"",92.49741,"",28,"","","",260,58,27.968,89,"","","","","","","","","","",""
987,Lalmatia,CGWB,20,Jharkhand,330,GODDA,BOARIJOR,BOARIJOR,Lalmatia,-,-,-,-,-,-,25.05000000,87.36666667,25-05-2002 00:00,8.67,600,"",12,110,"",99,"","","","","",170,24,26.77,45,"","","","","","","","","","",""
988,Lalmatia,CGWB,20,Jharkhand,330,GODDA,BOARIJOR,BOARIJOR,Lalmatia,-,-,-,-,-,-,25.05000000,87.36666667,25-05-2005 00:00,7.99,730,"",0,214,"",78,"","","","","",200,48,19.51,69,"","","","","","","","","","",""
989,Lalmatia,CGWB,20,Jharkhand,330,GODDA,BOARIJOR,BOARIJOR,Lalmatia,-,-,-,-,-,-,25.05000000,87.36666667,25-05-2012 00:00,8,649,"",0,274,"",64,"",0,"","","",215,28,35,39,"","","","","","","","","","",""
990,Latehar,CGWB,20,Jharkhand,338,PALAMAU,LATEHAR,LATEHAR,Latehar,-,-,-,-,-,-,23.74583333,84.40833333,25-05-2001 00:00,8.42,640,"",12,92,"",82,"","","","","",225,68,13,35,"","","","","","","","","","",""
991,Latehar,CGWB,20,Jharkhand,338,PALAMAU,LATEHAR,LATEHAR,Latehar,-,-,-,-,-,-,23.74583333,84.40833333,25-05-2004 00:00,7.46,740,"",0,324,"",99,"","","","","",265,63,26.21,42,"","","","","","","","","","",""
992,Latehar,CGWB,20,Jharkhand,338,PALAMAU,LATEHAR,LATEHAR,Latehar,-,-,-,-,-,-,23.74583333,84.40833333,25-05-2008 00:00,8.44,520,"",12,79,"",67,"","","","","",160,48,9.7,39,"","","","","","","","","","",""
993,Latehar,CGWB,20,Jharkhand,338,PALAMAU,LATEHAR,LATEHAR,Latehar,-,-,-,-,-,-,23.74583333,84.40833333,25-05-2009 00:00,7.12,620,"",0,98,"",82,"","","","","",155,48,8.5,72,"","","","","","","","","","",""
994,Latehar,CGWB,20,Jharkhand,338,PALAMAU,LATEHAR,LATEHAR,Latehar,-,-,-,-,-,-,23.74583333,84.40833333,25-05-2010 00:00,8.3,440,"",12,55,"",60,"","","","","",135,44,6,28,"","","","","","","","","","",""
995,Latehar,CGWB,20,Jharkhand,338,PALAMAU,LATEHAR,LATEHAR,Latehar,-,-,-,-,-,-,23.74583333,84.40833333,25-05-2011 00:00,8.45,440,"",12,55,"",60,"","","","","",135,44,6,28,"","","","","","","","","","",""
996,Latehar,CGWB,20,Jharkhand,338,PALAMAU,LATEHAR,LATEHAR,Latehar,-,-,-,-,-,-,23.74583333,84.40833333,30-05-2019 08:00,7.52,316,790.4,0,123,"",14.2,"",26.71,"","","",110,18,15.795,20.32,"","","","","","","","","","",""
997,Latehar,CGWB,20,Jharkhand,338,PALAMAU,LATEHAR,LATEHAR,Latehar,-,-,-,-,-,-,23.74583333,84.40833333,30-05-2020 08:00,7.52,316,"","",123,"",14.2,"",26.71,"","","","",18,15.795,20.32,"","","","","","","","","","",""
998,Lesliganj,CGWB,20,Jharkhand,338,PALAMAU,LESLIEGANJ,LESLIEGANJ,Lesliganj,-,-,-,-,-,-,24.04583333,84.22500000,25-05-2001 00:00,8.45,1200,"",12,55,"",256,"","","","","",450,104,46,62,"","","","","","","","","","",""
999,Lesliganj,CGWB,20,Jharkhand,338,PALAMAU,LESLIEGANJ,LESLIEGANJ,Lesliganj,-,-,-,-,-,-,24.04583333,84.22500000,25-05-2010 00:00,8.3,1263,"",6,226,"",216,"","","","","",365,80,40,90,"","","","","","","","","","",""
1000,Lesliganj,CGWB,20,Jharkhand,338,PALAMAU,LESLIEGANJ,LESLIEGANJ,Lesliganj,-,-,-,-,-,-,24.04583333,84.22500000,25-05-2011 00:00,8.41,1263,"",6,226,"",216,"","","","","",365,80,40,90,"","","","","","","","","","",""
1001,Lesliganj,CGWB,20,Jharkhand,338,PALAMAU,LESLIEGANJ,LESLIEGANJ,Lesliganj,-,-,-,-,-,-,24.04583333,84.22500000,30-05-2019 08:00,7.49,811,332.15,0,110.7,"",145,"",52.59,"","","",240,52,26.73,59.6,"","","","","","","","","","",""
1002,Lesliganj,CGWB,20,Jharkhand,338,PALAMAU,LESLIEGANJ,LESLIEGANJ,Lesliganj,-,-,-,-,-,-,24.04583333,84.22500000,30-05-2020 08:00,7.49,811,"","",110.7,"",145,"",52.59,"","","","",52,26.73,59.6,"","","","","","","","","","",""
1003,Litipara,CGWB,20,Jharkhand,337,Pakur,LITIPARA,LITIPARA,Litipara,-,-,-,-,-,-,24.70694444,87.63000000,25-05-2005 00:00,8.35,450,"","",134,"",21,"","","","","",120,16,19.47,39,"","","","","","","","","","",""
1004,Litipara,CGWB,20,Jharkhand,337,Pakur,LITIPARA,LITIPARA,Litipara,-,-,-,-,-,-,24.70694444,87.63000000,25-05-2008 00:00,8.05,950,"",0,195,"",188,"","","","","",250,86,8.5,95,"","","","","","","","","","",""
1005,Litipara,CGWB,20,Jharkhand,337,Pakur,LITIPARA,LITIPARA,Litipara,-,-,-,-,-,-,24.70694444,87.63000000,25-05-2009 00:00,7.95,1320,"",0,171,"",249,"","","","","",500,144,34,64,"","","","","","","","","","",""
1006,Litipara,CGWB,20,Jharkhand,337,Pakur,LITIPARA,LITIPARA,Litipara,-,-,-,-,-,-,24.70694444,87.63000000,25-05-2010 00:00,7.3,927,"",0,201,"",160,"","","","","",165,52,8.5,107,"","","","","","","","","","",""
1007,Litipara,CGWB,20,Jharkhand,337,Pakur,LITIPARA,LITIPARA,Litipara,-,-,-,-,-,-,24.70694444,87.63000000,25-05-2011 00:00,7.94,790,"",0,166.05,"",159.52,"","","","","",180,40,19.44,82,"","","","","","","","","","",""
1008,Litipara,CGWB,20,Jharkhand,337,Pakur,LITIPARA,LITIPARA,Litipara,-,-,-,-,-,-,24.70694444,87.63000000,25-05-2012 00:00,8.04,305,"",0,305,"",312,"",19,"","","",415,116,30.53,96,"","","","","","","","","","",""
1009,Lodhlisol (Kalapathar),CGWB,20,Jharkhand,327,EAST  SINGHBHUM (Jamshedpur),-,-,-,-,-,-,-,-,-,22.44055600,86.73722200,30-05-2019 08:00,7.3,299,228.8,0,19,"",38,"",3,"","","",89,32,5,11.2,"","","","","","","","","","",""
1010,Lodhlisol (Kalapathar),CGWB,20,Jharkhand,327,EAST  SINGHBHUM (Jamshedpur),-,-,-,-,-,-,-,-,-,22.44055600,86.73722200,30-05-2020 08:00,7.3,299,"",0,19,"",38,"",3,"","","","",32,5,11.2,"","","","","","","","","","",""
1011,Lodhma,CGWB,20,Jharkhand,606,Khunti,-,-,-,-,-,-,-,-,-,23.23750000,85.19750000,30-05-2019 08:00,7.8,136,77.35,"",75,"",7.1,"",0,"","","",20,6,1.215,20,"","","","","","","","","","",""
1012,Lodhma,CGWB,20,Jharkhand,606,Khunti,-,-,-,-,-,-,-,-,-,23.23750000,85.19750000,30-05-2020 08:00,7.8,136,"","",75,"",7.1,"",0,"","","","",6,1.215,20,"","","","","","","","","","",""
1013,Lodma,CGWB,20,Jharkhand,339,RANCHI,KARRA,KARRA,Lodma,-,-,-,-,-,-,23.23194444,85.19722222,25-05-2004 00:00,7.99,360,"",0,98,"",92,"","","","","",118,26,13,36,"","","","","","","","","","",""
1014,Lodma,CGWB,20,Jharkhand,339,RANCHI,KARRA,KARRA,Lodma,-,-,-,-,-,-,23.23194444,85.19722222,25-05-2005 00:00,7.53,180,"",0,43,"",21,"",2.9,"","","",65,18,4.88,8.5,"","","","","","","","","","",""
1015,Lodma,CGWB,20,Jharkhand,339,RANCHI,KARRA,KARRA,Lodma,-,-,-,-,-,-,23.23194444,85.19722222,25-05-2007 00:00,7,547,"","",207,169.7,78,"","","","","",140,32,14.63,56,"","","","","","","","","","",""
1016,Lodma,CGWB,20,Jharkhand,339,RANCHI,KARRA,KARRA,Lodma,-,-,-,-,-,-,23.23194444,85.19722222,25-05-2011 00:00,7.38,380,"",3,110.7,"",53.17,"","","","","",118,26,13.36,33,"","","","","","","","","","",""
1017,Lodma,CGWB,20,Jharkhand,339,RANCHI,KARRA,KARRA,Lodma,-,-,-,-,-,-,23.23194444,85.19722222,25-05-2012 00:00,6.94,170,"",0,100,"",23,"",3,"","","",60,19,3,21,"","","","","","","","","","",""
1018,Lodma,CGWB,20,Jharkhand,339,RANCHI,KARRA,KARRA,Lodma,-,-,-,-,-,-,23.23194444,85.19722222,25-05-2013 00:00,6.78,175,"",0,100,"",23,"",3,"","","",60,19,3,21,"","","","","","","","","","",""
1019,Lohardaga(Patra Toli),CGWB,20,Jharkhand,336,LOHARDAGA,LOHARDAGA,LOHARDAGA,Lohardaga(Patra Toli),-,-,-,-,-,-,23.47944444,84.71194444,25-05-2012 00:00,6.99,1090,"",0,140,"",258,"",73,"","","",684,173,60,9,"","","","","","","","","","",""
1020,Lohardaga(pwdib,CGWB,20,Jharkhand,336,LOHARDAGA,LOHARDAGA,LOHARDAGA,Lohardaga(pwdib,-,-,-,-,-,-,23.46666667,84.70000000,25-05-2002 00:00,7.44,1171,"","","","","","","","","","","","","","","","","","","","","","","","",""
1021,Lohardaga(pwdib,CGWB,20,Jharkhand,336,LOHARDAGA,LOHARDAGA,LOHARDAGA,Lohardaga(pwdib,-,-,-,-,-,-,23.46666667,84.70000000,25-05-2003 00:00,7.46,1198,"","","","","","","","","","","","","","","","","","","","","","","","",""
1022,Lohardaga(pwdib,CGWB,20,Jharkhand,336,LOHARDAGA,LOHARDAGA,LOHARDAGA,Lohardaga(pwdib,-,-,-,-,-,-,23.46666667,84.70000000,25-05-2004 00:00,7.58,800,"",0,220,"",138,"","","","","",305,78,26,55,"","","","","","","","","","",""
1023,Lohardaga(pwdib,CGWB,20,Jharkhand,336,LOHARDAGA,LOHARDAGA,LOHARDAGA,Lohardaga(pwdib,-,-,-,-,-,-,23.46666667,84.70000000,25-05-2007 00:00,7.4,911,"","",481.9,395,145.5,"","","","","",370,100,29.3,52,"","","","","","","","","","",""
1024,Lohardaga(pwdib,CGWB,20,Jharkhand,336,LOHARDAGA,LOHARDAGA,LOHARDAGA,Lohardaga(pwdib,-,-,-,-,-,-,23.46666667,84.70000000,25-05-2009 00:00,7.31,1442,"",0,146,"",209,"","","","","",410,78,52,112,"","","","","","","","","","",""
1025,Lohardaga(pwdib,CGWB,20,Jharkhand,336,LOHARDAGA,LOHARDAGA,LOHARDAGA,Lohardaga(pwdib,-,-,-,-,-,-,23.46666667,84.70000000,25-05-2010 00:00,7.3,1260,"",48,390,"",160,"","","","","",460,96,53,79,"","","","","","","","","","",""
1026,Lohardaga(pwdib,CGWB,20,Jharkhand,336,LOHARDAGA,LOHARDAGA,LOHARDAGA,Lohardaga(pwdib,-,-,-,-,-,-,23.46666667,84.70000000,25-05-2011 00:00,8.85,1260,"",48,390,"",160,"","","","","",460,96,53,79,"","","","","","","","","","",""
1027,Lohardaga(pwdib,CGWB,20,Jharkhand,336,LOHARDAGA,LOHARDAGA,LOHARDAGA,Lohardaga(pwdib,-,-,-,-,-,-,23.46666667,84.70000000,25-05-2013 00:00,7.22,1092,"",0,140,"",258,"",73,"","","",684,173,60,9,"","","","","","","","","","",""
1028,Lowadih,CGWB,20,Jharkhand,339,RANCHI,NAMKUM,NAMKUM,Lowadih,-,-,-,-,-,-,23.35944444,85.36194444,30-05-2019 08:00,7.74,1107,602.55,"",264.45,"",147.6,"",57.34,"","","",285,70,26.73,120.36,"","","","","","","","","","",""
1029,Lowadih,CGWB,20,Jharkhand,339,RANCHI,NAMKUM,NAMKUM,Lowadih,-,-,-,-,-,-,23.35944444,85.36194444,30-05-2020 08:00,7.74,1107,"","",264.45,"",147.6,"",57.34,"","","","",70,26.73,120.36,"","","","","","","","","","",""
1030,Lowadih,CGWB,20,Jharkhand,339,RANCHI,NAMKUM,NAMKUM,Lowadih,-,-,-,-,-,-,23.35944444,85.36194444,30-05-2021 08:00,7.62,965,627.25,0,311.1,"",112.49685,"",45,"","","",285,78,21.888,88,"","","","","","","","","","",""
1031,Madhupur,CGWB,20,Jharkhand,324,DEOGHAR,MADHUPUR,MADHUPUR,Madhupur,-,-,-,-,-,-,24.27916667,86.63750000,25-05-2005 00:00,8.57,1030,"",3,98,"",185,"","","","","",340,46,54.76,74,"","","","","","","","","","",""
1032,Madhupur,CGWB,20,Jharkhand,324,DEOGHAR,MADHUPUR,MADHUPUR,Madhupur,-,-,-,-,-,-,24.27916667,86.63750000,25-05-2006 00:00,7.85,1400,"",0,195,"",249,"","","","","",500,126,45.13,87,"","","","","","","","","","",""
1033,Madhupur,CGWB,20,Jharkhand,324,DEOGHAR,MADHUPUR,MADHUPUR,Madhupur,-,-,-,-,-,-,24.27916667,86.63750000,25-05-2008 00:00,7.72,1130,"",0,238,"",160,"","","","","",340,98,23,92,"","","","","","","","","","",""
1034,Madhupur,CGWB,20,Jharkhand,324,DEOGHAR,MADHUPUR,MADHUPUR,Madhupur,-,-,-,-,-,-,24.27916667,86.63750000,25-05-2009 00:00,7.88,1100,"",0,244,"",107,"","","","","",240,72,15,138,"","","","","","","","","","",""
1035,Madhupur,CGWB,20,Jharkhand,324,DEOGHAR,MADHUPUR,MADHUPUR,Madhupur,-,-,-,-,-,-,24.27916667,86.63750000,25-05-2010 00:00,7.4,1118,"",0,274,"",117,"","","","","",315,64,38,33,"","","","","","","","","","",""
1036,Madhupur,CGWB,20,Jharkhand,324,DEOGHAR,MADHUPUR,MADHUPUR,Madhupur,-,-,-,-,-,-,24.27916667,86.63750000,25-05-2012 00:00,7.8,1427,"",0,427,"",206,"",0,"","","",475,80,66.96,103,"","","","","","","","","","",""
1037,Madhupur,CGWB,20,Jharkhand,324,DEOGHAR,MADHUPUR,MADHUPUR,Madhupur,-,-,-,-,-,-,24.27916667,86.63750000,25-05-2013 00:00,7.8,1430,"",0,427,"",206,"",36,"","","",475,80,66.96,103,"","","","","","","","","","",""
1038,Madhupur1,CGWB,20,Jharkhand,324,DEOGHAR,MADHUPUR,MADHUPUR,Madhupur,-,-,-,-,-,-,24.27944444,86.63777778,25-05-2003 00:00,7.39,1000,"","","","","","","","","","","","","","","","","","","","","","","","",""
1039,Madrsachauk,CGWB,20,Jharkhand,336,LOHARDAGA,KURU,KURU,Madrsachauk,-,-,-,-,-,-,23.53361111,84.84750000,25-05-2003 00:00,8.53,320,"","","","","","","","","","","","","","","","","","","","","","","","",""
1040,Mahagama,CGWB,20,Jharkhand,330,GODDA,MAHAGAMA,MAHAGAMA,Mahagama,-,-,-,-,-,-,25.03750000,87.32250000,25-05-2002 00:00,7.56,720,"",0,329,"",46,"","","","","",290,80,21.98,24,"","","","","","","","","","",""
1041,Mahagama,CGWB,20,Jharkhand,330,GODDA,MAHAGAMA,MAHAGAMA,Mahagama,-,-,-,-,-,-,25.03750000,87.32250000,25-05-2005 00:00,8.18,940,"",0,292,"",142,"","","","","",395,48,66.92,40,"","","","","","","","","","",""
1042,Maheshmunda1,CGWB,20,Jharkhand,329,GIRIDIH,GANDE,GANDE,Maheshmunda,-,-,-,-,-,-,24.21111111,86.41083333,25-05-2012 00:00,8.2,550,"",0,171,"",92,"","","","","",240,64,19.53,6.9,"","","","","","","","","","",""
1043,Maheshmunda1,CGWB,20,Jharkhand,329,GIRIDIH,GANDE,GANDE,Maheshmunda,-,-,-,-,-,-,24.21111111,86.41083333,25-05-2013 00:00,8.1,550,"",0,171,"",92,"",0,"","","",240,64,19.53,6.9,"","","","","","","","","","",""
1044,Maheshmunda1,CGWB,20,Jharkhand,329,GIRIDIH,GANDE,GANDE,Maheshmunda,-,-,-,-,-,-,24.21111111,86.41083333,30-05-2019 08:00,8.11,294,487.5,"",86.1,"",22.852,"",15.08,"","","",86.787735,22.376,7.496,19.688,"","","","","","","","","","",""
1045,Maheshmunda1,CGWB,20,Jharkhand,329,GIRIDIH,GANDE,GANDE,Maheshmunda,-,-,-,-,-,-,24.21111111,86.41083333,30-05-2020 08:00,8.11,294,"","",86.1,"",22.852,"",15.08,"","","","",22.376,7.496,19.688,"","","","","","","","","","",""
1046,Maheshpur2,CGWB,20,Jharkhand,337,Pakur,MAHESHPUR,MAHESHPUR,Maheshpur,-,-,-,-,-,-,24.44583333,87.79500000,25-05-2005 00:00,8.14,400,"",0,146,"",36,"","","","","",140,44,7.35,20,"","","","","","","","","","",""
1047,Maheshpur2,CGWB,20,Jharkhand,337,Pakur,MAHESHPUR,MAHESHPUR,Maheshpur,-,-,-,-,-,-,24.44583333,87.79500000,25-05-2009 00:00,7.75,540,"",0,146,"",50,"","","","","",175,44,16,37,"","","","","","","","","","",""
1048,Maheshpur2,CGWB,20,Jharkhand,337,Pakur,MAHESHPUR,MAHESHPUR,Maheshpur,-,-,-,-,-,-,24.44583333,87.79500000,25-05-2012 00:00,7.8,369,"",0,146,"",28,"",0,"","","",65,16,6.1,44,"","","","","","","","","","",""
1049,Maheshpur templ,CGWB,20,Jharkhand,326,DUMKA,GOPIKANDAR,GOPIKANDAR,Maheshpur templ,-,-,-,-,-,-,24.38472222,87.52777778,25-05-2013 00:00,7.88,369,"",0,146,"",28,"",0,"","","",65,16,6,44,"","","","","","","","","","",""
1050,Mahuda,CGWB,20,Jharkhand,325,DHANBAD,BAGHMARA CUM KATRAS,BAGHMARA CUM KATRAS,Mahuda,-,-,-,-,-,-,23.75000000,86.25000000,25-05-2007 00:00,7.5,1120,"","",262,214.8,156,"","","","","",370,76,43.86,81,"","","","","","","","","","",""
1051,Mahuda,CGWB,20,Jharkhand,322,BOKARO,BERMO,BERMO,Mahuda,-,-,-,-,-,-,23.75027778,86.17500000,25-05-2008 00:00,7.6,1580,"",0,525,"",121,"","","","","",525,140,43,110,"","","","","","","","","","",""
1052,Mahuda,CGWB,20,Jharkhand,325,DHANBAD,BAGHMARA CUM KATRAS,BAGHMARA CUM KATRAS,Mahuda,-,-,-,-,-,-,23.75000000,86.25000000,25-05-2011 00:00,7.14,1273,"",0,289.05,"",67.35,"","","","","",345,26,68.04,52.13,"","","","","","","","","","",""
1053,Mahuda,CGWB,20,Jharkhand,325,DHANBAD,BAGHMARA CUM KATRAS,BAGHMARA CUM KATRAS,Rajganj,-,-,-,-,-,-,23.84722222,86.23722222,30-05-2019 08:00,8,963,543.4,"",479.7,"",51.225,"",36.25,"","","",283.29218,20,56.69,86.111,"","","","","","","","","","",""
1054,Mahuda,CGWB,20,Jharkhand,325,DHANBAD,BAGHMARA CUM KATRAS,BAGHMARA CUM KATRAS,Rajganj,-,-,-,-,-,-,23.84722222,86.23722222,30-05-2020 08:00,8,963,"","",479.7,"",51.225,"",36.25,"","","","",20,56.69,86.111,"","","","","","","","","","",""
1055,Malgo,CGWB,20,Jharkhand,339,RANCHI,KARRA,KARRA,Malgo,-,-,-,-,-,-,23.16027778,85.15944444,30-05-2019 08:00,7.6,108,136.5,"",30,"",21.3,"",0.09,"","","",30,10,1.215,12,"","","","","","","","","","",""
1056,Malgo,CGWB,20,Jharkhand,339,RANCHI,KARRA,KARRA,Malgo,-,-,-,-,-,-,23.16027778,85.15944444,30-05-2020 08:00,7.6,108,"","",30,"",21.3,"",0.09,"","","","",10,1.215,12,"","","","","","","","","","",""
1057,Mandal,CGWB,20,Jharkhand,338,PALAMAU,CHAINPUR (BASHANDI),CHAINPUR (BASHANDI),Mandal,-,-,-,-,-,-,23.75833333,83.99166667,25-05-2004 00:00,7.56,435,"",0,218,"",53,"","","","","",134,28,15.59,45,"","","","","","","","","","",""
1058,Mandar,CGWB,20,Jharkhand,339,RANCHI,MANDAR,MANDAR,Mandar,-,-,-,-,-,-,23.45694444,85.08888889,25-05-2003 00:00,7.44,523,"","","","","","","","","","","","","","","","","","","","","","","","",""
1059,Mandar,CGWB,20,Jharkhand,339,RANCHI,MANDAR,MANDAR,Mandar,-,-,-,-,-,-,23.45694444,85.08888889,25-05-2004 00:00,7.94,580,"",0,90,"",142,"","","","","",153,44,10,64,"","","","","","","","","","",""
1060,Mandar,CGWB,20,Jharkhand,339,RANCHI,MANDAR,MANDAR,Mandar,-,-,-,-,-,-,23.45694444,85.08888889,25-05-2005 00:00,7.32,600,"",0,92,"",106,"",18,"","","",170,56,7.36,55,"","","","","","","","","","",""
1061,Mandar,CGWB,20,Jharkhand,339,RANCHI,MANDAR,MANDAR,Mandar,-,-,-,-,-,-,23.45694444,85.08888889,25-05-2007 00:00,6.8,883,"","",232,190.2,149,"","","","","",220,76,7.39,82,"","","","","","","","","","",""
1062,Mandar,CGWB,20,Jharkhand,339,RANCHI,MANDAR,MANDAR,Mandar,-,-,-,-,-,-,23.45694444,85.08888889,25-05-2008 00:00,6.65,843,"",0,116,"",142,"","","","","",220,74,8.5,80,"","","","","","","","","","",""
1063,Mandar,CGWB,20,Jharkhand,339,RANCHI,MANDAR,MANDAR,Mandar,-,-,-,-,-,-,23.45694444,85.08888889,25-05-2009 00:00,7.75,680,"",0,104,"",142,"","","","","",175,24,28,64,"","","","","","","","","","",""
1064,Mandar,CGWB,20,Jharkhand,339,RANCHI,MANDAR,MANDAR,Mandar,-,-,-,-,-,-,23.45694444,85.08888889,25-05-2010 00:00,7.6,715,"",0,110.7,"",138.3,"","","","","",215,54,19.4,47.5,"","","","","","","","","","",""
1065,Mandar,CGWB,20,Jharkhand,339,RANCHI,MANDAR,MANDAR,Mandar,-,-,-,-,-,-,23.45694444,85.08888889,25-05-2012 00:00,7.13,470,"",0,140,"",142,"",55,"","","",256,80,13.71,13,"","","","","","","","","","",""
1066,Mandar,CGWB,20,Jharkhand,339,RANCHI,MANDAR,MANDAR,Mandar,-,-,-,-,-,-,23.45694444,85.08888889,25-05-2013 00:00,7.12,468,"",0,140,"",145,"",55,"","","",255,80,13.47,12,"","","","","","","","","","",""
1067,Mandro,CGWB,20,Jharkhand,340,Sahebganj,BORIO,BORIO,Mandro,-,-,-,-,-,-,25.14583333,87.50694444,25-05-2004 00:00,7.6,830,"",0,116,"",146,"","","","","",235,52,25.59,68,"","","","","","","","","","",""
1068,Mandro,CGWB,20,Jharkhand,340,Sahebganj,BORIO,BORIO,Mandro,-,-,-,-,-,-,25.14583333,87.50694444,25-05-2009 00:00,7.15,1720,"",0,342,"",206,"","","","","",390,92,39,175,"","","","","","","","","","",""
1069,Mandro,CGWB,20,Jharkhand,340,Sahebganj,BORIO,BORIO,Mandro,-,-,-,-,-,-,25.14583333,87.50694444,25-05-2012 00:00,8.04,1240,"",0,293,"",255,"",0.96,"","","",330,72,36.56,94,"","","","","","","","","","",""
1070,Mandro,CGWB,20,Jharkhand,340,Sahebganj,BORIO,BORIO,Mandro,-,-,-,-,-,-,25.14583333,87.50694444,25-05-2013 00:00,7.58,1237,"",0,293,"",255,"",0.78,"","","",330,72,36.56,94,"","","","","","","","","","",""
1071,Mandro,CGWB,20,Jharkhand,340,Sahebganj,BORIO,BORIO,Mandro,-,-,-,-,-,-,25.14583333,87.50694444,30-05-2019 08:00,7.65,1850,1671.15,"",553.5,"",174.6,"",97.3,"","","",529.34155,138,44.795,133.5,"","","","","","","","","","",""
1072,Mandro,CGWB,20,Jharkhand,340,Sahebganj,BORIO,BORIO,Mandro,-,-,-,-,-,-,25.14583333,87.50694444,30-05-2020 08:00,7.65,1850,"","",553.5,"",174.6,"",97.3,"","","","",138,44.795,133.5,"","","","","","","","","","",""
1073,Mandu,CGWB,20,Jharkhand,332,HAZARIBAG,MANDU,MANDU,Mandu,-,-,-,-,-,-,23.80833333,85.46666667,25-05-2002 00:00,9.59,466,"","","","","","","","","","","","","","","","","","","","","","","","",""
1074,Mandu,CGWB,20,Jharkhand,332,HAZARIBAG,MANDU,MANDU,Mandu,-,-,-,-,-,-,23.80833333,85.46666667,25-05-2005 00:00,8.26,440,"",0,159,"",21,"","","","","",170,52,9.79,16,"","","","","","","","","","",""
1075,Mandu,CGWB,20,Jharkhand,332,HAZARIBAG,MANDU,MANDU,Mandu,-,-,-,-,-,-,23.80833333,85.46666667,25-05-2007 00:00,8.08,400,"","",165,135.3,21,"","","","","",140,48,4.92,21,"","","","","","","","","","",""
1076,Mandu,CGWB,20,Jharkhand,332,HAZARIBAG,MANDU,MANDU,Mandu,-,-,-,-,-,-,23.80833333,85.46666667,25-05-2008 00:00,7.8,550,"",0,226,"",43,"","","","","",190,64,7.3,30,"","","","","","","","","","",""
1077,Mandu,CGWB,20,Jharkhand,332,HAZARIBAG,MANDU,MANDU,Mandu,-,-,-,-,-,-,23.80833333,85.46666667,25-05-2009 00:00,7.89,670,"",0,226,"",35.45,"","","","","",185,52,13,70,"","","","","","","","","","",""
1078,Mandu,CGWB,20,Jharkhand,332,HAZARIBAG,MANDU,MANDU,Mandu,-,-,-,-,-,-,23.80833333,85.46666667,25-05-2010 00:00,7.2,534,"",0,159,"",25,"","","","","",195,54,15,32,"","","","","","","","","","",""
1079,Mandu,CGWB,20,Jharkhand,332,HAZARIBAG,MANDU,MANDU,Mandu,-,-,-,-,-,-,23.80833333,85.46666667,25-05-2012 00:00,8.1,620,"",0,195,"",71,"",0,"","","",180,64,5,51,"","","","","","","","","","",""
1080,Manika,CGWB,20,Jharkhand,338,PALAMAU,MANIKA,MANIKA,Manika,-,-,-,-,-,-,23.85000000,84.34583333,25-05-2006 00:00,8.09,960,"",0,159,"",163,"",50,"","","",370,76,43.86,50,"","","","","","","","","","",""
1081,Manika,CGWB,20,Jharkhand,338,PALAMAU,MANIKA,MANIKA,Manika,-,-,-,-,-,-,23.85000000,84.34583333,25-05-2008 00:00,7.43,1350,"",0,336,"",241,"","","","","",550,168,32,46,"","","","","","","","","","",""
1082,Manika,CGWB,20,Jharkhand,338,PALAMAU,MANIKA,MANIKA,Manika,-,-,-,-,-,-,23.85000000,84.34583333,25-05-2009 00:00,7.36,1438,"",0,262,"",177,"","","","","",420,120,29,73,"","","","","","","","","","",""
1083,Manika,CGWB,20,Jharkhand,338,PALAMAU,MANIKA,MANIKA,Manika,-,-,-,-,-,-,23.85000000,84.34583333,25-05-2010 00:00,8.3,1460,"","",323,"",223,"","","","","",505,124,47,46,"","","","","","","","","","",""
1084,Manika,CGWB,20,Jharkhand,338,PALAMAU,MANIKA,MANIKA,Manika,-,-,-,-,-,-,23.85000000,84.34583333,25-05-2011 00:00,8.14,1460,"",0,323,"",223,"","","","","",505,124,47,46,"","","","","","","","","","",""
1085,Manika,CGWB,20,Jharkhand,338,PALAMAU,MANIKA,MANIKA,Manika,-,-,-,-,-,-,23.85000000,84.34583333,25-05-2012 00:00,7.4,1020,"",0,61,"",241,"",72,"","","",350,108,19.58,66,"","","","","","","","","","",""
1086,Manika,CGWB,20,Jharkhand,338,PALAMAU,MANIKA,MANIKA,Manika,-,-,-,-,-,-,23.85000000,84.34583333,30-05-2019 08:00,7.45,1216,191.75,0,129.15,"",219,"",74.42,"","","",425,106,38.88,56.67,"","","","","","","","","","",""
1087,Manika,CGWB,20,Jharkhand,338,PALAMAU,MANIKA,MANIKA,Manika,-,-,-,-,-,-,23.85000000,84.34583333,30-05-2020 08:00,7.45,1216,"","",129.15,"",219,"",74.42,"","","","",106,38.88,56.67,"","","","","","","","","","",""
1088,Mani Tola (Doranda),CGWB,20,Jharkhand,339,RANCHI,-,-,-,-,-,-,-,-,-,23.33083300,85.32000000,30-05-2019 08:00,7.88,302,88.4,"",71.2,"",35.45,"",9.34,"","","",80,20,7.29,34.5,"","","","","","","","","","",""
1089,Mani Tola (Doranda),CGWB,20,Jharkhand,339,RANCHI,-,-,-,-,-,-,-,-,-,23.33083300,85.32000000,30-05-2020 08:00,7.88,302,"","",71.2,"",35.45,"",9.34,"","","","",20,7.29,34.5,"","","","","","","","","","",""
1090,Manjhian,CGWB,20,Jharkhand,328,GARHWA,MAJHIAON,MAJHIAON,Manjhian,-,-,-,-,-,-,24.32277778,83.82277778,30-05-2019 08:00,7.79,560,347.1,0,116.85,"",74,"",52.59,"","","",220,42,27.945,23.8,"","","","","","","","","","",""
1091,Manjhian,CGWB,20,Jharkhand,328,GARHWA,MAJHIAON,MAJHIAON,Manjhian,-,-,-,-,-,-,24.32277778,83.82277778,30-05-2020 08:00,7.79,560,"","",116.85,"",74,"",52.59,"","","","",42,27.945,23.8,"","","","","","","","","","",""
1092,Mariyamman Temple,CGWB,20,Jharkhand,327,EAST  SINGHBHUM (Jamshedpur),-,-,-,-,-,-,-,-,-,22.78416700,86.23583300,30-05-2019 08:00,7.8,575,683.8,0,362,"",48,"",5,"","","",29,91,15,58,"","","","","","","","","","",""
1093,Mariyamman Temple,CGWB,20,Jharkhand,327,EAST  SINGHBHUM (Jamshedpur),-,-,-,-,-,-,-,-,-,22.78416700,86.23583300,30-05-2020 08:00,7.8,575,"",0,362,"",48,"",5,"","","","",91,15,58,"","","","","","","","","","",""
1094,Masalia,CGWB,20,Jharkhand,326,DUMKA,MASALIA,MASALIA,Masalia,-,-,-,-,-,-,24.15833333,87.18611111,25-05-2004 00:00,7.07,700,"",0,177,"",82,"","","","","",200,38,25.58,64,"","","","","","","","","","",""
1095,Masalia,CGWB,20,Jharkhand,326,DUMKA,MASALIA,MASALIA,Masalia,-,-,-,-,-,-,24.15833333,87.18611111,25-05-2005 00:00,8.26,550,"",0,244,"",28,"","","","","",150,16,26.76,52,"","","","","","","","","","",""
1096,Masalia,CGWB,20,Jharkhand,326,DUMKA,MASALIA,MASALIA,Masalia,-,-,-,-,-,-,24.15833333,87.18611111,25-05-2006 00:00,8.22,650,"",0,207,"",71,"","","","","",185,52,13.44,58,"","","","","","","","","","",""
1097,Masalia,CGWB,20,Jharkhand,326,DUMKA,MASALIA,MASALIA,Masalia,-,-,-,-,-,-,24.15833333,87.18611111,25-05-2009 00:00,7.69,880,"",0,232,"",85,"","","","","",150,56,2.4,127,"","","","","","","","","","",""
1098,Masalia,CGWB,20,Jharkhand,326,DUMKA,MASALIA,MASALIA,Masalia,-,-,-,-,-,-,24.15833333,87.18611111,25-05-2010 00:00,7.4,573,"",0,329,"",11,"","","","","",130,16,22,62,"","","","","","","","","","",""
1099,Masalia,CGWB,20,Jharkhand,326,DUMKA,MASALIA,MASALIA,Masalia,-,-,-,-,-,-,24.15833333,87.18611111,25-05-2011 00:00,7.33,665,"",0,366,"",18,"","","","","",175,26,27,70,"","","","","","","","","","",""
1100,Masalia,CGWB,20,Jharkhand,326,DUMKA,MASALIA,MASALIA,Masalia,-,-,-,-,-,-,24.15833333,87.18611111,25-05-2012 00:00,8.1,717,"",0,207,"",92,"",0,"","","",160,24,24,66,"","","","","","","","","","",""
1101,Masalia,CGWB,20,Jharkhand,326,DUMKA,MASALIA,MASALIA,Masalia,-,-,-,-,-,-,24.15833333,87.18611111,25-05-2013 00:00,7.88,710,"",0,207,"",92,"",0,"","","",160,24,24,70,"","","","","","","","","","",""
1102,Masalia,CGWB,20,Jharkhand,326,DUMKA,MASALIA,MASALIA,Masalia,-,-,-,-,-,-,24.15833333,87.18611111,30-05-2019 08:00,8.39,581,538.2,12,209.1,"",61.8,"",45.61,"","","",205,26,34.02,45.18,"","","","","","","","","","",""
1103,Masalia,CGWB,20,Jharkhand,326,DUMKA,MASALIA,MASALIA,Masalia,-,-,-,-,-,-,24.15833333,87.18611111,30-05-2020 08:00,8.39,581,"","",209.1,"",61.8,"",45.61,"","","","",26,34.02,45.18,"","","","","","","","","","",""
1104,Masanjor,CGWB,20,Jharkhand,326,DUMKA,DUMKA,DUMKA,Masanjor,-,-,-,-,-,-,24.10833333,87.31944444,25-05-2004 00:00,6.88,270,"",0,98,"",11,"","","","","",100,18,13.39,12,"","","","","","","","","","",""
1105,Masanjor,CGWB,20,Jharkhand,326,DUMKA,DUMKA,DUMKA,Masanjor,-,-,-,-,-,-,24.10833333,87.31944444,25-05-2005 00:00,7.84,297,"",0,122,"",14,"","","","","",100,28,7.33,17,"","","","","","","","","","",""
1106,Masanjor,CGWB,20,Jharkhand,326,DUMKA,DUMKA,DUMKA,Masanjor,-,-,-,-,-,-,24.10833333,87.31944444,25-05-2008 00:00,7.83,240,"",0,85,"",21,"","","","","",85,22,7.3,12,"","","","","","","","","","",""
1107,Masanjor,CGWB,20,Jharkhand,326,DUMKA,DUMKA,DUMKA,Masanjor,-,-,-,-,-,-,24.10833333,87.31944444,25-05-2009 00:00,8.18,220,"",0,73,"",14,"","","","","",60,16,4.8,18,"","","","","","","","","","",""
1108,Masanjor,CGWB,20,Jharkhand,326,DUMKA,DUMKA,DUMKA,Masanjor,-,-,-,-,-,-,24.10833333,87.31944444,25-05-2010 00:00,7.4,138,"",0,67,"",7.1,"","","","","",50,8,7.3,8,"","","","","","","","","","",""
1109,Masanjor,CGWB,20,Jharkhand,326,DUMKA,DUMKA,DUMKA,Masanjor,-,-,-,-,-,-,24.10833333,87.31944444,25-05-2011 00:00,7.98,148,"",0,73,"",7.1,"","","","","",55,12,6.1,6.4,"","","","","","","","","","",""
1110,Masanjor,CGWB,20,Jharkhand,326,DUMKA,DUMKA,DUMKA,Masanjor,-,-,-,-,-,-,24.10833333,87.31944444,25-05-2012 00:00,7.98,146,"",0,146,"","","",0,"","","",90,16,12,16,"","","","","","","","","","",""
1111,Masanjor,CGWB,20,Jharkhand,326,DUMKA,DUMKA,DUMKA,Masanjor,-,-,-,-,-,-,24.10833333,87.31944444,25-05-2013 00:00,7.87,261,"",0,146,"",7,"",0,"","","",90,16,12,15,"","","","","","","","","","",""
1112,Masipiri,CGWB,20,Jharkhand,332,HAZARIBAG,-,-,-,-,-,-,-,-,-,23.96000000,85.36500000,30-05-2021 08:00,8.02,700,455,0,274.5,"",54.99846,"",26,"","","",250,58,25.536,36,"","","","","","","","","","",""
1113,Meru(Silwar),CGWB,20,Jharkhand,332,HAZARIBAG,HAZARIBAG,HAZARIBAG,Meru(Silwar),-,-,-,-,-,-,24.01555556,85.46222222,25-05-2012 00:00,8.94,504,"",6,43,"",67,"",0,"","","",175,26,26.78,22,"","","","","","","","","","",""
1114,Meru(Silwar),CGWB,20,Jharkhand,332,HAZARIBAG,HAZARIBAG,HAZARIBAG,Meru(Silwar),-,-,-,-,-,-,24.01555556,85.46222222,25-05-2013 00:00,8.68,508,"",6,80,"",67,"",13.03,"","","",175,26,27,21,"","","","","","","","","","",""
1115,Meru(Silwar),CGWB,20,Jharkhand,332,HAZARIBAG,HAZARIBAG,HAZARIBAG,Meru(Silwar),-,-,-,-,-,-,24.01555556,85.46222222,30-05-2021 08:00,7.98,912,592.8,0,396.5,"",64.99818,"",22,"","","",205,48,20.672,112,"","","","","","","","","","",""
1116,Mihijam db ib,CGWB,20,Jharkhand,326,DUMKA,JAMTARA,JAMTARA,Mihijam db ib,-,-,-,-,-,-,23.86666667,86.87500000,25-05-2000 00:00,8.34,611,"","",122,"",85,"","","","","",80,18,8.5,60,"","","","","","","","","","",""
1117,Mihijam db ib,CGWB,20,Jharkhand,326,DUMKA,JAMTARA,JAMTARA,Mihijam db ib,-,-,-,-,-,-,23.86666667,86.87500000,25-05-2002 00:00,8.37,419,"","","","","","","","","","","","","","","","","","","","","","","","",""
1118,Mihijam db ib,CGWB,20,Jharkhand,326,DUMKA,JAMTARA,JAMTARA,Mihijam db ib,-,-,-,-,-,-,23.86666667,86.87500000,25-05-2005 00:00,8.17,710,"",0,122,"",85,"","","","","",275,68,25.61,32,"","","","","","","","","","",""
1119,Mihijam db ib,CGWB,20,Jharkhand,326,DUMKA,JAMTARA,JAMTARA,Mihijam db ib,-,-,-,-,-,-,23.86666667,86.87500000,25-05-2007 00:00,7.56,870,"","",183,150,107,"","","","","",305,72,30,51,"","","","","","","","","","",""
1120,Mihijam db ib,CGWB,20,Jharkhand,326,DUMKA,JAMTARA,JAMTARA,Mihijam db ib,-,-,-,-,-,-,23.86666667,86.87500000,25-05-2008 00:00,7.94,750,"",0,122,"",96,"","","","","",290,70,28,32,"","","","","","","","","","",""
1121,Mihijam New,CGWB,20,Jharkhand,326,DUMKA,JAMTARA,JAMTARA,Mihijam New,-,-,-,-,-,-,23.87416667,86.87861111,25-05-2012 00:00,8.01,305,"",0,305,"",106,"",0,"","","",330,72,36.56,47,"","","","","","","","","","",""
1122,Mihijam New,CGWB,20,Jharkhand,326,DUMKA,JAMTARA,JAMTARA,Mihijam New,-,-,-,-,-,-,23.87416667,86.87861111,30-05-2019 08:00,7.96,387,329.55,"",166.05,"",27.924,"","","","","",130.84425,30.234,13.428,20.88,"","","","","","","","","","",""
1123,Mihijam New,CGWB,20,Jharkhand,326,DUMKA,JAMTARA,JAMTARA,Mihijam New,-,-,-,-,-,-,23.87416667,86.87861111,30-05-2020 08:00,7.96,387,"","",166.05,"",27.924,"","","","","","",30.234,13.428,20.88,"","","","","","","","","","",""
1124,Moranghada,CGWB,20,Jharkhand,339,RANCHI,KHUNTI,KHUNTI,Moranghada,-,-,-,-,-,-,23.11250000,85.42083333,25-05-2003 00:00,7.59,560,"","","","","","","","","","","","","","","","","","","","","","","","",""
1125,Murhu,CGWB,20,Jharkhand,339,RANCHI,MURHU,MURHU,Murhu,-,-,-,-,-,-,22.96388889,85.28333333,25-05-2003 00:00,8.18,511,"","","","","","","","","","","","","","","","","","","","","","","","",""
1126,Murhu,CGWB,20,Jharkhand,339,RANCHI,MURHU,MURHU,Murhu,-,-,-,-,-,-,22.96388889,85.28333333,25-05-2005 00:00,7.69,570,"",0,171,"",60,"",14,"","","",230,64,17.1,20,"","","","","","","","","","",""
1127,Murhu,CGWB,20,Jharkhand,339,RANCHI,MURHU,MURHU,Murhu,-,-,-,-,-,-,22.96388889,85.28333333,25-05-2012 00:00,"",490,"",0,220,"",52,"",30,"","","",476,180,6.54,15,"","","","","","","","","","",""
1128,Murhu,CGWB,20,Jharkhand,339,RANCHI,MURHU,MURHU,Murhu,-,-,-,-,-,-,22.96388889,85.28333333,25-05-2013 00:00,7.04,492,"",0,220,"",52,"",30,"","","",476,180,8,15,"","","","","","","","","","",""
1129,Murhu,CGWB,20,Jharkhand,339,RANCHI,MURHU,MURHU,Murhu,-,-,-,-,-,-,22.96388889,85.28333333,30-05-2019 08:00,8,435,143.65,"",91.2,"",84.1,"",1.7,"","","",175,56,8.505,18,"","","","","","","","","","",""
1130,Murhu,CGWB,20,Jharkhand,339,RANCHI,MURHU,MURHU,Murhu,-,-,-,-,-,-,22.96388889,85.28333333,30-05-2020 08:00,8,435,"","",91.2,"",84.1,"",1.7,"","","","",56,8.505,18,"","","","","","","","","","",""
1131,Murhu1,CGWB,20,Jharkhand,339,RANCHI,MURHU,MURHU,Murhu,-,-,-,-,-,-,22.96388889,85.28361111,25-05-2007 00:00,8.17,170,"","",122,100,18,"","","","","",40,16,"",22,"","","","","","","","","","",""
1132,Murhu1,CGWB,20,Jharkhand,339,RANCHI,MURHU,MURHU,Murhu,-,-,-,-,-,-,22.96388889,85.28361111,25-05-2008 00:00,7.08,248,"",0,104,"",28,"","","","","",90,22,8.5,17,"","","","","","","","","","",""
1133,Murhu1,CGWB,20,Jharkhand,339,RANCHI,MURHU,MURHU,Murhu,-,-,-,-,-,-,22.96388889,85.28361111,25-05-2010 00:00,7.6,193,"",0,92.25,"",7.09,"","","","","",75,20,6.1,7.5,"","","","","","","","","","",""
1134,Murhu1,CGWB,20,Jharkhand,339,RANCHI,MURHU,MURHU,Murhu,-,-,-,-,-,-,22.96388889,85.28361111,25-05-2011 00:00,7.24,193,"",0,92.25,"",7.09,"","","","","",75,20,6.1,7.5,"","","","","","","","","","",""
1135,Nabibera,CGWB,20,Jharkhand,343,PASHCHIMI SINGHBHUM,GOBINDPUR (RAJNAGAR),GOBINDPUR (RAJNAGAR),Nabibera,-,-,-,-,-,-,22.64444444,86.00055556,30-05-2019 08:00,7.7,624,1069.9,0,114,"",81,"",13,"","","",217,60,19,12.2,"","","","","","","","","","",""
1136,Nabibera,CGWB,20,Jharkhand,343,PASHCHIMI SINGHBHUM,GOBINDPUR (RAJNAGAR),GOBINDPUR (RAJNAGAR),Nabibera,-,-,-,-,-,-,22.64444444,86.00055556,30-05-2020 08:00,7.7,624,"",0,114,"",81,"",13,"","","","",60,19,12.2,"","","","","","","","","","",""
1137,Nagaruntari,CGWB,20,Jharkhand,328,GARHWA,UNTARI,UNTARI,Nagaruntari,-,-,-,-,-,-,24.28333333,83.50833333,25-05-2004 00:00,7.91,670,"",0,257,"",64,"","","","","",238,58,22.68,25,"","","","","","","","","","",""
1138,Nagaruntari,CGWB,20,Jharkhand,328,GARHWA,UNTARI,UNTARI,Nagaruntari,-,-,-,-,-,-,24.28333333,83.50833333,25-05-2009 00:00,7.86,502,"",0,201,"",28,"","","","","",155,34,17,58,"","","","","","","","","","",""
1139,Nagaruntari,CGWB,20,Jharkhand,328,GARHWA,UNTARI,UNTARI,Nagaruntari,-,-,-,-,-,-,24.28333333,83.50833333,25-05-2010 00:00,7.4,788,"",0,329,"",78,"","","","","",250,24,46,46,"","","","","","","","","","",""
1140,Nagaruntari,CGWB,20,Jharkhand,328,GARHWA,UNTARI,UNTARI,Nagaruntari,-,-,-,-,-,-,24.28333333,83.50833333,25-05-2011 00:00,7.02,788,"",0,329,"",78,"","","","","",250,24,46,46,"","","","","","","","","","",""
1141,Nagfeni,CGWB,20,Jharkhand,331,GUMLA,SISAI,SISAI,Nagfeni,-,-,-,-,-,-,23.30555556,84.70638889,25-05-2003 00:00,7.69,480,"","","","","","","","","","","","","","","","","","","","","","","","",""
1142,Nagfeni,CGWB,20,Jharkhand,331,GUMLA,SISAI,SISAI,Nagfeni,-,-,-,-,-,-,23.30555556,84.70638889,25-05-2004 00:00,7.63,400,"",0,134,"",67,"","","","","",160,52,7,29,"","","","","","","","","","",""
1143,Nagfeni,CGWB,20,Jharkhand,331,GUMLA,SISAI,SISAI,Nagfeni,-,-,-,-,-,-,23.30555556,84.70638889,25-05-2007 00:00,7.5,422,"","",250.1,205,49.7,"","","","","",160,52,7.36,30,"","","","","","","","","","",""
1144,Nagfeni,CGWB,20,Jharkhand,331,GUMLA,SISAI,SISAI,Nagfeni,-,-,-,-,-,-,23.30555556,84.70638889,25-05-2008 00:00,7.4,480,"",0,171,"",57,"","","","","",170,60,4.9,32,"","","","","","","","","","",""
1145,Nagfeni,CGWB,20,Jharkhand,331,GUMLA,SISAI,SISAI,Nagfeni,-,-,-,-,-,-,23.30555556,84.70638889,25-05-2009 00:00,7.74,608,"",0,177,"",64,"","","","","",185,50,15,66,"","","","","","","","","","",""
1146,Nagfeni,CGWB,20,Jharkhand,331,GUMLA,SISAI,SISAI,Nagfeni,-,-,-,-,-,-,23.30555556,84.70638889,25-05-2010 00:00,8.3,542,"",30,116,"",71,"","","","","",210,66,11,28,"","","","","","","","","","",""
1147,Nagfeni,CGWB,20,Jharkhand,331,GUMLA,SISAI,SISAI,Nagfeni,-,-,-,-,-,-,23.30555556,84.70638889,25-05-2011 00:00,8.38,542,"",30,116,"",71,"","","","","",210,66,11,28,"","","","","","","","","","",""
1148,Nagfeni,CGWB,20,Jharkhand,331,GUMLA,SISAI,SISAI,Nagfeni,-,-,-,-,-,-,23.30555556,84.70638889,25-05-2012 00:00,7.6,535,"",0,177,"",64,"",0,"","","",150,58,1.29,50,"","","","","","","","","","",""
1149,Nagfeni,CGWB,20,Jharkhand,331,GUMLA,SISAI,SISAI,Nagfeni,-,-,-,-,-,-,23.30555556,84.70638889,30-05-2019 08:00,7.8,438,141.05,"",104.8,"",92.3,"",0.64,"","","",180,54,10.935,16,"","","","","","","","","","",""
1150,Nagfeni,CGWB,20,Jharkhand,331,GUMLA,SISAI,SISAI,Nagfeni,-,-,-,-,-,-,23.30555556,84.70638889,30-05-2020 08:00,7.8,438,"","",104.8,"",92.3,"",0.64,"","","","",54,10.935,16,"","","","","","","","","","",""
1151,Nagfeni,CGWB,20,Jharkhand,331,GUMLA,SISAI,SISAI,Nagfeni,-,-,-,-,-,-,23.30555556,84.70638889,30-05-2021 08:00,7.48,720,382.96164,0,374.418,"",14.845396,"",12,"","","",348.4845,78.7878,36.84845,4,"","","","","","","","","","",""
1152,Nakti,CGWB,20,Jharkhand,343,PASHCHIMI SINGHBHUM,ADITYAPUR(GAMHARIA),ADITYAPUR(GAMHARIA),Nakti,-,-,-,-,-,-,22.85000000,86.06250000,25-05-2002 00:00,7.68,1800,"","","","","","","","","","","","","","","","","","","","","","","","",""
1153,Nakti,CGWB,20,Jharkhand,343,PASHCHIMI SINGHBHUM,ADITYAPUR(GAMHARIA),ADITYAPUR(GAMHARIA),Nakti,-,-,-,-,-,-,22.85000000,86.06250000,25-05-2003 00:00,7.17,1668,"","","","","","","","","","","","","","","","","","","","","","","","",""
1154,Nakti,CGWB,20,Jharkhand,343,PASHCHIMI SINGHBHUM,ADITYAPUR(GAMHARIA),ADITYAPUR(GAMHARIA),Nakti,-,-,-,-,-,-,22.85000000,86.06250000,25-05-2004 00:00,6.97,1660,"",0,195,"",312,"","","","","",766,221,51,122,"","","","","","","","","","",""
1155,Nala,CGWB,20,Jharkhand,326,DUMKA,MASALIA,MASALIA,Nala,-,-,-,-,-,-,24.04583333,87.15277778,25-05-2005 00:00,8.03,730,"",0,153,"",135,"","","","","",150,36,14.63,92,"","","","","","","","","","",""
1156,Nala,CGWB,20,Jharkhand,326,DUMKA,MASALIA,MASALIA,Nala,-,-,-,-,-,-,24.04583333,87.15277778,25-05-2006 00:00,8.23,1050,"",0,372,"",149,"","","","","",240,62,20.74,170,"","","","","","","","","","",""
1157,Nala,CGWB,20,Jharkhand,326,DUMKA,MASALIA,MASALIA,Nala,-,-,-,-,-,-,24.04583333,87.15277778,25-05-2009 00:00,7.32,1030,"",0,207,"",99,"","","","","",240,36,36,115,"","","","","","","","","","",""
1158,Nala,CGWB,20,Jharkhand,326,DUMKA,MASALIA,MASALIA,Nala,-,-,-,-,-,-,24.04583333,87.15277778,25-05-2010 00:00,7.4,520,"",0,177,"",53,"","","","","",145,40,11,46,"","","","","","","","","","",""
1159,Nala,CGWB,20,Jharkhand,326,DUMKA,MASALIA,MASALIA,Nala,-,-,-,-,-,-,24.04583333,87.15277778,25-05-2011 00:00,7.65,700,"",0,244,"",103,"","","","","",300,50,43,18,"","","","","","","","","","",""
1160,Nala,CGWB,20,Jharkhand,326,DUMKA,MASALIA,MASALIA,Nala,-,-,-,-,-,-,24.04583333,87.15277778,25-05-2012 00:00,8.03,858,"",0,171,"",156,"",0,"","","",360,60,51.03,103,"","","","","","","","","","",""
1161,Nala,CGWB,20,Jharkhand,326,DUMKA,MASALIA,MASALIA,Nala,-,-,-,-,-,-,24.04583333,87.15277778,30-05-2019 08:00,7.82,1019,251.55,"",166.05,"",228.412,"","","","","",168.74414,33.31,20.769,129.603,"","","","","","","","","","",""
1162,Nala,CGWB,20,Jharkhand,326,DUMKA,MASALIA,MASALIA,Nala,-,-,-,-,-,-,24.04583333,87.15277778,30-05-2020 08:00,7.82,1019,"","",166.05,"",228.412,"","","","","","",33.31,20.769,129.603,"","","","","","","","","","",""
1163,Namkom Bz Chowk,CGWB,20,Jharkhand,339,RANCHI,NAMKUM,NAMKUM,Namkom Bz Chowk,-,-,-,-,-,-,23.28305556,85.36388889,25-05-2012 00:00,7.09,410,"",0,280,"",88,"",24,"","","",236,83,7.03,16,"","","","","","","","","","",""
1164,Namkom Bz Chowk,CGWB,20,Jharkhand,339,RANCHI,NAMKUM,NAMKUM,Namkom Bz Chowk,-,-,-,-,-,-,23.28305556,85.36388889,25-05-2013 00:00,7.02,411,"",0,280,"",88,"",24,"","","",236,83,7,16,"","","","","","","","","","",""
1165,Namkom Bz Chowk,CGWB,20,Jharkhand,339,RANCHI,NAMKUM,NAMKUM,Namkom Bz Chowk,-,-,-,-,-,-,23.28305556,85.36388889,30-05-2019 08:00,8.41,927,305.5,12,221.4,"",121.9,"",65.28,"","","",245,62,21.87,91.44,"","","","","","","","","","",""
1166,Namkom Bz Chowk,CGWB,20,Jharkhand,339,RANCHI,NAMKUM,NAMKUM,Namkom Bz Chowk,-,-,-,-,-,-,23.28305556,85.36388889,30-05-2020 08:00,8.41,927,"","",221.4,"",121.9,"",65.28,"","","","",62,21.87,91.44,"","","","","","","","","","",""
1167,Narayanpur,CGWB,20,Jharkhand,326,DUMKA,NARAYANPUR,NARAYANPUR,Narayanpur,-,-,-,-,-,-,24.07944444,86.61166667,25-05-2003 00:00,7.47,1025,"","","","","","","","","","","","","","","","","","","","","","","","",""
1168,Narayanpur,CGWB,20,Jharkhand,326,DUMKA,NARAYANPUR,NARAYANPUR,Narayanpur,-,-,-,-,-,-,24.07944444,86.61166667,25-05-2004 00:00,8.25,1150,"",0,159,"",209,"","","","","",360,54,54.77,85,"","","","","","","","","","",""
1169,Nawadih,CGWB,20,Jharkhand,322,BOKARO,NAWADIH,NAWADIH,Nawadih,-,-,-,-,-,-,23.85000000,86.03333333,25-05-2003 00:00,7.22,506,"","","","","","","","","","","","","","","","","","","","","","","","",""
1170,Nawadih,CGWB,20,Jharkhand,322,BOKARO,NAWADIH,NAWADIH,Nawadih,-,-,-,-,-,-,23.85000000,86.03333333,25-05-2006 00:00,7.68,1200,"",0,250,"",256,"","","","","",480,166,16.01,48,"","","","","","","","","","",""
1171,Nawadih,CGWB,20,Jharkhand,322,BOKARO,NAWADIH,NAWADIH,Nawadih,-,-,-,-,-,-,23.85000000,86.03333333,25-05-2008 00:00,7.24,970,"",0,329,"",46,"","","","","",285,80,21,37,"","","","","","","","","","",""
1172,Nawadih1,CGWB,20,Jharkhand,338,PALAMAU,PATAN,PATAN,Nawadih,-,-,-,-,-,-,24.17500000,84.27500000,25-05-2001 00:00,8.24,800,"",0,342,"",149,"","","","","",315,76,30,33,"","","","","","","","","","",""
1173,Nawadih1,CGWB,20,Jharkhand,338,PALAMAU,PATAN,PATAN,Nawadih,-,-,-,-,-,-,24.17500000,84.27500000,25-05-2010 00:00,8.3,439,"",24,165,"",25,"","","","","",135,18,22,40,"","","","","","","","","","",""
1174,Nawadih1,CGWB,20,Jharkhand,338,PALAMAU,PATAN,PATAN,Nawadih,-,-,-,-,-,-,24.17500000,84.27500000,25-05-2011 00:00,8.44,439,"",24,165,"",25,"","","","","",135,18,22,40,"","","","","","","","","","",""
1175,Nawadih1,CGWB,20,Jharkhand,338,PALAMAU,PATAN,PATAN,Nawadih,-,-,-,-,-,-,24.17500000,84.27500000,25-05-2012 00:00,8.01,523,"",0,146,"",35,"",0,"","","",140,40,9.77,48,"","","","","","","","","","",""
1176,Nimdih_Jamdih,CGWB,20,Jharkhand,343,PASHCHIMI SINGHBHUM,NIMDIH,NIMDIH,Nimdih,-,-,-,-,-,-,22.99000000,86.17000000,25-05-2005 00:00,6.98,180,"",0,55,"",7.1,"","","","","",55,10,7.31,12,"","","","","","","","","","",""
1177,Nirsa ecl l.qtr,CGWB,20,Jharkhand,325,DHANBAD,DHANBAD CUM KENDUADI,DHANBAD CUM KENDUADI,Nirsa ecl l.qtr,-,-,-,-,-,-,23.78638889,86.46138889,25-05-2002 00:00,7.78,1057,"","","","","","","","","","","","","","","","","","","","","","","","",""
1178,Nirsa ecl l.qtr,CGWB,20,Jharkhand,325,DHANBAD,DHANBAD CUM KENDUADI,DHANBAD CUM KENDUADI,Nirsa ecl l.qtr,-,-,-,-,-,-,23.78638889,86.46138889,25-05-2003 00:00,7.89,1024,"","","","","","","","","","","","","","","","","","","","","","","","",""
1179,Nirsa ecl l.qtr,CGWB,20,Jharkhand,325,DHANBAD,DHANBAD CUM KENDUADI,DHANBAD CUM KENDUADI,Nirsa ecl l.qtr,-,-,-,-,-,-,23.78638889,86.46138889,25-05-2009 00:00,7.65,1404,"",0,274,"",163,"","","","","",345,80,35,142,"","","","","","","","","","",""
1180,Nirsa ecl l.qtr,CGWB,20,Jharkhand,325,DHANBAD,DHANBAD CUM KENDUADI,DHANBAD CUM KENDUADI,Nirsa ecl l.qtr,-,-,-,-,-,-,23.78638889,86.46138889,25-05-2010 00:00,7.3,1172,"",0,98.4,"",124.07,"","","","","",305,74,29.2,111,"","","","","","","","","","",""
1181,Nirsa ecl l.qtr,CGWB,20,Jharkhand,325,DHANBAD,DHANBAD CUM KENDUADI,DHANBAD CUM KENDUADI,Nirsa ecl l.qtr,-,-,-,-,-,-,23.78638889,86.46138889,25-05-2011 00:00,7.28,1172,"",0,98.4,"",124.07,"","","","","",305,74,29.2,111,"","","","","","","","","","",""
1182,Nirsa ecl l.qtr,CGWB,20,Jharkhand,325,DHANBAD,DHANBAD CUM KENDUADI,DHANBAD CUM KENDUADI,Nirsa ecl l.qtr,-,-,-,-,-,-,23.78638889,86.46138889,25-05-2013 00:00,8.11,1161,"",0,183,"",142,"",190,"","","",310,72,31.69,122,"","","","","","","","","","",""
1183,Nirsa p.s.,CGWB,20,Jharkhand,325,DHANBAD,NIRSA CUM CHIRKUNDA,NIRSA CUM CHIRKUNDA,Nirsa p.s.,-,-,-,-,-,-,23.78611111,86.71111111,25-05-2000 00:00,8.4,921,"",24,183,"",85,"","","","","",170,40,17,58,"","","","","","","","","","",""
1184,Nirsa p.s.,CGWB,20,Jharkhand,325,DHANBAD,DHANBAD CUM KENDUADI,DHANBAD CUM KENDUADI,Nirsa p.s.,-,-,-,-,-,-,23.78611111,86.46111111,25-05-2008 00:00,6.98,1400,"",0,281,"",142,"","","","","",340,92,27,161,"","","","","","","","","","",""
1185,Nirsa p.s.,CGWB,20,Jharkhand,325,DHANBAD,DHANBAD CUM KENDUADI,DHANBAD CUM KENDUADI,Nirsa p.s.,-,-,-,-,-,-,23.78611111,86.46111111,25-05-2012 00:00,7.9,1150,"",0,183,"",142,"",192,"","","",310,72,31.69,120,"","","","","","","","","","",""
1186,Noamundi,CGWB,20,Jharkhand,343,PASHCHIMI SINGHBHUM,NOAMUNDI(BARAJAMDA),NOAMUNDI(BARAJAMDA),Noamundi,-,-,-,-,-,-,22.21527778,85.42805556,30-05-2019 08:00,7.7,759,292.5,0,204,"",82,"",31,"","","",261,69,21,52,"","","","","","","","","","",""
1187,Noamundi,CGWB,20,Jharkhand,343,PASHCHIMI SINGHBHUM,NOAMUNDI(BARAJAMDA),NOAMUNDI(BARAJAMDA),Noamundi,-,-,-,-,-,-,22.21527778,85.42805556,30-05-2020 08:00,7.7,759,"",0,204,"",82,"",31,"","","","",69,21,52,"","","","","","","","","","",""
1188,Nunihaat,CGWB,20,Jharkhand,326,DUMKA,RAMGARH,RAMGARH,Nunihaat,-,-,-,-,-,-,24.46944444,87.12527778,25-05-2006 00:00,7.18,340,"",0,92,"",53,"","","","","",120,32,9.76,18,"","","","","","","","","","",""
1189,Nunihaat,CGWB,20,Jharkhand,326,DUMKA,RAMGARH,RAMGARH,Nunihaat,-,-,-,-,-,-,24.46944444,87.12500000,25-05-2009 00:00,8.15,425,"",0,134,"",28,"","","","","",110,32,7.3,37,"","","","","","","","","","",""
1190,Nunihaat,CGWB,20,Jharkhand,326,DUMKA,RAMGARH,RAMGARH,Nunihaat,-,-,-,-,-,-,24.46944444,87.12500000,25-05-2010 00:00,7.4,243,"",0,104,"",25,"","","","","",65,20,3.6,21,"","","","","","","","","","",""
1191,Nunihaat,CGWB,20,Jharkhand,326,DUMKA,RAMGARH,RAMGARH,Nunihaat,-,-,-,-,-,-,24.46944444,87.12500000,25-05-2011 00:00,7.36,454,"",0,226,"",28,"","","","","",85,26,4.9,64,"","","","","","","","","","",""
1192,Ormanji,CGWB,20,Jharkhand,339,RANCHI,NAMKUM,NAMKUM,Ormanji,-,-,-,-,-,-,23.31666667,85.48333333,25-05-2002 00:00,8.47,489,"","","","","","","","","","","","","","","","","","","","","","","","",""
1193,Ormanji,CGWB,20,Jharkhand,339,RANCHI,NAMKUM,NAMKUM,Ormanji,-,-,-,-,-,-,23.31666667,85.48333333,25-05-2003 00:00,7.35,502,"","","","","","","","","","","","","","","","","","","","","","","","",""
1194,Ormanji,CGWB,20,Jharkhand,339,RANCHI,NAMKUM,NAMKUM,Ormanji,-,-,-,-,-,-,23.31666667,85.48333333,25-05-2004 00:00,8.43,520,"","",109,"",146,"","","","","",223,46,26,43,"","","","","","","","","","",""
1195,Ormanji,CGWB,20,Jharkhand,339,RANCHI,NAMKUM,NAMKUM,Ormanji,-,-,-,-,-,-,23.31666667,85.48333333,25-05-2005 00:00,7.52,500,"",0,116,"",71,"",10,"","","",215,54,19.52,9.9,"","","","","","","","","","",""
1196,Ormanji,CGWB,20,Jharkhand,339,RANCHI,NAMKUM,NAMKUM,Ormanji,-,-,-,-,-,-,23.31666667,85.48333333,25-05-2006 00:00,6.54,472,"",0,118,"",67,"",20,"","","",226,60,18.55,14,"","","","","","","","","","",""
1197,Ormanji,CGWB,20,Jharkhand,339,RANCHI,NAMKUM,NAMKUM,Ormanji,-,-,-,-,-,-,23.31666667,85.48333333,25-05-2012 00:00,7.12,400,"",0,200,"",70,"",28,"","","",220,76,7.39,15,"","","","","","","","","","",""
1198,Ormanji,CGWB,20,Jharkhand,339,RANCHI,NAMKUM,NAMKUM,Ormanji,-,-,-,-,-,-,23.31666667,85.48333333,25-05-2013 00:00,8.17,587,"",0,123,"",74,"",26,"","","",235,62,19.53,26,"","","","","","","","","","",""
1199,Ormanji,CGWB,20,Jharkhand,339,RANCHI,NAMKUM,NAMKUM,Ormanji,-,-,-,-,-,-,23.31666667,85.48333333,30-05-2019 08:00,8.17,470,293.15,"",110.7,"",49.3,"",37.81,"","","",170,32,21.87,31.7,"","","","","","","","","","",""
1200,Ormanji,CGWB,20,Jharkhand,339,RANCHI,NAMKUM,NAMKUM,Ormanji,-,-,-,-,-,-,23.31666667,85.48333333,30-05-2020 08:00,8.17,470,"","",110.7,"",49.3,"",37.81,"","","","",32,21.87,31.7,"","","","","","","","","","",""
1201,Ormanji1,CGWB,20,Jharkhand,339,RANCHI,NAMKUM,NAMKUM,Ormanji,-,-,-,-,-,-,23.31666667,85.48361111,25-05-2007 00:00,6.93,531,"","",232,190.2,71,"","","","","",210,60,14.66,21,"","","","","","","","","","",""
1202,Ormanji1,CGWB,20,Jharkhand,339,RANCHI,NAMKUM,NAMKUM,Ormanji,-,-,-,-,-,-,23.31666667,85.48361111,25-05-2008 00:00,6.86,552,"",0,134,"",74,"","","","","",220,60,17,21,"","","","","","","","","","",""
1203,Ormanji1,CGWB,20,Jharkhand,339,RANCHI,NAMKUM,NAMKUM,Ormanji,-,-,-,-,-,-,23.31666667,85.48361111,25-05-2009 00:00,7.32,780,"",0,195,"",103,"","","","","",275,52,25,39,"","","","","","","","","","",""
1204,Ormanji1,CGWB,20,Jharkhand,339,RANCHI,NAMKUM,NAMKUM,Ormanji,-,-,-,-,-,-,23.31666667,85.48361111,25-05-2010 00:00,7.6,580,"",0,135.3,"",92.17,"","","","","",200,50,18.2,29.5,"","","","","","","","","","",""
1205,Ormanji1,CGWB,20,Jharkhand,339,RANCHI,NAMKUM,NAMKUM,Ormanji,-,-,-,-,-,-,23.31666667,85.48361111,25-05-2011 00:00,7.28,580,"",0,135.3,"",92.17,"","","","","",200,50,18.2,29.5,"","","","","","","","","","",""
1206,Padma,CGWB,20,Jharkhand,332,HAZARIBAG,BARHI,BARHI,Padma,-,-,-,-,-,-,24.20555556,85.31694444,25-05-2012 00:00,8.3,548,"",4,202,"",46,"",0,"","","",195,24,21,23,"","","","","","","","","","",""
1207,Padma,CGWB,20,Jharkhand,332,HAZARIBAG,BARHI,BARHI,Padma,-,-,-,-,-,-,24.20555556,85.31694444,25-05-2013 00:00,8.23,554,"",4,202,"",46,"",4,"","","",195,24,32.85,25,"","","","","","","","","","",""
1208,Padma,CGWB,20,Jharkhand,332,HAZARIBAG,BARHI,BARHI,Padma,-,-,-,-,-,-,24.20555556,85.31694444,30-05-2019 08:00,8.34,560,364,6,246,"",32.1,"",30.29,"","","",230,50,25.515,20.95,"","","","","","","","","","",""
1209,Padma,CGWB,20,Jharkhand,332,HAZARIBAG,BARHI,BARHI,Padma,-,-,-,-,-,-,24.20555556,85.31694444,30-05-2020 08:00,8.34,560,"","",246,"",32.1,"",30.29,"","","","",50,25.515,20.95,"","","","","","","","","","",""
1210,Padma,CGWB,20,Jharkhand,332,HAZARIBAG,BARHI,BARHI,Padma,-,-,-,-,-,-,24.20555556,85.31694444,30-05-2021 08:00,7.11,1520,988,0,530.7,"",159.9504,"",26,0.08,"","",540,138,47.424,107,"","","","","","","","","","",""
1211,Pakur,CGWB,20,Jharkhand,337,Pakur,PAKAUR,PAKAUR,Pakur,-,-,-,-,-,-,24.64194444,87.84611111,25-05-2009 00:00,7.34,450,"",0,171,"",28,"","","","","",150,52,4.9,28,"","","","","","","","","","",""
1212,Pakur,CGWB,20,Jharkhand,337,Pakur,PAKAUR,PAKAUR,Pakur,-,-,-,-,-,-,24.64194444,87.84611111,25-05-2010 00:00,7.3,328,"",0,165,"",18,"","","","","",140,36,12,8,"","","","","","","","","","",""
1213,Pakur1,CGWB,20,Jharkhand,337,Pakur,PAKAUR,PAKAUR,Pakur,-,-,-,-,-,-,24.63388889,87.87777778,25-05-2005 00:00,8.06,1250,"",0,183,"",227,"","","","","",440,112,39.04,81,"","","","","","","","","","",""
1214,Pakur1,CGWB,20,Jharkhand,337,Pakur,PAKAUR,PAKAUR,Pakur,-,-,-,-,-,-,24.63388889,87.87777778,25-05-2012 00:00,8,1000,"",0,451,"",85,"",0,"","","",280,28,51.09,95,"","","","","","","","","","",""
1215,Pakur1,CGWB,20,Jharkhand,337,Pakur,PAKAUR,PAKAUR,Pakur,-,-,-,-,-,-,24.63388889,87.87777778,25-05-2013 00:00,8.22,992,"",0,455,"",92,"",0,"","","",280,28,9.6,95,"","","","","","","","","","",""
1216,Pakuria,CGWB,20,Jharkhand,337,Pakur,PAKURIA,PAKURIA,Pakuria,-,-,-,-,-,-,24.29888889,87.66583333,25-05-2004 00:00,8.07,400,"",0,183,"",14,"","","","","",85,30,2.47,45,"","","","","","","","","","",""
1217,Pakuria,CGWB,20,Jharkhand,337,Pakur,PAKURIA,PAKURIA,Pakuria,-,-,-,-,-,-,24.29888889,87.66583333,25-05-2009 00:00,7.56,530,"",0,146,"",50,"","","","","",175,44,16,35,"","","","","","","","","","",""
1218,Pakuria,CGWB,20,Jharkhand,337,Pakur,PAKURIA,PAKURIA,Pakuria,-,-,-,-,-,-,24.29888889,87.66583333,25-05-2010 00:00,7.3,401,"",0,165,"",35,"","","","","",170,42,16,18,"","","","","","","","","","",""
1219,Pakuria,CGWB,20,Jharkhand,337,Pakur,PAKURIA,PAKURIA,Pakuria,-,-,-,-,-,-,24.29888889,87.66583333,25-05-2011 00:00,7.54,434,"",0,178.35,"",35.45,"","","","","",105,24,10.93,44.5,"","","","","","","","","","",""
1220,Pakuria,CGWB,20,Jharkhand,337,Pakur,PAKURIA,PAKURIA,Pakuria,-,-,-,-,-,-,24.29888889,87.66583333,30-05-2019 08:00,7.65,1701,370.5,"",289.05,"",331,"",156,"","","",359.97943,78,40.09,206.641,"","","","","","","","","","",""
1221,Pakuria,CGWB,20,Jharkhand,337,Pakur,PAKURIA,PAKURIA,Pakuria,-,-,-,-,-,-,24.29888889,87.66583333,30-05-2020 08:00,7.65,1701,"","",289.05,"",331,"",156,"","","","",78,40.09,206.641,"","","","","","","","","","",""
1222,Palajori,CGWB,20,Jharkhand,324,DEOGHAR,PALOJORI,PALOJORI,Palajori,-,-,-,-,-,-,24.30000000,87.00388889,25-05-2002 00:00,7.91,1113,"","","","","","","","","","","","","","","","","","","","","","","","",""
1223,Palajori,CGWB,20,Jharkhand,324,DEOGHAR,PALOJORI,PALOJORI,Palajori,-,-,-,-,-,-,24.30000000,87.00388889,25-05-2003 00:00,7.71,1152,"","","","","","","","","","","","","","","","","","","","","","","","",""
1224,Palajori,CGWB,20,Jharkhand,324,DEOGHAR,PALOJORI,PALOJORI,Palajori,-,-,-,-,-,-,24.30000000,87.00388889,25-05-2004 00:00,7.77,1098,"",0,177,"",149,"","","","","",360,72,43.85,36,"","","","","","","","","","",""
1225,Palajori,CGWB,20,Jharkhand,324,DEOGHAR,PALOJORI,PALOJORI,Palajori,-,-,-,-,-,-,24.30000000,87.00388889,25-05-2005 00:00,7.88,1400,"",0,250,"",277,"","","","","",530,104,65.77,73,"","","","","","","","","","",""
1226,Palajori,CGWB,20,Jharkhand,324,DEOGHAR,PALOJORI,PALOJORI,Palajori,-,-,-,-,-,-,24.30000000,87.00388889,25-05-2006 00:00,8.16,1175,"",0,268,"",199,"","","","","",475,116,45.12,55,"","","","","","","","","","",""
1227,Palajori,CGWB,20,Jharkhand,324,DEOGHAR,PALOJORI,PALOJORI,Palajori,-,-,-,-,-,-,24.30000000,87.00388889,25-05-2008 00:00,7.75,930,"",0,207,"",135,"","","","","",335,82,32,30,"","","","","","","","","","",""
1228,Palajori,CGWB,20,Jharkhand,324,DEOGHAR,PALOJORI,PALOJORI,Palajori,-,-,-,-,-,-,24.30000000,87.00388889,25-05-2009 00:00,7.24,1250,"",0,183,"",213,"","","","","",330,56,46,129,"","","","","","","","","","",""
1229,Palajori,CGWB,20,Jharkhand,324,DEOGHAR,PALOJORI,PALOJORI,Palajori,-,-,-,-,-,-,24.30000000,87.00388889,25-05-2010 00:00,7.1,999,"",0,274,"",131,"","","","","",330,60,40,45,"","","","","","","","","","",""
1230,Palajori,CGWB,20,Jharkhand,324,DEOGHAR,PALOJORI,PALOJORI,Palajori,-,-,-,-,-,-,24.30000000,87.00388889,25-05-2012 00:00,7.9,1066,"",0,366,"",142,"",9.6,"","","",420,72,58,60,"","","","","","","","","","",""
1231,Palajori,CGWB,20,Jharkhand,324,DEOGHAR,PALOJORI,PALOJORI,Palajori,-,-,-,-,-,-,24.30000000,87.00388889,25-05-2013 00:00,7.62,1017,"",0,366,"",142,"",9.6,"","","",425,70,60,63,"","","","","","","","","","",""
1232,Palajori,CGWB,20,Jharkhand,324,DEOGHAR,PALOJORI,PALOJORI,Palajori,-,-,-,-,-,-,24.30000000,87.00388889,30-05-2019 08:00,7.49,1184,528.45,"",418.2,"",84.45,"",59.25,"","","",413.74896,58,65.306,91.429,"","","","","","","","","","",""
1233,Palajori,CGWB,20,Jharkhand,324,DEOGHAR,PALOJORI,PALOJORI,Palajori,-,-,-,-,-,-,24.30000000,87.00388889,30-05-2020 08:00,7.49,1184,"","",418.2,"",84.45,"",59.25,"","","","",58,65.306,91.429,"","","","","","","","","","",""
1234,Palkot,CGWB,20,Jharkhand,331,GUMLA,PALKOT,PALKOT,Palkot,-,-,-,-,-,-,22.87833333,84.64527778,25-05-2003 00:00,6.82,411,"","","","","","","","","","","","","","","","","","","","","","","","",""
1235,Palkot,CGWB,20,Jharkhand,331,GUMLA,PALKOT,PALKOT,Palkot,-,-,-,-,-,-,22.87833333,84.64527778,25-05-2004 00:00,7.71,350,"",0,134,"",67,"","","","","",113,37,5,38,"","","","","","","","","","",""
1236,Palkot,CGWB,20,Jharkhand,331,GUMLA,PALKOT,PALKOT,Palkot,-,-,-,-,-,-,22.87833333,84.64527778,25-05-2007 00:00,7.2,631,"","",402.6,330,60.3,"","","","","",250,80,12.25,39,"","","","","","","","","","",""
1237,Palkot,CGWB,20,Jharkhand,331,GUMLA,PALKOT,PALKOT,Palkot,-,-,-,-,-,-,22.87833333,84.64527778,25-05-2009 00:00,7.56,348,"",0,183,"",14,"","","","","",125,32,11,35,"","","","","","","","","","",""
1238,Palkot,CGWB,20,Jharkhand,331,GUMLA,PALKOT,PALKOT,Palkot,-,-,-,-,-,-,22.87833333,84.64527778,25-05-2012 00:00,8.2,325,"",0,159,"",21,"",0,"","","",120,32,9.7,22,"","","","","","","","","","",""
1239,Palkot,CGWB,20,Jharkhand,331,GUMLA,PALKOT,PALKOT,Palkot,-,-,-,-,-,-,22.87833333,84.64527778,25-05-2013 00:00,8.13,331,"",0,166,"",21,"",0,"","","",125,32,10.93,24,"","","","","","","","","","",""
1240,Palkot,CGWB,20,Jharkhand,331,GUMLA,PALKOT,PALKOT,Palkot,-,-,-,-,-,-,22.87833333,84.64527778,30-05-2019 08:00,7.4,104,360.75,"",43,"",14.2,"",0,"","","",33,10,2,8,"","","","","","","","","","",""
1241,Palkot,CGWB,20,Jharkhand,331,GUMLA,PALKOT,PALKOT,Palkot,-,-,-,-,-,-,22.87833333,84.64527778,30-05-2020 08:00,7.4,104,"","",43,"",14.2,"",0,"","","","",10,2,8,"","","","","","","","","","",""
1242,Palkot,CGWB,20,Jharkhand,331,GUMLA,PALKOT,PALKOT,Palkot,-,-,-,-,-,-,22.87833333,84.64527778,30-05-2021 08:00,8.105,340,221,0,91.5,"",12.496125,"",45,"","","",115,36,6.08,21,"","","","","","","","","","",""
1243,Pandrasalai,CGWB,20,Jharkhand,343,PASHCHIMI SINGHBHUM,KHUNTPANI,KHUNTPANI,Pandrasalai,-,-,-,-,-,-,22.64583333,85.67916667,25-05-2003 00:00,7.34,730,"","","","","","","","","","","","","","","","","","","","","","","","",""
1244,Pandrasalai,CGWB,20,Jharkhand,343,PASHCHIMI SINGHBHUM,KHUNTPANI,KHUNTPANI,Pandrasalai,-,-,-,-,-,-,22.64583333,85.67916667,25-05-2005 00:00,7.71,800,"",0,311,"",71,"","","","","",220,26,37.72,74,"","","","","","","","","","",""
1245,Pandrasalai,CGWB,20,Jharkhand,343,PASHCHIMI SINGHBHUM,KHUNTPANI,KHUNTPANI,Pandrasalai,-,-,-,-,-,-,22.64583333,85.67916667,25-05-2006 00:00,7.12,694,"",0,270,"",79,"",11,"","","",190,54,13.44,76,"","","","","","","","","","",""
1246,Pandrasalai,CGWB,20,Jharkhand,343,PASHCHIMI SINGHBHUM,KHUNTPANI,KHUNTPANI,Pandrasalai,-,-,-,-,-,-,22.64583333,85.67916667,25-05-2009 00:00,7.45,420,"",0,183,"",21,"","","","","",155,34,17,18,"","","","","","","","","","",""
1247,Pandrasalai,CGWB,20,Jharkhand,343,PASHCHIMI SINGHBHUM,KHUNTPANI,KHUNTPANI,Pandrasalai,-,-,-,-,-,-,22.64583333,85.67916667,25-05-2011 00:00,7.41,694,"",4,209.1,"",95.71,"","","","","",165,24,25.51,76,"","","","","","","","","","",""
1248,Pandrasalai,CGWB,20,Jharkhand,343,PASHCHIMI SINGHBHUM,KHUNTPANI,KHUNTPANI,Pandrasalai,-,-,-,-,-,-,22.64583333,85.67916667,25-05-2012 00:00,8.01,900,"",0,378,"",64,"",0,"","","",275,72,23.19,53,"","","","","","","","","","",""
1249,Pandrasalai,CGWB,20,Jharkhand,343,PASHCHIMI SINGHBHUM,KHUNTPANI,KHUNTPANI,Pandrasalai,-,-,-,-,-,-,22.64583333,85.67916667,25-05-2013 00:00,7.84,896,"",0,378,"",67,"",0,"","","",275,72,23,52,"","","","","","","","","","",""
1250,Pandri,CGWB,20,Jharkhand,329,GIRIDIH,GANDE,GANDE,Pandri,-,-,-,-,-,-,24.07500000,86.38611111,25-05-2000 00:00,7.95,480,"",0,104,"",89,"","","","","",105,30,7.3,29,"","","","","","","","","","",""
1251,Pandri,CGWB,20,Jharkhand,329,GIRIDIH,GANDE,GANDE,Pandri,-,-,-,-,-,-,24.07500000,86.38611111,25-05-2003 00:00,7.13,397,"","","","","","","","","","","","","","","","","","","","","","","","",""
1252,Pandri,CGWB,20,Jharkhand,329,GIRIDIH,GANDE,GANDE,Pandri,-,-,-,-,-,-,24.07500000,86.38611111,25-05-2010 00:00,7.4,265,"",0,80,"",24.81,"","","","","",85,26,5,20,"","","","","","","","","","",""
1253,Pandri,CGWB,20,Jharkhand,329,GIRIDIH,GANDE,GANDE,Pandri,-,-,-,-,-,-,24.07500000,86.38611111,25-05-2011 00:00,8.21,505,"",0,116.85,"",53,"","","","","",180,50,25.51,13.36,"","","","","","","","","","",""
1254,Pandri,CGWB,20,Jharkhand,329,GIRIDIH,GANDE,GANDE,Pandri,-,-,-,-,-,-,24.07500000,86.38611111,25-05-2012 00:00,8.1,310,"",0,92,"",53,"",0,"","","",120,40,5,14,"","","","","","","","","","",""
1255,Pandri,CGWB,20,Jharkhand,329,GIRIDIH,GANDE,GANDE,Pandri,-,-,-,-,-,-,24.07500000,86.38611111,25-05-2013 00:00,8.2,310,"",0,86,"",53,"",0,"","","",120,40,5,15,"","","","","","","","","","",""
1256,Panki,CGWB,20,Jharkhand,338,PALAMAU,PANKI,PANKI,Panki,-,-,-,-,-,-,24.04583333,84.47500000,25-05-2001 00:00,9.02,600,"",42,195,"",32,"","","","","",210,10,45,35,"","","","","","","","","","",""
1257,Panki,CGWB,20,Jharkhand,338,PALAMAU,PANKI,PANKI,Panki,-,-,-,-,-,-,24.04583333,84.47500000,25-05-2012 00:00,7.78,1200,"",0,305,"",234,"",48,"","","",530,176,22.1,47,"","","","","","","","","","",""
1258,Patabari,CGWB,20,Jharkhand,326,DUMKA,SHIKARIPARA,SHIKARIPARA,Patabari,-,-,-,-,-,-,24.21666667,87.37500000,25-05-2004 00:00,7.23,1300,"",0,293,"",167,"","","","","",410,32,80.27,105,"","","","","","","","","","",""
1259,Patabari,CGWB,20,Jharkhand,326,DUMKA,SHIKARIPARA,SHIKARIPARA,Patabari,-,-,-,-,-,-,24.21666667,87.37500000,25-05-2005 00:00,7.59,1050,"",0,244,"",156,"","","","","",310,68,34.12,92,"","","","","","","","","","",""
1260,Patabari,CGWB,20,Jharkhand,326,DUMKA,SHIKARIPARA,SHIKARIPARA,Patabari,-,-,-,-,-,-,24.21666667,87.37500000,25-05-2008 00:00,7.72,1080,"",0,299,"",142,"","","","","",385,98,34,64,"","","","","","","","","","",""
1261,Patabari,CGWB,20,Jharkhand,326,DUMKA,SHIKARIPARA,SHIKARIPARA,Patabari,-,-,-,-,-,-,24.21666667,87.37500000,25-05-2009 00:00,8.26,1235,"",0,195,"",170,"","","","","",270,64,27,150,"","","","","","","","","","",""
1262,Patabari,CGWB,20,Jharkhand,326,DUMKA,SHIKARIPARA,SHIKARIPARA,Patabari,-,-,-,-,-,-,24.21666667,87.37500000,25-05-2010 00:00,7.4,1141,"",0,311,"",146,"","","","","",295,58,36,80,"","","","","","","","","","",""
1263,Patabari,CGWB,20,Jharkhand,326,DUMKA,SHIKARIPARA,SHIKARIPARA,Patabari,-,-,-,-,-,-,24.21666667,87.37500000,25-05-2011 00:00,8.21,600,"",0,183,"",82,"","","","","",250,54,28,17,"","","","","","","","","","",""
1264,Patabari,CGWB,20,Jharkhand,326,DUMKA,SHIKARIPARA,SHIKARIPARA,Patabari,-,-,-,-,-,-,24.21666667,87.37500000,25-05-2013 00:00,8.01,1138,"",0,403,"",120,"",24,"","","",430,52,72,50,"","","","","","","","","","",""
1265,Patan,CGWB,20,Jharkhand,338,PALAMAU,PATAN,PATAN,Patan,-,-,-,-,-,-,24.20833333,84.22500000,25-05-2000 00:00,7.89,700,"",0,146,"",121,"","","","","",190,38,23,46,"","","","","","","","","","",""
1266,Patan,CGWB,20,Jharkhand,338,PALAMAU,PATAN,PATAN,Patan,-,-,-,-,-,-,24.20833333,84.22500000,25-05-2001 00:00,8.36,550,"",18,92,"",50,"","","","","",210,58,16,23,"","","","","","","","","","",""
1267,Patan,CGWB,20,Jharkhand,338,PALAMAU,PATAN,PATAN,Patan,-,-,-,-,-,-,24.20833333,84.22500000,25-05-2004 00:00,7.55,435,"",0,217,"",64,"","","","","",136,28,16.08,43,"","","","","","","","","","",""
1268,Patan,CGWB,20,Jharkhand,338,PALAMAU,PATAN,PATAN,Patan,-,-,-,-,-,-,24.20833333,84.22500000,25-05-2006 00:00,8.26,530,"",0,159,"",64,"",8,"","","",210,48,21.94,26,"","","","","","","","","","",""
1269,Patan,CGWB,20,Jharkhand,338,PALAMAU,PATAN,PATAN,Patan,-,-,-,-,-,-,24.20833333,84.22500000,25-05-2010 00:00,8.3,680,"",24,335,"",18,"","","","","",250,36,39,40,"","","","","","","","","","",""
1270,Pathargama,CGWB,20,Jharkhand,330,GODDA,PATHARGAMA,PATHARGAMA,Pathargama,-,-,-,-,-,-,24.94166667,87.28888889,25-05-2000 00:00,8.2,712,"",0,397,"",170,"","","","","",220,52,22,108,"","","","","","","","","","",""
1271,Pathargama,CGWB,20,Jharkhand,330,GODDA,PATHARGAMA,PATHARGAMA,Pathargama,-,-,-,-,-,-,24.94166667,87.28888889,25-05-2004 00:00,7.23,1600,"",0,238,"",320,"","","","","",645,198,36.71,58,"","","","","","","","","","",""
1272,Pathargama,CGWB,20,Jharkhand,330,GODDA,PATHARGAMA,PATHARGAMA,Pathargama,-,-,-,-,-,-,24.94166667,87.28888889,25-05-2005 00:00,7.93,1500,"",0,85,"",305,"","","","","",450,124,34.19,124,"","","","","","","","","","",""
1273,Pathargama,CGWB,20,Jharkhand,330,GODDA,PATHARGAMA,PATHARGAMA,Pathargama,-,-,-,-,-,-,24.94166667,87.28888889,25-05-2012 00:00,7.81,305,"",0,305,"",170,"",0,"","","",240,52,26,92,"","","","","","","","","","",""
1274,Pathargama,CGWB,20,Jharkhand,330,GODDA,PATHARGAMA,PATHARGAMA,Pathargama,-,-,-,-,-,-,24.94166667,87.28888889,30-05-2019 08:00,7.92,1292,265.2,"",227.55,"",282,"",17.59,"","","",274.15,85.66,14.58,171.287,"","","","","","","","","","",""
1275,Pathargama,CGWB,20,Jharkhand,330,GODDA,PATHARGAMA,PATHARGAMA,Pathargama,-,-,-,-,-,-,24.94166667,87.28888889,30-05-2020 08:00,7.92,1292,"","",227.55,"",282,"",17.59,"","","","",85.66,14.58,171.287,"","","","","","","","","","",""
1276,Patrahatu,CGWB,20,Jharkhand,339,RANCHI,SILLI,SILLI,Patrahau,-,-,-,-,-,-,23.32527778,85.78111111,25-05-2012 00:00,6.97,310,"",0,140,"",57,"",20,"","","",136,51,2.13,29,"","","","","","","","","","",""
1277,Patrahatu,CGWB,20,Jharkhand,339,RANCHI,SILLI,SILLI,Patrahau,-,-,-,-,-,-,23.32527778,85.78111111,30-05-2019 08:00,8.11,451,633.75,"",129.2,"",56.8,"",27.54,"","","",190,40,21.87,24.9,"","","","","","","","","","",""
1278,Patrahatu,CGWB,20,Jharkhand,339,RANCHI,SILLI,SILLI,Patrahau,-,-,-,-,-,-,23.32527778,85.78111111,30-05-2020 08:00,8.11,451,"","",129.2,"",56.8,"",27.54,"","","","",40,21.87,24.9,"","","","","","","","","","",""
1279,Patrahatu,CGWB,20,Jharkhand,339,RANCHI,SILLI,SILLI,Patrahau,-,-,-,-,-,-,23.32527778,85.78111111,30-05-2021 08:00,7.85,950,617.5,0,402.6,"",64.97985,"",13,0.045,"","",205,42,24.32,120,"","","","","","","","","","",""
1280,Patratu,CGWB,20,Jharkhand,332,HAZARIBAG,PATRATU,PATRATU,Patratu,-,-,-,-,-,-,23.65833333,85.30833333,25-05-2010 00:00,7.3,295,"",0,117,"",14,"","","","","",105,24,11,16,"","","","","","","","","","",""
1281,Patratu,CGWB,20,Jharkhand,332,HAZARIBAG,PATRATU,PATRATU,Patratu,-,-,-,-,-,-,23.65833333,85.30833333,25-05-2012 00:00,8,515,"",0,92,"",110,"",0,"","","",145,56,1,46,"","","","","","","","","","",""
1282,Pelaul,CGWB,20,Jharkhand,606,Khunti,-,-,-,-,-,-,-,-,-,23.03511100,85.23125000,30-05-2019 08:00,7.5,117,111.8,"",36.1,"",21.3,"",0.44,"","","",45,14,2.43,5.8,"","","","","","","","","","",""
1283,Pelaul,CGWB,20,Jharkhand,606,Khunti,-,-,-,-,-,-,-,-,-,23.03511100,85.23125000,30-05-2020 08:00,7.5,117,"","",36.1,"",21.3,"",0.44,"","","","",14,2.43,5.8,"","","","","","","","","","",""
1284,Petarbar,CGWB,20,Jharkhand,322,BOKARO,PETERBAR,PETERBAR,Petarbar,-,-,-,-,-,-,23.68055556,85.84166667,25-05-2002 00:00,8.37,489,"","","","","","","","","","","","","","","","","","","","","","","","",""
1285,Petarbar,CGWB,20,Jharkhand,322,BOKARO,PETERBAR,PETERBAR,Petarbar,-,-,-,-,-,-,23.68055556,85.84166667,25-05-2003 00:00,7.11,480,"","","","","","","","","","","","","","","","","","","","","","","","",""
1286,Petarbar,CGWB,20,Jharkhand,322,BOKARO,PETERBAR,PETERBAR,Petarbar,-,-,-,-,-,-,23.68055556,85.84166667,25-05-2004 00:00,7.39,500,"",0,79,"",71,"","","","","",145,48,6.14,38,"","","","","","","","","","",""
1287,Petarbar,CGWB,20,Jharkhand,322,BOKARO,PETERBAR,PETERBAR,Petarbar,-,-,-,-,-,-,23.68055556,85.84166667,25-05-2005 00:00,7.67,550,"",0,67,"",99,"","","","","",160,48,9.78,44,"","","","","","","","","","",""
1288,Petarbar,CGWB,20,Jharkhand,322,BOKARO,PETERBAR,PETERBAR,Petarbar,-,-,-,-,-,-,23.68055556,85.84166667,25-05-2006 00:00,7.45,420,"",0,55,"",67,"","","","","",130,44,4.92,32,"","","","","","","","","","",""
1289,Petarbar,CGWB,20,Jharkhand,322,BOKARO,PETERBAR,PETERBAR,Petarbar,-,-,-,-,-,-,23.68055556,85.84166667,25-05-2008 00:00,8.2,620,"",0,92,"",89,"","","","","",180,60,7.3,53,"","","","","","","","","","",""
1290,Petarbar,CGWB,20,Jharkhand,322,BOKARO,PETERBAR,PETERBAR,Petarbar,-,-,-,-,-,-,23.68055556,85.84166667,25-05-2009 00:00,8.25,799,"",0,55,"",153,"","","","","",215,60,16,104,"","","","","","","","","","",""
1291,Petarbar,CGWB,20,Jharkhand,322,BOKARO,PETERBAR,PETERBAR,Petarbar,-,-,-,-,-,-,23.68055556,85.84166667,25-05-2010 00:00,8,620,"",0,49.2,"",106.35,"","","","","",210,66,10.8,43,"","","","","","","","","","",""
1292,Petarbar,CGWB,20,Jharkhand,322,BOKARO,PETERBAR,PETERBAR,Petarbar,-,-,-,-,-,-,23.68055556,85.84166667,25-05-2011 00:00,8.21,670,"",0,55,"",153,"","","","","",215,60,16,104,"","","","","","","","","","",""
1293,Petarbar,CGWB,20,Jharkhand,322,BOKARO,PETERBAR,PETERBAR,Petarbar,-,-,-,-,-,-,23.68055556,85.84166667,25-05-2012 00:00,8,366,"",0,85,"",35,"",38,"","","",140,28,17.05,19,"","","","","","","","","","",""
1294,Petarbar,CGWB,20,Jharkhand,322,BOKARO,PETERBAR,PETERBAR,Petarbar,-,-,-,-,-,-,23.68055556,85.84166667,25-05-2013 00:00,7.73,367,"",0,85,"",35,"",40,"","","",140,28,17,19,"","","","","","","","","","",""
1295,Petarbar,CGWB,20,Jharkhand,322,BOKARO,PETERBAR,PETERBAR,Petarbar,-,-,-,-,-,-,23.68055556,85.84166667,30-05-2019 08:00,8.01,809,408.85,"",61.5,"",148.066,"",36.012,"","","",255,74,17.01,55.562,"","","","","","","","","","",""
1296,Petarbar,CGWB,20,Jharkhand,322,BOKARO,PETERBAR,PETERBAR,Petarbar,-,-,-,-,-,-,23.68055556,85.84166667,30-05-2020 08:00,8.01,809,"","",61.5,"",148.066,"",36.012,"","","","",74,17.01,55.562,"","","","","","","","","","",""
1297,Phusro/Bermo,CGWB,20,Jharkhand,322,BOKARO,BERMO,BERMO,Phusro/Bermo,-,-,-,-,-,-,23.71666667,86.13194444,25-05-2004 00:00,7.58,1100,"",0,281,"",153,"","","","","",370,52,58.41,68,"","","","","","","","","","",""
1298,Phusro/Bermo,CGWB,20,Jharkhand,322,BOKARO,BERMO,BERMO,Phusro/Bermo,-,-,-,-,-,-,23.71666667,86.13194444,25-05-2012 00:00,7.8,1900,"",0,464,"",266,"",48,"","","",741,192,63.69,69,"","","","","","","","","","",""
1299,Pindarcom,CGWB,20,Jharkhand,339,RANCHI,-,-,-,-,-,-,-,-,-,23.28416700,85.38361100,30-05-2019 08:00,8.14,358,282.75,"",55.35,"",71.43,"",39.4,"","","",160,28,21.87,16.5,"","","","","","","","","","",""
1300,Pindarcom,CGWB,20,Jharkhand,339,RANCHI,-,-,-,-,-,-,-,-,-,23.28416700,85.38361100,30-05-2020 08:00,8.14,358,"","",55.35,"",71.43,"",39.4,"","","","",28,21.87,16.5,"","","","","","","","","","",""
1301,Pindarcom,CGWB,20,Jharkhand,339,RANCHI,-,-,-,-,-,-,-,-,-,23.28416700,85.38361100,30-05-2021 08:00,6.95,415,269.75,0,79.3,"",69.9783,"",26,0.1,"","",35,10,2.432,75,"","","","","","","","","","",""
1302,Pindarjora,CGWB,20,Jharkhand,322,BOKARO,CHAS,CHAS,Pindarjora,-,-,-,-,-,-,23.54583333,86.17500000,25-05-2003 00:00,7.24,1169,"","","","","","","","","","","","","","","","","","","","","","","","",""
1303,Pindarjora,CGWB,20,Jharkhand,322,BOKARO,CHAS,CHAS,Pindarjora,-,-,-,-,-,-,23.54583333,86.17500000,25-05-2004 00:00,7.49,1200,"",0,213,"",192,"","","","","",370,124,14.74,100,"","","","","","","","","","",""
1304,Pindarjora,CGWB,20,Jharkhand,322,BOKARO,CHAS,CHAS,Pindarjora,-,-,-,-,-,-,23.54583333,86.17500000,25-05-2007 00:00,7.55,1200,"","",275,225.4,192,"","","","","",300,112,5,9.2,"","","","","","","","","","",""
1305,Pindarjora,CGWB,20,Jharkhand,322,BOKARO,CHAS,CHAS,Pindarjora,-,-,-,-,-,-,23.54583333,86.17500000,25-05-2013 00:00,8.1,915,"",0,104,"",135,"",50,"","","",240,72,15,52,"","","","","","","","","","",""
1306,Pindarjora new,CGWB,20,Jharkhand,322,BOKARO,CHAS,CHAS,Pindarjora,-,-,-,-,-,-,23.54861111,86.17500000,30-05-2019 08:00,8.12,651,627.25,"",190.65,"",86.854,"",37.868,"","","",152.20987,54,4.182,67.332,"","","","","","","","","","",""
1307,Pindarjora new,CGWB,20,Jharkhand,322,BOKARO,CHAS,CHAS,Pindarjora,-,-,-,-,-,-,23.54861111,86.17500000,30-05-2020 08:00,8.12,651,"","",190.65,"",86.854,"",37.868,"","","","",54,4.182,67.332,"","","","","","","","","","",""
1308,Pithajudi,CGWB,20,Jharkhand,327,PURBI SINGHBHUM,CHAKULIA,CHAKULIA,Pithajudi,-,-,-,-,-,-,22.49305556,86.74972222,25-05-2012 00:00,8,140,"",0,140,"",21,"",0,"","","",70,16,7.31,30,"","","","","","","","","","",""
1309,Pithoria,CGWB,20,Jharkhand,339,RANCHI,KANKE,KANKE,Pithoria,-,-,-,-,-,-,23.51750000,85.29583333,30-05-2019 08:00,8.37,975,482.3,9,252.15,"",124,"",71.39,"","","",285,76,23.085,117.63,"","","","","","","","","","",""
1310,Pithoria,CGWB,20,Jharkhand,339,RANCHI,KANKE,KANKE,Pithoria,-,-,-,-,-,-,23.51750000,85.29583333,30-05-2020 08:00,8.37,975,"","",252.15,"",124,"",71.39,"","","","",76,23.085,117.63,"","","","","","","","","","",""
1311,Pitij,CGWB,20,Jharkhand,323,CHATRA,ITKHORI,ITKHORI,Pitij,-,-,-,-,-,-,24.26694444,85.10888889,25-05-2012 00:00,7.65,1550,"",0,281,"",358,"",0,"","","",220,50,23.16,201,"","","","","","","","","","",""
1312,Pitij,CGWB,20,Jharkhand,323,CHATRA,ITKHORI,ITKHORI,Pitij,-,-,-,-,-,-,24.26694444,85.10888889,25-05-2013 00:00,7.6,1547,"",0,283,"",355,"",0,"","","",225,52,23.16,195,"","","","","","","","","","",""
1313,Pokta,CGWB,20,Jharkhand,339,RANCHI,KARRA,KARRA,Pokta,-,-,-,-,-,-,23.12250000,85.02027778,30-05-2019 08:00,7.9,210,206.7,"",85.4,"",28.4,"",0.74,"","","",75,22,4.86,15,"","","","","","","","","","",""
1314,Pokta,CGWB,20,Jharkhand,339,RANCHI,KARRA,KARRA,Pokta,-,-,-,-,-,-,23.12250000,85.02027778,30-05-2020 08:00,7.9,210,"","",85.4,"",28.4,"",0.74,"","","","",22,4.86,15,"","","","","","","","","","",""
1315,Poraiyahaat,CGWB,20,Jharkhand,330,GODDA,POREYAHAT,POREYAHAT,Poraiyahaat,-,-,-,-,-,-,24.67083333,87.16666667,25-05-2004 00:00,7.68,420,"",0,177,"",18,"","","","","",135,44,6.13,29,"","","","","","","","","","",""
1316,Poraiyahaat,CGWB,20,Jharkhand,330,GODDA,POREYAHAT,POREYAHAT,Poraiyahaat,-,-,-,-,-,-,24.67083333,87.16666667,25-05-2012 00:00,7.9,348,"",0,348,"",120,"",9.6,"","","",300,64,34.12,80,"","","","","","","","","","",""
1317,Potka,CGWB,20,Jharkhand,327,PURBI SINGHBHUM,POTKA,POTKA,Potka,-,-,-,-,-,-,22.62500000,86.23333333,25-05-2003 00:00,7.47,992,"","","","","","","","","","","","","","","","","","","","","","","","",""
1318,Potka,CGWB,20,Jharkhand,327,PURBI SINGHBHUM,POTKA,POTKA,Potka,-,-,-,-,-,-,22.62500000,86.23333333,25-05-2007 00:00,8.3,418,"","",378,309.8,35.5,"","","","","",170,16,31.63,23,"","","","","","","","","","",""
1319,Potka,CGWB,20,Jharkhand,327,PURBI SINGHBHUM,POTKA,POTKA,Potka,-,-,-,-,-,-,22.62500000,86.23333333,25-05-2009 00:00,8.51,956,"",36,323,"",60,"","","","","",330,52,49,44,"","","","","","","","","","",""
1320,Potka,CGWB,20,Jharkhand,327,PURBI SINGHBHUM,POTKA,POTKA,Potka,-,-,-,-,-,-,22.62500000,86.23333333,25-05-2012 00:00,8.66,1030,"",36,354,"",71,"",34,"","","",400,60,60.86,46,"","","","","","","","","","",""
1321,Potka,CGWB,20,Jharkhand,327,PURBI SINGHBHUM,POTKA,POTKA,Potka,-,-,-,-,-,-,22.62500000,86.23333333,25-05-2013 00:00,8.68,1033,"",36,354,"",71,"",35,"","","",400,60,60.86,48,"","","","","","","","","","",""
1322,Pupunki,CGWB,20,Jharkhand,322,BOKARO,CHAS,CHAS,Pupunki,-,-,-,-,-,-,23.70111111,86.20888889,25-05-2012 00:00,8,800,"",0,171,"",135,"",19,"","","",220,72,9.81,78,"","","","","","","","","","",""
1323,Pupunki,CGWB,20,Jharkhand,322,BOKARO,CHAS,CHAS,Pupunki,-,-,-,-,-,-,23.70111111,86.20888889,25-05-2013 00:00,7.92,805,"",0,171,"",135,"",19,"","","",220,72,9.81,78,"","","","","","","","","","",""
1324,Putida,CGWB,20,Jharkhand,343,WEST SINGHBHUM (Chaibasa),-,-,-,-,-,-,-,-,-,22.58916700,85.76472200,30-05-2019 08:00,7.6,112.2,641.55,0,18.9,"",8,"",6,"","","",22,12,2.1,12,"","","","","","","","","","",""
1325,Putida,CGWB,20,Jharkhand,343,WEST SINGHBHUM (Chaibasa),-,-,-,-,-,-,-,-,-,22.58916700,85.76472200,30-05-2020 08:00,7.6,112.2,"",0,18.9,"",8,"",6,"","","","",12,2.1,12,"","","","","","","","","","",""
1326,Radhagaon Rly Station,CGWB,20,Jharkhand,322,BOKARO,-,-,-,-,-,-,-,-,-,23.59666700,86.08861100,30-05-2019 08:00,8.06,1153,447.85,"",289.05,"",179.93,"",76.64,"","","",359.85934,68.403,45.891,68.575,"","","","","","","","","","",""
1327,Radhagaon Rly Station,CGWB,20,Jharkhand,322,BOKARO,-,-,-,-,-,-,-,-,-,23.59666700,86.08861100,30-05-2020 08:00,8.06,1153,"","",289.05,"",179.93,"",76.64,"","","","",68.403,45.891,68.575,"","","","","","","","","","",""
1328,Radhagaon Rly Station,CGWB,20,Jharkhand,322,BOKARO,-,-,-,-,-,-,-,-,-,23.59666700,86.08861100,30-05-2021 08:00,7.65,875,568.75,0,463.6,"",14.99958,"",22,"","","",100,22,10.944,158,"","","","","","","","","","",""
1329,Raidih,CGWB,20,Jharkhand,331,GUMLA,RAIDIH,RAIDIH,Raidih,-,-,-,-,-,-,22.95888889,84.44500000,25-05-2003 00:00,7.53,820,"","","","","","","","","","","","","","","","","","","","","","","","",""
1330,Raidih,CGWB,20,Jharkhand,331,GUMLA,RAIDIH,RAIDIH,Raidih,-,-,-,-,-,-,22.95888889,84.44500000,25-05-2007 00:00,6.62,392,"","",85.4,70,78.1,"","","","","",100,20,12.18,49,"","","","","","","","","","",""
1331,Raidih,CGWB,20,Jharkhand,331,GUMLA,RAIDIH,RAIDIH,Raidih,-,-,-,-,-,-,22.95888889,84.44500000,25-05-2008 00:00,8,381,"",0,91,"",43,"","","","","",105,36,3.6,21,"","","","","","","","","","",""
1332,Raidih,CGWB,20,Jharkhand,331,GUMLA,RAIDIH,RAIDIH,Raidih,-,-,-,-,-,-,22.95888889,84.44500000,25-05-2009 00:00,7.82,504,"",0,67,"",67,"","","","","",130,38,8.5,64,"","","","","","","","","","",""
1333,Raidih,CGWB,20,Jharkhand,331,GUMLA,RAIDIH,RAIDIH,Raidih,-,-,-,-,-,-,22.95888889,84.44500000,25-05-2012 00:00,8,500,"",0,214,"",50,"",32,"","","",150,40,12.21,41,"","","","","","","","","","",""
1334,Raidih,CGWB,20,Jharkhand,331,GUMLA,RAIDIH,RAIDIH,Raidih,-,-,-,-,-,-,22.95888889,84.44500000,25-05-2013 00:00,8.14,504,"",0,214,"",50,"",31,"","","",150,40,12,43,"","","","","","","","","","",""
1335,Raidih,CGWB,20,Jharkhand,331,GUMLA,RAIDIH,RAIDIH,Raidih,-,-,-,-,-,-,22.95888889,84.44500000,30-05-2019 08:00,7.7,217,63.05,"",60.9,"",39.05,"",0.33,"","","",90,30,3.645,7.6,"","","","","","","","","","",""
1336,Raidih,CGWB,20,Jharkhand,331,GUMLA,RAIDIH,RAIDIH,Raidih,-,-,-,-,-,-,22.95888889,84.44500000,30-05-2020 08:00,7.7,217,"","",60.9,"",39.05,"",0.33,"","","","",30,3.645,7.6,"","","","","","","","","","",""
1337,Raidih,CGWB,20,Jharkhand,331,GUMLA,RAIDIH,RAIDIH,Raidih,-,-,-,-,-,-,22.95888889,84.44500000,30-05-2021 08:00,7.53,592,384.8,0,274.5,"",19.99944,"",16,"","","",215,58,17.024,37,"","","","","","","","","","",""
1338,Rajganj,CGWB,20,Jharkhand,325,DHANBAD,BAGHMARA CUM KATRAS,BAGHMARA CUM KATRAS,Rajganj,-,-,-,-,-,-,23.87361111,86.33750000,25-05-2000 00:00,8,1161,"",0,55,"",199,"","","","","",210,37,28,75,"","","","","","","","","","",""
1339,Rajganj,CGWB,20,Jharkhand,325,DHANBAD,BAGHMARA CUM KATRAS,BAGHMARA CUM KATRAS,Rajganj,-,-,-,-,-,-,23.87361111,86.33750000,25-05-2002 00:00,8.02,1258,"","","","","","","","","","","","","","","","","","","","","","","","",""
1340,Rajganj,CGWB,20,Jharkhand,325,DHANBAD,BAGHMARA CUM KATRAS,BAGHMARA CUM KATRAS,Rajganj,-,-,-,-,-,-,23.87361111,86.33750000,25-05-2003 00:00,7.56,1370,"","","","","","","","","","","","","","","","","","","","","","","","",""
1341,Rajganj,CGWB,20,Jharkhand,325,DHANBAD,BAGHMARA CUM KATRAS,BAGHMARA CUM KATRAS,Rajganj,-,-,-,-,-,-,23.87361111,86.33750000,25-05-2004 00:00,7.8,1400,"",0,342,"",167,"","","","","",430,84,53.59,103,"","","","","","","","","","",""
1342,Rajganj,CGWB,20,Jharkhand,325,DHANBAD,BAGHMARA CUM KATRAS,BAGHMARA CUM KATRAS,Rajganj,-,-,-,-,-,-,23.87361111,86.33750000,25-05-2006 00:00,7.98,1150,"",0,232,"",160,"","","","","",415,92,45.09,67,"","","","","","","","","","",""
1343,Rajganj,CGWB,20,Jharkhand,325,DHANBAD,BAGHMARA CUM KATRAS,BAGHMARA CUM KATRAS,Rajganj,-,-,-,-,-,-,23.87361111,86.33750000,25-05-2007 00:00,8.09,950,"","",140,114.8,178,"","","","","",320,62,40,64,"","","","","","","","","","",""
1344,Rajganj,CGWB,20,Jharkhand,325,DHANBAD,BAGHMARA CUM KATRAS,BAGHMARA CUM KATRAS,Rajganj,-,-,-,-,-,-,23.87361111,86.33750000,25-05-2008 00:00,7.48,1750,"",0,415,"",195,"","","","","",525,126,51,152,"","","","","","","","","","",""
1345,Rajganj,CGWB,20,Jharkhand,325,DHANBAD,BAGHMARA CUM KATRAS,BAGHMARA CUM KATRAS,Rajganj,-,-,-,-,-,-,23.87361111,86.33750000,25-05-2009 00:00,7.27,1696,"",0,390,"",202,"","","","","",460,86,60,147,"","","","","","","","","","",""
1346,Rajganj,CGWB,20,Jharkhand,325,DHANBAD,BAGHMARA CUM KATRAS,BAGHMARA CUM KATRAS,Rajganj,-,-,-,-,-,-,23.87361111,86.33750000,25-05-2010 00:00,7.2,1210,"",0,98.4,"",219.79,"","","","","",395,42,70.5,98,"","","","","","","","","","",""
1347,Rajganj,CGWB,20,Jharkhand,325,DHANBAD,BAGHMARA CUM KATRAS,BAGHMARA CUM KATRAS,Rajganj,-,-,-,-,-,-,23.87361111,86.33750000,25-05-2011 00:00,7.26,1690,"",0,390,"",195,"","","","","",460,86,60,143,"","","","","","","","","","",""
1348,Rajganj,CGWB,20,Jharkhand,325,DHANBAD,BAGHMARA CUM KATRAS,BAGHMARA CUM KATRAS,Rajganj,-,-,-,-,-,-,23.87361111,86.33750000,25-05-2012 00:00,7.8,1650,"",0,464,"",269,"",0,"","","",631,100,92.75,85,"","","","","","","","","","",""
1349,Rajganj,CGWB,20,Jharkhand,325,DHANBAD,BAGHMARA CUM KATRAS,BAGHMARA CUM KATRAS,Rajganj,-,-,-,-,-,-,23.87361111,86.33750000,30-05-2019 08:00,8.55,836,503.1,21,129.15,"",122.612,"",43.624,"","","",212.12758,44,24.817,71.625,"","","","","","","","","","",""
1350,Rajganj,CGWB,20,Jharkhand,325,DHANBAD,BAGHMARA CUM KATRAS,BAGHMARA CUM KATRAS,Rajganj,-,-,-,-,-,-,23.87361111,86.33750000,30-05-2020 08:00,8.55,836,"","",129.15,"",122.612,"",43.624,"","","","",44,24.817,71.625,"","","","","","","","","","",""
1351,Rajganj,CGWB,20,Jharkhand,325,DHANBAD,BAGHMARA CUM KATRAS,BAGHMARA CUM KATRAS,Rajganj,-,-,-,-,-,-,23.87361111,86.33750000,30-05-2021 08:00,7.7,1305,848.25,0,227.97957,"",297.40778,"",17,0.2,"","",490,120,46.208,72,"","","","","","","","","","",""
1352,Rajhara,CGWB,20,Jharkhand,338,PALAMAU,BISHRAMPUR,BISHRAMPUR,Rajhara,-,-,-,-,-,-,24.17916667,84.02500000,25-05-2010 00:00,8.3,1040,"",12,348,"",114,"","","","","",375,32,72,47,"","","","","","","","","","",""
1353,Rajhara,CGWB,20,Jharkhand,338,PALAMAU,BISHRAMPUR,BISHRAMPUR,Rajhara,-,-,-,-,-,-,24.17916667,84.02500000,25-05-2011 00:00,8.51,1040,"",12,348,"",114,"","","","","",375,32,72,47,"","","","","","","","","","",""
1354,Rajmahal,CGWB,20,Jharkhand,340,Sahebganj,RAJMAHAL,RAJMAHAL,Rajmahal,-,-,-,-,-,-,25.03333333,87.81333333,25-05-2004 00:00,7.56,890,"",0,390,"",75,"","","","","",330,60,43.84,48,"","","","","","","","","","",""
1355,Rajmahal,CGWB,20,Jharkhand,340,Sahebganj,RAJMAHAL,RAJMAHAL,Rajmahal,-,-,-,-,-,-,25.03333333,87.81333333,25-05-2005 00:00,8.16,540,"",0,146,"",64,"","","","","",160,16,29.2,46,"","","","","","","","","","",""
1356,Rajmahal,CGWB,20,Jharkhand,340,Sahebganj,RAJMAHAL,RAJMAHAL,Rajmahal,-,-,-,-,-,-,25.03333333,87.81333333,25-05-2008 00:00,7.52,830,"",0,336,"",67,"","","","","",305,80,26,44,"","","","","","","","","","",""
1357,Rajmahal,CGWB,20,Jharkhand,340,Sahebganj,RAJMAHAL,RAJMAHAL,Rajmahal,-,-,-,-,-,-,25.03333333,87.81333333,25-05-2012 00:00,8.03,655,"",0,287,"",50,"",0,"","","",215,20,40,12,"","","","","","","","","","",""
1358,Rajmahal,CGWB,20,Jharkhand,340,Sahebganj,RAJMAHAL,RAJMAHAL,Rajmahal,-,-,-,-,-,-,25.03333333,87.81333333,25-05-2013 00:00,7.41,650,"",0,295,"",50,"",0,"","","",215,20,40,32,"","","","","","","","","","",""
1359,Rajnagar,CGWB,20,Jharkhand,343,PASHCHIMI SINGHBHUM,GOBINDPUR (RAJNAGAR),GOBINDPUR (RAJNAGAR),Rajnagar,-,-,-,-,-,-,22.58333333,85.92500000,25-05-2003 00:00,7.59,570,"","","","","","","","","","","","","","","","","","","","","","","","",""
1360,Rajnagar,CGWB,20,Jharkhand,343,PASHCHIMI SINGHBHUM,GOBINDPUR (RAJNAGAR),GOBINDPUR (RAJNAGAR),Rajnagar,-,-,-,-,-,-,22.58333333,85.92500000,25-05-2007 00:00,7.66,643,"","",701,574.6,35.5,"","","","","",250,32,41.37,22,"","","","","","","","","","",""
1361,Rajnagar,CGWB,20,Jharkhand,343,PASHCHIMI SINGHBHUM,GOBINDPUR (RAJNAGAR),GOBINDPUR (RAJNAGAR),Rajnagar,-,-,-,-,-,-,22.58333333,85.92500000,25-05-2008 00:00,8.44,840,"",18,262,"",67,"","","","","",340,56,49,30,"","","","","","","","","","",""
1362,Rajnagar,CGWB,20,Jharkhand,343,PASHCHIMI SINGHBHUM,GOBINDPUR (RAJNAGAR),GOBINDPUR (RAJNAGAR),Rajnagar,-,-,-,-,-,-,22.58333333,85.92500000,25-05-2011 00:00,7.02,410,"",0,227.5,"",10.63,"","","","","",190,22,32.8,6,"","","","","","","","","","",""
1363,Rajrappa,CGWB,20,Jharkhand,332,HAZARIBAG,RAMGARH,RAMGARH,Rajrappa,-,-,-,-,-,-,23.58694444,85.63000000,25-05-2004 00:00,7.24,385,"",0,81,"",107,"","","","","",148,25,20.82,13,"","","","","","","","","","",""
1364,Rajrappa,CGWB,20,Jharkhand,332,HAZARIBAG,RAMGARH,RAMGARH,Rajrappa,-,-,-,-,-,-,23.58694444,85.63000000,25-05-2008 00:00,8.59,370,"",12,67,"",36,"","","","","",110,40,2.4,23,"","","","","","","","","","",""
1365,Ramgarh,CGWB,20,Jharkhand,326,DUMKA,RAMGARH,RAMGARH,Ramgarh,-,-,-,-,-,-,24.55416667,87.25000000,25-05-2002 00:00,8.1,704,"","","","","","","","","","","","","","","","","","","","","","","","",""
1366,Ramgarh,CGWB,20,Jharkhand,326,DUMKA,RAMGARH,RAMGARH,Ramgarh,-,-,-,-,-,-,24.55416667,87.25000000,25-05-2005 00:00,7.39,1400,"",0,299,"",227,"","","","","",460,140,26.91,100,"","","","","","","","","","",""
1367,Ramgarh,CGWB,20,Jharkhand,326,DUMKA,RAMGARH,RAMGARH,Ramgarh,-,-,-,-,-,-,24.55416667,87.25000000,25-05-2009 00:00,8.19,850,"",0,207,"",28,"","","","","",340,128,4.8,32,"","","","","","","","","","",""
1368,Ramgarh,CGWB,20,Jharkhand,326,DUMKA,RAMGARH,RAMGARH,Ramgarh,-,-,-,-,-,-,24.55416667,87.25000000,25-05-2010 00:00,7.4,507,"",0,256,"",28,"","","","","",130,30,13,26,"","","","","","","","","","",""
1369,Ramgarh,CGWB,20,Jharkhand,326,DUMKA,RAMGARH,RAMGARH,Ramgarh,-,-,-,-,-,-,24.55416667,87.25000000,25-05-2012 00:00,8,300,"",0,85,"",43,"",0,"","","",120,40,4.91,6,"","","","","","","","","","",""
1370,Ramgarh1,CGWB,20,Jharkhand,327,PURBI SINGHBHUM,POTKA,POTKA,Ramgarh,-,-,-,-,-,-,22.71250000,86.32000000,25-05-2009 00:00,7.25,560,"",0,262,"",14,"","","","","",225,18,44,18,"","","","","","","","","","",""
1371,Ramgarh1,CGWB,20,Jharkhand,327,PURBI SINGHBHUM,POTKA,POTKA,Ramgarh,-,-,-,-,-,-,22.71250000,86.32000000,25-05-2010 00:00,8.1,513,"",12,183,"",21,"","","","","",215,28,35,24,"","","","","","","","","","",""
1372,Ramgarh2,CGWB,20,Jharkhand,332,HAZARIBAG,RAMGARH,RAMGARH,Ramgarh,-,-,-,-,-,-,23.64277778,85.48611111,25-05-2007 00:00,6.97,1350,"","",354,290.2,249,"","","","","",350,132,5.02,140,"","","","","","","","","","",""
1373,Ramgarh2,CGWB,20,Jharkhand,332,HAZARIBAG,RAMGARH,RAMGARH,Ramgarh,-,-,-,-,-,-,23.64277778,85.48611111,25-05-2008 00:00,7.47,1420,"",0,378,"",241,"","","","","",425,108,38,120,"","","","","","","","","","",""
1374,Ramgarh2,CGWB,20,Jharkhand,332,HAZARIBAG,RAMGARH,RAMGARH,Ramgarh,-,-,-,-,-,-,23.64277778,85.48611111,25-05-2010 00:00,7.3,1525,"",0,424,"",230,"","","","","",395,96,38,164,"","","","","","","","","","",""
1375,Ramgarh2,CGWB,20,Jharkhand,332,HAZARIBAG,RAMGARH,RAMGARH,Ramgarh,-,-,-,-,-,-,23.64277778,85.48611111,25-05-2011 00:00,7.64,1238,"",0,400,"",198,"","","","","",340,64,43.74,124,"","","","","","","","","","",""
1376,Ramgarh2,CGWB,20,Jharkhand,332,HAZARIBAG,RAMGARH,RAMGARH,Ramgarh,-,-,-,-,-,-,23.64277778,85.48611111,30-05-2021 08:00,8.05,358,232.7,0,158.6,"",17.49951,"",13,"","","",145,34,14.592,14,"","","","","","","","","","",""
1377,Ranchi,CGWB,20,Jharkhand,339,RANCHI,NAMKUM,NAMKUM,Ranchi,-,-,-,-,-,-,23.34861111,85.31250000,25-05-2003 00:00,6.92,330,"","","","","","","","","","","","","","","","","","","","","","","","",""
1378,Ranchi,CGWB,20,Jharkhand,339,RANCHI,NAMKUM,NAMKUM,Ranchi,-,-,-,-,-,-,23.34861111,85.31250000,25-05-2004 00:00,8.12,300,"",0,90,"",70,"","","","","",156,37,15.48,29,"","","","","","","","","","",""
1379,Ranchi,CGWB,20,Jharkhand,339,RANCHI,NAMKUM,NAMKUM,Ranchi,-,-,-,-,-,-,23.34861111,85.31250000,25-05-2005 00:00,7.33,400,"",0,110,"",46,"",18,"","","",155,52,6.14,30,"","","","","","","","","","",""
1380,Ranchi,CGWB,20,Jharkhand,339,RANCHI,NAMKUM,NAMKUM,Ranchi,-,-,-,-,-,-,23.34861111,85.31250000,25-05-2006 00:00,8.05,325,"",0,79,"",40,"",25,"","","",108,33,6.24,25,"","","","","","","","","","",""
1381,Ranchi,CGWB,20,Jharkhand,339,RANCHI,NAMKUM,NAMKUM,Ranchi,-,-,-,-,-,-,23.34861111,85.31250000,25-05-2012 00:00,7,380,"",0,240,"",60,"",17,"","","",224,80,6,11,"","","","","","","","","","",""
1382,Ranchi1,CGWB,20,Jharkhand,339,RANCHI,NAMKUM,NAMKUM,Ranchi,-,-,-,-,-,-,23.34833333,85.31277778,25-05-2004 00:00,8.12,300,"",0,90,"",78,"","","","","",156,37,15.48,29,"","","","","","","","","","",""
1383,Ranchi1,CGWB,20,Jharkhand,339,RANCHI,NAMKUM,NAMKUM,Ranchi,-,-,-,-,-,-,23.34861111,85.31277778,25-05-2007 00:00,7.16,415,"","",207,169.7,50,"","","","","",140,44,7.35,32,"","","","","","","","","","",""
1384,Ranchi1,CGWB,20,Jharkhand,339,RANCHI,NAMKUM,NAMKUM,Ranchi,-,-,-,-,-,-,23.34833333,85.31277778,25-05-2009 00:00,7.25,480,"",0,146,"",67,"","","","","",180,50,13,21,"","","","","","","","","","",""
1385,Raneswar,CGWB,20,Jharkhand,326,DUMKA,RANISHWAR,RANISHWAR,Raneswar,-,-,-,-,-,-,24.02916667,87.42500000,25-05-2005 00:00,7.78,350,"",0,104,"",36,"","","","","",110,32,7.33,23,"","","","","","","","","","",""
1386,Raneswar,CGWB,20,Jharkhand,326,DUMKA,RANISHWAR,RANISHWAR,Raneswar,-,-,-,-,-,-,24.02916667,87.42500000,25-05-2006 00:00,7.18,500,"",0,195,"",25,"","","","","",185,68,3.73,15,"","","","","","","","","","",""
1387,Raneswar,CGWB,20,Jharkhand,326,DUMKA,RANISHWAR,RANISHWAR,Raneswar,-,-,-,-,-,-,24.02916667,87.42500000,25-05-2008 00:00,8.16,280,"",0,85,"",32,"","","","","",70,18,6,27,"","","","","","","","","","",""
1388,Raneswar,CGWB,20,Jharkhand,326,DUMKA,RANISHWAR,RANISHWAR,Raneswar,-,-,-,-,-,-,24.02916667,87.42500000,25-05-2009 00:00,7.36,400,"",0,134,"",50,"","","","","",150,52,4.8,64,"","","","","","","","","","",""
1389,Raneswar,CGWB,20,Jharkhand,326,DUMKA,RANISHWAR,RANISHWAR,Raneswar,-,-,-,-,-,-,24.02916667,87.42500000,25-05-2011 00:00,7.05,480,"",0,140,"",46,"","","","","",145,40,11,41,"","","","","","","","","","",""
1390,Raneswar,CGWB,20,Jharkhand,326,DUMKA,RANISHWAR,RANISHWAR,Raneswar,-,-,-,-,-,-,24.02916667,87.42500000,25-05-2012 00:00,7.7,440,"",0,146,"",35,"",0,"","","",140,40,9.6,27,"","","","","","","","","","",""
1391,Raneswar,CGWB,20,Jharkhand,326,DUMKA,RANISHWAR,RANISHWAR,Raneswar,-,-,-,-,-,-,24.02916667,87.42500000,25-05-2013 00:00,8.25,436,"",0,146,"",35,"",0,"","","",140,40,9.77,25,"","","","","","","","","","",""
1392,Raneswar,CGWB,20,Jharkhand,326,DUMKA,RANISHWAR,RANISHWAR,Raneswar,-,-,-,-,-,-,24.02916667,87.42500000,30-05-2019 08:00,7.85,634,1202.5,"",104.55,"",106,"",67.55,"","","",205,16,40.095,50.85,"","","","","","","","","","",""
1393,Raneswar,CGWB,20,Jharkhand,326,DUMKA,RANISHWAR,RANISHWAR,Raneswar,-,-,-,-,-,-,24.02916667,87.42500000,30-05-2020 08:00,7.85,634,"","",104.55,"",106,"",67.55,"","","","",16,40.095,50.85,"","","","","","","","","","",""
1394,Ranga,CGWB,20,Jharkhand,340,Sahebganj,PATHNA,PATHNA,Ranga,-,-,-,-,-,-,24.84444444,87.71361111,25-05-2012 00:00,8.1,1052,"",0,317,"",135,"",0,"","","",275,80,18.33,87,"","","","","","","","","","",""
1395,Ranga,CGWB,20,Jharkhand,340,Sahebganj,PATHNA,PATHNA,Ranga,-,-,-,-,-,-,24.84444444,87.71361111,25-05-2013 00:00,8.2,1055,"",0,317,"",135,"",0,"","","",275,80,18.33,87,"","","","","","","","","","",""
1396,Rangamati,CGWB,20,Jharkhand,339,RANCHI,TAMAR (I),TAMAR (I),Rangamati,-,-,-,-,-,-,23.37000000,85.83000000,25-05-2012 00:00,7.1,750,"",0,200,"",170,"",92,"","","",456,56,76.9,31,"","","","","","","","","","",""
1397,Rangamati,CGWB,20,Jharkhand,339,RANCHI,TAMAR (I),TAMAR (I),Rangamati,-,-,-,-,-,-,23.37000000,85.83000000,25-05-2013 00:00,7.1,751,"",0,200,"",170,"",92,"","","",456,56,76.9,31,"","","","","","","","","","",""
1398,Rangamati,CGWB,20,Jharkhand,339,RANCHI,TAMAR (I),TAMAR (I),Rangamati,-,-,-,-,-,-,23.37000000,85.83000000,30-05-2019 08:00,7.65,742,332.8,"",338.25,"",19.882,"",87.2,"","","",456,54,74,31,"","","","","","","","","","",""
1399,Rangamati,CGWB,20,Jharkhand,339,RANCHI,TAMAR (I),TAMAR (I),Rangamati,-,-,-,-,-,-,23.37000000,85.83000000,30-05-2020 08:00,7.65,742,"","",338.25,"",19.882,"",87.2,"","","","",54,74,31,"","","","","","","","","","",""
1400,Rudh1,CGWB,20,Jharkhand,336,LOHARDAGA,KURU,KURU,Rudh,-,-,-,-,-,-,23.55750000,84.81361111,25-05-2002 00:00,7.37,148,"","","","","","","","","","","","","","","","","","","","","","","","",""
1401,Rudh1,CGWB,20,Jharkhand,336,LOHARDAGA,KURU,KURU,Rudh,-,-,-,-,-,-,23.55750000,84.81361111,25-05-2012 00:00,7.14,200,"",0,100,"",23,"",14,"","","",96,27,6.96,17,"","","","","","","","","","",""
1402,Rudh1,CGWB,20,Jharkhand,336,LOHARDAGA,KURU,KURU,Rudh,-,-,-,-,-,-,23.55750000,84.81361111,25-05-2013 00:00,7.14,207,"",0,100,"",23,"",14,"","","",96,27,7,17,"","","","","","","","","","",""
1403,Sagalim,CGWB,20,Jharkhand,338,PALAMAU,PANKI,PANKI,Sagalim,-,-,-,-,-,-,24.06500000,84.34888889,25-05-2012 00:00,7.77,630,"",0,366,"",32,"",12,"","","",240,60,21.95,55,"","","","","","","","","","",""
1404,Sahargram,CGWB,20,Jharkhand,337,Pakur,-,-,-,-,-,-,-,-,-,24.56670000,87.71640000,30-05-2019 08:00,7.93,268,839.8,"",92.25,"",34.2,"",4.84,"","","",115,26,12.15,7.092,"","","","","","","","","","",""
1405,Sahargram,CGWB,20,Jharkhand,337,Pakur,-,-,-,-,-,-,-,-,-,24.56670000,87.71640000,30-05-2020 08:00,7.93,268,"","",92.25,"",34.2,"",4.84,"","","","",26,12.15,7.092,"","","","","","","","","","",""
1406,Sahebganj1,CGWB,20,Jharkhand,340,Sahebganj,BORIO,BORIO,Sahebganj,-,-,-,-,-,-,25.23333333,87.63888889,25-05-2000 00:00,8.24,979,"",0,201,"",178,"","","","","",320,72,34,108,"","","","","","","","","","",""
1407,Sahebganj1,CGWB,20,Jharkhand,340,Sahebganj,BORIO,BORIO,Sahebganj,-,-,-,-,-,-,25.23333333,87.63888889,25-05-2012 00:00,7.6,550,"",0,250,"",42,"",0,"","","",180,32,24.35,11,"","","","","","","","","","",""
1408,Sahebganj1,CGWB,20,Jharkhand,340,Sahebganj,BORIO,BORIO,Sahebganj,-,-,-,-,-,-,25.23333333,87.63888889,25-05-2013 00:00,7.6,536,"",0,250,"",42,"",0,"","","",180,32,24,30,"","","","","","","","","","",""
1409,Sakrej,CGWB,20,Jharkhand,332,HAZARIBAG,BARKATHA,BARKATHA,Sakrej,-,-,-,-,-,-,24.20861111,85.53527778,30-05-2021 08:00,8.04,773,502.45,0,195.2,"",89.9721,"",27,0.08,"","",250,58,25.536,60,"","","","","","","","","","",""
1410,Sakrigali,CGWB,20,Jharkhand,340,Sahebganj,BORIO,BORIO,Sakrigali,-,-,-,-,-,-,25.23333333,87.70277778,25-05-2004 00:00,6.9,1220,"",0,335,"",135,"","","","","",405,70,56.01,88,"","","","","","","","","","",""
1411,Sakrigali,CGWB,20,Jharkhand,340,Sahebganj,BORIO,BORIO,Sakrigali,-,-,-,-,-,-,25.23333333,87.70277778,25-05-2005 00:00,7.84,830,"",0,98,"",163,"","","","","",275,56,32.89,58,"","","","","","","","","","",""
1412,Sakrigali,CGWB,20,Jharkhand,340,Sahebganj,BORIO,BORIO,Sakrigali,-,-,-,-,-,-,25.23333333,87.70277778,25-05-2008 00:00,7.52,1055,"",0,275,"",178,"","","","","",420,112,34,41,"","","","","","","","","","",""
1413,Sakrigali,CGWB,20,Jharkhand,340,Sahebganj,BORIO,BORIO,Sakrigali,-,-,-,-,-,-,25.23333333,87.70277778,25-05-2010 00:00,7.8,1601,"",0,262,"",263,"","","","","",470,68,73,99,"","","","","","","","","","",""
1414,Sakrigali,CGWB,20,Jharkhand,340,Sahebganj,BORIO,BORIO,Sakrigali,-,-,-,-,-,-,25.23333333,87.70277778,25-05-2011 00:00,7.97,1375,"",0,332.1,"",166.61,"","","","","",260,48,34.02,187,"","","","","","","","","","",""
1415,Sakrigali,CGWB,20,Jharkhand,340,Sahebganj,BORIO,BORIO,Sakrigali,-,-,-,-,-,-,25.23333333,87.70277778,25-05-2012 00:00,8.1,1010,"",0,305,"",149,"",19,"","","",240,64,19.53,69,"","","","","","","","","","",""
1416,Sakrigali,CGWB,20,Jharkhand,340,Sahebganj,BORIO,BORIO,Sakrigali,-,-,-,-,-,-,25.23333333,87.70277778,25-05-2013 00:00,8.18,1000,"",0,305,"",149,"",19,"","","",240,64,19.53,69,"","","","","","","","","","",""
1417,Salgapara,CGWB,20,Jharkhand,337,Pakur,PAKURIA,PAKURIA,Salgapara,-,-,-,-,-,-,24.37916667,87.67277778,25-05-2004 00:00,7.35,550,"",0,189,"",36,"","","","","",220,42,28.01,21,"","","","","","","","","","",""
1418,Salgapara,CGWB,20,Jharkhand,337,Pakur,PAKURIA,PAKURIA,Salgapara,-,-,-,-,-,-,24.37916667,87.67277778,25-05-2009 00:00,7.12,380,"",0,49,"",36,"","","","","",150,30,18,16,"","","","","","","","","","",""
1419,Salgapara,CGWB,20,Jharkhand,337,Pakur,PAKURIA,PAKURIA,Salgapara,-,-,-,-,-,-,24.37916667,87.67277778,25-05-2010 00:00,7.6,442,"",0,201,"",28,"","","","","",190,50,16,14,"","","","","","","","","","",""
1420,Salgapara,CGWB,20,Jharkhand,337,Pakur,PAKURIA,PAKURIA,Salgapara,-,-,-,-,-,-,24.37916667,87.67277778,25-05-2011 00:00,7.05,471,"",0,196.8,"",28.36,"","","","","",125,28,13.36,38,"","","","","","","","","","",""
1421,Salgapara,CGWB,20,Jharkhand,337,Pakur,PAKURIA,PAKURIA,Salgapara,-,-,-,-,-,-,24.37916667,87.67277778,30-05-2019 08:00,7.84,570,174.2,"",215.25,"",41.7,"",23.03,"","","",212.18108,56,17.54,28.08,"","","","","","","","","","",""
1422,Salgapara,CGWB,20,Jharkhand,337,Pakur,PAKURIA,PAKURIA,Salgapara,-,-,-,-,-,-,24.37916667,87.67277778,30-05-2020 08:00,7.84,570,"","",215.25,"",41.7,"",23.03,"","","","",56,17.54,28.08,"","","","","","","","","","",""
1423,Sandha,CGWB,20,Jharkhand,338,PALAMAU,HUSSAINABAD,HUSSAINABAD,Sandha,-,-,-,-,-,-,24.46666667,84.04166667,25-05-2010 00:00,8.3,460,"",18,207,"",18,"","","","","",140,14,25,41,"","","","","","","","","","",""
1424,Sandha,CGWB,20,Jharkhand,338,PALAMAU,HUSSAINABAD,HUSSAINABAD,Sandha,-,-,-,-,-,-,24.46666667,84.04166667,25-05-2011 00:00,8.39,460,"",18,207,"",18,"","","","","",140,14,25,41,"","","","","","","","","","",""
1425,Sandha,CGWB,20,Jharkhand,338,PALAMAU,HUSSAINABAD,HUSSAINABAD,Sandha,-,-,-,-,-,-,24.46666667,84.04166667,25-05-2012 00:00,8.2,622,"",0,366,"",35,"",5,"","","",240,60,21.95,60,"","","","","","","","","","",""
1426,Sandha,CGWB,20,Jharkhand,338,PALAMAU,HUSSAINABAD,HUSSAINABAD,Sandha,-,-,-,-,-,-,24.46666667,84.04166667,25-05-2013 00:00,8.3,625,"","",369,"",35.45,"",5,"","","",240,64,19.53,58,"","","","","","","","","","",""
1427,Saraikela,CGWB,20,Jharkhand,343,PASHCHIMI SINGHBHUM,SERAIKELA,SERAIKELA,Saraikela,-,-,-,-,-,-,22.70416667,85.92083333,25-05-2003 00:00,7.48,1208,"","","","","","","","","","","","","","","","","","","","","","","","",""
1428,Saraikela,CGWB,20,Jharkhand,343,PASHCHIMI SINGHBHUM,SERAIKELA,SERAIKELA,Saraikela,-,-,-,-,-,-,22.70416667,85.92083333,25-05-2004 00:00,6.97,1390,"",0,424,"",341,"","","","","",530,130,49.81,61,"","","","","","","","","","",""
1429,Saraikela,CGWB,20,Jharkhand,343,PASHCHIMI SINGHBHUM,SERAIKELA,SERAIKELA,Saraikela,-,-,-,-,-,-,22.70416667,85.92083333,25-05-2005 00:00,7.78,990,"",0,275,"",121,"","","","","",390,36,72.98,45,"","","","","","","","","","",""
1430,Saraikela,CGWB,20,Jharkhand,343,PASHCHIMI SINGHBHUM,SERAIKELA,SERAIKELA,Saraikela,-,-,-,-,-,-,22.70416667,85.92083333,25-05-2006 00:00,7.1,1585,"",0,395,"",197,"",117,"","","",503,113,53.75,130,"","","","","","","","","","",""
1431,Saraikela,CGWB,20,Jharkhand,343,PASHCHIMI SINGHBHUM,SERAIKELA,SERAIKELA,Saraikela,-,-,-,-,-,-,22.70416667,85.92083333,25-05-2009 00:00,8.54,1080,"",24,299,"",128,"","","","","",325,50,49,74,"","","","","","","","","","",""
1432,Saraikela,CGWB,20,Jharkhand,343,PASHCHIMI SINGHBHUM,SERAIKELA,SERAIKELA,Saraikela,-,-,-,-,-,-,22.70416667,85.92083333,30-05-2019 08:00,7.8,1646,456.95,0,208,"",322,"",26,"","","",578,72,74,18,"","","","","","","","","","",""
1433,Saraikela,CGWB,20,Jharkhand,343,PASHCHIMI SINGHBHUM,SERAIKELA,SERAIKELA,Saraikela,-,-,-,-,-,-,22.70416667,85.92083333,30-05-2020 08:00,7.8,1646,"",0,208,"",322,"",26,"","","","",72,74,18,"","","","","","","","","","",""
1434,Saraiya new,CGWB,20,Jharkhand,329,GIRIDIH,BAGODAR,BAGODAR,Saraiya,-,-,-,-,-,-,24.17083333,85.88750000,25-05-2012 00:00,8.1,172,"",0,61,"",14,"",0,"","","",60,8,10,3.9,"","","","","","","","","","",""
1435,Saraiya new,CGWB,20,Jharkhand,329,GIRIDIH,BAGODAR,BAGODAR,Saraiya,-,-,-,-,-,-,24.17083333,85.88750000,25-05-2013 00:00,8.1,172,"",0,61,"",14,"",0,"","","",60,8,9.73,3.3,"","","","","","","","","","",""
1436,Saraiya new,CGWB,20,Jharkhand,329,GIRIDIH,BAGODAR,BAGODAR,Saraiya,-,-,-,-,-,-,24.17083333,85.88750000,30-05-2019 08:00,7.97,1306,287.3,"",166.05,"",273.86,"",56.71,"","","",480.4825,98.193,57.105,43.908,"","","","","","","","","","",""
1437,Saraiya new,CGWB,20,Jharkhand,329,GIRIDIH,BAGODAR,BAGODAR,Saraiya,-,-,-,-,-,-,24.17083333,85.88750000,30-05-2020 08:00,7.97,1306,"","",166.05,"",273.86,"",56.71,"","","","",98.193,57.105,43.908,"","","","","","","","","","",""
1438,Sarath,CGWB,20,Jharkhand,324,DEOGHAR,SARATH,SARATH,Sarath,-,-,-,-,-,-,24.24444444,86.85500000,25-05-2000 00:00,8.3,410,"","",195,"",25,"","","","","",90,28,4.8,10,"","","","","","","","","","",""
1439,Sarath,CGWB,20,Jharkhand,324,DEOGHAR,SARATH,SARATH,Sarath,-,-,-,-,-,-,24.24444444,86.85500000,25-05-2002 00:00,8.42,495,"","","","","","","","","","","","","","","","","","","","","","","","",""
1440,Sarath,CGWB,20,Jharkhand,324,DEOGHAR,SARATH,SARATH,Sarath,-,-,-,-,-,-,24.24444444,86.85500000,25-05-2003 00:00,7.47,500,"","","","","","","","","","","","","","","","","","","","","","","","",""
1441,Sarath,CGWB,20,Jharkhand,324,DEOGHAR,SARATH,SARATH,Sarath,-,-,-,-,-,-,24.24444444,86.85500000,25-05-2004 00:00,8.06,420,"",0,159,"",28,"","","","","",155,42,12.21,19,"","","","","","","","","","",""
1442,Sarath,CGWB,20,Jharkhand,324,DEOGHAR,SARATH,SARATH,Sarath,-,-,-,-,-,-,24.24444444,86.85500000,25-05-2005 00:00,8.22,500,"",0,171,"",28,"","","","","",190,50,15.86,17,"","","","","","","","","","",""
1443,Sarath,CGWB,20,Jharkhand,324,DEOGHAR,SARATH,SARATH,Sarath,-,-,-,-,-,-,24.24444444,86.85500000,25-05-2006 00:00,8.48,630,"",24,146,"",50,"","","","","",275,72,23.19,14,"","","","","","","","","","",""
1444,Sarath,CGWB,20,Jharkhand,324,DEOGHAR,SARATH,SARATH,Sarath,-,-,-,-,-,-,24.24444444,86.85500000,25-05-2008 00:00,7.98,520,"",0,195,"",46,"","","","","",205,66,9.7,21,"","","","","","","","","","",""
1445,Sarath,CGWB,20,Jharkhand,324,DEOGHAR,SARATH,SARATH,Sarath,-,-,-,-,-,-,24.24444444,86.85500000,25-05-2009 00:00,7.82,1250,"",0,220,"",156,"","","","","",450,116,39,74,"","","","","","","","","","",""
1446,Sarath,CGWB,20,Jharkhand,324,DEOGHAR,SARATH,SARATH,Sarath,-,-,-,-,-,-,24.24444444,86.85500000,25-05-2012 00:00,8.1,1012,"",0,323,"",149,"",9.6,"","","",420,80,53,37,"","","","","","","","","","",""
1447,Sarath,CGWB,20,Jharkhand,324,DEOGHAR,SARATH,SARATH,Sarath,-,-,-,-,-,-,24.24444444,86.85500000,25-05-2013 00:00,8.16,1055,"",0,323,"",149,"",9.6,"","","",425,80,54,39,"","","","","","","","","","",""
1448,Sarath,CGWB,20,Jharkhand,324,DEOGHAR,SARATH,SARATH,Sarath,-,-,-,-,-,-,24.24444444,86.85500000,30-05-2019 08:00,7.6,813,537.55,"",264.5,"",55.78,"",48,"","","",340,74,37.665,33.64,"","","","","","","","","","",""
1449,Sarath,CGWB,20,Jharkhand,324,DEOGHAR,SARATH,SARATH,Sarath,-,-,-,-,-,-,24.24444444,86.85500000,30-05-2020 08:00,7.6,813,"","",264.5,"",55.78,"",48,"","","","",74,37.665,33.64,"","","","","","","","","","",""
1450,Sarawan,CGWB,20,Jharkhand,324,DEOGHAR,SARWAN,SARWAN,Sarawan,-,-,-,-,-,-,24.38027778,86.85500000,25-05-2003 00:00,7.96,680,"","","","","","","","","","","","","","","","","","","","","","","","",""
1451,Sarawan,CGWB,20,Jharkhand,324,DEOGHAR,SARWAN,SARWAN,Sarawan,-,-,-,-,-,-,24.38027778,86.85500000,25-05-2006 00:00,7.35,600,"",0,146,"",67,"","","","","",265,72,20.75,9.2,"","","","","","","","","","",""
1452,Sarawan,CGWB,20,Jharkhand,324,DEOGHAR,SARWAN,SARWAN,Sarawan,-,-,-,-,-,-,24.38027778,86.85500000,25-05-2008 00:00,7.56,610,"",0,159,"",85,"","","","","",250,78,13,18,"","","","","","","","","","",""
1453,Sarawan,CGWB,20,Jharkhand,324,DEOGHAR,SARWAN,SARWAN,Sarawan,-,-,-,-,-,-,24.38027778,86.85500000,25-05-2009 00:00,7.18,730,"",0,183,"",99,"","","","","",250,40,36,46,"","","","","","","","","","",""
1454,Sarawan,CGWB,20,Jharkhand,324,DEOGHAR,SARWAN,SARWAN,Sarawan,-,-,-,-,-,-,24.38027778,86.85500000,25-05-2010 00:00,7.8,812,"",0,195,"",121,"","","","","",265,82,15,25,"","","","","","","","","","",""
1455,Sarawan,CGWB,20,Jharkhand,324,DEOGHAR,SARWAN,SARWAN,Sarawan,-,-,-,-,-,-,24.38027778,86.85500000,25-05-2011 00:00,7.32,710,"",0,189,"",138,"","","","","",315,54,44,14,"","","","","","","","","","",""
1456,Sarawan,CGWB,20,Jharkhand,324,DEOGHAR,SARWAN,SARWAN,Sarawan,-,-,-,-,-,-,24.38027778,86.85500000,25-05-2012 00:00,8,980,"",0,252,"",128,"","","","","",320,88,24,60,"","","","","","","","","","",""
1457,Sarawan,CGWB,20,Jharkhand,324,DEOGHAR,SARWAN,SARWAN,Sarawan,-,-,-,-,-,-,24.38027778,86.85500000,25-05-2013 00:00,7.9,976,"",0,252,"",128,"",0,"","","",320,88,24.42,66,"","","","","","","","","","",""
1458,Sarawan,CGWB,20,Jharkhand,324,DEOGHAR,SARWAN,SARWAN,Sarawan,-,-,-,-,-,-,24.38027778,86.85500000,30-05-2019 08:00,7.57,827,142.35,"",258.3,"",67,"",38.6,"","","",291.7284,68,29.58,42.787,"","","","","","","","","","",""
1459,Sarawan,CGWB,20,Jharkhand,324,DEOGHAR,SARWAN,SARWAN,Sarawan,-,-,-,-,-,-,24.38027778,86.85500000,30-05-2020 08:00,7.57,827,"","",258.3,"",67,"",38.6,"","","","",68,29.58,42.787,"","","","","","","","","","",""
1460,Satbarwa,CGWB,20,Jharkhand,338,PALAMAU,BARWADIH,BARWADIH,Satbarwa,-,-,-,-,-,-,23.84583333,84.19166667,25-05-2008 00:00,7.84,650,"",0,268,"",43,"","","","","",240,72,15,32,"","","","","","","","","","",""
1461,Satbarwa,CGWB,20,Jharkhand,338,PALAMAU,BARWADIH,BARWADIH,Satbarwa,-,-,-,-,-,-,23.84583333,84.19166667,25-05-2009 00:00,7,546,"",0,220,"",25,"","","","","",180,32,24,42,"","","","","","","","","","",""
1462,Satbarwa,CGWB,20,Jharkhand,338,PALAMAU,BARWADIH,BARWADIH,Satbarwa,-,-,-,-,-,-,23.84583333,84.19166667,25-05-2010 00:00,8.3,636,"",24,317,"",14,"","","","","",250,44,34,30,"","","","","","","","","","",""
1463,Satbarwa,CGWB,20,Jharkhand,338,PALAMAU,BARWADIH,BARWADIH,Satbarwa,-,-,-,-,-,-,23.84583333,84.19166667,25-05-2012 00:00,7.8,930,"",0,439,"",106,"",0,"","","",355,112,18.37,48,"","","","","","","","","","",""
1464,Satbarwa,CGWB,20,Jharkhand,338,PALAMAU,BARWADIH,BARWADIH,Satbarwa,-,-,-,-,-,-,23.84583333,84.19166667,30-05-2019 08:00,7.73,511,205.4,0,190.65,"",36.3,"",40.19,"","","",225,26,38.88,20.18,"","","","","","","","","","",""
1465,Satbarwa,CGWB,20,Jharkhand,338,PALAMAU,BARWADIH,BARWADIH,Satbarwa,-,-,-,-,-,-,23.84583333,84.19166667,30-05-2020 08:00,7.73,511,"","",190.65,"",36.3,"",40.19,"","","","",26,38.88,20.18,"","","","","","","","","","",""
1466,Satiya,CGWB,20,Jharkhand,339,RANCHI,KARRA,KARRA,Satiya,-,-,-,-,-,-,23.05277778,85.08333333,30-05-2019 08:00,7.8,131,234.65,"",33.1,"",21.3,"",10,"","","",29,8,2.3,15,"","","","","","","","","","",""
1467,Satiya,CGWB,20,Jharkhand,339,RANCHI,KARRA,KARRA,Satiya,-,-,-,-,-,-,23.05277778,85.08333333,30-05-2020 08:00,7.8,131,"","",33.1,"",21.3,"",10,"","","","",8,2.3,15,"","","","","","","","","","",""
1468,Sayal,CGWB,20,Jharkhand,332,HAZARIBAG,PATRATU,PATRATU,Sayal,-,-,-,-,-,-,23.68694444,85.32222222,30-05-2019 08:00,8.11,716,473.2,"",233.7,"",51.57,"",39.98,"","","",205,50,19.44,42.441,"","","","","","","","","","",""
1469,Sayal,CGWB,20,Jharkhand,332,HAZARIBAG,PATRATU,PATRATU,Sayal,-,-,-,-,-,-,23.68694444,85.32222222,30-05-2020 08:00,8.11,716,"","",233.7,"",51.57,"",39.98,"","","","",50,19.44,42.441,"","","","","","","","","","",""
1470,Sayal,CGWB,20,Jharkhand,332,HAZARIBAG,PATRATU,PATRATU,Sayal,-,-,-,-,-,-,23.68694444,85.32222222,30-05-2021 08:00,7.62,792,514.8,0,314.028,"",84.97365,"",6,0,"","",315,96,18.24,35,"","","","","","","","","","",""
1471,Senha Bdo,CGWB,20,Jharkhand,336,LOHARDAGA,SENHA,SENHA,Senha Bdo,-,-,-,-,-,-,23.38750000,84.65416667,25-05-2007 00:00,6.66,567,"","",152.5,125,102.9,"","","","","",190,56,12.22,38,"","","","","","","","","","",""
1472,Senha Bdo,CGWB,20,Jharkhand,336,LOHARDAGA,SENHA,SENHA,Senha Bdo,-,-,-,-,-,-,23.38750000,84.65416667,25-05-2008 00:00,7.96,434,"",0,159,"",46,"","","","","",170,54,8.5,20,"","","","","","","","","","",""
1473,Senha Bdo,CGWB,20,Jharkhand,336,LOHARDAGA,SENHA,SENHA,Senha Bdo,-,-,-,-,-,-,23.38750000,84.65416667,25-05-2009 00:00,7.12,529,"",0,171,"",50,"","","","","",165,40,16,45,"","","","","","","","","","",""
1474,Senha Bdo,CGWB,20,Jharkhand,336,LOHARDAGA,SENHA,SENHA,Senha Bdo,-,-,-,-,-,-,23.38750000,84.65416667,25-05-2010 00:00,7.3,498,"",36,134,"",57,"","","","","",185,58,9.7,25,"","","","","","","","","","",""
1475,Senha Bdo,CGWB,20,Jharkhand,336,LOHARDAGA,SENHA,SENHA,Senha Bdo,-,-,-,-,-,-,23.38750000,84.65416667,25-05-2011 00:00,8.88,498,"",36,134,"",57,"","","","","",185,58,9.7,25,"","","","","","","","","","",""
1476,Senha Bdo,CGWB,20,Jharkhand,336,LOHARDAGA,SENHA,SENHA,Senha Bdo,-,-,-,-,-,-,23.38750000,84.65416667,25-05-2012 00:00,7.2,440,"",0,280,"",54,"",1,"","","",272,96,10,10,"","","","","","","","","","",""
1477,Senha Bdo,CGWB,20,Jharkhand,336,LOHARDAGA,SENHA,SENHA,Senha Bdo,-,-,-,-,-,-,23.38750000,84.65416667,25-05-2013 00:00,7.2,440,"",0,280,"",54,"",1,"","","",272,96,10,10,"","","","","","","","","","",""
1478,Senha Bdo,CGWB,20,Jharkhand,336,LOHARDAGA,SENHA,SENHA,Senha Bdo,-,-,-,-,-,-,23.38750000,84.65416667,30-05-2021 08:00,7.66,447,290.55,0,152.5,"",29.99916,"",22,"","","",170,44,14.592,22,"","","","","","","","","","",""
1479,Seringathu,CGWB,20,Jharkhand,339,RANCHI,SONAHATU,SONAHATU,Seringathu,-,-,-,-,-,-,23.22944444,85.72527778,25-05-2003 00:00,7.43,804,"","","","","","","","","","","","","","","","","","","","","","","","",""
1480,Seringathu,CGWB,20,Jharkhand,339,RANCHI,SONAHATU,SONAHATU,Seringathu,-,-,-,-,-,-,23.22944444,85.72527778,25-05-2007 00:00,7.87,854,"","","","","","","","","","",300,72,29.2,38,"","","","","","","","","","",""
1481,Seringathu,CGWB,20,Jharkhand,339,RANCHI,SONAHATU,SONAHATU,Seringathu,-,-,-,-,-,-,23.20833333,85.72555556,25-05-2008 00:00,8.14,834,"",0,244,"",85,"","","","","",320,60,41,36,"","","","","","","","","","",""
1482,Shitla Mandir Sakchi,CGWB,20,Jharkhand,327,EAST  SINGHBHUM (Jamshedpur),-,-,-,-,-,-,-,-,-,22.81305600,86.16944400,30-05-2019 08:00,7.8,505,246.35,0,134,"",44,"",4,"","","",181,38,18,5.93,"","","","","","","","","","",""
1483,Shitla Mandir Sakchi,CGWB,20,Jharkhand,327,EAST  SINGHBHUM (Jamshedpur),-,-,-,-,-,-,-,-,-,22.81305600,86.16944400,30-05-2020 08:00,7.8,505,"",0,134,"",44,"",4,"","","","",38,18,5.93,"","","","","","","","","","",""
1484,Sikaripara,CGWB,20,Jharkhand,326,DUMKA,SHIKARIPARA,SHIKARIPARA,Sikaripara,-,-,-,-,-,-,24.23333333,87.46722222,25-05-2002 00:00,8.39,400,"",36,49,"",57,"","","","","",160,28,21.92,14,"","","","","","","","","","",""
1485,Sikaripara,CGWB,20,Jharkhand,326,DUMKA,SHIKARIPARA,SHIKARIPARA,Sikaripara,-,-,-,-,-,-,24.23333333,87.46722222,25-05-2004 00:00,6.95,700,"",0,140,"",114,"","","","","",225,44,28.01,52,"","","","","","","","","","",""
1486,Sikaripara,CGWB,20,Jharkhand,326,DUMKA,SHIKARIPARA,SHIKARIPARA,Sikaripara,-,-,-,-,-,-,24.23333333,87.46722222,25-05-2005 00:00,7.86,620,"",0,122,"",107,"","","","","",200,48,19.51,46,"","","","","","","","","","",""
1487,Sikaripara,CGWB,20,Jharkhand,326,DUMKA,SHIKARIPARA,SHIKARIPARA,Sikaripara,-,-,-,-,-,-,24.23333333,87.46722222,25-05-2006 00:00,8.2,470,"",0,110,"",71,"","","","","",175,34,21.92,21,"","","","","","","","","","",""
1488,Sikaripara,CGWB,20,Jharkhand,326,DUMKA,SHIKARIPARA,SHIKARIPARA,Sikaripara,-,-,-,-,-,-,24.23333333,87.46722222,25-05-2008 00:00,7.58,350,"",0,85,"",50,"","","","","",125,30,12,19,"","","","","","","","","","",""
1489,Sikaripara,CGWB,20,Jharkhand,326,DUMKA,SHIKARIPARA,SHIKARIPARA,Sikaripara,-,-,-,-,-,-,24.23333333,87.46722222,25-05-2010 00:00,7.4,460,"",0,122,"",57,"","","","","",180,40,19,22,"","","","","","","","","","",""
1490,Sikaripara,CGWB,20,Jharkhand,326,DUMKA,SHIKARIPARA,SHIKARIPARA,Sikaripara,-,-,-,-,-,-,24.23333333,87.46722222,25-05-2012 00:00,7.9,365,"",0,122,"",42,"",0,"","","",170,42,15.795,21,"","","","","","","","","","",""
1491,Sikaripara,CGWB,20,Jharkhand,326,DUMKA,SHIKARIPARA,SHIKARIPARA,Sikaripara,-,-,-,-,-,-,24.23333333,87.46722222,30-05-2019 08:00,8.17,828,412.1,"",227.55,"",89.5,"",81.35,"","","",350,26,69.255,37.24,"","","","","","","","","","",""
1492,Sikaripara,CGWB,20,Jharkhand,326,DUMKA,SHIKARIPARA,SHIKARIPARA,Sikaripara,-,-,-,-,-,-,24.23333333,87.46722222,30-05-2020 08:00,8.17,828,"","",227.55,"",89.5,"",81.35,"","","","",26,69.255,37.24,"","","","","","","","","","",""
1493,Siktia,CGWB,20,Jharkhand,330,GODDA,-,-,-,-,-,-,-,-,-,24.83166700,87.16861100,30-05-2019 08:00,8,408,690.95,"",190.65,"",23.71,"",2.36,"","","",108.77941,15.813,16.827,35.858,"","","","","","","","","","",""
1494,Siktia,CGWB,20,Jharkhand,330,GODDA,-,-,-,-,-,-,-,-,-,24.83166700,87.16861100,30-05-2020 08:00,8,408,"","",190.65,"",23.71,"",2.36,"","","","",15.813,16.827,35.858,"","","","","","","","","","",""
1495,Silli,CGWB,20,Jharkhand,339,RANCHI,SILLI,SILLI,Silli,-,-,-,-,-,-,23.36666667,85.83333333,25-05-2004 00:00,7.77,620,"",0,171,"",138,"","","","","",240,60,22,47,"","","","","","","","","","",""
1496,Silli,CGWB,20,Jharkhand,339,RANCHI,SILLI,SILLI,Silli,-,-,-,-,-,-,23.36666667,85.83333333,25-05-2006 00:00,6.92,620,"",0,343,"",27,"",13,"","","",236,74,12.49,48,"","","","","","","","","","",""
1497,Silli,CGWB,20,Jharkhand,339,RANCHI,SILLI,SILLI,Silli,-,-,-,-,-,-,23.36666667,85.83333333,25-05-2007 00:00,8.38,739,"",18,335,304.6,89,"","","","","",170,44,14.64,90,"","","","","","","","","","",""
1498,Silli,CGWB,20,Jharkhand,339,RANCHI,SILLI,SILLI,Silli,-,-,-,-,-,-,23.36666667,85.83333333,25-05-2008 00:00,8.1,742,"",0,262,"",71,"","","","","",165,48,11,98,"","","","","","","","","","",""
1499,Silli,CGWB,20,Jharkhand,339,RANCHI,SILLI,SILLI,Silli,-,-,-,-,-,-,23.36666667,85.83333333,25-05-2009 00:00,8.55,730,"",24,232,"",78,"","","","","",170,26,26,81,"","","","","","","","","","",""
1500,Silli,CGWB,20,Jharkhand,339,RANCHI,SILLI,SILLI,Silli,-,-,-,-,-,-,23.36666667,85.83333333,25-05-2012 00:00,7.09,415,"",0,360,"",68,"",43,"","","",232,81,7.27,25,"","","","","","","","","","",""
1501,Silli,CGWB,20,Jharkhand,339,RANCHI,SILLI,SILLI,Silli,-,-,-,-,-,-,23.36666667,85.83333333,25-05-2013 00:00,7.1,415,"",0,360,"",68,"",43,"","","",232,81,8,25,"","","","","","","","","","",""
1502,Silli,CGWB,20,Jharkhand,339,RANCHI,SILLI,SILLI,Silli,-,-,-,-,-,-,23.36666667,85.83333333,30-05-2019 08:00,7.51,512,234,"",178.4,"",42.3,"",53.7,"","","",210,48,21.87,31.5,"","","","","","","","","","",""
1503,Silli,CGWB,20,Jharkhand,339,RANCHI,SILLI,SILLI,Silli,-,-,-,-,-,-,23.36666667,85.83333333,30-05-2020 08:00,7.51,512,"","",178.4,"",42.3,"",53.7,"","","","",48,21.87,31.5,"","","","","","","","","","",""
1504,Silli,CGWB,20,Jharkhand,339,RANCHI,SILLI,SILLI,Silli,-,-,-,-,-,-,23.36666667,85.83333333,30-05-2021 08:00,6.69,844,548.6,0,286.7,"",79.99776,"",48,0.024,"","",240,64,19.456,73,"","","","","","","","","","",""
1505,Simaria,CGWB,20,Jharkhand,323,CHATRA,SIMARIA,SIMARIA,Simaria,-,-,-,-,-,-,24.08083333,84.95777778,25-05-2004 00:00,8.63,395,"",84,177,"",57,"","","","","",106,25,10.61,47,"","","","","","","","","","",""
1506,Simaria,CGWB,20,Jharkhand,323,CHATRA,SIMARIA,SIMARIA,Simaria,-,-,-,-,-,-,24.08083333,84.95777778,25-05-2008 00:00,8.01,380,"",0,116,"",36,"","","","","",110,36,4.9,28,"","","","","","","","","","",""
1507,Simaria,CGWB,20,Jharkhand,323,CHATRA,SIMARIA,SIMARIA,Simaria,-,-,-,-,-,-,24.08083333,84.95777778,25-05-2009 00:00,7.18,326,"",0,43,"",25,"","","","","",100,30,6,45,"","","","","","","","","","",""
1508,Simaria,CGWB,20,Jharkhand,323,CHATRA,SIMARIA,SIMARIA,Simaria,-,-,-,-,-,-,24.08083333,84.95777778,25-05-2010 00:00,7.4,318,"",0,135,"",21,"","","","","",110,30,8.5,22,"","","","","","","","","","",""
1509,Simaria,CGWB,20,Jharkhand,323,CHATRA,SIMARIA,SIMARIA,Simaria,-,-,-,-,-,-,24.08083333,84.95777778,25-05-2011 00:00,7.05,278,"",0,110.7,"",17.72,"","","","","",95,26,7.29,14.59,"","","","","","","","","","",""
1510,Simaria,CGWB,20,Jharkhand,323,CHATRA,SIMARIA,SIMARIA,Simaria,-,-,-,-,-,-,24.08083333,84.95777778,25-05-2012 00:00,7.49,340,"",0,104,"",14,"",0,"","","",110,12,19.47,27,"","","","","","","","","","",""
1511,Simaria,CGWB,20,Jharkhand,323,CHATRA,SIMARIA,SIMARIA,Simaria,-,-,-,-,-,-,24.08083333,84.95777778,25-05-2013 00:00,7.48,336,"",0,104,"",14,"",0,"","","",110,12,19,25,"","","","","","","","","","",""
1512,Simdega,CGWB,20,Jharkhand,331,GUMLA,SIMDEGA,SIMDEGA,Simdega,-,-,-,-,-,-,22.58833333,84.49166667,30-05-2019 08:00,8,201,183.95,"",30.5,"",49.7,"",0.15,"","","",80,22,6.075,8.5,"","","","","","","","","","",""
1513,Simdega,CGWB,20,Jharkhand,331,GUMLA,SIMDEGA,SIMDEGA,Simdega,-,-,-,-,-,-,22.58833333,84.49166667,30-05-2020 08:00,8,201,"","",30.5,"",49.7,"",0.15,"","","","",22,6.075,8.5,"","","","","","","","","","",""
1514,Simra Rest House,CGWB,20,Jharkhand,332,HAZARIBAG,-,-,-,-,-,-,-,-,-,23.96888900,85.38000000,30-05-2021 08:00,7.64,722,469.3,0,262.3,"",72.49797,"",19,"","","",240,54,25.536,52,"","","","","","","","","","",""
1515,Sindri,CGWB,20,Jharkhand,325,DHANBAD,BALIAPUR,BALIAPUR,Sindri,-,-,-,-,-,-,23.64166667,86.52500000,25-05-2003 00:00,7.68,870,"","","","","","","","","","","","","","","","","","","","","","","","",""
1516,Sindri,CGWB,20,Jharkhand,325,DHANBAD,BALIAPUR,BALIAPUR,Sindri,-,-,-,-,-,-,23.64166667,86.52500000,25-05-2004 00:00,7.6,800,"",0,256,"",60,"","","","","",255,46,34.09,57,"","","","","","","","","","",""
1517,Sindri,CGWB,20,Jharkhand,325,DHANBAD,BALIAPUR,BALIAPUR,Sindri,-,-,-,-,-,-,23.64166667,86.52500000,25-05-2006 00:00,8.21,680,"",0,153,"",75,"","","","","",225,60,18.31,46,"","","","","","","","","","",""
1518,Sindri,CGWB,20,Jharkhand,325,DHANBAD,BALIAPUR,BALIAPUR,Sindri,-,-,-,-,-,-,23.64166667,86.52500000,25-05-2010 00:00,7.8,676,"",0,104.55,"",74.44,"","","","","",215,50,21.3,57,"","","","","","","","","","",""
1519,Sindri Gosala More,CGWB,20,Jharkhand,325,DHANBAD,-,-,-,-,-,-,-,-,-,23.79583300,86.47027800,30-05-2019 08:00,8.2,774,1171.3,"",258.3,"",55.407,"",85.691,"","","",240,56,24.3,64.744,"","","","","","","","","","",""
1520,Sindri Gosala More,CGWB,20,Jharkhand,325,DHANBAD,-,-,-,-,-,-,-,-,-,23.79583300,86.47027800,30-05-2020 08:00,8.2,774,"","",258.3,"",55.407,"",85.691,"","","","",56,24.3,64.744,"","","","","","","","","","",""
1521,Sirka,CGWB,20,Jharkhand,332,HAZARIBAG,MANDU,MANDU,Sirka,-,-,-,-,-,-,23.64305556,85.44027778,30-05-2019 08:00,8,432,109.2,"",140.5,"",56.8,"",0,"","","",190,62,8.505,9.3,"","","","","","","","","","",""
1522,Sirka,CGWB,20,Jharkhand,332,HAZARIBAG,MANDU,MANDU,Sirka,-,-,-,-,-,-,23.64305556,85.44027778,30-05-2020 08:00,8,432,"","",140.5,"",56.8,"",0,"","","","",62,8.505,9.3,"","","","","","","","","","",""
1523,Sisai,CGWB,20,Jharkhand,331,GUMLA,SISAI,SISAI,Sisai,-,-,-,-,-,-,23.18500000,84.76888889,25-05-2002 00:00,8.66,1304,"","","","","","","","","","","","","","","","","","","","","","","","",""
1524,Sisai,CGWB,20,Jharkhand,331,GUMLA,SISAI,SISAI,Sisai,-,-,-,-,-,-,23.18500000,84.76888889,25-05-2004 00:00,7.75,1290,"",0,138,"",245,"","","","","",330,88,26,122,"","","","","","","","","","",""
1525,Sisai,CGWB,20,Jharkhand,331,GUMLA,SISAI,SISAI,Sisai,-,-,-,-,-,-,23.18500000,84.76888889,25-05-2006 00:00,6.61,1136,"",0,147,"",191,"",60,"","","",300,114,3.79,125,"","","","","","","","","","",""
1526,Sisai,CGWB,20,Jharkhand,331,GUMLA,SISAI,SISAI,Sisai,-,-,-,-,-,-,23.18500000,84.76888889,25-05-2012 00:00,7.4,1020,"",0,159,"",184,"",0,"","","",230,76,9.82,114,"","","","","","","","","","",""
1527,Sisai,CGWB,20,Jharkhand,331,GUMLA,SISAI,SISAI,Sisai,-,-,-,-,-,-,23.18500000,84.76888889,25-05-2013 00:00,7.1,1022,"",0,172.2,"",184,"",0,"","","",230,76,9.7,117,"","","","","","","","","","",""
1528,Sisai,CGWB,20,Jharkhand,331,GUMLA,SISAI,SISAI,Sisai,-,-,-,-,-,-,23.18500000,84.76888889,30-05-2019 08:00,8,168,284.7,"",66.8,"",21.3,"",0.23,"","","",70,18,6.075,5.3,"","","","","","","","","","",""
1529,Sisai,CGWB,20,Jharkhand,331,GUMLA,SISAI,SISAI,Sisai,-,-,-,-,-,-,23.18500000,84.76888889,30-05-2020 08:00,8,168,"","",66.8,"",21.3,"",0.23,"","","","",18,6.075,5.3,"","","","","","","","","","",""
1530,Sisai,CGWB,20,Jharkhand,331,GUMLA,SISAI,SISAI,Sisai,-,-,-,-,-,-,23.18500000,84.76888889,30-05-2021 08:00,7.77,1126,731.9,0,356.301,"",106.42202,"",28,"","","",323.232,82.8282,28.250477,105,"","","","","","","","","","",""
1531,Sonahatu,CGWB,20,Jharkhand,339,RANCHI,SONAHATU,SONAHATU,Sonahatu,-,-,-,-,-,-,23.20000000,85.70972222,25-05-2012 00:00,7.02,270,"",0,180,"",68,"",6,"","","",145,37,12.81,14,"","","","","","","","","","",""
1532,Sonahatu,CGWB,20,Jharkhand,339,RANCHI,SONAHATU,SONAHATU,Sonahatu,-,-,-,-,-,-,23.20000000,85.70972222,25-05-2013 00:00,7,272,"",0,180,"",68,"",6,"","","",145,37,13,14,"","","","","","","","","","",""
1533,Sonahatu,CGWB,20,Jharkhand,339,RANCHI,SONAHATU,SONAHATU,Sonahatu,-,-,-,-,-,-,23.20000000,85.70972222,30-05-2019 08:00,8.22,360,212.55,"",190.65,"",36.74,"",6.71,"","","",120,36,7.29,34.13,"","","","","","","","","","",""
1534,Sonahatu,CGWB,20,Jharkhand,339,RANCHI,SONAHATU,SONAHATU,Sonahatu,-,-,-,-,-,-,23.20000000,85.70972222,30-05-2020 08:00,8.22,360,"","",190.65,"",36.74,"",6.71,"","","","",36,7.29,34.13,"","","","","","","","","","",""
1535,Sonahatu,CGWB,20,Jharkhand,339,RANCHI,SONAHATU,SONAHATU,Sonahatu,-,-,-,-,-,-,23.20000000,85.70972222,30-05-2021 08:00,7.32,722,469.3,0,283.833,"",50,"",15,"","","",318.1815,70.707,34.391884,22,"","","","","","","","","","",""
1536,Sukurhutu,CGWB,20,Jharkhand,339,RANCHI,KANKE,-,-,-,-,-,-,-,-,23.43083300,85.33694400,30-05-2019 08:00,7.17,828,232.7,"",188.2,"",127.16,"",69.41,"","","",300,82,23.085,51.22,"","","","","","","","","","",""
1537,Sukurhutu,CGWB,20,Jharkhand,339,RANCHI,KANKE,-,-,-,-,-,-,-,-,23.43083300,85.33694400,30-05-2020 08:00,7.17,828,"","",188.2,"",127.16,"",69.41,"","","","",82,23.085,51.22,"","","","","","","","","","",""
1538,Sukurhutu,CGWB,20,Jharkhand,339,RANCHI,KANKE,-,-,-,-,-,-,-,-,23.43083300,85.33694400,30-05-2021 08:00,7.56,1150,747.5,0,384.3,"",64.97985,"",17,0.08,"","",420,106,37.696,69,"","","","","","","","","","",""
1539,Sundarnagar,CGWB,20,Jharkhand,327,PURBI SINGHBHUM,GOLMURI CUM JUGSALAI,GOLMURI CUM JUGSALAI,Sundarnagar,-,-,-,-,-,-,22.75000000,86.20416667,25-05-2003 00:00,8.13,815,"","","","","","","","","","","","","","","","","","","","","","","","",""
1540,Sundarnagar,CGWB,20,Jharkhand,327,PURBI SINGHBHUM,GOLMURI CUM JUGSALAI,GOLMURI CUM JUGSALAI,Sundarnagar,-,-,-,-,-,-,22.75000000,86.20416667,25-05-2004 00:00,6.9,260,"",0,113,"",57,"","","","","",77,19,7,33,"","","","","","","","","","",""
1541,Sundarnagar,CGWB,20,Jharkhand,327,PURBI SINGHBHUM,GOLMURI CUM JUGSALAI,GOLMURI CUM JUGSALAI,Sundarnagar,-,-,-,-,-,-,22.75000000,86.20416667,25-05-2006 00:00,6.88,515,"",0,125,"",48,"",23,"","","",180,41,18.89,35,"","","","","","","","","","",""
1542,Sundarnagar,CGWB,20,Jharkhand,327,PURBI SINGHBHUM,GOLMURI CUM JUGSALAI,GOLMURI CUM JUGSALAI,Sundarnagar,-,-,-,-,-,-,22.75000000,86.20416667,25-05-2007 00:00,7.24,1087,"","",482,395.1,134.9,"","","","","",340,64,43.7,77,"","","","","","","","","","",""
1543,Sundarnagar,CGWB,20,Jharkhand,327,PURBI SINGHBHUM,GOLMURI CUM JUGSALAI,GOLMURI CUM JUGSALAI,Sundarnagar,-,-,-,-,-,-,22.75000000,86.20416667,25-05-2009 00:00,8.81,850,"",30,110,"",167,"","","","","",350,66,45,28,"","","","","","","","","","",""
1544,Sundarnagar1,CGWB,20,Jharkhand,327,EAST  SINGHBHUM (Jamshedpur),-,-,-,-,-,-,-,-,-,22.82777800,86.17250000,30-05-2019 08:00,7.9,1153,236.6,0,401,"",72,"",15,"","","",371,120,11,56,"","","","","","","","","","",""
1545,Sundarnagar1,CGWB,20,Jharkhand,327,EAST  SINGHBHUM (Jamshedpur),-,-,-,-,-,-,-,-,-,22.82777800,86.17250000,30-05-2020 08:00,7.9,1153,"",0,401,"",72,"",15,"","","","",120,11,56,"","","","","","","","","","",""
1546,Sundar Pahari,CGWB,20,Jharkhand,330,GODDA,SUNDAR PAHARI,SUNDAR PAHARI,Sundar Pahari,-,-,-,-,-,-,24.75833333,87.36666667,25-05-2002 00:00,8.44,450,"",48,110,"",28,"","","","","",170,48,12.21,12,"","","","","","","","","","",""
1547,Sundar Pahari,CGWB,20,Jharkhand,330,GODDA,SUNDAR PAHARI,SUNDAR PAHARI,Sundar Pahari,-,-,-,-,-,-,24.75833333,87.36666667,25-05-2004 00:00,7.95,450,"",0,201,"",25,"","","","","",165,42,14.64,22,"","","","","","","","","","",""
1548,Sundar Pahari,CGWB,20,Jharkhand,330,GODDA,SUNDAR PAHARI,SUNDAR PAHARI,Sundar Pahari,-,-,-,-,-,-,24.75833333,87.36666667,25-05-2005 00:00,8.25,360,"",0,140,"",28,"","","","","",120,28,12.19,23,"","","","","","","","","","",""
1549,Sundar Pahari,CGWB,20,Jharkhand,330,GODDA,SUNDAR PAHARI,SUNDAR PAHARI,Sundar Pahari,-,-,-,-,-,-,24.75833333,87.36666667,25-05-2012 00:00,7.7,335,"",0,305,"",21,"",0,"","","",160,24,24.34,48,"","","","","","","","","","",""
1550,Taimara,CGWB,20,Jharkhand,339,RANCHI,BUNDU,BUNDU,Taimara,-,-,-,-,-,-,23.19000000,85.51611111,25-05-2012 00:00,7.12,650,"",0,360,"",20,"",8,"","","",112,34,6.61,11,"","","","","","","","","","",""
1551,Taimara,CGWB,20,Jharkhand,339,RANCHI,BUNDU,BUNDU,Taimara,-,-,-,-,-,-,23.19000000,85.51611111,25-05-2013 00:00,7.11,655,"",0,360,"",20,"",8,"","","",112,34,7,14,"","","","","","","","","","",""
1552,Taimara,CGWB,20,Jharkhand,339,RANCHI,BUNDU,BUNDU,Taimara,-,-,-,-,-,-,23.19000000,85.51611111,30-05-2019 08:00,7.11,327,137.15,"",166.05,"",15.7,"",21.27,"","","",120,32,9.72,31.26,"","","","","","","","","","",""
1553,Taimara,CGWB,20,Jharkhand,339,RANCHI,BUNDU,BUNDU,Taimara,-,-,-,-,-,-,23.19000000,85.51611111,30-05-2020 08:00,7.11,327,"","",166.05,"",15.7,"",21.27,"","","","",32,9.72,31.26,"","","","","","","","","","",""
1554,Taimara,CGWB,20,Jharkhand,339,RANCHI,BUNDU,BUNDU,Taimara,-,-,-,-,-,-,23.19000000,85.51611111,30-05-2021 08:00,7.52,878,570.7,0,298.9,"",82.49769,"",21,"","","",210,58,15.808,101,"","","","","","","","","","",""
1555,Taljhari,CGWB,20,Jharkhand,340,Sahebganj,RAJMAHAL,RAJMAHAL,Taljhari,-,-,-,-,-,-,25.05833333,87.79000000,25-05-2012 00:00,7.8,500,"",0,457,"",113,"",24,"","","",305,84,23,95,"","","","","","","","","","",""
1556,Taljhari1,CGWB,20,Jharkhand,340,Sahebganj,RAJMAHAL,RAJMAHAL,Taljhari,-,-,-,-,-,-,25.05861111,87.79027778,25-05-2008 00:00,7.89,1120,"",0,183,"",213,"","","","","",385,114,24,64,"","","","","","","","","","",""
1557,Taljhari1,CGWB,20,Jharkhand,340,Sahebganj,RAJMAHAL,RAJMAHAL,Taljhari,-,-,-,-,-,-,25.05861111,87.79027778,25-05-2009 00:00,7.69,1170,"",0,183,"",163,"","","","","",225,48,26,150,"","","","","","","","","","",""
1558,Taljhari1,CGWB,20,Jharkhand,340,Sahebganj,RAJMAHAL,RAJMAHAL,Taljhari,-,-,-,-,-,-,25.05861111,87.79027778,25-05-2010 00:00,7.8,1167,"",0,201,"",192,"","","","","",315,52,45,79,"","","","","","","","","","",""
1559,Tamar,CGWB,20,Jharkhand,339,RANCHI,TAMAR (I),TAMAR (I),Tamar,-,-,-,-,-,-,23.06666667,85.63333333,25-05-2002 00:00,8.89,296,"","","","","","","","","","","","","","","","","","","","","","","","",""
1560,Tamar,CGWB,20,Jharkhand,339,RANCHI,TAMAR (I),TAMAR (I),Tamar,-,-,-,-,-,-,23.06666667,85.63333333,25-05-2003 00:00,8.18,335,"","","","","","","","","","","","","","","","","","","","","","","","",""
1561,Tamar,CGWB,20,Jharkhand,339,RANCHI,TAMAR (I),TAMAR (I),Tamar,-,-,-,-,-,-,23.06666667,85.63333333,25-05-2005 00:00,7.5,410,"",0,73,"",71,"",48,"","","",180,40,17,18,"","","","","","","","","","",""
1562,Tamar,CGWB,20,Jharkhand,339,RANCHI,TAMAR (I),TAMAR (I),Tamar,-,-,-,-,-,-,23.06666667,85.63333333,25-05-2006 00:00,8.24,335,"",0,132,"",7.8,"",2.2,"","","",113,27,11.1,75,"","","","","","","","","","",""
1563,Tamar,CGWB,20,Jharkhand,339,RANCHI,TAMAR (I),TAMAR (I),Tamar,-,-,-,-,-,-,23.06666667,85.63333333,25-05-2007 00:00,7.42,256,"","",274,224.6,10,"","","","","",110,28,9.76,15,"","","","","","","","","","",""
1564,Tamar,CGWB,20,Jharkhand,339,RANCHI,TAMAR (I),TAMAR (I),Tamar,-,-,-,-,-,-,23.06666667,85.63333333,25-05-2008 00:00,7.2,268,"",0,98,"",32,"","","","","",90,28,4.9,16,"","","","","","","","","","",""
1565,Tamar,CGWB,20,Jharkhand,339,RANCHI,TAMAR (I),TAMAR (I),Tamar,-,-,-,-,-,-,23.06666667,85.63333333,25-05-2009 00:00,7.75,450,"",0,214,"",14,"","","","","",190,46,18,9.2,"","","","","","","","","","",""
1566,Tamar,CGWB,20,Jharkhand,339,RANCHI,TAMAR (I),TAMAR (I),Tamar,-,-,-,-,-,-,23.06666667,85.63333333,25-05-2010 00:00,7.6,380,"",0,190.7,"",14.18,"","","","","",170,40,17,8,"","","","","","","","","","",""
1567,Tamar,CGWB,20,Jharkhand,339,RANCHI,TAMAR (I),TAMAR (I),Tamar,-,-,-,-,-,-,23.06666667,85.63333333,30-05-2021 08:00,7.34,590,383.5,0,247.599,"",39.587723,"",12,0.07,"","",212.121,48.4848,22.109068,45,"","","","","","","","","","",""
1568,Tandwa,CGWB,20,Jharkhand,323,CHATRA,TANDWA,TANDWA,Tandwa,-,-,-,-,-,-,23.85833333,85.02916667,25-05-2011 00:00,7.46,800,"",0,209,"",63.81,"","","","","",275,26,51.03,42.26,"","","","","","","","","","",""
1569,Tandwa,CGWB,20,Jharkhand,323,CHATRA,TANDWA,TANDWA,Tandwa,-,-,-,-,-,-,23.85833333,85.02916667,25-05-2013 00:00,8.18,990,"",0,492,"",60.3,"",0,"","","",385,38,70.47,38,"","","","","","","","","","",""
1570,Tandwa,CGWB,20,Jharkhand,323,CHATRA,TANDWA,TANDWA,Tandwa,-,-,-,-,-,-,23.85833333,85.02916667,30-05-2019 08:00,7.12,534,300.95,0,252.15,"",20.9,"",9.35,"","","",98.86831,14,15.52,64,"","","","","","","","","","",""
1571,Tandwa,CGWB,20,Jharkhand,323,CHATRA,TANDWA,TANDWA,Tandwa,-,-,-,-,-,-,23.85833333,85.02916667,30-05-2020 08:00,7.12,534,"","",252.15,"",20.9,"",9.35,"","","","",14,15.52,64,"","","","","","","","","","",""
1572,Telco,CGWB,20,Jharkhand,327,EAST  SINGHBHUM (Jamshedpur),-,-,-,-,-,-,-,-,-,22.80500000,86.19027800,30-05-2019 08:00,7.9,653,669.5,0,378,"",12,"",8,"","","",267,69,27,24.32,"","","","","","","","","","",""
1573,Telco,CGWB,20,Jharkhand,327,EAST  SINGHBHUM (Jamshedpur),-,-,-,-,-,-,-,-,-,22.80500000,86.19027800,30-05-2020 08:00,7.9,653,"",0,378,"",12,"",8,"","","","",69,27,24.32,"","","","","","","","","","",""
1574,Tengratuku,CGWB,20,Jharkhand,331,GUMLA,JALDEGA,JALDEGA,Tengratuku,-,-,-,-,-,-,22.68083333,84.56194444,25-05-2012 00:00,8.25,320,"",0,110,"",39,"",20,"","","",110,20,14.61,24,"","","","","","","","","","",""
1575,Tengratuku,CGWB,20,Jharkhand,331,GUMLA,JALDEGA,JALDEGA,Tengratuku,-,-,-,-,-,-,22.68083333,84.56194444,30-05-2019 08:00,8.2,177,101.4,"",24.4,"",46.15,"",0,"","","",70,22,3.645,8.3,"","","","","","","","","","",""
1576,Tengratuku,CGWB,20,Jharkhand,331,GUMLA,JALDEGA,JALDEGA,Tengratuku,-,-,-,-,-,-,22.68083333,84.56194444,30-05-2020 08:00,8.2,177,"","",24.4,"",46.15,"",0,"","","","",22,3.645,8.3,"","","","","","","","","","",""
1577,Tenughat,CGWB,20,Jharkhand,322,BOKARO,PETERBAR,PETERBAR,Tenughat,-,-,-,-,-,-,23.75000000,85.96666667,25-05-2003 00:00,7.47,500,"","","","","","","","","","","","","","","","","","","","","","","","",""
1578,Tenughat,CGWB,20,Jharkhand,322,BOKARO,PETERBAR,PETERBAR,Tenughat,-,-,-,-,-,-,23.75000000,85.96666667,25-05-2004 00:00,7.88,470,"",0,146,"",36,"","","","","",160,38,15.85,28,"","","","","","","","","","",""
1579,Tenughat,CGWB,20,Jharkhand,322,BOKARO,PETERBAR,PETERBAR,Tenughat,-,-,-,-,-,-,23.75000000,85.96666667,25-05-2005 00:00,7.88,420,"",0,153,"",43,"","","","","",145,40,10.99,27,"","","","","","","","","","",""
1580,Tenughat,CGWB,20,Jharkhand,322,BOKARO,PETERBAR,PETERBAR,Tenughat,-,-,-,-,-,-,23.75000000,85.96666667,25-05-2006 00:00,7.52,500,"",0,140,"",36,"","","","","",190,46,18.29,21,"","","","","","","","","","",""
1581,Tenughat,CGWB,20,Jharkhand,322,BOKARO,PETERBAR,PETERBAR,Tenughat,-,-,-,-,-,-,23.75000000,85.96666667,25-05-2007 00:00,6.97,490,"","",146,119.7,53,"","","","","",175,48,13.43,25,"","","","","","","","","","",""
1582,Tenughat,CGWB,20,Jharkhand,322,BOKARO,PETERBAR,PETERBAR,Tenughat,-,-,-,-,-,-,23.75000000,85.96666667,25-05-2008 00:00,7.02,600,"",0,177,"",60,"","","","","",200,54,16,39,"","","","","","","","","","",""
1583,Tenughat,CGWB,20,Jharkhand,322,BOKARO,PETERBAR,PETERBAR,Tenughat,-,-,-,-,-,-,23.75000000,85.96666667,25-05-2009 00:00,8.21,437,"",0,140,"",28,"","","","","",145,32,16,40,"","","","","","","","","","",""
1584,Tenughat,CGWB,20,Jharkhand,322,BOKARO,PETERBAR,PETERBAR,Tenughat,-,-,-,-,-,-,23.75000000,85.96666667,25-05-2010 00:00,7.6,481,"",0,141,"",32,"","","","","",170,36,19,32,"","","","","","","","","","",""
1585,Tenughat,CGWB,20,Jharkhand,322,BOKARO,PETERBAR,PETERBAR,Tenughat,-,-,-,-,-,-,23.75000000,85.96666667,25-05-2011 00:00,8.28,455,"",0,141,"",32,"","","","","",170,36,19,32,"","","","","","","","","","",""
1586,Tenughat,CGWB,20,Jharkhand,322,BOKARO,PETERBAR,PETERBAR,Tenughat,-,-,-,-,-,-,23.75000000,85.96666667,25-05-2012 00:00,7.7,1460,"",0,464,"",227,"",0,"","","",510,116,53.63,82,"","","","","","","","","","",""
1587,Tenughat,CGWB,20,Jharkhand,322,BOKARO,PETERBAR,PETERBAR,Tenughat,-,-,-,-,-,-,23.75000000,85.96666667,25-05-2013 00:00,7.62,1459,"",0,464,"",227,"",0,"","","",510,116,53.63,81,"","","","","","","","","","",""
1588,Tenughat,CGWB,20,Jharkhand,322,BOKARO,PETERBAR,PETERBAR,Tenughat,-,-,-,-,-,-,23.75000000,85.96666667,30-05-2019 08:00,8.11,629,749.45,"",184.5,"",37.451,"",58.07,"","","",205,42,24.3,35.094,"","","","","","","","","","",""
1589,Tenughat,CGWB,20,Jharkhand,322,BOKARO,PETERBAR,PETERBAR,Tenughat,-,-,-,-,-,-,23.75000000,85.96666667,30-05-2020 08:00,8.11,629,"","",184.5,"",37.451,"",58.07,"","","","",42,24.3,35.094,"","","","","","","","","","",""
1590,Tenughat,CGWB,20,Jharkhand,322,BOKARO,PETERBAR,PETERBAR,Tenughat,-,-,-,-,-,-,23.75000000,85.96666667,30-05-2021 08:00,7.5,876,569.4,0,207.4,"",123.71164,"",29,0.05,"","",115,38,4.864,140,"","","","","","","","","","",""
1591,ThakurGhanti,CGWB,20,Jharkhand,330,GODDA,-,-,-,-,-,-,-,-,-,25.12910000,87.45400000,30-05-2019 08:00,7.75,1063,663,"",516.6,"",70.13,"",27.08,"","","",300,34,52.245,94.8,"","","","","","","","","","",""
1592,ThakurGhanti,CGWB,20,Jharkhand,330,GODDA,-,-,-,-,-,-,-,-,-,25.12910000,87.45400000,30-05-2020 08:00,7.75,1063,"","",516.6,"",70.13,"",27.08,"","","","",34,52.245,94.8,"","","","","","","","","","",""
1593,Thakur Gora,CGWB,20,Jharkhand,607,RAMGARH,-,-,-,-,-,-,-,-,-,23.72750000,85.48638900,30-05-2019 08:00,8.08,728,399.75,0,328,"",39,"",34.32,"","","",154,28,20,75,"","","","","","","","","","",""
1594,Thakur Gora,CGWB,20,Jharkhand,607,RAMGARH,-,-,-,-,-,-,-,-,-,23.72750000,85.48638900,30-05-2020 08:00,8.08,728,"","",328,"",39,"",34.32,"","","","",28,20,75,"","","","","","","","","","",""
1595,Thakur Gora,CGWB,20,Jharkhand,607,RAMGARH,-,-,-,-,-,-,-,-,-,23.72750000,85.48638900,30-05-2021 08:00,7.28,802,521.3,0,301.95,"",76.722855,"",19,"","","",287.8785,82.8282,19.652506,58,"","","","","","","","","","",""
1596,Thethai Thangar,CGWB,20,Jharkhand,331,GUMLA,THETHAITANGAR,THETHAITANGAR,Thethai Thangar,-,-,-,-,-,-,22.51055556,84.51666667,25-05-2003 00:00,7.17,290,"","","","","","","","","","","","","","","","","","","","","","","","",""
1597,Thethai Thangar,CGWB,20,Jharkhand,331,GUMLA,THETHAITANGAR,THETHAITANGAR,Thethai Thangar,-,-,-,-,-,-,22.51055556,84.51666667,25-05-2004 00:00,7.43,210,"",0,79,"",57,"","","","","",99,22,10,19,"","","","","","","","","","",""
1598,Thethai Thangar,CGWB,20,Jharkhand,331,GUMLA,THETHAITANGAR,THETHAITANGAR,Thethai Thangar,-,-,-,-,-,-,22.51055556,84.51666667,25-05-2009 00:00,7.76,183,"",0,85,"",14,"","","","","",55,18,2.4,31,"","","","","","","","","","",""
1599,Thethai Thangar,CGWB,20,Jharkhand,331,GUMLA,THETHAITANGAR,THETHAITANGAR,Thethai Thangar,-,-,-,-,-,-,22.51055556,84.51666667,25-05-2010 00:00,8.3,175,"",6,73,"",11,"","","","","",60,16,4.9,15,"","","","","","","","","","",""
1600,Thethai Thangar,CGWB,20,Jharkhand,331,GUMLA,THETHAITANGAR,THETHAITANGAR,Thethai Thangar,-,-,-,-,-,-,22.51055556,84.51666667,25-05-2012 00:00,8.2,210,"",0,85,"",28,"",5,"","","",70,24,2.46,20,"","","","","","","","","","",""
1601,Tisri,CGWB,20,Jharkhand,329,GIRIDIH,TISRI,TISRI,Tisri,-,-,-,-,-,-,24.57916667,86.06611111,25-05-2003 00:00,7.38,340,"","","","","","","","","","","","","","","","","","","","","","","","",""
1602,Tisri,CGWB,20,Jharkhand,329,GIRIDIH,TISRI,TISRI,Tisri,-,-,-,-,-,-,24.57916667,86.06611111,30-05-2019 08:00,8.2,442,700.05,"",135.3,"",31.379,"",18.207,"","","",111.69547,36,5.272,46.301,"","","","","","","","","","",""
1603,Tisri,CGWB,20,Jharkhand,329,GIRIDIH,TISRI,TISRI,Tisri,-,-,-,-,-,-,24.57916667,86.06611111,30-05-2020 08:00,8.2,442,"","",135.3,"",31.379,"",18.207,"","","","",36,5.272,46.301,"","","","","","","","","","",""
1604,Topchanchi,CGWB,20,Jharkhand,325,DHANBAD,TOPCHANCHI,TOPCHANCHI,Topchanchi,-,-,-,-,-,-,23.90000000,86.20000000,25-05-2000 00:00,8.2,1292,"",0,98,"",202,"","","","","",240,42,33,60,"","","","","","","","","","",""
1605,Topchanchi,CGWB,20,Jharkhand,325,DHANBAD,TOPCHANCHI,TOPCHANCHI,Topchanchi,-,-,-,-,-,-,23.90000000,86.20000000,25-05-2002 00:00,7.89,1632,"","","","","","","","","","","","","","","","","","","","","","","","",""
1606,Topchanchi,CGWB,20,Jharkhand,325,DHANBAD,TOPCHANCHI,TOPCHANCHI,Topchanchi,-,-,-,-,-,-,23.90000000,86.20000000,25-05-2003 00:00,7.29,1970,"","","","","","","","","","","","","","","","","","","","","","","","",""
1607,Topchanchi,CGWB,20,Jharkhand,325,DHANBAD,TOPCHANCHI,TOPCHANCHI,Topchanchi,-,-,-,-,-,-,23.90000000,86.20000000,25-05-2004 00:00,7.74,1700,"",0,293,"",202,"","","","","",585,116,71.86,105,"","","","","","","","","","",""
1608,Topchanchi,CGWB,20,Jharkhand,325,DHANBAD,TOPCHANCHI,TOPCHANCHI,Topchanchi,-,-,-,-,-,-,23.90000000,86.20000000,25-05-2006 00:00,7.34,1720,"",0,354,"",224,"","","","","",650,158,62.19,92,"","","","","","","","","","",""
1609,Topchanchi,CGWB,20,Jharkhand,325,DHANBAD,TOPCHANCHI,TOPCHANCHI,Topchanchi,-,-,-,-,-,-,23.90000000,86.20000000,25-05-2007 00:00,7.12,1720,"","",354,290.2,256,"","","","","",665,142,75.54,81,"","","","","","","","","","",""
1610,Topchanchi,CGWB,20,Jharkhand,325,DHANBAD,TOPCHANCHI,TOPCHANCHI,Topchanchi,-,-,-,-,-,-,23.90000000,86.20000000,25-05-2012 00:00,7.6,2205,"",0,268,"",333,"",192,"","","",865,160,112.28,108,"","","","","","","","","","",""
1611,Topchanchi,CGWB,20,Jharkhand,325,DHANBAD,TOPCHANCHI,TOPCHANCHI,Topchanchi,-,-,-,-,-,-,23.90000000,86.20000000,30-05-2019 08:00,8.12,1802,518.7,"",276.75,"",246.959,"",107.773,"","","",457.44855,54,78.355,168,"","","","","","","","","","",""
1612,Topchanchi,CGWB,20,Jharkhand,325,DHANBAD,TOPCHANCHI,TOPCHANCHI,Topchanchi,-,-,-,-,-,-,23.90000000,86.20000000,30-05-2020 08:00,8.12,1802,"","",276.75,"",246.959,"",107.773,"","","","",54,78.355,168,"","","","","","","","","","",""
1613,Toretopa Noamundi,CGWB,20,Jharkhand,343,WEST SINGHBHUM (Chaibasa),-,-,-,-,-,-,-,-,-,22.16025300,85.51277800,30-05-2019 08:00,7.9,401,493.35,0,52,"",17,"",3,"","","",17,38,21,26,"","","","","","","","","","",""
1614,Toretopa Noamundi,CGWB,20,Jharkhand,343,WEST SINGHBHUM (Chaibasa),-,-,-,-,-,-,-,-,-,22.16025300,85.51277800,30-05-2020 08:00,7.9,401,"",0,52,"",17,"",3,"","","","",38,21,26,"","","","","","","","","","",""
1615,Torpa,CGWB,20,Jharkhand,339,RANCHI,TORPA,TORPA,Torpa,-,-,-,-,-,-,22.92805556,85.11000000,25-05-2012 00:00,7.03,720,"",0,120,"",122,"",6,"","","",330,84,29.16,14,"","","","","","","","","","",""
1616,Torpa,CGWB,20,Jharkhand,339,RANCHI,TORPA,TORPA,Torpa,-,-,-,-,-,-,22.92805556,85.11000000,25-05-2013 00:00,7.04,715,"",0,120,"",122,"",6,"","","",330,84,29.16,12,"","","","","","","","","","",""
1617,Tundi,CGWB,20,Jharkhand,325,DHANBAD,TUNDI,TUNDI,Tundi,-,-,-,-,-,-,23.98333333,86.43333333,25-05-2003 00:00,7.19,514,"","","","","","","","","","","","","","","","","","","","","","","","",""
1618,Tundi,CGWB,20,Jharkhand,325,DHANBAD,TUNDI,TUNDI,Tundi,-,-,-,-,-,-,23.98333333,86.43333333,25-05-2006 00:00,8.18,592,"",0,153,"",60,"","","","","",220,62,15.88,33,"","","","","","","","","","",""
1619,Tundi,CGWB,20,Jharkhand,325,DHANBAD,TUNDI,TUNDI,Tundi,-,-,-,-,-,-,23.98333333,86.43333333,25-05-2012 00:00,8.1,741,"",0,183,"",121,"",120,"","","",340,88,29.28,65,"","","","","","","","","","",""
1620,Tundi,CGWB,20,Jharkhand,325,DHANBAD,TUNDI,TUNDI,Tundi,-,-,-,-,-,-,23.98333333,86.43333333,25-05-2013 00:00,8.14,700,"",0,183,"",121,"",120,"","","",340,88,29.28,64,"","","","","","","","","","",""
1621,Tundi,CGWB,20,Jharkhand,325,DHANBAD,TUNDI,TUNDI,Tundi,-,-,-,-,-,-,23.98333333,86.43333333,30-05-2019 08:00,8.26,798,687.7,"",190.65,"",87.822,"",43.53,"","","",233.84363,62,19.159,48.824,"","","","","","","","","","",""
1622,Tundi,CGWB,20,Jharkhand,325,DHANBAD,TUNDI,TUNDI,Tundi,-,-,-,-,-,-,23.98333333,86.43333333,30-05-2020 08:00,8.26,798,"","",190.65,"",87.822,"",43.53,"","","","",62,19.159,48.824,"","","","","","","","","","",""
1623,Tutilawa,CGWB,20,Jharkhand,323,CHATRA,SIMARIA,SIMARIA,Tutilawa,-,-,-,-,-,-,24.04166667,85.04583333,25-05-2008 00:00,8.91,480,"",24,153,"",36,"","","","","",130,36,9.7,37,"","","","","","","","","","",""
1624,Tutilawa,CGWB,20,Jharkhand,323,CHATRA,SIMARIA,SIMARIA,Tutilawa,-,-,-,-,-,-,24.04166667,85.04583333,25-05-2009 00:00,8.56,926,"",12,299,"",57,"","","","","",280,46,40,53,"","","","","","","","","","",""
1625,Tutilawa,CGWB,20,Jharkhand,323,CHATRA,SIMARIA,SIMARIA,Tutilawa,-,-,-,-,-,-,24.04166667,85.04583333,25-05-2010 00:00,7.4,630,"",0,258,"",39,"","","","","",245,38,36,29,"","","","","","","","","","",""
1626,Tutilawa,CGWB,20,Jharkhand,323,CHATRA,SIMARIA,SIMARIA,Tutilawa,-,-,-,-,-,-,24.04166667,85.04583333,25-05-2011 00:00,7.07,690,"",0,110.7,"",70.9,"","","","","",245,48,30.37,32.48,"","","","","","","","","","",""
1627,Tutilawa1,CGWB,20,Jharkhand,323,CHATRA,SIMARIA,SIMARIA,Tutilawa,-,-,-,-,-,-,24.05833333,85.04583333,25-05-2012 00:00,7.8,925,"",0,264,"",89,"","","","","",425,56,69,22,"","","","","","","","","","",""
1628,Udvababutala,CGWB,20,Jharkhand,340,Sahebganj,RAJMAHAL,RAJMAHAL,Udvababutala,-,-,-,-,-,-,24.92972222,87.85583333,25-05-2012 00:00,7.96,695,"",0,281,"",50,"",0,"","","",230,8,51.07,28,"","","","","","","","","","",""
1629,Ukrid,CGWB,20,Jharkhand,339,RANCHI,-,-,-,-,-,-,-,-,-,23.50361100,85.48888900,30-05-2019 08:00,8.06,211,104.65,"",92.25,"",2.7,"",11.46,"","","",74.97942,24,3.64,11.8,"","","","","","","","","","",""
1630,Ukrid,CGWB,20,Jharkhand,339,RANCHI,-,-,-,-,-,-,-,-,-,23.50361100,85.48888900,30-05-2020 08:00,8.06,211,"","",92.25,"",2.7,"",11.46,"","","","",24,3.64,11.8,"","","","","","","","","","",""
1631,Ukrid,CGWB,20,Jharkhand,339,RANCHI,-,-,-,-,-,-,-,-,-,23.50361100,85.48888900,30-05-2021 08:00,7.33,2839,1845.35,0,954.162,"",240.06828,"",97,0.01,"","",843.4335,230.3028,65.09892,255,"","","","","","","","","","",""
1632,Urimari,CGWB,20,Jharkhand,332,HAZARIBAG,BARKAGAON,BARKAGAON,Urimari,-,-,-,-,-,-,23.70000000,85.30527778,30-05-2021 08:00,7.66,672,436.8,0,295.911,"",54.98295,"",5,"","","",175,60,6.08,73,"","","","","","","","","","",""
