SlNo,Station,Agency,State LGD Code,State,District LGD Code,District,Tehsil,Block,Village,River,Basin,Tributary,Subtributary,SubSubtributary,Local River,Latitude,Longitude,Data Acquisition Time,Potential of Hydrogen (pH),Electric Conductivity (μS/cm),Total Dissolved Solids (mg/L),Carbonate (mg/L),Bicarbonate (mg/L),Total Alkalinity (mg/L as CaCO3),Chloride (mg/L),Nitrate N (mgN/L),Sulphate (mg/L),Phosphate(mg/L),Silica(mg/L),Fluoride (mg/L),Total Hardness (mgCaCO3/L),Calcium (mg/L),Magnesium (mg/L),Sodium (mg/L),Potassium (mg/L),Iron(mg/L),Arsenic (mg/L),Uranium(mg/L),Manganese (mg/L),Copper (mg/L),Lead (mg/L),Zinc (mg/L),Nickel (mg/L),Cadmium (mg/L),Chromium (mg/L)
1,Angadpur,CGWB,5,Uttarakhand,56,UDHAM SINGH NAGAR,Gadarpur,Gadarpur,Angadpur,-,-,-,-,-,-,29.32500000,78.77500000,25-05-2007 00:00,8.1,826,"","",329,269.7,92,"",29,"","","",370,64,51.14,28,"","","","","","","","","","",""
2,Angadpur,CGWB,5,Uttarakhand,56,UDHAM SINGH NAGAR,Gadarpur,Gadarpur,Angadpur,-,-,-,-,-,-,29.32500000,78.77500000,25-05-2008 00:00,7.12,321,"","",171,140.2,39,"",26,"","","",130,24,17.05,20,"","","","","","","","","","",""
3,Angadpur,CGWB,5,Uttarakhand,56,UDHAM SINGH NAGAR,Gadarpur,Gadarpur,Angadpur,-,-,-,-,-,-,29.32500000,78.77500000,25-05-2009 00:00,7.92,241,"","",139,113.9,8.5,"",3.2,"","","",106,25,10.61,13,"","","","","","","","","","",""
4,Angadpur,CGWB,5,Uttarakhand,56,UDHAM SINGH NAGAR,Gadarpur,Gadarpur,Angadpur,-,-,-,-,-,-,29.32500000,78.77500000,25-05-2011 00:00,7.87,231,"","",136,111.5,7.1,"","","","","",95,21,10.36,12,"","","","","","","","","","",""
5,Angadpur,CGWB,5,Uttarakhand,56,UDHAM SINGH NAGAR,Gadarpur,Gadarpur,Angadpur,-,-,-,-,-,-,29.32500000,78.77500000,25-05-2012 00:00,8.35,373,"",6.3,218,189.2,11,"",5,"","","",189,41,21.08,11,"","","","","","","","","","",""
6,Angadpur,CGWB,5,Uttarakhand,56,UDHAM SINGH NAGAR,Gadarpur,Gadarpur,Angadpur,-,-,-,-,-,-,29.32500000,78.77500000,25-05-2014 00:00,8.03,400,"","",244,200,7.1,"",4.7,"","","",180,56,9.79,12,"","","","","","","","","","",""
7,Angadpur,CGWB,5,Uttarakhand,56,UDHAM SINGH NAGAR,Gadarpur,Gadarpur,Angadpur,-,-,-,-,-,-,29.32500000,78.77500000,25-05-2015 00:00,8,410,"","",195,159.84,7.1,"",45,"","","",180,60,7,15,"","","","","","","","","","",""
8,Angadpur,CGWB,5,Uttarakhand,56,UDHAM SINGH NAGAR,Gadarpur,Gadarpur,Angadpur,-,-,-,-,-,-,29.32500000,78.77500000,25-05-2016 00:00,7.78,440,"","",256,"",7.1,"","","",28,"",200,68,7,13,"","","","","","","","","","",""
9,Angadpur,CGWB,5,Uttarakhand,56,UDHAM SINGH NAGAR,Gadarpur,Gadarpur,Angadpur,-,-,-,-,-,-,29.32500000,78.77500000,30-05-2021 08:00,8.13,1645,1069.25,0,366,"",290,"",62,0.08,"","",220,50,23.104,279,"","","","","","","","","","",""
10,Badaripur,CGWB,5,Uttarakhand,56,UDHAM SINGH NAGAR,-,-,-,-,-,-,-,-,-,29.14138900,79.18944400,30-05-2019 08:00,7.76,772,"",0,378.2,"",21.27,"","","",8,"",336,42.8,54.96,22.06,"","","","","","","","","","",""
11,Badaripur,CGWB,5,Uttarakhand,56,UDHAM SINGH NAGAR,-,-,-,-,-,-,-,-,-,29.14138900,79.18944400,30-05-2020 08:00,7.76,772,"","",378.2,"",21.27,"","","",8,"","",42.8,54.96,22.06,"","","","","","","","","","",""
12,Badaripur,CGWB,5,Uttarakhand,56,UDHAM SINGH NAGAR,-,-,-,-,-,-,-,-,-,29.14138900,79.18944400,30-05-2021 08:00,7.89,8100,5265,0,500.2,"",2410.6,"",365,0.63,"","",210,20,38.912,1800,"","","","","","","","","","",""
13,Bahabalpur HP,CGWB,5,Uttarakhand,50,Haridwar,Haridwar,BAHADRABAD,Bahabalpur,-,-,-,-,-,-,29.98722222,77.81027778,25-05-2007 00:00,7.92,395,"","",248,203.3,15,"","","","","",168,26,25.07,27,"","","","","","","","","","",""
14,Bahabalpur HP,CGWB,5,Uttarakhand,50,Haridwar,Haridwar,BAHADRABAD,Bahabalpur,-,-,-,-,-,-,29.98722222,77.81027778,25-05-2008 00:00,8.12,676,"","",384.3,315,28,"",6.1,"","","",330,58,45.05,25,"","","","","","","","","","",""
15,Bahabalpur HP,CGWB,5,Uttarakhand,50,Haridwar,Haridwar,BAHADRABAD,Bahabalpur,-,-,-,-,-,-,29.98722222,77.81027778,25-05-2009 00:00,"",495,"","","","",14,"","","","","","",26,25,27,"","","","","","","","","","",""
16,Bahabalpur HP,CGWB,5,Uttarakhand,50,Haridwar,Haridwar,BAHADRABAD,Bahabalpur,-,-,-,-,-,-,29.98722222,77.81027778,25-05-2010 00:00,8.43,149,"",12,48,59.3,3.9,"",8.4,"","","",48,17,1.36,13,"","","","","","","","","","",""
17,Bahabalpur HP,CGWB,5,Uttarakhand,50,Haridwar,Haridwar,BAHADRABAD,Bahabalpur,-,-,-,-,-,-,29.98722222,77.81027778,25-05-2011 00:00,6.7,500,"","","","",14,"","","","","","","","","","","","","","","","","","","",""
18,Bahabalpur HP,CGWB,5,Uttarakhand,50,Haridwar,Haridwar,BAHADRABAD,Bahabalpur,-,-,-,-,-,-,29.98722222,77.81027778,25-05-2013 00:00,8.74,348,"",35,107,146,10,"",42,"","","",156,21,25.19,22,"","","","","","","","","","",""
19,Bahabalpur HP,CGWB,5,Uttarakhand,50,Haridwar,Haridwar,BAHADRABAD,Bahabalpur,-,-,-,-,-,-,29.98722222,77.81027778,25-05-2014 00:00,8,559,"","",354,290.16,11,"",2.7,"","","",245,48,30.4,29,"","","","","","","","","","",""
20,Bahabalpur HP,CGWB,5,Uttarakhand,50,Haridwar,Haridwar,BAHADRABAD,Bahabalpur,-,-,-,-,-,-,29.98722222,77.81027778,30-05-2022 10:00,7.81,801,"",0,433,"",11,"",24,"",17,"",310,58,40,39,"","","","","","","","","","",""
21,Bahdrabad,CGWB,5,Uttarakhand,50,Haridwar,Haridwar,BAHADRABAD,Bahdrabad,-,-,-,-,-,-,29.91750000,78.04388889,25-05-2000 00:00,7.8,237,"","",110,"",11,"",48,"","","",135,20,21,8,"","","","","","","","","","",""
22,Bahdrabad,CGWB,5,Uttarakhand,50,Haridwar,Haridwar,BAHADRABAD,Bahdrabad,-,-,-,-,-,-,29.91750000,78.04388889,25-05-2004 00:00,7.9,240,"","",122,100,7,"",4.8,"","","",80,8,45,"","","","","","","","","","","",""
23,Bahdrabad,CGWB,5,Uttarakhand,50,Haridwar,Haridwar,BAHADRABAD,Bahdrabad,-,-,-,-,-,-,29.91750000,78.04388889,25-05-2005 00:00,8.1,307,"","",122,100,14,"",14,"","","",130,40,7.34,4.9,"","","","","","","","","","",""
24,Bahdrabad,CGWB,5,Uttarakhand,50,Haridwar,Haridwar,BAHADRABAD,Bahdrabad,-,-,-,-,-,-,29.91750000,78.04388889,25-05-2006 00:00,7.8,240,"","",122,100,7,"",10,"","","",100,8,19.46,12,"","","","","","","","","","",""
25,Bahdrabad,CGWB,5,Uttarakhand,50,Haridwar,Haridwar,BAHADRABAD,Bahdrabad,-,-,-,-,-,-,29.91750000,78.04388889,25-05-2007 00:00,8.19,247,"","",134.2,110,7.1,"","","","","",125,40,6.13,"","","","","","","","","","","",""
26,Bahdrabad,CGWB,5,Uttarakhand,50,Haridwar,Haridwar,BAHADRABAD,Bahdrabad,-,-,-,-,-,-,29.91750000,78.04388889,25-05-2008 00:00,8.53,259,"",18,115,124.3,3.9,"",19,"","","",132,44,5.4,5.3,"","","","","","","","","","",""
27,Bahdrabad,CGWB,5,Uttarakhand,50,Haridwar,Haridwar,BAHADRABAD,Bahdrabad,-,-,-,-,-,-,29.91750000,78.04388889,25-05-2009 00:00,8,270,"","",140,114.8,10,"",18,"","","",149,41,11.36,5,"","","","","","","","","","",""
28,Bahdrabad,CGWB,5,Uttarakhand,50,Haridwar,Haridwar,BAHADRABAD,Bahdrabad,-,-,-,-,-,-,29.91750000,78.04388889,25-05-2010 00:00,7.43,180,"","",93,76.2,3.3,"",18,"","","",95,27,6.72,3.8,"","","","","","","","","","",""
29,Bahdrabad,CGWB,5,Uttarakhand,50,Haridwar,Haridwar,BAHADRABAD,Bahdrabad,-,-,-,-,-,-,29.91750000,78.04388889,25-05-2011 00:00,"",235,"","","","",11,"","","","","","","","","","","","","","","","","","","",""
30,Bahdrabad,CGWB,5,Uttarakhand,50,Haridwar,Haridwar,BAHADRABAD,Bahdrabad,-,-,-,-,-,-,29.91750000,78.04388889,25-05-2012 00:00,8.35,230,"",18,54,74.3,10,"",31,"","","",114,37,5.27,4.1,"","","","","","","","","","",""
31,Bahdrabad,CGWB,5,Uttarakhand,50,Haridwar,Haridwar,BAHADRABAD,Bahdrabad,-,-,-,-,-,-,29.91750000,78.04388889,25-05-2013 00:00,7.96,271,"","",159,"",7,"",21,"","","",150,20,24,3.4,"","","","","","","","","","",""
32,Bahdrabad,CGWB,5,Uttarakhand,50,Haridwar,Haridwar,BAHADRABAD,Bahdrabad,-,-,-,-,-,-,29.91750000,78.04388889,25-05-2014 00:00,8,262,"","",128,104.92,7.1,"",20,"","","",120,36,7.3,5.3,"","","","","","","","","","",""
33,Bahdrabad,CGWB,5,Uttarakhand,50,Haridwar,Haridwar,BAHADRABAD,Bahdrabad,-,-,-,-,-,-,29.91750000,78.04388889,25-05-2016 00:00,8,246,"",0,110,"",21,"",13.9,"",13,"",120,40,4.8,5.6,"","","","","","","","","","",""
34,Bahdrabad,CGWB,5,Uttarakhand,50,Haridwar,Haridwar,BAHADRABAD,Bahdrabad,-,-,-,-,-,-,29.91750000,78.04388889,30-05-2022 10:00,7.76,812,"",0,317,"",46,"",70,0,17,"",315,88,23,43,"","","","","","","","","","",""
35,Baluwala,CGWB,5,Uttarakhand,49,Dehradun,-,-,-,-,-,-,-,-,-,30.44444400,77.78250000,30-05-2021 08:00,7.9,1880,1222,0,305,"",340,"",250,0,"","",310,44,48.64,325,"","","","","","","","","","",""
36,Banbasa HP,CGWB,5,Uttarakhand,48,Champawat,CHAMPAWAT,CHAMPAWAT,Banbasa Hp,-,-,-,-,-,-,29.08333333,80.00027778,25-05-2005 00:00,7.75,382,"","",169,138.5,20,"",14,"","","",164,46,11.97,14,"","","","","","","","","","",""
37,Banbasa HP,CGWB,5,Uttarakhand,48,Champawat,CHAMPAWAT,CHAMPAWAT,Banbasa Hp,-,-,-,-,-,-,29.08333333,80.00027778,25-05-2007 00:00,8,291,"","",112,91.8,21,"",12,"","","",106,30,7.57,13,"","","","","","","","","","",""
38,Banbasa HP,CGWB,5,Uttarakhand,48,Champawat,CHAMPAWAT,CHAMPAWAT,Banbasa Hp,-,-,-,-,-,-,29.08333333,80.00027778,25-05-2008 00:00,8.2,238,"","",122,100,14,"",12,"","","",95,16,13.39,8.6,"","","","","","","","","","",""
39,Banbasa HP,CGWB,5,Uttarakhand,48,Champawat,CHAMPAWAT,CHAMPAWAT,Banbasa Hp,-,-,-,-,-,-,29.08333333,80.00027778,25-05-2009 00:00,7.73,310,"","",137,112.3,28,"",23,"","","",158,23,24.46,8.3,"","","","","","","","","","",""
40,Banbasa HP,CGWB,5,Uttarakhand,48,Champawat,CHAMPAWAT,CHAMPAWAT,Banbasa Hp,-,-,-,-,-,-,29.08333333,80.00027778,25-05-2010 00:00,8.12,339,"","",148,121.3,35,"",23,"","","",145,31,16.45,12,"","","","","","","","","","",""
41,Banbasa HP,CGWB,5,Uttarakhand,48,Champawat,CHAMPAWAT,CHAMPAWAT,Banbasa Hp,-,-,-,-,-,-,29.08333333,80.00027778,25-05-2012 00:00,8.2,280,"","",159,130.3,14,"",14,"","","",160,24,24.34,4.6,"","","","","","","","","","",""
42,Banbasa HP,CGWB,5,Uttarakhand,48,Champawat,CHAMPAWAT,CHAMPAWAT,Banbasa Hp,-,-,-,-,-,-,29.08333333,80.00027778,25-05-2015 00:00,8,550,"","",220,180.33,36,"",16,"","","",210,52,19,20,"","","","","","","","","","",""
43,Banbasa HP,CGWB,5,Uttarakhand,48,Champawat,CHAMPAWAT,CHAMPAWAT,Banbasa Hp,-,-,-,-,-,-,29.08333333,80.00027778,25-05-2016 00:00,8.06,550,"","",244,"",43,"",15,"",18,"",230,56,22,18,"","","","","","","","","","",""
44,Banbasa HP,CGWB,5,Uttarakhand,48,Champawat,CHAMPAWAT,CHAMPAWAT,Banbasa Hp,-,-,-,-,-,-,29.08333333,80.00027778,30-05-2022 10:00,7.68,468,"",0,207,"",21,"",35,0,21,"",220,48,24,6.8,"","","","","","","","","","",""
45,Bandarjud,CGWB,5,Uttarakhand,50,Haridwar,-,-,-,-,-,-,-,-,-,30.05305600,77.93861100,30-05-2019 08:00,7.73,554,"",0,294.02,"",14.18,"","","",10.25,"",226,57.6,19.68,22.56,"","","","","","","","","","",""
46,Bandarjud,CGWB,5,Uttarakhand,50,Haridwar,-,-,-,-,-,-,-,-,-,30.05305600,77.93861100,30-05-2020 08:00,7.73,554,"","",294.02,"",14.18,"","","",10.25,"","",57.6,19.68,22.56,"","","","","","","","","","",""
47,Bandarjud,CGWB,5,Uttarakhand,50,Haridwar,-,-,-,-,-,-,-,-,-,30.05305600,77.93861100,30-05-2021 08:00,7.59,890,578.5,0,401,"",28,"",64,0.02,"","",160,36,17.024,133,"","","","","","","","","","",""
48,Baniya Diggi,CGWB,5,Uttarakhand,45,Almora,-,-,-,-,-,-,-,-,-,29.59388900,79.46527800,30-05-2019 08:00,7.55,239,"",0,110.41,"",14.18,"","","",9,"",87.5,23.6,6.84,13.93,"","","","","","","","","","",""
49,Baniya Diggi,CGWB,5,Uttarakhand,45,Almora,-,-,-,-,-,-,-,-,-,29.59388900,79.46527800,30-05-2020 08:00,7.55,239,"","",110.41,"",14.18,"","","",9,"","",23.6,6.84,13.93,"","","","","","","","","","",""
50,Baniya Diggi,CGWB,5,Uttarakhand,45,Almora,-,-,-,-,-,-,-,-,-,29.59388900,79.46527800,30-05-2021 08:00,7.59,450,292.5,0,110,"",56,"",49,0.1,"","",170,36,19.456,23,"","","","","","","","","","",""
51,Banna Khera,CGWB,5,Uttarakhand,56,UDHAM SINGH NAGAR,Gadarpur,Gadarpur,Banna Khera,-,-,-,-,-,-,29.26333333,79.16472222,25-05-2005 00:00,7.09,571,"","",233,191,21,"",57,"","","",232,68,15.16,17,"","","","","","","","","","",""
52,Banna Khera,CGWB,5,Uttarakhand,56,UDHAM SINGH NAGAR,Gadarpur,Gadarpur,Banna Khera,-,-,-,-,-,-,29.26333333,79.16472222,25-05-2006 00:00,8.1,454,"","",200,163.9,6.7,"",68,"","","",232,19,44.88,9.2,"","","","","","","","","","",""
53,Banna Khera,CGWB,5,Uttarakhand,56,UDHAM SINGH NAGAR,Gadarpur,Gadarpur,Banna Khera,-,-,-,-,-,-,29.26333333,79.16472222,25-05-2008 00:00,8.1,685,"","",366,300,28,"",58,"","","",350,40,60.83,20,"","","","","","","","","","",""
54,Banna Khera,CGWB,5,Uttarakhand,56,UDHAM SINGH NAGAR,Gadarpur,Gadarpur,Banna Khera,-,-,-,-,-,-,29.26333333,79.16472222,25-05-2009 00:00,7.9,450,"","",232,190.2,21,"",10,"","","",200,12,41.35,14,"","","","","","","","","","",""
55,Banna Khera,CGWB,5,Uttarakhand,56,UDHAM SINGH NAGAR,Gadarpur,Gadarpur,Banna Khera,-,-,-,-,-,-,29.26333333,79.16472222,25-05-2010 00:00,7.98,415,"","",207,169.7,7.1,"",55,"","","",250,16,51.08,18,"","","","","","","","","","",""
56,Banna Khera,CGWB,5,Uttarakhand,56,UDHAM SINGH NAGAR,Gadarpur,Gadarpur,Banna Khera,-,-,-,-,-,-,29.26333333,79.16472222,25-05-2012 00:00,8.24,590,"","",236,193.4,14,"",85,"","","",282,23,54.61,11,"","","","","","","","","","",""
57,Banna Khera,CGWB,5,Uttarakhand,56,UDHAM SINGH NAGAR,Gadarpur,Gadarpur,Banna Khera,-,-,-,-,-,-,29.26333333,79.16472222,25-05-2015 00:00,8,1010,"","",427,350,21,"",123,"","","",460,96,54,16,"","","","","","","","","","",""
58,Banna Khera,CGWB,5,Uttarakhand,56,UDHAM SINGH NAGAR,Gadarpur,Gadarpur,Banna Khera,-,-,-,-,-,-,29.26333333,79.16472222,25-05-2016 00:00,7.98,665,"","",281,"",21,"",79,"",23,"",300,52,41,15,"","","","","","","","","","",""
59,Banna Khera,CGWB,5,Uttarakhand,56,UDHAM SINGH NAGAR,Gadarpur,Gadarpur,Banna Khera,-,-,-,-,-,-,29.26333333,79.16472222,30-05-2021 08:00,7.58,4220,2743,0,622,"",928,"",446,0.11,"","",1140,122,203.072,564,"","","","","","","","","","",""
60,Bara,CGWB,5,Uttarakhand,56,UDHAM SINGH NAGAR,Gadarpur,Gadarpur,Bara,-,-,-,-,-,-,28.86944444,79.60416667,25-05-2000 00:00,8,366,"","",183,"",7.1,"",24,"","","",165,34,19,11,"","","","","","","","","","",""
61,Bara,CGWB,5,Uttarakhand,56,UDHAM SINGH NAGAR,Gadarpur,Gadarpur,Bara,-,-,-,-,-,-,28.86944444,79.60416667,25-05-2001 00:00,8.1,621,"","",207,"",57,"",50,"","","",155,56,4,67,"","","","","","","","","","",""
62,Bara,CGWB,5,Uttarakhand,56,UDHAM SINGH NAGAR,Gadarpur,Gadarpur,Bara,-,-,-,-,-,-,28.86944444,79.60416667,25-05-2002 00:00,8.2,301,"","",159,130.3,7,"","","","","",100,24,9.75,"","","","","","","","","","","",""
63,Bara,CGWB,5,Uttarakhand,56,UDHAM SINGH NAGAR,Gadarpur,Gadarpur,Bara,-,-,-,-,-,-,28.86944444,79.60416667,25-05-2003 00:00,"",2460,"","","","","","","","","","","","","","","","","","","","","","","","",""
64,Bara,CGWB,5,Uttarakhand,56,UDHAM SINGH NAGAR,Gadarpur,Gadarpur,Bara,-,-,-,-,-,-,28.86944444,79.60416667,25-05-2004 00:00,7.9,330,"","",171,140.2,14,"","","","","",140,16,24,"","","","","","","","","","","",""
65,Bara,CGWB,5,Uttarakhand,56,UDHAM SINGH NAGAR,Gadarpur,Gadarpur,Bara,-,-,-,-,-,-,28.86944444,79.60416667,25-05-2005 00:00,8.2,400,"","",220,180.3,7.1,"",48,"","","",200,28,31.64,21,"","","","","","","","","","",""
66,Bara,CGWB,5,Uttarakhand,56,UDHAM SINGH NAGAR,Gadarpur,Gadarpur,Bara,-,-,-,-,-,-,28.86944444,79.60416667,25-05-2006 00:00,7.8,520,"","",122,100,114,"",0,"","","",150,24,21.91,53,"","","","","","","","","","",""
67,Bara,CGWB,5,Uttarakhand,56,UDHAM SINGH NAGAR,Gadarpur,Gadarpur,Bara,-,-,-,-,-,-,28.86944444,79.60416667,25-05-2007 00:00,7.24,283,"","",171,140.2,11,"",40,"","","",170,36,19.49,20,"","","","","","","","","","",""
68,Bara,CGWB,5,Uttarakhand,56,UDHAM SINGH NAGAR,Gadarpur,Gadarpur,Bara,-,-,-,-,-,-,28.86944444,79.60416667,25-05-2008 00:00,7.94,355,"","",175,143.4,3.2,"",21,"","","",127,17,20.57,24,"","","","","","","","","","",""
69,Bara,CGWB,5,Uttarakhand,56,UDHAM SINGH NAGAR,Gadarpur,Gadarpur,Bara,-,-,-,-,-,-,28.86944444,79.60416667,25-05-2009 00:00,7.8,298,"","",160,131.2,7.1,"",15,"","","",111,25,11.82,20,"","","","","","","","","","",""
70,Bara,CGWB,5,Uttarakhand,56,UDHAM SINGH NAGAR,Gadarpur,Gadarpur,Bara,-,-,-,-,-,-,28.86944444,79.60416667,25-05-2010 00:00,8.41,380,"",12,124,121.6,14,"",75,"","","",169,27,24.71,26,"","","","","","","","","","",""
71,Bara,CGWB,5,Uttarakhand,56,UDHAM SINGH NAGAR,Gadarpur,Gadarpur,Bara,-,-,-,-,-,-,28.86944444,79.60416667,25-05-2011 00:00,"",315,"","","","",7.1,"","","","","","","","","","","","","","","","","","","",""
72,Bara,CGWB,5,Uttarakhand,56,UDHAM SINGH NAGAR,Gadarpur,Gadarpur,Bara,-,-,-,-,-,-,28.86944444,79.60416667,25-05-2012 00:00,8.55,418,"",15,167,161.9,16,"",35,"","","",150,25,21.3,35,"","","","","","","","","","",""
73,Bara,CGWB,5,Uttarakhand,56,UDHAM SINGH NAGAR,Gadarpur,Gadarpur,Bara,-,-,-,-,-,-,28.86944444,79.60416667,25-05-2014 00:00,8.2,450,"","",256,209.84,7.1,"",20,"","","",170,40,17,31,"","","","","","","","","","",""
74,Bara,CGWB,5,Uttarakhand,56,UDHAM SINGH NAGAR,Gadarpur,Gadarpur,Bara,-,-,-,-,-,-,28.86944444,79.60416667,25-05-2015 00:00,8,448,"","",244,200,7.1,"",13,"","","",150,48,7,37,"","","","","","","","","","",""
75,Bara,CGWB,5,Uttarakhand,56,UDHAM SINGH NAGAR,Gadarpur,Gadarpur,Bara,-,-,-,-,-,-,28.86944444,79.60416667,25-05-2016 00:00,8.36,510,"",36,183,"",21,"",15,"",23,"",200,48,19,29,"","","","","","","","","","",""
76,Barhini,CGWB,5,Uttarakhand,56,UDHAM SINGH NAGAR,Gadarpur,Gadarpur,Barhini,-,-,-,-,-,-,29.21222222,79.21944444,25-05-2006 00:00,8.2,520,"","",268,219.7,7.1,"",77,"","","",300,8,68.09,10,"","","","","","","","","","",""
77,Barhini,CGWB,5,Uttarakhand,56,UDHAM SINGH NAGAR,Gadarpur,Gadarpur,Barhini,-,-,-,-,-,-,29.21222222,79.21944444,25-05-2007 00:00,7.9,760,"","",195,159.8,142,"",19,"","","",200,12,41.35,74,"","","","","","","","","","",""
78,Barhini,CGWB,5,Uttarakhand,56,UDHAM SINGH NAGAR,Gadarpur,Gadarpur,Barhini,-,-,-,-,-,-,29.21222222,79.21944444,25-05-2008 00:00,8.12,519,"","",329,269.7,14,"",78,"","","",330,56,46.26,15,"","","","","","","","","","",""
79,Barhini,CGWB,5,Uttarakhand,56,UDHAM SINGH NAGAR,Gadarpur,Gadarpur,Barhini,-,-,-,-,-,-,29.21222222,79.21944444,25-05-2009 00:00,8,526,"","",290,237.7,9.9,"",47,"","","",269,25,50.24,15,"","","","","","","","","","",""
80,Barhini,CGWB,5,Uttarakhand,56,UDHAM SINGH NAGAR,Gadarpur,Gadarpur,Barhini,-,-,-,-,-,-,29.21222222,79.21944444,25-05-2010 00:00,6.85,625,"","",321,263.1,21,"",39,"","","",290,32,51.1,17,"","","","","","","","","","",""
81,Barhini,CGWB,5,Uttarakhand,56,UDHAM SINGH NAGAR,Gadarpur,Gadarpur,Barhini,-,-,-,-,-,-,29.21222222,79.21944444,25-05-2011 00:00,8.47,640,"",24,212,213.8,21,"",95,"","","",340,9,77.21,17,"","","","","","","","","","",""
82,Barhini,CGWB,5,Uttarakhand,56,UDHAM SINGH NAGAR,Gadarpur,Gadarpur,Barhini,-,-,-,-,-,-,29.21222222,79.21944444,25-05-2012 00:00,"",525,"","","","",14,"",50,"","","","",35,41,16,"","","","","","","","","","",""
83,Barianjaniya,CGWB,5,Uttarakhand,56,UDHAM SINGH NAGAR,Khatima,-,-,-,-,-,-,-,-,28.87138900,79.92250000,30-05-2019 08:00,7.76,439,"",0,237.9,"",10.635,"","","",8,"",204,71.6,6,6.45,"","","","","","","","","","",""
84,Barianjaniya,CGWB,5,Uttarakhand,56,UDHAM SINGH NAGAR,Khatima,-,-,-,-,-,-,-,-,28.87138900,79.92250000,30-05-2020 08:00,7.76,439,"","",237.9,"",10.635,"","","",8,"","",71.6,6,6.45,"","","","","","","","","","",""
85,Barkhare Pande,CGWB,5,Uttarakhand,56,UDHAM SINGH NAGAR,Gadarpur,Gadarpur,Barkhare Pande,-,-,-,-,-,-,29.15277778,78.96388889,30-05-2019 08:00,7.95,471,"",0,251.32,"",14.18,"","","",10,"",155,42.8,11.52,36.17,"","","","","","","","","","",""
86,Barkhare Pande,CGWB,5,Uttarakhand,56,UDHAM SINGH NAGAR,Gadarpur,Gadarpur,Barkhare Pande,-,-,-,-,-,-,29.15277778,78.96388889,30-05-2020 08:00,7.95,471,"","",251.32,"",14.18,"","","",10,"","",42.8,11.52,36.17,"","","","","","","","","","",""
87,Barkhare Pande,CGWB,5,Uttarakhand,56,UDHAM SINGH NAGAR,Gadarpur,Gadarpur,Barkhare Pande,-,-,-,-,-,-,29.15277778,78.96388889,30-05-2021 08:00,7.74,604.1,392.665,0,256.2,"",56.72,"",20,0.54,"","",200,48,19.456,42.8,"","","","","","","","","","",""
88,Barkhare Pande HP,CGWB,5,Uttarakhand,56,UDHAM SINGH NAGAR,Gadarpur,Gadarpur,Barkhare Pande,-,-,-,-,-,-,29.15833333,78.96611111,25-05-2005 00:00,8.2,260,"","",146,119.7,3.5,"",24,"","","",100,10,18.25,9.8,"","","","","","","","","","",""
89,Barkhare Pande HP,CGWB,5,Uttarakhand,56,UDHAM SINGH NAGAR,Gadarpur,Gadarpur,Barkhare Pande,-,-,-,-,-,-,29.15833333,78.96611111,25-05-2007 00:00,8.01,363,"","",209,171.3,7.1,"",24,"","","",122,32,10.25,26,"","","","","","","","","","",""
90,Barkhare Pande HP,CGWB,5,Uttarakhand,56,UDHAM SINGH NAGAR,Gadarpur,Gadarpur,Barkhare Pande,-,-,-,-,-,-,29.15833333,78.96611111,25-05-2009 00:00,"",295,"","","","",7.1,"",4,"","","","",32,10,26,"","","","","","","","","","",""
91,Barkhare Pande HP,CGWB,5,Uttarakhand,56,UDHAM SINGH NAGAR,Gadarpur,Gadarpur,Barkhare Pande,-,-,-,-,-,-,29.15833333,78.96611111,25-05-2010 00:00,8.2,315,"","",183,150,7.1,"",4,"","","",150,4,34.04,20,"","","","","","","","","","",""
92,Barkhare Pande HP,CGWB,5,Uttarakhand,56,UDHAM SINGH NAGAR,Gadarpur,Gadarpur,Barkhare Pande,-,-,-,-,-,-,29.15833333,78.96611111,25-05-2011 00:00,8.06,321,"","",206,168.9,3.2,"",5,"","","",137,30,15.11,21,"","","","","","","","","","",""
93,Barkhare Pande HP,CGWB,5,Uttarakhand,56,UDHAM SINGH NAGAR,Gadarpur,Gadarpur,Barkhare Pande,-,-,-,-,-,-,29.15833333,78.96611111,25-05-2013 00:00,8.5,380,"",37,87,133,14,"",60,"","","",158,14,29.92,26,"","","","","","","","","","",""
94,Barkhare Pande HP,CGWB,5,Uttarakhand,56,UDHAM SINGH NAGAR,Gadarpur,Gadarpur,Barkhare Pande,-,-,-,-,-,-,29.15833333,78.96611111,25-05-2016 00:00,8.01,570,"","",293,"",21,"",25,"",23,"",230,84,4.9,34,"","","","","","","","","","",""
95,Bastia HP,CGWB,5,Uttarakhand,48,Champawat,CHAMPAWAT,CHAMPAWAT,Bastia Hp,-,-,-,-,-,-,29.12055556,80.00000000,25-05-2005 00:00,8.16,211,"","",125,102.5,3.5,"",38,"","","",100,35,3.08,6.1,"","","","","","","","","","",""
96,Bastia HP,CGWB,5,Uttarakhand,48,Champawat,CHAMPAWAT,CHAMPAWAT,Bastia Hp,-,-,-,-,-,-,29.12055556,80.00000000,25-05-2008 00:00,8.2,175,"","",92,75.4,3.5,"",31,"","","",80,20,7.32,2.8,"","","","","","","","","","",""
97,Bastia HP,CGWB,5,Uttarakhand,48,Champawat,CHAMPAWAT,CHAMPAWAT,Bastia Hp,-,-,-,-,-,-,29.12055556,80.00000000,25-05-2009 00:00,7.84,195,"","",96,78.7,1.8,"",7.6,"","","",87,34.8,0.04,6.9,"","","","","","","","","","",""
98,Bastia HP,CGWB,5,Uttarakhand,48,Champawat,CHAMPAWAT,CHAMPAWAT,Bastia Hp,-,-,-,-,-,-,29.12055556,80.00000000,25-05-2010 00:00,8.05,203,"","",96,78.7,7.1,"",4.4,"","","",89,17,11.33,7.9,"","","","","","","","","","",""
99,Bastia HP,CGWB,5,Uttarakhand,48,Champawat,CHAMPAWAT,CHAMPAWAT,Bastia Hp,-,-,-,-,-,-,29.12055556,80.00000000,25-05-2012 00:00,7.75,190,"","",87,71.3,7.1,"",18,"","","",102,23,10.85,7.2,"","","","","","","","","","",""
100,Bastia HP,CGWB,5,Uttarakhand,48,Champawat,CHAMPAWAT,CHAMPAWAT,Bastia Hp,-,-,-,-,-,-,29.12055556,80.00000000,25-05-2015 00:00,8,560,"","",281,230.33,7.1,"",21,"","","",160,48,9.7,50,"","","","","","","","","","",""
101,Bastia HP,CGWB,5,Uttarakhand,48,Champawat,CHAMPAWAT,CHAMPAWAT,Bastia Hp,-,-,-,-,-,-,29.12055556,80.00000000,25-05-2016 00:00,7.72,520,"","",268,"",18,"",14,"",21,"",260,64,24,7.3,"","","","","","","","","","",""
102,Bastia HP,CGWB,5,Uttarakhand,48,Champawat,CHAMPAWAT,CHAMPAWAT,Bastia Hp,-,-,-,-,-,-,29.12055556,80.00000000,30-05-2022 10:00,7.53,456,"",0,244,"",7.1,"",9.6,0,22,"",210,76,4.9,5.2,"","","","","","","","","","",""
103,Bazpur,CGWB,5,Uttarakhand,56,UDHAM SINGH NAGAR,Gadarpur,Gadarpur,Bazpur,-,-,-,-,-,-,29.16750000,79.15833333,25-05-2000 00:00,7.8,460,"","",195,"",28,"",77,"","","",250,16,51,13,"","","","","","","","","","",""
104,Bazpur,CGWB,5,Uttarakhand,56,UDHAM SINGH NAGAR,Gadarpur,Gadarpur,Bazpur,-,-,-,-,-,-,29.16750000,79.15833333,25-05-2001 00:00,8,594,"","",305,"",28,"",48,"","","",240,8,53,48,"","","","","","","","","","",""
105,Bazpur,CGWB,5,Uttarakhand,56,UDHAM SINGH NAGAR,Gadarpur,Gadarpur,Bazpur,-,-,-,-,-,-,29.16750000,79.15833333,25-05-2002 00:00,8.15,586,"","",268,219.7,25,"","","","","",260,32,43.8,"","","","","","","","","","","",""
106,Bazpur,CGWB,5,Uttarakhand,56,UDHAM SINGH NAGAR,Gadarpur,Gadarpur,Bazpur,-,-,-,-,-,-,29.16750000,79.15833333,25-05-2003 00:00,"",1510,"","","","","","","","","","","","","","","","","","","","","","","","",""
107,Bazpur,CGWB,5,Uttarakhand,56,UDHAM SINGH NAGAR,Gadarpur,Gadarpur,Bazpur,-,-,-,-,-,-,29.16750000,79.15833333,25-05-2004 00:00,8,620,"","",244,200,28,"","","","","",240,40,34.09,"","","","","","","","","","","",""
108,Bazpur,CGWB,5,Uttarakhand,56,UDHAM SINGH NAGAR,Gadarpur,Gadarpur,Bazpur,-,-,-,-,-,-,29.16750000,79.15833333,25-05-2005 00:00,8.1,840,"","",488,400,7.1,"",96,"","","",480,56,82.73,19,"","","","","","","","","","",""
109,Bazpur,CGWB,5,Uttarakhand,56,UDHAM SINGH NAGAR,Gadarpur,Gadarpur,Bazpur,-,-,-,-,-,-,29.16750000,79.15833333,25-05-2006 00:00,8.1,770,"","",165,135.3,163,"",20,"","","",220,16,43.78,78,"","","","","","","","","","",""
110,Bazpur,CGWB,5,Uttarakhand,56,UDHAM SINGH NAGAR,Gadarpur,Gadarpur,Bazpur,-,-,-,-,-,-,29.16750000,79.15833333,25-05-2007 00:00,7.56,462,"","",207,169.7,"","",91,"","","",260,28,46.23,22,"","","","","","","","","","",""
111,Bazpur,CGWB,5,Uttarakhand,56,UDHAM SINGH NAGAR,Gadarpur,Gadarpur,Bazpur,-,-,-,-,-,-,29.16750000,79.15833333,25-05-2008 00:00,7.93,486,"","",217,177.9,12,"",74,"","","",217,17,42.45,28,"","","","","","","","","","",""
112,Bazpur,CGWB,5,Uttarakhand,56,UDHAM SINGH NAGAR,Gadarpur,Gadarpur,Bazpur,-,-,-,-,-,-,29.16750000,79.15833333,25-05-2009 00:00,7.32,494,"","",297,243.4,17,"",24,"","","",227,30,36.99,31,"","","","","","","","","","",""
113,Bazpur,CGWB,5,Uttarakhand,56,UDHAM SINGH NAGAR,Gadarpur,Gadarpur,Bazpur,-,-,-,-,-,-,29.16750000,79.15833333,25-05-2010 00:00,8.19,530,"","",237,194.3,28,"",64,"","","",237,23,43.67,30,"","","","","","","","","","",""
114,Bazpur,CGWB,5,Uttarakhand,56,UDHAM SINGH NAGAR,Gadarpur,Gadarpur,Bazpur,-,-,-,-,-,-,29.16750000,79.15833333,25-05-2011 00:00,"",482,"","","","",24,"","","","","","","","","","","","","","","","","","","",""
115,Bazpur,CGWB,5,Uttarakhand,56,UDHAM SINGH NAGAR,Gadarpur,Gadarpur,Bazpur,-,-,-,-,-,-,29.16750000,79.15833333,25-05-2012 00:00,8.68,525,"",16,147,147.2,60,"",45,"","","",204,22,36.25,33,"","","","","","","","","","",""
116,Bazpur,CGWB,5,Uttarakhand,56,UDHAM SINGH NAGAR,Gadarpur,Gadarpur,Bazpur,-,-,-,-,-,-,29.16750000,79.15833333,25-05-2014 00:00,7.8,725,"","",366,300,"","",50,"","","",280,52,36,40,"","","","","","","","","","",""
117,Bazpur,CGWB,5,Uttarakhand,56,UDHAM SINGH NAGAR,Gadarpur,Gadarpur,Bazpur,-,-,-,-,-,-,29.16750000,79.15833333,25-05-2016 00:00,8.22,1350,"","",708,"",50,"",29,"",12,"",600,104,83,45,"","","","","","","","","","",""
118,Bazpur,CGWB,5,Uttarakhand,56,UDHAM SINGH NAGAR,Gadarpur,Gadarpur,Bazpur,-,-,-,-,-,-,29.16750000,79.15833333,30-05-2019 08:00,7.93,886,"",0,407.48,"",21.27,"","","",11,"",373,47.6,60.96,28.63,"","","","","","","","","","",""
119,Bazpur,CGWB,5,Uttarakhand,56,UDHAM SINGH NAGAR,Gadarpur,Gadarpur,Bazpur,-,-,-,-,-,-,29.16750000,79.15833333,30-05-2020 08:00,7.93,886,"","",407.48,"",21.27,"","","",11,"","",47.6,60.96,28.63,"","","","","","","","","","",""
120,Bazpur,CGWB,5,Uttarakhand,56,UDHAM SINGH NAGAR,Gadarpur,Gadarpur,Bazpur,-,-,-,-,-,-,29.16750000,79.15833333,30-05-2021 08:00,8.1,3280,2132,0,256.2,"",893.34,"",150,0.25,"","",380,56,58.368,573,"","","","","","","","","","",""
121,Begur Mod,CGWB,5,Uttarakhand,56,UDHAM SINGH NAGAR,Sitarganj,-,-,-,-,-,-,-,-,28.87555600,79.65972200,30-05-2019 08:00,7.79,358,"",0,186.66,"",14.18,"","","",11,"",150,48,7.2,12.01,"","","","","","","","","","",""
122,Begur Mod,CGWB,5,Uttarakhand,56,UDHAM SINGH NAGAR,Sitarganj,-,-,-,-,-,-,-,-,28.87555600,79.65972200,30-05-2020 08:00,7.79,358,"","",186.66,"",14.18,"","","",11,"","",48,7.2,12.01,"","","","","","","","","","",""
123,Begur Mod,CGWB,5,Uttarakhand,56,UDHAM SINGH NAGAR,Sitarganj,-,-,-,-,-,-,-,-,28.87555600,79.65972200,30-05-2021 08:00,8.45,2190,1423.5,72,159,"",261,"",420,0.14,"","",340,58,47.424,353,"","","","","","","","","","",""
124,Belparao HP,CGWB,5,Uttarakhand,51,Nainital,Ramnagar,Ramnagar,Belparao,-,-,-,-,-,-,29.31138889,79.21000000,30-05-2022 10:00,7.67,697,"",0,378,"",7.1,"",54,0,23,"",360,72,44,10,"","","","","","","","","","",""
125,Beria Daulat,CGWB,5,Uttarakhand,56,UDHAM SINGH NAGAR,Gadarpur,Gadarpur,Beria Daulat,-,-,-,-,-,-,29.12638889,79.24000000,25-05-2001 00:00,8,3047,"","",769,"",425,"",96,"","","",380,20,79,160,"","","","","","","","","","",""
126,Beria Daulat,CGWB,5,Uttarakhand,56,UDHAM SINGH NAGAR,Gadarpur,Gadarpur,Beria Daulat,-,-,-,-,-,-,29.12638889,79.24000000,25-05-2002 00:00,8.2,817,"","",256,209.8,106,"","","","","",240,32,38.94,"","","","","","","","","","","",""
127,Beria Daulat,CGWB,5,Uttarakhand,56,UDHAM SINGH NAGAR,Gadarpur,Gadarpur,Beria Daulat,-,-,-,-,-,-,29.12638889,79.24000000,25-05-2003 00:00,"",3790,"","","","","","","","","","","","","","","","","","","","","","","","",""
128,Beria Daulat,CGWB,5,Uttarakhand,56,UDHAM SINGH NAGAR,Gadarpur,Gadarpur,Beria Daulat,-,-,-,-,-,-,29.12638889,79.24000000,25-05-2004 00:00,8.5,2850,"","",634,519.7,"","","","","","",140,40,9.77,"","","","","","","","","","","",""
129,Beria Daulat,CGWB,5,Uttarakhand,56,UDHAM SINGH NAGAR,Gadarpur,Gadarpur,Beria Daulat,-,-,-,-,-,-,29.12638889,79.24000000,25-05-2014 00:00,7.8,661,"","",293,240.16,50,"",22,"","","",290,36,49,25,"","","","","","","","","","",""
130,Beria Daulat,CGWB,5,Uttarakhand,56,UDHAM SINGH NAGAR,Gadarpur,Gadarpur,Beria Daulat,-,-,-,-,-,-,29.12638889,79.24000000,25-05-2015 00:00,8,1000,"","",378,309.84,85,"",58,"","","",430,68,63,33,"","","","","","","","","","",""
131,Beria Daulat HP,CGWB,5,Uttarakhand,56,UDHAM SINGH NAGAR,Gadarpur,Gadarpur,Beria Daulat,-,-,-,-,-,-,29.12666667,79.23722222,25-05-2004 00:00,8.5,470,"",25,163,175.3,30,"",40,"","","",227,9.2,49.61,14,"","","","","","","","","","",""
132,Beria Daulat HP,CGWB,5,Uttarakhand,56,UDHAM SINGH NAGAR,Gadarpur,Gadarpur,Beria Daulat,-,-,-,-,-,-,29.12666667,79.23722222,25-05-2005 00:00,8.16,428,"","",217,177.9,5,"",47,"","","",211,21,38.56,14,"","","","","","","","","","",""
133,Beria Daulat HP,CGWB,5,Uttarakhand,56,UDHAM SINGH NAGAR,Gadarpur,Gadarpur,Beria Daulat,-,-,-,-,-,-,29.12666667,79.23722222,25-05-2007 00:00,8.5,396,"",12,207,539.7,7.1,"",31,"","","",190,40,21,8.2,"","","","","","","","","","",""
134,Beria Daulat HP,CGWB,5,Uttarakhand,56,UDHAM SINGH NAGAR,Gadarpur,Gadarpur,Beria Daulat,-,-,-,-,-,-,29.12666667,79.23722222,25-05-2008 00:00,8.2,396,"",0,207,169.7,7.1,"",31,"","","",190,42,20.72,8.2,"","","","","","","","","","",""
135,Beria Daulat HP,CGWB,5,Uttarakhand,56,UDHAM SINGH NAGAR,Gadarpur,Gadarpur,Beria Daulat,-,-,-,-,-,-,29.12666667,79.23722222,25-05-2009 00:00,8.43,510,"",24,187,193.3,14,"",85,"","","",248,14,51.8,17,"","","","","","","","","","",""
136,Beria Daulat HP,CGWB,5,Uttarakhand,56,UDHAM SINGH NAGAR,Gadarpur,Gadarpur,Beria Daulat,-,-,-,-,-,-,29.12666667,79.23722222,25-05-2010 00:00,"",445,"","","","",21,"",43,"","","","",34,35,16,"","","","","","","","","","",""
137,Beria Daulat HP,CGWB,5,Uttarakhand,56,UDHAM SINGH NAGAR,Gadarpur,Gadarpur,Beria Daulat,-,-,-,-,-,-,29.12666667,79.23722222,25-05-2011 00:00,8.1,380,"","",220,180.3,7,"",1,"","","",210,16,41.35,11,"","","","","","","","","","",""
138,Beria Daulat HP,CGWB,5,Uttarakhand,56,UDHAM SINGH NAGAR,Gadarpur,Gadarpur,Beria Daulat,-,-,-,-,-,-,29.12666667,79.23722222,25-05-2012 00:00,7.86,483,"","",241,197.5,14,"",43,"","","",227,34,34.57,16,"","","","","","","","","","",""
139,Beria Daulat HP,CGWB,5,Uttarakhand,56,UDHAM SINGH NAGAR,Gadarpur,Gadarpur,Beria Daulat,-,-,-,-,-,-,29.12666667,79.23722222,25-05-2016 00:00,7.92,975,"","",268,"",128,"",90,"",26,"",450,40,85,27,"","","","","","","","","","",""
140,Bhagtola,CGWB,5,Uttarakhand,45,Almora,-,-,-,-,-,-,-,-,-,29.71166700,79.62750000,30-05-2021 08:00,8.21,650,422.5,0,232,"",50,"",45,0.15,"","",260,63,24.928,31,"","","","","","","","","","",""
141,Bhagwanpur HP,CGWB,5,Uttarakhand,56,UDHAM SINGH NAGAR,Gadarpur,Gadarpur,Bhagwanpur,-,-,-,-,-,-,28.98861111,79.34638889,25-05-2005 00:00,7.6,354,"","",217,177.9,7.14,"",7.6,"","","",164,53,7.72,12,"","","","","","","","","","",""
142,Bhagwanpur HP,CGWB,5,Uttarakhand,50,Haridwar,Haridwar,BAHADRABAD,Bhagwanpur,-,-,-,-,-,-,29.94166667,77.81250000,25-05-2007 00:00,8.5,307,"",18,121,129.2,17,"",6.8,"","","",106,23,11.82,23,"","","","","","","","","","",""
143,Bhagwanpur HP,CGWB,5,Uttarakhand,56,UDHAM SINGH NAGAR,Gadarpur,Gadarpur,Bhagwanpur,-,-,-,-,-,-,28.98861111,79.34638889,25-05-2007 00:00,8.1,310,"","",183,150,7.1,"",24,"","","",165,28,23.13,1,"","","","","","","","","","",""
144,Bhagwanpur HP,CGWB,5,Uttarakhand,50,Haridwar,Haridwar,BAHADRABAD,Bhagwanpur,-,-,-,-,-,-,29.94166667,77.81250000,25-05-2008 00:00,8.24,309,"","",213.5,175,5.3,"",0.26,"","","",95,20,10.97,23,"","","","","","","","","","",""
145,Bhagwanpur HP,CGWB,5,Uttarakhand,56,UDHAM SINGH NAGAR,Gadarpur,Gadarpur,Bhagwanpur,-,-,-,-,-,-,28.98861111,79.34638889,25-05-2008 00:00,8.2,237,"","",137,112.3,3.5,"",22,"","","",100,24,9.75,8.8,"","","","","","","","","","",""
146,Bhagwanpur HP,CGWB,5,Uttarakhand,50,Haridwar,Haridwar,BAHADRABAD,Bhagwanpur,-,-,-,-,-,-,29.94166667,77.81250000,25-05-2009 00:00,8.2,470,"",24,48,79.3,80,"",37,"","","",146,21,22.76,38,"","","","","","","","","","",""
147,Bhagwanpur HP,CGWB,5,Uttarakhand,56,UDHAM SINGH NAGAR,Gadarpur,Gadarpur,Bhagwanpur,-,-,-,-,-,-,28.98861111,79.34638889,25-05-2009 00:00,8.2,252,"",6.3,128,115.4,11,"",7.6,"","","",105,16,15.82,10,"","","","","","","","","","",""
148,Bhagwanpur HP,CGWB,5,Uttarakhand,50,Haridwar,Haridwar,BAHADRABAD,Bhagwanpur,-,-,-,-,-,-,29.94166667,77.81250000,25-05-2010 00:00,"",485,"","","","",39,"",4.4,"","","","",25,13,33,"","","","","","","","","","",""
149,Bhagwanpur HP,CGWB,5,Uttarakhand,50,Haridwar,Haridwar,BAHADRABAD,Bhagwanpur,-,-,-,-,-,-,29.94166667,77.81250000,25-05-2012 00:00,7.76,338,"","",149,122.1,35,"",4.4,"","","",106,21,13.03,33,"","","","","","","","","","",""
150,Bhagwanpur HP,CGWB,5,Uttarakhand,56,UDHAM SINGH NAGAR,Gadarpur,Gadarpur,Bhagwanpur,-,-,-,-,-,-,28.98861111,79.34638889,25-05-2012 00:00,8.22,380,"","",174,142.6,14,"",35,"","","",169,27,24.71,13,"","","","","","","","","","",""
151,Bhagwanpur HP,CGWB,5,Uttarakhand,50,Haridwar,Haridwar,BAHADRABAD,Bhagwanpur,-,-,-,-,-,-,29.94166667,77.81250000,25-05-2014 00:00,8.1,812,"","",329,269.67,96,"",37,"","","",350,72,41.3,44,"","","","","","","","","","",""
152,Bhagwanpur HP,CGWB,5,Uttarakhand,56,UDHAM SINGH NAGAR,Gadarpur,Gadarpur,Bhagwanpur,-,-,-,-,-,-,28.98861111,79.34638889,25-05-2014 00:00,8,350,"","",207,169.67,7.1,"",5,"","","",150,32,17,12,"","","","","","","","","","",""
153,Bhagwanpur HP,CGWB,5,Uttarakhand,56,UDHAM SINGH NAGAR,Gadarpur,Gadarpur,Bhagwanpur,-,-,-,-,-,-,28.98861111,79.34638889,25-05-2015 00:00,8,352,"","",183,150,7.1,"",14,"","","",140,52,2,14,"","","","","","","","","","",""
154,Bhagwanpur HP,CGWB,5,Uttarakhand,50,Haridwar,Haridwar,BAHADRABAD,Bhagwanpur,-,-,-,-,-,-,29.94166667,77.81250000,25-05-2016 00:00,7.2,810,"",0,244,"",149,"",27,"",24,"",320,44,17,54.7,"","","","","","","","","","",""
155,Bhagwanpur HP,CGWB,5,Uttarakhand,56,UDHAM SINGH NAGAR,Gadarpur,Gadarpur,Bhagwanpur,-,-,-,-,-,-,28.98861111,79.34638889,25-05-2016 00:00,7.96,530,"","",281,"",21,"",15,"",27,"",240,60,22,12,"","","","","","","","","","",""
156,Bhagwanpur HP,CGWB,5,Uttarakhand,50,Haridwar,Haridwar,BAHADRABAD,Bhagwanpur,-,-,-,-,-,-,29.94166667,77.81250000,30-05-2022 10:00,8.19,667,"",0,342,"",7,"",33,0,21,"",175,40,18,72,"","","","","","","","","","",""
157,Bhaniawala,CGWB,5,Uttarakhand,49,Dehradun,-,-,-,-,-,-,-,-,-,30.17777800,78.13444400,30-05-2021 08:00,7.57,1370,890.5,0,378,"",92,"",230,0.02,"","",260,40,38.912,195,"","","","","","","","","","",""
158,Bharatpur,CGWB,5,Uttarakhand,56,UDHAM SINGH NAGAR,Gadarpur,Gadarpur,Bharatpur,-,-,-,-,-,-,29.25833333,78.92500000,25-05-2006 00:00,8.2,565,"","",281,230.3,43,"",38,"","","",310,72,31.69,15,"","","","","","","","","","",""
159,Bharatpur,CGWB,5,Uttarakhand,56,UDHAM SINGH NAGAR,Gadarpur,Gadarpur,Bharatpur,-,-,-,-,-,-,29.25833333,78.92500000,25-05-2008 00:00,7.9,630,"","",24,19.7,5,"",10,"","","",150,32,17.06,83,"","","","","","","","","","",""
160,Bharatpur,CGWB,5,Uttarakhand,56,UDHAM SINGH NAGAR,Gadarpur,Gadarpur,Bharatpur,-,-,-,-,-,-,29.25833333,78.92500000,25-05-2009 00:00,8.26,453,"","",302,247.5,5,"",0.8,"","","",153,30,19,48,"","","","","","","","","","",""
161,Bharatpur,CGWB,5,Uttarakhand,56,UDHAM SINGH NAGAR,Gadarpur,Gadarpur,Bharatpur,-,-,-,-,-,-,29.25833333,78.92500000,25-05-2010 00:00,8,498,"","",305,250,7.1,"","","","","",132,23,18.14,56,"","","","","","","","","","",""
162,Bharatpur,CGWB,5,Uttarakhand,56,UDHAM SINGH NAGAR,Gadarpur,Gadarpur,Bharatpur,-,-,-,-,-,-,29.25833333,78.92500000,25-05-2011 00:00,8.6,420,"",37,137,174,14,"",58,"","","",147,14,27.25,51,"","","","","","","","","","",""
163,Bharatpur,CGWB,5,Uttarakhand,56,UDHAM SINGH NAGAR,Gadarpur,Gadarpur,Bharatpur,-,-,-,-,-,-,29.25833333,78.92500000,25-05-2012 00:00,"",419,"","","","",7.1,"",0,"","","","",13,20,50,"","","","","","","","","","",""
164,Bharatpur,CGWB,5,Uttarakhand,56,UDHAM SINGH NAGAR,Gadarpur,Gadarpur,Bharatpur,-,-,-,-,-,-,29.25833333,78.92500000,25-05-2013 00:00,8.65,405,"",28,189,201.6,8.9,"","","","","",115,13,20.07,50,"","","","","","","","","","",""
165,Bharatpur,CGWB,5,Uttarakhand,56,UDHAM SINGH NAGAR,Gadarpur,Gadarpur,Bharatpur,-,-,-,-,-,-,29.25833333,78.92500000,25-05-2014 00:00,8.27,570,"","",342,280.33,7.1,"",4.2,"","","",120,24,15,17,"","","","","","","","","","",""
166,Bharatpur,CGWB,5,Uttarakhand,56,UDHAM SINGH NAGAR,Gadarpur,Gadarpur,Bharatpur,-,-,-,-,-,-,29.25833333,78.92500000,25-05-2015 00:00,8,550,"","",317,259.84,7.1,"",5,"","","",130,32,12,74,"","","","","","","","","","",""
167,Bharatpur,CGWB,5,Uttarakhand,56,UDHAM SINGH NAGAR,Gadarpur,Gadarpur,Bharatpur,-,-,-,-,-,-,29.25833333,78.92500000,25-05-2016 00:00,8.42,630,"","",281,"",21,"",6.7,"",18,"",200,44,22,62,"","","","","","","","","","",""
168,Bhatta Gaon,CGWB,5,Uttarakhand,49,Dehradun,Rishikesh,-,-,-,-,-,-,-,-,30.43583333,78.08500000,25-05-2006 00:00,7.8,325,"",12,159,148.7,14,"",14,"","","",140,8,29,16,"","","","","","","","","","",""
169,Bhatta Gaon,CGWB,5,Uttarakhand,49,Dehradun,Rishikesh,-,-,-,-,-,-,-,-,30.43583333,78.08500000,25-05-2016 00:00,7.9,501,"",0,244,"",21,"",50,"",5.4,"",265,44,37,3.4,"","","","","","","","","","",""
170,Bhatta Gaon,CGWB,5,Uttarakhand,49,Dehradun,Rishikesh,-,-,-,-,-,-,-,-,30.43583333,78.08500000,25-05-2018 00:00,8.18,405,0,0,177,0,11,"",62,"",9.8,"",210,28,34,2.2,"",0,0,"","","","","","","",""
171,Bhatta Gaon,CGWB,5,Uttarakhand,49,Dehradun,Rishikesh,-,-,-,-,-,-,-,-,30.43583333,78.08500000,30-05-2022 10:00,7.99,608,"",0,262,"",18,"",70,0,8,"",300,106,8.4,9,"","","","","","","","","","",""
172,Bhikkampur,CGWB,5,Uttarakhand,50,Haridwar,Laksar,-,-,-,-,-,-,-,-,29.75000000,78.14166700,30-05-2019 08:00,7.81,730,"",0,326.96,"",42.54,"","","",6.45,"",213,71.6,8.16,57.11,"","","","","","","","","","",""
173,Bhikkampur,CGWB,5,Uttarakhand,50,Haridwar,Laksar,-,-,-,-,-,-,-,-,29.75000000,78.14166700,30-05-2020 08:00,7.81,730,"","",326.96,"",42.54,"","","",6.45,"","",71.6,8.16,57.11,"","","","","","","","","","",""
174,Bhikkampur,CGWB,5,Uttarakhand,50,Haridwar,Laksar,-,-,-,-,-,-,-,-,29.75000000,78.14166700,30-05-2021 08:00,8.05,2100,1365,0,525,"",183,"",284,0.05,"","",780,118,117.952,107,"","","","","","","","","","",""
175,Bhopalpani (Badawali),CGWB,5,Uttarakhand,49,Dehradun,-,-,-,-,-,-,-,-,-,30.25700200,78.15038500,30-05-2021 08:00,7.52,3200,2080,0,305,"",346,"",740,0.05,"","",920,110,156.864,294,"","","","","","","","","","",""
176,Bichai,CGWB,5,Uttarakhand,48,Champawat,-,-,-,-,-,-,-,-,-,29.04083300,80.09416700,30-05-2019 08:00,7.79,481,"",0,276.94,"",7.09,"","","",10,"",225,52.4,22.56,6.21,"","","","","","","","","","",""
177,Bichai,CGWB,5,Uttarakhand,48,Champawat,-,-,-,-,-,-,-,-,-,29.04083300,80.09416700,30-05-2020 08:00,7.79,481,"","",276.94,"",7.09,"","","",10,"","",52.4,22.56,6.21,"","","","","","","","","","",""
178,Bichai,CGWB,5,Uttarakhand,48,Champawat,-,-,-,-,-,-,-,-,-,29.04083300,80.09416700,30-05-2021 08:00,8.22,881,572.65,0,475.8,"",42.54,"",66,0.01,"","",120,20,17.024,195,"","","","","","","","","","",""
179,Budhwa Shahid,CGWB,5,Uttarakhand,50,Haridwar,Haridwar,BAHADRABAD,Budhwa Shahid,-,-,-,-,-,-,30.08638889,77.88138889,25-05-2005 00:00,8.2,620,"","",171,140.2,43,"",24,"","","",180,28,26.78,26,"","","","","","","","","","",""
180,Budhwa Shahid,CGWB,5,Uttarakhand,50,Haridwar,Haridwar,BAHADRABAD,Budhwa Shahid,-,-,-,-,-,-,30.08638889,77.88138889,25-05-2007 00:00,8.02,710,"","",427,350,14,"","","","","",345,112,15.94,"","","","","","","","","","","",""
181,Budhwa Shahid,CGWB,5,Uttarakhand,50,Haridwar,Haridwar,BAHADRABAD,Budhwa Shahid,-,-,-,-,-,-,30.08638889,77.88138889,25-05-2008 00:00,8.28,640,"","",369,302.5,8.2,"",10,"","","",311,104,12.53,9.9,"","","","","","","","","","",""
182,Budhwa Shahid,CGWB,5,Uttarakhand,50,Haridwar,Haridwar,BAHADRABAD,Budhwa Shahid,-,-,-,-,-,-,30.08638889,77.88138889,25-05-2011 00:00,"",940,"","","","",43,"","","","","","","","","","","","","","","","","","","",""
183,Budhwa Shahid,CGWB,5,Uttarakhand,50,Haridwar,Haridwar,BAHADRABAD,Budhwa Shahid,-,-,-,-,-,-,30.08638889,77.88138889,25-05-2013 00:00,6.6,800,"","","","","","","","","","","","","","","","","","","","","","","","",""
184,Budhwa Shahid,CGWB,5,Uttarakhand,50,Haridwar,Haridwar,BAHADRABAD,Budhwa Shahid,-,-,-,-,-,-,30.08638889,77.88138889,25-05-2014 00:00,8,505,"","",305,250,7.1,"",7.1,"","","",260,72,19.5,8.5,"","","","","","","","","","",""
185,Budhwa Shahid,CGWB,5,Uttarakhand,50,Haridwar,Haridwar,BAHADRABAD,Budhwa Shahid,-,-,-,-,-,-,30.08638889,77.88138889,25-05-2016 00:00,7.7,420,"",0,220,"",14,"",4.1,"",15,"",200,60,14,8.14,"","","","","","","","","","",""
186,Budhwa Shahid,CGWB,5,Uttarakhand,50,Haridwar,Haridwar,BAHADRABAD,Budhwa Shahid,-,-,-,-,-,-,30.08638889,77.88138889,30-05-2021 08:00,7.67,2060,1339,0,647,"",234,"",220,0.01,"","",510,70,81.472,274,"","","","","","","","","","",""
187,Budhwa Shahid,CGWB,5,Uttarakhand,50,Haridwar,Haridwar,BAHADRABAD,Budhwa Shahid,-,-,-,-,-,-,30.08638889,77.88138889,30-05-2022 10:00,8.03,889,"",0,476,"",18,"",5.8,0.34,17,"",395,132,16,19,"","","","","","","","","","",""
188,Bugawala HP,CGWB,5,Uttarakhand,50,Haridwar,Haridwar,BAHADRABAD,Bugawala,-,-,-,-,-,-,30.08333333,77.90222222,25-05-2007 00:00,7.9,305,"","",108,88.5,15,"",10,"","","",149,28,19.24,8,"","","","","","","","","","",""
189,Bugawala HP,CGWB,5,Uttarakhand,50,Haridwar,Haridwar,BAHADRABAD,Bugawala,-,-,-,-,-,-,30.08333333,77.90222222,25-05-2009 00:00,"",450,"","","","",18,"",10,"","","","",58,19,8,"","","","","","","","","","",""
190,Bugawala HP,CGWB,5,Uttarakhand,50,Haridwar,Haridwar,BAHADRABAD,Bugawala,-,-,-,-,-,-,30.08333333,77.90222222,25-05-2010 00:00,7.81,545,"","",286.7,235,18,"",7.6,"","","",275,86,14.69,7.4,"","","","","","","","","","",""
191,Bugawala HP,CGWB,5,Uttarakhand,50,Haridwar,Haridwar,BAHADRABAD,Bugawala,-,-,-,-,-,-,30.08333333,77.90222222,25-05-2011 00:00,8.04,293,"","",84,68.9,21,"",18,"","","",133,25,17.17,7.1,"","","","","","","","","","",""
192,Bugawala HP,CGWB,5,Uttarakhand,50,Haridwar,Haridwar,BAHADRABAD,Bugawala,-,-,-,-,-,-,30.08333333,77.90222222,25-05-2012 00:00,6.6,700,"","",84,"",21,"",18,"","","",133,25,17,7.1,"","","","","","","","","","",""
193,Bugawala HP,CGWB,5,Uttarakhand,50,Haridwar,Haridwar,BAHADRABAD,Bugawala,-,-,-,-,-,-,30.08333333,77.90222222,25-05-2013 00:00,7.7,290,"","",106,86.9,12,"",7.6,"","","",127,30,12.68,7.4,"","","","","","","","","","",""
194,Bugawala HP,CGWB,5,Uttarakhand,50,Haridwar,Haridwar,BAHADRABAD,Bugawala,-,-,-,-,-,-,30.08333333,77.90222222,25-05-2016 00:00,7.7,388,"",0,195,"",14,"",5.4,"",17,"",180,44,19,9.8,"","","","","","","","","","",""
195,Bugawala HP,CGWB,5,Uttarakhand,50,Haridwar,Haridwar,BAHADRABAD,Bugawala,-,-,-,-,-,-,30.08333333,77.90222222,30-05-2022 10:00,7.69,558,"",0,317,"",7,"",6.2,0,19,"",265,70,22,7.1,"","","","","","","","","","",""
196,Chakarpur,CGWB,5,Uttarakhand,56,UDHAM SINGH NAGAR,Jaspur,Jaspur,Chakarpur,-,-,-,-,-,-,28.97138889,80.02416667,25-05-2005 00:00,7.9,540,"","",61,50,156,"",24,"","","",190,12,38.92,37,"","","","","","","","","","",""
197,Chakarpur,CGWB,5,Uttarakhand,56,UDHAM SINGH NAGAR,Jaspur,Jaspur,Chakarpur,-,-,-,-,-,-,28.97138889,80.02416667,25-05-2006 00:00,8.1,197,"","",122,100,7.1,"",22,"","","",100,16,14.61,6.8,"","","","","","","","","","",""
198,Chakarpur,CGWB,5,Uttarakhand,56,UDHAM SINGH NAGAR,Jaspur,Jaspur,Chakarpur,-,-,-,-,-,-,28.97138889,80.02416667,25-05-2007 00:00,7.9,240,"","",157,128.7,1.8,"",2,"","","",122,27,13.28,7.2,"","","","","","","","","","",""
199,Chakarpur,CGWB,5,Uttarakhand,56,UDHAM SINGH NAGAR,Jaspur,Jaspur,Chakarpur,-,-,-,-,-,-,28.97138889,80.02416667,25-05-2008 00:00,7.57,246,"","",152,124.6,3.5,"",2,"","","",111,34,6.36,6.9,"","","","","","","","","","",""
200,Chakarpur,CGWB,5,Uttarakhand,56,UDHAM SINGH NAGAR,Jaspur,Jaspur,Chakarpur,-,-,-,-,-,-,28.97138889,80.02416667,25-05-2009 00:00,8.12,216,"","",128,104.9,18,"",5,"","","",117,20,16.31,7.9,"","","","","","","","","","",""
201,Chakarpur,CGWB,5,Uttarakhand,56,UDHAM SINGH NAGAR,Jaspur,Jaspur,Chakarpur,-,-,-,-,-,-,28.97138889,80.02416667,25-05-2012 00:00,8.19,250,"","",149,122.1,7.1,"",6,"","","",124,27,13.77,7.4,"","","","","","","","","","",""
202,Chakarpur,CGWB,5,Uttarakhand,56,UDHAM SINGH NAGAR,Jaspur,Jaspur,Chakarpur,-,-,-,-,-,-,28.97138889,80.02416667,25-05-2014 00:00,7.7,399,"","",220,180.33,7.1,"","","","","",160,56,4.9,9.3,"","","","","","","","","","",""
203,Chakarpur,CGWB,5,Uttarakhand,56,UDHAM SINGH NAGAR,Jaspur,Jaspur,Chakarpur,-,-,-,-,-,-,28.97138889,80.02416667,25-05-2016 00:00,7.75,430,"","",220,"",28,"","","",21,"",200,48,19,9,"","","","","","","","","","",""
204,Chakarpur,CGWB,5,Uttarakhand,56,UDHAM SINGH NAGAR,Jaspur,Jaspur,Chakarpur,-,-,-,-,-,-,28.97138889,80.02416667,30-05-2021 08:00,8.24,1230,799.5,0,268,"",163,"",148,0,"","",340,44,55.936,122,"","","","","","","","","","",""
205,Chandmari,CGWB,5,Uttarakhand,49,Dehradun,-,-,-,-,-,-,-,-,-,30.17361100,78.11361100,30-05-2021 08:00,7.38,820,533,0,317,"",43,"",74,1.76,"","",260,72,19.456,70,"","","","","","","","","","",""
206,Chhani Bartola,CGWB,5,Uttarakhand,45,Almora,-,-,-,-,-,-,-,-,-,29.83277800,79.60250000,30-05-2019 08:00,7.2,85,"",0,45.75,"",3.545,"","","",4,"",36.5,14,0.36,2.29,"","","","","","","","","","",""
207,Chhani Bartola,CGWB,5,Uttarakhand,45,Almora,-,-,-,-,-,-,-,-,-,29.83277800,79.60250000,30-05-2020 08:00,7.2,85,"","",45.75,"",3.545,"","","",4,"","",14,0.36,2.29,"","","","","","","","","","",""
208,Chhani Bartola,CGWB,5,Uttarakhand,45,Almora,-,-,-,-,-,-,-,-,-,29.83277800,79.60250000,30-05-2021 08:00,8.4,1120,728,84,268,"",52,"",125,0.96,"","",185,42,19.456,175,"","","","","","","","","","",""
209,Chhorba,CGWB,5,Uttarakhand,49,Dehradun,Dehradun,RAIPUR,Chhorba,-,-,-,-,-,-,30.41944444,77.82611111,25-05-2004 00:00,7.9,180,"","",98,80.3,7,"","","","","",60,8,10,"","","","","","","","","","","",""
210,Chhorba,CGWB,5,Uttarakhand,49,Dehradun,Dehradun,RAIPUR,Chhorba,-,-,-,-,-,-,30.41944444,77.82611111,25-05-2005 00:00,8.1,224,"","",85,69.7,14,"",4.8,"","","",80,20,7.32,7.7,"","","","","","","","","","",""
211,Chhorba,CGWB,5,Uttarakhand,49,Dehradun,Dehradun,RAIPUR,Chhorba,-,-,-,-,-,-,30.41944444,77.82611111,25-05-2006 00:00,7.8,125,"","",55,45.1,14,"",0,"","","",50,8,7.3,6,"",8.58,"","","","","","","","",""
212,Chhorba,CGWB,5,Uttarakhand,49,Dehradun,Dehradun,RAIPUR,Chhorba,-,-,-,-,-,-,30.41944444,77.82611111,25-05-2008 00:00,8.54,179,"",18,73,89.8,6.7,"",4.4,"","","",85,25,5.5,7.2,"","","","","","","","","","",""
213,Chhorba,CGWB,5,Uttarakhand,49,Dehradun,Dehradun,RAIPUR,Chhorba,-,-,-,-,-,-,30.41944444,77.82611111,25-05-2009 00:00,7.2,110,"","",51,41.8,15,"",2,"","","",45,15,1.84,9,"","","","","","","","","","",""
214,Chhorba,CGWB,5,Uttarakhand,49,Dehradun,Dehradun,RAIPUR,Chhorba,-,-,-,-,-,-,30.41944444,77.82611111,25-05-2010 00:00,6.98,155,"","",56,45.9,3.5,"",2.8,"","","",37,14.8,0.02,9.4,"","","","","","","","","","",""
215,Chhorba,CGWB,5,Uttarakhand,49,Dehradun,Dehradun,RAIPUR,Chhorba,-,-,-,-,-,-,30.41944444,77.82611111,25-05-2011 00:00,"",105,"","","","",7.1,"","","","","","","","","","","","","","","","","","","",""
216,Chhorba,CGWB,5,Uttarakhand,49,Dehradun,Dehradun,RAIPUR,Chhorba,-,-,-,-,-,-,30.41944444,77.82611111,25-05-2012 00:00,8.16,72,"","",30,24.6,17,"",0,"","","",27,9.2,0.98,11,"","","","","","","","","","",""
217,Chhorba,CGWB,5,Uttarakhand,49,Dehradun,Dehradun,RAIPUR,Chhorba,-,-,-,-,-,-,30.41944444,77.82611111,25-05-2013 00:00,8.04,164,"","",85,"",14,"",5.3,"","","",80,12,12,9.2,"","","","","","","","","","",""
218,Chhorba,CGWB,5,Uttarakhand,49,Dehradun,Dehradun,RAIPUR,Chhorba,-,-,-,-,-,-,30.41944444,77.82611111,25-05-2014 00:00,8.18,170,"","",73,59.84,14,"",2.4,"","","",50,12,4.9,13,"","","","","","","","","","",""
219,Chhorba,CGWB,5,Uttarakhand,49,Dehradun,Dehradun,RAIPUR,Chhorba,-,-,-,-,-,-,30.41944444,77.82611111,25-05-2015 00:00,8,430,"","",159,130.33,11,"",54,"","","",190,32,26,18,"","","","","","","","","","",""
220,Chhorba,CGWB,5,Uttarakhand,49,Dehradun,Dehradun,RAIPUR,Chhorba,-,-,-,-,-,-,30.41944444,77.82611111,25-05-2016 00:00,7,122,"",0,61,"",7.1,"",4.4,"",35,"",60,12,7.2,3.3,"","","","","","","","","","",""
221,Chhorba,CGWB,5,Uttarakhand,49,Dehradun,Dehradun,RAIPUR,Chhorba,-,-,-,-,-,-,30.41944444,77.82611111,30-05-2019 08:00,7.23,106,"",0,45.75,"",7.09,"","","",8.12,"",28,9.6,0.96,11.23,"","","","","","","","","","",""
222,Chhorba,CGWB,5,Uttarakhand,49,Dehradun,Dehradun,RAIPUR,Chhorba,-,-,-,-,-,-,30.41944444,77.82611111,30-05-2020 08:00,7.23,106,"","",45.75,"",7.09,"","","",8.12,"","",9.6,0.96,11.23,"","","","","","","","","","",""
223,Chhorba,CGWB,5,Uttarakhand,49,Dehradun,Dehradun,RAIPUR,Chhorba,-,-,-,-,-,-,30.41944444,77.82611111,30-05-2021 08:00,8.18,620,403,0,281,"",57,"",11,0.01,"","",220,48,24.32,58,"","","","","","","","","","",""
224,Chhorba,CGWB,5,Uttarakhand,49,Dehradun,Dehradun,RAIPUR,Chhorba,-,-,-,-,-,-,30.41944444,77.82611111,30-05-2022 10:00,7.61,133,"",0,61,"",7,"",5.9,0,35,"",40,12,2.4,15,"","","","","","","","","","",""
225,Chilkiya,CGWB,5,Uttarakhand,51,Nainital,Ramnagar,-,-,-,-,-,-,-,-,29.36638900,79.09805600,30-05-2019 08:00,7.78,363,"",0,171.41,"",14.18,"","","",5.45,"",125,48,1.2,25.32,"","","","","","","","","","",""
226,Chilkiya,CGWB,5,Uttarakhand,51,Nainital,Ramnagar,-,-,-,-,-,-,-,-,29.36638900,79.09805600,30-05-2020 08:00,7.78,363,"","",171.41,"",14.18,"","","",5.45,"","",48,1.2,25.32,"","","","","","","","","","",""
227,Chilkiya,CGWB,5,Uttarakhand,51,Nainital,Ramnagar,-,-,-,-,-,-,-,-,29.36638900,79.09805600,30-05-2021 08:00,7.6,1470,955.5,0,165,"",346,"",63,0.06,"","",160,38,15.808,255,"","","","","","","","","","",""
228,Chinyalisaur,CGWB,5,Uttarakhand,57,Uttarkashi,-,-,-,-,-,-,-,-,-,30.57388900,78.32861100,30-05-2021 08:00,8.4,1150,747.5,36,293,"",102,"",105,0.37,"","",255,54,29.184,152,"","","","","","","","","","",""
229,Chinyalisaur,CGWB,5,Uttarakhand,57,Uttarkashi,-,-,-,-,-,-,-,-,-,30.57388900,78.32861100,30-05-2022 10:00,7.66,601,"",0,281,"",21,"",21,0,18,"",260,66,23,20,"","","","","","","","","","",""
230,Chudiala Piezometer,CGWB,5,Uttarakhand,50,Haridwar,Haridwar,BAHADRABAD,Chudiala,-,-,-,-,-,-,29.90722222,77.75805556,25-05-2007 00:00,6.9,400,"","",225.7,"",5.3,"","","","","",180,18,33,"","","","","","","","","","","",""
231,Chudiala Piezometer,CGWB,5,Uttarakhand,50,Haridwar,Haridwar,BAHADRABAD,Chudiala,-,-,-,-,-,-,29.90722222,77.75805556,25-05-2009 00:00,8.18,304,"","",225.7,185,5.3,"","","","","",180,18,32.84,22,"","","","","","","","","","",""
232,Chudiala Piezometer,CGWB,5,Uttarakhand,50,Haridwar,Haridwar,BAHADRABAD,Chudiala,-,-,-,-,-,-,29.90722222,77.75805556,25-05-2010 00:00,7.95,335,"","",196,160.7,15,"","","","","",136,15,23.97,22,"","","","","","","","","","",""
233,Chudiala Piezometer,CGWB,5,Uttarakhand,50,Haridwar,Haridwar,BAHADRABAD,Chudiala,-,-,-,-,-,-,29.90722222,77.75805556,25-05-2011 00:00,7.91,305,"","",198,162.3,1.8,"","","","","",116,21,15.46,23,"","","","","","","","","","",""
234,Chudiala Piezometer,CGWB,5,Uttarakhand,50,Haridwar,Haridwar,BAHADRABAD,Chudiala,-,-,-,-,-,-,29.90722222,77.75805556,25-05-2012 00:00,"",385,"","","","",7.1,"",27,"","","","",8.3,23,21,"","","","","","","","","","",""
235,Chudiala Piezometer,CGWB,5,Uttarakhand,50,Haridwar,Haridwar,BAHADRABAD,Chudiala,-,-,-,-,-,-,29.90722222,77.75805556,25-05-2016 00:00,7.7,520,"",0,232,"",57,"",11,"",29,"",190,40,17,43.3,"","","","","","","","","","",""
236,Chudiala Piezometer,CGWB,5,Uttarakhand,50,Haridwar,Haridwar,BAHADRABAD,Chudiala,-,-,-,-,-,-,29.90722222,77.75805556,30-05-2022 10:00,8.14,565,"",0,268,"",21,"",24,0,23,"",210,42,25,32,"","","","","","","","","","",""
237,Dakpatthar,CGWB,5,Uttarakhand,49,Dehradun,-,-,-,-,-,-,-,-,-,30.49611100,77.79250000,30-05-2021 08:00,7.64,1240,806,0,268,"",197,"",25,0.39,"","",440,90,52.288,65,"","","","","","","","","","",""
238,Dallawala,CGWB,5,Uttarakhand,50,Haridwar,-,-,-,-,-,-,-,-,-,29.56666700,78.02500000,30-05-2021 08:00,8.32,4730,3074.5,72,488,"",638,"",825,0,"","",1300,200,194.56,488,"","","","","","","","","","",""
239,Dalupuri,CGWB,5,Uttarakhand,50,Haridwar,-,-,-,-,-,-,-,-,-,29.76000000,78.10583300,30-05-2021 08:00,8.45,1050,682.5,36,134,"",91,"",180,0.06,"","",150,38,13.376,162,"","","","","","","","","","",""
240,Deepakot,CGWB,5,Uttarakhand,45,Almora,-,-,-,-,-,-,-,-,-,29.84277800,79.29722200,30-05-2021 08:00,7.76,630,409.5,0,305,"",49.63,"",21,0.01,"","",250,56,26.752,43,"","","","","","","","","","",""
241,Devidhar,CGWB,5,Uttarakhand,57,Uttarkashi,-,-,-,-,-,-,-,-,-,30.68444400,78.34944400,30-05-2021 08:00,8.32,2060,1339,12,305,"",432.49,"",185,0.3,"","",430,44,77.824,300,"","","","","","","","","","",""
242,Devidhar,CGWB,5,Uttarakhand,57,Uttarkashi,-,-,-,-,-,-,-,-,-,30.68444400,78.34944400,30-05-2022 10:00,7.73,270,"",0,146,"",4,"",11,0,16,"",115,24,13,10,"","","","","","","","","","",""
243,Dhakrani,CGWB,5,Uttarakhand,49,Dehradun,-,-,-,-,-,-,-,-,-,30.44000000,77.70277800,30-05-2021 08:00,7.78,650,422.5,0,134,"",64,"",128,0,"","",90,12,14.592,120,"","","","","","","","","","",""
244,Dhalnagaon,CGWB,5,Uttarakhand,45,Almora,-,-,-,-,-,-,-,-,-,29.93222200,79.34861100,30-05-2019 08:00,7.65,548,"",0,128.71,"",85.08,"","","",11,"",161,62,1.44,47.41,"","","","","","","","","","",""
245,Dhalnagaon,CGWB,5,Uttarakhand,45,Almora,-,-,-,-,-,-,-,-,-,29.93222200,79.34861100,30-05-2020 08:00,7.65,548,"","",128.71,"",85.08,"","","",11,"","",62,1.44,47.41,"","","","","","","","","","",""
246,Dhalnagaon,CGWB,5,Uttarakhand,45,Almora,-,-,-,-,-,-,-,-,-,29.93222200,79.34861100,30-05-2021 08:00,7.74,650,422.5,0,390.4,"",21.27,"",30,0.2,"","",290,52,38.912,43,"","","","","","","","","","",""
247,Dhanauri Patti HP,CGWB,5,Uttarakhand,56,UDHAM SINGH NAGAR,Gadarpur,Gadarpur,Dhanauri Farm,-,-,-,-,-,-,29.27083333,79.01583333,25-05-2005 00:00,8.2,377,"","",238,195.1,7.1,"",43,"","","",150,12,29.19,8.9,"","","","","","","","","","",""
248,Dhanauri Patti HP,CGWB,5,Uttarakhand,56,UDHAM SINGH NAGAR,Gadarpur,Gadarpur,Dhanauri Farm,-,-,-,-,-,-,29.27083333,79.01583333,25-05-2007 00:00,8.2,519,"",37,162,194.5,14,"",43,"","","",192,14,38.19,52,"","","","","","","","","","",""
249,Dhanauri Patti HP,CGWB,5,Uttarakhand,56,UDHAM SINGH NAGAR,Gadarpur,Gadarpur,Dhanauri Farm,-,-,-,-,-,-,29.27083333,79.01583333,25-05-2009 00:00,8.45,273,"",9.5,122,115.8,11,"",25,"","","",105,15,16.43,17,"","","","","","","","","","",""
250,Dhanauri Patti HP,CGWB,5,Uttarakhand,56,UDHAM SINGH NAGAR,Gadarpur,Gadarpur,Dhanauri Farm,-,-,-,-,-,-,29.27083333,79.01583333,25-05-2010 00:00,8.2,540,"","",281,230.3,28,"",48,"","","",260,48,34.1,27,"","","","","","","","","","",""
251,Dhanauri Patti HP,CGWB,5,Uttarakhand,56,UDHAM SINGH NAGAR,Gadarpur,Gadarpur,Dhanauri Farm,-,-,-,-,-,-,29.27083333,79.01583333,25-05-2012 00:00,7.84,670,"","",299,245.1,9.9,"",92,"","","",359,101,26.02,6.5,"","","","","","","","","","",""
252,Dhanauri Patti HP,CGWB,5,Uttarakhand,56,UDHAM SINGH NAGAR,Gadarpur,Gadarpur,Dhanauri Farm,-,-,-,-,-,-,29.27083333,79.01583333,25-05-2014 00:00,8.1,685,"","",256,209.84,85,"",23,"","","",260,52,32,39,"","","","","","","","","","",""
253,Dhanauri Patti HP,CGWB,5,Uttarakhand,56,UDHAM SINGH NAGAR,Gadarpur,Gadarpur,Dhanauri Farm,-,-,-,-,-,-,29.27083333,79.01583333,25-05-2016 00:00,7.85,450,"","",232,"",21,"",14,"",23,"",180,52,12,23,"","","","","","","","","","",""
254,Dhanpura,CGWB,5,Uttarakhand,50,Haridwar,Haridwar,BAHADRABAD,Dhanpura,-,-,-,-,-,-,29.88722222,78.13500000,25-05-2005 00:00,8.1,840,"","",195,159.8,64,"",38,"","","",195,20,35.28,35,"","","","","","","","","","",""
255,Dhanpura,CGWB,5,Uttarakhand,50,Haridwar,Haridwar,BAHADRABAD,Dhanpura,-,-,-,-,-,-,29.88722222,78.13500000,25-05-2006 00:00,8.1,925,"","",451,369.7,36,"",24,"","","",170,24,26.77,35,"","","","","","","","","","",""
256,Dhanpura,CGWB,5,Uttarakhand,50,Haridwar,Haridwar,BAHADRABAD,Dhanpura,-,-,-,-,-,-,29.88722222,78.13500000,25-05-2007 00:00,7.79,1215,"","",457.5,375,89,"","","","","",380,74,47.5,"","","","","","","","","","","",""
257,Dhanpura,CGWB,5,Uttarakhand,50,Haridwar,Haridwar,BAHADRABAD,Dhanpura,-,-,-,-,-,-,29.88722222,78.13500000,25-05-2008 00:00,8.43,568,"",12,133,129,44,"",60,"","","",201,23,34.92,26,"","","","","","","","","","",""
258,Dhanpura,CGWB,5,Uttarakhand,50,Haridwar,Haridwar,BAHADRABAD,Dhanpura,-,-,-,-,-,-,29.88722222,78.13500000,25-05-2009 00:00,7.4,1090,"","",336,275.4,101,"",100,"","","",355,54,53.55,61,"","","","","","","","","","",""
259,Dhanpura,CGWB,5,Uttarakhand,50,Haridwar,Haridwar,BAHADRABAD,Dhanpura,-,-,-,-,-,-,29.88722222,78.13500000,25-05-2010 00:00,7.5,394,"","",149,122.1,21,"",28,"","","",169,15,31.99,15,"","","","","","","","","","",""
260,Dhanpura,CGWB,5,Uttarakhand,50,Haridwar,Haridwar,BAHADRABAD,Dhanpura,-,-,-,-,-,-,29.88722222,78.13500000,25-05-2012 00:00,8.52,755,"",35,60,107.5,69,"",120,"","","",218,21,40.26,36,"","","","","","","","","","",""
261,Dhanpura,CGWB,5,Uttarakhand,50,Haridwar,Haridwar,BAHADRABAD,Dhanpura,-,-,-,-,-,-,29.88722222,78.13500000,25-05-2013 00:00,8.1,662,"","",232,"",21,"",58,"","","",280,40,43,23,"","","","","","","","","","",""
262,Dhanpura,CGWB,5,Uttarakhand,50,Haridwar,Haridwar,BAHADRABAD,Dhanpura,-,-,-,-,-,-,29.88722222,78.13500000,25-05-2014 00:00,8.04,588,"","",256,209.84,28,"",44,"","","",270,52,34,22,"","","","","","","","","","",""
263,Dhanpura,CGWB,5,Uttarakhand,50,Haridwar,Haridwar,BAHADRABAD,Dhanpura,-,-,-,-,-,-,29.88722222,78.13500000,25-05-2016 00:00,8,885,"",0,464,"",7.1,"",35.9,"",18,"",400,112,3.6,21.3,"","","","","","","","","","",""
264,Dhanpura,CGWB,5,Uttarakhand,50,Haridwar,Haridwar,BAHADRABAD,Dhanpura,-,-,-,-,-,-,29.88722222,78.13500000,30-05-2021 08:00,7.63,1750,1137.5,0,219.6,"",404.13,"",137,0.03,"","",440,128,29.184,220,"","","","","","","","","","",""
265,Dhanpura,CGWB,5,Uttarakhand,50,Haridwar,Haridwar,BAHADRABAD,Dhanpura,-,-,-,-,-,-,29.88722222,78.13500000,30-05-2022 10:00,7.59,1104,"",0,397,"",53,"",55,0,24,"",400,92,41,43,"","","","","","","","","","",""
266,Dhansari,CGWB,5,Uttarakhand,45,Almora,-,-,-,-,-,-,-,-,-,29.90861100,79.35444400,30-05-2021 08:00,7.63,400,260,0,134.2,"",35.45,"",48,0.01,"","",190,48,17.024,17,"","","","","","","","","","",""
267,Dharasu_1,CGWB,5,Uttarakhand,57,Uttarkashi,-,-,-,-,-,-,-,-,-,30.60027800,78.31472200,30-05-2022 10:00,7.93,450,"",0,232,"",11,"",9.9,0,16,"",160,48,9.6,23,"","","","","","","","","","",""
268,Dhela HP,CGWB,5,Uttarakhand,51,Nainital,Ramnagar,Ramnagar,Dhela,-,-,-,-,-,-,29.41805556,79.00000000,30-05-2022 10:00,7.55,478,"",0,268,"",7.1,"",15,0,19,"",200,68,7.3,20,"","","","","","","","","","",""
269,Dhoniya HP,CGWB,5,Uttarakhand,51,Nainital,Ramnagar,Ramnagar,Dhoniya,-,-,-,-,-,-,29.38611111,79.28694444,25-05-2016 00:00,7.92,540,"","",195,"",21,"",85,"",10,"",270,40,41,6.2,"","","","","","","","","","",""
270,Dhoniya HP,CGWB,5,Uttarakhand,51,Nainital,Ramnagar,Ramnagar,Dhoniya,-,-,-,-,-,-,29.38611111,79.28694444,30-05-2022 10:00,7.54,664,"",0,293,"",7.1,"",73,0,17,"",330,76,32,7.8,"","","","","","","","","","",""
271,Dhyanpur,CGWB,5,Uttarakhand,56,UDHAM SINGH NAGAR,Sitarganj,-,-,-,-,-,-,-,-,28.99388900,79.77388900,30-05-2019 08:00,7.94,391,"",0,207.4,"",14.18,"","","",9,"",170,52.8,9.12,11.63,"","","","","","","","","","",""
272,Dhyanpur,CGWB,5,Uttarakhand,56,UDHAM SINGH NAGAR,Sitarganj,-,-,-,-,-,-,-,-,28.99388900,79.77388900,30-05-2020 08:00,7.94,391,"","",207.4,"",14.18,"","","",9,"","",52.8,9.12,11.63,"","","","","","","","","","",""
273,Dhyanpur,CGWB,5,Uttarakhand,56,UDHAM SINGH NAGAR,Sitarganj,-,-,-,-,-,-,-,-,28.99388900,79.77388900,30-05-2021 08:00,8.23,1270,825.5,0,317,"",113,"",177,0.04,"","",210,36,29.184,194,"","","","","","","","","","",""
274,Dogaon,CGWB,5,Uttarakhand,51,Nainital,HALDWANI,-,-,-,-,-,-,-,-,29.32861111,79.50555556,25-05-2009 00:00,8.45,195,"",9.4,90,89.4,19,"","","","","",77,15,9.62,17,"","","","","","","","","","",""
275,Dogaon,CGWB,5,Uttarakhand,51,Nainital,HALDWANI,-,-,-,-,-,-,-,-,29.32861111,79.50555556,30-05-2021 08:00,7.23,490,318.5,0,122,"",69,"",44,0.06,"","",190,49,16.416,26,"","","","","","","","","","",""
276,Dogaon,CGWB,5,Uttarakhand,51,Nainital,HALDWANI,-,-,-,-,-,-,-,-,29.32861111,79.50555556,30-05-2022 10:00,7.65,353,"",0,159,"",11,"",21,0,13,"",150,40,12,8.4,"","","","","","","","","","",""
277,Dudhli,CGWB,5,Uttarakhand,49,Dehradun,-,-,-,-,-,-,-,-,-,30.21472200,78.05250000,30-05-2021 08:00,8.2,8340,5421,0,1250,"",1871.76,"",1050,1.55,"","",600,96,87.552,1940,"","","","","","","","","","",""
278,Gangapur HP,CGWB,5,Uttarakhand,56,UDHAM SINGH NAGAR,Gadarpur,Gadarpur,Gangapur,-,-,-,-,-,-,28.98361111,79.45277778,25-05-2002 00:00,8.1,304,"","",195,159.8,7.1,"",9.6,"","","",160,36,17.06,9.6,"","","","","","","","","","",""
279,Gangapur HP,CGWB,5,Uttarakhand,56,UDHAM SINGH NAGAR,Gadarpur,Gadarpur,Gangapur,-,-,-,-,-,-,28.98361111,79.45277778,25-05-2005 00:00,7.8,334,"","",187,153.3,3.2,"",20,"","","",169,44,14.4,8.4,"","","","","","","","","","",""
280,Gangapur HP,CGWB,5,Uttarakhand,56,UDHAM SINGH NAGAR,Gadarpur,Gadarpur,Gangapur,-,-,-,-,-,-,28.98361111,79.45277778,25-05-2008 00:00,8.08,295,"","",149,122.1,14,"",15,"","","",147,23,21.79,9.7,"","","","","","","","","","",""
281,Gangapur HP,CGWB,5,Uttarakhand,56,UDHAM SINGH NAGAR,Gadarpur,Gadarpur,Gangapur,-,-,-,-,-,-,28.98361111,79.45277778,25-05-2009 00:00,8.1,616,"","",256,209.8,43,"",16,"","","",250,52,29.24,9.2,"","","","","","","","","","",""
282,Gangapur HP,CGWB,5,Uttarakhand,56,UDHAM SINGH NAGAR,Gadarpur,Gadarpur,Gangapur,-,-,-,-,-,-,28.98361111,79.45277778,25-05-2010 00:00,"",235,"","","","",7.1,"",16,"","","","",30,10,9.2,"","","","","","","","","","",""
283,Gangapur HP,CGWB,5,Uttarakhand,56,UDHAM SINGH NAGAR,Gadarpur,Gadarpur,Gangapur,-,-,-,-,-,-,28.98361111,79.45277778,25-05-2011 00:00,8.1,227,"","",122,100,3.5,"",8.8,"","","",100,16,14.61,9.1,"","","","","","","","","","",""
284,Gangapur HP,CGWB,5,Uttarakhand,56,UDHAM SINGH NAGAR,Gadarpur,Gadarpur,Gangapur,-,-,-,-,-,-,28.98361111,79.45277778,25-05-2013 00:00,7.66,275,"","",128,104.9,7.1,"",16,"","","",116,30,10,9.2,"","","","","","","","","","",""
285,Gangapur HP,CGWB,5,Uttarakhand,56,UDHAM SINGH NAGAR,Gadarpur,Gadarpur,Gangapur,-,-,-,-,-,-,28.98361111,79.45277778,25-05-2014 00:00,8.2,400,"","",232,190.16,7.1,"",2,"","","",180,48,15,9.2,"","","","","","","","","","",""
286,Gangapur HP,CGWB,5,Uttarakhand,56,UDHAM SINGH NAGAR,Gadarpur,Gadarpur,Gangapur,-,-,-,-,-,-,28.98361111,79.45277778,25-05-2015 00:00,8,460,"","",244,200,7.1,"",16,"","","",200,60,12,11,"","","","","","","","","","",""
287,Gangapur HP,CGWB,5,Uttarakhand,56,UDHAM SINGH NAGAR,Gadarpur,Gadarpur,Gangapur,-,-,-,-,-,-,28.98361111,79.45277778,25-05-2016 00:00,7.87,445,"","",207,"",14,"",30,"",29,"",210,44,24,9,"","","","","","","","","","",""
288,Garampani,CGWB,5,Uttarakhand,51,Nainital,DHARI,-,-,-,-,-,-,-,-,29.48055556,79.48194444,25-05-2009 00:00,8.33,177,"",6.3,109,99.8,1.8,"",0,"","","",92,20,10.24,1.5,"","","","","","","","","","",""
289,Garampani,CGWB,5,Uttarakhand,51,Nainital,DHARI,-,-,-,-,-,-,-,-,29.48055556,79.48194444,25-05-2016 00:00,7.76,198,"","",98,"",14,"","","",11,"",100,20,12,2.5,"","","","","","","","","","",""
290,Garampani,CGWB,5,Uttarakhand,51,Nainital,DHARI,-,-,-,-,-,-,-,-,29.48055556,79.48194444,30-05-2021 08:00,7.52,5830,3789.5,0,597,"",674,"",1223,0,"","",620,112,82.688,1034,"","","","","","","","","","",""
291,Garampani,CGWB,5,Uttarakhand,51,Nainital,DHARI,-,-,-,-,-,-,-,-,29.48055556,79.48194444,30-05-2022 10:00,7.9,196,"",0,110,"",3.5,"",0,0,10,"",90,28,4.9,0,"","","","","","","","","","",""
292,Garjiya,CGWB,5,Uttarakhand,51,Nainital,Ramnagar,Ramnagar,Garjiya,-,-,-,-,-,-,29.48861111,79.14194444,25-05-2016 00:00,7.61,450,"","",220,"",21,"",26,"",13,"",210,52,19,9.2,"","","","","","","","","","",""
293,Garjiya,CGWB,5,Uttarakhand,51,Nainital,Ramnagar,Ramnagar,Garjiya,-,-,-,-,-,-,29.48861111,79.14194444,30-05-2019 08:00,7.98,363,"",0,172.02,"",14.18,"","","",5.49,"",109,38,3.36,32.18,"","","","","","","","","","",""
294,Garjiya,CGWB,5,Uttarakhand,51,Nainital,Ramnagar,Ramnagar,Garjiya,-,-,-,-,-,-,29.48861111,79.14194444,30-05-2020 08:00,7.98,363,"","",172.02,"",14.18,"","","",5.49,"","",38,3.36,32.18,"","","","","","","","","","",""
295,Garjiya,CGWB,5,Uttarakhand,51,Nainital,Ramnagar,Ramnagar,Garjiya,-,-,-,-,-,-,29.48861111,79.14194444,30-05-2022 10:00,7.59,475,"",0,220,"",11,"",22,0,12,"",200,60,12,8,"","","","","","","","","","",""
296,Govardhanpur,CGWB,5,Uttarakhand,50,Haridwar,-,-,-,-,-,-,-,-,-,29.70972200,77.96388900,30-05-2019 08:00,8.05,990,542.03,0,329.4,"",163.3,"","","","","",180,32,24.32,158.75,"","","","","","","","","","",""
297,Govardhanpur,CGWB,5,Uttarakhand,50,Haridwar,-,-,-,-,-,-,-,-,-,29.70972200,77.96388900,30-05-2020 08:00,8.05,990,"","",329.4,"",163.3,"","","","","","",32,24.32,158.75,"","","","","","","","","","",""
298,Gularghagti,CGWB,5,Uttarakhand,49,Dehradun,-,-,-,-,-,-,-,-,-,30.24388900,78.13000000,30-05-2021 08:00,7.97,1200,780,0,561.2,"",92.17,"",40,0.2,"","",350,28,68.096,150,"","","","","","","","","","",""
299,Guruda-I,CGWB,5,Uttarakhand,45,Almora,-,-,-,-,-,-,-,-,-,29.81666700,79.61388900,30-05-2019 08:00,7.38,98,"",0,46.97,"",7.09,"","","",4,"",47,18.8,0,1,"","","","","","","","","","",""
300,Guruda-I,CGWB,5,Uttarakhand,45,Almora,-,-,-,-,-,-,-,-,-,29.81666700,79.61388900,30-05-2020 08:00,7.38,98,"","",46.97,"",7.09,"","","",4,"","",18.8,0,1,"","","","","","","","","","",""
301,Gurukul Narsen,CGWB,5,Uttarakhand,50,Haridwar,-,-,-,-,-,-,-,-,-,29.71333300,77.91111100,30-05-2019 08:00,8.25,307,"",0,123.83,"",7.09,"","","",10.57,"",140,38,10.8,4,"","","","","","","","","","",""
302,Gurukul Narsen,CGWB,5,Uttarakhand,50,Haridwar,-,-,-,-,-,-,-,-,-,29.71333300,77.91111100,30-05-2020 08:00,8.25,307,"","",123.83,"",7.09,"","","",10.57,"","",38,10.8,4,"","","","","","","","","","",""
303,Gurukul Narsen,CGWB,5,Uttarakhand,50,Haridwar,-,-,-,-,-,-,-,-,-,29.71333300,77.91111100,30-05-2021 08:00,8.1,1090,708.5,0,210,"",140,"",110,1.45,"","",310,55,41.952,90,"","","","","","","","","","",""
304,Harbanswala,CGWB,5,Uttarakhand,49,Dehradun,-,-,-,-,-,-,-,-,-,30.32333300,77.99222200,30-05-2019 08:00,7.6,667,"",0,262.3,"",28.36,"","","",9.65,"",312,66.8,34.8,9.24,"","","","","","","","","","",""
305,Harbanswala,CGWB,5,Uttarakhand,49,Dehradun,-,-,-,-,-,-,-,-,-,30.32333300,77.99222200,30-05-2020 08:00,7.6,667,"","",262.3,"",28.36,"","","",9.65,"","",66.8,34.8,9.24,"","","","","","","","","","",""
306,Harbanswala,CGWB,5,Uttarakhand,49,Dehradun,-,-,-,-,-,-,-,-,-,30.32333300,77.99222200,30-05-2021 08:00,8.4,1820,1183,48,680,"",156,"",26,0.1,"","",145,42,9.728,345,"","","","","","","","","","",""
307,Hussainpur,CGWB,5,Uttarakhand,50,Haridwar,Haridwar,BAHADRABAD,Hussainpur,-,-,-,-,-,-,29.77583333,77.99666667,25-05-2005 00:00,8.2,423,"","",195,159.8,7.1,"",14,"","","",140,20,21.91,21,"","","","","","","","","","",""
308,Hussainpur,CGWB,5,Uttarakhand,50,Haridwar,Haridwar,BAHADRABAD,Hussainpur,-,-,-,-,-,-,29.77583333,77.99666667,25-05-2006 00:00,7.8,390,"","",201,164.8,21,"",0,"","","",120,12,21.9,32,"","","","","","","","","","",""
309,Hussainpur,CGWB,5,Uttarakhand,50,Haridwar,Haridwar,BAHADRABAD,Hussainpur,-,-,-,-,-,-,29.77583333,77.99666667,25-05-2007 00:00,8.03,437,"","",317.2,260,7.1,"","","","","",190,44,19.5,"","","","","","","","","","","",""
310,Hussainpur,CGWB,5,Uttarakhand,50,Haridwar,Haridwar,BAHADRABAD,Hussainpur,-,-,-,-,-,-,29.77583333,77.99666667,25-05-2008 00:00,8.64,336,"",18,181,178.4,3.9,"",4,"","","",127,23,16.93,25,"","","","","","","","","","",""
311,Hussainpur,CGWB,5,Uttarakhand,50,Haridwar,Haridwar,BAHADRABAD,Hussainpur,-,-,-,-,-,-,29.77583333,77.99666667,25-05-2009 00:00,8,320,"","",204,167.2,10,"",1,"","","",123,15,20.81,25,"","","","","","","","","","",""
312,Hussainpur,CGWB,5,Uttarakhand,50,Haridwar,Haridwar,BAHADRABAD,Hussainpur,-,-,-,-,-,-,29.77583333,77.99666667,25-05-2010 00:00,7.76,306,"","",204,167.2,3.5,"",1.2,"","","",116,17,17.89,25,"","","","","","","","","","",""
313,Hussainpur,CGWB,5,Uttarakhand,50,Haridwar,Haridwar,BAHADRABAD,Hussainpur,-,-,-,-,-,-,29.77583333,77.99666667,25-05-2011 00:00,"",390,"","","","",11,"","","","","","","","","","","","","","","","","","","",""
314,Hussainpur,CGWB,5,Uttarakhand,50,Haridwar,Haridwar,BAHADRABAD,Hussainpur,-,-,-,-,-,-,29.77583333,77.99666667,25-05-2012 00:00,8.74,385,"",35,120,156.7,10,"",70,"","","",156,17,27.62,39,"","","","","","","","","","",""
315,Hussainpur,CGWB,5,Uttarakhand,50,Haridwar,Haridwar,BAHADRABAD,Hussainpur,-,-,-,-,-,-,29.77583333,77.99666667,25-05-2013 00:00,7.99,399,"","",220,"",7,"",3.9,"","","",140,32,14,23,"","","","","","","","","","",""
316,Hussainpur,CGWB,5,Uttarakhand,50,Haridwar,Haridwar,BAHADRABAD,Hussainpur,-,-,-,-,-,-,29.77583333,77.99666667,25-05-2014 00:00,8.2,465,"","",287,235.25,11,"",4.3,"","","",185,36,23,30,"","","","","","","","","","",""
317,Hussainpur,CGWB,5,Uttarakhand,50,Haridwar,Haridwar,BAHADRABAD,Hussainpur,-,-,-,-,-,-,29.77583333,77.99666667,30-05-2022 10:00,7.71,550,"",0,323,"",7,"",0,0,25,"",230,28,38,23,"","","","","","","","","","",""
318,Imlikhera,CGWB,5,Uttarakhand,50,Haridwar,Roorkee,-,-,-,-,-,-,-,-,29.93472200,77.89444400,30-05-2019 08:00,8.16,505,"",0,276.33,"",14.18,"","","",8.41,"",82,20,7.68,77.44,"","","","","","","","","","",""
319,Imlikhera,CGWB,5,Uttarakhand,50,Haridwar,Roorkee,-,-,-,-,-,-,-,-,29.93472200,77.89444400,30-05-2020 08:00,8.16,505,"","",276.33,"",14.18,"","","",8.41,"","",20,7.68,77.44,"","","","","","","","","","",""
320,Iqbalpur HP,CGWB,5,Uttarakhand,50,Haridwar,Haridwar,BAHADRABAD,Iqbalpur,-,-,-,-,-,-,29.87444444,77.80000000,25-05-2007 00:00,8.15,340,"","",171,140.2,25,"",20,"","","",155,18,26.77,21,"","","","","","","","","","",""
321,Iqbalpur HP,CGWB,5,Uttarakhand,50,Haridwar,Haridwar,BAHADRABAD,Iqbalpur,-,-,-,-,-,-,29.87444444,77.80000000,25-05-2008 00:00,8.11,502,"","",311.1,255,11,"",0,"","","",250,68,19.53,20,"","","","","","","","","","",""
322,Iqbalpur HP,CGWB,5,Uttarakhand,50,Haridwar,Haridwar,BAHADRABAD,Iqbalpur,-,-,-,-,-,-,29.87444444,77.80000000,25-05-2009 00:00,7.96,345,"","",167,136.9,16,"",21,"","","",137,23,19.36,22,"","","","","","","","","","",""
323,Iqbalpur HP,CGWB,5,Uttarakhand,50,Haridwar,Haridwar,BAHADRABAD,Iqbalpur,-,-,-,-,-,-,29.87444444,77.80000000,25-05-2010 00:00,7.96,382,"",18,95,107.9,37,"",37,"","","",146,17,25.18,22,"","","","","","","","","","",""
324,Iqbalpur HP,CGWB,5,Uttarakhand,50,Haridwar,Haridwar,BAHADRABAD,Iqbalpur,-,-,-,-,-,-,29.87444444,77.80000000,25-05-2012 00:00,6.8,800,"",18,95,"",35,"",37,"","","",146,17,25,22,"","","","","","","","","","",""
325,Iqbalpur HP,CGWB,5,Uttarakhand,50,Haridwar,Haridwar,BAHADRABAD,Iqbalpur,-,-,-,-,-,-,29.87444444,77.80000000,25-05-2013 00:00,8.43,356,"",12,157,148.7,11,"",20,"","","",137,23,19.36,20,"","","","","","","","","","",""
326,Iqbalpur HP,CGWB,5,Uttarakhand,50,Haridwar,Haridwar,BAHADRABAD,Iqbalpur,-,-,-,-,-,-,29.87444444,77.80000000,25-05-2014 00:00,7.97,455,"","",262,214.75,18,"",9.1,"","","",200,44,22,20,"","","","","","","","","","",""
327,Iqbalpur HP,CGWB,5,Uttarakhand,50,Haridwar,Haridwar,BAHADRABAD,Iqbalpur,-,-,-,-,-,-,29.87444444,77.80000000,25-05-2016 00:00,7.6,1444,"",0,415,"",206,"",2,"",33,"",520,84,12,85.9,"","","","","","","","","","",""
328,Iqbalpur HP,CGWB,5,Uttarakhand,50,Haridwar,Haridwar,BAHADRABAD,Iqbalpur,-,-,-,-,-,-,29.87444444,77.80000000,30-05-2022 10:00,7.68,1485,"",0,488,"",96,"",158,0,14,"",280,152,76,20,"","","","","","","","","","",""
329,Jaspur,CGWB,5,Uttarakhand,56,UDHAM SINGH NAGAR,Gadarpur,Gadarpur,Jaspur,-,-,-,-,-,-,29.27861111,78.83416667,25-05-2000 00:00,7.8,390,"","",189,"",14,"",30,"","","",120,12,22,39,"","","","","","","","","","",""
330,Jaspur,CGWB,5,Uttarakhand,56,UDHAM SINGH NAGAR,Gadarpur,Gadarpur,Jaspur,-,-,-,-,-,-,29.27861111,78.83416667,25-05-2001 00:00,8,987,"","",268,"",135,"",36,"","","",210,32,31,89,"","","","","","","","","","",""
331,Jaspur,CGWB,5,Uttarakhand,56,UDHAM SINGH NAGAR,Gadarpur,Gadarpur,Jaspur,-,-,-,-,-,-,29.27861111,78.83416667,25-05-2002 00:00,8.1,1247,"","",329,269.7,199,"","","","","",330,72,36.56,"","","","","","","","","","","",""
332,Jaspur,CGWB,5,Uttarakhand,56,UDHAM SINGH NAGAR,Gadarpur,Gadarpur,Jaspur,-,-,-,-,-,-,29.27861111,78.83416667,25-05-2004 00:00,8.2,1380,"","",366,300,170,"","","","","",280,24,54,"","","","","","","","","","","",""
333,Jaspur,CGWB,5,Uttarakhand,56,UDHAM SINGH NAGAR,Gadarpur,Gadarpur,Jaspur,-,-,-,-,-,-,29.27861111,78.83416667,25-05-2005 00:00,8.2,1217,"","",378,309.8,184,"","","","","",430,36,82.71,76,"","","","","","","","","","",""
334,Jaspur,CGWB,5,Uttarakhand,56,UDHAM SINGH NAGAR,Gadarpur,Gadarpur,Jaspur,-,-,-,-,-,-,29.27861111,78.83416667,25-05-2006 00:00,7.9,580,"","",62,50.8,162,"",16,"","","",200,52,17.08,46,"","","","","","","","","","",""
335,Jaspur,CGWB,5,Uttarakhand,56,UDHAM SINGH NAGAR,Gadarpur,Gadarpur,Jaspur,-,-,-,-,-,-,29.27861111,78.83416667,25-05-2007 00:00,7.89,330,"","",146,119.7,53,"",0,"","","",180,28,26.78,12,"","","","","","","","","","",""
336,Jaspur,CGWB,5,Uttarakhand,56,UDHAM SINGH NAGAR,Gadarpur,Gadarpur,Jaspur,-,-,-,-,-,-,29.27861111,78.83416667,25-05-2008 00:00,7.77,272,"","",157,128.7,12,"",4.4,"","","",127,23,16.93,13,"","","","","","","","","","",""
337,Jaspur,CGWB,5,Uttarakhand,56,UDHAM SINGH NAGAR,Gadarpur,Gadarpur,Jaspur,-,-,-,-,-,-,29.27861111,78.83416667,25-05-2009 00:00,7.89,683,"","",417,341.8,7.1,"","","","","",106,30,7.57,114,"","","","","","","","","","",""
338,Jaspur,CGWB,5,Uttarakhand,56,UDHAM SINGH NAGAR,Gadarpur,Gadarpur,Jaspur,-,-,-,-,-,-,29.27861111,78.83416667,25-05-2010 00:00,8.49,350,"",24,137,152.3,14,"",45,"","","",192,45,19.38,14,"","","","","","","","","","",""
339,Jaspur,CGWB,5,Uttarakhand,56,UDHAM SINGH NAGAR,Gadarpur,Gadarpur,Jaspur,-,-,-,-,-,-,29.27861111,78.83416667,25-05-2012 00:00,8.77,623,"",32,352,383,"","",0,"","","",97,16,13.88,116,"","","","","","","","","","",""
340,Jaspur,CGWB,5,Uttarakhand,56,UDHAM SINGH NAGAR,Gadarpur,Gadarpur,Jaspur,-,-,-,-,-,-,29.27861111,78.83416667,25-05-2014 00:00,8.3,650,"","",403,330.33,7.1,"",3.9,"","","",90,20,9.7,113,"","","","","","","","","","",""
341,Jaspur,CGWB,5,Uttarakhand,56,UDHAM SINGH NAGAR,Gadarpur,Gadarpur,Jaspur,-,-,-,-,-,-,29.27861111,78.83416667,25-05-2015 00:00,8,710,"","",366,300,7.1,"",50,"","","",110,20,15,"","","","","","","","","","","",""
342,Jaspur,CGWB,5,Uttarakhand,56,UDHAM SINGH NAGAR,Gadarpur,Gadarpur,Jaspur,-,-,-,-,-,-,29.27861111,78.83416667,25-05-2016 00:00,8.38,770,"","",390,"",21,"","","",16,"",150,24,22,110,"","","","","","","","","","",""
343,Jassodharpur,CGWB,5,Uttarakhand,50,Haridwar,-,-,-,-,-,-,-,-,-,29.77469400,78.42829700,30-05-2021 08:00,8.28,1440,936,0,420,"",90,"",212,0.07,"","",460,34,91.2,114,"","","","","","","","","","",""
344,Jaswawala,CGWB,5,Uttarakhand,50,Haridwar,-,-,-,-,-,-,-,-,-,29.96111100,77.95777800,30-05-2019 08:00,8.01,598,"",0,337.33,"",14.18,"","","",9.33,"",200,38,25.2,44.38,"","","","","","","","","","",""
345,Jaswawala,CGWB,5,Uttarakhand,50,Haridwar,-,-,-,-,-,-,-,-,-,29.96111100,77.95777800,30-05-2020 08:00,8.01,598,"","",337.33,"",14.18,"","","",9.33,"","",38,25.2,44.38,"","","","","","","","","","",""
346,Jaswawala,CGWB,5,Uttarakhand,50,Haridwar,-,-,-,-,-,-,-,-,-,29.96111100,77.95777800,30-05-2021 08:00,7.4,2495,1621.75,0,452,"",468,"",212,0.01,"","",900,256,63.232,161,"","","","","","","","","","",""
347,Jhabreda HP,CGWB,5,Uttarakhand,50,Haridwar,Haridwar,BAHADRABAD,Jhabreda,-,-,-,-,-,-,29.80750000,77.77583333,25-05-2007 00:00,7.81,333,"",18,151,153.8,16,"",5.2,"","","",143,17,24.46,15,"","","","","","","","","","",""
348,Jhabreda HP,CGWB,5,Uttarakhand,50,Haridwar,Haridwar,BAHADRABAD,Jhabreda,-,-,-,-,-,-,29.80750000,77.77583333,25-05-2008 00:00,7.81,1257,"",18,311.1,255,16,"",0,"","","",465,114,43.9,15,"","","","","","","","","","",""
349,Jhabreda HP,CGWB,5,Uttarakhand,50,Haridwar,Haridwar,BAHADRABAD,Jhabreda,-,-,-,-,-,-,29.80750000,77.77583333,25-05-2009 00:00,7.74,663,"","",204,167.2,105,"",25,"","","",222,36,32.14,54,"","","","","","","","","","",""
350,Jhabreda HP,CGWB,5,Uttarakhand,50,Haridwar,Haridwar,BAHADRABAD,Jhabreda,-,-,-,-,-,-,29.80750000,77.77583333,25-05-2010 00:00,"",865,"","","","",113,"",25,"","","","",36,32,54,"","","","","","","","","","",""
351,Jhabreda HP,CGWB,5,Uttarakhand,50,Haridwar,Haridwar,BAHADRABAD,Jhabreda,-,-,-,-,-,-,29.80750000,77.77583333,25-05-2011 00:00,8.76,280,"",18,90,103.8,10,"",42,"","","",125,17,20.08,15,"","","","","","","","","","",""
352,Jhabreda HP,CGWB,5,Uttarakhand,50,Haridwar,Haridwar,BAHADRABAD,Jhabreda,-,-,-,-,-,-,29.80750000,77.77583333,25-05-2012 00:00,6.5,1100,"","",90,"",10,"",42,"","","",125,17,20,15,"","","","","","","","","","",""
353,Jhabreda HP,CGWB,5,Uttarakhand,50,Haridwar,Haridwar,BAHADRABAD,Jhabreda,-,-,-,-,-,-,29.80750000,77.77583333,25-05-2014 00:00,7.75,950,"","",354,290.16,78,"",80,"","","",360,68,46,70,"","","","","","","","","","",""
354,Jhabreda HP,CGWB,5,Uttarakhand,50,Haridwar,Haridwar,BAHADRABAD,Jhabreda,-,-,-,-,-,-,29.80750000,77.77583333,25-05-2016 00:00,7.3,540,"",0,110,"",106,"",19,"",7.4,"",120,16,7.2,62,"","","","","","","","","","",""
355,Jhabreda HP,CGWB,5,Uttarakhand,50,Haridwar,Haridwar,BAHADRABAD,Jhabreda,-,-,-,-,-,-,29.80750000,77.77583333,30-05-2022 10:00,8.11,566,"",0,293,"",18,"",15,0,25,"",225,46,26,23,"","","","","","","","","","",""
356,Jhagarpuri,CGWB,5,Uttarakhand,56,UDHAM SINGH NAGAR,Gadarpur,Gadarpur,Jhagarpuri,-,-,-,-,-,-,29.06194444,79.22611111,25-05-2014 00:00,8.24,620,"","",317,259.84,7.1,"",54,"","","",260,36,41,27,"","","","","","","","","","",""
357,Jhagarpuri,CGWB,5,Uttarakhand,56,UDHAM SINGH NAGAR,Gadarpur,Gadarpur,Jhagarpuri,-,-,-,-,-,-,29.06194444,79.22611111,25-05-2015 00:00,9,700,"","",378,309.84,7.1,"",42,"","","",310,48,46,20,"","","","","","","","","","",""
358,Jhagarpuri,CGWB,5,Uttarakhand,56,UDHAM SINGH NAGAR,Gadarpur,Gadarpur,Jhagarpuri,-,-,-,-,-,-,29.06194444,79.22611111,25-05-2016 00:00,7.97,635,"","",305,"",14,"",49,"",26,"",290,36,49,18,"","","","","","","","","","",""
359,Jhagarpuri HP,CGWB,5,Uttarakhand,56,UDHAM SINGH NAGAR,Gadarpur,Gadarpur,Jhagarpuri Hp,-,-,-,-,-,-,29.05861111,79.22555556,25-05-2002 00:00,8.2,490,"","",281,230.3,14,"",38,"","","",270,28,48.66,15,"","","","","","","","","","",""
360,Jhagarpuri HP,CGWB,5,Uttarakhand,56,UDHAM SINGH NAGAR,Gadarpur,Gadarpur,Jhagarpuri Hp,-,-,-,-,-,-,29.05861111,79.22555556,25-05-2005 00:00,8.1,386,"","",224,183.6,7.1,"",34,"","","",180,14,35.27,5.2,"","","","","","","","","","",""
361,Jhagarpuri HP,CGWB,5,Uttarakhand,56,UDHAM SINGH NAGAR,Gadarpur,Gadarpur,Jhagarpuri Hp,-,-,-,-,-,-,29.05861111,79.22555556,25-05-2007 00:00,8.1,490,"",37,124,163.3,7.1,"",95,"","","",237,9,52.16,17,"","","","","","","","","","",""
362,Jhagarpuri HP,CGWB,5,Uttarakhand,56,UDHAM SINGH NAGAR,Gadarpur,Gadarpur,Jhagarpuri Hp,-,-,-,-,-,-,29.05861111,79.22555556,25-05-2008 00:00,8.2,465,"","",134,109.8,64,"",47,"","","",200,40,24.36,15,"","","","","","","","","","",""
363,Jhagarpuri HP,CGWB,5,Uttarakhand,56,UDHAM SINGH NAGAR,Gadarpur,Gadarpur,Jhagarpuri Hp,-,-,-,-,-,-,29.05861111,79.22555556,25-05-2010 00:00,8.19,420,"","",217,177.9,"","",47,"","","",206,21,37.35,15,"","","","","","","","","","",""
364,Jhagarpuri HP,CGWB,5,Uttarakhand,56,UDHAM SINGH NAGAR,Gadarpur,Gadarpur,Jhagarpuri Hp,-,-,-,-,-,-,29.05861111,79.22555556,25-05-2012 00:00,8.01,478,"","",225,184.4,14,"",44,"","","",478,19,42,16,"","","","","","","","","","",""
365,Jhajra,CGWB,5,Uttarakhand,49,Dehradun,Dehradun,RAIPUR,Jhajra,-,-,-,-,-,-,30.34000000,77.91666667,25-05-2000 00:00,7.8,137,"","",92,"",11,"","","","","",60,16,4.8,12,"","","","","","","","","","",""
366,Jhajra,CGWB,5,Uttarakhand,49,Dehradun,Dehradun,RAIPUR,Jhajra,-,-,-,-,-,-,30.34000000,77.91666667,25-05-2001 00:00,8.2,190,"","",110,"",14,"","","","","",90,20,10,10,"","","","","","","","","","",""
367,Jhajra,CGWB,5,Uttarakhand,49,Dehradun,Dehradun,RAIPUR,Jhajra,-,-,-,-,-,-,30.34000000,77.91666667,25-05-2004 00:00,7.9,372,"","",146,119.7,28,"","","","","",120,24,14.62,"","","","","","","","","","","",""
368,Jhajra,CGWB,5,Uttarakhand,49,Dehradun,Dehradun,RAIPUR,Jhajra,-,-,-,-,-,-,30.34000000,77.91666667,25-05-2005 00:00,8.1,350,"","",159,130.3,14,"",14,"","","",150,40,12.21,9.3,"","","","","","","","","","",""
369,Jhajra,CGWB,5,Uttarakhand,49,Dehradun,Dehradun,RAIPUR,Jhajra,-,-,-,-,-,-,30.34000000,77.91666667,25-05-2007 00:00,8.16,263,"","",176.9,145,7.1,"","","","","",135,40,8.56,"","","","","","","","","","","",""
370,Jhajra,CGWB,5,Uttarakhand,49,Dehradun,Dehradun,RAIPUR,Jhajra,-,-,-,-,-,-,30.34000000,77.91666667,25-05-2008 00:00,8.25,210,"","",127,104.1,8.2,"",2.4,"","","",106,38,2.72,8.5,"","","","","","","","","","",""
371,Jhajra,CGWB,5,Uttarakhand,49,Dehradun,Dehradun,RAIPUR,Jhajra,-,-,-,-,-,-,30.34000000,77.91666667,25-05-2009 00:00,7.95,260,"","",127,104.1,25,"",1,"","","",129,31,12.56,9,"","","","","","","","","","",""
372,Jhajra,CGWB,5,Uttarakhand,49,Dehradun,Dehradun,RAIPUR,Jhajra,-,-,-,-,-,-,30.34000000,77.91666667,25-05-2010 00:00,7.31,212,"","",106,86.9,12,"",1.6,"","","",90,23,7.93,8.9,"","","","","","","","","","",""
373,Jhajra,CGWB,5,Uttarakhand,49,Dehradun,Dehradun,RAIPUR,Jhajra,-,-,-,-,-,-,30.34000000,77.91666667,25-05-2011 00:00,"",465,"","","","",14,"","","","","","","","","","","","","","","","","","","",""
374,Jhajra,CGWB,5,Uttarakhand,49,Dehradun,Dehradun,RAIPUR,Jhajra,-,-,-,-,-,-,30.34000000,77.91666667,25-05-2012 00:00,8.34,263,"",5.9,109,99.2,32,"",2,"","","",132,32,12.68,7.6,"","","","","","","","","","",""
375,Jhajra,CGWB,5,Uttarakhand,49,Dehradun,Dehradun,RAIPUR,Jhajra,-,-,-,-,-,-,30.34000000,77.91666667,25-05-2013 00:00,8.04,297,"","",171,"",21,"",3.1,"","","",160,44,12,8.6,"","","","","","","","","","",""
376,Jhajra,CGWB,5,Uttarakhand,49,Dehradun,Dehradun,RAIPUR,Jhajra,-,-,-,-,-,-,30.34000000,77.91666667,25-05-2014 00:00,7.02,370,"","",183,150,14,"",4.3,"","","",150,48,7.3,8.5,"","","","","","","","","","",""
377,Jhajra,CGWB,5,Uttarakhand,49,Dehradun,Dehradun,RAIPUR,Jhajra,-,-,-,-,-,-,30.34000000,77.91666667,25-05-2015 00:00,8,274,"","",159,130.33,7,"",3.7,"","","",130,28,14,9,"","","","","","","","","","",""
378,Jhajra,CGWB,5,Uttarakhand,49,Dehradun,Dehradun,RAIPUR,Jhajra,-,-,-,-,-,-,30.34000000,77.91666667,25-05-2016 00:00,7.8,313,"",0,171,"",14,"",4.3,"",23,"",140,48,4.8,8.9,"","","","","","","","","","",""
379,Jhajra,CGWB,5,Uttarakhand,49,Dehradun,Dehradun,RAIPUR,Jhajra,-,-,-,-,-,-,30.34000000,77.91666667,25-05-2018 00:00,8.11,306,0,"",171,0,18,"","","",18,"",150,36,15,4.5,"",0,0,"","","","","","","",""
380,Jhajra,CGWB,5,Uttarakhand,49,Dehradun,Dehradun,RAIPUR,Jhajra,-,-,-,-,-,-,30.34000000,77.91666667,30-05-2022 10:00,7.48,189,"",0,85,"",11,"",10,0,31,"",60,16,4.8,20,"","","","","","","","","","",""
381,Jharkhandi,CGWB,5,Uttarakhand,56,UDHAM SINGH NAGAR,-,-,-,-,-,-,-,-,-,29.21166700,79.23138900,30-05-2021 08:00,7.63,4600,2990,0,427,"",879.16,"",432,0.03,"","",840,88,150.784,690,"","","","","","","","","","",""
382,Jogipura HP,CGWB,5,Uttarakhand,56,UDHAM SINGH NAGAR,Gadarpur,Gadarpur,Jogipura,-,-,-,-,-,-,29.22861111,79.10500000,25-05-2007 00:00,8.2,425,"","",220,180.3,7.1,"",62,"","","",230,16,46.21,15,"","","","","","","","","","",""
383,Jogipura HP,CGWB,5,Uttarakhand,56,UDHAM SINGH NAGAR,Gadarpur,Gadarpur,Jogipura,-,-,-,-,-,-,29.22861111,79.10500000,25-05-2008 00:00,8.1,397,"","",238,195.1,11,"",55,"","","",190,30,28,18,"","","","","","","","","","",""
384,Jogipura HP,CGWB,5,Uttarakhand,56,UDHAM SINGH NAGAR,Gadarpur,Gadarpur,Jogipura,-,-,-,-,-,-,29.22861111,79.10500000,25-05-2009 00:00,"",427,"","","","",7.1,"",52,"","","","",10,41,11,"","","","","","","","","","",""
385,Jogipura HP,CGWB,5,Uttarakhand,56,UDHAM SINGH NAGAR,Gadarpur,Gadarpur,Jogipura,-,-,-,-,-,-,29.22861111,79.10500000,25-05-2010 00:00,7.95,447,"","",193,158.2,7.1,"",52,"","","",195,10,41.34,11,"","","","","","","","","","",""
386,Jogipura HP,CGWB,5,Uttarakhand,56,UDHAM SINGH NAGAR,Gadarpur,Gadarpur,Jogipura,-,-,-,-,-,-,29.22861111,79.10500000,25-05-2011 00:00,8.49,560,"",24,175,183.4,14,"",110,"","","",282,9,63.1,18,"","","","","","","","","","",""
387,Jogipura HP,CGWB,5,Uttarakhand,56,UDHAM SINGH NAGAR,Gadarpur,Gadarpur,Jogipura,-,-,-,-,-,-,29.22861111,79.10500000,25-05-2015 00:00,8,670,"","",342,280.33,7.1,"",40,"","","",280,60,32,30,"","","","","","","","","","",""
388,Jogipura HP,CGWB,5,Uttarakhand,56,UDHAM SINGH NAGAR,Gadarpur,Gadarpur,Jogipura,-,-,-,-,-,-,29.22861111,79.10500000,25-05-2016 00:00,7.91,665,"","",329,"",14,"",48,"",24,"",320,64,39,12,"","","","","","","","","","",""
389,Judli,CGWB,5,Uttarakhand,49,Dehradun,-,-,-,-,-,-,-,-,-,30.42388900,77.69555600,30-05-2019 08:00,7.74,380,"",0,215.94,"",7.09,"","","",10.4,"",150,47.6,7.44,18.02,"","","","","","","","","","",""
390,Judli,CGWB,5,Uttarakhand,49,Dehradun,-,-,-,-,-,-,-,-,-,30.42388900,77.69555600,30-05-2020 08:00,7.74,380,"","",215.94,"",7.09,"","","",10.4,"","",47.6,7.44,18.02,"","","","","","","","","","",""
391,Judli,CGWB,5,Uttarakhand,49,Dehradun,-,-,-,-,-,-,-,-,-,30.42388900,77.69555600,30-05-2021 08:00,8.51,1850,1202.5,84,451,"",113,"",260,0.02,"","",160,16,29.184,390,"","","","","","","","","","",""
392,Jwalapur,CGWB,5,Uttarakhand,50,Haridwar,Haridwar,BAHADRABAD,Jwalapur,-,-,-,-,-,-,29.92277778,78.10666667,25-05-2011 00:00,"",850,"","","","","","","","","","","","","","","","","","","","","","","","",""
393,Jyolikot,CGWB,5,Uttarakhand,51,Nainital,-,-,-,-,-,-,-,-,-,29.34166700,79.48694400,30-05-2021 08:00,7.95,1640,1066,0,488,"",197,"",105,0.26,"","",250,62,23.104,265,"","","","","","","","","","",""
394,Kaladhungi HP,CGWB,5,Uttarakhand,51,Nainital,LALKUAN,Lalkuan,Kaladhungi,-,-,-,-,-,-,29.30250000,79.32805556,25-05-2005 00:00,8.25,390,"","",152,124.6,15,"",87,"","","",228,13,47.55,6,"","","","","","","","","","",""
395,Kaladhungi HP,CGWB,5,Uttarakhand,51,Nainital,LALKUAN,Lalkuan,Kaladhungi,-,-,-,-,-,-,29.30250000,79.32805556,25-05-2008 00:00,8.1,460,"","",256,209.8,7.1,"",5.3,"","","",270,44,38.95,6.4,"","","","","","","","","","",""
396,Kaladhungi HP,CGWB,5,Uttarakhand,51,Nainital,LALKUAN,Lalkuan,Kaladhungi,-,-,-,-,-,-,29.30250000,79.32805556,25-05-2009 00:00,7.74,470,"","",174,142.6,14,"",90,"","","",248,23,46.34,6.2,"","","","","","","","","","",""
397,Kaladhungi HP,CGWB,5,Uttarakhand,51,Nainital,LALKUAN,Lalkuan,Kaladhungi,-,-,-,-,-,-,29.30250000,79.32805556,25-05-2010 00:00,8.3,385,"","",176,144.3,11,"",40,"","","",197,15,38.8,4.8,"","","","","","","","","","",""
398,Kaladhungi HP,CGWB,5,Uttarakhand,51,Nainital,LALKUAN,Lalkuan,Kaladhungi,-,-,-,-,-,-,29.30250000,79.32805556,25-05-2012 00:00,8.1,500,"","",232,190.2,11,"",29,"","","",190,10,40.13,32,"","","","","","","","","","",""
399,Kaladhungi HP,CGWB,5,Uttarakhand,51,Nainital,LALKUAN,Lalkuan,Kaladhungi,-,-,-,-,-,-,29.30250000,79.32805556,25-05-2014 00:00,8.1,661,"","",329,269.67,14,"",65,"","","",350,64,46.2,5.8,"","","","","","","","","","",""
400,Kaladhungi HP,CGWB,5,Uttarakhand,51,Nainital,LALKUAN,Lalkuan,Kaladhungi,-,-,-,-,-,-,29.30250000,79.32805556,25-05-2015 00:00,8,698,"","",311,254.92,7.1,"",63,"","","",330,72,36,6,"","","","","","","","","","",""
401,Kaladhungi HP,CGWB,5,Uttarakhand,51,Nainital,LALKUAN,Lalkuan,Kaladhungi,-,-,-,-,-,-,29.30250000,79.32805556,25-05-2016 00:00,7.84,670,"","",317,"",14,"",62,"",16,"",340,64,44,6,"","","","","","","","","","",""
402,Kaladhungi HP,CGWB,5,Uttarakhand,51,Nainital,LALKUAN,Lalkuan,Kaladhungi,-,-,-,-,-,-,29.30250000,79.32805556,18-04-2023 15:02,7.93,495,"",0,207,"",7.1,"",59,0,17,"",230,24,41,4.6,"","","","","","","","","","",""
403,Kalyanpur HP,CGWB,5,Uttarakhand,56,UDHAM SINGH NAGAR,Kashipur,Kashipur,Kalyanpur,-,-,-,-,-,-,28.98861111,79.69805556,25-05-2005 00:00,8.2,230,"","",134,109.8,7.1,"",19,"","","",120,20,17.04,9.4,"","","","","","","","","","",""
404,Kalyanpur HP,CGWB,5,Uttarakhand,56,UDHAM SINGH NAGAR,Kashipur,Kashipur,Kalyanpur,-,-,-,-,-,-,28.98861111,79.69805556,25-05-2009 00:00,7.79,294,"","",169,138.5,3.2,"",5.2,"","","",127,42,5.4,8.88,"","","","","","","","","","",""
405,Kalyanpur HP,CGWB,5,Uttarakhand,56,UDHAM SINGH NAGAR,Kashipur,Kashipur,Kalyanpur,-,-,-,-,-,-,28.98861111,79.69805556,25-05-2011 00:00,8.05,207,"","",80,65.6,32,"",2.8,"","","",95,27,6.72,8.6,"","","","","","","","","","",""
406,Kalyanpur HP,CGWB,5,Uttarakhand,56,UDHAM SINGH NAGAR,Kashipur,Kashipur,Kalyanpur,-,-,-,-,-,-,28.98861111,79.69805556,25-05-2012 00:00,"",200,"","","","",7.1,"",0,"","","","",17,"",41.4,"","","","","","","","","","",""
407,Kalyanpur HP,CGWB,5,Uttarakhand,56,UDHAM SINGH NAGAR,Kashipur,Kashipur,Kalyanpur,-,-,-,-,-,-,28.98861111,79.69805556,25-05-2014 00:00,8,360,"","",207,169.67,7.1,"",7.7,"","","",130,32,12,27,"","","","","","","","","","",""
408,Kalyanpur HP,CGWB,5,Uttarakhand,56,UDHAM SINGH NAGAR,Kashipur,Kashipur,Kalyanpur,-,-,-,-,-,-,28.98861111,79.69805556,25-05-2015 00:00,8,554,"","",305,250,7.1,"",11,"","","",190,56,12,40,"","","","","","","","","","",""
409,Kalyanpur HP,CGWB,5,Uttarakhand,56,UDHAM SINGH NAGAR,Kashipur,Kashipur,Kalyanpur,-,-,-,-,-,-,28.98861111,79.69805556,25-05-2016 00:00,7.72,460,"","",232,"",28,"",6,"",21,"",220,60,17,9,"","","","","","","","","","",""
410,Kamaria Pakki HP (new),CGWB,5,Uttarakhand,56,UDHAM SINGH NAGAR,Gadarpur,Gadarpur,Kamaria Pakka,-,-,-,-,-,-,28.91444444,79.44916667,25-05-2000 00:00,8.1,279,"","",171,140.2,11,"",11,"","","",130,20,19.47,11,"","","","","","","","","","",""
411,Kamaria Pakki HP (new),CGWB,5,Uttarakhand,56,UDHAM SINGH NAGAR,Gadarpur,Gadarpur,Kamaria Pakka,-,-,-,-,-,-,28.91444444,79.44916667,25-05-2005 00:00,8.04,304,"","",175,143.4,3.2,"",24,"","","",153,38,14.15,13,"","","","","","","","","","",""
412,Kamaria Pakki HP (new),CGWB,5,Uttarakhand,56,UDHAM SINGH NAGAR,Gadarpur,Gadarpur,Kamaria Pakka,-,-,-,-,-,-,28.91444444,79.44916667,25-05-2007 00:00,8.2,295,"","",183,150,7.1,"",14,"","","",150,36,14.63,13,"","","","","","","","","","",""
413,Kamaria Pakki HP (new),CGWB,5,Uttarakhand,56,UDHAM SINGH NAGAR,Gadarpur,Gadarpur,Kamaria Pakka,-,-,-,-,-,-,28.91444444,79.44916667,25-05-2008 00:00,7.56,369,"","",209,171.3,7.1,"",13,"","","",164,46,11.97,14,"","","","","","","","","","",""
414,Kamaria Pakki HP (new),CGWB,5,Uttarakhand,56,UDHAM SINGH NAGAR,Gadarpur,Gadarpur,Kamaria Pakka,-,-,-,-,-,-,28.91444444,79.44916667,25-05-2009 00:00,8.32,335,"",12,149,142.1,14,"",22,"","","",158,36,16.58,15,"","","","","","","","","","",""
415,Kamaria Pakki HP (new),CGWB,5,Uttarakhand,56,UDHAM SINGH NAGAR,Gadarpur,Gadarpur,Kamaria Pakka,-,-,-,-,-,-,28.91444444,79.44916667,25-05-2010 00:00,8.45,307,"",9.5,160,147,8.9,"",13,"","","",128,36,9.28,13,"","","","","","","","","","",""
416,Kamaria Pakki HP (new),CGWB,5,Uttarakhand,56,UDHAM SINGH NAGAR,Gadarpur,Gadarpur,Kamaria Pakka,-,-,-,-,-,-,28.91444444,79.44916667,25-05-2014 00:00,8.2,354,"","",183,150,7.1,"",23,"","","",150,40,12,15,"","","","","","","","","","",""
417,Kamaria Pakki HP (new),CGWB,5,Uttarakhand,56,UDHAM SINGH NAGAR,Gadarpur,Gadarpur,Kamaria Pakka,-,-,-,-,-,-,28.91444444,79.44916667,25-05-2015 00:00,8,368,"","",183,150,7.1,"",19,"","","",140,36,12,22,"","","","","","","","","","",""
418,Kamaria Pakki HP (new),CGWB,5,Uttarakhand,56,UDHAM SINGH NAGAR,Gadarpur,Gadarpur,Kamaria Pakka,-,-,-,-,-,-,28.91444444,79.44916667,25-05-2016 00:00,7.73,440,"","",220,"",21,"",18,"",27,"",180,48,15,20,"","","","","","","","","","",""
419,Kanwali,CGWB,5,Uttarakhand,49,Dehradun,Rishikesh,DOIWALA,Kanwali,-,-,-,-,-,-,30.31527778,78.00722222,25-05-2001 00:00,6.6,900,"","","","","","","","","","","","","","","","","","","","","","","","",""
420,Kanwali,CGWB,5,Uttarakhand,49,Dehradun,Rishikesh,DOIWALA,Kanwali,-,-,-,-,-,-,30.31527778,78.00722222,25-05-2002 00:00,7.33,470,"","",124,101.6,32,"",60,"","","",217,27,36.38,15,"","","","","","","","","","",""
421,Kanwali,CGWB,5,Uttarakhand,49,Dehradun,Rishikesh,DOIWALA,Kanwali,-,-,-,-,-,-,30.31527778,78.00722222,25-05-2004 00:00,8.1,580,"","",122,109,28,"","","","","",200,32,29,"","","","","","","","","","","",""
422,Kanwali,CGWB,5,Uttarakhand,49,Dehradun,Rishikesh,DOIWALA,Kanwali,-,-,-,-,-,-,30.31527778,78.00722222,25-05-2005 00:00,8.1,625,"","",238,195.1,50,"",34,"","","",210,20,38.93,46,"","","","","","","","","","",""
423,Kanwali,CGWB,5,Uttarakhand,49,Dehradun,Rishikesh,DOIWALA,Kanwali,-,-,-,-,-,-,30.31527778,78.00722222,25-05-2006 00:00,8.1,600,"","",122,100,28,"",82,"","","",230,28,38.94,11,"","","","","","","","","","",""
424,Kanwali,CGWB,5,Uttarakhand,49,Dehradun,Rishikesh,DOIWALA,Kanwali,-,-,-,-,-,-,30.31527778,78.00722222,25-05-2007 00:00,8.1,580,"","",122,100,28,"","","","","",200,32,29,"","","","","","","","","","","",""
425,Kanwali,CGWB,5,Uttarakhand,49,Dehradun,Rishikesh,DOIWALA,Kanwali,-,-,-,-,-,-,30.31527778,78.00722222,25-05-2008 00:00,8.15,583,"","",193,158.2,35,"",55,"","","",275,42,41.38,13,"","","","","","","","","","",""
426,Kanwali,CGWB,5,Uttarakhand,49,Dehradun,Rishikesh,DOIWALA,Kanwali,-,-,-,-,-,-,30.31527778,78.00722222,25-05-2009 00:00,7.9,490,"","",133,"",40,"",56,"","","",239,23,44,24,"","","","","","","","","","",""
427,Kanwali,CGWB,5,Uttarakhand,49,Dehradun,Rishikesh,DOIWALA,Kanwali,-,-,-,-,-,-,30.31527778,78.00722222,25-05-2015 00:00,8,713,"","",293,240.16,14,"",56,"","","",210,24,36,74,"","","","","","","","","","",""
428,Kanwali,CGWB,5,Uttarakhand,49,Dehradun,Rishikesh,DOIWALA,Kanwali,-,-,-,-,-,-,30.31527778,78.00722222,30-05-2019 08:00,7.52,788,"",0,335.5,"",7.09,"","","",8.47,"",345,93.6,26.64,21.82,"","","","","","","","","","",""
429,Kanwali,CGWB,5,Uttarakhand,49,Dehradun,Rishikesh,DOIWALA,Kanwali,-,-,-,-,-,-,30.31527778,78.00722222,30-05-2020 08:00,7.52,788,"","",335.5,"",7.09,"","","",8.47,"","",93.6,26.64,21.82,"","","","","","","","","","",""
430,Kanwali,CGWB,5,Uttarakhand,49,Dehradun,Rishikesh,DOIWALA,Kanwali,-,-,-,-,-,-,30.31527778,78.00722222,30-05-2021 08:00,7.8,1600,1040,0,463.6,"",127.62,"",278.88,0.72,"","",350,32,65.664,235,"","","","","","","","","","",""
431,Kanwali,CGWB,5,Uttarakhand,49,Dehradun,Rishikesh,DOIWALA,Kanwali,-,-,-,-,-,-,30.31527778,78.00722222,30-05-2022 10:00,7.86,646,"",0,262,"",28,"",69,0,11,"",280,44,41,22,"","","","","","","","","","",""
432,Kashipur,CGWB,5,Uttarakhand,56,UDHAM SINGH NAGAR,Gadarpur,Gadarpur,Kashipur,-,-,-,-,-,-,29.21250000,78.96333333,25-05-2000 00:00,7.9,307,"","",201,"",7.1,"",2.5,"","","",120,16,19,36,"","","","","","","","","","",""
433,Kashipur,CGWB,5,Uttarakhand,56,UDHAM SINGH NAGAR,Gadarpur,Gadarpur,Kashipur,-,-,-,-,-,-,29.21250000,78.96333333,25-05-2001 00:00,8,320,"","",177,"",21,"","","","","",120,12,22,26,"","","","","","","","","","",""
434,Kashipur,CGWB,5,Uttarakhand,56,UDHAM SINGH NAGAR,Gadarpur,Gadarpur,Kashipur,-,-,-,-,-,-,29.21250000,78.96333333,25-05-2002 00:00,8,1089,"","",293,240.2,78,"","","","","",230,20,43.79,"","","","","","","","","","","",""
435,Kashipur,CGWB,5,Uttarakhand,56,UDHAM SINGH NAGAR,Gadarpur,Gadarpur,Kashipur,-,-,-,-,-,-,29.21250000,78.96333333,25-05-2003 00:00,"",2600,"","","","","","","","","","","","","","","","","","","","","","","","",""
436,Kashipur,CGWB,5,Uttarakhand,56,UDHAM SINGH NAGAR,Gadarpur,Gadarpur,Kashipur,-,-,-,-,-,-,29.21250000,78.96333333,25-05-2005 00:00,8.1,410,"","",256,209.8,14,"",14,"","","",210,24,36.5,19,"","","","","","","","","","",""
437,Kashipur,CGWB,5,Uttarakhand,56,UDHAM SINGH NAGAR,Gadarpur,Gadarpur,Kashipur,-,-,-,-,-,-,29.21250000,78.96333333,25-05-2006 00:00,8.1,616,"","",24,19.7,206,"",0,"","","",200,44,21.94,0.97,"","","","","","","","","","",""
438,Kashipur,CGWB,5,Uttarakhand,56,UDHAM SINGH NAGAR,Gadarpur,Gadarpur,Kashipur,-,-,-,-,-,-,29.21250000,78.96333333,25-05-2007 00:00,7.31,613,"","",122,100,149,"",13,"","","",270,48,36.53,20,"","","","","","","","","","",""
439,Kashipur,CGWB,5,Uttarakhand,56,UDHAM SINGH NAGAR,Gadarpur,Gadarpur,Kashipur,-,-,-,-,-,-,29.21250000,78.96333333,25-05-2008 00:00,7.9,325,"","",200,163.9,6.7,"",6.8,"","","",143,15,25.67,19,"","","","","","","","","","",""
440,Kashipur,CGWB,5,Uttarakhand,56,UDHAM SINGH NAGAR,Gadarpur,Gadarpur,Kashipur,-,-,-,-,-,-,29.21250000,78.96333333,25-05-2010 00:00,7.95,780,"","",162,132.8,155,"",110,"","","",383,50,62.79,39,"","","","","","","","","","",""
441,Kashipur,CGWB,5,Uttarakhand,56,UDHAM SINGH NAGAR,Gadarpur,Gadarpur,Kashipur,-,-,-,-,-,-,29.21250000,78.96333333,25-05-2014 00:00,7.8,750,"","",342,280.33,43,"",43,"","","",230,44,29,63,"","","","","","","","","","",""
442,Kashipur,CGWB,5,Uttarakhand,56,UDHAM SINGH NAGAR,Gadarpur,Gadarpur,Kashipur,-,-,-,-,-,-,29.21250000,78.96333333,25-05-2015 00:00,8,690,"","",305,250,57,"",13,"","","",260,56,29,40,"","","","","","","","","","",""
443,Kashipur (New),CGWB,5,Uttarakhand,56,UDHAM SINGH NAGAR,Gadarpur,Gadarpur,Kashipur,-,-,-,-,-,-,29.21222222,78.95944444,25-05-2013 00:00,7.9,380,"","",195,159.8,14,"","","","","",160,16,29.2,"","","","","","","","","","","",""
444,Katarmal,CGWB,5,Uttarakhand,45,Almora,JAINTI,-,-,-,-,-,-,-,-,29.63611111,79.61416667,25-05-2009 00:00,8,225,"","",76,62.3,28,"","","","","",100,6,20.67,7,"","","","","","","","","","",""
445,Katarmal,CGWB,5,Uttarakhand,45,Almora,JAINTI,-,-,-,-,-,-,-,-,29.63611111,79.61416667,25-05-2016 00:00,7.49,285,"","",98,"",28,"",15,"",33,"",110,36,4.9,60,"","","","","","","","","","",""
446,Katarmal,CGWB,5,Uttarakhand,45,Almora,JAINTI,-,-,-,-,-,-,-,-,29.63611111,79.61416667,30-05-2021 08:00,8.26,1470,955.5,0,634.4,"",134.71,"",86.4,6.44,"","",290,52,38.912,205,"","","","","","","","","","",""
447,Katarmal,CGWB,5,Uttarakhand,45,Almora,JAINTI,-,-,-,-,-,-,-,-,29.63611111,79.61416667,30-05-2022 10:00,7.35,250,"",0,73,"",21,"",19,0,32,"",90,28,4.9,13,"","","","","","","","","","",""
448,Kathgodam HP,CGWB,5,Uttarakhand,51,Nainital,HALDWANI,HALDWANI,Kathgodam,-,-,-,-,-,-,29.26833333,79.54527778,25-05-2005 00:00,7.76,320,"","",137,112.3,14,"",38,"","","",147,23,21.79,16,"","","","","","","","","","",""
449,Kathgodam HP,CGWB,5,Uttarakhand,51,Nainital,HALDWANI,HALDWANI,Kathgodam,-,-,-,-,-,-,29.26833333,79.54527778,25-05-2008 00:00,8.2,355,"","",146,119.7,21,"",34,"","","",160,20,26.77,19,"","","","","","","","","","",""
450,Kathgodam HP,CGWB,5,Uttarakhand,51,Nainital,HALDWANI,HALDWANI,Kathgodam,-,-,-,-,-,-,29.26833333,79.54527778,25-05-2009 00:00,7.71,396,"","",193,158.2,12,"",20,"","","",174,38,19.25,17,"","","","","","","","","","",""
451,Kathgodam HP,CGWB,5,Uttarakhand,51,Nainital,HALDWANI,HALDWANI,Kathgodam,-,-,-,-,-,-,29.26833333,79.54527778,25-05-2010 00:00,8.47,300,"",6.3,119,108,19,"","","","","",117,22,15.1,13,"","","","","","","","","","",""
452,Kathgodam HP,CGWB,5,Uttarakhand,51,Nainital,HALDWANI,HALDWANI,Kathgodam,-,-,-,-,-,-,29.26833333,79.54527778,25-05-2012 00:00,8.28,300,"","",126,103.3,15,"",22,"","","",130,13,23.72,17,"","","","","","","","","","",""
453,Kathgodam HP,CGWB,5,Uttarakhand,51,Nainital,HALDWANI,HALDWANI,Kathgodam,-,-,-,-,-,-,29.26833333,79.54527778,25-05-2014 00:00,8.1,553,"","",239,195.9,21,"",19,"","","",255,68,20.7,21,"","","","","","","","","","",""
454,Kathgodam HP,CGWB,5,Uttarakhand,51,Nainital,HALDWANI,HALDWANI,Kathgodam,-,-,-,-,-,-,29.26833333,79.54527778,25-05-2015 00:00,8,662,"","",329,269.67,25,"",22,"","","",310,9,17,22,"","","","","","","","","","",""
455,Kathgodam HP,CGWB,5,Uttarakhand,51,Nainital,HALDWANI,HALDWANI,Kathgodam,-,-,-,-,-,-,29.26833333,79.54527778,25-05-2016 00:00,7.73,590,"","",268,"",28,"",25,"",16,"",250,60,24,25,"","","","","","","","","","",""
456,Kathgodam HP,CGWB,5,Uttarakhand,51,Nainital,HALDWANI,HALDWANI,Kathgodam,-,-,-,-,-,-,29.26833333,79.54527778,30-05-2022 10:00,7.4,404,"",0,232,"",7.1,"",5.3,0,13,"",170,44,15,12,"","","","","","","","","","",""
457,Kaudia (Kotdwar),CGWB,5,Uttarakhand,52,PAURI GARHWAL,-,-,-,-,-,-,-,-,-,29.73111100,78.50750000,30-05-2022 10:00,7.67,570,"",0,262,"",21,"",27,0,14,"",265,82,14,11,"","","","","","","","","","",""
458,Khaat Baas HP,CGWB,5,Uttarakhand,51,Nainital,LALKUAN,Lalkuan,Khaat Baas,-,-,-,-,-,-,29.09888889,79.69277778,25-05-2005 00:00,8.2,370,"",207,756,851.3,7.1,"",38,"","","",210,52,19,7.6,"","","","","","","","","","",""
459,Khaat Baas HP,CGWB,5,Uttarakhand,51,Nainital,LALKUAN,Lalkuan,Khaat Baas,-,-,-,-,-,-,29.09888889,79.69277778,25-05-2007 00:00,7.41,260,"","",124,101.6,7.1,"",22,"","","",124,41,5.28,7.9,"","","","","","","","","","",""
460,Khaat Baas HP,CGWB,5,Uttarakhand,51,Nainital,LALKUAN,Lalkuan,Khaat Baas,-,-,-,-,-,-,29.09888889,79.69277778,25-05-2008 00:00,8,240,"","",122,100,14,"",8,"","","",100,4,21.89,14,"","","","","","","","","","",""
461,Khaat Baas HP,CGWB,5,Uttarakhand,51,Nainital,LALKUAN,Lalkuan,Khaat Baas,-,-,-,-,-,-,29.09888889,79.69277778,25-05-2009 00:00,7.91,235,"","",121,99.2,3.2,"",8,"","","",106,34,5.15,7.2,"","","","","","","","","","",""
462,Khaat Baas HP,CGWB,5,Uttarakhand,51,Nainital,LALKUAN,Lalkuan,Khaat Baas,-,-,-,-,-,-,29.09888889,79.69277778,25-05-2010 00:00,8.06,200,"","",101,82.8,8,"",7,"","","",98,22,10.48,8,"","","","","","","","","","",""
463,Khaat Baas HP,CGWB,5,Uttarakhand,51,Nainital,LALKUAN,Lalkuan,Khaat Baas,-,-,-,-,-,-,29.09888889,79.69277778,25-05-2014 00:00,8,473,"","",281,230.33,7.1,"",9.2,"","","",240,76,12.2,8,"","","","","","","","","","",""
464,Khaat Baas HP,CGWB,5,Uttarakhand,51,Nainital,LALKUAN,Lalkuan,Khaat Baas,-,-,-,-,-,-,29.09888889,79.69277778,25-05-2015 00:00,8,500,"","",281,230.33,11,"",7.9,"","","",250,86,8.5,8,"","","","","","","","","","",""
465,Khaat Baas HP,CGWB,5,Uttarakhand,51,Nainital,LALKUAN,Lalkuan,Khaat Baas,-,-,-,-,-,-,29.09888889,79.69277778,25-05-2016 00:00,7.59,420,"","",232,"",21,"","","",16,"",200,56,15,8,"","","","","","","","","","",""
466,Khaat Baas HP,CGWB,5,Uttarakhand,51,Nainital,LALKUAN,Lalkuan,Khaat Baas,-,-,-,-,-,-,29.09888889,79.69277778,30-05-2022 10:00,7.41,465,"",0,256,"",7.1,"",9.7,0,15,"",210,72,7.3,9,"","","","","","","","","","",""
467,Khadiri (Khadak Maf),CGWB,5,Uttarakhand,49,Dehradun,-,-,-,-,-,-,-,-,-,30.06444400,78.22333300,30-05-2019 08:00,7.52,353,"",0,136.64,"",21.27,"","","",4.76,"",155,28,20.4,10,"","","","","","","","","","",""
468,Khadiri (Khadak Maf),CGWB,5,Uttarakhand,49,Dehradun,-,-,-,-,-,-,-,-,-,30.06444400,78.22333300,30-05-2020 08:00,7.52,353,"","",136.64,"",21.27,"","","",4.76,"","",28,20.4,10,"","","","","","","","","","",""
469,Khandgaon,CGWB,5,Uttarakhand,49,Dehradun,-,-,-,-,-,-,-,-,-,30.01611100,78.20500000,30-05-2021 08:00,7.4,4200,2730,0,647,"",528,"",779,1.3,"","",880,144,126.464,561,"","","","","","","","","","",""
470,Khandoli,CGWB,5,Uttarakhand,49,Dehradun,-,-,-,-,-,-,-,-,-,30.38666700,77.97305600,30-05-2019 08:00,7.52,65,"",0,30.5,"",3.545,"","","",13,"",21.5,2,3.96,5,"","","","","","","","","","",""
471,Khandoli,CGWB,5,Uttarakhand,49,Dehradun,-,-,-,-,-,-,-,-,-,30.38666700,77.97305600,30-05-2020 08:00,7.52,65,"","",30.5,"",3.545,"","","",13,"","",2,3.96,5,"","","","","","","","","","",""
472,Khandoli,CGWB,5,Uttarakhand,49,Dehradun,-,-,-,-,-,-,-,-,-,30.38666700,77.97305600,30-05-2021 08:00,8,4270,2775.5,0,634,"",650,"",662,0.05,"","",300,32,53.504,850,"","","","","","","","","","",""
473,Khatima,CGWB,5,Uttarakhand,56,UDHAM SINGH NAGAR,Jaspur,Jaspur,Khatima,-,-,-,-,-,-,28.91916667,79.96611111,25-05-2000 00:00,7.9,543,"","",140,"",64,"",58,"","","",245,64,21,15,"","","","","","","","","","",""
474,Khatima,CGWB,5,Uttarakhand,56,UDHAM SINGH NAGAR,Jaspur,Jaspur,Khatima,-,-,-,-,-,-,28.91916667,79.96611111,25-05-2002 00:00,8.2,204,"","",134,109.8,7,"","","","","",110,32,7.33,"","","","","","","","","","","",""
475,Khatima,CGWB,5,Uttarakhand,56,UDHAM SINGH NAGAR,Jaspur,Jaspur,Khatima,-,-,-,-,-,-,28.91916667,79.96611111,25-05-2003 00:00,"",920,"","","","","","","","","","","","","","","","","","","","","","","","",""
476,Khatima,CGWB,5,Uttarakhand,56,UDHAM SINGH NAGAR,Jaspur,Jaspur,Khatima,-,-,-,-,-,-,28.91916667,79.96611111,25-05-2004 00:00,8.1,800,"","",195,159.8,71,"","","","","",240,56,24,"","","","","","","","","","","",""
477,Khatima,CGWB,5,Uttarakhand,56,UDHAM SINGH NAGAR,Jaspur,Jaspur,Khatima,-,-,-,-,-,-,28.91916667,79.96611111,25-05-2005 00:00,"",1132,"","",293,"",78,"",86,"","","",380,72,49,33,"","","","","","","","","","",""
478,Khatima,CGWB,5,Uttarakhand,56,UDHAM SINGH NAGAR,Jaspur,Jaspur,Khatima,-,-,-,-,-,-,28.91916667,79.96611111,25-05-2006 00:00,8.2,1150,"","",471,386.1,135,"",10,"","","",230,44,29.23,161,"","","","","","","","","","",""
479,Khatima,CGWB,5,Uttarakhand,56,UDHAM SINGH NAGAR,Jaspur,Jaspur,Khatima,-,-,-,-,-,-,28.91916667,79.96611111,25-05-2007 00:00,7.42,453,"","",146,119.7,85,"",80,"","","",150,48,7.35,35,"","","","","","","","","","",""
480,Khatima,CGWB,5,Uttarakhand,56,UDHAM SINGH NAGAR,Jaspur,Jaspur,Khatima,-,-,-,-,-,-,28.91916667,79.96611111,25-05-2008 00:00,7.62,494,"","",157,128.7,55,"",36,"","","",153,38,14.15,46,"","","","","","","","","","",""
481,Khatima,CGWB,5,Uttarakhand,56,UDHAM SINGH NAGAR,Jaspur,Jaspur,Khatima,-,-,-,-,-,-,28.91916667,79.96611111,25-05-2009 00:00,7.14,474,"","",168,137.7,56,"",40,"","","",132,30,13.89,55,"","","","","","","","","","",""
482,Khatima,CGWB,5,Uttarakhand,56,UDHAM SINGH NAGAR,Jaspur,Jaspur,Khatima,-,-,-,-,-,-,28.91916667,79.96611111,25-05-2010 00:00,7.74,590,"","",187,153.3,42,"",100,"","","",214,59,16.24,49,"","","","","","","","","","",""
483,Khatima,CGWB,5,Uttarakhand,56,UDHAM SINGH NAGAR,Jaspur,Jaspur,Khatima,-,-,-,-,-,-,28.91916667,79.96611111,25-05-2012 00:00,8.12,325,"","",112,91.8,27,"",30,"","","",118,38,5.64,20,"","","","","","","","","","",""
484,Khatima,CGWB,5,Uttarakhand,56,UDHAM SINGH NAGAR,Jaspur,Jaspur,Khatima,-,-,-,-,-,-,28.91916667,79.96611111,25-05-2015 00:00,8,760,"","",366,300,35,"",28,"","","",270,98,10,59,"","","","","","","","","","",""
485,Khatima,CGWB,5,Uttarakhand,56,UDHAM SINGH NAGAR,Jaspur,Jaspur,Khatima,-,-,-,-,-,-,28.91916667,79.96611111,25-05-2016 00:00,7.56,820,"","",317,"",78,"",40,"",19,"",310,68,34,50,"","","","","","","","","","",""
486,Khatima,CGWB,5,Uttarakhand,56,UDHAM SINGH NAGAR,Jaspur,Jaspur,Khatima,-,-,-,-,-,-,28.91916667,79.96611111,30-05-2019 08:00,7.69,780,"",0,285.48,"",42.54,"","","",11,"",235,76.4,10.56,62.97,"","","","","","","","","","",""
487,Khatima,CGWB,5,Uttarakhand,56,UDHAM SINGH NAGAR,Jaspur,Jaspur,Khatima,-,-,-,-,-,-,28.91916667,79.96611111,30-05-2020 08:00,7.69,780,"","",285.48,"",42.54,"","","",11,"","",76.4,10.56,62.97,"","","","","","","","","","",""
488,Khatima,CGWB,5,Uttarakhand,56,UDHAM SINGH NAGAR,Jaspur,Jaspur,Khatima,-,-,-,-,-,-,28.91916667,79.96611111,30-05-2021 08:00,7.84,560,364,0,76,"",35,"",124,0,"","",210,24,36.48,32,"","","","","","","","","","",""
489,Khubbanpur Piezometer,CGWB,5,Uttarakhand,50,Haridwar,Haridwar,BAHADRABAD,Khubbanpur,-,-,-,-,-,-,29.90305556,77.76638889,25-05-2009 00:00,8.14,463,"","",355.5,291.4,5.3,"","","","","",225,48,25.59,"","","","","","","","","","","",""
490,Kichha,CGWB,5,Uttarakhand,56,UDHAM SINGH NAGAR,Gadarpur,Gadarpur,Kichha,-,-,-,-,-,-,28.90944444,79.52222222,25-05-2000 00:00,7.8,1027,"","",415,"",46,"",60,"","","",365,74,44,26,"","","","","","","","","","",""
491,Kichha,CGWB,5,Uttarakhand,56,UDHAM SINGH NAGAR,Gadarpur,Gadarpur,Kichha,-,-,-,-,-,-,28.90944444,79.52222222,25-05-2002 00:00,8.2,1227,"","",305,250,135,"","","","","",130,28,14.62,"","","","","","","","","","","",""
492,Kichha,CGWB,5,Uttarakhand,56,UDHAM SINGH NAGAR,Gadarpur,Gadarpur,Kichha,-,-,-,-,-,-,28.90944444,79.52222222,25-05-2003 00:00,"",479,"","","","","","","","","","","","","","","","","","","","","","","","",""
493,Kichha,CGWB,5,Uttarakhand,56,UDHAM SINGH NAGAR,Gadarpur,Gadarpur,Kichha,-,-,-,-,-,-,28.90944444,79.52222222,25-05-2004 00:00,8.2,1050,"","",317,259.8,114,"","","","","",320,96,19,"","","","","","","","","","","",""
494,Kichha,CGWB,5,Uttarakhand,56,UDHAM SINGH NAGAR,Gadarpur,Gadarpur,Kichha,-,-,-,-,-,-,28.90944444,79.52222222,25-05-2005 00:00,8.2,880,"","",390,319.7,85,"",48,"","","",440,48,77.86,48,"","","","","","","","","","",""
495,Kichha,CGWB,5,Uttarakhand,56,UDHAM SINGH NAGAR,Gadarpur,Gadarpur,Kichha,-,-,-,-,-,-,28.90944444,79.52222222,25-05-2006 00:00,7.9,73,"","",25,20.5,21,"",20,"","","",210,28,34.07,140,"","","","","","","","","","",""
496,Kichha,CGWB,5,Uttarakhand,56,UDHAM SINGH NAGAR,Gadarpur,Gadarpur,Kichha,-,-,-,-,-,-,28.90944444,79.52222222,25-05-2007 00:00,7.82,1094,"","",220,180.3,124,"",42,"","","",370,20,77.83,48,"","","","","","","","","","",""
497,Kichha,CGWB,5,Uttarakhand,56,UDHAM SINGH NAGAR,Gadarpur,Gadarpur,Kichha,-,-,-,-,-,-,28.90944444,79.52222222,25-05-2008 00:00,8.03,965,"","",236,193.4,97,"",84,"","","",264,21,51.45,75,"","","","","","","","","","",""
498,Kichha,CGWB,5,Uttarakhand,56,UDHAM SINGH NAGAR,Gadarpur,Gadarpur,Kichha,-,-,-,-,-,-,28.90944444,79.52222222,25-05-2009 00:00,7.54,978,"","",289,236.9,94,"",64,"","","",253,11,54.84,87,"","","","","","","","","","",""
499,Kichha,CGWB,5,Uttarakhand,56,UDHAM SINGH NAGAR,Gadarpur,Gadarpur,Kichha,-,-,-,-,-,-,28.90944444,79.52222222,25-05-2010 00:00,8.44,995,"",12,211,193,98,"",62,"","","",340,27,66.29,78,"","","","","","","","","","",""
500,Kichha,CGWB,5,Uttarakhand,56,UDHAM SINGH NAGAR,Gadarpur,Gadarpur,Kichha,-,-,-,-,-,-,28.90944444,79.52222222,25-05-2011 00:00,"",460,"","","","",17,"","","","","","","","","","","","","","","","","","","",""
501,Kichha,CGWB,5,Uttarakhand,56,UDHAM SINGH NAGAR,Gadarpur,Gadarpur,Kichha,-,-,-,-,-,-,28.90944444,79.52222222,25-05-2012 00:00,8.5,932,"",19,192,189,82,"",80,"","","",255,29,44.41,66,"","","","","","","","","","",""
502,Kichha,CGWB,5,Uttarakhand,56,UDHAM SINGH NAGAR,Gadarpur,Gadarpur,Kichha,-,-,-,-,-,-,28.90944444,79.52222222,25-05-2014 00:00,8.15,343,"","",183,150,7.1,"",23,"","","",140,40,9.7,16,"","","","","","","","","","",""
503,Kichha,CGWB,5,Uttarakhand,56,UDHAM SINGH NAGAR,Gadarpur,Gadarpur,Kichha,-,-,-,-,-,-,28.90944444,79.52222222,25-05-2015 00:00,8,395,"","",207,169.67,7.1,"",20,"","","",130,44,5,32,"","","","","","","","","","",""
504,Kichha,CGWB,5,Uttarakhand,56,UDHAM SINGH NAGAR,Gadarpur,Gadarpur,Kichha,-,-,-,-,-,-,28.90944444,79.52222222,25-05-2016 00:00,7.94,485,"","",244,"",21,"",20,"",25,"",220,56,19,15,"","","","","","","","","","",""
505,Kichha,CGWB,5,Uttarakhand,56,UDHAM SINGH NAGAR,Gadarpur,Gadarpur,Kichha,-,-,-,-,-,-,28.90944444,79.52222222,30-05-2019 08:00,7.95,423,"",0,183,"",21.27,"","","",10,"",179,43.2,17.04,14,"","","","","","","","","","",""
506,Kichha,CGWB,5,Uttarakhand,56,UDHAM SINGH NAGAR,Gadarpur,Gadarpur,Kichha,-,-,-,-,-,-,28.90944444,79.52222222,30-05-2020 08:00,7.95,423,"","",183,"",21.27,"","","",10,"","",43.2,17.04,14,"","","","","","","","","","",""
507,Kichha,CGWB,5,Uttarakhand,56,UDHAM SINGH NAGAR,Gadarpur,Gadarpur,Kichha,-,-,-,-,-,-,28.90944444,79.52222222,30-05-2021 08:00,8.42,1290,838.5,72,122,"",71,"",294,0.07,"","",220,40,29.184,193,"","","","","","","","","","",""
508,Kota Muradnagar,CGWB,5,Uttarakhand,50,Haridwar,-,-,-,-,-,-,-,-,-,29.97222200,77.94972200,30-05-2019 08:00,7.61,1659,"",0,396.5,"",219.79,"","","",10.14,"",345,76.8,36.72,220,"","","","","","","","","","",""
509,Kota Muradnagar,CGWB,5,Uttarakhand,50,Haridwar,-,-,-,-,-,-,-,-,-,29.97222200,77.94972200,30-05-2020 08:00,7.61,1659,"","",396.5,"",219.79,"","","",10.14,"","",76.8,36.72,220,"","","","","","","","","","",""
510,Kota Muradnagar,CGWB,5,Uttarakhand,50,Haridwar,-,-,-,-,-,-,-,-,-,29.97222200,77.94972200,30-05-2021 08:00,7.57,1380,897,0,420,"",180,"",72,0.01,"","",410,116,29.184,133,"","","","","","","","","","",""
511,Kotimachak,CGWB,5,Uttarakhand,49,Dehradun,-,-,-,-,-,-,-,-,-,30.24472200,78.20833300,30-05-2019 08:00,7.43,180,"",0,72.59,"",7.09,"","","",9.9,"",70,16,7.2,9,"","","","","","","","","","",""
512,Kotimachak,CGWB,5,Uttarakhand,49,Dehradun,-,-,-,-,-,-,-,-,-,30.24472200,78.20833300,30-05-2020 08:00,7.43,180,"","",72.59,"",7.09,"","","",9.9,"","",16,7.2,9,"","","","","","","","","","",""
513,Kuanwala,CGWB,5,Uttarakhand,49,Dehradun,Dehradun,RAIPUR,Kuanwala,-,-,-,-,-,-,30.24527778,78.10194444,25-05-2000 00:00,8,536,"","",195,"",7.1,"",92,"","","",260,48,34,16,"","","","","","","","","","",""
514,Kuanwala,CGWB,5,Uttarakhand,49,Dehradun,Dehradun,RAIPUR,Kuanwala,-,-,-,-,-,-,30.24527778,78.10194444,25-05-2001 00:00,8.2,240,"","",122,"",7,"",34,"","","",130,24,17,8,"","","","","","","","","","",""
515,Kuanwala,CGWB,5,Uttarakhand,49,Dehradun,Dehradun,RAIPUR,Kuanwala,-,-,-,-,-,-,30.24527778,78.10194444,25-05-2004 00:00,7.9,300,"","",122,"",14,"","","","","",130,12,31.61,"","","","","","","","","","","",""
516,Kuanwala,CGWB,5,Uttarakhand,49,Dehradun,Dehradun,RAIPUR,Kuanwala,-,-,-,-,-,-,30.24527778,78.10194444,25-05-2005 00:00,8.2,321,"","",98,80.3,7.1,"",53,"","","",130,28,14.62,8.1,"","","","","","","","","","",""
517,Kuanwala,CGWB,5,Uttarakhand,49,Dehradun,Dehradun,RAIPUR,Kuanwala,-,-,-,-,-,-,30.24527778,78.10194444,25-05-2006 00:00,7.8,250,"","",122,100,7,"",14,"","","",110,8,21.89,9,"","","","","","","","","","",""
518,Kuanwala,CGWB,5,Uttarakhand,49,Dehradun,Dehradun,RAIPUR,Kuanwala,-,-,-,-,-,-,30.24527778,78.10194444,25-05-2007 00:00,8.17,225,"","",128.1,105,7.1,"","","","","",135,30,14.62,"","",39.778,"","","","","","","","",""
519,Kuanwala,CGWB,5,Uttarakhand,49,Dehradun,Dehradun,RAIPUR,Kuanwala,-,-,-,-,-,-,30.24527778,78.10194444,25-05-2008 00:00,8.21,335,"","",109,89.3,6.7,"",68,"","","",159,51,7.72,7.5,"","","","","","","","","","",""
520,Kuanwala,CGWB,5,Uttarakhand,49,Dehradun,Dehradun,RAIPUR,Kuanwala,-,-,-,-,-,-,30.24527778,78.10194444,25-05-2010 00:00,7.72,287,"","",114,93.4,7.1,"",44,"","","",137,36,11.47,6.9,"","","","","","","","","","",""
521,Kuanwala,CGWB,5,Uttarakhand,49,Dehradun,Dehradun,RAIPUR,Kuanwala,-,-,-,-,-,-,30.24527778,78.10194444,25-05-2011 00:00,"",290,"","","","",11,"","","","","","","","","","","","","","","","","","","",""
522,Kuanwala,CGWB,5,Uttarakhand,49,Dehradun,Dehradun,RAIPUR,Kuanwala,-,-,-,-,-,-,30.24527778,78.10194444,25-05-2012 00:00,8.35,287,"",8.9,72,73.9,18,"",40,"","","",128,34,10.5,6.2,"","","","","","","","","","",""
523,Kuanwala,CGWB,5,Uttarakhand,49,Dehradun,Dehradun,RAIPUR,Kuanwala,-,-,-,-,-,-,30.24527778,78.10194444,25-05-2013 00:00,8.11,250,"","",116,"",14,"",31,"","","",130,32,12,5.6,"","","","","","","","","","",""
524,Kuanwala,CGWB,5,Uttarakhand,49,Dehradun,Dehradun,RAIPUR,Kuanwala,-,-,-,-,-,-,30.24527778,78.10194444,25-05-2014 00:00,8.03,270,"","",134,109.84,7.1,"",5,"","","",110,24,12,6.9,"","","","","","","","","","",""
525,Kuanwala,CGWB,5,Uttarakhand,49,Dehradun,Dehradun,RAIPUR,Kuanwala,-,-,-,-,-,-,30.24527778,78.10194444,25-05-2016 00:00,8,335,"",0,146,"",21,"",22,"",14,"",130,32,12,20.8,"","","","","","","","","","",""
526,Kuanwala,CGWB,5,Uttarakhand,49,Dehradun,Dehradun,RAIPUR,Kuanwala,-,-,-,-,-,-,30.24527778,78.10194444,30-05-2019 08:00,7.8,294,"",0,93.33,"",14.18,"","","",10.64,"",130,28.4,14.16,7,"","","","","","","","","","",""
527,Kuanwala,CGWB,5,Uttarakhand,49,Dehradun,Dehradun,RAIPUR,Kuanwala,-,-,-,-,-,-,30.24527778,78.10194444,30-05-2020 08:00,7.8,294,"","",93.33,"",14.18,"","","",10.64,"","",28.4,14.16,7,"","","","","","","","","","",""
528,Kuanwala,CGWB,5,Uttarakhand,49,Dehradun,Dehradun,RAIPUR,Kuanwala,-,-,-,-,-,-,30.24527778,78.10194444,30-05-2022 10:00,7.74,384,"",0,177,"",18,"",17,0,22,"",165,48,11,12,"","","","","","","","","","",""
529,Lakhnauta,CGWB,5,Uttarakhand,50,Haridwar,-,-,-,-,-,-,-,-,-,29.72888900,77.79722200,30-05-2021 08:00,8.16,1020,663,0,244,"",119,"",96,0.05,"","",370,34,69.312,48,"","","","","","","","","","",""
530,Laksar,CGWB,5,Uttarakhand,50,Haridwar,Haridwar,BAHADRABAD,Laksar,-,-,-,-,-,-,29.75888889,78.03611111,25-05-2000 00:00,7.9,424,"","",244,"",18,"",53,"","","",185,28,28,40,"","","","","","","","","","",""
531,Laksar,CGWB,5,Uttarakhand,50,Haridwar,Haridwar,BAHADRABAD,Laksar,-,-,-,-,-,-,29.75888889,78.03611111,25-05-2013 00:00,8.2,1228,"","",317,"",21,"",337,"","","",470,28,96,74,"","","","","","","","","","",""
532,Laksar,CGWB,5,Uttarakhand,50,Haridwar,Haridwar,BAHADRABAD,Laksar,-,-,-,-,-,-,29.75888889,78.03611111,25-05-2014 00:00,7.7,1500,"","",390,319.67,128,"",310,"","","",610,88,95,92,"","","","","","","","","","",""
533,Laksar,CGWB,5,Uttarakhand,50,Haridwar,Haridwar,BAHADRABAD,Laksar,-,-,-,-,-,-,29.75888889,78.03611111,25-05-2016 00:00,7.9,1135,"",0,305,"",113,"",200,"",15,"",390,28,36,98,"","","","","","","","","","",""
534,Laksar,CGWB,5,Uttarakhand,50,Haridwar,Haridwar,BAHADRABAD,Laksar,-,-,-,-,-,-,29.75888889,78.03611111,30-05-2022 10:00,7.75,760,"",0,372,"",32,"",27,0,20,"",260,74,18,51,"","","","","","","","","","",""
535,Laldhang,CGWB,5,Uttarakhand,50,Haridwar,-,-,-,-,-,-,-,-,-,29.85027800,78.31444400,30-05-2021 08:00,7.93,540,351,0,195.2,"",28.36,"",35.04,0.02,"","",230,60,19.456,26,"","","","","","","","","","",""
536,Lal kuan (new),CGWB,5,Uttarakhand,51,Nainital,LALKUAN,Lalkuan,Lal kuan (new),-,-,-,-,-,-,29.07444444,79.52222222,25-05-2004 00:00,7.9,390,"","",195,159.8,14,"","","","","",160,16,29,"","","","","","","","","","","",""
537,Lal kuan (new),CGWB,5,Uttarakhand,51,Nainital,LALKUAN,Lalkuan,Lal kuan (new),-,-,-,-,-,-,29.07444444,79.52222222,25-05-2005 00:00,8.1,435,"","",220,180.3,7.1,"",58,"","","",250,36,38.94,7.6,"","","","","","","","","","",""
538,Lal kuan (new),CGWB,5,Uttarakhand,51,Nainital,LALKUAN,Lalkuan,Lal kuan (new),-,-,-,-,-,-,29.07444444,79.52222222,25-05-2007 00:00,8,480,"","",262,214.8,14,"",0,"","","",170,10,35.27,34,"","","","","","","","","","",""
539,Lal kuan (new),CGWB,5,Uttarakhand,51,Nainital,LALKUAN,Lalkuan,Lal kuan (new),-,-,-,-,-,-,29.07444444,79.52222222,25-05-2008 00:00,7.62,354,"","",151,123.8,9.9,"",26,"","","",169,21,28.35,6.7,"","","","","","","","","","",""
540,Lal kuan (new),CGWB,5,Uttarakhand,51,Nainital,LALKUAN,Lalkuan,Lal kuan (new),-,-,-,-,-,-,29.07444444,79.52222222,25-05-2009 00:00,6.74,399,"","",139,113.9,15,"",36,"","","",185,22,31.63,7,"","","","","","","","","","",""
541,Lal kuan (new),CGWB,5,Uttarakhand,51,Nainital,LALKUAN,Lalkuan,Lal kuan (new),-,-,-,-,-,-,29.07444444,79.52222222,25-05-2010 00:00,7.83,350,"","",149,122.1,14,"",37,"","","",180,27,27.39,6.6,"","","","","","","","","","",""
542,Lal kuan (new),CGWB,5,Uttarakhand,51,Nainital,LALKUAN,Lalkuan,Lal kuan (new),-,-,-,-,-,-,29.07444444,79.52222222,25-05-2015 00:00,8,618,"","",317,259.84,21,"",28,"","","",310,86,23,7,"","","","","","","","","","",""
543,Lal kuan (new),CGWB,5,Uttarakhand,51,Nainital,LALKUAN,Lalkuan,Lal kuan (new),-,-,-,-,-,-,29.07444444,79.52222222,30-05-2022 10:00,7.53,538,"",0,268,"",14,"",26,0,27,"",250,96,2.4,6.8,"","","","","","","","","","",""
544,Lalpuri,CGWB,5,Uttarakhand,56,UDHAM SINGH NAGAR,Gadarpur,-,-,-,-,-,-,-,-,29.09638900,79.31000000,30-05-2019 08:00,7.77,553,"",0,256.2,"",14.18,"","","",10,"",256,38.4,38.4,8.62,"","","","","","","","","","",""
545,Lalpuri,CGWB,5,Uttarakhand,56,UDHAM SINGH NAGAR,Gadarpur,-,-,-,-,-,-,-,-,29.09638900,79.31000000,30-05-2020 08:00,7.77,553,"","",256.2,"",14.18,"","","",10,"","",38.4,38.4,8.62,"","","","","","","","","","",""
546,Lalpuri,CGWB,5,Uttarakhand,56,UDHAM SINGH NAGAR,Gadarpur,-,-,-,-,-,-,-,-,29.09638900,79.31000000,30-05-2021 08:00,8.01,2130,1384.5,0,220,"",454,"",212,0.04,"","",190,24,31.616,401,"","","","","","","","","","",""
547,Lal tapar,CGWB,5,Uttarakhand,49,Dehradun,Dehradun,RAIPUR,Lal tapar,-,-,-,-,-,-,30.11972222,78.17388889,25-05-2000 00:00,7.9,362,"","",189,"",14,"",48,"","","",205,46,22,7.1,"","","","","","","","","","",""
548,Lal tapar,CGWB,5,Uttarakhand,49,Dehradun,Dehradun,RAIPUR,Lal tapar,-,-,-,-,-,-,30.11972222,78.17388889,25-05-2004 00:00,8,430,"","",122,100,14,"","","","","",200,40,29,"","","","","","","","","","","",""
549,Lal tapar,CGWB,5,Uttarakhand,49,Dehradun,Dehradun,RAIPUR,Lal tapar,-,-,-,-,-,-,30.11972222,78.17388889,25-05-2005 00:00,8,526,"","",122,100,14,"",96,"","","",220,40,29.22,6.9,"","","","","","","","","","",""
550,Lal tapar,CGWB,5,Uttarakhand,49,Dehradun,Dehradun,RAIPUR,Lal tapar,-,-,-,-,-,-,30.11972222,78.17388889,25-05-2006 00:00,7.9,410,"","",183,150,14,"",38,"","","",160,14,30.41,26,"",1.78,"","","","","","","","",""
551,Lal tapar,CGWB,5,Uttarakhand,49,Dehradun,Dehradun,RAIPUR,Lal tapar,-,-,-,-,-,-,30.11972222,78.17388889,25-05-2007 00:00,8.23,423,"","",152.5,125,5.3,"","","","","",225,44,28.01,"","","","","","","","","","","",""
552,Lal tapar,CGWB,5,Uttarakhand,49,Dehradun,Dehradun,RAIPUR,Lal tapar,-,-,-,-,-,-,30.11972222,78.17388889,25-05-2008 00:00,8.22,380,"","",109,89.3,3.9,"",95,"","","",159,38,15.61,17,"","","","","","","","","","",""
553,Lal tapar,CGWB,5,Uttarakhand,49,Dehradun,Dehradun,RAIPUR,Lal tapar,-,-,-,-,-,-,30.11972222,78.17388889,25-05-2009 00:00,7.7,350,"","",108,88.5,10,"",92,"","","",200,34,28,6,"","","","","","","","","","",""
554,Lal tapar,CGWB,5,Uttarakhand,49,Dehradun,Dehradun,RAIPUR,Lal tapar,-,-,-,-,-,-,30.11972222,78.17388889,25-05-2010 00:00,7.58,402,"","",135,110.7,5.3,"",88,"","","",206,42,24.61,4.6,"","","","","","","","","","",""
555,Lal tapar,CGWB,5,Uttarakhand,49,Dehradun,Dehradun,RAIPUR,Lal tapar,-,-,-,-,-,-,30.11972222,78.17388889,25-05-2011 00:00,"",480,"","","","",7.1,"","","","","","","","","","","","","","","","","","","",""
556,Lal tapar,CGWB,5,Uttarakhand,49,Dehradun,Dehradun,RAIPUR,Lal tapar,-,-,-,-,-,-,30.11972222,78.17388889,25-05-2012 00:00,8.41,322,"",8.9,112,106.6,32,"",7,"","","",150,24,21.91,4.9,"","","","","","","","","","",""
557,Lal tapar,CGWB,5,Uttarakhand,49,Dehradun,Dehradun,RAIPUR,Lal tapar,-,-,-,-,-,-,30.11972222,78.17388889,25-05-2013 00:00,7.1,500,"","","","","","","","","","","","","","","","","","","","","","","","",""
558,Lal tapar,CGWB,5,Uttarakhand,49,Dehradun,Dehradun,RAIPUR,Lal tapar,-,-,-,-,-,-,30.11972222,78.17388889,25-05-2014 00:00,7.81,220,"","",85,69.67,21,"",8,"","","",90,16,12,5.5,"","","","","","","","","","",""
559,Lal tapar,CGWB,5,Uttarakhand,49,Dehradun,Dehradun,RAIPUR,Lal tapar,-,-,-,-,-,-,30.11972222,78.17388889,25-05-2015 00:00,8,391,"","",146,119.67,3.5,"",58,"","","",170,4,38,7,"","","","","","","","","","",""
560,Lal tapar,CGWB,5,Uttarakhand,49,Dehradun,Dehradun,RAIPUR,Lal tapar,-,-,-,-,-,-,30.11972222,78.17388889,25-05-2016 00:00,7.9,490,"",0,195,"",14,"",90,"",13,"",260,56,29,6.6,"","","","","","","","","","",""
561,Lal tapar,CGWB,5,Uttarakhand,49,Dehradun,Dehradun,RAIPUR,Lal tapar,-,-,-,-,-,-,30.11972222,78.17388889,25-05-2018 00:00,8.19,420,0,0,140,0,14,"",86,"",20,"",215,44,26,3.3,"",0,0,"","","","","","","",""
562,Lal tapar,CGWB,5,Uttarakhand,49,Dehradun,Dehradun,RAIPUR,Lal tapar,-,-,-,-,-,-,30.11972222,78.17388889,30-05-2022 10:00,8.06,499,"",0,220,"",7,"",65,0,14,"",250,56,26,7.3,"","","","","","","","","","",""
563,Lamachaur (New),CGWB,5,Uttarakhand,51,Nainital,LALKUAN,Lalkuan,Lambachaur,-,-,-,-,-,-,29.22861111,79.41250000,25-05-2000 00:00,8.1,430,"","",244,200,14,"","","","","",155,8,32.83,34,"","","","","","","","","","",""
564,Lamachaur (New),CGWB,5,Uttarakhand,51,Nainital,LALKUAN,Lalkuan,Lambachaur,-,-,-,-,-,-,29.22861111,79.41250000,25-05-2005 00:00,7.8,280,"","",162,132.8,7.1,"",27,"","","",158,23,24.46,7.5,"","","","","","","","","","",""
565,Lamachaur (New),CGWB,5,Uttarakhand,51,Nainital,LALKUAN,Lalkuan,Lambachaur,-,-,-,-,-,-,29.22861111,79.41250000,25-05-2007 00:00,8.17,240,"","",132,108.2,15,"",14,"","","",119,17,18.62,7,"","","","","","","","","","",""
566,Lamachaur (New),CGWB,5,Uttarakhand,51,Nainital,LALKUAN,Lalkuan,Lambachaur,-,-,-,-,-,-,29.22861111,79.41250000,25-05-2009 00:00,8.45,220,"",9.5,109,105.2,7.1,"","","","","",102,11,18.13,6.3,"","","","","","","","","","",""
567,Lamachaur (New),CGWB,5,Uttarakhand,51,Nainital,LALKUAN,Lalkuan,Lambachaur,-,-,-,-,-,-,29.22861111,79.41250000,25-05-2011 00:00,8.2,400,"","",244,200,7.1,"",29,"","","",230,44,29.23,7.4,"","","","","","","","","","",""
568,Lamachaur (New),CGWB,5,Uttarakhand,51,Nainital,LALKUAN,Lalkuan,Lambachaur,-,-,-,-,-,-,29.22861111,79.41250000,25-05-2012 00:00,7.89,297,"","",145,118.9,5,"",14,"","","",137,36,11.47,6.2,"","","","","","","","","","",""
569,Lamachaur (New),CGWB,5,Uttarakhand,51,Nainital,LALKUAN,Lalkuan,Lambachaur,-,-,-,-,-,-,29.22861111,79.41250000,25-05-2014 00:00,8,302,"","",171,140.16,7.1,"",16,"","","",150,32,17,6.9,"","","","","","","","","","",""
570,Lamachaur (New),CGWB,5,Uttarakhand,51,Nainital,LALKUAN,Lalkuan,Lambachaur,-,-,-,-,-,-,29.22861111,79.41250000,25-05-2015 00:00,8,420,"","",44,36.07,11,"",12,"","","",205,70,7.3,7,"","","","","","","","","","",""
571,Lamachaur (New),CGWB,5,Uttarakhand,51,Nainital,LALKUAN,Lalkuan,Lambachaur,-,-,-,-,-,-,29.22861111,79.41250000,30-05-2022 10:00,7.85,481,"",0,268,"",7.1,"",12,0,22,"",240,72,15,4.4,"","","","","","","","","","",""
572,Libhrahedi,CGWB,5,Uttarakhand,50,Haridwar,-,-,-,-,-,-,-,-,-,29.76361100,77.86861100,30-05-2019 08:00,8.16,238,"",0,103.7,"",7.09,"","","",7.35,"",105,33.2,5.28,4.11,"","","","","","","","","","",""
573,Libhrahedi,CGWB,5,Uttarakhand,50,Haridwar,-,-,-,-,-,-,-,-,-,29.76361100,77.86861100,30-05-2020 08:00,8.16,238,"","",103.7,"",7.09,"","","",7.35,"","",33.2,5.28,4.11,"","","","","","","","","","",""
574,Luxmipur,CGWB,5,Uttarakhand,49,Dehradun,-,-,-,-,-,-,-,-,-,30.43777800,77.79000000,30-05-2021 08:00,8.29,2130,1384.5,0,830,"",312,"",99,0.02,"","",160,20,26.752,510,"","","","","","","","","","",""
575,Mahabir Nagar HP,CGWB,5,Uttarakhand,56,UDHAM SINGH NAGAR,Gadarpur,Gadarpur,Mahabir Nagar,-,-,-,-,-,-,29.09250000,79.29305556,25-05-2005 00:00,8.37,490,"",12,162,152.8,14,"",110,"","","",282,14,60.07,7.8,"","","","","","","","","","",""
576,Mahabir Nagar HP,CGWB,5,Uttarakhand,56,UDHAM SINGH NAGAR,Gadarpur,Gadarpur,Mahabir Nagar,-,-,-,-,-,-,29.09250000,79.29305556,25-05-2007 00:00,7.98,486,"","",225,184.4,"","",70,"","","",248,13,52.41,7.3,"","","","","","","","","","",""
577,Mahabir Nagar HP,CGWB,5,Uttarakhand,56,UDHAM SINGH NAGAR,Gadarpur,Gadarpur,Mahabir Nagar,-,-,-,-,-,-,29.09250000,79.29305556,25-05-2008 00:00,8.2,472,"","",220,180.3,7.1,"",56,"","","",250,48,31.67,12,"","","","","","","","","","",""
578,Mahabir Nagar HP,CGWB,5,Uttarakhand,56,UDHAM SINGH NAGAR,Gadarpur,Gadarpur,Mahabir Nagar,-,-,-,-,-,-,29.09250000,79.29305556,25-05-2009 00:00,7.84,512,"","",229,187.7,"","",95,"","","",285,49,39.57,6.8,"","","","","","","","","","",""
579,Mahabir Nagar HP,CGWB,5,Uttarakhand,56,UDHAM SINGH NAGAR,Gadarpur,Gadarpur,Mahabir Nagar,-,-,-,-,-,-,29.09250000,79.29305556,25-05-2011 00:00,8.2,457,"","",207,169.7,7.1,"",62,"","","",230,20,43.79,10,"","","","","","","","","","",""
580,Mahabir Nagar HP,CGWB,5,Uttarakhand,56,UDHAM SINGH NAGAR,Gadarpur,Gadarpur,Mahabir Nagar,-,-,-,-,-,-,29.09250000,79.29305556,25-05-2012 00:00,"",565,"","","","",14,"",75,"","","","",20,45,6,"","","","","","","","","","",""
581,Mahabir Nagar HP,CGWB,5,Uttarakhand,56,UDHAM SINGH NAGAR,Gadarpur,Gadarpur,Mahabir Nagar,-,-,-,-,-,-,29.09250000,79.29305556,25-05-2014 00:00,8.2,490,"","",195,159.84,7.1,"",65,"","","",230,20,44,7.2,"","","","","","","","","","",""
582,Mahabir Nagar HP,CGWB,5,Uttarakhand,56,UDHAM SINGH NAGAR,Gadarpur,Gadarpur,Mahabir Nagar,-,-,-,-,-,-,29.09250000,79.29305556,25-05-2015 00:00,8,650,"","",281,230.33,7.1,"",75,"","","",270,44,39,28,"","","","","","","","","","",""
583,Mahabir Nagar HP,CGWB,5,Uttarakhand,56,UDHAM SINGH NAGAR,Gadarpur,Gadarpur,Mahabir Nagar,-,-,-,-,-,-,29.09250000,79.29305556,25-05-2016 00:00,7.81,730,"","",317,"",14,"",95,"",25,"",350,48,56,8,"","","","","","","","","","",""
584,Majhola HP,CGWB,5,Uttarakhand,56,UDHAM SINGH NAGAR,Jaspur,Jaspur,Majhola,-,-,-,-,-,-,28.83111111,79.89750000,25-05-2008 00:00,8.21,290,"","",149,122.1,7.1,"",28,"","","",147,32,16.33,6.7,"","","","","","","","","","",""
585,Majhola HP,CGWB,5,Uttarakhand,56,UDHAM SINGH NAGAR,Jaspur,Jaspur,Majhola,-,-,-,-,-,-,28.83111111,79.89750000,25-05-2009 00:00,7.83,326,"","",200,163.9,3.2,"",4.4,"","","",164,55,6.51,5.6,"","","","","","","","","","",""
586,Majhola HP,CGWB,5,Uttarakhand,56,UDHAM SINGH NAGAR,Jaspur,Jaspur,Majhola,-,-,-,-,-,-,28.83111111,79.89750000,25-05-2010 00:00,8.4,204,"",6.3,87,81.8,23,"",2,"","","",100,18,13.39,5.4,"","","","","","","","","","",""
587,Majhola HP,CGWB,5,Uttarakhand,56,UDHAM SINGH NAGAR,Jaspur,Jaspur,Majhola,-,-,-,-,-,-,28.83111111,79.89750000,25-05-2014 00:00,7.6,430,"","",220,180.33,7.1,"","","","","",190,60,9.7,9.6,"","","","","","","","","","",""
588,Majhola HP,CGWB,5,Uttarakhand,56,UDHAM SINGH NAGAR,Jaspur,Jaspur,Majhola,-,-,-,-,-,-,28.83111111,79.89750000,25-05-2015 00:00,8,470,"","",281,230.33,7.1,"",4.5,"","","",220,68,12,8,"","","","","","","","","","",""
589,Majhola HP,CGWB,5,Uttarakhand,56,UDHAM SINGH NAGAR,Jaspur,Jaspur,Majhola,-,-,-,-,-,-,28.83111111,79.89750000,25-05-2016 00:00,7.94,555,"","",299,"",21,"",7.2,"",22,"",270,80,17,8,"","","","","","","","","","",""
590,Majra,CGWB,5,Uttarakhand,49,Dehradun,Rishikesh,DOIWALA,Majra,-,-,-,-,-,-,30.29222222,78.00305556,25-05-2000 00:00,8,490,"","",195,159.8,28,"",216,"","","",160,16,5,16,"","","","","","","","","","",""
591,Majra,CGWB,5,Uttarakhand,49,Dehradun,Rishikesh,DOIWALA,Majra,-,-,-,-,-,-,30.29222222,78.00305556,25-05-2001 00:00,8,698,"","",98,"",28,"",221,"","","",310,52,44,16,"","","","","","","","","","",""
592,Majra,CGWB,5,Uttarakhand,49,Dehradun,Rishikesh,DOIWALA,Majra,-,-,-,-,-,-,30.29222222,78.00305556,25-05-2003 00:00,7.45,550,"","",112,91.8,32,"",112,"","","",259,30,44.77,13,"","","","","","","","","","",""
593,Majra,CGWB,5,Uttarakhand,49,Dehradun,Rishikesh,DOIWALA,Majra,-,-,-,-,-,-,30.29222222,78.00305556,25-05-2004 00:00,"",688,"","","","",21,"","","","","",160,16,5,"","","","","","","","","","","",""
594,Majra,CGWB,5,Uttarakhand,49,Dehradun,Rishikesh,DOIWALA,Majra,-,-,-,-,-,-,30.29222222,78.00305556,25-05-2009 00:00,8.2,799,"","",207,"",28,"",221,"","","",440,84,56,13,"","","","","","","","","","",""
595,Majra,CGWB,5,Uttarakhand,49,Dehradun,Rishikesh,DOIWALA,Majra,-,-,-,-,-,-,30.29222222,78.00305556,25-05-2011 00:00,8.18,470,"","",108,88.5,28,"",95,"","","",215,33,32.26,11,"","","","","","","","","","",""
596,Majra,CGWB,5,Uttarakhand,49,Dehradun,Rishikesh,DOIWALA,Majra,-,-,-,-,-,-,30.29222222,78.00305556,25-05-2012 00:00,6.6,800,"","","","","","","","","","","","","","","","","","","","","","","","",""
597,Majra,CGWB,5,Uttarakhand,49,Dehradun,Rishikesh,DOIWALA,Majra,-,-,-,-,-,-,30.29222222,78.00305556,25-05-2013 00:00,8.13,643,"","",293,"",14,"",98,"","","",350,16,74,11,"","","","","","","","","","",""
598,Majra,CGWB,5,Uttarakhand,49,Dehradun,Rishikesh,DOIWALA,Majra,-,-,-,-,-,-,30.29222222,78.00305556,25-05-2014 00:00,7.86,900,"","",317,259.84,14,"",28,"","","",400,92,41,14,"","","","","","","","","","",""
599,Majra,CGWB,5,Uttarakhand,49,Dehradun,Rishikesh,DOIWALA,Majra,-,-,-,-,-,-,30.29222222,78.00305556,25-05-2015 00:00,8,541,"","",195,159.84,7,"",109,"","","",250,76,14,14,"","","","","","","","","","",""
600,Majra,CGWB,5,Uttarakhand,49,Dehradun,Rishikesh,DOIWALA,Majra,-,-,-,-,-,-,30.29222222,78.00305556,25-05-2016 00:00,7.8,550,"",0,195,"",21,"",137,"",16,"",260,48,34,13.6,"","","","","","","","","","",""
601,Majra,CGWB,5,Uttarakhand,49,Dehradun,Rishikesh,DOIWALA,Majra,-,-,-,-,-,-,30.29222222,78.00305556,25-05-2018 00:00,8.47,438,0,18,73,0,36,"",87,"",23,"",230,20,44,11,"",0,0,"","","","","","","",""
602,Majra,CGWB,5,Uttarakhand,49,Dehradun,Rishikesh,DOIWALA,Majra,-,-,-,-,-,-,30.29222222,78.00305556,30-05-2019 08:00,7.66,724,"",0,231.8,"",14.18,"","","",9.65,"",335,50.8,49.92,12.42,"","","","","","","","","","",""
603,Majra,CGWB,5,Uttarakhand,49,Dehradun,Rishikesh,DOIWALA,Majra,-,-,-,-,-,-,30.29222222,78.00305556,30-05-2020 08:00,7.66,724,"","",231.8,"",14.18,"","","",9.65,"","",50.8,49.92,12.42,"","","","","","","","","","",""
604,Majra,CGWB,5,Uttarakhand,49,Dehradun,Rishikesh,DOIWALA,Majra,-,-,-,-,-,-,30.29222222,78.00305556,30-05-2022 10:00,7.69,841,"",0,354,"",43,"",36,0,16,"",390,74,49,13,"","","","","","","","","","",""
605,Maldeota,CGWB,5,Uttarakhand,49,Dehradun,-,-,-,-,-,-,-,-,-,30.34388900,78.12027800,30-05-2021 08:00,8.45,5890,3828.5,84,1684,"",893,"",520,0.2,"","",100,8,19.456,1500,"","","","","","","","","","",""
606,Maldhan Colony 1,CGWB,5,Uttarakhand,51,Nainital,Ramnagar,Ramnagar,Maldhan Colony No One,-,-,-,-,-,-,29.31666667,78.98333333,30-05-2022 10:00,7.94,498,"",0,305,"",7.1,"",6.4,0,22,"",240,56,24,16,"","","","","","","","","","",""
607,Mehragaon (Someshwar),CGWB,5,Uttarakhand,45,Almora,-,-,-,-,-,-,-,-,-,29.78027800,79.60722200,30-05-2021 08:00,7.29,5900,3835,0,354,"",908,"",770,0,"","",1200,172,187.264,782,"","","","","","","","","","",""
608,Missarpur,CGWB,5,Uttarakhand,50,Haridwar,Haridwar,BAHADRABAD,Missarpur,-,-,-,-,-,-,29.88722222,78.13500000,25-05-2009 00:00,8.04,565,"","",305,250,21,"",26,"","","",265,70,21.97,18,"","","","","","","","","","",""
609,Missarwala,CGWB,5,Uttarakhand,56,UDHAM SINGH NAGAR,Jaspur,-,-,-,-,-,-,-,-,29.22805600,78.93111100,30-05-2019 08:00,8.06,363,"",0,202.52,"",7.09,"","","",11,"",128,33.2,10.8,23.86,"","","","","","","","","","",""
610,Missarwala,CGWB,5,Uttarakhand,56,UDHAM SINGH NAGAR,Jaspur,-,-,-,-,-,-,-,-,29.22805600,78.93111100,30-05-2020 08:00,8.06,363,"","",202.52,"",7.09,"","","",11,"","",33.2,10.8,23.86,"","","","","","","","","","",""
611,Missarwala,CGWB,5,Uttarakhand,56,UDHAM SINGH NAGAR,Jaspur,-,-,-,-,-,-,-,-,29.22805600,78.93111100,30-05-2021 08:00,7.71,1060,689,0,219,"",176,"",40,0.05,"","",430,98,44.992,45,"","","","","","","","","","",""
612,Motichur,CGWB,5,Uttarakhand,49,Dehradun,Dehradun,RAIPUR,Motichur,-,-,-,-,-,-,30.01250000,78.19388889,25-05-2000 00:00,8,262,"","",171,"",3.6,"",4.8,"","","",130,36,9.7,13,"","","","","","","","","","",""
613,Motichur,CGWB,5,Uttarakhand,49,Dehradun,Dehradun,RAIPUR,Motichur,-,-,-,-,-,-,30.01250000,78.19388889,25-05-2004 00:00,7.9,330,"","",171,140.2,14,"","","","","",140,24,19.48,"","","","","","","","","","","",""
614,Motichur,CGWB,5,Uttarakhand,49,Dehradun,Dehradun,RAIPUR,Motichur,-,-,-,-,-,-,30.01250000,78.19388889,25-05-2006 00:00,8,315,"","",152,124.6,21,"",0,"","","",152,12,29.68,7,"",1.06,"","","","","","","","",""
615,Motichur,CGWB,5,Uttarakhand,49,Dehradun,Dehradun,RAIPUR,Motichur,-,-,-,-,-,-,30.01250000,78.19388889,25-05-2007 00:00,8.11,328,"","",219,179.5,3.5,"","","","","",160,50,8.57,"","","","","","","","","","","",""
616,Motichur,CGWB,5,Uttarakhand,49,Dehradun,Dehradun,RAIPUR,Motichur,-,-,-,-,-,-,30.01250000,78.19388889,25-05-2008 00:00,8.42,342,"",12,169,158.5,6.7,"",4,"","","",148,52,4.44,14,"","","","","","","","","","",""
617,Motichur,CGWB,5,Uttarakhand,49,Dehradun,Dehradun,RAIPUR,Motichur,-,-,-,-,-,-,30.01250000,78.19388889,25-05-2009 00:00,7.85,300,"","",171,140.2,10,"",7,"","","",142,46,6.62,14,"","","","","","","","","","",""
618,Motichur,CGWB,5,Uttarakhand,49,Dehradun,Dehradun,RAIPUR,Motichur,-,-,-,-,-,-,30.01250000,78.19388889,25-05-2010 00:00,7.99,349,"","",223,182.8,7.1,"",1.2,"","","",169,55,7.73,14,"","","","","","","","","","",""
619,Motichur,CGWB,5,Uttarakhand,49,Dehradun,Dehradun,RAIPUR,Motichur,-,-,-,-,-,-,30.01250000,78.19388889,25-05-2011 00:00,"",280,"","","","",11,"","","","","","","","","","","","","","","","","","","",""
620,Motichur,CGWB,5,Uttarakhand,49,Dehradun,Dehradun,RAIPUR,Motichur,-,-,-,-,-,-,30.01250000,78.19388889,25-05-2012 00:00,8.39,230,"",8.9,105,100.9,21,"",0,"","","",144,21,22.27,13,"","","","","","","","","","",""
621,Motichur,CGWB,5,Uttarakhand,49,Dehradun,Dehradun,RAIPUR,Motichur,-,-,-,-,-,-,30.01250000,78.19388889,25-05-2013 00:00,6.6,400,"","","","","","","","","","","","","","","","","","","","","","","","",""
622,Motichur,CGWB,5,Uttarakhand,49,Dehradun,Dehradun,RAIPUR,Motichur,-,-,-,-,-,-,30.01250000,78.19388889,25-05-2015 00:00,8,334,"","",207,169.67,3.5,"",4,"","","",130,40,7.2,23,"","","","","","","","","","",""
623,Motichur,CGWB,5,Uttarakhand,49,Dehradun,Dehradun,RAIPUR,Motichur,-,-,-,-,-,-,30.01250000,78.19388889,25-05-2016 00:00,7.7,500,"",0,132,"",14,"",63,"",21,"",250,60,24,10.6,"","","","","","","","","","",""
624,Mudlana,CGWB,5,Uttarakhand,50,Haridwar,-,-,-,-,-,-,-,-,-,29.74416700,77.91388900,30-05-2019 08:00,7.82,704,"",0,329.4,"",21.27,"","","",13.18,"",284,100.4,7.92,29.65,"","","","","","","","","","",""
625,Mudlana,CGWB,5,Uttarakhand,50,Haridwar,-,-,-,-,-,-,-,-,-,29.74416700,77.91388900,30-05-2020 08:00,7.82,704,"","",329.4,"",21.27,"","","",13.18,"","",100.4,7.92,29.65,"","","","","","","","","","",""
626,Nanak Mata,CGWB,5,Uttarakhand,56,UDHAM SINGH NAGAR,Kashipur,Kashipur,Nanak Mata,-,-,-,-,-,-,28.94750000,79.81305556,25-05-2005 00:00,7.9,400,"","",171,140.2,36,"",10,"","","",160,12,31.62,14,"","","","","","","","","","",""
627,Nanak Mata,CGWB,5,Uttarakhand,56,UDHAM SINGH NAGAR,Kashipur,Kashipur,Nanak Mata,-,-,-,-,-,-,28.94750000,79.81305556,25-05-2006 00:00,7.48,418,"","",249,204.1,7.1,"",6.4,"","","",127,17,20.57,44,"","","","","","","","","","",""
628,Nanak Mata,CGWB,5,Uttarakhand,56,UDHAM SINGH NAGAR,Kashipur,Kashipur,Nanak Mata,-,-,-,-,-,-,28.94750000,79.81305556,25-05-2007 00:00,8.2,455,"","",171,140.2,71,"",29,"","","",210,32,31.65,31,"","","","","","","","","","",""
629,Nanak Mata,CGWB,5,Uttarakhand,56,UDHAM SINGH NAGAR,Kashipur,Kashipur,Nanak Mata,-,-,-,-,-,-,28.94750000,79.81305556,25-05-2009 00:00,7.48,286,"",15,141,140.6,11,"",25,"","","",146,11,28.82,16,"","","","","","","","","","",""
630,Nanak Mata,CGWB,5,Uttarakhand,56,UDHAM SINGH NAGAR,Kashipur,Kashipur,Nanak Mata,-,-,-,-,-,-,28.94750000,79.81305556,25-05-2010 00:00,8.2,391,"","",98,80.3,25,"",23,"","","",145,22,21.91,32.3,"","","","","","","","","","",""
631,Nanak Mata,CGWB,5,Uttarakhand,56,UDHAM SINGH NAGAR,Kashipur,Kashipur,Nanak Mata,-,-,-,-,-,-,28.94750000,79.81305556,25-05-2011 00:00,7.79,418,"","",217,177.9,12,"",25,"","","",174,34,21.68,1,"","","","","","","","","","",""
632,Nanak Mata,CGWB,5,Uttarakhand,56,UDHAM SINGH NAGAR,Kashipur,Kashipur,Nanak Mata,-,-,-,-,-,-,28.94750000,79.81305556,25-05-2012 00:00,"",357,"","","","",14,"",25,"","","","",11,29,16,"","","","","","","","","","",""
633,Nanak Mata,CGWB,5,Uttarakhand,56,UDHAM SINGH NAGAR,Kashipur,Kashipur,Nanak Mata,-,-,-,-,-,-,28.94750000,79.81305556,25-05-2014 00:00,7.84,700,"","",366,300,21,"",28,"","","",240,44,32,41,"","","","","","","","","","",""
634,Nanak Mata,CGWB,5,Uttarakhand,56,UDHAM SINGH NAGAR,Kashipur,Kashipur,Nanak Mata,-,-,-,-,-,-,28.94750000,79.81305556,25-05-2015 00:00,8,417,"","",244,200,7.1,"",6.1,"","","",150,56,2,20,"","","","","","","","","","",""
635,Nanak Mata,CGWB,5,Uttarakhand,56,UDHAM SINGH NAGAR,Kashipur,Kashipur,Nanak Mata,-,-,-,-,-,-,28.94750000,79.81305556,25-05-2016 00:00,7.75,750,"","",342,"",50,"",30,"",24,"",300,52,41,34,"","","","","","","","","","",""
636,Nanak Mata,CGWB,5,Uttarakhand,56,UDHAM SINGH NAGAR,Kashipur,Kashipur,Nanak Mata,-,-,-,-,-,-,28.94750000,79.81305556,30-05-2021 08:00,8.22,2210,1436.5,0,317,"",376,"",270,0.11,"","",350,60,48.64,345,"","","","","","","","","","",""
637,Nanda ki Chauki,CGWB,5,Uttarakhand,49,Dehradun,Dehradun,RAIPUR,Nanda ki Chauki,-,-,-,-,-,-,30.34666667,77.94666667,25-05-2000 00:00,7.7,237,"","",146,"",18,"","","","","",120,38,6.1,11,"","","","","","","","","","",""
638,Nanda ki Chauki,CGWB,5,Uttarakhand,49,Dehradun,Dehradun,RAIPUR,Nanda ki Chauki,-,-,-,-,-,-,30.34666667,77.94666667,25-05-2001 00:00,8.1,272,"","",146,"",14,"",14,"","","",140,36,12,9,"","","","","","","","","","",""
639,Nanda ki Chauki,CGWB,5,Uttarakhand,49,Dehradun,Dehradun,RAIPUR,Nanda ki Chauki,-,-,-,-,-,-,30.34666667,77.94666667,25-05-2002 00:00,"",768,"","","","","","","","","","","","","","","","","","","","","","","","",""
640,Nanda ki Chauki,CGWB,5,Uttarakhand,49,Dehradun,Dehradun,RAIPUR,Nanda ki Chauki,-,-,-,-,-,-,30.34666667,77.94666667,25-05-2004 00:00,7.9,340,"","",122,100,21,"","","","","",120,20,17,"","","","","","","","","","","",""
641,Nanda ki Chauki,CGWB,5,Uttarakhand,49,Dehradun,Dehradun,RAIPUR,Nanda ki Chauki,-,-,-,-,-,-,30.34666667,77.94666667,25-05-2005 00:00,8.2,380,"","",110,90.2,35,"",14,"","","",140,32,14.63,11.8,"","","","","","","","","","",""
642,Nanda ki Chauki,CGWB,5,Uttarakhand,49,Dehradun,Dehradun,RAIPUR,Nanda ki Chauki,-,-,-,-,-,-,30.34666667,77.94666667,25-05-2006 00:00,8,305,"","",134,109.8,28,"",0,"","","",130,12,24.33,12,"","","","","","","","","","",""
643,Nanda ki Chauki,CGWB,5,Uttarakhand,49,Dehradun,Dehradun,RAIPUR,Nanda ki Chauki,-,-,-,-,-,-,30.34666667,77.94666667,25-05-2007 00:00,8.22,351,"","","","","","","","","","",160,56,4.93,"","","","","","","","","","","",""
644,Nanda ki Chauki,CGWB,5,Uttarakhand,49,Dehradun,Dehradun,RAIPUR,Nanda ki Chauki,-,-,-,-,-,-,30.34666667,77.94666667,25-05-2008 00:00,8.41,311,"",12,145,138.9,1.5,"",16,"","","",159,38,15.61,42,"","","","","","","","","","",""
645,Nanda ki Chauki,CGWB,5,Uttarakhand,49,Dehradun,Dehradun,RAIPUR,Nanda ki Chauki,-,-,-,-,-,-,30.34666667,77.94666667,25-05-2009 00:00,7.35,260,"","",108,88.5,20,"",11,"","","",110,36,4.91,21,"","","","","","","","","","",""
646,Nanda ki Chauki,CGWB,5,Uttarakhand,49,Dehradun,Dehradun,RAIPUR,Nanda ki Chauki,-,-,-,-,-,-,30.34666667,77.94666667,25-05-2010 00:00,7.71,250,"","",88,72.1,21,"",15,"","","",100,36,2.48,13,"","","","","","","","","","",""
647,Nanda ki Chauki,CGWB,5,Uttarakhand,49,Dehradun,Dehradun,RAIPUR,Nanda ki Chauki,-,-,-,-,-,-,30.34666667,77.94666667,25-05-2011 00:00,"",350,"","","","",25,"","","","","","","","","","","","","","","","","","","",""
648,Nanda ki Chauki,CGWB,5,Uttarakhand,49,Dehradun,Dehradun,RAIPUR,Nanda ki Chauki,-,-,-,-,-,-,30.34666667,77.94666667,25-05-2012 00:00,8.4,290,"",5.6,72,68.4,49,"",0,"","","",127,30,12.68,7.7,"","","","","","","","","","",""
649,Nanda ki Chauki,CGWB,5,Uttarakhand,49,Dehradun,Dehradun,RAIPUR,Nanda ki Chauki,-,-,-,-,-,-,30.34666667,77.94666667,25-05-2013 00:00,8.13,272,"","",134,"",14,"",10,"","","",130,36,9.6,7.3,"","","","","","","","","","",""
650,Nanda ki Chauki,CGWB,5,Uttarakhand,49,Dehradun,Dehradun,RAIPUR,Nanda ki Chauki,-,-,-,-,-,-,30.34666667,77.94666667,25-05-2014 00:00,8.03,410,"","",159,130.33,36,"",6.7,"","","",160,44,12,16,"","","","","","","","","","",""
651,Nanda ki Chauki,CGWB,5,Uttarakhand,49,Dehradun,Dehradun,RAIPUR,Nanda ki Chauki,-,-,-,-,-,-,30.34666667,77.94666667,25-05-2015 00:00,7,330,"","",159,130.33,14,"",3.6,"","","",130,28,15,15,"","","","","","","","","","",""
652,Nanda ki Chauki,CGWB,5,Uttarakhand,49,Dehradun,Dehradun,RAIPUR,Nanda ki Chauki,-,-,-,-,-,-,30.34666667,77.94666667,25-05-2018 00:00,7.89,1357,0,0,122,0,383,"",11,"",23,"",400,92,41,113,"",0,0,"","","","","","","",""
653,Nanda ki Chauki,CGWB,5,Uttarakhand,49,Dehradun,Dehradun,RAIPUR,Nanda ki Chauki,-,-,-,-,-,-,30.34666667,77.94666667,30-05-2022 10:00,7.72,294,"",0,159,"",11,"",0,0,23,"",130,36,9.6,12,"","","","","","","","","","",""
654,Nanda ki Chowki,CGWB,5,Uttarakhand,49,Dehradun,-,-,-,-,-,-,-,-,-,30.34666700,77.94666700,30-05-2019 08:00,7.26,315,"",0,143.35,"",21.27,"","","",5.41,"",94,9.6,16.8,25.99,"","","","","","","","","","",""
655,Nanda ki Chowki,CGWB,5,Uttarakhand,49,Dehradun,-,-,-,-,-,-,-,-,-,30.34666700,77.94666700,30-05-2020 08:00,7.26,315,"","",143.35,"",21.27,"","","",5.41,"","",9.6,16.8,25.99,"","","","","","","","","","",""
656,Nanda ki Chowki,CGWB,5,Uttarakhand,49,Dehradun,-,-,-,-,-,-,-,-,-,30.34666700,77.94666700,30-05-2021 08:00,8.29,1310,851.5,0,390,"",177,"",54,0.01,"","",170,40,17.024,240,"","","","","","","","","","",""
657,Nanurkhera,CGWB,5,Uttarakhand,49,Dehradun,-,-,-,-,-,-,-,-,-,30.33333300,78.08388900,30-05-2019 08:00,7.74,544,"",0,262.3,"",21.27,"","","",4.71,"",260,43.2,36.48,6,"","","","","","","","","","",""
658,Nanurkhera,CGWB,5,Uttarakhand,49,Dehradun,-,-,-,-,-,-,-,-,-,30.33333300,78.08388900,30-05-2020 08:00,7.74,544,"","",262.3,"",21.27,"","","",4.71,"","",43.2,36.48,6,"","","","","","","","","","",""
659,Nanurkhera,CGWB,5,Uttarakhand,49,Dehradun,-,-,-,-,-,-,-,-,-,30.33333300,78.08388900,30-05-2021 08:00,7.73,1600,1040,0,366,"",290.69,"",78.24,0.7,"","",370,32,70.528,200,"","","","","","","","","","",""
660,Patali Malla,CGWB,5,Uttarakhand,45,Almora,RANIKHET,-,-,-,-,-,-,-,-,29.59638889,79.45111111,25-05-2008 00:00,8.2,315,"","",159,130.3,14,"",38,"","","",170,36,19.49,10,"","","","","","","","","","",""
661,Patali Malla,CGWB,5,Uttarakhand,45,Almora,RANIKHET,-,-,-,-,-,-,-,-,29.59638889,79.45111111,25-05-2016 00:00,7.91,365,"","",183,"",21,"",10,"",19,"",170,56,7.3,8.8,"","","","","","","","","","",""
662,Patali Malla,CGWB,5,Uttarakhand,45,Almora,RANIKHET,-,-,-,-,-,-,-,-,29.59638889,79.45111111,30-05-2021 08:00,7.51,5430,3529.5,0,219.6,"",1418,"",475,0.33,"","",840,200,82.688,855,"","","","","","","","","","",""
663,Patali Malla,CGWB,5,Uttarakhand,45,Almora,RANIKHET,-,-,-,-,-,-,-,-,29.59638889,79.45111111,30-05-2022 10:00,7.89,322,"",0,158.62,"",14,"",12,0,18,"",140,44,7.3,10,"","","","","","","","","","",""
664,Patali Talla,CGWB,5,Uttarakhand,45,Almora,RANIKHET,-,-,-,-,-,-,-,-,29.57083333,79.47972222,25-05-2012 00:00,8.2,345,"","",159,130.3,14,"",38,"","","",190,52,14.65,10,"","","","","","","","","","",""
665,Patali Talla,CGWB,5,Uttarakhand,45,Almora,RANIKHET,-,-,-,-,-,-,-,-,29.57083333,79.47972222,25-05-2016 00:00,7.79,400,"","",195,"",21,"",10,"",20,"",190,64,7.3,9.6,"","","","","","","","","","",""
666,Patali Talla,CGWB,5,Uttarakhand,45,Almora,RANIKHET,-,-,-,-,-,-,-,-,29.57083333,79.47972222,30-05-2021 08:00,7.92,9340,6071,0,1000,"",1914,"",757,0,"","",1150,120,206.72,1617,"","","","","","","","","","",""
667,Patali Talla,CGWB,5,Uttarakhand,45,Almora,RANIKHET,-,-,-,-,-,-,-,-,29.57083333,79.47972222,30-05-2022 10:00,7.92,440,"",0,183.03,"",14,"",16,0,22,"",190,24,32,9,"","","","","","","","","","",""
668,Patrampur,CGWB,5,Uttarakhand,56,UDHAM SINGH NAGAR,Gadarpur,Gadarpur,Patrampur,-,-,-,-,-,-,29.33166667,78.87833333,25-05-2005 00:00,8.1,363,"",25,183,191.7,12,"",67,"","","",143,12,27.49,28,"","","","","","","","","","",""
669,Patrampur,CGWB,5,Uttarakhand,56,UDHAM SINGH NAGAR,Gadarpur,Gadarpur,Patrampur,-,-,-,-,-,-,29.33166667,78.87833333,25-05-2006 00:00,8.1,600,"","",281,230.3,43,"",67,"","","",320,44,51.11,21,"","","","","","","","","","",""
670,Patrampur,CGWB,5,Uttarakhand,56,UDHAM SINGH NAGAR,Gadarpur,Gadarpur,Patrampur,-,-,-,-,-,-,29.33166667,78.87833333,25-05-2007 00:00,8,900,"","",28,23,142,"",10,"","","",170,20,29.2,92,"","","","","","","","","","",""
671,Patrampur,CGWB,5,Uttarakhand,56,UDHAM SINGH NAGAR,Gadarpur,Gadarpur,Patrampur,-,-,-,-,-,-,29.33166667,78.87833333,25-05-2008 00:00,8.18,934,"","",195,159.8,121,"",56,"","","",270,10,59.58,24,"","","","","","","","","","",""
672,Patrampur,CGWB,5,Uttarakhand,56,UDHAM SINGH NAGAR,Gadarpur,Gadarpur,Patrampur,-,-,-,-,-,-,29.33166667,78.87833333,25-05-2009 00:00,7.78,1060,"","",223,182.8,139,"",75,"","","",322,51,47.35,60,"","","","","","","","","","",""
673,Patrampur,CGWB,5,Uttarakhand,56,UDHAM SINGH NAGAR,Gadarpur,Gadarpur,Patrampur,-,-,-,-,-,-,29.33166667,78.87833333,25-05-2010 00:00,7.82,367,"","",217,177.9,7.1,"","","","","",122,17,19.35,32,"","","","","","","","","","",""
674,Patrampur,CGWB,5,Uttarakhand,56,UDHAM SINGH NAGAR,Gadarpur,Gadarpur,Patrampur,-,-,-,-,-,-,29.33166667,78.87833333,25-05-2011 00:00,"",380,"",37,112,153.5,7.1,"",42,"","","",147,18,24.82,29,"","","","","","","","","","",""
675,Patrampur,CGWB,5,Uttarakhand,56,UDHAM SINGH NAGAR,Gadarpur,Gadarpur,Patrampur,-,-,-,-,-,-,29.33166667,78.87833333,25-05-2014 00:00,8.07,620,"","",354,290.16,21,"",9,"","","",310,44,49,11,"","","","","","","","","","",""
676,Patrampur,CGWB,5,Uttarakhand,56,UDHAM SINGH NAGAR,Gadarpur,Gadarpur,Patrampur,-,-,-,-,-,-,29.33166667,78.87833333,25-05-2016 00:00,8.11,575,"","",329,"",14,"","","",24,"",210,28,34,40,"","","","","","","","","","",""
677,Patrampur,CGWB,5,Uttarakhand,56,UDHAM SINGH NAGAR,Gadarpur,Gadarpur,Patrampur,-,-,-,-,-,-,29.33166667,78.87833333,30-05-2019 08:00,7.93,500,"",0,278.16,"",14.18,"","","",9,"",174,42.8,16.08,34.69,"","","","","","","","","","",""
678,Patrampur,CGWB,5,Uttarakhand,56,UDHAM SINGH NAGAR,Gadarpur,Gadarpur,Patrampur,-,-,-,-,-,-,29.33166667,78.87833333,30-05-2020 08:00,7.93,500,"","",278.16,"",14.18,"","","",9,"","",42.8,16.08,34.69,"","","","","","","","","","",""
679,Patrampur,CGWB,5,Uttarakhand,56,UDHAM SINGH NAGAR,Gadarpur,Gadarpur,Patrampur,-,-,-,-,-,-,29.33166667,78.87833333,30-05-2021 08:00,7.77,1200,780,0,201,"",169,"",144,0.06,"","",190,42,20.672,180,"","","","","","","","","","",""
680,Pattar Chatta HP,CGWB,5,Uttarakhand,56,UDHAM SINGH NAGAR,Gadarpur,Gadarpur,Pattar Chatta,-,-,-,-,-,-,29.03055556,79.40805556,25-05-2004 00:00,8.2,276,"","",157,128.7,7.1,"",5,"","","",128,24,16.56,7.2,"","","","","","","","","","",""
681,Pattar Chatta HP,CGWB,5,Uttarakhand,56,UDHAM SINGH NAGAR,Gadarpur,Gadarpur,Pattar Chatta,-,-,-,-,-,-,29.03055556,79.40805556,25-05-2008 00:00,8.1,265,"","",134,109.8,7.1,"",34,"","","",140,20,21.91,8.8,"","","","","","","","","","",""
682,Pattar Chatta HP,CGWB,5,Uttarakhand,56,UDHAM SINGH NAGAR,Gadarpur,Gadarpur,Pattar Chatta,-,-,-,-,-,-,29.03055556,79.40805556,25-05-2009 00:00,7.95,265,"","",151,123.8,3.2,"",14,"","","",132,38,9.04,7.4,"","","","","","","","","","",""
683,Pattar Chatta HP,CGWB,5,Uttarakhand,56,UDHAM SINGH NAGAR,Gadarpur,Gadarpur,Pattar Chatta,-,-,-,-,-,-,29.03055556,79.40805556,25-05-2010 00:00,7.99,281,"","",136,111.5,3.5,"",12,"","","",122,30,11.46,7.1,"","","","","","","","","","",""
684,Pattar Chatta HP,CGWB,5,Uttarakhand,56,UDHAM SINGH NAGAR,Gadarpur,Gadarpur,Pattar Chatta,-,-,-,-,-,-,29.03055556,79.40805556,25-05-2011 00:00,8.34,290,"",12,100,102,14,"",37,"","","",147,18,24.82,8.8,"","","","","","","","","","",""
685,Pattar Chatta HP,CGWB,5,Uttarakhand,56,UDHAM SINGH NAGAR,Gadarpur,Gadarpur,Pattar Chatta,-,-,-,-,-,-,29.03055556,79.40805556,25-05-2012 00:00,"",225,"","","","",10,"",5,"","","","",30,17,7.2,"","","","","","","","","","",""
686,Pattar Chatta HP,CGWB,5,Uttarakhand,56,UDHAM SINGH NAGAR,Gadarpur,Gadarpur,Pattar Chatta,-,-,-,-,-,-,29.03055556,79.40805556,25-05-2014 00:00,7.9,413,"","",232,190.16,7.1,"",17,"","","",190,40,22,8.9,"","","","","","","","","","",""
687,Pattar Chatta HP,CGWB,5,Uttarakhand,56,UDHAM SINGH NAGAR,Gadarpur,Gadarpur,Pattar Chatta,-,-,-,-,-,-,29.03055556,79.40805556,25-05-2015 00:00,8,500,"","",281,230.33,"","",13,"","","",220,64,15,12,"","","","","","","","","","",""
688,Pattar Chatta HP,CGWB,5,Uttarakhand,56,UDHAM SINGH NAGAR,Gadarpur,Gadarpur,Pattar Chatta,-,-,-,-,-,-,29.03055556,79.40805556,25-05-2016 00:00,7.76,440,"","",220,"",21,"",17,"",30,"",200,44,22,9.2,"","","","","","","","","","",""
689,Pattharpui,CGWB,5,Uttarakhand,56,UDHAM SINGH NAGAR,Gadarpur,-,-,-,-,-,-,-,-,29.06888900,79.23444400,30-05-2019 08:00,7.96,513,"",0,253.15,"",7.09,"","","",11,"",220,32,33.6,16.4,"","","","","","","","","","",""
690,Pattharpui,CGWB,5,Uttarakhand,56,UDHAM SINGH NAGAR,Gadarpur,-,-,-,-,-,-,-,-,29.06888900,79.23444400,30-05-2020 08:00,7.96,513,"","",253.15,"",7.09,"","","",11,"","",32,33.6,16.4,"","","","","","","","","","",""
691,Peepal Dhar,CGWB,5,Uttarakhand,45,Almora,-,-,-,-,-,-,-,-,-,29.90694400,79.35472200,30-05-2019 08:00,7.74,350,"",0,112.85,"",35.45,"","","",13,"",125,40.8,5.52,20.65,"","","","","","","","","","",""
692,Peepal Dhar,CGWB,5,Uttarakhand,45,Almora,-,-,-,-,-,-,-,-,-,29.90694400,79.35472200,30-05-2020 08:00,7.74,350,"","",112.85,"",35.45,"","","",13,"","",40.8,5.52,20.65,"","","","","","","","","","",""
693,Peepal Dhar,CGWB,5,Uttarakhand,45,Almora,-,-,-,-,-,-,-,-,-,29.90694400,79.35472200,30-05-2021 08:00,7.83,1190,773.5,0,329.4,"",106.35,"",180,0.01,"","",330,92,24.32,130,"","","","","","","","","","",""
694,Peeru Madara HP,CGWB,5,Uttarakhand,51,Nainital,Ramnagar,Ramnagar,Peeru Madara,-,-,-,-,-,-,29.33638889,79.06333333,25-05-2016 00:00,7.66,550,"","",266,"",14,"",32,"",16,"",270,60,29,8,"","","","","","","","","","",""
695,Peeru Madara HP,CGWB,5,Uttarakhand,51,Nainital,Ramnagar,Ramnagar,Peeru Madara,-,-,-,-,-,-,29.33638889,79.06333333,30-05-2022 10:00,7.83,335,"",0,159,"",7.1,"",18,0,20,"",140,40,9.7,7.9,"","","","","","","","","","",""
696,Pritpur,CGWB,5,Uttarakhand,56,UDHAM SINGH NAGAR,-,-,-,-,-,-,-,-,-,29.19833300,78.11666700,30-05-2019 08:00,8,644,"",0,322.08,"",14.18,"","","",11,"",296,34.8,50.16,10.88,"","","","","","","","","","",""
697,Pritpur,CGWB,5,Uttarakhand,56,UDHAM SINGH NAGAR,-,-,-,-,-,-,-,-,-,29.19833300,78.11666700,30-05-2020 08:00,8,644,"","",322.08,"",14.18,"","","",11,"","",34.8,50.16,10.88,"","","","","","","","","","",""
698,Pritpur,CGWB,5,Uttarakhand,56,UDHAM SINGH NAGAR,-,-,-,-,-,-,-,-,-,29.19833300,78.11666700,30-05-2021 08:00,8.02,6340,4121,0,340,"",850,"",1610,0.13,"","",1080,152,170.24,750,"","","","","","","","","","",""
699,Purukulgaon,CGWB,5,Uttarakhand,49,Dehradun,-,-,-,-,-,-,-,-,-,30.41027800,78.06666700,30-05-2021 08:00,7.62,2600,1690,0,232,"",674,"",86,0.01,"","",560,116,65.664,340,"","","","","","","","","","",""
700,Ramgarh,CGWB,5,Uttarakhand,49,Dehradun,Dehradun,RAIPUR,Ramgarh,-,-,-,-,-,-,30.33138889,77.88194444,25-05-2000 00:00,7.8,212,"","",98,"",11,"",18,"","","",100,24,9.7,6.6,"","","","","","","","","","",""
701,Ramgarh,CGWB,5,Uttarakhand,49,Dehradun,Dehradun,RAIPUR,Ramgarh,-,-,-,-,-,-,30.33138889,77.88194444,25-05-2001 00:00,8.1,264,"","",110,"",14,"",38,"","","",140,36,12,7,"","","","","","","","","","",""
702,Ramgarh,CGWB,5,Uttarakhand,49,Dehradun,Dehradun,RAIPUR,Ramgarh,-,-,-,-,-,-,30.33138889,77.88194444,25-05-2004 00:00,8,320,"","","","",14,"","","","","","","","","","","","","","","","","","","",""
703,Ramgarh,CGWB,5,Uttarakhand,49,Dehradun,Dehradun,RAIPUR,Ramgarh,-,-,-,-,-,-,30.33138889,77.88194444,25-05-2005 00:00,8.2,336,"","",85,69.7,21,"",24,"","","",120,28,12.19,9.6,"","","","","","","","","","",""
704,Ramgarh,CGWB,5,Uttarakhand,49,Dehradun,Dehradun,RAIPUR,Ramgarh,-,-,-,-,-,-,30.33138889,77.88194444,25-05-2007 00:00,8.01,336,"","",30.5,25,18,"","","","","",140,42,8.56,"","","","","","","","","","","",""
705,Ramgarh,CGWB,5,Uttarakhand,49,Dehradun,Dehradun,RAIPUR,Ramgarh,-,-,-,-,-,-,30.33138889,77.88194444,25-05-2008 00:00,8.42,571,"",12,242,218.4,19,"",36,"","","",159,46,10.75,65,"","","","","","","","","","",""
706,Ramgarh,CGWB,5,Uttarakhand,49,Dehradun,Dehradun,RAIPUR,Ramgarh,-,-,-,-,-,-,30.33138889,77.88194444,25-05-2009 00:00,7.98,440,"","",140,114.8,30,"",28,"","","",187,49,15.74,20,"","","","","","","","","","",""
707,Ramgarh,CGWB,5,Uttarakhand,49,Dehradun,Dehradun,RAIPUR,Ramgarh,-,-,-,-,-,-,30.33138889,77.88194444,25-05-2010 00:00,7.28,358,"","",124,101.6,19,"",18,"","","",148,44,9.29,12,"","","","","","","","","","",""
708,Ramgarh,CGWB,5,Uttarakhand,49,Dehradun,Dehradun,RAIPUR,Ramgarh,-,-,-,-,-,-,30.33138889,77.88194444,25-05-2011 00:00,"",290,"","","","",14,"","","","","","","","","","","","","","","","","","","",""
709,Ramgarh,CGWB,5,Uttarakhand,49,Dehradun,Dehradun,RAIPUR,Ramgarh,-,-,-,-,-,-,30.33138889,77.88194444,25-05-2012 00:00,7.73,390,"","",143,117.2,21,"",45,"","","",195,37,24.97,5.5,"","","","","","","","","","",""
710,Ramgarh,CGWB,5,Uttarakhand,49,Dehradun,Dehradun,RAIPUR,Ramgarh,-,-,-,-,-,-,30.33138889,77.88194444,25-05-2013 00:00,7.98,401,"","",183,"",18,"",40,"","","",210,36,29,6.8,"","","","","","","","","","",""
711,Ramgarh,CGWB,5,Uttarakhand,49,Dehradun,Dehradun,RAIPUR,Ramgarh,-,-,-,-,-,-,30.33138889,77.88194444,25-05-2015 00:00,8,482,"","",256,209.84,7,"",41,"","","",250,56,26,9,"","","","","","","","","","",""
712,Ramgarh,CGWB,5,Uttarakhand,49,Dehradun,Dehradun,RAIPUR,Ramgarh,-,-,-,-,-,-,30.33138889,77.88194444,25-05-2016 00:00,7.5,556,"",0,207,"",28,"",75,"",15,"",280,72,24,9,"","","","","","","","","","",""
713,Ramgarh,CGWB,5,Uttarakhand,49,Dehradun,Dehradun,RAIPUR,Ramgarh,-,-,-,-,-,-,30.33138889,77.88194444,30-05-2022 10:00,7.69,768,"",0,311,"",14,"",110,0,24,"",370,100,29,14,"","","","","","","","","","",""
714,Ram Nagar HP,CGWB,5,Uttarakhand,51,Nainital,Ramnagar,Ramnagar,Ram Nagar Hp,-,-,-,-,-,-,29.39472222,79.12722222,30-05-2022 10:00,7.49,524,"",0,293,"",11,"",8.8,0,18,"",240,48,29,14,"","","","","","","","","","",""
715,Rampura,CGWB,5,Uttarakhand,49,Dehradun,Dehradun,RAIPUR,Rampura,-,-,-,-,-,-,30.36972222,77.84416667,25-05-2000 00:00,7.9,150,"","",85,"",3.6,"",22,"","","",75,16,8.5,8.8,"","","","","","","","","","",""
716,Rampura,CGWB,5,Uttarakhand,49,Dehradun,Dehradun,RAIPUR,Rampura,-,-,-,-,-,-,30.36972222,77.84416667,25-05-2004 00:00,7.8,240,"","",122,100,28,"","","","","",120,8,24,"","","","","","","","","","","",""
717,Rampura,CGWB,5,Uttarakhand,49,Dehradun,Dehradun,RAIPUR,Rampura,-,-,-,-,-,-,30.36972222,77.84416667,25-05-2005 00:00,8.2,350,"","",122,100,21,"",14,"","","",140,32,14.63,9.4,"","","","","","","","","","",""
718,Rampura,CGWB,5,Uttarakhand,49,Dehradun,Dehradun,RAIPUR,Rampura,-,-,-,-,-,-,30.36972222,77.84416667,25-05-2006 00:00,7.9,230,"","",122,100,11,"","","","","",100,10,18.25,7,"",2.29,"","","","","","","","",""
719,Rampura,CGWB,5,Uttarakhand,49,Dehradun,Dehradun,RAIPUR,Rampura,-,-,-,-,-,-,30.36972222,77.84416667,25-05-2007 00:00,8.19,174,"","",85,69.7,3.5,"","","","","",85,22,7.32,"","","","","","","","","","","",""
720,Rampura,CGWB,5,Uttarakhand,49,Dehradun,Dehradun,RAIPUR,Rampura,-,-,-,-,-,-,30.36972222,77.84416667,25-05-2008 00:00,8.23,175,"","",96,78.7,3.9,"",2.4,"","","",74,27,1.61,6.5,"","","","","","","","","","",""
721,Rampura,CGWB,5,Uttarakhand,49,Dehradun,Dehradun,RAIPUR,Rampura,-,-,-,-,-,-,30.36972222,77.84416667,25-05-2009 00:00,6.92,175,"","",76,62.3,15,"",15,"","","",84,21,7.68,8,"","","","","","","","","","",""
722,Rampura,CGWB,5,Uttarakhand,49,Dehradun,Dehradun,RAIPUR,Rampura,-,-,-,-,-,-,30.36972222,77.84416667,25-05-2010 00:00,7.62,214,"","",83,68,5.6,"",26,"","","",90,32,2.47,9.6,"","","","","","","","","","",""
723,Rampura,CGWB,5,Uttarakhand,49,Dehradun,Dehradun,RAIPUR,Rampura,-,-,-,-,-,-,30.36972222,77.84416667,25-05-2011 00:00,"",160,"","","","",11,"","","","","","","","","","","","","","","","","","","",""
724,Rampura,CGWB,5,Uttarakhand,49,Dehradun,Dehradun,RAIPUR,Rampura,-,-,-,-,-,-,30.36972222,77.84416667,25-05-2012 00:00,8.25,172,"","",66,54.1,25,"",0,"","","",64,18,4.64,15,"","","","","","","","","","",""
725,Rampura,CGWB,5,Uttarakhand,49,Dehradun,Dehradun,RAIPUR,Rampura,-,-,-,-,-,-,30.36972222,77.84416667,25-05-2013 00:00,8.03,203,"","",98,"",7,"",23,"","","",105,20,13,6.1,"","","","","","","","","","",""
726,Rampura,CGWB,5,Uttarakhand,49,Dehradun,Dehradun,RAIPUR,Rampura,-,-,-,-,-,-,30.36972222,77.84416667,25-05-2015 00:00,8,210,"","",98,80.33,11,"",15,"","","",90,32,2.4,10,"","","","","","","","","","",""
727,Rampura,CGWB,5,Uttarakhand,49,Dehradun,Dehradun,RAIPUR,Rampura,-,-,-,-,-,-,30.36972222,77.84416667,25-05-2018 00:00,7.93,266,0,"",110,0,7.1,"",32,"",31,"",110,28,10,6,"",0,0,"","","","","","","",""
728,Rampura,CGWB,5,Uttarakhand,49,Dehradun,Dehradun,RAIPUR,Rampura,-,-,-,-,-,-,30.36972222,77.84416667,30-05-2022 10:00,7.83,184,"",0,98,"",11,"",0,0,10,"",60,16,4.8,19,"","","","","","","","","","",""
729,Rathora,CGWB,5,Uttarakhand,50,Haridwar,-,-,-,-,-,-,-,-,-,30.00972200,77.93777800,30-05-2019 08:00,7.76,559,"",0,314.76,"",14.18,"","","",10.67,"",214.5,57.6,16.92,29.35,"","","","","","","","","","",""
730,Rathora,CGWB,5,Uttarakhand,50,Haridwar,-,-,-,-,-,-,-,-,-,30.00972200,77.93777800,30-05-2020 08:00,7.76,559,"","",314.76,"",14.18,"","","",10.67,"","",57.6,16.92,29.35,"","","","","","","","","","",""
731,Redapur,CGWB,5,Uttarakhand,49,Dehradun,Dehradun,RAIPUR,Redapur,-,-,-,-,-,-,30.40444444,77.80055556,25-05-2000 00:00,7.6,648,"","",244,"",75,"",64,"","","",240,58,23,69,"","","","","","","","","","",""
732,Redapur,CGWB,5,Uttarakhand,49,Dehradun,Dehradun,RAIPUR,Redapur,-,-,-,-,-,-,30.40444444,77.80055556,25-05-2001 00:00,8.2,155,"","",73,"",7,"",19,"","","",70,12,10,12,"","","","","","","","","","",""
733,Redapur,CGWB,5,Uttarakhand,49,Dehradun,Dehradun,RAIPUR,Redapur,-,-,-,-,-,-,30.40444444,77.80055556,25-05-2002 00:00,"",1600,"","","","","","","","","","","","","","","","","","","","","","","","",""
734,Redapur,CGWB,5,Uttarakhand,49,Dehradun,Dehradun,RAIPUR,Redapur,-,-,-,-,-,-,30.40444444,77.80055556,25-05-2004 00:00,8.1,660,"","",171,140.2,64,"","","","","",180,32,24,"","","","","","","","","","","",""
735,Redapur,CGWB,5,Uttarakhand,49,Dehradun,Dehradun,RAIPUR,Redapur,-,-,-,-,-,-,30.40444444,77.80055556,25-05-2005 00:00,8.21,550,"","",171,140.2,71,"","","","","",165,32,20.71,33,"","","","","","","","","","",""
736,Redapur,CGWB,5,Uttarakhand,49,Dehradun,Dehradun,RAIPUR,Redapur,-,-,-,-,-,-,30.40444444,77.80055556,25-05-2006 00:00,8,425,"","",125,102.5,64,"",0,"","","",110,24,12.19,49,"",1.15,"","","","","","","","",""
737,Redapur,CGWB,5,Uttarakhand,49,Dehradun,Dehradun,RAIPUR,Redapur,-,-,-,-,-,-,30.40444444,77.80055556,25-05-2007 00:00,8.18,99.6,"","",54.9,45,5.3,"","","","","",30,10,1.23,"","","","","","","","","","","",""
738,Redapur,CGWB,5,Uttarakhand,49,Dehradun,Dehradun,RAIPUR,Redapur,-,-,-,-,-,-,30.40444444,77.80055556,25-05-2008 00:00,8.24,111,"","",54,44.3,6.7,"",3.6,"","","",32,8.4,2.68,11,"","","","","","","","","","",""
739,Redapur,CGWB,5,Uttarakhand,49,Dehradun,Dehradun,RAIPUR,Redapur,-,-,-,-,-,-,30.40444444,77.80055556,25-05-2009 00:00,7,80,"","",38,31.2,15,"","","","","",26,8,1.47,12,"","","","","","","","","","",""
740,Redapur,CGWB,5,Uttarakhand,49,Dehradun,Dehradun,RAIPUR,Redapur,-,-,-,-,-,-,30.40444444,77.80055556,25-05-2010 00:00,7.03,126,"","",56,45.9,5.3,"",4,"","","",42,13,2.33,1,"","","","","","","","","","",""
741,Redapur,CGWB,5,Uttarakhand,49,Dehradun,Dehradun,RAIPUR,Redapur,-,-,-,-,-,-,30.40444444,77.80055556,25-05-2011 00:00,"",111,"","","","",7.1,"","","","","","","","","","","","","","","","","","","",""
742,Redapur,CGWB,5,Uttarakhand,49,Dehradun,Dehradun,RAIPUR,Redapur,-,-,-,-,-,-,30.40444444,77.80055556,25-05-2012 00:00,8.29,125,"","",44,36.1,21,"",1,"","","",38,10,3.17,15,"","","","","","","","","","",""
743,Redapur,CGWB,5,Uttarakhand,49,Dehradun,Dehradun,RAIPUR,Redapur,-,-,-,-,-,-,30.40444444,77.80055556,25-05-2013 00:00,7.99,126,"","",73,"",7,"",2.6,"","","",50,8,7.2,8.7,"","","","","","","","","","",""
744,Redapur,CGWB,5,Uttarakhand,49,Dehradun,Dehradun,RAIPUR,Redapur,-,-,-,-,-,-,30.40444444,77.80055556,25-05-2015 00:00,8,112,"","",61,50,3.5,"",3.1,"","","",30,8,2.4,14,"","","","","","","","","","",""
745,Redapur,CGWB,5,Uttarakhand,49,Dehradun,Dehradun,RAIPUR,Redapur,-,-,-,-,-,-,30.40444444,77.80055556,25-05-2016 00:00,7.1,127,"",0,49,"",11,"",3.81,"",36,"",30,8,2.4,12.9,"","","","","","","","","","",""
746,Redapur,CGWB,5,Uttarakhand,49,Dehradun,Dehradun,RAIPUR,Redapur,-,-,-,-,-,-,30.40444444,77.80055556,25-05-2018 00:00,8.19,887,0,"",409,0,89,"",20,"",34,"",300,76,27,83,"",0,0,"","","","","","","",""
747,Redapur,CGWB,5,Uttarakhand,49,Dehradun,Dehradun,RAIPUR,Redapur,-,-,-,-,-,-,30.40444444,77.80055556,30-05-2019 08:00,7.06,107,"",0,43.92,"",7.09,"","","",17.34,"",29,9.6,1.2,11,"","","","","","","","","","",""
748,Redapur,CGWB,5,Uttarakhand,49,Dehradun,Dehradun,RAIPUR,Redapur,-,-,-,-,-,-,30.40444444,77.80055556,30-05-2020 08:00,7.06,107,"","",43.92,"",7.09,"","","",17.34,"","",9.6,1.2,11,"","","","","","","","","","",""
749,Redapur,CGWB,5,Uttarakhand,49,Dehradun,Dehradun,RAIPUR,Redapur,-,-,-,-,-,-,30.40444444,77.80055556,30-05-2021 08:00,7.88,3000,1950,0,268,"",759,"",210,0.01,"","",390,88,41.344,540,"","","","","","","","","","",""
750,Redapur,CGWB,5,Uttarakhand,49,Dehradun,Dehradun,RAIPUR,Redapur,-,-,-,-,-,-,30.40444444,77.80055556,30-05-2022 10:00,7.66,127,"",0,61,"",4,"",5.3,0,35,"",40,8,4.8,12,"","","","","","","","","","",""
751,Rishikesh,CGWB,5,Uttarakhand,49,Dehradun,Dehradun,RAIPUR,Rishikesh,-,-,-,-,-,-,30.10500000,78.29166667,25-05-2000 00:00,7.7,200,"","",98,"",3.6,"",34,"","","",95,20,9.8,9,"","","","","","","","","","",""
752,Rishikesh,CGWB,5,Uttarakhand,49,Dehradun,Dehradun,RAIPUR,Rishikesh,-,-,-,-,-,-,30.10500000,78.29166667,25-05-2002 00:00,8.1,496,"","","","","","","","","","","","","","","","","","","","","","","","",""
753,Rishikesh,CGWB,5,Uttarakhand,49,Dehradun,Dehradun,RAIPUR,Rishikesh,-,-,-,-,-,-,30.10500000,78.29166667,25-05-2004 00:00,7.8,250,"","",122,100,14,"","","","","",100,8,19,"","","","","","","","","","","",""
754,Rishikesh,CGWB,5,Uttarakhand,49,Dehradun,Dehradun,RAIPUR,Rishikesh,-,-,-,-,-,-,30.10500000,78.29166667,25-05-2005 00:00,8.1,496,"","",207,169.7,14,"",24,"","","",200,40,24.36,12,"","","","","","","","","","",""
755,Rishikesh,CGWB,5,Uttarakhand,49,Dehradun,Dehradun,RAIPUR,Rishikesh,-,-,-,-,-,-,30.10500000,78.29166667,25-05-2006 00:00,7.9,330,"","",128,104.9,21,"",10,"","","",90,12,14.6,37,"",4.45,"","","","","","","","",""
756,Rishikesh,CGWB,5,Uttarakhand,49,Dehradun,Dehradun,RAIPUR,Rishikesh,-,-,-,-,-,-,30.10500000,78.29166667,25-05-2007 00:00,8.24,468,"","",214,175.4,21,"","","","","",225,48,25.59,"","","","","","","","","","","",""
757,Rishikesh,CGWB,5,Uttarakhand,49,Dehradun,Dehradun,RAIPUR,Rishikesh,-,-,-,-,-,-,30.10500000,78.29166667,25-05-2008 00:00,8.45,262,"",12,190,175.7,3.9,"",35,"","","",137,34,12.68,5.1,"","","","","","","","","","",""
758,Rishikesh,CGWB,5,Uttarakhand,49,Dehradun,Dehradun,RAIPUR,Rishikesh,-,-,-,-,-,-,30.10500000,78.29166667,25-05-2009 00:00,8.15,380,"","",184,150.8,20,"",38,"","","",181,31,25.2,17,"","","","","","","","","","",""
759,Rishikesh,CGWB,5,Uttarakhand,49,Dehradun,Dehradun,RAIPUR,Rishikesh,-,-,-,-,-,-,30.10500000,78.29166667,25-05-2010 00:00,7.59,281,"","",124,101.6,5.3,"",34,"","","",143,34,14.14,5,"","","","","","","","","","",""
760,Rishikesh,CGWB,5,Uttarakhand,49,Dehradun,Dehradun,RAIPUR,Rishikesh,-,-,-,-,-,-,30.10500000,78.29166667,25-05-2011 00:00,"",327,"","","","",11,"","","","","","","","","","","","","","","","","","","",""
761,Rishikesh,CGWB,5,Uttarakhand,49,Dehradun,Dehradun,RAIPUR,Rishikesh,-,-,-,-,-,-,30.10500000,78.29166667,25-05-2012 00:00,8.47,262,"",8.9,51,56.6,18,"",55,"","","",134,36,10.74,4.4,"","","","","","","","","","",""
762,Rishikesh,CGWB,5,Uttarakhand,49,Dehradun,Dehradun,RAIPUR,Rishikesh,-,-,-,-,-,-,30.10500000,78.29166667,25-05-2013 00:00,7.93,290,"","",122,"",7,"",37,"","","",140,40,9.6,4.8,"","","","","","","","","","",""
763,Rishikesh,CGWB,5,Uttarakhand,49,Dehradun,Dehradun,RAIPUR,Rishikesh,-,-,-,-,-,-,30.10500000,78.29166667,25-05-2014 00:00,7.08,400,"","",159,130.33,14,"",23,"","","",170,40,17,6.9,"","","","","","","","","","",""
764,Rishikesh,CGWB,5,Uttarakhand,49,Dehradun,Dehradun,RAIPUR,Rishikesh,-,-,-,-,-,-,30.10500000,78.29166667,25-05-2015 00:00,8,275,"","",110,90.16,11,"",38,"","","",130,28,14,7,"","","","","","","","","","",""
765,Rishikesh,CGWB,5,Uttarakhand,49,Dehradun,Dehradun,RAIPUR,Rishikesh,-,-,-,-,-,-,30.10500000,78.29166667,25-05-2018 00:00,8.2,320,0,"",146,0,7.1,"",42,"",18,"",160,40,15,3.4,"",0,0,"","","","","","","",""
766,Rishikesh,CGWB,5,Uttarakhand,49,Dehradun,Dehradun,RAIPUR,Rishikesh,-,-,-,-,-,-,30.10500000,78.29166667,30-05-2019 08:00,7.72,320,"",0,111.02,"",14.18,"","","",7.78,"",145,40,10.8,6.98,"","","","","","","","","","",""
767,Rishikesh,CGWB,5,Uttarakhand,49,Dehradun,Dehradun,RAIPUR,Rishikesh,-,-,-,-,-,-,30.10500000,78.29166667,30-05-2020 08:00,7.72,320,"","",111.02,"",14.18,"","","",7.78,"","",40,10.8,6.98,"","","","","","","","","","",""
768,Rishikesh,CGWB,5,Uttarakhand,49,Dehradun,Dehradun,RAIPUR,Rishikesh,-,-,-,-,-,-,30.10500000,78.29166667,30-05-2021 08:00,7.59,1100,715,0,342,"",85,"",136,0.01,"","",380,76,46.208,78,"","","","","","","","","","",""
769,Rishikesh,CGWB,5,Uttarakhand,49,Dehradun,Dehradun,RAIPUR,Rishikesh,-,-,-,-,-,-,30.10500000,78.29166667,30-05-2022 10:00,7.95,413,"",0,177,"",11,"",40,0,18,"",195,50,17,8,"","","","","","","","","","",""
770,Sabhawala,CGWB,5,Uttarakhand,49,Dehradun,Dehradun,RAIPUR,Sabhawala,-,-,-,-,-,-,30.36888889,77.80000000,25-05-2000 00:00,8.2,210,"","",134,"",7,"",5,"","","",110,38,19,9,"","","","","","","","","","",""
771,Sabhawala,CGWB,5,Uttarakhand,49,Dehradun,Dehradun,RAIPUR,Sabhawala,-,-,-,-,-,-,30.36888889,77.80000000,25-05-2001 00:00,"",477,"","",134,"",7.1,"",4.8,"","","",110,12,19,8.6,"","","","","","","","","","",""
772,Sabhawala,CGWB,5,Uttarakhand,49,Dehradun,Dehradun,RAIPUR,Sabhawala,-,-,-,-,-,-,30.36888889,77.80000000,25-05-2003 00:00,8,584,"","",171,140.2,35,"",9.6,"","","",200,48,19.51,16,"","","","","","","","","","",""
773,Sabhawala,CGWB,5,Uttarakhand,49,Dehradun,Dehradun,RAIPUR,Sabhawala,-,-,-,-,-,-,30.36888889,77.80000000,25-05-2005 00:00,8,417,"","",159,130.3,43,"",5,"","","",150,16,26.76,10,"","","","","","","","","","",""
774,Sabhawala,CGWB,5,Uttarakhand,49,Dehradun,Dehradun,RAIPUR,Sabhawala,-,-,-,-,-,-,30.36888889,77.80000000,25-05-2006 00:00,8.04,246,"","",6.1,5,3.5,"",5,"","","",125,30,12.19,10,"","","","","","","","","","",""
775,Sabhawala,CGWB,5,Uttarakhand,49,Dehradun,Dehradun,RAIPUR,Sabhawala,-,-,-,-,-,-,30.36888889,77.80000000,25-05-2007 00:00,8.1,490,"","",153,125.4,20,"",19,"","","",220,60,17.09,19,"","","","","","","","","","",""
776,Sabhawala,CGWB,5,Uttarakhand,49,Dehradun,Dehradun,RAIPUR,Sabhawala,-,-,-,-,-,-,30.36888889,77.80000000,25-05-2009 00:00,"",250,"","","","",7.1,"",19,"","","","",60,17,19,"","","","","","","","","","",""
777,Sabhawala,CGWB,5,Uttarakhand,49,Dehradun,Dehradun,RAIPUR,Sabhawala,-,-,-,-,-,-,30.36888889,77.80000000,25-05-2010 00:00,7.8,287,"","",195,"",7.1,"",14,"","","",160,38,16,10,"","","","","","","","","","",""
778,Sabhawala,CGWB,5,Uttarakhand,49,Dehradun,Dehradun,RAIPUR,Sabhawala,-,-,-,-,-,-,30.36888889,77.80000000,25-05-2011 00:00,6.3,400,"","","","",7.1,"","","","","","","","","","","","","","","","","","","",""
779,Sabhawala,CGWB,5,Uttarakhand,49,Dehradun,Dehradun,RAIPUR,Sabhawala,-,-,-,-,-,-,30.36888889,77.80000000,25-05-2012 00:00,8,442,"","",192,157.4,26,"",16,"","","",201,55,15.51,18,"","","","","","","","","","",""
780,Sabhawala,CGWB,5,Uttarakhand,49,Dehradun,Dehradun,RAIPUR,Sabhawala,-,-,-,-,-,-,30.36888889,77.80000000,25-05-2013 00:00,8.07,322,"","",207,"",7,"",3,"","","",160,40,14,8.6,"","","","","","","","","","",""
781,Sabhawala,CGWB,5,Uttarakhand,49,Dehradun,Dehradun,RAIPUR,Sabhawala,-,-,-,-,-,-,30.36888889,77.80000000,25-05-2015 00:00,8,403,"","",256,209.84,7,"",1.9,"","","",200,2,47,11,"","","","","","","","","","",""
782,Sabhawala,CGWB,5,Uttarakhand,49,Dehradun,Dehradun,RAIPUR,Sabhawala,-,-,-,-,-,-,30.36888889,77.80000000,25-05-2018 00:00,8.5,391,0,18,134,0,21,"",20,"",20,"",180,48,15,6.7,"",0,0,"","","","","","","",""
783,Sabhawala,CGWB,5,Uttarakhand,49,Dehradun,Dehradun,RAIPUR,Sabhawala,-,-,-,-,-,-,30.36888889,77.80000000,30-05-2019 08:00,7.12,360,"",0,122,"",21.27,"","","",7.92,"",132.5,24,17.4,16.08,"","","","","","","","","","",""
784,Sabhawala,CGWB,5,Uttarakhand,49,Dehradun,Dehradun,RAIPUR,Sabhawala,-,-,-,-,-,-,30.36888889,77.80000000,30-05-2020 08:00,7.12,360,"","",122,"",21.27,"","","",7.92,"","",24,17.4,16.08,"","","","","","","","","","",""
785,Sabhawala,CGWB,5,Uttarakhand,49,Dehradun,Dehradun,RAIPUR,Sabhawala,-,-,-,-,-,-,30.36888889,77.80000000,30-05-2021 08:00,8.26,3200,2080,0,1464,"",284,"",154,0.05,"","",170,24,26.752,750,"","","","","","","","","","",""
786,Sabhawala Replacement Well,CGWB,5,Uttarakhand,49,Dehradun,Dehradun,RAIPUR,Sabhawala,-,-,-,-,-,-,30.36888889,77.80000000,30-05-2022 10:00,7.86,455,"",0,159,"",18,"",21,0.54,18,"",160,44,12,17,"","","","","","","","","","",""
787,Salari,CGWB,5,Uttarakhand,51,Nainital,HALDWANI,-,-,-,-,-,-,-,-,29.30833333,79.55333333,25-05-2008 00:00,8.18,210,"","",112,91.8,15,"","","","","",109,35,5.27,3,"","","","","","","","","","",""
788,Salari,CGWB,5,Uttarakhand,51,Nainital,HALDWANI,-,-,-,-,-,-,-,-,29.30833333,79.55333333,25-05-2016 00:00,7.65,290,"","",122,"",28,"",7.4,"",10,"",140,28,17,4,"","","","","","","","","","",""
789,Salari,CGWB,5,Uttarakhand,51,Nainital,HALDWANI,-,-,-,-,-,-,-,-,29.30833333,79.55333333,30-05-2021 08:00,8.11,880,572,0,317,"",57,"",52,0.3,"","",290,67,29.792,67,"","","","","","","","","","",""
790,Salari,CGWB,5,Uttarakhand,51,Nainital,HALDWANI,-,-,-,-,-,-,-,-,29.30833333,79.55333333,30-05-2022 10:00,7.76,353,"",0,195,"",7.1,"",8.7,0,28,"",170,40,17,3.5,"","","","","","","","","","",""
791,Selakui,CGWB,5,Uttarakhand,49,Dehradun,Dehradun,RAIPUR,Selakui,-,-,-,-,-,-,30.35361111,77.86333333,25-05-2000 00:00,7.8,422,"","",195,"",18,"",65,"","","",170,44,15,38,"","","","","","","","","","",""
792,Selakui,CGWB,5,Uttarakhand,49,Dehradun,Dehradun,RAIPUR,Selakui,-,-,-,-,-,-,30.35361111,77.86333333,25-05-2001 00:00,8.1,160,"","",73,"",7,"",22,"","","",70,12,10,13,"","","","","","","","","","",""
793,Selakui,CGWB,5,Uttarakhand,49,Dehradun,Dehradun,RAIPUR,Selakui,-,-,-,-,-,-,30.35361111,77.86333333,25-05-2004 00:00,7.8,174,"","",73,59.8,14,"","","","","",60,8,10,"","","","","","","","","","","",""
794,Selakui,CGWB,5,Uttarakhand,49,Dehradun,Dehradun,RAIPUR,Selakui,-,-,-,-,-,-,30.35361111,77.86333333,25-05-2005 00:00,8.1,190,"","",73,59.8,14,"",9.6,"","","",70,12,9.74,12,"","","","","","","","","","",""
795,Selakui,CGWB,5,Uttarakhand,49,Dehradun,Dehradun,RAIPUR,Selakui,-,-,-,-,-,-,30.35361111,77.86333333,25-05-2006 00:00,7.8,125,"","",30,24.6,28,"","","","","",30,8,2.44,5,"","","","","","","","","","",""
796,Selakui,CGWB,5,Uttarakhand,49,Dehradun,Dehradun,RAIPUR,Selakui,-,-,-,-,-,-,30.35361111,77.86333333,25-05-2007 00:00,8.17,366,"","",109.8,90,23,"","","","","",160,42,13.42,"","","","","","","","","","","",""
797,Selakui,CGWB,5,Uttarakhand,49,Dehradun,Dehradun,RAIPUR,Selakui,-,-,-,-,-,-,30.35361111,77.86333333,25-05-2008 00:00,8.4,152,"","",54,54.3,6.7,"",7.6,"","","",53,15,3.79,11,"","","","","","","","","","",""
798,Selakui,CGWB,5,Uttarakhand,49,Dehradun,Dehradun,RAIPUR,Selakui,-,-,-,-,-,-,30.35361111,77.86333333,25-05-2009 00:00,6.95,175,"","",82,67.2,10,"",3,"","","",65,18,4.88,14,"","","","","","","","","","",""
799,Selakui,CGWB,5,Uttarakhand,49,Dehradun,Dehradun,RAIPUR,Selakui,-,-,-,-,-,-,30.35361111,77.86333333,25-05-2010 00:00,7.58,146,"","",68,55.7,5.3,"",5.2,"","","",48,15,2.57,12,"","","","","","","","","","",""
800,Selakui,CGWB,5,Uttarakhand,49,Dehradun,Dehradun,RAIPUR,Selakui,-,-,-,-,-,-,30.35361111,77.86333333,25-05-2011 00:00,"",198,"","","","",11,"","","","","","","","","","","","","","","","","","","",""
801,Selakui,CGWB,5,Uttarakhand,49,Dehradun,Dehradun,RAIPUR,Selakui,-,-,-,-,-,-,30.35361111,77.86333333,25-05-2012 00:00,8.15,188,"","",66,54.1,25,"",5,"","","",59,21,1.61,23,"","","","","","","","","","",""
802,Selakui,CGWB,5,Uttarakhand,49,Dehradun,Dehradun,RAIPUR,Selakui,-,-,-,-,-,-,30.35361111,77.86333333,25-05-2013 00:00,8.06,214,"","",73,"",7,"",19,"","","",80,24,4.8,11,"","","","","","","","","","",""
803,Selakui,CGWB,5,Uttarakhand,49,Dehradun,Dehradun,RAIPUR,Selakui,-,-,-,-,-,-,30.35361111,77.86333333,25-05-2014 00:00,7.42,280,"","",85,69.67,21,"",17,"","","",100,16,15,13,"","","","","","","","","","",""
804,Selakui,CGWB,5,Uttarakhand,49,Dehradun,Dehradun,RAIPUR,Selakui,-,-,-,-,-,-,30.35361111,77.86333333,25-05-2015 00:00,8,204,"","",98,80.33,3.5,"",15,"","","",80,20,14,14,"","","","","","","","","","",""
805,Selakui,CGWB,5,Uttarakhand,49,Dehradun,Dehradun,RAIPUR,Selakui,-,-,-,-,-,-,30.35361111,77.86333333,25-05-2016 00:00,7.2,201,"",0,73,"",14,"",16.6,"",33,"",80,24,4.8,12.6,"","","","","","","","","","",""
806,Selakui,CGWB,5,Uttarakhand,49,Dehradun,Dehradun,RAIPUR,Selakui,-,-,-,-,-,-,30.35361111,77.86333333,25-05-2018 00:00,8.11,206,0,"",79,0,14,"",15,"",31,"",95,20,11,5.8,"",0,0,"","","","","","","",""
807,Selakui,CGWB,5,Uttarakhand,49,Dehradun,Dehradun,RAIPUR,Selakui,-,-,-,-,-,-,30.35361111,77.86333333,30-05-2019 08:00,7.2,188,"",0,57.34,"",14.18,"","","",12.21,"",66,20,3.84,12.41,"","","","","","","","","","",""
808,Selakui,CGWB,5,Uttarakhand,49,Dehradun,Dehradun,RAIPUR,Selakui,-,-,-,-,-,-,30.35361111,77.86333333,30-05-2020 08:00,7.2,188,"","",57.34,"",14.18,"","","",12.21,"","",20,3.84,12.41,"","","","","","","","","","",""
809,Selakui,CGWB,5,Uttarakhand,49,Dehradun,Dehradun,RAIPUR,Selakui,-,-,-,-,-,-,30.35361111,77.86333333,30-05-2021 08:00,7.63,670,435.5,0,244,"",78,"",2,0.02,"","",100,28,7.296,110,"","","","","","","","","","",""
810,Selakui,CGWB,5,Uttarakhand,49,Dehradun,Dehradun,RAIPUR,Selakui,-,-,-,-,-,-,30.35361111,77.86333333,30-05-2022 10:00,7.63,175,"",0,73,"",11,"",10,0,32,"",60,12,7.2,14,"","","","","","","","","","",""
811,Shahidwala Grant,CGWB,5,Uttarakhand,50,Haridwar,Haridwar,BAHADRABAD,Shahidwala Grant,-,-,-,-,-,-,30.09361111,77.89750000,25-05-2003 00:00,7.46,498,"","",68,55.7,59,"",20,"","","",227,46,27.29,15,"","","","","","","","","","",""
812,Shahidwala Grant,CGWB,5,Uttarakhand,50,Haridwar,Haridwar,BAHADRABAD,Shahidwala Grant,-,-,-,-,-,-,30.09361111,77.89750000,25-05-2007 00:00,8.24,302,"","",133,109,11,"",6.4,"","","",148,46,8.08,5.2,"","","","","","","","","","",""
813,Shahidwala Grant,CGWB,5,Uttarakhand,50,Haridwar,Haridwar,BAHADRABAD,Shahidwala Grant,-,-,-,-,-,-,30.09361111,77.89750000,25-05-2008 00:00,7.97,310,"","",120,98.4,28,"",2,"","","",146,25,20.33,6.2,"","","","","","","","","","",""
814,Shahidwala Grant,CGWB,5,Uttarakhand,50,Haridwar,Haridwar,BAHADRABAD,Shahidwala Grant,-,-,-,-,-,-,30.09361111,77.89750000,25-05-2010 00:00,"",550,"","","","",32,"",20,"","","","",46,27,15,"","","","","","","","","","",""
815,Shahidwala Grant,CGWB,5,Uttarakhand,50,Haridwar,Haridwar,BAHADRABAD,Shahidwala Grant,-,-,-,-,-,-,30.09361111,77.89750000,25-05-2011 00:00,7.85,434,"","",231.8,190,11,"","","","","",225,60,18.31,"","","","","","","","","","","",""
816,Shahidwala Grant,CGWB,5,Uttarakhand,50,Haridwar,Haridwar,BAHADRABAD,Shahidwala Grant,-,-,-,-,-,-,30.09361111,77.89750000,25-05-2012 00:00,6.8,500,"",0,120,"",28,"",2,"","","",146,25,20,6.2,"","","","","","","","","","",""
817,Shahidwala Grant,CGWB,5,Uttarakhand,50,Haridwar,Haridwar,BAHADRABAD,Shahidwala Grant,-,-,-,-,-,-,30.09361111,77.89750000,25-05-2013 00:00,7.95,340,"","",101,82.8,30,"",14,"","","",174,34,21.68,6,"","","","","","","","","","",""
818,Shahidwala Grant,CGWB,5,Uttarakhand,50,Haridwar,Haridwar,BAHADRABAD,Shahidwala Grant,-,-,-,-,-,-,30.09361111,77.89750000,25-05-2014 00:00,7.9,581,"","",329,269.67,7.1,"",6,"","","",300,76,26.84,8.3,"","","","","","","","","","",""
819,Shahidwala Grant,CGWB,5,Uttarakhand,50,Haridwar,Haridwar,BAHADRABAD,Shahidwala Grant,-,-,-,-,-,-,30.09361111,77.89750000,25-05-2016 00:00,7.7,400,"",0,195,"",7.1,"",5.3,"",15,"",190,48,17,8.3,"","","","","","","","","","",""
820,Shahidwala Grant,CGWB,5,Uttarakhand,50,Haridwar,Haridwar,BAHADRABAD,Shahidwala Grant,-,-,-,-,-,-,30.09361111,77.89750000,30-05-2022 10:00,7.62,530,"",0,244,"",11,"",14,0,19,"",235,62,19,13,"","","","","","","","","","",""
821,Shahpur,CGWB,5,Uttarakhand,50,Haridwar,Haridwar,BAHADRABAD,Shahpur,-,-,-,-,-,-,29.80500000,78.13805556,25-05-2000 00:00,"",1340,"","",220,"",28,"",77,"","","",215,34,32,26,"","","","","","","","","","",""
822,Shahpur,CGWB,5,Uttarakhand,50,Haridwar,Haridwar,BAHADRABAD,Shahpur,-,-,-,-,-,-,29.80500000,78.13805556,25-05-2003 00:00,8.54,465,"",24,60,89.2,28,"",70,"","","",166,21,27.62,13,"","","","","","","","","","",""
823,Shahpur,CGWB,5,Uttarakhand,50,Haridwar,Haridwar,BAHADRABAD,Shahpur,-,-,-,-,-,-,29.80500000,78.13805556,25-05-2010 00:00,7.8,511,"","",220,"",28,"",77,"","","",215,34,32,26,"","","","","","","","","","",""
824,Shahpur,CGWB,5,Uttarakhand,50,Haridwar,Haridwar,BAHADRABAD,Shahpur,-,-,-,-,-,-,29.80500000,78.13805556,25-05-2012 00:00,"",630,"","","","",21,"",70,"","","","",21,28,13,"","","","","","","","","","",""
825,Shahpur,CGWB,5,Uttarakhand,50,Haridwar,Haridwar,BAHADRABAD,Shahpur,-,-,-,-,-,-,29.80500000,78.13805556,25-05-2013 00:00,8,323,"","",293,"",21,"",41,"","","",265,48,35,15,"","","","","","","","","","",""
826,Shahpur,CGWB,5,Uttarakhand,50,Haridwar,Haridwar,BAHADRABAD,Shahpur,-,-,-,-,-,-,29.80500000,78.13805556,30-05-2022 10:00,7.68,651,"",0,311,"",18,"",38,0,14,"",280,58,32,12,"","","","","","","","","","",""
827,Shand Khera,CGWB,5,Uttarakhand,56,UDHAM SINGH NAGAR,Kashipur,-,-,-,-,-,-,-,-,29.17555600,79.01361100,30-05-2019 08:00,8,480,"",0,262.3,"",7.09,"","","",10,"",230,41.2,30.48,4.62,"","","","","","","","","","",""
828,Shand Khera,CGWB,5,Uttarakhand,56,UDHAM SINGH NAGAR,Kashipur,-,-,-,-,-,-,-,-,29.17555600,79.01361100,30-05-2020 08:00,8,480,"","",262.3,"",7.09,"","","",10,"","",41.2,30.48,4.62,"","","","","","","","","","",""
829,Shantipuri,CGWB,5,Uttarakhand,56,UDHAM SINGH NAGAR,Gadarpur,Gadarpur,Shantipuri,-,-,-,-,-,-,28.99861111,79.52166667,25-05-2005 00:00,7.7,487,"","",200,163.9,39,"",35,"","","",201,46,20.97,25,"","","","","","","","","","",""
830,Shantipuri,CGWB,5,Uttarakhand,56,UDHAM SINGH NAGAR,Gadarpur,Gadarpur,Shantipuri,-,-,-,-,-,-,28.99861111,79.52166667,25-05-2006 00:00,8.2,414,"","",140,114.8,57,"",42,"","","",155,24,23.13,20,"","","","","","","","","","",""
831,Shantipuri,CGWB,5,Uttarakhand,56,UDHAM SINGH NAGAR,Gadarpur,Gadarpur,Shantipuri,-,-,-,-,-,-,28.99861111,79.52166667,25-05-2007 00:00,8.16,290,"","",124,101.6,7.1,"",30,"","","",135,32,13.41,7.7,"","","","","","","","","","",""
832,Shantipuri,CGWB,5,Uttarakhand,56,UDHAM SINGH NAGAR,Gadarpur,Gadarpur,Shantipuri,-,-,-,-,-,-,28.99861111,79.52166667,25-05-2008 00:00,8.1,400,"","",159,130.3,43,"",48,"","","",195,28,30.43,21,"","","","","","","","","","",""
833,Shantipuri,CGWB,5,Uttarakhand,56,UDHAM SINGH NAGAR,Gadarpur,Gadarpur,Shantipuri,-,-,-,-,-,-,28.99861111,79.52166667,25-05-2010 00:00,"",585,"","","","",97,"",29,"","","","",42,15,21,"","","","","","","","","","",""
834,Shantipuri,CGWB,5,Uttarakhand,56,UDHAM SINGH NAGAR,Gadarpur,Gadarpur,Shantipuri,-,-,-,-,-,-,28.99861111,79.52166667,25-05-2011 00:00,8.28,247,"","",109,89.3,8.9,"",20,"","","",112,26,11.46,5.7,"","","","","","","","","","",""
835,Shantipuri,CGWB,5,Uttarakhand,56,UDHAM SINGH NAGAR,Gadarpur,Gadarpur,Shantipuri,-,-,-,-,-,-,28.99861111,79.52166667,25-05-2012 00:00,7.29,433,"","",209,171.3,7.1,"",29,"","","",169,42,15.61,21,"","","","","","","","","","",""
836,Shantipuri,CGWB,5,Uttarakhand,56,UDHAM SINGH NAGAR,Gadarpur,Gadarpur,Shantipuri,-,-,-,-,-,-,28.99861111,79.52166667,25-05-2014 00:00,8.1,343,"","",183,150,7.1,"",15,"","","",150,48,7.3,7.4,"","","","","","","","","","",""
837,Shantipuri,CGWB,5,Uttarakhand,56,UDHAM SINGH NAGAR,Gadarpur,Gadarpur,Shantipuri,-,-,-,-,-,-,28.99861111,79.52166667,25-05-2015 00:00,8,350,"","",183,150,7.1,"",19,"","","",160,48,10,8,"","","","","","","","","","",""
838,Shantipuri,CGWB,5,Uttarakhand,56,UDHAM SINGH NAGAR,Gadarpur,Gadarpur,Shantipuri,-,-,-,-,-,-,28.99861111,79.52166667,30-05-2019 08:00,8,477,"",0,224.48,"",14.18,"","","",10,"",207,62.4,12.24,13.49,"","","","","","","","","","",""
839,Shantipuri,CGWB,5,Uttarakhand,56,UDHAM SINGH NAGAR,Gadarpur,Gadarpur,Shantipuri,-,-,-,-,-,-,28.99861111,79.52166667,30-05-2020 08:00,8,477,"","",224.48,"",14.18,"","","",10,"","",62.4,12.24,13.49,"","","","","","","","","","",""
840,Shantipuri,CGWB,5,Uttarakhand,56,UDHAM SINGH NAGAR,Gadarpur,Gadarpur,Shantipuri,-,-,-,-,-,-,28.99861111,79.52166667,30-05-2021 08:00,7.44,810,526.5,0,317,"",50,"",62,0.09,"","",240,28,41.344,74,"","","","","","","","","","",""
841,Simalkhet,CGWB,5,Uttarakhand,45,Almora,-,-,-,-,-,-,-,-,-,29.96000000,79.34138900,30-05-2019 08:00,7.74,534,"",0,219.6,"",28.36,"","","",10,"",155,52,6,47.52,"","","","","","","","","","",""
842,Simalkhet,CGWB,5,Uttarakhand,45,Almora,-,-,-,-,-,-,-,-,-,29.96000000,79.34138900,30-05-2020 08:00,7.74,534,"","",219.6,"",28.36,"","","",10,"","",52,6,47.52,"","","","","","","","","","",""
843,Singhniwala,CGWB,5,Uttarakhand,49,Dehradun,Dehradun,RAIPUR,Singhniwala,-,-,-,-,-,-,30.33055556,77.86222222,25-05-2000 00:00,8,499,"","",207,"",7.1,"",122,"","","",300,60,36,8.1,"","","","","","","","","","",""
844,Singhniwala,CGWB,5,Uttarakhand,49,Dehradun,Dehradun,RAIPUR,Singhniwala,-,-,-,-,-,-,30.33055556,77.86222222,25-05-2001 00:00,8.1,425,"","",159,"",14,"",77,"","","",230,48,10,7,"","","","","","","","","","",""
845,Singhniwala,CGWB,5,Uttarakhand,49,Dehradun,Dehradun,RAIPUR,Singhniwala,-,-,-,-,-,-,30.33055556,77.86222222,25-05-2004 00:00,8.2,800,"","",122,100,43,"","","","","",200,40,24,"","","","","","","","","","","",""
846,Singhniwala,CGWB,5,Uttarakhand,49,Dehradun,Dehradun,RAIPUR,Singhniwala,-,-,-,-,-,-,30.33055556,77.86222222,25-05-2005 00:00,8.2,686,"","",232,190.2,14,"",77,"","","",290,68,29.26,8,"","","","","","","","","","",""
847,Singhniwala,CGWB,5,Uttarakhand,49,Dehradun,Dehradun,RAIPUR,Singhniwala,-,-,-,-,-,-,30.33055556,77.86222222,25-05-2006 00:00,8,405,"","",152,124.6,21,"",43,"","","",170,12,34.05,19,"","","","","","","","","","",""
848,Singhniwala,CGWB,5,Uttarakhand,49,Dehradun,Dehradun,RAIPUR,Singhniwala,-,-,-,-,-,-,30.33055556,77.86222222,25-05-2007 00:00,8.07,420,"","",12.2,10,7.1,"","","","","",220,56,19.52,"","",0.549,"","","","","","","","",""
849,Singhniwala,CGWB,5,Uttarakhand,49,Dehradun,Dehradun,RAIPUR,Singhniwala,-,-,-,-,-,-,30.33055556,77.86222222,25-05-2009 00:00,7.88,440,"","",108,88.5,15,"",120,"","","",239,46,30.2,7,"","","","","","","","","","",""
850,Singhniwala,CGWB,5,Uttarakhand,49,Dehradun,Dehradun,RAIPUR,Singhniwala,-,-,-,-,-,-,30.33055556,77.86222222,25-05-2010 00:00,7.76,228,"","",106,86.9,5.3,"",11,"","","",95,27,6.72,9,"","","","","","","","","","",""
851,Singhniwala,CGWB,5,Uttarakhand,49,Dehradun,Dehradun,RAIPUR,Singhniwala,-,-,-,-,-,-,30.33055556,77.86222222,25-05-2011 00:00,"",490,"","","","",14,"","","","","","","","","","","","","","","","","","","",""
852,Singhniwala,CGWB,5,Uttarakhand,49,Dehradun,Dehradun,RAIPUR,Singhniwala,-,-,-,-,-,-,30.33055556,77.86222222,25-05-2012 00:00,7.43,420,"","",96,78.7,21,"",95,"","","",205,33,29.82,5.9,"","","","","","","","","","",""
853,Singhniwala,CGWB,5,Uttarakhand,49,Dehradun,Dehradun,RAIPUR,Singhniwala,-,-,-,-,-,-,30.33055556,77.86222222,30-05-2019 08:00,7.91,588,"",0,255.59,"",14.18,"","","",9.71,"",272.5,47.6,36.84,9.13,"","","","","","","","","","",""
854,Singhniwala,CGWB,5,Uttarakhand,49,Dehradun,Dehradun,RAIPUR,Singhniwala,-,-,-,-,-,-,30.33055556,77.86222222,30-05-2020 08:00,7.91,588,"","",255.59,"",14.18,"","","",9.71,"","",47.6,36.84,9.13,"","","","","","","","","","",""
855,Singhniwala,CGWB,5,Uttarakhand,49,Dehradun,Dehradun,RAIPUR,Singhniwala,-,-,-,-,-,-,30.33055556,77.86222222,30-05-2021 08:00,7.43,1100,715,0,280.6,"",219.79,"",10.08,0.56,"","",330,44,53.504,110,"","","","","","","","","","",""
856,Singhniwala,CGWB,5,Uttarakhand,49,Dehradun,Dehradun,RAIPUR,Singhniwala,-,-,-,-,-,-,30.33055556,77.86222222,30-05-2022 10:00,7.63,699,"",0,268,"",21,"",101,0,21,"",330,78,32,18,"","","","","","","","","","",""
857,Sipahidhara,CGWB,5,Uttarakhand,51,Nainital,HALDWANI,-,-,-,-,-,-,-,-,29.37138889,79.46333333,25-05-2008 00:00,7.69,510,"","",187,153.3,21,"",100,"","","",282,18,57.64,9.1,"","","","","","","","","","",""
858,Sipahidhara,CGWB,5,Uttarakhand,51,Nainital,HALDWANI,-,-,-,-,-,-,-,-,29.37138889,79.46333333,25-05-2016 00:00,8.12,740,"","",293,"",21,"",105,"",8,"",350,56,51,9.4,"","","","","","","","","","",""
859,Sipahidhara,CGWB,5,Uttarakhand,51,Nainital,HALDWANI,-,-,-,-,-,-,-,-,29.37138889,79.46333333,30-05-2022 10:00,7.75,248,"",0,110,"",7.1,"",9.5,0,13,"",100,28,7.3,2.6,"","","","","","","","","","",""
860,Sitaarganj (Abod),CGWB,5,Uttarakhand,56,UDHAM SINGH NAGAR,Kashipur,Kashipur,Sitaarganj,-,-,-,-,-,-,28.92222222,79.70416667,25-05-2001 00:00,7.8,838,"","",116,"",107,"",94,"","","",355,86,34,16,"","","","","","","","","","",""
861,Sitaarganj HP,CGWB,5,Uttarakhand,56,UDHAM SINGH NAGAR,Kashipur,Kashipur,Sitaarganj,-,-,-,-,-,-,28.92222222,79.70416667,25-05-2002 00:00,7.9,450,"","",220,180.3,14,"","","","","",180,16,34.06,"","","","","","","","","","","",""
862,Sitaarganj HP,CGWB,5,Uttarakhand,56,UDHAM SINGH NAGAR,Kashipur,Kashipur,Sitaarganj,-,-,-,-,-,-,28.92222222,79.70416667,25-05-2004 00:00,8.1,271,"","",146,119.7,11,"",40,"","","",130,16,21.9,8.8,"","","","","","","","","","",""
863,Sitaarganj HP,CGWB,5,Uttarakhand,56,UDHAM SINGH NAGAR,Kashipur,Kashipur,Sitaarganj,-,-,-,-,-,-,28.92222222,79.70416667,25-05-2005 00:00,8.2,427,"","",122,100,64,"",9.6,"","","",190,40,21.93,54,"","","","","","","","","","",""
864,Sitaarganj HP,CGWB,5,Uttarakhand,56,UDHAM SINGH NAGAR,Kashipur,Kashipur,Sitaarganj,-,-,-,-,-,-,28.92222222,79.70416667,25-05-2007 00:00,7.91,300,"","",175,143.4,3.2,"",7,"","","",143,27,18.39,9.7,"","","","","","","","","","",""
865,Sitaarganj HP,CGWB,5,Uttarakhand,56,UDHAM SINGH NAGAR,Kashipur,Kashipur,Sitaarganj,-,-,-,-,-,-,28.92222222,79.70416667,25-05-2008 00:00,7.44,263,"","",152,124.6,7.1,"",7,"","","",95,23,9.15,17,"","","","","","","","","","",""
866,Sitaarganj HP,CGWB,5,Uttarakhand,56,UDHAM SINGH NAGAR,Kashipur,Kashipur,Sitaarganj,-,-,-,-,-,-,28.92222222,79.70416667,25-05-2009 00:00,8.31,340,"",12,124,121.6,14,"",1.6,"","","",158,18,27.5,20,"","","","","","","","","","",""
867,Sitaarganj HP,CGWB,5,Uttarakhand,56,UDHAM SINGH NAGAR,Kashipur,Kashipur,Sitaarganj,-,-,-,-,-,-,28.92222222,79.70416667,25-05-2010 00:00,8.31,251,"",6.3,143,127.7,5.3,"",1.6,"","","",102,16,15.09,16,"","","","","","","","","","",""
868,Sitaarganj HP,CGWB,5,Uttarakhand,56,UDHAM SINGH NAGAR,Kashipur,Kashipur,Sitaarganj,-,-,-,-,-,-,28.92222222,79.70416667,25-05-2012 00:00,"",1150,"",6.3,143,"",5.3,"",0,"","","",102,16,14,16,"","","","","","","","","","",""
869,Sitaarganj HP,CGWB,5,Uttarakhand,56,UDHAM SINGH NAGAR,Kashipur,Kashipur,Sitaarganj,-,-,-,-,-,-,28.92222222,79.70416667,25-05-2013 00:00,8.1,989,"","",134,109.8,177,"",9.6,"","","",270,28,48.66,54,"","","","","","","","","","",""
870,Sitaarganj HP,CGWB,5,Uttarakhand,56,UDHAM SINGH NAGAR,Kashipur,Kashipur,Sitaarganj,-,-,-,-,-,-,28.92222222,79.70416667,25-05-2016 00:00,7.84,430,"","",220,"",21,"",5,"",26,"",170,36,19,22,"","","","","","","","","","",""
871,Sitapur HP,CGWB,5,Uttarakhand,51,Nainital,LALKUAN,Lalkuan,Sitapur,-,-,-,-,-,-,29.14472222,79.58944444,25-05-2005 00:00,7.95,298,"","",139,113.9,5,"",21,"","","",143,34,14.14,7.6,"","","","","","","","","","",""
872,Sitapur HP,CGWB,5,Uttarakhand,51,Nainital,LALKUAN,Lalkuan,Sitapur,-,-,-,-,-,-,29.14472222,79.58944444,25-05-2008 00:00,7.65,270,"","",149,122.1,7.1,"",24,"","","",147,23,21.79,8.1,"","","","","","","","","","",""
873,Sitapur HP,CGWB,5,Uttarakhand,51,Nainital,LALKUAN,Lalkuan,Sitapur,-,-,-,-,-,-,29.14472222,79.58944444,25-05-2009 00:00,8.1,275,"","",146,119.7,14,"",14,"","","",150,36,14.63,8.2,"","","","","","","","","","",""
874,Sitapur HP,CGWB,5,Uttarakhand,51,Nainital,LALKUAN,Lalkuan,Sitapur,-,-,-,-,-,-,29.14472222,79.58944444,25-05-2010 00:00,8.42,230,"",6.3,128,115.4,3.5,"",0,"","","",105,19,14,7.2,"","","","","","","","","","",""
875,Sitapur HP,CGWB,5,Uttarakhand,51,Nainital,LALKUAN,Lalkuan,Sitapur,-,-,-,-,-,-,29.14472222,79.58944444,25-05-2012 00:00,8,300,"","",165,135.3,7,"",0,"","","",120,6,25.54,18,"","","","","","","","","","",""
876,Sitarganj (New),CGWB,5,Uttarakhand,56,UDHAM SINGH NAGAR,Kashipur,Kashipur,Sitarganj (Abod),-,-,-,-,-,-,28.92500000,79.71250000,25-05-2004 00:00,7.9,450,"","",220,180.3,14,"","","","","",180,16,39,"","","","","","","","","","","",""
877,Sitarganj (New),CGWB,5,Uttarakhand,56,UDHAM SINGH NAGAR,Kashipur,Kashipur,Sitarganj (Abod),-,-,-,-,-,-,28.92500000,79.71250000,25-05-2014 00:00,7.9,450,"","",268,219.67,7.1,"",8,"","","",8,"",12,26,"","","","","","","","","","",""
878,Sitarganj (New),CGWB,5,Uttarakhand,56,UDHAM SINGH NAGAR,Kashipur,Kashipur,Sitarganj (Abod),-,-,-,-,-,-,28.92500000,79.71250000,25-05-2015 00:00,8,672,"","",342,280.33,28,"",23,"","","",270,56,32,31,"","","","","","","","","","",""
879,Siwalik Hills,CGWB,5,Uttarakhand,49,Dehradun,Rishikesh,DOIWALA,Siwalik Hills,-,-,-,-,-,-,30.23694444,77.96194444,25-05-2000 00:00,7.8,425,"","",293,"",18,"","","","","",250,28,44,8.5,"","","","","","","","","","",""
880,Siwalik Hills,CGWB,5,Uttarakhand,49,Dehradun,Rishikesh,DOIWALA,Siwalik Hills,-,-,-,-,-,-,30.23694444,77.96194444,25-05-2001 00:00,8.1,315,"","",220,"",7,"","","","","",170,12,34,9,"","","","","","","","","","",""
881,Siwalik Hills,CGWB,5,Uttarakhand,49,Dehradun,Rishikesh,DOIWALA,Siwalik Hills,-,-,-,-,-,-,30.23694444,77.96194444,25-05-2004 00:00,7.8,380,"","",195,159.8,14,"","","","","",140,16,24.33,"","","","","","","","","","","",""
882,Siwalik Hills,CGWB,5,Uttarakhand,49,Dehradun,Rishikesh,DOIWALA,Siwalik Hills,-,-,-,-,-,-,30.23694444,77.96194444,25-05-2005 00:00,8.2,409,"","",207,169.7,14,"",4.8,"","","",180,8,38.91,9.4,"","","","","","","","","","",""
883,Siwalik Hills,CGWB,5,Uttarakhand,49,Dehradun,Rishikesh,DOIWALA,Siwalik Hills,-,-,-,-,-,-,30.23694444,77.96194444,25-05-2006 00:00,7.9,345,"","",171,140.2,21,"",5,"","","",150,12,29.19,15,"",3.09,"","","","","","","","",""
884,Siwalik Hills,CGWB,5,Uttarakhand,49,Dehradun,Rishikesh,DOIWALA,Siwalik Hills,-,-,-,-,-,-,30.23694444,77.96194444,25-05-2008 00:00,8.42,319,"",12,181,168.4,3.9,"",1.6,"","","",159,17,28.35,9.2,"","","","","","","","","","",""
885,Tanakpur,CGWB,5,Uttarakhand,48,Champawat,CHAMPAWAT,CHAMPAWAT,Tanakpur,-,-,-,-,-,-,29.09583333,80.08333333,25-05-2003 00:00,7.76,320,"","",162,132.8,14,"",43,"","","",192,18,35.76,8.7,"","","","","","","","","","",""
886,Tanakpur,CGWB,5,Uttarakhand,48,Champawat,CHAMPAWAT,CHAMPAWAT,Tanakpur,-,-,-,-,-,-,29.09583333,80.08333333,25-05-2006 00:00,8.2,405,"","",207,169.7,14,"",48,"","","",230,28,38.94,9.4,"","","","","","","","","","",""
887,Tanakpur,CGWB,5,Uttarakhand,48,Champawat,CHAMPAWAT,CHAMPAWAT,Tanakpur,-,-,-,-,-,-,29.09583333,80.08333333,25-05-2007 00:00,8,580,"","",98,80.3,149,"",40,"","","",200,12,41.35,46,"","","","","","","","","","",""
888,Tanakpur,CGWB,5,Uttarakhand,48,Champawat,CHAMPAWAT,CHAMPAWAT,Tanakpur,-,-,-,-,-,-,29.09583333,80.08333333,25-05-2008 00:00,8.2,267,"","",134,109.8,14,"",40,"","","",140,14,25.55,5.8,"","","","","","","","","","",""
889,Tanakpur,CGWB,5,Uttarakhand,48,Champawat,CHAMPAWAT,CHAMPAWAT,Tanakpur,-,-,-,-,-,-,29.09583333,80.08333333,25-05-2009 00:00,7.53,421,"","",242,198.4,5,"",12,"","","",211,51,20.36,9,"","","","","","","","","","",""
890,Tanakpur,CGWB,5,Uttarakhand,48,Champawat,CHAMPAWAT,CHAMPAWAT,Tanakpur,-,-,-,-,-,-,29.09583333,80.08333333,25-05-2010 00:00,7.97,228,"","",112,91.8,3.5,"",6,"","","",95,21,10.36,8.6,"","","","","","","","","","",""
891,Tanakpur,CGWB,5,Uttarakhand,48,Champawat,CHAMPAWAT,CHAMPAWAT,Tanakpur,-,-,-,-,-,-,29.09583333,80.08333333,25-05-2015 00:00,8,690,"","",342,280.33,14,"",11,"","","",310,68,34,9,"","","","","","","","","","",""
892,Tanakpur,CGWB,5,Uttarakhand,48,Champawat,CHAMPAWAT,CHAMPAWAT,Tanakpur,-,-,-,-,-,-,29.09583333,80.08333333,30-05-2022 10:00,7.48,530,"",0,256,"",14,"",19,0,19,"",240,64,19,10,"","","","","","","","","","",""
893,Tarla Nagal,CGWB,5,Uttarakhand,49,Dehradun,-,-,-,-,-,-,-,-,-,30.37638900,78.09833300,30-05-2019 08:00,7.98,529,"",0,253.76,"",14.18,"","","",6.67,"",255,71.6,18.24,4,"","","","","","","","","","",""
894,Tarla Nagal,CGWB,5,Uttarakhand,49,Dehradun,-,-,-,-,-,-,-,-,-,30.37638900,78.09833300,30-05-2020 08:00,7.98,529,"","",253.76,"",14.18,"","","",6.67,"","",71.6,18.24,4,"","","","","","","","","","",""
895,Tarla Nagal,CGWB,5,Uttarakhand,49,Dehradun,-,-,-,-,-,-,-,-,-,30.37638900,78.09833300,30-05-2021 08:00,8.25,1940,1261,0,854,"",191,"",43,0.01,"","",80,20,7.296,440,"","","","","","","","","","",""
896,Telpura,CGWB,5,Uttarakhand,49,Dehradun,-,-,-,-,-,-,-,-,-,30.31222200,77.97944400,30-05-2021 08:00,7.83,740,481,0,280.6,"",92.17,"",9.6,0.9,"","",260,32,43.776,52,"","","","","","","","","","",""
897,Thanda Banzara,CGWB,5,Uttarakhand,56,UDHAM SINGH NAGAR,Gadarpur,Gadarpur,Thanda Banzara,-,-,-,-,-,-,29.15000000,79.03333333,25-05-2005 00:00,7.94,307,"","",163,133.6,3.2,"",23,"","","",148,34,15.36,9.4,"","","","","","","","","","",""
898,Thanda Banzara,CGWB,5,Uttarakhand,56,UDHAM SINGH NAGAR,Gadarpur,Gadarpur,Thanda Banzara,-,-,-,-,-,-,29.15000000,79.03333333,25-05-2006 00:00,8.1,440,"","",232,190.2,7.1,"",62,"","","",250,52,29.24,10,"","","","","","","","","","",""
899,Thanda Banzara,CGWB,5,Uttarakhand,56,UDHAM SINGH NAGAR,Gadarpur,Gadarpur,Thanda Banzara,-,-,-,-,-,-,29.15000000,79.03333333,25-05-2008 00:00,7.01,316,"","",96,78.7,39,"",23,"","","",137,25,18.14,9.3,"","","","","","","","","","",""
900,Thanda Banzara,CGWB,5,Uttarakhand,56,UDHAM SINGH NAGAR,Gadarpur,Gadarpur,Thanda Banzara,-,-,-,-,-,-,29.15000000,79.03333333,25-05-2009 00:00,7.8,365,"","",177,145.1,14,"",19,"","","",170,8,36.48,10,"","","","","","","","","","",""
901,Timli,CGWB,5,Uttarakhand,49,Dehradun,-,-,-,-,-,-,-,-,-,30.37194400,77.72222200,30-05-2021 08:00,8,2900,1885,0,378,"",603,"",252,0.01,"","",280,52,36.48,580,"","","","","","","","","","",""
902,Trilokpur_1,CGWB,5,Uttarakhand,52,PAURI GARHWAL,-,-,-,-,-,-,-,-,-,29.77861100,78.44305600,30-05-2022 10:00,7.69,455,"",0,256,"",7,"",8.4,0,13,"",205,62,12,9.6,"","","","","","","","","","",""
903,Tukri,CGWB,5,Uttarakhand,56,UDHAM SINGH NAGAR,Sitarganj,-,-,-,-,-,-,-,-,29.01611100,79.79083300,30-05-2021 08:00,8.13,1890,1228.5,0,427,"",305,"",136,0,"","",140,24,19.456,369,"","","","","","","","","","",""
